Term Desc,Subject,Catalog Number,Class Title,Course ID,Primary Instructor Name,Class Section,Class Num,Class Academic Group,Course GPA,# of Students,A+,A,A-,B+,B,B-,C+,C,C-,DFW
2021 Fall,LNGS,7010,Linguistic Theory and Analysis,022535,"Elson,Mark",001,10566,College & Graduate Arts & Sci,3.63,9,0,5,1,0,3,0,0,0,0,0
2021 Fall,SPAN,2010,Intermediate Spanish,035853,"Badang,Germain",017,10826,College & Graduate Arts & Sci,3.66,18,0,5,9,2,2,0,0,0,0,0
2021 Fall,CHEM,2311,Org Chem Lab I Non Chem Major,043154,"Chruma,Jason",016,13555,College & Graduate Arts & Sci,3.79,34,0,22,7,3,1,0,0,1,0,0
2021 Fall,MATH,3250,Ordinary Differential Equatns,023068,"Braga,Bruno",200,10609,College & Graduate Arts & Sci,2.20,28,2,3,5,2,1,2,1,1,1,10
2021 Fall,COMM,3010,Strategy and Systems,006453,"Oliver,Abbie",002,14636,McIntire School of Commerce,3.49,50,0,6,15,26,3,0,0,0,0,0
2021 Fall,BME,4063,Biomed Engr Capstone Design I,004083,"Allen,Timothy",001,15526,Engineering & Applied Science,3.96,127,15,97,14,0,1,0,0,0,0,0
2021 Fall,LAW,6003,Criminal Law,021556,"Coughlin,Anne",3EF,19111,School of Law,3.40,76,1,6,19,33,17,0,0,0,0,0
2021 Fall,COLA,1500,College Advising Seminars,006376,"Dalton,Dave",054,11893,College & Graduate Arts & Sci,4.00,18,3,15,0,0,0,0,0,0,0,0
2021 Fall,ECE,6163,Solid State Devices,007725,"Ghosh,Avik",001,15460,Engineering & Applied Science,3.74,5,1,2,1,0,1,0,0,0,0,0
2021 Fall,DRAM,3652,Production Management,007273,"McLeod,Holly",001,10361,College & Graduate Arts & Sci,3.75,17,7,6,0,0,3,1,0,0,0,0
2021 Fall,COMM,3110,Intermediate Accounting I,006461,"Wang,Bingyun",008,14679,McIntire School of Commerce,3.41,31,1,8,7,4,7,1,3,0,0,0
2021 Fall,EDLF,3150,Intro Chld Growth & Developmnt,009660,"Jirout,Jamie",002,15303,School of Education and HumanDev,3.69,34,2,22,5,1,1,0,2,0,0,1
2021 Fall,EDLF,5310,Data Mgmt Social Science Rsch,042734,"Miller,Luke",1,14930,School of Education and HumanDev,3.57,32,0,15,10,3,1,1,0,0,1,1
2021 Fall,HIUS,3611,Gender & Sexuality in AM-1865,019619,"Janney,Caroline",100,18280,College & Graduate Arts & Sci,3.62,26,0,9,8,7,1,0,1,0,0,0
2021 Fall,COMM,3020,Behavior Issues in Mktg & Mgmt,006454,"Cummiskey,Brendon",006,14639,McIntire School of Commerce,3.45,49,0,10,14,17,3,2,3,0,0,0
2021 Fall,COMM,3020,Behavior Issues in Mktg & Mgmt,006454,"Davis,Derick",004,14642,McIntire School of Commerce,3.49,50,2,8,19,8,9,4,0,0,0,0
2021 Fall,COMM,4710,Intermediate Investments,006538,"Baker,Steven",003,14672,McIntire School of Commerce,3.21,28,0,2,11,5,3,2,1,4,0,0
2021 Fall,EDHS,8680,Cognitive Neuroscience,045948,"Brenner,Laurie",1,15359,School of Education and HumanDev,3.72,5,0,3,0,2,0,0,0,0,0,0
2021 Fall,EDLF,3170,Introduction to Adolescence,044395,"Burris,Pam",1,15113,School of Education and HumanDev,3.72,43,3,22,14,1,0,1,0,1,0,1
2021 Fall,MATH,1320,Calculus II,022954,"Rolf,Jim",200,10595,College & Graduate Arts & Sci,3.07,20,1,3,1,4,4,3,1,3,0,0
2021 Fall,SPAN,2010,Intermediate Spanish,035853,"Jarque,Esperanza Gorriz",006,10836,College & Graduate Arts & Sci,3.54,16,0,3,8,2,1,2,0,0,0,0
2021 Fall,EDHS,2230,Drug Awareness,044847,"Pleszkoch,Elisabeth",1,15166,School of Education and HumanDev,3.86,52,0,41,9,1,0,0,0,0,0,1
2021 Fall,SYS,4021,Linear Statistical Models,036910,"Quinn,Julianne",001,15493,Engineering & Applied Science,3.61,79,14,28,11,5,16,2,1,2,0,0
2021 Fall,ECON,4390,Economics of Advertising,007973,"Anderson,Simon",001,12455,College & Graduate Arts & Sci,3.18,13,1,2,2,3,1,1,1,2,0,0
2021 Fall,LAW,7071,Professional Responsibility,021935,"Mitchell,Paul",1,19219,School of Law,3.57,86,2,17,27,36,3,0,1,0,0,0
2021 Fall,COMM,3010,Strategy and Systems,006453,"Marcel,Jeremy",006,14633,McIntire School of Commerce,3.55,49,3,8,13,23,2,0,0,0,0,0
2021 Fall,CS,3330,Computer Architecture,006902,"Reiss,Charles",001,15436,Engineering & Applied Science,3.23,188,8,52,29,21,29,19,12,5,5,8
2021 Fall,LAW,9298,Appellate Practice,044750,"Stetson,Cate",1,20405,School of Law,3.55,19,0,5,6,4,4,0,0,0,0,0
2021 Fall,CS,6190,Computer Science Perspectives,006996,"Zhang,Aidong",001,15514,Engineering & Applied Science,3.87,86,0,68,6,8,4,0,0,0,0,0
2021 Fall,EDIS,3012,Mindfulness & Development,044838,"Min,Helen",2,15389,School of Education and HumanDev,3.89,28,0,20,6,2,0,0,0,0,0,0
2021 Fall,ENWR,1510,Writing and Critical Inquiry,013432,"Ireland,Casey",036,10903,College & Graduate Arts & Sci,3.62,17,0,4,8,3,2,0,0,0,0,0
2021 Fall,CHEM,1411,Intro College Chem I Lab,005986,"Morkowchuk,Lisa",049,13991,College & Graduate Arts & Sci,3.71,23,10,4,5,0,0,4,0,0,0,0
2021 Fall,SYS,6021,Statistical Modeling I,036958,"Quinn,Julianne",001,15938,Engineering & Applied Science,3.74,22,2,13,1,2,4,0,0,0,0,0
2021 Fall,GDS,3010,Global Development Theory I,039893,"Kruks-Wisner,Gabrielle",001,11041,College & Graduate Arts & Sci,3.77,35,0,20,9,4,1,0,1,0,0,0
2021 Fall,CHEM,2410,Organic Chemistry I,005698,"Frantz,Alicia",300,12464,College & Graduate Arts & Sci,2.89,139,0,18,25,13,29,15,10,14,4,11
2021 Fall,GCOM,7320,Accounting Policy,015399,"Lefanowicz,Craig",1,14714,McIntire School of Commerce,3.58,24,0,6,10,4,3,1,0,0,0,0
2021 Fall,RUSS,2010,Second-Year Russian I,034637,"Stuart,Madelyn",002,10788,College & Graduate Arts & Sci,3.82,10,0,4,6,0,0,0,0,0,0,0
2021 Fall,HR,5020,Staffing and Career Management,019926,"Beckwith,Ronald",701,20374,Continuing & Prof Studies,3.43,7,4,2,0,0,0,0,0,0,0,1
2021 Fall,IT,3350,Agile Project Management,041225,"Vito,Michael",701,20377,Continuing & Prof Studies,2.28,13,1,5,0,0,0,1,0,1,0,5
2021 Fall,EDLF,3220,What is Education For?,044841,"Sung,Jieun",1,20063,School of Education and HumanDev,3.90,23,0,17,5,1,0,0,0,0,0,0
2021 Fall,MATH,1210,A survey of Calculus I,022944,"Aik,Kian cheong",800,10569,College & Graduate Arts & Sci,2.97,34,0,2,14,3,3,6,0,0,3,3
2021 Fall,SOC,3120,Sociology Research Workshop,035380,"Skubby,David",100,10817,College & Graduate Arts & Sci,3.08,74,4,18,16,5,7,5,5,4,4,6
2021 Fall,SPAN,2010,Intermediate Spanish,035853,"Neff,Kate",005,10829,College & Graduate Arts & Sci,3.38,19,0,4,8,2,1,2,0,1,1,0
2021 Fall,ECON,4240,Economics of Immigration,045908,"Mclaren,John",100,14329,College & Graduate Arts & Sci,3.50,50,1,13,15,10,6,3,2,0,0,0
2021 Fall,ARCH,6231,Building Workshop I,040965,"Robles,Ines Martin",001,10037,School of Architecture,3.56,35,0,10,12,6,5,2,0,0,0,0
2021 Fall,ARCH,2710,CAAD 3D Geometrical Mod & Vis,042203,"Mark,Earl",100,10043,School of Architecture,3.64,108,7,39,27,25,9,0,0,0,0,1
2021 Fall,DRAM,1010,How Theatre Works,007177,"Garey,Cady",001,10355,College & Graduate Arts & Sci,3.52,50,0,16,18,7,7,0,0,0,0,2
2021 Fall,SPAN,2020,Advanced Intermediate Spanish,035854,"Garcia,Laura Aguilar",013,11731,College & Graduate Arts & Sci,3.66,17,2,4,8,2,0,0,0,1,0,0
2021 Fall,HIST,3281,Genocide,019169,"Rossman,Jeffrey",100,12708,College & Graduate Arts & Sci,3.51,106,1,30,41,9,16,4,1,3,0,1
2021 Fall,SOC,3730,Creativity and Innovation,046261,"Polillo,Simone",001,19097,College & Graduate Arts & Sci,3.37,34,2,9,7,8,1,2,2,1,2,0
2021 Fall,SPAN,2010,Intermediate Spanish,035853,"Neff,Kate",013,10838,College & Graduate Arts & Sci,3.70,18,0,7,8,1,1,1,0,0,0,0
2021 Fall,COMM,3010,Strategy and Systems,006453,"Oliver,Abbie",001,14630,McIntire School of Commerce,3.53,51,0,5,22,22,2,0,0,0,0,0
2021 Fall,CHEM,2410,Organic Chemistry I,005698,"Hsu,Ku-Lung",400,12242,College & Graduate Arts & Sci,3.14,66,3,6,12,12,14,11,5,2,0,1
2021 Fall,EVSC,4559,New Course: EVSC,039169,"Schiro,Kathleen",001,18253,College & Graduate Arts & Sci,3.62,11,1,4,4,0,1,0,0,1,0,0
2021 Fall,SOC,5420,Social Stratification,035554,"Slez,Adam",001,18358,College & Graduate Arts & Sci,3.74,9,0,4,3,2,0,0,0,0,0,0
2021 Fall,SAST,2050,Classics of Indian Literature,034845,"Cohen,Richard",001,14317,College & Graduate Arts & Sci,3.91,28,10,11,6,1,0,0,0,0,0,0
2021 Fall,EGMT,1520,Empirical Engagement,044513,"Teets,Sarah",203,14492,College & Graduate Arts & Sci,3.95,37,0,35,0,1,1,0,0,0,0,0
2021 Fall,MATH,1210,A survey of Calculus I,022944,"Tralle,Wojciech",940,10575,College & Graduate Arts & Sci,3.17,32,0,1,13,5,5,4,1,1,1,1
2021 Fall,LAW,9081,Trial Advocacy,022023,"McKay,Jordan",3,20444,School of Law,3.59,12,0,1,7,4,0,0,0,0,0,0
2021 Fall,MATH,3310,Basic Real Analysis,023072,"Mazzoli,Filippo",100,10612,College & Graduate Arts & Sci,3.04,23,1,3,2,6,3,4,3,0,0,1
2021 Fall,MUEN,3600,Jazz Ensemble,024586,"Dearth,John",001,10638,College & Graduate Arts & Sci,3.98,15,1,13,1,0,0,0,0,0,0,0
2021 Fall,APMA,2130,Ordinary Differentl Equations,001145,"Spencer,Julie",004,15401,Engineering & Applied Science,3.12,39,1,9,7,8,5,1,1,1,4,2
2021 Fall,SPAN,3010,Grammar and Composition I,035893,"Poveda,Esther",002,10839,College & Graduate Arts & Sci,3.61,18,0,4,10,1,2,1,0,0,0,0
2021 Fall,CHEM,2311,Org Chem Lab I Non Chem Major,043154,"Chruma,Jason",013,13552,College & Graduate Arts & Sci,3.58,36,0,10,14,5,6,1,0,0,0,0
2021 Fall,ITAL,2010,Intermediate Italian I,020567,"Kaneda,Hiromi",002,10542,College & Graduate Arts & Sci,3.95,17,2,12,3,0,0,0,0,0,0,0
2021 Fall,SPAN,2010,Intermediate Spanish,035853,"Segura,Eliud Encarnacion",004,10832,College & Graduate Arts & Sci,3.62,18,0,8,5,2,1,1,1,0,0,0
2021 Fall,CS,2110,Software Development Methods,006871,"Stone,Derrick",002,15430,Engineering & Applied Science,3.74,133,17,73,17,11,8,1,2,3,0,1
2021 Fall,SYS,3055,Sys Engr Design Colloquium I,036905,"Riggs,Robert",001,15517,Engineering & Applied Science,3.95,72,0,65,3,4,0,0,0,0,0,0
2021 Fall,APMA,2130,Ordinary Differentl Equations,001145,"Ryals,Megan",005,15541,Engineering & Applied Science,2.99,24,2,5,1,4,3,3,1,2,2,1
2021 Fall,ENWR,2800,Public Speaking,045101,"Allison,Kiera",002,12887,College & Graduate Arts & Sci,3.89,15,0,13,0,1,1,0,0,0,0,0
2021 Fall,EVGE,5820,Geomorphology,013762,"Limaye,Ajay",100,18196,College & Graduate Arts & Sci,2.91,14,0,2,3,0,6,1,0,0,0,2
2021 Fall,RELJ,3372,German Jewish Cult & History,041370,"Grossman,Jeffrey",001,19681,College & Graduate Arts & Sci,3.57,11,0,4,2,4,0,1,0,0,0,0
2021 Fall,LAW,7626,Oral Presentat Outside Ct (SC),040080,"Shadel,Molly",1,19289,School of Law,3.55,8,0,0,5,3,0,0,0,0,0,0
2021 Fall,MAE,2300,Statics,022574,"Xu,Baoxing",001,15469,Engineering & Applied Science,3.20,58,18,9,5,7,4,1,6,0,1,7
2021 Fall,KINE,3630,Emergency Medical Care,009126,"Thompson,Xavier",1,14909,School of Education and HumanDev,3.87,30,0,24,3,1,1,1,0,0,0,0
2021 Fall,STAT,1601,Intro Data Science with R,045055,"Afriyie,Prince",003,12974,College & Graduate Arts & Sci,3.40,138,0,34,45,26,19,3,1,5,1,4
2021 Fall,MDST,3502,Special Topics in Film Genre,039989,"Marshall,Matthew",001,20517,College & Graduate Arts & Sci,3.89,33,5,22,4,1,0,0,1,0,0,0
2021 Fall,ASL,3450,Comp Linguistics: ASL & Engl,003008,"Jennings-arey,Rhonda",001,13153,College & Graduate Arts & Sci,3.85,17,0,12,3,1,1,0,0,0,0,0
2021 Fall,ENGL,3320,Lit: Restoration/Early 18th C,011641,"Pasanek,Brad",001,18433,College & Graduate Arts & Sci,3.09,11,0,2,3,2,0,0,2,1,1,0
2021 Fall,EDIS,5013,Teaching SEL,045080,"Min,Helen",500,18439,School of Education and HumanDev,3.84,18,0,14,2,0,1,1,0,0,0,0
2021 Fall,JAPN,2010,Second-Year Japanese I,020742,"Sato,Tomomi",002,10548,College & Graduate Arts & Sci,3.24,13,0,4,3,2,1,1,0,0,1,1
2021 Fall,RELC,2360,Elements of Christian Thought,033965,"Jones,Paul",100,12426,College & Graduate Arts & Sci,3.59,81,0,35,28,9,2,3,0,1,0,3
2021 Fall,LAW,7108,Real Est Trans & Litigation,041691,"Arsali,Anthony",1,19295,School of Law,3.54,17,0,1,9,6,1,0,0,0,0,0
2021 Fall,RELI,2070,Classical Islam,034423,"Nair,Shankar",100,12723,College & Graduate Arts & Sci,3.58,62,0,15,31,11,1,3,0,0,0,1
2021 Fall,EDIS,5030,Design Effec Lrn Exp & Environ,009426,"Pease,Jennifer",2,15231,School of Education and HumanDev,3.86,39,10,19,5,4,0,1,0,0,0,0
2021 Fall,HIEU,3321,Scientifc Revolution 1450-1700,018461,"Parshall,Karen",001,13820,College & Graduate Arts & Sci,2.87,20,0,1,7,2,2,2,0,2,2,2
2021 Fall,CS,4740,Cloud Computing,043033,"Magee,Neal",001,20060,Engineering & Applied Science,3.78,119,21,63,14,12,3,1,3,1,1,0
2021 Fall,PORT,2050,Intensive Portuguese,045572,"Feitosa,Lilian",001,14332,College & Graduate Arts & Sci,3.64,12,1,5,2,2,1,1,0,0,0,0
2021 Fall,GCCS,3010,"Global Commerce:Concepts,Cases",045924,"Goldblatt,Laura Emily",001,14394,College & Graduate Arts & Sci,3.49,22,0,5,13,1,1,0,1,0,0,1
2021 Fall,LAW,6002,Contracts,021553,"Hellman,Deborah",1EH,19105,School of Law,3.37,83,0,7,18,39,17,2,0,0,0,0
2021 Fall,PSYC,3420,The Nature Nurture Debate,044985,"Turkheimer,Eric",001,19099,College & Graduate Arts & Sci,2.85,90,0,21,2,9,21,6,1,19,8,3
2021 Fall,MATH,2310,Calculus III,023024,"Uraltsev,Gennady",100,10601,College & Graduate Arts & Sci,3.26,36,4,9,4,9,2,2,1,1,3,1
2021 Fall,HIAF,3112,African Environmental History,044498,"Fleur,James La",001,18304,College & Graduate Arts & Sci,3.92,31,2,23,5,0,1,0,0,0,0,0
2021 Fall,KINE,3601,Musculoskeletal Anatomy Lab I,042824,"Donahue,Catherine",1,14960,School of Education and HumanDev,3.30,22,0,4,8,1,4,2,2,0,1,0
2021 Fall,CS,6762,"SP,ML and Control",046326,"Stankovic,John",001,19690,Engineering & Applied Science,3.97,36,0,34,1,1,0,0,0,0,0,0
2021 Fall,LPPS,6765,Federal and State Budgeting,041544,"Scheppach,Raymond",001,17054,Batten Leadership & Public Pol,3.75,11,0,2,9,0,0,0,0,0,0,0
2021 Fall,LAW,7002,"Agency, Partnership, & LLCs",021600,"Cohen,George",1,19245,School of Law,3.49,47,5,8,9,13,7,5,0,0,0,0
2021 Fall,MATH,1310,Calculus I,022953,"Feller,Matthew",600,10586,College & Graduate Arts & Sci,3.31,27,1,5,6,5,6,2,1,0,0,1
2021 Fall,ENGL,8110,Medieval Trans to Renaissance,012707,"Fowler,Elizabeth",001,18364,College & Graduate Arts & Sci,3.88,5,0,3,2,0,0,0,0,0,0,0
2021 Fall,STS,4500,STS and Engineering Practice,036749,"Seabrook,Bryn",012,15868,Engineering & Applied Science,3.81,35,0,18,16,0,0,0,0,1,0,0
2021 Fall,COMM,3020,Behavior Issues in Mktg & Mgmt,006454,"Davis,Derick",003,14645,McIntire School of Commerce,3.66,51,2,16,22,4,4,3,0,0,0,0
2021 Fall,POL,1210,Intro to Polish Language,032000,"Stepanic,Stanley",001,12959,College & Graduate Arts & Sci,3.67,11,4,3,2,1,0,0,0,0,1,0
2021 Fall,LAR,6710,Design Computation I,045168,"Stranix,Katie",100,10142,School of Architecture,3.36,34,0,1,5,26,2,0,0,0,0,0
2021 Fall,EDLF,3420,Athletics in the University,043147,"Pusser,Brian",1,14979,School of Education and HumanDev,3.68,67,7,35,10,4,5,2,1,2,1,0
2021 Fall,CHEM,5310,Adv Inorganic Chemistry I,005780,"Gunnoe,Thomas",001,12977,College & Graduate Arts & Sci,3.54,13,2,6,0,0,4,0,0,1,0,0
2021 Fall,EVSC,4066,Changing Global Carbon Cycle,045361,"Doney,Scott",001,18259,College & Graduate Arts & Sci,3.80,32,2,17,9,2,1,1,0,0,0,0
2021 Fall,ENTP,1010,Intro to Entrepreneurship,043881,"Etienne,Bevin",002,14723,McIntire School of Commerce,3.87,53,0,36,14,2,0,1,0,0,0,0
2021 Fall,WGS,3611,Gender in the U.S. 1600-1865,041839,"Janney,Caroline",100,19663,College & Graduate Arts & Sci,3.35,31,0,4,10,10,5,0,1,0,0,1
2021 Fall,ECON,3020,Intermediate Macroeconomics,007909,"Young,Eric",300,12254,College & Graduate Arts & Sci,3.06,43,0,8,8,9,5,3,2,4,2,2
2021 Fall,PSYC,2005,Rsch Methods & Data Analysis I,032539,"Clark,Jason",002,13248,College & Graduate Arts & Sci,3.08,159,7,35,30,18,17,18,6,10,7,11
2021 Fall,LAW,8017,Securities Regultn (Law & Bus),021956,"Curtis,Quinn",1,19228,School of Law,3.57,21,0,4,7,10,0,0,0,0,0,0
2021 Fall,CS,1110,Introduction to Programming,006846,"Pettit,Raymond",001,15941,Engineering & Applied Science,3.26,195,8,62,36,20,23,10,9,13,2,12
2021 Fall,COMM,3030,Quantitative & Finan Analysis,006455,"Baglioni,Anthony",004,14652,McIntire School of Commerce,3.30,50,0,12,13,5,6,9,3,1,0,1
2021 Fall,EDIS,3452,Designing Games for Learning,044153,"Chiu,Jennie",1,15072,School of Education and HumanDev,3.94,35,0,32,1,1,1,0,0,0,0,0
2021 Fall,SPAN,3020,Grammar and Composition II,035894,"Sprague,Paula",001,10843,College & Graduate Arts & Sci,3.88,18,0,11,7,0,0,0,0,0,0,0
2021 Fall,SPAN,3300,Texts and Interpretation,035904,"Salado,Benjamin Romero",003,10846,College & Graduate Arts & Sci,3.95,17,3,11,3,0,0,0,0,0,0,0
2021 Fall,STAT,2120,Intro to Statistical Analysis,036655,"Ross,Richard",001,10852,College & Graduate Arts & Sci,3.17,156,0,46,23,18,23,19,9,4,7,7
2021 Fall,KINE,2410,Group Exercise Instruction,043640,"Perkins,Erica",1,15006,School of Education and HumanDev,3.93,18,0,14,4,0,0,0,0,0,0,0
2021 Fall,APMA,3080,Linear Algebra,001151,"Abramenko,Monika",003,15407,Engineering & Applied Science,2.80,43,5,7,4,6,5,2,0,2,5,7
2021 Fall,LAW,7641,Corporate Strategy (SC),040159,"Donovan,Jim",1,20462,School of Law,3.45,28,0,1,9,18,0,0,0,0,0,0
2021 Fall,JAPN,1010,First-Year Japanese I,020740,"Marshall,Tomoko",002,10545,College & Graduate Arts & Sci,2.92,11,0,1,3,2,0,2,0,2,0,1
2021 Fall,ECON,8510,Topics in Growth Theory,008069,"Colmer,Jonathan",001,12953,College & Graduate Arts & Sci,3.72,6,0,3,1,2,0,0,0,0,0,0
2021 Fall,MATH,1190,A Survey of Calc I w Algebra,023387,"Demers,Matthew",200,13009,College & Graduate Arts & Sci,2.33,36,0,0,3,10,4,4,2,3,2,8
2021 Fall,ENWR,1510,Writing and Critical Inquiry,013432,"Shaman,Cory",010,10879,College & Graduate Arts & Sci,3.81,17,2,4,11,0,0,0,0,0,0,0
2021 Fall,APMA,3100,Probability,001152,"Shen,Cong",001,15410,Engineering & Applied Science,2.91,38,0,8,3,2,8,4,5,6,1,1
2021 Fall,SYS,2001,Systems Engineering Concepts,036895,"Bailey,Reid",001,15490,Engineering & Applied Science,3.67,52,1,23,12,10,4,2,0,0,0,0
2021 Fall,EVSC,4080,Quantitative Methods,044994,"Wiberg,Patricia",001,13228,College & Graduate Arts & Sci,3.56,16,0,9,0,1,5,1,0,0,0,0
2021 Fall,SOC,5100,Research Design and Methods,035533,"Greenland,Fiona",001,18352,College & Graduate Arts & Sci,4.00,5,2,3,0,0,0,0,0,0,0,0
2021 Fall,COMM,4710,Intermediate Investments,006538,"Sandas,Patrik",002,14673,McIntire School of Commerce,3.61,38,0,16,5,14,2,0,1,0,0,0
2021 Fall,ANTH,3010,Theory & History Anthropology,000708,"Durham,Deborah",001,10278,College & Graduate Arts & Sci,3.68,28,1,16,5,5,0,0,0,0,0,1
2021 Fall,HEBR,2010,Intermediate Modern Hebrew I,017986,"Gilboa,Zvi",001,11708,College & Graduate Arts & Sci,3.70,13,6,4,1,0,0,1,0,0,1,0
2021 Fall,SLAV,2360,Dracula,035128,"Stepanic,Stanley",001,11723,College & Graduate Arts & Sci,3.90,196,96,65,17,12,5,0,0,1,0,0
2021 Fall,EVSC,3601,Physical Hydrology Laboratory,014095,"Turrietta,Elise",003,12533,College & Graduate Arts & Sci,3.69,12,0,6,2,3,1,0,0,0,0,0
2021 Fall,LATI,1030,Fundamentals of Latin,021105,"Celotto,Giulio",001,10557,College & Graduate Arts & Sci,3.54,18,1,7,5,1,1,0,3,0,0,0
2021 Fall,ENWR,1510,Writing and Critical Inquiry,013432,"Marbut,Kyle",007,10876,College & Graduate Arts & Sci,3.94,18,4,13,0,0,1,0,0,0,0,0
2021 Fall,FREN,3032,"Text, Image, Culture",014358,"Ferguson,Gary",003,11967,College & Graduate Arts & Sci,3.76,12,0,5,5,2,0,0,0,0,0,0
2021 Fall,BME,3080,Biomed IDEAS Lab I,004070,"French,Brent",100,15520,Engineering & Applied Science,3.59,103,3,35,29,18,12,4,1,1,0,0
2021 Fall,LPPP,5559,New Crse: Pub Policy&Leadershp,044864,"Reifsnyder,Daniel",002,20413,Batten Leadership & Public Pol,3.67,14,0,4,6,4,0,0,0,0,0,0
2021 Fall,HIEA,3559,New Course: HIEA,039230,"Seeley,Joseph Andrew",001,18313,College & Graduate Arts & Sci,3.92,30,0,22,8,0,0,0,0,0,0,0
2021 Fall,MATH,1310,Calculus I,022953,"Dutta,Neelav",300,10583,College & Graduate Arts & Sci,3.03,26,0,4,5,5,4,3,0,2,1,2
2021 Fall,AAS,1010,African-Amer & African Stds I,000083,"Vinson,Robert",100,10269,College & Graduate Arts & Sci,3.71,178,0,117,34,7,9,3,1,2,0,5
2021 Fall,PSYC,2700,Intro to Child Psychology,032516,"Lillard,Angeline",001,11519,College & Graduate Arts & Sci,3.28,330,0,152,47,37,11,25,16,8,8,26
2021 Fall,MSE,2090,Intro to Materials Science,024402,"Balachandran,Prasanna",001,15484,Engineering & Applied Science,3.73,66,3,28,25,3,5,1,0,1,0,0
2021 Fall,COMM,3110,Intermediate Accounting I,006461,"McDermott,Katie",005,14657,McIntire School of Commerce,3.64,30,2,12,7,4,2,3,0,0,0,0
2021 Fall,CHEM,1411,Intro College Chem I Lab,005986,"Morkowchuk,Lisa",055,13997,College & Graduate Arts & Sci,3.47,24,12,2,5,0,0,2,0,0,2,1
2021 Fall,COLA,1500,College Advising Seminars,006376,"Feitosa,Lilian",031,11958,College & Graduate Arts & Sci,3.98,19,15,3,1,0,0,0,0,0,0,0
2021 Fall,SPAN,2010,Intermediate Spanish,035853,"Sanchis,Robert",012,11935,College & Graduate Arts & Sci,3.77,15,0,7,6,1,1,0,0,0,0,0
2021 Fall,LATI,2010,Intermediate Latin I,021133,"Fons,Michael",003,10560,College & Graduate Arts & Sci,3.78,18,2,10,3,1,1,1,0,0,0,0
2021 Fall,ECON,4310,Economics of the Public Sector,007965,"Kripalani,Jessica",100,12104,College & Graduate Arts & Sci,3.41,33,3,11,8,1,7,1,0,0,0,2
2021 Fall,RUTR,2350,Russian and East European Film,040715,"Stepanic,Stanley",001,13165,College & Graduate Arts & Sci,3.69,56,19,20,6,5,2,0,0,3,0,1
2021 Fall,PHYS,1429,Intro Physics 1 Workshop,031036,"Bychkov,Maksim",003,11961,College & Graduate Arts & Sci,2.88,23,0,2,2,7,5,2,1,1,1,2
2021 Fall,ARTH,1505,Art and the Modern World,040669,"Goedde,Lawrence",100,12827,College & Graduate Arts & Sci,3.64,41,0,22,5,8,2,3,1,0,0,0
2021 Fall,FREN,1010,Elementary French I,014273,"Garnier,Priscille",001,12050,College & Graduate Arts & Sci,3.37,12,0,3,3,1,3,1,1,0,0,0
2021 Fall,PLIR,7080,Military Force Internation Rel,031856,"Copeland,Dale",001,13883,College & Graduate Arts & Sci,3.68,5,0,1,3,1,0,0,0,0,0,0
2021 Fall,ENCW,4350,Advanced Nonfiction Writing,043440,"Alison,Jane",001,20066,College & Graduate Arts & Sci,3.40,13,0,6,4,0,0,2,0,0,0,1
2021 Fall,BIOL,4900,Independent Readings,040718,"Kozminski,Keith",003,12224,College & Graduate Arts & Sci,3.68,10,0,3,5,1,1,0,0,0,0,0
2021 Fall,CE,5400,Traffic Operations,004579,"Park,B. Brian",001,15421,Engineering & Applied Science,3.90,6,0,4,2,0,0,0,0,0,0,0
2021 Fall,COMM,4680,Entrepreneurship,006531,"Ransler,Charles",001,14669,McIntire School of Commerce,3.64,35,0,13,12,6,1,3,0,0,0,0
2021 Fall,SPAN,4520,Spec Topics Sem: Cult & Civil,035969,"Mahler,Anne",002,13385,College & Graduate Arts & Sci,3.88,21,0,18,2,0,0,0,0,1,0,0
2021 Fall,CS,3102,Theory of Computation,006897,"Evans,David",001,15529,Engineering & Applied Science,3.63,242,21,119,42,21,14,11,3,5,1,5
2021 Fall,CHEM,1411,Intro College Chem I Lab,005986,"Morkowchuk,Lisa",009,11964,College & Graduate Arts & Sci,3.76,24,13,3,4,1,0,3,0,0,0,0
2021 Fall,SOC,4058,Unequal Families,046240,"Zeno,Elissa",001,18346,College & Graduate Arts & Sci,3.61,20,0,7,8,0,4,1,0,0,0,0
2021 Fall,PHYS,2419,Intro Physics 2 Workshop,031079,"Bychkov,Maksim",014,11768,College & Graduate Arts & Sci,3.21,11,0,0,3,4,2,1,1,0,0,0
2021 Fall,CHEM,5440,Interface of Chem & Biology,045884,"Stains,Cliff",001,14300,College & Graduate Arts & Sci,3.58,9,0,0,7,1,1,0,0,0,0,0
2021 Fall,MDST,4510,Capstone Topics,045773,"Kokas,Aynne",004,18325,College & Graduate Arts & Sci,3.93,17,0,13,4,0,0,0,0,0,0,0
2021 Fall,CHEM,1410,Intro College Chemistry I,005649,"Welch,Kevin",600,19669,College & Graduate Arts & Sci,3.52,376,8,135,97,53,37,21,12,10,1,2
2021 Fall,SANS,8993,Independent Study in Sanskrit,034833,"Hueckstedt,Robert",001,10794,College & Graduate Arts & Sci,3.68,5,0,1,3,1,0,0,0,0,0,0
2021 Fall,SPAN,2020,Advanced Intermediate Spanish,035854,"Hervas,Maria Jose Jorquera",010,11026,College & Graduate Arts & Sci,3.88,13,4,4,5,0,0,0,0,0,0,0
2021 Fall,LING,5409,Acoustic Phonetics,042565,"Mirzayan,Armik",001,13355,College & Graduate Arts & Sci,3.88,5,0,3,2,0,0,0,0,0,0,0
2021 Fall,COMM,3030,Quantitative & Finan Analysis,006455,"Baglioni,Anthony",003,14648,McIntire School of Commerce,3.48,51,0,17,13,12,3,2,2,1,0,1
2021 Fall,LAW,7005,Antitrust,021607,"Fischman,Joshua",1,19222,School of Law,3.40,50,0,4,16,16,14,0,0,0,0,0
2021 Fall,COMM,4720,Adv Corp Finance: Val & Restr,006541,"Marston,Felicia",001,14674,McIntire School of Commerce,3.56,26,2,4,10,6,3,1,0,0,0,0
2021 Fall,ENWR,1510,Writing and Critical Inquiry,013432,"Keyser,Emelye",073,13033,College & Graduate Arts & Sci,3.79,18,0,10,6,1,0,1,0,0,0,0
2021 Fall,STAT,3120,Intro Mathematical Statistics,040000,"Weinstock,Justin",003,14171,College & Graduate Arts & Sci,3.54,79,5,34,17,7,4,4,4,2,1,1
2021 Fall,SOC,3410,Race and Ethnic Relations,035402,"Buckelew,Rose",100,12340,College & Graduate Arts & Sci,3.24,47,0,18,7,7,5,2,1,2,1,4
2021 Fall,PSYC,3006,Res Methods & Data Analysis II,032540,"Meyer,M. Joseph",001,10761,College & Graduate Arts & Sci,3.74,31,18,3,2,4,2,2,0,0,0,0
2021 Fall,PSYC,7710,Quantitative Methods I,032791,"Golino,Hudson",100,10767,College & Graduate Arts & Sci,3.68,12,0,4,6,1,0,1,0,0,0,0
2021 Fall,CHEM,1411,Intro College Chem I Lab,005986,"Morkowchuk,Lisa",067,14009,College & Graduate Arts & Sci,3.60,23,11,4,3,0,1,3,0,0,0,1
2021 Fall,EAST,1010,East Asian Canons and Cultures,007647,"Chen,Jack",100,13243,College & Graduate Arts & Sci,3.84,80,8,42,22,7,1,0,0,0,0,0
2021 Fall,LAW,8802,Grad Legal Research/Writing I,021830,"Moran,Karen",2,20419,School of Law,3.38,26,0,2,8,9,6,1,0,0,0,0
2021 Fall,LAW,7019,Criminal Investigation,021639,"Coughlin,Anne",1,19225,School of Law,3.51,82,2,15,19,37,9,0,0,0,0,0
2021 Fall,MATH,1190,A Survey of Calc I w Algebra,023387,"Dass,Wendi",100,11899,College & Graduate Arts & Sci,2.35,39,0,3,3,5,2,11,3,2,2,8
2021 Fall,DANC,3210,Ballet II,007226,"Schetlick,Kathryn",001,11821,College & Graduate Arts & Sci,3.90,15,0,10,5,0,0,0,0,0,0,0
2021 Fall,STAT,3110,Foundations of Statistics,044444,"Perez-Suarez,David",001,13198,College & Graduate Arts & Sci,3.73,44,27,5,4,2,2,1,1,1,1,0
2021 Fall,STAT,2020,Statistics for Biologists,039999,"Ferrara,Maria",001,11955,College & Graduate Arts & Sci,3.41,119,20,29,24,12,16,6,3,3,0,6
2021 Fall,CS,1110,Introduction to Programming,006846,"Morrison,Briana",003,16378,Engineering & Applied Science,3.24,144,6,52,21,17,20,7,3,2,4,12
2021 Fall,PLPT,4500,Special Topics,031937,"Henry,Daniel",006,20165,College & Graduate Arts & Sci,3.48,12,4,2,4,0,1,0,0,0,0,1
2021 Fall,STAT,2020,Statistics for Biologists,039999,"Ferrara,Maria",002,12047,College & Graduate Arts & Sci,3.52,119,20,39,23,9,10,6,5,1,4,2
2021 Fall,CHEM,1411,Intro College Chem I Lab,005986,"Morkowchuk,Lisa",079,14021,College & Graduate Arts & Sci,3.60,23,8,5,6,1,0,1,0,1,0,1
2021 Fall,STS,4500,STS and Engineering Practice,036749,"Norton,Peter",002,15532,Engineering & Applied Science,3.59,33,0,16,5,6,3,1,2,0,0,0
2021 Fall,LAW,9337,Adv Top in Fed Courts,045980,"RE,RICHARD",1,20441,School of Law,3.82,5,0,2,3,0,0,0,0,0,0,0
2021 Fall,APMA,2130,Ordinary Differentl Equations,001145,"Ryals,Megan",003,15404,Engineering & Applied Science,2.64,40,0,4,0,9,5,8,5,3,2,4
2021 Fall,ENGL,2508,Studies in Fiction,012491,"Kinney,James",007,19687,College & Graduate Arts & Sci,3.45,17,0,2,6,6,2,1,0,0,0,0
2021 Fall,SPAN,1060,Accelerated Elementary Spanish,035820,"Richey,Matthew",009,12077,College & Graduate Arts & Sci,3.46,16,0,4,8,1,1,0,0,0,2,0
2021 Fall,ECON,4010,Game Theory,007943,"Johnson,Terence",100,12101,College & Graduate Arts & Sci,3.77,46,2,26,11,2,4,0,0,1,0,0
2021 Fall,KOR,4010,Advanced Readings in Korean I,041513,"CHOI,YOON HWA",001,12131,College & Graduate Arts & Sci,3.94,14,3,8,3,0,0,0,0,0,0,0
2021 Fall,HIUS,2061,American Economic History,019531,"Thomas,Mark",001,12830,College & Graduate Arts & Sci,2.99,87,0,4,16,15,18,18,8,4,3,1
2021 Fall,CHEM,1411,Intro College Chem I Lab,005986,"Morkowchuk,Lisa",043,13985,College & Graduate Arts & Sci,3.82,24,11,5,7,0,0,0,0,0,1,0
2021 Fall,ENWR,2510,Advanced Writing Seminar,013441,"Carey,Tamika",002,12512,College & Graduate Arts & Sci,3.68,16,0,3,10,3,0,0,0,0,0,0
2021 Fall,ARTH,4951,University Museums Internship,041505,"Love,Melissa",001,11786,College & Graduate Arts & Sci,3.88,11,0,8,2,1,0,0,0,0,0,0
2021 Fall,EGMT,1510,Engaging Aesthetics,044512,"Hu,Jasmine",203,12833,College & Graduate Arts & Sci,3.77,37,3,27,3,0,2,0,1,0,0,1
2021 Fall,CHEM,2311,Org Chem Lab I Non Chem Major,043154,"Chruma,Jason",008,12815,College & Graduate Arts & Sci,3.75,30,1,18,7,0,2,1,0,1,0,0
2021 Fall,FREN,3028,Language House Conversation,043549,"Garnier,Priscille",001,12203,College & Graduate Arts & Sci,3.97,11,6,4,1,0,0,0,0,0,0,0
2021 Fall,SYS,6003,Optimizatn Models & Methods I,036949,"Riggs,Robert",001,15508,Engineering & Applied Science,3.76,23,0,10,9,4,0,0,0,0,0,0
2021 Fall,HIEA,5050,International Hist East Asia,045003,"Liu,Xiaoyuan",001,18307,College & Graduate Arts & Sci,3.88,5,0,3,2,0,0,0,0,0,0,0
2021 Fall,APMA,1110,Single Variable Calculus II,001140,"Beck,Mary",001,15395,Engineering & Applied Science,3.00,45,1,6,8,5,11,3,4,2,2,3
2021 Fall,GNUR,5270,Care Environment Management II,016899,"Ridge,Richard",001,17171,School of Nursing,3.95,53,5,41,6,0,1,0,0,0,0,0
2021 Fall,STAT,2120,Intro to Statistical Analysis,036655,"Ross,Richard",003,11896,College & Graduate Arts & Sci,3.31,164,2,51,27,31,22,12,5,7,2,5
2021 Fall,ARTR,3350,Intro to Arab Women's Lit,038074,"Al-Samman,Hanadi",001,12399,College & Graduate Arts & Sci,3.74,17,4,5,5,1,1,1,0,0,0,0
2021 Fall,ENWR,1510,Writing and Critical Inquiry,013432,"Shaman,Cory",061,12411,College & Graduate Arts & Sci,3.77,18,4,7,4,1,1,1,0,0,0,0
2021 Fall,ANTH,5589,Topics in Archaeology,000894,"Alconini,Sonia",001,13320,College & Graduate Arts & Sci,4.00,5,2,3,0,0,0,0,0,0,0,0
2021 Fall,LAW,6002,Contracts,021553,"Kordana,Kevin",4BF,19108,School of Law,3.38,80,0,0,17,62,1,0,0,0,0,0
2021 Fall,EVSC,2801,Fundamentals of Geology Lab,014091,"Nelson,Michelle",300,13006,College & Graduate Arts & Sci,3.36,14,0,3,4,1,4,1,1,0,0,0
2021 Fall,MDST,4510,Capstone Topics,045773,"Rao,Pallavi",003,20213,College & Graduate Arts & Sci,3.68,12,0,5,5,0,1,1,0,0,0,0
2021 Fall,MATH,1210,A survey of Calculus I,022944,"Mcspirit,Eleanor",900,10572,College & Graduate Arts & Sci,2.90,34,0,4,10,5,3,4,0,1,2,5
2021 Fall,SPAN,2020,Advanced Intermediate Spanish,035854,"Florez-Murillo,David",016,11734,College & Graduate Arts & Sci,3.69,18,1,11,3,1,1,0,0,0,0,1
2021 Fall,CHIN,3010,Pre-Advanced Chinese I,006059,"Wang,Jun",003,10352,College & Graduate Arts & Sci,4.00,14,2,12,0,0,0,0,0,0,0,0
2021 Fall,EGMT,1540,Ethical Engagement,044515,"Fraser,Cassandra",104,14486,College & Graduate Arts & Sci,3.60,31,2,15,8,3,0,0,0,2,0,1
2021 Fall,APMA,1110,Single Variable Calculus II,001140,"Pisano,Stacie",003,15392,Engineering & Applied Science,3.01,48,3,9,6,8,6,8,1,2,0,5
2021 Fall,COLA,1500,College Advising Seminars,006376,"Freedman,Paul",099,14495,College & Graduate Arts & Sci,3.85,18,0,9,9,0,0,0,0,0,0,0
2021 Fall,MATH,3100,Introduction to Probability,023058,"Do,Yen",001,10607,College & Graduate Arts & Sci,3.29,35,1,11,7,3,5,1,2,2,3,0
2021 Fall,SPAN,3010,Grammar and Composition I,035893,"Monteros-Freeman,Maria",008,13424,College & Graduate Arts & Sci,3.86,17,0,9,8,0,0,0,0,0,0,0
2021 Fall,COMM,3030,Quantitative & Finan Analysis,006455,"Yung,Christopher",007,14651,McIntire School of Commerce,3.57,51,0,18,11,11,11,0,0,0,0,0
2021 Fall,CHEM,3410,Phys Chem - Quantum Theory,005731,"Harrison,Allan",200,12086,College & Graduate Arts & Sci,3.18,11,1,2,2,1,1,1,2,1,0,0
2021 Fall,ARAB,1010,Elementary Arabic I,001279,"Mohamed,Suad",002,10284,College & Graduate Arts & Sci,3.14,10,3,2,0,1,0,3,0,0,0,1
2021 Fall,ITAL,1010,Elementary Italian I,020555,"Bonino,Nicole",001,10539,College & Graduate Arts & Sci,3.83,19,3,10,5,0,0,0,1,0,0,0
2021 Fall,HIAF,3021,History of Southern Africa,018140,"Mason,John",001,12506,College & Graduate Arts & Sci,3.71,22,0,10,6,5,1,0,0,0,0,0
2021 Fall,ITTR,4010,Narrating (Un-)sustainability,045498,"Cesaretti,Enrico",001,13382,College & Graduate Arts & Sci,3.92,13,0,11,1,1,0,0,0,0,0,0
2021 Fall,COMM,3200,Project & Product Management,006498,"Leopold,Jeffrey",003,19094,McIntire School of Commerce,3.70,42,0,15,19,6,1,0,1,0,0,0
2021 Fall,ENWR,1510,Writing and Critical Inquiry,013432,"VanHoose,Michael",056,12405,College & Graduate Arts & Sci,3.96,17,0,15,2,0,0,0,0,0,0,0
2021 Fall,BIOL,4250,Human Genetics,003612,"Grainger,Robert",001,14152,College & Graduate Arts & Sci,3.67,38,4,15,8,5,4,2,0,0,0,0
2021 Fall,APMA,3110,Applied Stats & Probability,001153,"Koenig,Gary",003,15413,Engineering & Applied Science,2.44,40,0,5,1,2,7,5,6,3,4,7
2021 Fall,DRAM,1020,Speaking in Public,007178,"Stewart,Denise",002,12994,College & Graduate Arts & Sci,3.87,18,0,10,8,0,0,0,0,0,0,0
2021 Fall,EVSC,3201,Fundamentals of Ecology Lab,014094,"LaRoche,Carly",005,10460,College & Graduate Arts & Sci,3.82,13,0,10,2,0,0,0,1,0,0,0
2021 Fall,ASL,1010,Elem Amer Sign Language I,002999,"Devito,Rocco",002,10861,College & Graduate Arts & Sci,3.40,17,0,2,6,4,3,2,0,0,0,0
2021 Fall,EDIS,5600,Tchg Social Stds in Sec Sch I,009468,"Hover,Stephanie van",1,15356,School of Education and HumanDev,3.90,26,0,22,2,0,2,0,0,0,0,0
2021 Fall,CS,4810,Intro to Computer Graphics,006924,"Tychonievich,Luther",001,16995,Engineering & Applied Science,3.58,63,9,31,8,8,1,0,1,1,1,3
2021 Fall,SOC,2052,Sociology of the Family,035342,"Wilcox,William",100,10808,College & Graduate Arts & Sci,3.84,138,55,53,16,5,4,1,1,1,1,1
2021 Fall,ACCT,3020,Intro Acct II,045931,"Montesa,Noel",701,20293,Continuing & Prof Studies,3.71,22,3,10,2,5,1,1,0,0,0,0
2021 Fall,FREN,8585,Seminar in Cultural,014512,"Roger,Philippe",001,13213,College & Graduate Arts & Sci,3.88,5,1,2,2,0,0,0,0,0,0,0
2021 Fall,COMM,3230,Managing Innovation,045750,"Martin,Eric",001,14772,McIntire School of Commerce,3.70,32,0,7,20,5,0,0,0,0,0,0
2021 Fall,SPAN,1060,Accelerated Elementary Spanish,035820,"Young,Sara",001,13090,College & Graduate Arts & Sci,3.63,16,2,4,5,3,1,1,0,0,0,0
2021 Fall,STS,4500,STS and Engineering Practice,036749,"Laugelli,Benjamin",010,15535,Engineering & Applied Science,3.76,35,7,17,8,1,0,1,0,0,0,1
2021 Fall,ENWR,1510,Writing and Critical Inquiry,013432,"Ard,DeVan",059,12598,College & Graduate Arts & Sci,3.83,18,0,15,0,0,3,0,0,0,0,0
2021 Fall,PHIL,3330,Philosophy of Mind,030130,"Ott,Walter",001,12737,College & Graduate Arts & Sci,3.33,28,0,7,4,7,6,2,1,0,1,0
2021 Fall,ECON,3010,Intermediate Microeconomics,007908,"Johnson,William",200,12122,College & Graduate Arts & Sci,3.09,59,8,5,5,11,8,7,13,0,1,1
2021 Fall,ANTH,2400,Language and Culture,000667,"Dobrin,Lise",100,14448,College & Graduate Arts & Sci,3.26,115,12,31,20,17,11,4,5,6,2,7
2021 Fall,FREN,3036,Introduction to Translation,045424,"Hall,Elizabeth",001,13207,College & Graduate Arts & Sci,3.94,18,0,16,1,1,0,0,0,0,0,0
2021 Fall,LPPL,3260,Value & Bias in Public Policy,042085,"Trawalter,Sophie",002,19411,Batten Leadership & Public Pol,3.48,43,0,13,16,8,3,0,0,0,1,2
2021 Fall,SPAN,4202,Hispanic Sociolinguistics,035936,"Mendoza,Omar Velazquez",001,14594,College & Graduate Arts & Sci,3.91,20,4,13,2,0,0,1,0,0,0,0
2021 Fall,DRAM,2210,Scenic Technology,007216,"Warner,Steven",001,12008,College & Graduate Arts & Sci,3.55,11,2,3,1,1,4,0,0,0,0,0
2021 Fall,ENWR,1505,Writing & Critical Inquiry S1,013428,"Chantell,Claire",001,10870,College & Graduate Arts & Sci,3.66,14,0,3,9,1,0,1,0,0,0,0
2021 Fall,ENWR,1510,Writing and Critical Inquiry,013432,"Davis,Peyton",024,10891,College & Graduate Arts & Sci,3.73,18,0,13,2,0,1,1,0,1,0,0
2021 Fall,MUSI,2342,Learn to Groove Int,041028,"Jospe,Robert",001,13415,College & Graduate Arts & Sci,4.00,15,6,9,0,0,0,0,0,0,0,0
2021 Fall,ENGR,1624,Introduction to Engineering,045087,"Maiti,Deepyaman",013,16464,Engineering & Applied Science,3.91,36,1,27,7,0,0,1,0,0,0,0
2021 Fall,ENGR,1624,Introduction to Engineering,045087,"Taite,Lakeshia",007,16458,Engineering & Applied Science,3.92,29,11,16,0,1,0,0,1,0,0,0
2021 Fall,MATH,3340,Complex Variables,023074,"Sherman,David",001,11996,College & Graduate Arts & Sci,3.35,27,0,11,3,1,6,3,0,3,0,0
2021 Fall,CS,3710,Intro to Cybersecurity,045511,"Orebaugh,Angela",002,16856,Engineering & Applied Science,3.80,111,0,65,33,6,5,1,0,0,1,0
2021 Fall,EGMT,1540,Ethical Engagement,044515,"Stangl,Rebecca",202,12571,College & Graduate Arts & Sci,3.69,35,0,23,7,1,2,0,0,1,0,1
2021 Fall,STAT,6190,Intro to Math Statistics,036679,"Zhou,Jianhui",001,11616,College & Graduate Arts & Sci,3.46,49,5,12,2,14,16,0,0,0,0,0
2021 Fall,EDIS,2800,P-12 Educational Contexts,045916,"Dmitrieva,Svetlana",2,15344,School of Education and HumanDev,3.94,19,1,14,4,0,0,0,0,0,0,0
2021 Fall,MATH,3351,Elementary Linear Algebra,023081,"Pun,Anna Ying",002,12560,College & Graduate Arts & Sci,3.32,35,0,13,6,6,2,2,0,4,1,1
2021 Fall,CHEM,1811,Principles Chem Structure Lab,006007,"Zhang,Sen",003,11970,College & Graduate Arts & Sci,3.71,24,4,9,6,4,0,0,0,0,1,0
2021 Fall,PHS,7000,Intro Biostat,030364,"Chernyavskiy,Pavel",001,18093,Medical School - BIMS/PHS,3.80,70,0,45,17,3,3,0,1,1,0,0
2021 Fall,SYS,6581,Selected Topics in Sys Engr,036978,"Thompson,Jamey",001,16119,Engineering & Applied Science,3.47,7,0,2,1,3,0,1,0,0,0,0
2021 Fall,PLIR,3060,Military Force Int'l Relations,031808,"Copeland,Dale",100,13889,College & Graduate Arts & Sci,3.43,171,1,33,53,40,27,11,3,2,0,1
2021 Fall,LAW,6003,Criminal Law,021556,"Bonnie,Richard",5CG,20186,School of Law,3.38,77,0,16,16,20,17,5,3,0,0,0
2021 Fall,PHYS,2030,Princip of Physics 1 Workshop,030811,"Yoon,Jongsoo",006,11628,College & Graduate Arts & Sci,3.13,24,0,0,8,4,6,2,3,1,0,0
2021 Fall,HIEA,1501,Intro Sem in East Asian Hist,018286,"Zhang,Cong",001,11637,College & Graduate Arts & Sci,3.31,13,0,3,2,4,2,1,0,0,1,0
2021 Fall,CHEM,5210,Advanced Physical Chemistry I,005773,"Herbst,Eric",001,10340,College & Graduate Arts & Sci,3.21,8,1,2,2,1,1,0,0,0,0,1
2021 Fall,LATI,3080,Horace,021150,"Celotto,Giulio",001,14240,College & Graduate Arts & Sci,3.68,12,0,7,2,1,0,2,0,0,0,0
2021 Fall,GSGS,3112,Global Perspectives Corruption,044978,"Tidey,Sylvia",001,18865,College & Graduate Arts & Sci,3.96,30,14,12,4,0,0,0,0,0,0,0
2021 Fall,ECON,2010,Principles of Econ: Microecon,007876,"Elzinga,Kenneth",091,10391,College & Graduate Arts & Sci,3.04,444,8,39,141,92,35,39,22,18,13,37
2021 Fall,EDHS,3110,Understanding Autism,044840,"Dubay,Michaela",1,15335,School of Education and HumanDev,3.91,18,0,14,3,1,0,0,0,0,0,0
2021 Fall,EGMT,1510,Engaging Aesthetics,044512,"DuBay,Kateri",105,12580,College & Graduate Arts & Sci,3.95,27,6,18,2,1,0,0,0,0,0,0
2021 Fall,ENWR,1510,Writing and Critical Inquiry,013432,"Smith,Stirling",030,10897,College & Graduate Arts & Sci,3.81,17,0,9,6,2,0,0,0,0,0,0
2021 Fall,SPAN,2020,Advanced Intermediate Spanish,035854,"Barlow,Jennifer",019,12179,College & Graduate Arts & Sci,3.59,17,1,2,11,2,0,0,0,0,1,0
2021 Fall,PSYC,2600,Intro to Social Psychology,032521,"Wood,Adrienne",002,12568,College & Graduate Arts & Sci,3.71,347,22,187,66,27,27,5,5,5,1,2
2021 Fall,ISIN,4510,Sp Tps Conduct Inquiry: So Sci,043255,"Corlett,David",101,20257,Continuing & Prof Studies,3.46,21,3,10,1,2,0,0,1,4,0,0
2021 Fall,ENGL,3310,18th-Century Women Writers,011645,"Hurley,Alison",001,18981,College & Graduate Arts & Sci,3.54,27,0,4,13,6,3,1,0,0,0,0
2021 Fall,ARCH,5500,Special Topics in Architecture,001621,"Putalik,Erin",003,19070,School of Architecture,3.88,8,0,6,1,1,0,0,0,0,0,0
2021 Fall,RELG,2820,Jerusalem,044564,"Andruss,Jessica",001,18765,College & Graduate Arts & Sci,3.68,23,0,12,9,1,0,0,0,0,0,1
2021 Fall,PLAC,5800,Green Infrastructure: Cities,031145,"Firehock,Karen",001,10025,School of Architecture,3.88,13,1,8,3,1,0,0,0,0,0,0
2021 Fall,CE,3210,Fluid Mechanics,004448,"Lakshmi,Venkataraman",001,15819,Engineering & Applied Science,3.92,45,16,24,0,4,1,0,0,0,0,0
2021 Fall,APMA,1090,Single Variable Calculus I,001138,"Fulgham,Bernard",002,16443,Engineering & Applied Science,2.37,46,0,3,5,3,10,4,4,4,2,11
2021 Fall,ENWR,1520,Writing & Community Engagement,045365,"Stephenson,Sarah",001,13394,College & Graduate Arts & Sci,3.76,16,0,8,6,1,0,1,0,0,0,0
2021 Fall,CHEM,7031,The Art of Scientific Writing,044323,"Gunnoe,Thomas",001,12366,College & Graduate Arts & Sci,3.83,22,1,18,0,1,1,0,0,1,0,0
2021 Fall,COMM,2730,Personal Finance,006451,"Kelly,Dorothy",002,14778,McIntire School of Commerce,3.91,49,0,39,7,3,0,0,0,0,0,0
2021 Fall,KINE,3410,Exercise Physiology,009117,"Angadi,Siddhartha",002,15021,School of Education and HumanDev,3.49,12,1,5,0,2,3,0,1,0,0,0
2021 Fall,GCOM,7790,Enterprise Architecture,015433,"Grazioli,Stefano",001,14697,McIntire School of Commerce,3.40,34,1,6,6,10,9,2,0,0,0,0
2021 Fall,EGMT,1530,Engaging Differences,044514,"Calamita,Francesca",110,20137,College & Graduate Arts & Sci,3.81,24,0,21,2,0,0,0,0,0,0,1
2021 Fall,SWAH,1010,Introductory Swahili I,036870,"Rotich,Anne",002,12176,College & Graduate Arts & Sci,3.54,12,0,5,5,0,0,1,0,0,0,1
2021 Fall,EDHS,7090,Disorders of Voice,009192,"Lott,Joanna",001,14790,School of Education and HumanDev,3.71,21,0,2,18,1,0,0,0,0,0,0
2021 Fall,EDHS,7230,Theories & Tech of Counseling,009206,"Taylor,Julia",001,14793,School of Education and HumanDev,4.00,27,17,10,0,0,0,0,0,0,0,0
2021 Fall,COMM,3200,Project & Product Management,006498,"Leopold,Jeffrey",001,14706,McIntire School of Commerce,3.74,41,0,15,20,4,2,0,0,0,0,0
2021 Fall,JAPN,4800,Lost and Found in Translation,020753,"Yasuda,Anri",001,12521,College & Graduate Arts & Sci,3.76,11,0,5,4,2,0,0,0,0,0,0
2021 Fall,ENGL,8560,Studies in Modern Literature,040860,"Rody,Caroline",001,18436,College & Graduate Arts & Sci,3.90,9,0,6,3,0,0,0,0,0,0,0
2021 Fall,PLCP,7000,Comparative Politics Core Sem,031733,"Gingerich,Daniel",001,13877,College & Graduate Arts & Sci,3.30,7,0,3,3,0,0,0,0,0,0,1
2021 Fall,HBIO,4998,Thesis Rsrch in Human Biol I,017974,"Timko,Michael",001,10525,College & Graduate Arts & Sci,3.89,17,2,12,2,0,0,1,0,0,0,0
2021 Fall,MATH,7000,Seminar on College Teaching,023213,"Maloni,Sara",001,10909,College & Graduate Arts & Sci,4.00,9,3,6,0,0,0,0,0,0,0,0
2021 Fall,EDHS,7680,Psychopathology,009241,"Cornell,Dewey",001,14796,School of Education and HumanDev,3.81,25,0,12,11,2,0,0,0,0,0,0
2021 Fall,ENWR,1510,Writing and Critical Inquiry,013432,"McBride,Amber",002,12482,College & Graduate Arts & Sci,3.93,18,0,15,2,1,0,0,0,0,0,0
2021 Fall,JAPN,3010,Third-Year Japanese I,020746,"Kawai,Mieko",002,10551,College & Graduate Arts & Sci,3.11,10,0,3,3,0,1,1,1,0,0,1
2021 Fall,RUSS,3010,Third-Year Russian I,034652,"Borovskaya-Ellis,Anna",001,12878,College & Graduate Arts & Sci,3.54,13,0,10,0,0,2,0,0,0,0,1
2021 Fall,EDIS,5060,Math Instruction Special Ed,009429,"Morano,Stephanie",1,15300,School of Education and HumanDev,3.90,6,4,0,2,0,0,0,0,0,0,0
2021 Fall,ENGL,3470,Major British Authors 19th C,012768,"Griffin,Cristina",001,18984,College & Graduate Arts & Sci,3.62,28,0,13,5,7,1,1,0,1,0,0
2021 Fall,PHIL,3730,Ancient Ethics,030138,"McCready-Flora,Ian",001,18936,College & Graduate Arts & Sci,3.12,23,0,3,7,5,1,3,1,2,0,1
2021 Fall,PLAC,5863,Climate Adaptation Planning,046272,"Wilson,Bev",001,18957,School of Architecture,3.85,10,0,5,5,0,0,0,0,0,0,0
2021 Fall,JPTR,3290,Fem Fiction in Japanese Court,020834,"Heldt,Gustav",001,17688,College & Graduate Arts & Sci,3.16,14,0,3,5,0,3,1,0,1,0,1
2021 Fall,PHS,3186,Comp. Health Care Systems,042686,"Quissell,Kathryn",001,19988,College & Graduate Arts & Sci,3.96,35,11,21,2,1,0,0,0,0,0,0
2021 Fall,CHEM,1411,Intro College Chem I Lab,005986,"Morkowchuk,Lisa",033,11008,College & Graduate Arts & Sci,3.59,24,12,5,3,0,0,1,0,0,2,1
2021 Fall,STAT,1800,Intro to Sports Analytics,045501,"Rodu,Jordan",001,18672,College & Graduate Arts & Sci,3.91,66,0,47,19,0,0,0,0,0,0,0
2021 Fall,LAW,7779,Topics in Priv Co Acq (SC),045154,"Denison,Thomas",1,19210,School of Law,3.51,18,0,0,11,5,2,0,0,0,0,0
2021 Fall,SOC,3700,Health and Society,043187,"Skubby,David",100,14597,College & Graduate Arts & Sci,3.42,59,2,22,17,9,3,0,0,1,1,4
2021 Fall,ENGR,1624,Introduction to Engineering,045087,"Maiti,Deepyaman",010,16461,Engineering & Applied Science,3.96,30,3,23,4,0,0,0,0,0,0,0
2021 Fall,HIEU,4502,Post 1700 Euro Hist Seminar,018520,"Kunakhovich,Kyrill",001,13144,College & Graduate Arts & Sci,3.65,13,0,5,5,1,1,1,0,0,0,0
2021 Fall,SPAN,1060,Accelerated Elementary Spanish,035820,"Whitcomb,Caroline",004,11872,College & Graduate Arts & Sci,3.76,15,0,3,12,0,0,0,0,0,0,0
2021 Fall,EGMT,1510,Engaging Aesthetics,044512,"Smith,Wendy",208,13294,College & Graduate Arts & Sci,3.82,38,9,23,4,0,0,0,1,0,0,1
2021 Fall,ENWR,1510,Writing and Critical Inquiry,013432,"Wallace,Samantha",006,13400,College & Graduate Arts & Sci,3.55,18,0,3,6,9,0,0,0,0,0,0
2021 Fall,HIUS,3281,Virginia History to 1900,019589,"Gilliam,George",001,13835,College & Graduate Arts & Sci,3.62,46,1,13,19,7,3,3,0,0,0,0
2021 Fall,ISSS,3611,Cheap Eats,041234,"Wilson,Andrew",101,20278,Continuing & Prof Studies,3.34,13,1,2,5,3,1,0,0,0,0,1
2021 Fall,PHYS,2419,Intro Physics 2 Workshop,031079,"Bychkov,Maksim",004,10710,College & Graduate Arts & Sci,3.21,24,1,4,4,5,2,5,2,0,1,0
2021 Fall,BIOL,3000,Cell Biology,003525,"Wormington,Mike",001,11546,College & Graduate Arts & Sci,2.87,390,19,101,15,19,111,13,11,48,3,50
2021 Fall,LPPL,7410,Psychology for Leadership,041246,"Converse,Benjamin",002,18951,Batten Leadership & Public Pol,3.40,44,3,8,8,7,15,3,0,0,0,0
2021 Fall,EDHS,2450,Intro Communication Disorders,044546,"Robey,Randall",1,15101,School of Education and HumanDev,3.94,76,57,12,3,3,0,0,1,0,0,0
2021 Fall,COMM,4720,Adv Corp Finance: Val & Restr,006541,"Schenone,Carola",002,14729,McIntire School of Commerce,3.60,31,4,10,5,7,2,3,0,0,0,0
2021 Fall,PLAN,5611,Barcelona Urban History,044591,"Bailo Esteve,Manuel",501,18217,School of Architecture,3.57,11,2,4,0,2,2,1,0,0,0,0
2021 Fall,ENWR,1510,Writing and Critical Inquiry,013432,"Wallace,Samantha",037,11029,College & Graduate Arts & Sci,3.48,18,0,5,4,5,2,2,0,0,0,0
2021 Fall,CJ,3890,Law Enforcement Essentials,044133,"Wetherington,John",01,21306,Continuing & Prof Studies,3.93,18,10,4,4,0,0,0,0,0,0,0
2021 Fall,CJ,4670,Law Enf Approaches to CT,042685,"Bartolomei,Glen Charles",01,21315,Continuing & Prof Studies,3.98,14,2,11,1,0,0,0,0,0,0,0
2021 Fall,CHIN,2010,Intermediate Chinese,006053,"Chen,Shu-Chen",001,11781,College & Graduate Arts & Sci,3.95,13,6,5,2,0,0,0,0,0,0,0
2021 Fall,PSPM,5230,Leadership & Proj Team Mgmt,029799,"Powers,Michael",701,20322,Continuing & Prof Studies,3.57,22,0,6,9,3,2,2,0,0,0,0
2021 Fall,WGS,2100,Gender and Sexuality Studies,036786,"Chin,Matthew",200,20486,College & Graduate Arts & Sci,3.95,118,70,41,5,0,0,0,1,0,1,0
2021 Fall,CS,5012,Foundations Computer Science,043283,"Tashman,Adam Paul",002,19029,Engineering & Applied Science,3.84,28,3,20,3,0,1,0,0,0,0,1
2021 Fall,PLAP,3400,American Political Economy,044879,"Pivonka,Evan",001,12752,College & Graduate Arts & Sci,3.86,18,0,12,4,2,0,0,0,0,0,0
2021 Fall,FREN,2010,Intermediate French I,014315,"Bartz,Ninon",007,10481,College & Graduate Arts & Sci,3.54,16,0,10,1,1,2,1,0,0,0,1
2021 Fall,ANTH,3589,Topics in Archaeology,041142,"Alconini,Sonia",100,18568,College & Graduate Arts & Sci,3.54,33,10,10,6,2,0,1,0,1,2,1
2021 Fall,ECON,3030,Money and Banking,007910,"Doyle,Carter",100,12328,College & Graduate Arts & Sci,3.08,87,1,9,20,13,12,15,4,10,3,0
2021 Fall,PHS,7051,"Policy Dev, Analysis& Advocacy",045006,"Balkrishnan,Rajesh",002,19991,Medical School - BIMS/PHS,3.94,10,4,4,2,0,0,0,0,0,0,0
2021 Fall,GNUR,6054,Rsch & Biostats Proc Hlth Care,016931,"Mattos,Meghan",003,17316,School of Nursing,3.74,26,0,7,18,0,0,1,0,0,0,0
2021 Fall,EDIS,5134,Behav Observations & Analysis,045206,"Yuan,Lynn M",501,17601,School of Education and HumanDev,3.93,24,0,20,3,1,0,0,0,0,0,0
2021 Fall,STS,4500,STS and Engineering Practice,036749,"Earle,Joshua",011,16593,Engineering & Applied Science,3.66,32,0,27,0,0,1,0,0,3,0,1
2021 Fall,PSHM,4020,Management of Health Care Orgs,045019,"Kronenburg,Maria",101,20260,Continuing & Prof Studies,3.79,19,0,14,3,0,1,0,0,1,0,0
2021 Fall,EVSC,3301,Atmosphere & Weather Lab,014096,"Grise,Kevin",001,10466,College & Graduate Arts & Sci,3.43,12,0,4,4,0,1,1,2,0,0,0
2021 Fall,PHS,3130,Intro to Hlth Resrch Methods,043175,"Pannone,Aaron",001,13427,College & Graduate Arts & Sci,3.90,34,18,9,4,3,0,0,0,0,0,0
2021 Fall,AIRS,2100,Team & Leadershp Fundamentls I,000292,"Tulip,Christopher",001,17421,Executive VP & Provost,3.81,10,4,3,2,0,0,1,0,0,0,0
2021 Fall,GSVS,4559,New Course: GSVS,043647,"Phillips,Spencer",001,18871,College & Graduate Arts & Sci,3.47,20,7,8,1,0,1,1,0,0,0,2
2021 Fall,SPAN,2020,Advanced Intermediate Spanish,035854,"Arevalo,Gabriela Dongo",002,11017,College & Graduate Arts & Sci,3.68,11,1,3,5,0,2,0,0,0,0,0
2021 Fall,PHIL,3150,17th Century Philosophy,030116,"LoLordo,Antonia",001,18933,College & Graduate Arts & Sci,3.53,25,0,4,14,4,1,0,1,1,0,0
2021 Fall,KINE,6720,Psychosocial Aspects of Injury,044721,"Moore,Erin",1,15149,School of Education and HumanDev,3.80,21,0,12,7,1,0,1,0,0,0,0
2021 Fall,COLA,1500,College Advising Seminars,006376,"Shutt,Lisa",061,12014,College & Graduate Arts & Sci,3.93,18,0,15,2,1,0,0,0,0,0,0
2021 Fall,COMM,3700,Markets and Investing,046289,"Finley,Edward",002,19423,McIntire School of Commerce,3.23,35,0,4,9,11,4,4,2,0,0,1
2021 Fall,GERM,1010,Elementary German,015642,"Schenberg,Cora",004,10504,College & Graduate Arts & Sci,3.57,18,7,4,2,2,0,0,1,2,0,0
2021 Fall,EDLF,8382,Introduction to Ed Inquiry,044849,"Meyers,Coby",501,17595,School of Education and HumanDev,2.94,17,2,3,4,0,2,2,0,1,1,2
2021 Fall,GCOM,7060,Financial Management,038177,"Kulkarni,Sheisha",002,14691,McIntire School of Commerce,3.51,55,0,15,11,18,11,0,0,0,0,0
2021 Fall,RELA,3559,New Course: RELA,039195,"Ogunnaike,Oludamini",001,18712,College & Graduate Arts & Sci,3.75,15,4,6,1,2,2,0,0,0,0,0
2021 Fall,ENWR,1510,Writing and Critical Inquiry,013432,"Rodriguez,Roberto",033,10900,College & Graduate Arts & Sci,3.94,17,3,12,1,1,0,0,0,0,0,0
2021 Fall,COMM,3030,Quantitative & Finan Analysis,006455,"Gasman,Cynthia Fraser",006,14653,McIntire School of Commerce,3.40,49,0,8,11,19,7,3,0,1,0,0
2021 Fall,GCOM,7030,Financial Accounting,038176,"Koch,Adam",002,14688,McIntire School of Commerce,3.48,74,0,22,15,16,16,5,0,0,0,0
2021 Fall,PLAP,3370,Wksp Cntmp Amer Elect Politics,031571,"Stroupe,Kenneth",001,12292,College & Graduate Arts & Sci,3.70,15,1,5,6,2,0,1,0,0,0,0
2021 Fall,CHE,6450,Energy Science & Technologies,043221,"Epling,William",001,16907,Engineering & Applied Science,3.71,7,1,3,1,1,1,0,0,0,0,0
2021 Fall,APMA,3140,App Partial Differentl Equatns,001155,"Morris,Diana",002,16910,Engineering & Applied Science,2.90,42,1,11,5,2,5,6,1,3,2,6
2021 Fall,PHIL,1750,The Meaning of Life,043170,"Ott,Walter",100,18912,College & Graduate Arts & Sci,3.21,107,0,10,29,32,13,14,4,2,0,3
2021 Fall,CJ,4670,Law Enf Approaches to CT,042685,"Bartolomei,Glen Charles",02,21330,Continuing & Prof Studies,3.93,17,0,13,4,0,0,0,0,0,0,0
2021 Fall,CHEM,2410,Organic Chemistry I,005698,"Chruma,Jason",100,17613,College & Graduate Arts & Sci,3.31,149,3,30,48,19,23,8,3,8,3,4
2021 Fall,ECON,4720,Econometric Methods,007983,"Kosenkova,Lidia",100,11818,College & Graduate Arts & Sci,3.42,21,0,4,6,4,5,2,0,0,0,0
2021 Fall,ASTR,1220,Intro Stars Galaxies Universe,003047,"Johnson,Bradley",002,10302,College & Graduate Arts & Sci,3.70,104,9,53,16,10,10,2,3,1,0,0
2021 Fall,MISC,3010,Unit Trng & Warfighting Functn,024256,"Rogan,Benjamin",001,17436,Executive VP & Provost,3.94,16,0,13,3,0,0,0,0,0,0,0
2021 Fall,ARTH,3591,Art History Colloquium,042072,"Paoletti,Giulia",002,14234,College & Graduate Arts & Sci,3.66,14,0,5,7,1,0,0,0,1,0,0
2021 Fall,PSYC,5705,Intro to Bayesian Methods,044919,"Tong,Xin",001,14071,College & Graduate Arts & Sci,3.89,15,0,12,2,0,1,0,0,0,0,0
2021 Fall,DRAM,2020,Acting I,007200,"Kelly,Colleen",007,14177,College & Graduate Arts & Sci,3.67,14,0,11,2,0,0,0,0,0,0,1
2021 Fall,EDIS,3221,Intro to Reading Foundations,045883,"Hall,Colby",2,17483,School of Education and HumanDev,3.86,19,0,14,3,1,1,0,0,0,0,0
2021 Fall,EDLF,7808,Strat Align of Plan & Resource,009751,...,500,17511,School of Education and HumanDev,3.84,21,0,13,7,0,0,1,0,0,0,0
2021 Fall,PHYS,1660,Practical Computing,043759,"Wright,Bryan",001,12206,College & Graduate Arts & Sci,3.72,18,1,7,8,1,0,0,0,1,0,0
2021 Fall,MAE,4610,ME Design I,022602,"Furukawa,Tomonari",001,15475,Engineering & Applied Science,3.48,23,6,5,2,4,1,3,1,1,0,0
2021 Fall,COMM,3330,Mkt Research & Analytic Tech,006475,"Landgraf,Polina",001,14700,McIntire School of Commerce,3.75,33,2,18,6,3,3,1,0,0,0,0
2021 Fall,ARTS,2610,Drawing I,002836,"Schoyer,Elizabeth",001,10293,College & Graduate Arts & Sci,3.91,15,0,12,2,1,0,0,0,0,0,0
2021 Fall,COMM,3110,Intermediate Accounting I,006461,"Wang,Bingyun",006,14660,McIntire School of Commerce,3.22,30,2,8,4,2,3,5,3,2,1,0
2021 Fall,SOC,4559,New Course: SOC,040344,"Sullivan,Teresa",001,18376,College & Graduate Arts & Sci,3.76,19,1,11,4,0,2,1,0,0,0,0
2021 Fall,CS,4501,Spec Top: Computer Science,006942,"Hassanzadeh,Farzad",004,16986,Engineering & Applied Science,3.66,13,0,5,3,5,0,0,0,0,0,0
2021 Fall,MATH,3351,Elementary Linear Algebra,023081,"Webster,Joe",003,13788,College & Graduate Arts & Sci,3.24,25,1,5,8,4,3,0,0,2,0,2
2021 Fall,CHTR,3010,Traditional Chinese Lit,006137,"Kinney,Anne",001,13814,College & Graduate Arts & Sci,3.89,17,0,12,4,1,0,0,0,0,0,0
2021 Fall,EDLF,3240,Educ in MulticulturalSocieties,044021,"Laboe,Amy",2,15069,School of Education and HumanDev,3.61,19,0,15,0,2,0,0,0,1,0,1
2021 Fall,ARAH,8051,Theory & Int Vis Arts,001382,"Ramirez-Weaver,Eric",100,11772,College & Graduate Arts & Sci,3.46,5,0,2,0,2,0,1,0,0,0,0
2021 Fall,ARCH,3071,Design Practices Lab,045156,"Coe-Scharff,Jonah",001,10168,School of Architecture,3.85,14,3,4,7,0,0,0,0,0,0,0
2021 Fall,EDLF,4020,Helping Skills,045042,"Whaley,Diane",1,15143,School of Education and HumanDev,3.92,30,5,20,3,2,0,0,0,0,0,0
2021 Fall,SOC,4100,Sociol African-Amer Community,035447,"Foster,B.",001,20505,College & Graduate Arts & Sci,3.74,20,4,8,3,3,1,1,0,0,0,0
2021 Fall,PLAP,4920,Judicial Policymaking,031623,"Rivero,Albert",001,20174,College & Graduate Arts & Sci,3.74,15,0,6,6,3,0,0,0,0,0,0
2021 Fall,ENGR,1410,Synthesis Design I,012396,"Bailey,Reid",001,15463,Engineering & Applied Science,3.92,40,1,29,9,1,0,0,0,0,0,0
2021 Fall,DS,6030,Statistical Learning,046346,"Basener,William F",002,20626,School of Data Science,3.83,26,17,7,1,0,0,0,0,0,0,1
2021 Fall,MUSI,4507,Composers,024845,"DeVeaux,Scott",001,20343,College & Graduate Arts & Sci,3.31,11,0,3,4,2,1,0,0,0,0,1
2021 Fall,APMA,2130,Ordinary Differentl Equations,001145,"Guadagni,Gianluca",006,16025,Engineering & Applied Science,2.96,42,2,6,7,10,2,6,1,1,1,6
2021 Fall,ECON,4080,Law and Economics,007948,"Westerfield,Maria",001,14131,College & Graduate Arts & Sci,3.64,40,4,9,17,4,4,2,0,0,0,0
2021 Fall,SPAN,8210,Teaching Foreign Languages,036085,"Scida,Emily",001,14210,College & Graduate Arts & Sci,3.54,5,0,2,1,1,0,1,0,0,0,0
2021 Fall,STAT,6120,Linear Models,041041,"Yu,Shan",001,12313,College & Graduate Arts & Sci,3.59,51,10,12,9,8,10,2,0,0,0,0
2021 Fall,PLAC,4010,Neighborhood Planning Studio,031122,"Roettger,Betsy",001,10088,School of Architecture,3.81,14,0,5,9,0,0,0,0,0,0,0
2021 Fall,SPAN,3030,Cultural Conversations,035895,"Wellbeloved,Elizabeth A.",501,18211,College & Graduate Arts & Sci,3.51,15,0,8,2,4,0,0,0,0,0,1
2021 Fall,COMM,1800,Foundations of Commerce,006438,"Hoopes,Charlotte",003,14732,McIntire School of Commerce,3.45,165,6,34,56,35,18,4,5,3,0,4
2021 Fall,SPAN,2020,Advanced Intermediate Spanish,035854,"Arevalo,Gabriela Dongo",024,14198,College & Graduate Arts & Sci,3.74,14,0,10,2,0,0,1,1,0,0,0
2021 Fall,LAW,7098,Public Interest Law & Advocacy,041119,"Kim,Annie",1,20098,School of Law,3.38,12,0,2,2,5,2,1,0,0,0,0
2021 Fall,PHIL,8570,Metaphysic Topic,043319,"Merricks,Trenton",001,14579,College & Graduate Arts & Sci,3.84,8,0,5,2,1,0,0,0,0,0,0
2021 Fall,EDHS,3120,Abnormal Psychology,043641,"Carter,Lauren",1,15012,School of Education and HumanDev,3.86,18,0,15,2,0,0,0,0,1,0,0
2021 Fall,HIME,2012,Israel/Palestine 1948,041346,"Kahlenberg,Caroline",001,18424,College & Graduate Arts & Sci,3.94,28,3,19,6,0,0,0,0,0,0,0
2021 Fall,LAW,7024,Banking & Financial Institutns,040097,"Kitch,Edmund",1,20092,School of Law,3.44,31,0,3,8,17,3,0,0,0,0,0
2021 Fall,LAW,9081,Trial Advocacy,022023,"Stolpe,Kristin",1,19135,School of Law,3.63,12,0,0,10,2,0,0,0,0,0,0
2021 Fall,ECON,7710,Econometrics I,008042,"Nekipelov,Denis",100,10427,College & Graduate Arts & Sci,3.38,17,2,4,1,3,3,4,0,0,0,0
2021 Fall,ENGL,3001,Hist of Lit in English I,011976,"Kinney,Clare",100,10436,College & Graduate Arts & Sci,3.39,213,6,46,62,45,19,20,6,3,2,4
2021 Fall,FREN,2020,Intermediate French II,014316,"Hapgood,Pascale",006,10487,College & Graduate Arts & Sci,3.67,13,0,6,3,2,2,0,0,0,0,0
2021 Fall,ENWR,1510,Writing and Critical Inquiry,013432,"Kravetz,Rachel",067,12518,College & Graduate Arts & Sci,3.64,17,0,5,7,4,0,1,0,0,0,0
2021 Fall,KINE,5270,PE for Children with Autism,043792,"Block,Martin",1,15096,School of Education and HumanDev,3.98,15,7,7,1,0,0,0,0,0,0,0
2021 Fall,COMM,3220,DB Mgmt Sys & Bus Intellignce,006500,"Sarker,Suprateek",001,14694,McIntire School of Commerce,3.75,38,0,25,6,1,3,3,0,0,0,0
2021 Fall,BIOL,2100,IntroBio w/Lab:Cell & Genetics,003470,"Kittlesen,David",002,10308,College & Graduate Arts & Sci,3.29,422,53,62,97,57,55,47,16,10,13,12
2021 Fall,EDLF,2070,Effective Altruism,046408,"Jones,Jason",1,20480,School of Education and HumanDev,3.55,13,0,4,5,2,1,0,0,1,0,0
2021 Fall,DRAM,2020,Acting I,007200,"Kelly,Colleen",005,12527,College & Graduate Arts & Sci,3.62,13,0,4,5,2,2,0,0,0,0,0
2021 Fall,RELB,3495,Early Buddhism,045352,"Braun,Erik",001,14033,College & Graduate Arts & Sci,3.32,15,0,7,4,0,1,1,0,0,0,2
2021 Fall,GCOM,7060,Financial Management,038177,"Kulkarni,Sheisha",003,14781,McIntire School of Commerce,3.71,43,0,18,13,11,1,0,0,0,0,0
2021 Fall,CE,6035,Leadership and Negotiation,046364,"Lownsbury,Bradley",601,20508,Engineering & Applied Science,3.75,10,0,4,5,0,1,0,0,0,0,0
2021 Fall,GCOM,7040,Marketing & QA,037978,"Mittal,Chiraag",001,14682,McIntire School of Commerce,3.23,75,0,12,10,25,15,6,2,2,3,0
2021 Fall,COMM,4741,Foundations of Global Commerce,006535,"Maillet,Peter",002,14703,McIntire School of Commerce,3.52,33,0,9,10,6,6,2,0,0,0,0
2021 Fall,GCOM,7641,Communicating Eff as Acct Prof,039826,"Pentz,Marcia",2,14717,McIntire School of Commerce,3.75,24,0,12,6,6,0,0,0,0,0,0
2021 Fall,LAW,9361,Sep of Powers in Fed Cts Sem,046389,"Ahdout,Payvand",1,20160,School of Law,3.73,6,0,2,3,1,0,0,0,0,0,0
2021 Fall,SPAN,3300,Texts and Interpretation,035904,"Sprague,Paula",005,11848,College & Graduate Arts & Sci,3.86,17,0,13,2,1,1,0,0,0,0,0
2021 Fall,KINE,3600,Musculoskeletal Anatomy,009105,"Higgins,Michael",001,14787,School of Education and HumanDev,3.07,83,0,9,23,15,10,10,3,6,5,2
2021 Fall,ECON,5090,Mathematical Economics I,007998,"Kloosterman,Andrew",100,10421,College & Graduate Arts & Sci,3.45,17,0,6,2,2,6,1,0,0,0,0
2021 Fall,BIOL,4070,Developmental Biology Lab,003594,"Keller,Raymond",001,10864,College & Graduate Arts & Sci,4.00,18,5,13,0,0,0,0,0,0,0,0
2021 Fall,ASL,1010,Elem Amer Sign Language I,002999,"Eshgi,Maher",004,12740,College & Graduate Arts & Sci,3.34,16,0,4,5,2,3,0,1,0,0,1
2021 Fall,SPAN,3050,Spanish for Medical Profession,039916,"Opere,Alicia Lopez",001,12245,College & Graduate Arts & Sci,3.77,17,0,10,4,1,2,0,0,0,0,0
2021 Fall,KINE,3630,Emergency Medical Care,009126,"Thompson,Xavier",2,15063,School of Education and HumanDev,3.94,20,0,16,4,0,0,0,0,0,0,0
2021 Fall,ASTR,1210,Intro Sky and Solar System,003045,"Evans,Aaron",002,12239,College & Graduate Arts & Sci,3.53,133,16,59,17,7,15,7,3,3,3,3
2021 Fall,ARCH,7010,Foundation Studio III,001680,"Lorenz,Esther",004,10148,School of Architecture,3.74,10,0,4,4,2,0,0,0,0,0,0
2021 Fall,COMM,1100,Understand-World of Business,044601,"Kemp,Robert",002,14734,McIntire School of Commerce,3.41,35,0,12,7,5,5,2,2,2,0,0
2021 Fall,SOC,4430,"Love, Sex and Sociology",044163,"Zeno,Elissa",001,20791,College & Graduate Arts & Sci,3.71,18,1,12,3,0,1,0,0,0,0,1
2021 Fall,PHYS,2419,Intro Physics 2 Workshop,031079,"Bychkov,Maksim",007,10713,College & Graduate Arts & Sci,3.02,13,0,2,1,4,2,1,0,2,1,0
2021 Fall,SOC,4054,Political Sociology,035488,"Mullins,Ian",001,14143,College & Graduate Arts & Sci,3.85,20,4,9,6,0,0,1,0,0,0,0
2021 Fall,APMA,3140,App Partial Differentl Equatns,001155,"Morris,Diana",001,15416,Engineering & Applied Science,2.97,49,1,11,10,2,5,3,6,4,3,4
2021 Fall,HIEA,2011,Hist of Chinese Civilization,018287,"Zhang,Cong",001,18319,College & Graduate Arts & Sci,3.41,29,0,4,8,10,5,2,0,0,0,0
2021 Fall,ENGL,3570,Studies in American Literature,011360,"Cushman,Stephen",001,18361,College & Graduate Arts & Sci,3.46,29,0,8,6,8,4,2,1,0,0,0
2021 Fall,ENCW,3310,Intermediate Poetry Writing I,013473,"Nystrom,Debra",001,13913,College & Graduate Arts & Sci,3.92,11,0,8,3,0,0,0,0,0,0,0
2021 Fall,MATH,1140,Financial Mathematics,022937,"Maitra,Sarasij",001,12485,College & Graduate Arts & Sci,3.56,49,3,19,12,5,6,1,2,0,0,1
2021 Fall,ARCH,3120,Theories of Architecture,001526,"Putalik,Erin",001,10145,School of Architecture,3.38,73,0,20,21,11,10,5,2,1,1,2
2021 Fall,SYS,6581,Selected Topics in Sys Engr,036978,"Bezzo,Nicola",002,16203,Engineering & Applied Science,3.31,11,2,2,3,2,0,1,0,0,0,1
2021 Fall,WGS,2600,Human Sexualities,045710,"Speidel,Lisa",001,13952,College & Graduate Arts & Sci,3.98,59,0,57,0,2,0,0,0,0,0,0
2021 Fall,LPPS,6715,Ldrsp US Foreign Policymaking,041534,"Warburg,Gerald",001,17128,Batten Leadership & Public Pol,3.51,16,0,5,4,3,2,2,0,0,0,0
2021 Fall,GCOM,7210,Intro to Business Analytics,043907,"Kitchens,Brent",1,14720,McIntire School of Commerce,3.75,51,0,27,12,9,3,0,0,0,0,0
2021 Fall,NUIP,2060,Human Physiology & Anatomy I,042610,"Connelly,Christine",001,17186,School of Nursing,3.47,73,6,24,16,7,9,2,6,1,1,1
2021 Fall,ARTS,2710,Intro to Water-Based Painting,002881,"Marlatt,Megan",001,10296,College & Graduate Arts & Sci,3.85,14,4,3,7,0,0,0,0,0,0,0
2021 Fall,STS,4500,STS and Engineering Practice,036749,"Rogers,Hannah",007,15865,Engineering & Applied Science,3.78,33,2,12,17,1,0,1,0,0,0,0
2021 Fall,ARAB,2010,Intermediate Arabic I,001284,"Maanaki,Bilal",001,10287,College & Graduate Arts & Sci,3.53,17,0,6,4,3,3,0,1,0,0,0
2021 Fall,MDST,3402,War and the Media,023533,"Williams,Bruce",001,17472,College & Graduate Arts & Sci,3.46,28,0,9,9,5,1,3,0,0,0,1
2021 Fall,EDLF,6020,Diversity in Higher Ed,009767,"Garibay,Juan",1,15009,School of Education and HumanDev,3.72,14,5,4,2,0,2,1,0,0,0,0
2021 Fall,CHEM,1411,Intro College Chem I Lab,005986,"Morkowchuk,Lisa",070,14012,College & Graduate Arts & Sci,3.57,23,13,2,3,0,0,3,1,0,0,1
2021 Fall,EGMT,1510,Engaging Aesthetics,044512,"Bamert,Sophia",104,13283,College & Graduate Arts & Sci,3.88,27,1,18,6,2,0,0,0,0,0,0
2021 Fall,CHEM,1411,Intro College Chem I Lab,005986,"Morkowchuk,Lisa",002,13379,College & Graduate Arts & Sci,3.57,22,13,3,3,0,0,0,0,0,2,1
2021 Fall,LAW,7686,Mueller Rpt/Role Spec.Counsel,041897,"Zebley,Aaron",1,20544,School of Law,3.41,16,0,3,3,5,5,0,0,0,0,0
2021 Fall,ARCH,5420,Digital Animation & Strytellng,001610,"Mark,Earl",001,10022,School of Architecture,3.87,15,1,10,2,2,0,0,0,0,0,0
2021 Fall,CHEM,1411,Intro College Chem I Lab,005986,"Morkowchuk,Lisa",046,13988,College & Graduate Arts & Sci,3.80,24,18,1,2,1,0,1,0,0,1,0
2021 Fall,CHEM,1411,Intro College Chem I Lab,005986,"Morkowchuk,Lisa",076,14018,College & Graduate Arts & Sci,3.76,23,16,1,5,0,0,0,0,0,0,1
2021 Fall,DS,6040,Bayesian Machine Learning,045445,"Brown,Donald E",001,17403,School of Data Science,3.88,63,9,41,9,0,2,1,1,0,0,0
2021 Fall,SPAN,2020,Advanced Intermediate Spanish,035854,"Hervas,Maria Jose Jorquera",005,11020,College & Graduate Arts & Sci,3.82,17,6,4,6,0,0,1,0,0,0,0
2021 Fall,PHYS,8240,Advanced General Relativity,045555,"Nichols,David",001,13468,College & Graduate Arts & Sci,3.90,6,1,3,2,0,0,0,0,0,0,0
2021 Fall,ARCH,1010,Lessons of the Lawn,001471,"Waldman,Peter",100,10094,School of Architecture,3.49,112,21,25,27,14,12,6,2,1,1,3
2021 Fall,LPPA,4240,Resrch Methods & Data Analysis,042161,"Player,Daniel",200,17072,Batten Leadership & Public Pol,3.47,47,0,13,10,11,9,4,0,0,0,0
2021 Fall,LAW,7075,Quantitative Methods,021588,"Fischman,Joshua",1,20095,School of Law,3.34,27,0,3,7,8,5,4,0,0,0,0
2021 Fall,CHEM,1411,Intro College Chem I Lab,005986,"Morkowchuk,Lisa",064,14006,College & Graduate Arts & Sci,3.73,24,18,0,4,0,0,0,0,0,0,2
2021 Fall,ENWR,1510,Writing and Critical Inquiry,013432,"Ceraso,Stephanie",068,13522,College & Graduate Arts & Sci,3.95,18,0,15,3,0,0,0,0,0,0,0
2021 Fall,LAW,7018,Criminal Adjudication,021637,"Frampton,Thomas",1,20439,School of Law,3.51,48,0,7,18,16,7,0,0,0,0,0
2021 Fall,EVSC,1080,Resources and the Environment,013861,"Galloway,James",001,13916,College & Graduate Arts & Sci,3.00,157,3,43,11,16,33,4,9,23,5,10
2021 Fall,MAE,3610,Aerospace Materials,022587,"Wadley,Haydn",001,15472,Engineering & Applied Science,3.53,42,3,5,16,13,2,3,0,0,0,0
2021 Fall,SPAN,1060,Accelerated Elementary Spanish,035820,"Young,Sara",011,12128,College & Graduate Arts & Sci,3.71,17,2,5,6,3,1,0,0,0,0,0
2021 Fall,CHEM,2810,Principles Org & Bioorg Chem,005711,"Serbulea,Laura",100,10328,College & Graduate Arts & Sci,3.37,45,0,12,9,7,10,4,1,2,0,0
2021 Fall,EGMT,1530,Engaging Differences,044514,"Bagaria,Swayam",108,14525,College & Graduate Arts & Sci,4.00,28,7,21,0,0,0,0,0,0,0,0
2021 Fall,ANTH,2280,Medical Anthropology,000655,"Scherz,China",100,12026,College & Graduate Arts & Sci,3.96,119,53,60,3,0,2,0,0,1,0,0
2021 Fall,ARTS,2000,Intro to Studio Art,045397,"Chan,Amy",005,13265,College & Graduate Arts & Sci,3.66,19,0,11,2,4,1,0,0,1,0,0
2021 Fall,PSYC,7760,Intro to App Multivariate Mthd,032794,"Boker,Steven",001,13277,College & Graduate Arts & Sci,3.77,6,0,4,0,2,0,0,0,0,0,0
2021 Fall,SPAN,2020,Advanced Intermediate Spanish,035854,"Barlow,Jennifer",021,13093,College & Graduate Arts & Sci,3.49,12,0,1,8,1,0,1,1,0,0,0
2021 Fall,MSE,2500,Special Topics in MSE,041924,"Green,David",001,17034,Engineering & Applied Science,3.83,16,0,13,0,1,2,0,0,0,0,0
2021 Fall,PHYS,2030,Princip of Physics 1 Workshop,030811,"Yoon,Jongsoo",001,10921,College & Graduate Arts & Sci,3.20,25,0,3,10,2,2,2,3,3,0,0
2021 Fall,CHEM,1411,Intro College Chem I Lab,005986,"Morkowchuk,Lisa",058,14000,College & Graduate Arts & Sci,3.63,24,11,5,4,0,0,1,1,0,2,0
2021 Fall,GNUR,5250,Health Inequality,046423,"Williams,Ishan",001,20474,School of Nursing,3.91,7,0,5,2,0,0,0,0,0,0,0
2021 Fall,APMA,2120,Multivariable Calculus,001144,"Choi,Joshua",002,15398,Engineering & Applied Science,3.39,48,5,14,8,4,7,4,1,4,1,0
2021 Fall,ARTS,2000,Intro to Studio Art,045397,"Shelton,Matthew",002,13262,College & Graduate Arts & Sci,3.90,20,3,10,7,0,0,0,0,0,0,0
2021 Fall,ENWR,1505,Writing & Critical Inquiry S1,013428,"Kostelnik,Kate",005,13397,College & Graduate Arts & Sci,3.46,12,0,3,5,0,2,1,1,0,0,0
2021 Fall,CHEM,2311,Org Chem Lab I Non Chem Major,043154,"Chruma,Jason",019,18289,College & Graduate Arts & Sci,3.73,36,0,20,11,2,1,0,0,2,0,0
2021 Fall,SPAN,4705,Spanish Mass Media,039961,"Wellbeloved,Elizabeth A.",501,18226,College & Graduate Arts & Sci,3.97,10,1,8,1,0,0,0,0,0,0,0
2021 Fall,ENWR,1510,Writing and Critical Inquiry,013432,"Wallace,Vallaire",071,13973,College & Graduate Arts & Sci,3.79,17,1,10,3,1,2,0,0,0,0,0
2021 Fall,ENWR,1510,Writing and Critical Inquiry,013432,"Mcnamara,Wyatt",053,13970,College & Graduate Arts & Sci,3.79,17,1,9,4,2,1,0,0,0,0,0
2021 Fall,MDST,8966,Master's Thesis Development,045838,"Ali,Christopher",001,13982,College & Graduate Arts & Sci,3.91,7,0,5,2,0,0,0,0,0,0,0
2021 Fall,ENCW,2300,Poetry Writing,013450,"Hadley,Henrietta",004,13246,College & Graduate Arts & Sci,3.63,15,0,11,2,0,1,0,0,0,0,1
2021 Fall,PPL,2010,"Morality, Law and the State",032134,"Bird,Colin",001,13306,College & Graduate Arts & Sci,3.83,26,0,11,15,0,0,0,0,0,0,0
2021 Fall,CHEM,4320,Inorganic Chemistry,005754,"Machan,Charles",001,11815,College & Graduate Arts & Sci,3.49,74,5,15,20,18,10,4,1,1,0,0
2021 Fall,COLA,1500,College Advising Seminars,006376,"Smith,Connie",028,11791,College & Graduate Arts & Sci,3.90,18,8,4,6,0,0,0,0,0,0,0
2021 Fall,APMA,1090,Single Variable Calculus I,001138,"Ma,Hui",004,20650,Engineering & Applied Science,2.84,47,2,7,5,5,7,9,2,4,1,5
2021 Fall,EDHS,4810,Personal Adjustment,009132,"Rambo,Timothy",1,14977,School of Education and HumanDev,3.89,79,10,48,16,5,0,0,0,0,0,0
2021 Fall,PHYS,2030,Princip of Physics 1 Workshop,030811,"Yoon,Jongsoo",004,10924,College & Graduate Arts & Sci,3.50,26,0,3,10,10,3,0,0,0,0,0
2021 Fall,PHYS,5720,Intro Nuclear & Particle Phys,030901,"Baessler,Stefan",001,10957,College & Graduate Arts & Sci,3.64,10,1,3,3,2,0,1,0,0,0,0
2021 Fall,CE,6500,Special Topics in CE,004607,"Culver,Teresa",001,16898,Engineering & Applied Science,3.68,5,0,2,2,0,1,0,0,0,0,0
2021 Fall,ISSS,3160,Democracy in America,020449,"Pitman,Paul",101,20695,Continuing & Prof Studies,2.79,18,0,2,3,4,6,0,0,0,0,3
2021 Fall,PSYC,3240,Animal Minds,032492,"Meliza,Daniel",001,13251,College & Graduate Arts & Sci,3.01,91,0,18,14,8,24,6,6,8,2,5
2021 Fall,EDIS,5000,The Exceptional Learner,009423,"Cook,Bryan",500,17520,School of Education and HumanDev,3.64,22,2,13,4,1,0,0,0,1,0,1
2021 Fall,HIEU,3390,Nazi Germany,041962,"Achilles,Manuela",100,18247,College & Graduate Arts & Sci,3.77,40,0,15,22,2,0,1,0,0,0,0
2021 Fall,COLA,1500,College Advising Seminars,006376,"Flores,Nichole",013,12791,College & Graduate Arts & Sci,3.72,18,0,16,0,0,1,0,0,0,0,1
2021 Fall,ECE,4457,Computer Networks,007697,"Graham,Daniel",001,15457,Engineering & Applied Science,3.93,23,15,4,3,1,0,0,0,0,0,0
2021 Fall,NURS,4950,Distinguished Majors Seminar I,029615,"Coyne,Bethany",001,17268,School of Nursing,3.92,16,1,13,1,0,1,0,0,0,0,0
2021 Fall,KINE,5430,Advanced Exercise Physiology,009219,"Weltman,Arthur",001,14835,School of Education and HumanDev,3.71,14,4,5,1,2,1,1,0,0,0,0
2021 Fall,GNUR,5010,Introduction to Telehealth,043818,"Schweickert,Patty",001,17235,School of Nursing,3.96,20,2,15,3,0,0,0,0,0,0,0
2021 Fall,NURS,1010,Nursing First Year Seminar,045508,"Carroll,Theresa",001,17301,School of Nursing,3.87,23,11,7,4,0,0,0,1,0,0,0
2021 Fall,DANC,1400,The Art of Dance,007179,"Schetlick,Kathryn",001,10966,College & Graduate Arts & Sci,3.81,16,0,6,10,0,0,0,0,0,0,0
2021 Fall,CHEM,1411,Intro College Chem I Lab,005986,"Morkowchuk,Lisa",018,10993,College & Graduate Arts & Sci,3.76,22,13,4,4,0,0,0,0,0,0,1
2021 Fall,EDHS,2250,Stress and Anxiety Management,044538,"Knape,Erin",2,15225,School of Education and HumanDev,3.80,30,25,1,2,0,0,1,0,0,0,1
2021 Fall,CHEM,2410,Organic Chemistry I,005698,"Frantz,Alicia",200,10325,College & Graduate Arts & Sci,3.03,266,0,45,43,31,57,31,26,16,7,10
2021 Fall,MUSI,1310,Basic Musical Skills,024703,"Mueller,Justin",003,10686,College & Graduate Arts & Sci,3.27,25,0,11,6,1,1,0,2,1,1,2
2021 Fall,STS,4500,STS and Engineering Practice,036749,"Ferguson,Sean",020,16034,Engineering & Applied Science,3.93,34,0,31,2,0,0,0,1,0,0,0
2021 Fall,EVSC,4230,Marine Environmnts & Organisms,013936,"Smith,David",001,10469,College & Graduate Arts & Sci,2.78,38,3,3,2,6,5,6,4,1,6,2
2021 Fall,FREN,3031,Finding Your Voice in French,014357,"Geer,Rachel",001,10495,College & Graduate Arts & Sci,3.71,10,0,5,4,0,0,0,1,0,0,0
2021 Fall,FREN,3032,"Text, Image, Culture",014358,"Boutaghou,Ferial",001,10498,College & Graduate Arts & Sci,3.59,15,0,5,8,1,0,0,0,0,0,1
2021 Fall,MDST,3559,New Course: MDST,039189,"Borrione,Francesca",008,20761,College & Graduate Arts & Sci,3.88,19,0,16,1,1,0,1,0,0,0,0
2021 Fall,NUIP,4610,Leadershp/Mgt in Hlth Care Sys,029457,"Crandall,Mary",001,17271,School of Nursing,3.97,30,7,22,0,0,1,0,0,0,0,0
2021 Fall,ASTR,3410,Archaeo-Astronomy,003081,"Chevalier,Roger",001,11800,College & Graduate Arts & Sci,3.35,27,1,6,10,2,2,3,1,0,1,1
2021 Fall,ARCH,6500,Special Topics in Architecture,039125,"Ibarra,Jose",001,20266,School of Architecture,3.75,10,2,1,6,1,0,0,0,0,0,0
2021 Fall,PHYS,2030,Princip of Physics 1 Workshop,030811,"Yoon,Jongsoo",008,10927,College & Graduate Arts & Sci,3.05,22,0,3,3,1,6,6,2,1,0,0
2021 Fall,CE,5020,Geographic Information Systems,004577,"Miller,John",001,16098,Engineering & Applied Science,3.84,14,2,7,3,2,0,0,0,0,0,0
2021 Fall,ARH,8601,Historic Preservation: Theory,044747,"Johnston,Andrew",001,10115,School of Architecture,3.97,19,3,14,2,0,0,0,0,0,0,0
2021 Fall,PHYS,2010,Principles of Physics I,030809,"Pham,Hung",002,10704,College & Graduate Arts & Sci,2.95,134,13,26,10,13,17,14,13,10,4,14
2021 Fall,GNUR,6630,Women & Children PC Practicum,044778,"Boitnott,Amy",001,17277,School of Nursing,3.71,8,0,4,2,1,1,0,0,0,0,0
2021 Fall,PLAC,5720,Transportation and Land Use,031164,"Mondschein,Andrew",001,10121,School of Architecture,3.84,14,0,8,5,1,0,0,0,0,0,0
2021 Fall,EDLF,5470,Motivtn in Achievement Contxts,009676,"Whaley,Diane",001,14829,School of Education and HumanDev,3.94,25,0,21,3,1,0,0,0,0,0,0
2021 Fall,MSE,6592,Topics in Material Science,024433,"Opila,Elizabeth",005,18849,Engineering & Applied Science,3.87,9,1,4,4,0,0,0,0,0,0,0
2021 Fall,COMM,4522,Topics in BA,046287,"Kitchens,Brent",001,19426,McIntire School of Commerce,3.74,34,0,16,9,9,0,0,0,0,0,0
2021 Fall,GDS,3100,Development on the Ground,039954,"Edmunds,David",001,11062,College & Graduate Arts & Sci,3.91,39,5,25,7,2,0,0,0,0,0,0
2021 Fall,ECON,4210,Intl Trade: Theory & Policy,007961,"Cosar,Kerem",100,12322,College & Graduate Arts & Sci,3.40,22,2,3,7,5,2,0,2,0,1,0
2021 Fall,BIOL,4430,Exptl Plant Biology Lab,043689,"Danna,Cristian",001,12848,College & Graduate Arts & Sci,3.91,18,4,11,1,2,0,0,0,0,0,0
2021 Fall,EDLF,7150,Educational Psychology,009702,"Palacios,Natalia",001,14808,School of Education and HumanDev,3.67,19,0,15,1,0,2,0,0,0,0,1
2021 Fall,FREN,1020,Elementary French II,014274,"Nicewonger,Ashton",002,10478,College & Graduate Arts & Sci,2.69,13,0,1,2,2,3,1,1,0,1,2
2021 Fall,CJ,5610,Constitutional Law & Policing,039972,"Benoit,Carl",01,21324,Continuing & Prof Studies,3.95,19,0,16,3,0,0,0,0,0,0,0
2021 Fall,EGMT,1540,Ethical Engagement,044515,"Wolfson,Alexander",107,14249,College & Graduate Arts & Sci,3.96,25,3,19,3,0,0,0,0,0,0,0
2021 Fall,SPAN,2010,Intermediate Spanish,035853,"Acevedo-Reyes,Manuel",019,11797,College & Graduate Arts & Sci,3.73,17,2,10,3,0,0,0,1,1,0,0
2021 Fall,CHEM,1411,Intro College Chem I Lab,005986,"Morkowchuk,Lisa",073,14015,College & Graduate Arts & Sci,3.73,24,13,2,6,0,1,1,0,0,1,0
2021 Fall,PLPT,3200,African-Amer Political Thought,031931,"Balfour,Lawrie",001,18481,College & Graduate Arts & Sci,3.63,23,0,8,7,5,3,0,0,0,0,0
2021 Fall,CHEM,1411,Intro College Chem I Lab,005986,"Morkowchuk,Lisa",027,11002,College & Graduate Arts & Sci,3.52,24,12,3,4,0,1,0,1,0,1,2
2021 Fall,CHEM,1411,Intro College Chem I Lab,005986,"Morkowchuk,Lisa",024,10999,College & Graduate Arts & Sci,3.76,24,17,1,3,0,0,2,0,0,1,0
2021 Fall,CHEM,4411,Biological Chemistry Lab I,005757,"Price,Carol",101,12857,College & Graduate Arts & Sci,2.85,11,0,0,2,2,3,1,2,0,0,1
2021 Fall,ISLS,3360,Role of Memory & Human Cndtn,040972,"Matthews,Charlotte",101,20275,Continuing & Prof Studies,3.77,24,2,14,4,1,1,2,0,0,0,0
2021 Fall,FREN,2010,Intermediate French I,014315,"Marks,Emily",005,10484,College & Graduate Arts & Sci,3.78,16,0,11,3,0,1,0,1,0,0,0
2021 Fall,EVAT,5300,Introduction to Climatology,013715,"Davis,Robert",001,12687,College & Graduate Arts & Sci,3.59,13,1,2,5,4,1,0,0,0,0,0
2021 Fall,ARCH,4100,Design Research Seminar,042374,"Comazzi,John",001,10106,School of Architecture,3.69,70,1,39,18,5,2,2,1,0,1,1
2021 Fall,ENWR,1510,Writing and Critical Inquiry,013432,"Thomas,Rebecca",069,12583,College & Graduate Arts & Sci,3.91,16,0,11,5,0,0,0,0,0,0,0
2021 Fall,GNUR,8250,Applied Stats for Clin Prac,044796,"Byon,Ha Do",001,17274,School of Nursing,3.81,21,6,8,3,3,1,0,0,0,0,0
2021 Fall,LAW,9281,Legal Theory Workshop Seminar,044664,"Barzun,Charles",1,20116,School of Law,3.59,9,0,3,2,3,1,0,0,0,0,0
2021 Fall,ENCW,4810,Advanced Fiction Writing I,013491,"Alameddine,Rabih",001,13102,College & Graduate Arts & Sci,3.79,12,0,6,5,0,1,0,0,0,0,0
2021 Fall,DRAM,8559,New Course: DRAM,038633,"Kubik,Marianne",001,18547,College & Graduate Arts & Sci,3.69,8,0,3,4,0,0,1,0,0,0,0
2021 Fall,EVSC,3300,Atmosphere and Weather,013917,"Grise,Kevin",001,10463,College & Graduate Arts & Sci,3.19,72,5,22,5,10,10,5,6,3,0,6
2021 Fall,ENWR,1505,Writing & Critical Inquiry S1,013428,"Sullivan,Patricia",004,10873,College & Graduate Arts & Sci,3.22,12,0,2,1,5,2,1,0,0,1,0
2021 Fall,CHEM,3610,Physical Chemistry - Engineers,005734,"Harrison,Allan",100,12114,College & Graduate Arts & Sci,3.18,29,1,3,7,4,6,3,3,2,0,0
2021 Fall,PLAN,2110,Digital Visualization,031273,"Luegering,Michael",001,10026,School of Architecture,3.45,21,2,3,9,5,0,1,0,0,0,1
2021 Fall,RUTR,3350,19th-Cent Russian Literature,034788,"Stuart,Madelyn",001,11773,College & Graduate Arts & Sci,3.66,19,0,8,8,1,0,1,0,1,0,0
2021 Fall,ARCH,7250,Environmental Systems,001693,"Field,Eric",001,10123,School of Architecture,3.43,41,0,11,12,5,6,6,0,0,1,0
2021 Fall,LAR,6110,History of Landscape Design I,020909,"Lee,Michael",001,10141,School of Architecture,3.23,34,0,2,7,7,14,4,0,0,0,0
2021 Fall,PLAN,1010,Intro to Urban & Environ Plan,031254,"Beatley,Timothy",001,10018,School of Architecture,3.53,276,0,78,78,59,59,1,0,0,0,1
2021 Fall,ARH,8001,Methods in Architectural Hist,002034,"Crane,Sheila",001,10020,School of Architecture,3.65,14,0,5,5,2,2,0,0,0,0,0
2021 Fall,ASL,1010,Elem Amer Sign Language I,002999,"Devito,Rocco",003,11770,College & Graduate Arts & Sci,3.39,19,0,3,6,3,5,2,0,0,0,0
2021 Fall,ARCH,7240,Intro to Structural Design,045085,"Martini,Kirk",100,10130,School of Architecture,3.15,22,0,4,4,6,2,3,0,1,1,1
2021 Fall,LAR,7010,Foundation Studio III,020954,"Luegering,Michael",002,10193,School of Architecture,3.60,10,0,2,4,4,0,0,0,0,0,0
2021 Fall,ARCH,6010,Foundation Studio I,001668,"Robles,Ines Martin",001,10029,School of Architecture,3.56,12,1,2,4,3,2,0,0,0,0,0
2021 Fall,ECON,4820,Experimental Economics,007985,"Holt,Charles",001,12013,College & Graduate Arts & Sci,3.82,45,11,16,13,3,1,1,0,0,0,0
2021 Fall,ARCH,5423,Grasshopper Spatial Practice,045059,"Phinney,Lucia",001,10127,School of Architecture,3.74,17,1,10,1,3,2,0,0,0,0,0
2021 Fall,LAR,7210,EcoTech III,042664,"Seibert,Matthew",001,10129,School of Architecture,3.44,20,0,2,8,6,2,2,0,0,0,0
2021 Fall,ARCH,5500,Special Topics in Architecture,001621,"Baharlou,Ehsan",001,10149,School of Architecture,3.79,9,3,1,4,1,0,0,0,0,0,0
2021 Fall,KOR,1010,Elementary Korean I,020864,"CHOI,YOON HWA",001,10954,College & Graduate Arts & Sci,3.88,19,5,8,5,1,0,0,0,0,0,0
2021 Fall,SPAN,4500,Spec Topics Sem: Literature,035967,"Rogers,Charlotte",001,12082,College & Graduate Arts & Sci,3.80,20,0,8,11,1,0,0,0,0,0,0
2021 Fall,ARCH,1020,Lessons in Making,001472,"aranguren,Belen Gonzalez",100,10066,School of Architecture,3.90,109,42,42,20,3,0,1,0,1,0,0
2021 Fall,AAS,2224,Black Fem & Masc in US Media,042659,"Shutt,Lisa",002,12538,College & Graduate Arts & Sci,3.64,18,0,9,5,0,3,0,0,1,0,0
2021 Fall,ARCH,7010,Foundation Studio III,001680,"MacDonald,Katie",005,10196,School of Architecture,3.41,10,1,0,4,2,2,1,0,0,0,0
2021 Fall,MATH,2310,Calculus III,023024,"Uraltsev,Gennady",500,12210,College & Graduate Arts & Sci,3.25,31,3,7,7,5,1,4,0,0,2,2
2021 Fall,ARCH,7010,Foundation Studio III,001680,"Shieh,Evan",002,10146,School of Architecture,3.68,10,1,2,5,1,1,0,0,0,0,0
2021 Fall,LAR,6010,Foundation Studio I,020950,"Seibert,Matthew",002,10150,School of Architecture,3.38,12,0,1,2,7,2,0,0,0,0,0
2021 Fall,SARC,6710,Design Computation 1,045092,"Stranix,Katie",100,10132,School of Architecture,3.51,34,0,5,11,16,1,1,0,0,0,0
2021 Fall,CHEM,3410,Phys Chem - Quantum Theory,005731,"Gahlmann,Andreas",100,12085,College & Graduate Arts & Sci,3.45,91,7,23,25,12,13,6,2,0,1,2
2021 Fall,MATH,1220,A Survey of Calculus II,022945,"Castano,Alejandro De Las Penas",600,11730,College & Graduate Arts & Sci,2.96,27,1,5,3,1,8,3,1,1,3,1
2021 Fall,ARCH,7010,Foundation Studio III,001680,"Jull,Matthew",003,10147,School of Architecture,3.60,10,0,2,4,4,0,0,0,0,0,0
2021 Fall,MATH,4140,Math of Derivative Securities,023122,"Gromoll,Christian",001,12240,College & Graduate Arts & Sci,2.92,13,1,1,2,3,2,0,2,0,0,2
2021 Fall,PLAN,5892,Psychology of Environ & Space,044397,"Roe,Jennifer",001,10125,School of Architecture,3.95,12,0,10,2,0,0,0,0,0,0,0
2021 Fall,SARC,6101,"Buildings, Cities, Narratives",045562,"Li,Shiqiao",001,10179,School of Architecture,3.72,33,0,15,9,8,1,0,0,0,0,0
2021 Fall,ARCH,2150,Global Sustainability,041467,"Crisman,Phoebe",001,10119,School of Architecture,3.62,127,3,40,52,13,13,2,0,3,1,0
2021 Fall,SOC,5030,Classical Sociological Theory,035526,"Olick,Jeffrey",001,10951,College & Graduate Arts & Sci,3.80,6,0,2,4,0,0,0,0,0,0,0
2021 Fall,LAR,7500,Special Tops in Landscape Arch,045643,"Cantrell,Bradley",001,10238,School of Architecture,3.37,12,0,2,3,3,2,2,0,0,0,0
2021 Fall,PLAN,6011,Race and the American City,045893,"Sewell,Jessica",001,10244,School of Architecture,3.91,30,0,21,9,0,0,0,0,0,0,0
2021 Fall,MUSI,2302,Keyboard Skills (Beginning),025155,"Mayhood,John",002,11738,College & Graduate Arts & Sci,3.73,10,0,6,1,2,1,0,0,0,0,0
2021 Fall,SPAN,2020,Advanced Intermediate Spanish,035854,"Garcia,Laura Aguilar",014,11732,College & Graduate Arts & Sci,3.45,17,1,3,6,5,0,1,0,0,0,1
2021 Fall,MDST,3000,Theory and Criticism of Media,023501,"Bodroghkozy,Aniko",001,10913,College & Graduate Arts & Sci,3.67,14,0,4,6,4,0,0,0,0,0,0
2021 Fall,MATH,1210,A survey of Calculus I,022944,"Castro,Valentina Zapata",960,11735,College & Graduate Arts & Sci,2.87,35,0,1,14,3,2,4,1,3,5,2
2021 Fall,LAR,6010,Foundation Studio I,020950,"Cho,Leena",001,10024,School of Architecture,3.49,10,0,2,2,5,1,0,0,0,0,0
2021 Fall,ENWR,1510,Writing and Critical Inquiry,013432,"Cavens,Derek",016,12529,College & Graduate Arts & Sci,3.39,15,0,2,5,4,1,3,0,0,0,0
2021 Fall,ALAR,8100,Thesis I,000313,"Jafari,Ghazal",002,10143,School of Architecture,3.56,13,0,4,3,5,0,1,0,0,0,0
2021 Fall,SOC,3820,Social Movements,035428,"Slez,Adam",001,12742,College & Graduate Arts & Sci,3.34,32,1,10,6,4,4,2,0,5,0,0
2021 Fall,ECON,2010,Principles of Econ: Microecon,007876,"Repiquet,Marc Santugini",300,11951,College & Graduate Arts & Sci,3.36,247,28,44,51,64,22,16,3,6,4,9
2021 Fall,PLAC,5250,Applied Real Estate,045477,"Bassett,Ellen",001,10228,School of Architecture,3.59,8,0,1,4,3,0,0,0,0,0,0
2021 Fall,PHIL,2660,Philosophy of Religion,030098,"Merricks,Trenton",100,11947,College & Graduate Arts & Sci,3.34,57,0,7,16,17,10,4,1,1,1,0
2021 Fall,WGS,3800,Queer Theory,040463,"Cavalcante,Andre",001,11995,College & Graduate Arts & Sci,3.83,29,0,15,12,2,0,0,0,0,0,0
2021 Fall,FREN,3032,"Text, Image, Culture",014358,"Tsien,Jennifer",004,11675,College & Graduate Arts & Sci,3.94,15,0,12,3,0,0,0,0,0,0,0
2021 Fall,SWAH,2010,Intermediate Swahili I,036873,"Rotich,Anne",001,12335,College & Graduate Arts & Sci,2.67,10,0,4,0,1,1,1,0,0,0,3
2021 Fall,CHEM,1500,Chemistry for Health Sciences,043753,"Samonina,Jelena",001,12189,College & Graduate Arts & Sci,3.46,33,2,8,13,3,1,2,2,1,0,1
2021 Fall,CHEM,3811,Physical Chemistry I Lab,005740,"Lehmann,Kevin",100,10330,College & Graduate Arts & Sci,3.43,56,18,8,8,10,7,1,0,0,1,3
2021 Fall,FREN,1050,Accelerated Elementary French,014277,"Hill,Andrew Rivard",001,10480,College & Graduate Arts & Sci,3.51,18,0,6,4,2,5,1,0,0,0,0
2021 Fall,CHEM,1411,Intro College Chem I Lab,005986,"Morkowchuk,Lisa",004,10985,College & Graduate Arts & Sci,3.85,23,8,7,7,0,0,1,0,0,0,0
2021 Fall,ENWR,1510,Writing and Critical Inquiry,013432,"Kravetz,Rachel",038,11030,College & Graduate Arts & Sci,3.42,16,0,3,5,4,3,0,0,1,0,0
2021 Fall,ENWR,1510,Writing and Critical Inquiry,013432,"Murray,Janice",041,11034,College & Graduate Arts & Sci,3.89,18,0,14,2,2,0,0,0,0,0,0
2021 Fall,FREN,2020,Intermediate French II,014316,"Ach,Nathan",005,10492,College & Graduate Arts & Sci,3.55,13,2,5,1,0,3,2,0,0,0,0
2021 Fall,MATH,3350,Applied Linear Algebra,042858,"Gagne,Matthew",001,12702,College & Graduate Arts & Sci,3.28,38,1,7,10,5,9,2,2,1,0,1
2021 Fall,SPAN,3010,Grammar and Composition I,035893,"West,Rachel",006,11847,College & Graduate Arts & Sci,3.76,17,0,5,11,1,0,0,0,0,0,0
2021 Fall,COLA,1500,College Advising Seminars,006376,"Clay,Anna",029,11676,College & Graduate Arts & Sci,3.98,18,7,10,1,0,0,0,0,0,0,0
2021 Fall,FREN,1010,Elementary French I,014273,"Jaye,Kelsey Eren",004,11514,College & Graduate Arts & Sci,3.60,14,0,9,2,1,0,0,0,1,1,0
2021 Fall,MDST,2508,Topics in Media Practice,044925,"Clay,Anna",001,12676,College & Graduate Arts & Sci,3.73,12,0,4,6,2,0,0,0,0,0,0
2021 Fall,WGS,3810,Feminist Theory,036822,"Leach,Brittany",001,10963,College & Graduate Arts & Sci,3.52,26,0,9,4,7,5,1,0,0,0,0
2021 Fall,HIEU,2111,"Eng, Brit, Empire, 1500-1800",018398,"Halliday,Paul",100,12694,College & Graduate Arts & Sci,3.36,57,0,8,12,28,5,2,1,0,0,1
2021 Fall,COLA,1500,College Advising Seminars,006376,"Holeman,Abigail",083,12217,College & Graduate Arts & Sci,3.44,14,3,6,0,2,0,0,1,1,0,1
2021 Fall,CHEM,2411,Organic Chemistry I Laboratory,006015,"Chruma,Jason",100,10327,College & Graduate Arts & Sci,3.64,173,26,81,13,18,21,7,2,4,0,1
2021 Fall,FREN,1010,Elementary French I,014273,"Rey,Cecile",003,10476,College & Graduate Arts & Sci,3.57,17,0,6,4,4,2,1,0,0,0,0
2021 Fall,ITAL,1010,Elementary Italian I,020555,"Bonino,Nicole",004,12075,College & Graduate Arts & Sci,3.69,16,3,6,3,2,1,0,1,0,0,0
2021 Fall,ARTS,2220,Introduction to New Media I,002858,"Cuatlacuatl,Federico",001,11709,College & Graduate Arts & Sci,3.09,14,0,6,2,1,1,0,1,1,0,2
2021 Fall,MATH,1310,Calculus I,022953,"Zhang,Yuan",800,11712,College & Graduate Arts & Sci,2.74,25,0,5,2,6,1,3,2,2,1,3
2021 Fall,EVSC,3020,GIS Methods,013919,"Porter,John",100,10468,College & Graduate Arts & Sci,3.66,49,8,14,17,4,1,2,2,1,0,0
2021 Fall,ECON,8350,Advanced Macroeconomic Theory,008065,"Korinek,Anton",001,10965,College & Graduate Arts & Sci,3.60,6,0,3,0,2,1,0,0,0,0,0
2021 Fall,CHEM,5110,Organic Chemistry III,005768,"Hilinski,Michael",001,10967,College & Graduate Arts & Sci,3.44,17,0,3,5,3,6,0,0,0,0,0
2021 Fall,ECON,4990,Distinguished Majors Seminar,007951,"Miller,Amalia",001,10419,College & Graduate Arts & Sci,3.95,12,2,8,2,0,0,0,0,0,0,0
2021 Fall,EVSC,3301,Atmosphere & Weather Lab,014096,"Grise,Kevin",003,10465,College & Graduate Arts & Sci,3.71,13,0,7,5,0,0,0,0,0,1,0
2021 Fall,BIOL,3410,Human Anatomy and Physiology I,043173,"Massey,Ann",100,12028,College & Graduate Arts & Sci,3.48,349,47,105,68,36,37,22,12,13,4,5
2021 Fall,DANC,2300,Dance Improvisation,007225,"Schetlick,Kathryn",001,10964,College & Graduate Arts & Sci,3.57,12,0,7,4,0,0,0,0,0,0,1
2021 Fall,ENWR,1510,Writing and Critical Inquiry,013432,"Tolchinsky,Raisa",066,12517,College & Graduate Arts & Sci,3.96,17,0,15,2,0,0,0,0,0,0,0
2021 Fall,RELG,3605,"Religion, Violence & Strategy",039813,"Niblock,Elliott",001,12585,College & Graduate Arts & Sci,3.91,23,0,19,2,2,0,0,0,0,0,0
2021 Fall,DRAM,2020,Acting I,007200,"Faulkner,Auntais",002,12524,College & Graduate Arts & Sci,3.89,14,0,11,2,0,1,0,0,0,0,0
2021 Fall,GERM,2010,Intermediate German,015678,"Schenberg,Cora",001,10508,College & Graduate Arts & Sci,3.81,16,1,10,2,2,1,0,0,0,0,0
2021 Fall,CHEM,1810,Principles of Chem Structure,005666,"Harman,Walter",100,10323,College & Graduate Arts & Sci,3.67,117,6,61,20,17,6,2,2,1,0,2
2021 Fall,EGMT,1540,Ethical Engagement,044515,"Elia,Matt",204,12572,College & Graduate Arts & Sci,3.65,32,2,18,7,1,1,1,0,1,0,1
2021 Fall,SPAN,1060,Accelerated Elementary Spanish,035820,"Street,Matthew",007,11795,College & Graduate Arts & Sci,3.34,17,1,0,11,2,1,0,0,0,1,1
2021 Fall,COLA,1500,College Advising Seminars,006376,"Frost,Melissa",021,12793,College & Graduate Arts & Sci,4.00,18,3,15,0,0,0,0,0,0,0,0
2021 Fall,BIOL,2100,IntroBio w/Lab:Cell & Genetics,003470,"Kittlesen,David",001,10953,College & Graduate Arts & Sci,3.35,416,57,70,95,69,34,40,23,15,2,11
2021 Fall,MESA,2300,Crossing Borders: ME & SA,042658,"Cohen,Richard",100,11894,College & Graduate Arts & Sci,3.92,35,12,18,4,0,0,0,1,0,0,0
2021 Fall,HBIO,4950,Indep Research for Human Biol,017972,"Timko,Michael",001,10524,College & Graduate Arts & Sci,3.86,10,1,7,0,2,0,0,0,0,0,0
2021 Fall,ARCH,5113,Behavioral Design,045898,"Klotz,Leidy",001,10246,School of Architecture,3.90,33,0,27,4,0,2,0,0,0,0,0
2021 Fall,ARH,3613,"UNESCO,World Heritage &Tourism",045913,"Johnston,Andrew",001,10248,School of Architecture,3.48,12,0,9,1,0,0,0,0,1,0,1
2021 Fall,ARH,7613,"UNESCO,World Heritage &Tourism",045914,"Johnston,Andrew",001,10249,School of Architecture,3.97,11,4,6,1,0,0,0,0,0,0,0
2021 Fall,ARCH,3240,Intro to Structural Design,001531,"Martini,Kirk",100,10137,School of Architecture,3.31,63,3,10,14,15,9,7,2,1,1,1
2021 Fall,FREN,1020,Elementary French II,014274,"Rey,Cecile",001,10477,College & Graduate Arts & Sci,3.66,16,0,7,5,1,2,1,0,0,0,0
2021 Fall,EVSC,3200,Fundamentals of Ecology,013913,"Smith,Thomas",001,10455,College & Graduate Arts & Sci,3.58,128,12,52,24,11,16,4,4,3,0,2
2021 Fall,EGMT,1530,Engaging Differences,044514,"Braun,Herbert",202,12576,College & Graduate Arts & Sci,3.98,32,10,20,2,0,0,0,0,0,0,0
2021 Fall,EVSC,3301,Atmosphere & Weather Lab,014096,"Grise,Kevin",002,10467,College & Graduate Arts & Sci,3.76,12,0,7,4,0,0,0,1,0,0,0
2021 Fall,FREN,2020,Intermediate French II,014316,"Ach,Nathan",002,10488,College & Graduate Arts & Sci,3.57,13,1,2,5,3,2,0,0,0,0,0
2021 Fall,BIOL,9910,Rotation Research,003895,"Guler,Ali",001,10314,College & Graduate Arts & Sci,3.96,16,1,14,0,1,0,0,0,0,0,0
2021 Fall,CHIN,1020,Elementary Chinese,006048,"Wang,Rui",001,12677,College & Graduate Arts & Sci,3.91,13,0,9,4,0,0,0,0,0,0,0
2021 Fall,HIEU,2031,Ancient Greece,018390,"Lendon,Jon",100,10529,College & Graduate Arts & Sci,3.26,90,5,32,8,12,18,5,1,1,0,8
2021 Fall,STAT,1100,Chance: Intro to Statistics,036650,"Zhou,Tianyuan",001,12222,College & Graduate Arts & Sci,3.54,41,3,15,7,5,3,8,0,0,0,0
2021 Fall,ARTH,4591,Seminar in the History of Art,002569,"Skerritt,Henry",004,12829,College & Graduate Arts & Sci,3.37,13,0,6,4,1,0,0,0,0,1,1
2021 Fall,EGMT,1510,Engaging Aesthetics,044512,"Puri,Michael",202,12832,College & Graduate Arts & Sci,3.93,36,0,30,4,2,0,0,0,0,0,0
2021 Fall,GERM,2020,Intermediate German,015679,"Parker,Stefanie",002,10511,College & Graduate Arts & Sci,3.79,18,0,9,7,1,1,0,0,0,0,0
2021 Fall,PLAN,6070,Planning Theory and Practice,031389,"Diamond,Alissa",001,10122,School of Architecture,3.86,20,0,13,6,0,1,0,0,0,0,0
2021 Fall,SOC,3020,Introduction to Social Theory,035372,"Polillo,Simone",100,10813,College & Graduate Arts & Sci,3.51,51,2,19,16,6,1,4,1,0,0,2
2021 Fall,EVSC,3301,Atmosphere & Weather Lab,014096,"Crowe,David",004,10464,College & Graduate Arts & Sci,3.95,12,7,3,2,0,0,0,0,0,0,0
2021 Fall,EGMT,1530,Engaging Differences,044514,"Calamita,Francesca",201,12575,College & Graduate Arts & Sci,3.85,31,0,19,9,3,0,0,0,0,0,0
2021 Fall,SPAN,1060,Accelerated Elementary Spanish,035820,"Street,Matthew",006,11759,College & Graduate Arts & Sci,3.54,17,0,5,7,3,0,1,0,0,1,0
2021 Fall,COLA,1500,College Advising Seminars,006376,"Calamita,Francesca",003,10977,College & Graduate Arts & Sci,3.97,18,0,16,2,0,0,0,0,0,0,0
2021 Fall,ARAD,3100,Prin & Prac in Arts Administrn,001346,"Sampson,George",001,11898,College & Graduate Arts & Sci,3.80,89,0,54,25,4,4,1,0,1,0,0
2021 Fall,EVSC,3201,Fundamentals of Ecology Lab,014094,"Heffernan,Elise",001,10457,College & Graduate Arts & Sci,3.36,13,0,10,1,0,0,0,0,0,0,2
2021 Fall,PHYS,3310,Statistical Physics,030862,"Poon,Joseph",001,10721,College & Graduate Arts & Sci,3.00,47,2,8,6,5,3,10,5,4,4,0
2021 Fall,KOR,2010,Intermediate Korean I,020866,"Han,Rosa",002,11078,College & Graduate Arts & Sci,3.48,20,2,2,8,4,2,1,0,1,0,0
2021 Fall,EVSC,3201,Fundamentals of Ecology Lab,014094,"O'Donnell,Kelsey",004,10459,College & Graduate Arts & Sci,3.82,10,0,4,6,0,0,0,0,0,0,0
2021 Fall,ENCW,4820,Poetry Program Poetics,012874,"Teare,Brian",001,11938,College & Graduate Arts & Sci,3.62,12,5,5,0,0,0,0,0,0,2,0
2021 Fall,EVSC,3600,Physical Hydrology,013915,"Scanlon,Todd",001,10461,College & Graduate Arts & Sci,3.02,32,5,3,4,3,7,1,2,5,1,1
2021 Fall,BIOL,4070,Developmental Biology Lab,003594,"Keller,Raymond",002,10865,College & Graduate Arts & Sci,4.00,18,5,13,0,0,0,0,0,0,0,0
2021 Fall,GERM,2010,Intermediate German,015678,"Schroeder,Kathryn",002,10510,College & Graduate Arts & Sci,3.84,10,0,6,3,1,0,0,0,0,0,0
2021 Fall,CHEM,1411,Intro College Chem I Lab,005986,"Morkowchuk,Lisa",035,11867,College & Graduate Arts & Sci,3.77,24,17,2,3,0,0,0,0,0,2,0
2021 Fall,CHEM,1411,Intro College Chem I Lab,005986,"Morkowchuk,Lisa",036,11868,College & Graduate Arts & Sci,3.85,22,12,5,4,0,0,0,0,1,0,0
2021 Fall,MATH,1310,Calculus I,022953,"Will,David",900,12698,College & Graduate Arts & Sci,3.14,26,0,5,5,5,6,1,1,1,1,1
2021 Fall,ARCH,7120,20th-21st c History of Ideas,001688,"Last,Nana",001,10131,School of Architecture,3.45,46,0,2,19,19,5,1,0,0,0,0
2021 Fall,EGMT,1520,Empirical Engagement,044513,"Date,Priya",101,12470,College & Graduate Arts & Sci,3.83,37,3,26,2,4,1,0,0,1,0,0
2021 Fall,ENWR,1510,Writing and Critical Inquiry,013432,"Keyser,Emelye",058,12409,College & Graduate Arts & Sci,3.78,16,0,10,3,2,0,1,0,0,0,0
2021 Fall,PSYC,2600,Intro to Social Psychology,032521,"Mazurek,Christopher",001,10759,College & Graduate Arts & Sci,3.24,344,0,43,129,51,56,18,16,15,5,11
2021 Fall,CHEM,1411,Intro College Chem I Lab,005986,"Morkowchuk,Lisa",020,10995,College & Graduate Arts & Sci,3.47,23,8,5,4,1,0,2,0,0,1,2
2021 Fall,EVSC,4995,Supervised Research,013985,"Epstein,Howard",010,11366,College & Graduate Arts & Sci,3.94,17,1,15,0,0,1,0,0,0,0,0
2021 Fall,CHEM,5410,Adv Biological Chemistry I,005801,"Cafiso,David",001,10341,College & Graduate Arts & Sci,3.65,11,1,3,4,2,0,1,0,0,0,0
2021 Fall,ECON,3720,Introduction to Econometrics,007939,"Farmer,Leland",101,11511,College & Graduate Arts & Sci,2.99,64,4,8,7,5,15,8,6,7,4,0
2021 Fall,STAT,2120,Intro to Statistical Analysis,036655,"Ross,Richard",002,10853,College & Graduate Arts & Sci,3.34,198,0,61,41,29,26,21,7,6,1,6
2021 Fall,PLAN,4040,Planning in Government,031295,"Cockrell,William",001,10166,School of Architecture,3.78,31,0,21,7,1,0,0,1,0,1,0
2021 Fall,DRAM,3410,Acting II,007263,"Dalton,Dave",001,11677,College & Graduate Arts & Sci,3.79,14,4,7,0,0,3,0,0,0,0,0
2021 Fall,SPAN,2020,Advanced Intermediate Spanish,035854,"Florez-Murillo,David",015,11733,College & Graduate Arts & Sci,3.70,18,0,6,9,1,2,0,0,0,0,0
2021 Fall,KOR,2010,Intermediate Korean I,020866,"Han,Rosa",001,12253,College & Graduate Arts & Sci,3.38,17,3,4,5,0,1,1,0,2,0,1
2021 Fall,ECON,3010,Intermediate Microeconomics,007908,"Repiquet,Marc Santugini",100,12121,College & Graduate Arts & Sci,3.00,198,14,51,32,10,18,10,26,0,10,27
2021 Fall,SPAN,1060,Accelerated Elementary Spanish,035820,"Street,Matthew",008,11796,College & Graduate Arts & Sci,3.34,17,0,1,7,4,4,0,0,0,1,0
2021 Fall,LAR,7110,Theorizing Landscape Arch,020917,"Meyer,Elizabeth",002,10140,School of Architecture,3.79,23,1,11,7,4,0,0,0,0,0,0
2021 Fall,FREN,3031,Finding Your Voice in French,014357,"Simotas,Spyridon",002,10497,College & Graduate Arts & Sci,3.60,11,0,5,1,3,2,0,0,0,0,0
2021 Fall,CHEM,1411,Intro College Chem I Lab,005986,"Morkowchuk,Lisa",010,11965,College & Graduate Arts & Sci,3.25,23,15,1,2,0,0,0,0,0,2,3
2021 Fall,COLA,1500,College Advising Seminars,006376,"Kubik,Marianne",020,11760,College & Graduate Arts & Sci,3.76,18,0,16,1,0,0,0,0,0,0,1
2021 Fall,ECON,3720,Introduction to Econometrics,007939,"Farmer,Leland",100,11853,College & Graduate Arts & Sci,3.00,63,4,8,10,6,11,4,6,10,4,0
2021 Fall,SPAN,1060,Accelerated Elementary Spanish,035820,"Hogg,Jennifer",005,11873,College & Graduate Arts & Sci,3.60,18,0,1,14,0,3,0,0,0,0,0
2021 Fall,SPAN,2020,Advanced Intermediate Spanish,035854,"Hervas,Maria Jose Jorquera",006,11874,College & Graduate Arts & Sci,3.93,16,3,9,4,0,0,0,0,0,0,0
2021 Fall,MATH,1140,Financial Mathematics,022937,"Akhmechet,Rostislav",002,11901,College & Graduate Arts & Sci,3.32,42,6,16,2,3,3,3,2,5,1,1
2021 Fall,LAR,7500,Special Tops in Landscape Arch,045643,"Davis,Brian",002,10250,School of Architecture,3.75,8,2,3,1,1,1,0,0,0,0,0
2021 Fall,CHEM,1811,Principles Chem Structure Lab,006007,"Zhang,Sen",002,11969,College & Graduate Arts & Sci,3.82,23,1,11,9,2,0,0,0,0,0,0
2021 Fall,CASS,1010,College Art Scholars Seminar,041612,"Rasbury,Michael",001,11722,College & Graduate Arts & Sci,3.99,22,17,4,1,0,0,0,0,0,0,0
2021 Fall,RUSS,2010,Second-Year Russian I,034637,"Stuart,Madelyn",001,10789,College & Graduate Arts & Sci,3.83,15,0,9,4,2,0,0,0,0,0,0
2021 Fall,SPAN,3300,Texts and Interpretation,035904,"Sprague,Paula",006,11875,College & Graduate Arts & Sci,3.79,15,0,10,4,0,0,0,0,1,0,0
2021 Fall,PHYS,1429,Intro Physics 1 Workshop,031036,"Bychkov,Maksim",002,11960,College & Graduate Arts & Sci,3.07,24,0,2,10,3,2,1,1,3,1,1
2021 Fall,SPAN,1060,Accelerated Elementary Spanish,035820,"Young,Sara",010,12127,College & Graduate Arts & Sci,3.80,17,0,7,9,1,0,0,0,0,0,0
2021 Fall,PLAP,4500,Special Topics,031588,"Kromkowski,Charles",001,11918,College & Graduate Arts & Sci,3.73,12,0,6,4,1,0,1,0,0,0,0
2021 Fall,SPAN,2010,Intermediate Spanish,035853,"Badang,Germain",007,11934,College & Graduate Arts & Sci,3.46,17,0,3,8,0,5,0,1,0,0,0
2021 Fall,GERM,3000,Advanced German,015707,"Dobryden,Paul",001,11910,College & Graduate Arts & Sci,3.61,16,0,5,7,3,0,0,0,1,0,0
2021 Fall,PHYS,1429,Intro Physics 1 Workshop,031036,"Bychkov,Maksim",005,11963,College & Graduate Arts & Sci,3.05,23,0,0,9,3,4,2,2,2,0,1
2021 Fall,STAT,5430,Stat Comp with Python and R,040821,"Brown,Taylor",001,11954,College & Graduate Arts & Sci,3.62,52,0,20,17,9,1,3,2,0,0,0
2021 Fall,ENWR,1510,Writing and Critical Inquiry,013432,"Gottschlich,Michelle",045,12045,College & Graduate Arts & Sci,3.95,18,1,14,3,0,0,0,0,0,0,0
2021 Fall,STAT,3080,From Data to Knowledge,040829,"Martinet,Gretchen",003,12707,College & Graduate Arts & Sci,3.58,71,0,24,32,4,6,1,1,1,1,1
2021 Fall,STAT,3120,Intro Mathematical Statistics,040000,"Weinstock,Justin",001,11864,College & Graduate Arts & Sci,3.56,80,13,26,17,4,11,5,1,0,1,2
2021 Fall,WGS,3105,Issues in LGBTQ Studies,042714,"Meyer,Doug",001,11903,College & Graduate Arts & Sci,3.08,28,0,2,5,11,3,3,1,2,0,1
2021 Fall,PHYS,7410,Electricity and Magnetism I,042834,"Yagi,Kento",001,11921,College & Graduate Arts & Sci,3.41,28,3,6,4,4,6,5,0,0,0,0
2021 Fall,MATH,4310,Introduction to Real Analysis,023135,"Humphries,Peter Christopher Leslie",001,12168,College & Graduate Arts & Sci,3.32,24,8,6,2,1,0,2,1,1,2,1
2021 Fall,EGMT,1520,Empirical Engagement,044513,"Phillips,Amanda",205,12567,College & Graduate Arts & Sci,3.75,38,0,23,12,1,0,1,0,0,0,1
2021 Fall,DRAM,2020,Acting I,007200,"Jacobs,Christine",004,12526,College & Graduate Arts & Sci,3.59,13,0,9,1,0,1,1,0,0,0,1
2021 Fall,EGMT,1540,Ethical Engagement,044515,"Bagaria,Swayam",200,12570,College & Graduate Arts & Sci,3.73,35,10,17,3,1,0,3,0,0,0,1
2021 Fall,HIEU,2061,The Birth of Europe,018393,"Kershaw,Paul",100,12691,College & Graduate Arts & Sci,3.44,43,0,1,24,12,2,2,1,1,0,0
2021 Fall,PHYS,2030,Princip of Physics 1 Workshop,030811,"Yoon,Jongsoo",015,10934,College & Graduate Arts & Sci,3.40,21,0,5,6,3,4,2,0,1,0,0
2021 Fall,CHEM,2311,Org Chem Lab I Non Chem Major,043154,"Chruma,Jason",002,12023,College & Graduate Arts & Sci,3.70,18,1,7,7,0,2,1,0,0,0,0
2021 Fall,AAS,2224,Black Fem & Masc in US Media,042659,"Shutt,Lisa",001,12312,College & Graduate Arts & Sci,3.63,16,0,9,3,2,0,1,0,0,1,0
2021 Fall,SPAN,2020,Advanced Intermediate Spanish,035854,"Barlow,Jennifer",023,12180,College & Graduate Arts & Sci,3.60,15,0,3,10,1,0,0,0,0,1,0
2021 Fall,CHEM,2410,Organic Chemistry I,005698,"Serbulea,Laura L",600,11971,College & Graduate Arts & Sci,3.68,31,2,18,3,1,5,1,0,1,0,0
2021 Fall,SPAN,2010,Intermediate Spanish,035853,"Park,Sara",011,10835,College & Graduate Arts & Sci,3.79,17,0,8,7,2,0,0,0,0,0,0
2021 Fall,DRAM,2020,Acting I,007200,"Kelly,Colleen",001,12523,College & Graduate Arts & Sci,3.60,13,0,3,6,3,0,1,0,0,0,0
2021 Fall,CHEM,1411,Intro College Chem I Lab,005986,"Morkowchuk,Lisa",039,12874,College & Graduate Arts & Sci,3.18,21,7,2,4,0,0,3,0,1,3,1
2021 Fall,ASL,2010,Intermed Amer Sign Language I,003001,"Eshgi,Maher",004,11878,College & Graduate Arts & Sci,3.43,16,0,6,2,4,2,0,1,1,0,0
2021 Fall,CHEM,1411,Intro College Chem I Lab,005986,"Morkowchuk,Lisa",042,12877,College & Graduate Arts & Sci,3.44,24,11,4,4,1,0,1,0,0,1,2
2021 Fall,BIOL,4910,Life Sciences Research,043055,"Kawasaki,Masashi",001,12009,College & Graduate Arts & Sci,3.99,91,50,39,1,1,0,0,0,0,0,0
2021 Fall,COLA,1500,College Advising Seminars,006376,"Davis,Matthew",014,12792,College & Graduate Arts & Sci,3.89,18,0,13,4,1,0,0,0,0,0,0
2021 Fall,RELJ,3170,Modern Jewish Thought,042626,"Biemann,Asher",001,11892,College & Graduate Arts & Sci,3.79,19,2,8,6,3,0,0,0,0,0,0
2021 Fall,MATH,2315,Adv Calculus and Lin Alg I,023415,"Koberda,Thomas",100,11974,College & Graduate Arts & Sci,3.58,20,1,9,2,3,3,2,0,0,0,0
2021 Fall,PHYS,1429,Intro Physics 1 Workshop,031036,"Bychkov,Maksim",004,11962,College & Graduate Arts & Sci,3.15,24,0,3,1,9,5,4,1,1,0,0
2021 Fall,ENWR,1510,Writing and Critical Inquiry,013432,"Cheney,Evan",047,12272,College & Graduate Arts & Sci,3.41,18,0,4,6,4,2,0,1,0,1,0
2021 Fall,STAT,3080,From Data to Knowledge,040829,"Martinet,Gretchen",002,12437,College & Graduate Arts & Sci,3.69,105,0,27,59,14,4,1,0,0,0,0
2021 Fall,ASL,3010,Conversational ASL,003005,"Propp,Gregory",001,11930,College & Graduate Arts & Sci,3.77,18,0,8,7,3,0,0,0,0,0,0
2021 Fall,ASTR,1220,Intro Stars Galaxies Universe,003047,"Kallivayalil,Nitya",001,11897,College & Graduate Arts & Sci,3.76,134,0,85,31,6,7,0,2,1,0,2
2021 Fall,ANTH,4591,Majors Seminar,000804,"Scherz,China",001,12721,College & Graduate Arts & Sci,3.95,18,6,9,3,0,0,0,0,0,0,0
2021 Fall,LAR,7010,Foundation Studio III,020954,"Jafari,Ghazal",003,10239,School of Architecture,3.60,11,2,3,1,3,2,0,0,0,0,0
2021 Fall,ARH,1010,History of Architecture I,001844,"Reilly,Lisa",100,10002,School of Architecture,3.37,133,0,12,47,41,20,9,2,0,1,1
2021 Fall,MATH,2310,Calculus III,023024,"Tsai,Wei-Lun",300,11972,College & Graduate Arts & Sci,3.57,31,0,13,7,6,2,1,1,1,0,0
2021 Fall,GSMS,3010,Global Middle East &South Asia,044594,"Farmer,Tessa",001,12519,College & Graduate Arts & Sci,3.56,17,0,8,6,1,0,0,0,0,1,1
2021 Fall,PHIL,2500,Survey on a PhilosophicalTopic,043637,"Irving,Zachary",200,12738,College & Graduate Arts & Sci,3.42,99,3,26,18,28,19,2,0,0,0,3
2021 Fall,ARCH,3070,Foundations in Design Practice,043663,"Coe-Scharff,Jonah",001,10169,School of Architecture,3.85,14,3,4,7,0,0,0,0,0,0,0
2021 Fall,ENWR,1510,Writing and Critical Inquiry,013432,"Gottschlich,Michelle",011,10880,College & Graduate Arts & Sci,3.91,18,0,15,1,2,0,0,0,0,0,0
2021 Fall,MATH,3000,Transition to Higher Math,023049,"Balderrama,William",100,12700,College & Graduate Arts & Sci,2.85,23,0,4,3,6,2,2,1,1,0,4
2021 Fall,ARAB,1010,Elementary Arabic I,001279,"Maanaki,Bilal",004,11895,College & Graduate Arts & Sci,3.95,13,0,11,2,0,0,0,0,0,0,0
2021 Fall,MATH,3100,Introduction to Probability,023058,"Melcher,Tai",003,11975,College & Graduate Arts & Sci,3.06,20,0,5,2,1,6,0,3,2,1,0
2021 Fall,FREN,1050,Accelerated Elementary French,014277,"Simotas,Spyridon",003,10983,College & Graduate Arts & Sci,3.59,16,1,5,5,3,1,0,0,1,0,0
2021 Fall,GSSJ,3010,Global Security and Justice,043544,"Furia,Peter",001,12120,College & Graduate Arts & Sci,3.87,28,0,17,10,1,0,0,0,0,0,0
2021 Fall,CHEM,5320,Adv Inorganic Chemistry II,005781,"Pu,Lin",001,12537,College & Graduate Arts & Sci,3.26,11,0,1,1,4,5,0,0,0,0,0
2021 Fall,COLA,1500,College Advising Seminars,006376,"Luedtke,Karlin",065,12108,College & Graduate Arts & Sci,3.88,18,0,11,7,0,0,0,0,0,0,0
2021 Fall,PLAN,6110,Digital Tech for Plan I 2D/3D,045553,"Solla-Yates,Lyle",001,10182,School of Architecture,3.93,25,0,19,6,0,0,0,0,0,0,0
2021 Fall,MATH,7340,Complex Analysis I,023223,"Hayes,Benjamin",001,11879,College & Graduate Arts & Sci,3.73,12,1,6,2,1,2,0,0,0,0,0
2021 Fall,GSVS,2050,Sustainable Energy Systems,044233,"Groves,James",001,12789,College & Graduate Arts & Sci,2.92,59,1,8,8,8,8,12,3,5,2,4
2021 Fall,SPAN,2010,Intermediate Spanish,035853,"Baptista,Karina",021,12130,College & Graduate Arts & Sci,3.66,14,1,3,7,2,0,1,0,0,0,0
2021 Fall,ARCH,3010,Foundation Studio IV,001517,"Ibarra,Jose",002,10261,School of Architecture,3.49,11,0,4,3,1,1,1,1,0,0,0
2021 Fall,FREN,3031,Finding Your Voice in French,014357,"Krueger,Cheryl",004,10496,College & Graduate Arts & Sci,3.74,15,0,7,5,2,1,0,0,0,0,0
2021 Fall,CHIN,2010,Intermediate Chinese,006053,"Geng,Ziyi",003,12066,College & Graduate Arts & Sci,3.94,15,0,12,3,0,0,0,0,0,0,0
2021 Fall,STAT,5170,Applied Time Series,036677,"Spitzner,Dan",001,11956,College & Graduate Arts & Sci,3.34,53,0,12,12,11,11,3,2,1,0,1
2021 Fall,SPAN,3300,Texts and Interpretation,035904,"Opere,Alicia Lopez",007,12043,College & Graduate Arts & Sci,3.75,16,0,8,4,4,0,0,0,0,0,0
2021 Fall,ASTR,1210,Intro Sky and Solar System,003045,"Li,Zhi-Yun",003,11822,College & Graduate Arts & Sci,3.22,133,18,18,27,23,9,14,9,6,4,5
2021 Fall,GREE,1010,Elementary Greek,017175,"Dillery,John",100,10518,College & Graduate Arts & Sci,3.39,22,1,11,0,3,4,1,0,0,0,2
2021 Fall,CHEM,1811,Principles Chem Structure Lab,006007,"Zhang,Sen",001,11968,College & Graduate Arts & Sci,3.68,24,2,10,6,5,0,0,0,0,1,0
2021 Fall,DRAM,3651,Directing I,007272,"Dalton,Dave",001,12321,College & Graduate Arts & Sci,3.77,10,0,6,2,1,1,0,0,0,0,0
2021 Fall,PHYS,2010,Principles of Physics I,030809,"Shields,Matthew Wayne",300,12020,College & Graduate Arts & Sci,3.67,28,1,9,10,7,0,1,0,0,0,0
2021 Fall,MATH,3100,Introduction to Probability,023058,"Melcher,Tai",002,12701,College & Graduate Arts & Sci,2.60,32,2,8,0,0,9,1,0,5,2,5
2021 Fall,PHYS,1660,Practical Computing,043759,"Wright,Bryan",002,12616,College & Graduate Arts & Sci,3.59,16,0,5,6,2,2,1,0,0,0,0
2021 Fall,ANTH,1010,Introduction to Anthropology,000600,"Handler,Richard",100,10276,College & Graduate Arts & Sci,3.68,179,18,74,47,16,14,6,2,0,1,1
2021 Fall,ARTS,2110,Introduction to Photography I,002865,"Scheuren,James",001,10294,College & Graduate Arts & Sci,3.51,16,0,3,8,3,0,1,0,1,0,0
2021 Fall,PHYS,2030,Princip of Physics 1 Workshop,030811,"Bychkov,Maxim Aleksandrovich",010,10929,College & Graduate Arts & Sci,3.98,15,10,4,1,0,0,0,0,0,0,0
2021 Fall,PHYS,2030,Princip of Physics 1 Workshop,030811,"Yoon,Jongsoo",011,10930,College & Graduate Arts & Sci,3.63,25,0,8,9,5,3,0,0,0,0,0
2021 Fall,PHYS,2030,Princip of Physics 1 Workshop,030811,"Yoon,Jongsoo",012,10931,College & Graduate Arts & Sci,3.44,24,0,4,7,9,2,1,1,0,0,0
2021 Fall,PHYS,2030,Princip of Physics 1 Workshop,030811,"Yoon,Jongsoo",013,10932,College & Graduate Arts & Sci,3.32,25,0,0,8,8,9,0,0,0,0,0
2021 Fall,PHYS,2030,Princip of Physics 1 Workshop,030811,"Yoon,Jongsoo",014,10933,College & Graduate Arts & Sci,3.08,25,0,1,5,6,7,2,1,3,0,0
2021 Fall,SPAN,2010,Intermediate Spanish,035853,"Rabke,Sarah",010,10827,College & Graduate Arts & Sci,3.64,17,0,7,7,0,1,1,1,0,0,0
2021 Fall,ENWR,1510,Writing and Critical Inquiry,013432,"Ard,DeVan",044,12015,College & Graduate Arts & Sci,3.88,17,0,15,0,0,2,0,0,0,0,0
2021 Fall,EVSC,3201,Fundamentals of Ecology Lab,014094,"Parisien,Alexandra",006,11814,College & Graduate Arts & Sci,3.60,10,2,6,0,0,1,0,0,0,0,1
2021 Fall,PLAN,5220,Real Estate Finance Fundmntals,045476,"Jr,Henry Salomonsky",001,10232,School of Architecture,3.57,13,0,1,7,5,0,0,0,0,0,0
2021 Fall,ARCH,5717,Mapping as Critical Practice,045875,"Dobrowolski,Devin",001,10234,School of Architecture,3.54,20,0,2,10,6,2,0,0,0,0,0
2021 Fall,RELC,2245,Global Christianity,040767,"Henry,James",001,12727,College & Graduate Arts & Sci,3.63,57,0,18,28,6,1,1,2,0,0,1
2021 Fall,DRAM,1020,Speaking in Public,007178,"Close,Tovah",001,12555,College & Graduate Arts & Sci,3.67,16,0,4,10,0,1,1,0,0,0,0
2021 Fall,PHIL,2500,Survey on a PhilosophicalTopic,043637,"Barnes,Elizabeth",100,12736,College & Graduate Arts & Sci,3.35,116,0,11,30,48,13,10,3,1,0,0
2021 Fall,ECON,3030,Money and Banking,007910,"Doyle,Carter",200,12165,College & Graduate Arts & Sci,3.25,89,0,13,26,13,23,6,2,4,0,2
2021 Fall,SPAN,3010,Grammar and Composition I,035893,"Garcia,Zaida Villanueva",004,10842,College & Graduate Arts & Sci,3.85,16,0,8,8,0,0,0,0,0,0,0
2021 Fall,ANTH,4591,Majors Seminar,000804,"Fraser,Gertrude",002,12722,College & Graduate Arts & Sci,3.26,13,0,4,3,2,2,1,0,0,0,1
2021 Fall,KOR,3010,Advanced Korean I,020868,"Han,Rosa",001,10955,College & Graduate Arts & Sci,3.43,15,0,3,4,3,4,1,0,0,0,0
2021 Fall,GERM,1010,Elementary German,015642,"Neuhaus,Christina",002,10502,College & Graduate Arts & Sci,3.65,12,0,5,5,0,1,0,1,0,0,0
2021 Fall,GERM,1010,Elementary German,015642,"Schenberg,Cora",003,10505,College & Graduate Arts & Sci,3.90,19,2,13,3,0,1,0,0,0,0,0
2021 Fall,PHYS,2419,Intro Physics 2 Workshop,031079,"Bychkov,Maksim",011,10716,College & Graduate Arts & Sci,3.58,22,0,7,7,5,1,2,0,0,0,0
2021 Fall,EVSC,3201,Fundamentals of Ecology Lab,014094,"Ha,Dat",003,10458,College & Graduate Arts & Sci,3.60,13,0,6,4,1,0,1,0,1,0,0
2021 Fall,EGMT,1540,Ethical Engagement,044515,"Bennett,Benjamin",105,12581,College & Graduate Arts & Sci,3.73,19,0,9,6,2,2,0,0,0,0,0
2021 Fall,ENWR,1510,Writing and Critical Inquiry,013432,"Johnson,Lindgren",032,10899,College & Graduate Arts & Sci,3.93,18,4,10,4,0,0,0,0,0,0,0
2021 Fall,HIND,1010,Elementary Hindi-Urdu I,018890,"Nasir,Abdul",002,12670,College & Graduate Arts & Sci,3.74,11,2,3,4,1,1,0,0,0,0,0
2021 Fall,PHYS,2415,General Physics II,031076,"Pesin,Dmytro",002,10968,College & Graduate Arts & Sci,2.95,147,0,23,21,16,22,28,13,11,8,5
2021 Fall,PHIL,1730,Intro to Moral & Pol Phil,030030,"Lomasky,Loren",100,12731,College & Graduate Arts & Sci,3.36,103,0,47,7,11,20,5,1,6,3,3
2021 Fall,SOC,1010,Introductory Sociology,035243,"Mullins,Ian",100,10799,College & Graduate Arts & Sci,3.65,294,1,137,80,37,18,8,5,6,2,0
2021 Fall,ENWR,1510,Writing and Critical Inquiry,013432,"Kessenich,Marissa",034,10901,College & Graduate Arts & Sci,3.86,18,0,11,6,1,0,0,0,0,0,0
2021 Fall,MATH,4110,Intro to Stochastic Processes,023119,"Do,Yen",001,12167,College & Graduate Arts & Sci,3.53,31,2,17,6,2,1,0,0,0,1,2
2021 Fall,SPAN,2010,Intermediate Spanish,035853,"Neff,Kate",009,12079,College & Graduate Arts & Sci,3.91,17,2,10,5,0,0,0,0,0,0,0
2021 Fall,ECON,8170,Industrial Organization I,008057,"Anderson,Simon",001,10429,College & Graduate Arts & Sci,3.26,12,1,1,2,1,5,2,0,0,0,0
2021 Fall,FREN,2010,Intermediate French I,014315,"Onyima,Nnenna",002,10486,College & Graduate Arts & Sci,3.96,17,0,15,2,0,0,0,0,0,0,0
2021 Fall,MATH,4040,Discrete Mathematics,023091,"Wang,Weiqiang",001,10616,College & Graduate Arts & Sci,3.04,21,1,3,6,2,3,0,3,0,1,2
2021 Fall,PST,4850,PST Core Seminar I,032367,"Smith,Michael",001,10937,College & Graduate Arts & Sci,3.91,22,2,17,2,0,0,1,0,0,0,0
2021 Fall,GSVS,2150,Global Sustainability,043975,"Crisman,Phoebe",001,12739,College & Graduate Arts & Sci,3.52,39,0,11,16,5,4,1,0,0,1,1
2021 Fall,ENWR,1510,Writing and Critical Inquiry,013432,"Thomas,Rebecca",020,10887,College & Graduate Arts & Sci,3.58,18,0,6,7,1,3,0,1,0,0,0
2021 Fall,ECON,8210,International Trade Theory,008059,"Mclaren,John",001,10430,College & Graduate Arts & Sci,3.39,12,0,2,3,4,1,2,0,0,0,0
2021 Fall,ENWR,1510,Writing and Critical Inquiry,013432,"Chakrabarti,Ankita",060,12410,College & Graduate Arts & Sci,3.82,10,0,4,6,0,0,0,0,0,0,0
2021 Fall,SPAN,2010,Intermediate Spanish,035853,"Jarque,Esperanza Gorriz",015,10837,College & Graduate Arts & Sci,3.61,17,0,7,6,2,0,0,2,0,0,0
2021 Fall,SPAN,3010,Grammar and Composition I,035893,"Moguel,Ana Piriz",005,12768,College & Graduate Arts & Sci,3.60,18,0,8,6,2,0,0,1,0,1,0
2021 Fall,PHYS,1429,Intro Physics 1 Workshop,031036,"Bychkov,Maksim",001,11959,College & Graduate Arts & Sci,3.36,21,0,8,4,1,4,1,1,0,2,0
2021 Fall,CHEM,2311,Org Chem Lab I Non Chem Major,043154,"Chruma,Jason",001,12022,College & Graduate Arts & Sci,3.61,28,1,9,10,1,6,1,0,0,0,0
2021 Fall,ECON,3720,Introduction to Econometrics,007939,"Michener,Ronald",300,12214,College & Graduate Arts & Sci,2.57,43,1,9,1,2,6,4,7,4,2,7
2021 Fall,RUSS,1010,First-Year Russian I,034614,"Borovskaya-Ellis,Anna",001,10784,College & Graduate Arts & Sci,3.76,17,0,13,0,0,4,0,0,0,0,0
2021 Fall,ECON,7010,Microeconomic Theory I,008020,"Troyan,Peter",100,10423,College & Graduate Arts & Sci,3.35,17,0,4,2,4,5,2,0,0,0,0
2021 Fall,PLAN,3011,Race and the American City,045892,"Sewell,Jessica",001,10243,School of Architecture,3.89,16,0,10,6,0,0,0,0,0,0,0
2021 Fall,ANTH,2800,Introduction to Archaeology,000698,"Trella,Phillip",100,10277,College & Graduate Arts & Sci,3.74,58,6,29,15,3,3,0,0,0,1,1
2021 Fall,PLAC,5240,Collaborative Planning,031134,"Dukes,E Franklin",001,10231,School of Architecture,3.96,8,3,4,1,0,0,0,0,0,0,0
2021 Fall,LAR,6210,EcoTech I,041736,"Cho,Leena",001,10237,School of Architecture,3.41,35,0,4,8,18,3,2,0,0,0,0
2021 Fall,MATH,1310,Calculus I,022953,"James,Daniel",700,10594,College & Graduate Arts & Sci,3.17,27,2,6,5,4,2,2,2,1,0,3
2021 Fall,MATH,1310,Calculus I,022953,"Carawan,Tanner",100,10581,College & Graduate Arts & Sci,2.78,22,0,2,5,3,4,1,2,1,1,3
2021 Fall,ENWR,1510,Writing and Critical Inquiry,013432,"Foody,Kaelin",064,12516,College & Graduate Arts & Sci,3.81,16,0,7,8,1,0,0,0,0,0,0
2021 Fall,DRAM,2020,Acting I,007200,"Kelly,Colleen",003,12525,College & Graduate Arts & Sci,3.88,13,0,9,3,1,0,0,0,0,0,0
2021 Fall,ECON,4190,Industrial Organization,007959,"Ciliberto,Federico",090,12454,College & Graduate Arts & Sci,3.24,37,5,10,3,3,5,6,1,1,2,1
2021 Fall,DRAM,3820,Video Design I,044178,"Kasra,Mona",001,12522,College & Graduate Arts & Sci,3.58,10,0,2,5,1,2,0,0,0,0,0
2021 Fall,STAT,3220,Intro to Regression Analysis,040001,"Varanyak,Krista",001,12278,College & Graduate Arts & Sci,3.88,74,0,48,24,2,0,0,0,0,0,0
2021 Fall,COLA,1500,College Advising Seminars,006376,"Buckelew,Rose",011,12790,College & Graduate Arts & Sci,3.69,16,0,11,0,1,3,1,0,0,0,0
2021 Fall,EGMT,1510,Engaging Aesthetics,044512,"Bamert,Sophia",106,12563,College & Graduate Arts & Sci,3.98,26,3,21,2,0,0,0,0,0,0,0
2021 Fall,ASL,1010,Elem Amer Sign Language I,002999,"Propp,Gregory",001,10860,College & Graduate Arts & Sci,3.27,19,0,6,2,3,3,3,0,1,1,0
2021 Fall,CHEM,1411,Intro College Chem I Lab,005986,"Morkowchuk,Lisa",014,11866,College & Graduate Arts & Sci,3.54,24,12,4,4,0,0,2,0,0,0,2
2021 Fall,CHEM,1411,Intro College Chem I Lab,005986,"Morkowchuk,Lisa",013,11865,College & Graduate Arts & Sci,3.26,24,10,3,3,0,1,1,1,1,3,1
2021 Fall,ENWR,2700,News Writing,013457,"Kelly,Charles",002,10905,College & Graduate Arts & Sci,3.15,10,0,2,1,3,1,0,3,0,0,0
2021 Fall,MATH,1210,A survey of Calculus I,022944,"Saad,Hasan",930,10577,College & Graduate Arts & Sci,3.16,36,0,3,14,2,7,6,1,1,0,2
2021 Fall,CHEM,1411,Intro College Chem I Lab,005986,"Morkowchuk,Lisa",005,10986,College & Graduate Arts & Sci,3.73,23,17,2,1,0,0,1,0,1,0,1
2021 Fall,SPAN,3400,Surv Span Lt I (Mid Ages-1700),035908,"Salado,Benjamin Romero",001,12769,College & Graduate Arts & Sci,3.91,16,4,7,5,0,0,0,0,0,0,0
2021 Fall,ENWR,1510,Writing and Critical Inquiry,013432,"Gottschlich,Michelle",046,12046,College & Graduate Arts & Sci,3.97,18,0,16,2,0,0,0,0,0,0,0
2021 Fall,PHS,4050,Public Health Policy,043758,"Quissell,Kathryn",001,12190,College & Graduate Arts & Sci,3.99,49,30,17,2,0,0,0,0,0,0,0
2021 Fall,EVSC,3201,Fundamentals of Ecology Lab,014094,"Elsherbini,Jemima",002,10456,College & Graduate Arts & Sci,3.88,13,3,7,2,0,1,0,0,0,0,0
2021 Fall,RELG,4500,Majors Seminar,034232,"Mathewes,Charles",001,11890,College & Graduate Arts & Sci,3.78,17,0,8,7,1,1,0,0,0,0,0
2021 Fall,EGMT,1510,Engaging Aesthetics,044512,"Hu,Jasmine",205,12835,College & Graduate Arts & Sci,3.95,37,2,33,0,1,1,0,0,0,0,0
2021 Fall,CHEM,1411,Intro College Chem I Lab,005986,"Morkowchuk,Lisa",040,12875,College & Graduate Arts & Sci,3.43,23,13,1,4,0,0,2,0,0,1,2
2021 Fall,EGMT,1510,Engaging Aesthetics,044512,"Smith,Wendy",204,12834,College & Graduate Arts & Sci,3.84,37,5,26,3,1,1,0,0,0,0,1
2021 Fall,CE,2010,Civil Engineering Techniques,004429,"Smith,Brian",001,15417,Engineering & Applied Science,3.20,57,0,24,7,4,9,3,0,6,0,4
2021 Fall,FREN,2020,Intermediate French II,014316,"Hapgood,Pascale",007,10490,College & Graduate Arts & Sci,3.47,17,0,2,6,6,3,0,0,0,0,0
2021 Fall,FREN,2320,Intensive Intermediate French,014336,"amor,Syrine Ben",001,10493,College & Graduate Arts & Sci,3.83,10,0,7,1,2,0,0,0,0,0,0
2021 Fall,EDIS,3020,The Exceptional Learner,009391,"Therrien,William",1,15138,School of Education and HumanDev,3.92,40,3,32,3,0,1,1,0,0,0,0
2021 Fall,EDIS,5030,Design Effec Lrn Exp & Environ,009426,"Pease,Jennifer",1,15139,School of Education and HumanDev,3.80,30,10,14,1,0,3,2,0,0,0,0
2021 Fall,EDLF,7300,Foundations of Ed Research,009717,"Youngs,Peter",001,15145,School of Education and HumanDev,3.97,18,0,16,2,0,0,0,0,0,0,0
2021 Fall,LAW,7740,Advis Brd Debt Restruct (SC),043819,"Kaufman,Peter",1,19171,School of Law,3.55,12,0,2,4,6,0,0,0,0,0,0
2021 Fall,LAW,9295,Fed Crim Pre-Trial&Trial Prac,044736,"Zlotnick,Howard",1,19178,School of Law,3.63,6,0,1,4,0,1,0,0,0,0,0
2021 Fall,LAW,7189,Internet Law,045984,"Oliar,Dotan",1,19282,School of Law,3.46,24,1,4,6,7,4,2,0,0,0,0
2021 Fall,STS,4500,STS and Engineering Practice,036749,"Norton,Peter",003,15533,Engineering & Applied Science,3.79,32,0,23,2,3,4,0,0,0,0,0
2021 Fall,HIEA,2031,Modern China,018288,"Reed,Bradly",100,11751,College & Graduate Arts & Sci,3.35,174,0,33,45,28,52,8,2,5,0,1
2021 Fall,STS,4500,STS and Engineering Practice,036749,"Seabrook,Bryn",009,15943,Engineering & Applied Science,3.78,33,0,13,18,0,2,0,0,0,0,0
2021 Fall,CS,6501,Spec Top: Computer Science,006981,"Zhang,Miaomiao",010,17001,Engineering & Applied Science,3.84,16,0,11,3,1,1,0,0,0,0,0
2021 Fall,LPPA,6150,Res Methods & Data Analysis I,032141,"Hudson,Sally",200,17037,Batten Leadership & Public Pol,3.45,46,2,16,7,4,10,5,0,2,0,0
2021 Fall,MDST,3504,Topics in Global Media,042990,"Banerjee,Sayan",005,17667,College & Graduate Arts & Sci,3.63,13,0,1,9,3,0,0,0,0,0,0
2021 Fall,MDST,3510,Topics in Media Research,045771,"Morimoto,Lori",004,17668,College & Graduate Arts & Sci,3.70,29,1,21,2,1,2,1,0,0,0,1
2021 Fall,CHIN,5810,Media Chinese I,006084,"Zhao,Ran",001,11782,College & Graduate Arts & Sci,3.71,10,0,6,3,0,0,0,0,1,0,0
2021 Fall,SPAN,2020,Advanced Intermediate Spanish,035854,"Ballesta,Marina Escamez",011,11027,College & Graduate Arts & Sci,3.91,18,1,13,3,1,0,0,0,0,0,0
2021 Fall,MATH,1210,A survey of Calculus I,022944,"Liles,Louisa",100,10567,College & Graduate Arts & Sci,2.78,33,0,5,4,9,1,0,3,3,5,3
2021 Fall,PHYS,2419,Intro Physics 2 Workshop,031079,"Bychkov,Maksim",003,10709,College & Graduate Arts & Sci,3.55,14,0,3,5,4,2,0,0,0,0,0
2021 Fall,PHYS,7010,Theoretical Mechanics I,030887,"Heeck,Julian",001,10725,College & Graduate Arts & Sci,3.46,28,3,5,6,6,4,4,0,0,0,0
2021 Fall,LAW,9283,Constitutionalism and Culture,044662,"Howard,A. E.",1,19170,School of Law,3.58,16,0,3,9,2,1,0,1,0,0,0
2021 Fall,LAW,8026,Taking Effective Depositions,043842,"Bognar,Ellen",1,19276,School of Law,3.55,21,0,0,13,8,0,0,0,0,0,0
2021 Fall,PST,4998,Thesis/Political & Soc Thought,032377,"Smith,Michael",001,10757,College & Graduate Arts & Sci,3.96,22,0,19,3,0,0,0,0,0,0,0
2021 Fall,GNUR,6315,AGAC Seminar II,017000,"Wiencek,Clareen",001,17324,School of Nursing,3.58,29,0,1,20,6,2,0,0,0,0,0
2021 Fall,AMST,3471,American Cinema,046318,"Chong,Sylvia",001,20911,College & Graduate Arts & Sci,3.71,18,3,8,3,0,3,1,0,0,0,0
2021 Fall,LAW,7144,Negotiation,043847,"Spellman,Barbara",1,20101,School of Law,3.49,29,0,3,9,16,1,0,0,0,0,0
2021 Fall,LAW,8669,Holistic Juvenile Defen Clinic,046000,"Shin,Crystal",1,20110,School of Law,3.57,6,0,0,4,2,0,0,0,0,0,0
2021 Fall,LAW,9358,Critical Persp in Bus Law,046384,"Hwang,Cathy",1,20158,School of Law,3.51,15,0,3,5,4,3,0,0,0,0,0
2021 Fall,LATI,1030,Fundamentals of Latin,021105,"Celotto,Giulio",002,11012,College & Graduate Arts & Sci,3.51,17,1,6,5,1,1,0,3,0,0,0
2021 Fall,PLAN,3310,"Racism and Planning, 1945-1965",040802,"Moomaw,Suzanne",001,19872,School of Architecture,3.34,12,1,5,2,1,0,2,0,0,0,1
2021 Fall,COMM,3200,Project & Product Management,006498,"Leopold,Jeffrey",002,14728,McIntire School of Commerce,3.57,42,0,10,19,7,4,1,0,1,0,0
2021 Fall,GCNL,5180,Synthesis Practicum,015379,"Drake,Emily",001,17169,School of Nursing,3.91,49,1,42,4,0,0,1,1,0,0,0
2021 Fall,NUCO,3610,Maternal/Child Nursing,043226,"Kastello,Jennifer",001,17206,School of Nursing,3.69,46,0,20,20,2,1,1,1,0,0,1
2021 Fall,EDIS,7220,Intro to Gifted,009709,"Missett,Tracy",500,17550,School of Education and HumanDev,3.51,20,3,9,4,0,1,1,0,0,1,1
2021 Fall,BIOL,4012,Disease Ecology and Evolution,046300,"Gibson,Amanda",001,19814,College & Graduate Arts & Sci,3.81,38,3,16,15,4,0,0,0,0,0,0
2021 Fall,SOC,2470,Amer Society & Popular Culture,035337,"Foster,B.",100,20500,College & Graduate Arts & Sci,3.71,59,18,20,10,3,3,4,0,0,0,1
2021 Fall,PHYS,1050,How Things Work,030776,"Neu,Chris",001,10702,College & Graduate Arts & Sci,3.07,105,0,21,21,17,15,7,5,5,6,8
2021 Fall,PHYS,2630,Elementary Laboratory I,030827,"Marshall,Rick",100,10705,College & Graduate Arts & Sci,3.14,30,4,6,4,4,2,5,2,1,0,2
2021 Fall,GCNL,5240,Leadership Seminar,015369,"Craig,Sarah",001,17172,School of Nursing,3.98,54,3,50,0,0,1,0,0,0,0,0
2021 Fall,EDIS,5060,Math Instruction Special Ed,009429,"Morano,Stephanie",500,17526,School of Education and HumanDev,3.73,16,3,8,0,2,3,0,0,0,0,0
2021 Fall,SPAN,2010,Intermediate Spanish,035853,"Familia,Yafrainy",002,10831,College & Graduate Arts & Sci,3.57,18,0,6,9,0,1,0,1,0,1,0
2021 Fall,ENWR,1505,Writing & Critical Inquiry S1,013428,"Sullivan,Patricia",003,10872,College & Graduate Arts & Sci,3.51,12,0,3,4,2,2,1,0,0,0,0
2021 Fall,ENWR,1510,Writing and Critical Inquiry,013432,"Benson,Austin",001,10874,College & Graduate Arts & Sci,3.64,18,0,7,8,1,1,0,0,0,1,0
2021 Fall,CHEM,1410,Intro College Chemistry I,005649,"Columbus,Linda",100,19649,College & Graduate Arts & Sci,3.41,258,4,77,65,40,33,21,5,3,5,5
2021 Fall,ENWR,1510,Writing and Critical Inquiry,013432,"D'Errico,Jon",012,10881,College & Graduate Arts & Sci,3.79,18,0,9,7,1,1,0,0,0,0,0
2021 Fall,MDST,3650,Shooting the Western,042874,"Little,William",001,17629,College & Graduate Arts & Sci,3.76,29,1,16,4,7,1,0,0,0,0,0
2021 Fall,PHYS,2419,Intro Physics 2 Workshop,031079,"Bychkov,Maksim",005,10711,College & Graduate Arts & Sci,3.17,20,0,0,6,4,7,1,1,1,0,0
2021 Fall,EDHS,3250,Prof Dev & Team Dynamics,042978,"Flora,Amanda",1,15147,School of Education and HumanDev,3.86,34,0,32,0,1,0,0,0,0,0,1
2021 Fall,MDST,4510,Capstone Topics,045773,"Ali,Christopher",001,19433,College & Graduate Arts & Sci,3.76,12,0,7,3,1,0,1,0,0,0,0
2021 Fall,GERM,3010,Texts and Interpretations,015708,"Dobryden,Paul",001,10512,College & Graduate Arts & Sci,3.49,16,0,5,7,1,0,2,0,0,0,1
2021 Fall,ENWR,3900,Career-Based Writing/Rhetoric,040841,"Casteen,John",001,12483,College & Graduate Arts & Sci,3.41,14,0,2,5,4,2,0,0,1,0,0
2021 Fall,PHYS,3110,Widely Applied Physics,030854,"Cox,Bradley",100,10718,College & Graduate Arts & Sci,3.18,16,3,2,2,2,2,4,0,0,0,1
2021 Fall,WGS,3340,Transnational Feminism,040835,"Keys,Domale",001,18510,College & Graduate Arts & Sci,3.28,25,0,0,8,11,2,3,0,1,0,0
2021 Fall,PHYS,2419,Intro Physics 2 Workshop,031079,"Bychkov,Maksim",002,10708,College & Graduate Arts & Sci,3.53,24,2,4,9,6,1,1,0,1,0,0
2021 Fall,EVSC,1010,Intro Environmental Sciences,013836,"Smith,Thomas",001,10450,College & Graduate Arts & Sci,3.83,296,40,157,57,31,9,2,0,0,0,0
2021 Fall,SYS,6001,Intro Systems Analysis&Design,036947,"Scherer,William",600,20586,Engineering & Applied Science,3.55,29,2,6,8,8,5,0,0,0,0,0
2021 Fall,KINE,5725,Interventions in AT,044586,"Saliba,Susan",1,20792,School of Education and HumanDev,3.47,16,1,4,5,1,2,2,1,0,0,0
2021 Fall,HIUS,3071,The Coming of the Civil War,019569,"Varon,Elizabeth",100,12246,College & Graduate Arts & Sci,3.51,54,2,14,15,10,10,1,1,1,0,0
2021 Fall,MATH,4220,PDEs and Applied Math,023129,"Grujic,Zoran",001,12703,College & Graduate Arts & Sci,3.20,40,2,7,8,7,6,4,1,4,0,1
2021 Fall,ECE,6501,Topics: Elect & Computer Engr,007731,"Li,Jundong",005,16919,Engineering & Applied Science,3.88,8,1,6,0,0,1,0,0,0,0,0
2021 Fall,CS,6333,Mobile and IoT Security,045681,"Tian,Yuan",001,16996,Engineering & Applied Science,3.91,45,10,30,3,0,0,1,1,0,0,0
2021 Fall,ENWR,1510,Writing and Critical Inquiry,013432,"Jayne,Ian",015,10884,College & Graduate Arts & Sci,3.89,18,0,13,4,1,0,0,0,0,0,0
2021 Fall,PLCP,4200,Comparative Legislatures,031705,"Mershon,Carol",001,18455,College & Graduate Arts & Sci,3.49,14,0,1,8,3,1,0,1,0,0,0
2021 Fall,PLIR,4450,Clash Ideas World Pol,041610,"Owen,John",001,18480,College & Graduate Arts & Sci,3.58,15,0,4,5,4,2,0,0,0,0,0
2021 Fall,ECON,7020,Macroeconomic Theory I,008021,"Young,Eric",100,10425,College & Graduate Arts & Sci,3.41,17,0,4,4,4,3,1,1,0,0,0
2021 Fall,CHEM,4090,Analytical Chemistry,005783,"Pompano,Rebecca",001,12244,College & Graduate Arts & Sci,3.49,36,14,12,0,0,4,0,2,2,0,2
2021 Fall,MDST,2559,New Course: MDST,039188,"Cribben,Patrick",1,20798,College & Graduate Arts & Sci,3.03,15,1,2,6,1,1,1,1,0,0,2
2021 Fall,HILA,1501,Intro Sem in Latin Amer Hist,018763,"Sweeney,Lean",001,20799,College & Graduate Arts & Sci,3.94,10,4,4,2,0,0,0,0,0,0,0
2021 Fall,SYS,4050,Risk Analysis,045929,"Lambert,James",001,16949,Engineering & Applied Science,3.94,45,9,30,5,0,0,1,0,0,0,0
2021 Fall,SPAN,3010,Grammar and Composition I,035893,"Poveda,Esther",001,10840,College & Graduate Arts & Sci,3.46,18,0,2,11,1,2,0,1,1,0,0
2021 Fall,PSYC,5280,Neuropsychopharmacology,046395,"Erisir,Alev",001,20164,College & Graduate Arts & Sci,3.83,6,0,4,1,1,0,0,0,0,0,0
2021 Fall,NUCO,4110,Complex and Transitional Care,043227,"Craig,Sarah",001,17242,School of Nursing,3.86,92,0,63,21,6,2,0,0,0,0,0
2021 Fall,ARAB,1010,Elementary Arabic I,001279,"Maanaki,Bilal",001,11707,College & Graduate Arts & Sci,3.69,19,0,7,8,2,2,0,0,0,0,0
2021 Fall,MAE,2020,Intro to Mechanical Engrng,046329,"Russell,Shawn",001,19719,Engineering & Applied Science,3.33,81,0,12,18,26,15,5,4,0,0,1
2021 Fall,MAE,2040,Computer Aided Design,046331,"Russell,Shawn",001,19721,Engineering & Applied Science,3.59,30,0,5,17,4,3,1,0,0,0,0
2021 Fall,ENGL,2560,Contemporary Literature,012508,"Burke,Jordan",003,20825,College & Graduate Arts & Sci,3.50,15,0,4,5,2,2,2,0,0,0,0
2021 Fall,EVHY,7630,Land-Atmosphere Interaction,013792,"Scanlon,Todd",001,10449,College & Graduate Arts & Sci,2.99,7,0,1,0,2,2,0,1,1,0,0
2021 Fall,PSHM,3010,Intro to Health Care Mgmnt,043305,"Kronenburg,Maria",101,20259,Continuing & Prof Studies,3.70,21,0,14,4,1,1,0,0,0,0,1
2021 Fall,MDST,2508,Topics in Media Practice,044925,"Morimoto,Lori",002,20516,College & Graduate Arts & Sci,3.89,14,0,10,3,1,0,0,0,0,0,0
2021 Fall,COMM,3410,Commercial Law I,006470,"Moore,Sherri",001,14760,McIntire School of Commerce,3.25,240,0,41,79,36,33,17,10,7,6,11
2021 Fall,NUCO,3110,Adult-Gero Nursing,043224,"Hundt,Elizabeth",001,17204,School of Nursing,3.83,84,0,47,32,3,1,1,0,0,0,0
2021 Fall,ENCW,3559,New Course: ENCW,043746,"Martin-Beecher,Anna",001,20806,College & Graduate Arts & Sci,3.88,11,1,8,1,0,1,0,0,0,0,0
2021 Fall,MDST,3559,New Course: MDST,039189,"Duncan,Sean",002,17632,College & Graduate Arts & Sci,3.48,29,2,9,9,1,3,1,2,2,0,0
2021 Fall,EDIS,3060,Poverty and the Young Child,045749,"LoCasale-Crouch,Jennifer",500,20057,School of Education and HumanDev,3.98,29,18,10,0,1,0,0,0,0,0,0
2021 Fall,LAW,9081,Trial Advocacy,022023,"Russell,Anthony",2,19169,School of Law,3.50,9,0,0,6,1,2,0,0,0,0,0
2021 Fall,EVSC,2801,Fundamentals of Geology Lab,014091,"Nelson,Michelle",100,10452,College & Graduate Arts & Sci,3.26,13,0,4,2,2,1,3,0,0,0,1
2021 Fall,SPAN,2020,Advanced Intermediate Spanish,035854,"Arevalo,Gabriela Dongo",001,12081,College & Graduate Arts & Sci,3.74,13,0,3,9,1,0,0,0,0,0,0
2021 Fall,PLCP,3500,Topics in Comp Politics,041289,"Schoppa,Len",001,20358,College & Graduate Arts & Sci,3.75,24,3,10,6,4,0,1,0,0,0,0
2021 Fall,EGMT,1540,Ethical Engagement,044515,"Bagaria,Swayam",101,12474,College & Graduate Arts & Sci,3.93,35,14,13,8,0,0,0,0,0,0,0
2021 Fall,PHYS,2415,General Physics II,031076,"Chatterjee,Utpal",001,10706,College & Graduate Arts & Sci,2.79,54,0,3,8,8,8,8,8,6,3,2
2021 Fall,RUSS,1010,First-Year Russian I,034614,"Borovskaya-Ellis,Anna",002,10783,College & Graduate Arts & Sci,3.69,14,0,10,2,0,1,0,0,0,0,1
2021 Fall,EDLF,5160,Life Span Development,043142,"Sweeney,Beverly",1,15103,School of Education and HumanDev,3.88,36,4,22,7,2,1,0,0,0,0,0
2021 Fall,EDLF,7605,Anthropology of Education,009735,"Hoffman,Diane",1,15104,School of Education and HumanDev,2.56,17,1,4,1,0,1,5,1,0,0,4
2021 Fall,LNGS,3250,Intro to Linguistic Theory,022530,"Elson,Mark",001,10565,College & Graduate Arts & Sci,3.22,39,0,8,9,9,5,3,1,2,0,2
2021 Fall,MUEN,3650,University Singers,024591,"Slon,Michael",001,10662,College & Graduate Arts & Sci,4.00,81,2,78,1,0,0,0,0,0,0,0
2021 Fall,PLCP,3630,Politics in India and Pakistan,031697,"Echeverri-Gent,John",100,12099,College & Graduate Arts & Sci,3.19,58,0,4,14,17,12,8,0,1,0,2
2021 Fall,EDIS,5428,ESL Methods PreK-12,045531,"Ford,Karen Lee",501,20067,School of Education and HumanDev,3.90,24,4,17,1,0,2,0,0,0,0,0
2021 Fall,LPPS,4735,Exp Social Entrepreneurship,042312,"Mahoney,Christine",001,17132,Batten Leadership & Public Pol,4.00,24,8,16,0,0,0,0,0,0,0,0
2021 Fall,COMM,3720,Intermediate Corporate Finance,006484,"Schenone,Carola",002,14759,McIntire School of Commerce,3.54,14,4,3,2,4,0,0,0,0,0,1
2021 Fall,ENWR,1510,Writing and Critical Inquiry,013432,"Kluever,Molly",031,10898,College & Graduate Arts & Sci,3.82,18,1,14,1,0,0,1,1,0,0,0
2021 Fall,EGMT,1520,Empirical Engagement,044513,"Date,Priya",103,12472,College & Graduate Arts & Sci,3.92,36,4,26,3,3,0,0,0,0,0,0
2021 Fall,GERM,1020,Elementary German,015643,"Schroeder,Kathryn",002,10506,College & Graduate Arts & Sci,3.27,11,0,6,1,1,1,0,0,1,0,1
2021 Fall,PHYS,2620,Modern Physics,030844,"Group,Robert",100,12281,College & Graduate Arts & Sci,3.22,66,3,24,4,6,11,5,1,6,3,3
2021 Fall,PHYS,2030,Princip of Physics 1 Workshop,030811,"Yoon,Jongsoo",007,10926,College & Graduate Arts & Sci,3.46,24,0,4,9,5,5,0,1,0,0,0
2021 Fall,PSYC,4420,RM: Brain Mapping with MRI,046315,"Horn,John Van",001,19748,College & Graduate Arts & Sci,3.88,25,10,10,3,0,2,0,0,0,0,0
2021 Fall,HISA,2001,Hist & Civil of Classic India,018917,"Leonard,Spencer",001,20823,College & Graduate Arts & Sci,3.54,15,0,5,6,1,1,0,2,0,0,0
2021 Fall,EDHS,4010,Tech Apps Special Populations,042944,"Appert,Christine",1,14946,School of Education and HumanDev,3.98,19,13,5,1,0,0,0,0,0,0,0
2021 Fall,PSYC,3260,Brain Science Thru Diversity,046304,"Ribic,Adema",001,19730,College & Graduate Arts & Sci,3.83,63,11,33,15,3,0,0,0,0,0,1
2021 Fall,BME,4550,Spec Topics: Biomedical Engr,004090,"Fallahi-Sichani,Mohammad",003,19429,Engineering & Applied Science,3.89,15,2,11,1,0,0,1,0,0,0,0
2021 Fall,CS,2501,Spec Topic: Computer Science,041128,"Nguyen,Rich",001,19833,Engineering & Applied Science,3.99,30,6,23,1,0,0,0,0,0,0,0
2021 Fall,CLAS,2010,Greek Civilization,006297,"Arthur-Montagne,Jacqueline",100,11515,College & Graduate Arts & Sci,3.57,112,10,48,20,10,14,3,4,1,0,2
2021 Fall,SOC,5140,Qualitative Methods,035536,"Pugh,Allison",001,20062,College & Graduate Arts & Sci,3.81,7,0,4,2,1,0,0,0,0,0,0
2021 Fall,PHYS,1010,The Physical Universe,030772,"Liyanage,Nilanga",001,10701,College & Graduate Arts & Sci,3.30,60,2,9,13,12,12,8,2,2,0,0
2021 Fall,STAT,3080,From Data to Knowledge,040829,"Martinet,Gretchen",001,12336,College & Graduate Arts & Sci,3.65,103,0,30,53,14,4,0,0,1,0,1
2021 Fall,GNUR,8410,Grant Writing,017085,"Alhusen,Jeanne",001,17207,School of Nursing,3.90,6,0,4,2,0,0,0,0,0,0,0
2021 Fall,HIEU,3501,Introductory History Workshop,046290,"Sessions,Jennifer",002,19454,College & Graduate Arts & Sci,3.76,16,0,11,3,1,0,0,0,0,1,0
2021 Fall,MDST,4670,Screening White Supremacy,045396,"Little,William",001,17637,College & Graduate Arts & Sci,3.64,21,2,9,7,2,0,0,0,0,0,1
2021 Fall,MATH,1220,A Survey of Calculus II,022945,"Pandey,Badri",100,10579,College & Graduate Arts & Sci,3.14,28,0,8,2,2,9,3,1,0,2,1
2021 Fall,MAE,2320,Dynamics,022576,"Esfarjani,Keivan",001,17012,Engineering & Applied Science,2.64,23,1,3,3,3,2,1,1,3,2,4
2021 Fall,STS,2500,S & T in Soc & Global Context,036734,"Berne,Rosalyn",003,17026,Engineering & Applied Science,3.53,35,2,6,10,12,5,0,0,0,0,0
2021 Fall,COMM,4522,Topics in BA,046287,"Kitchens,Brent",002,19427,McIntire School of Commerce,3.71,39,0,18,12,4,5,0,0,0,0,0
2021 Fall,MAE,4650,Aircraft Design I,037544,"Quinlan,Jesse",001,15530,Engineering & Applied Science,3.99,25,9,15,1,0,0,0,0,0,0,0
2021 Fall,DEM,7500,Democracy Seminar I,046369,"Dubois,Laurent Marc",001,20061,College & Graduate Arts & Sci,3.98,14,3,10,1,0,0,0,0,0,0,0
2021 Fall,CE,6710,Adv Mech of Materials,004556,"Pindera,Marek-Jerzy",600,19773,Engineering & Applied Science,3.53,7,1,2,1,1,1,1,0,0,0,0
2021 Fall,CS,6501,Spec Top: Computer Science,006981,"Fletcher,Tom",002,16999,Engineering & Applied Science,3.49,34,1,12,9,6,2,2,1,0,0,1
2021 Fall,ENWR,1510,Writing and Critical Inquiry,013432,"Stephens,Samantha",026,10893,College & Graduate Arts & Sci,3.89,18,1,12,4,1,0,0,0,0,0,0
2021 Fall,ENWR,1510,Writing and Critical Inquiry,013432,"Fowler,Charity",029,10896,College & Graduate Arts & Sci,4.00,18,13,5,0,0,0,0,0,0,0,0
2021 Fall,CS,6501,Spec Top: Computer Science,006981,"Li,Jundong",009,16998,Engineering & Applied Science,3.65,11,3,3,2,0,2,1,0,0,0,0
2021 Fall,BIOL,3050,Introduction to Neurobiology,003543,"Condron,Barry",001,10310,College & Graduate Arts & Sci,3.14,231,27,2,65,55,19,21,11,6,12,13
2021 Fall,CHEM,2311,Org Chem Lab I Non Chem Major,043154,"Chruma,Jason",006,12463,College & Graduate Arts & Sci,3.70,36,0,15,14,4,2,0,1,0,0,0
2021 Fall,ANTH,5470,Language and Identity,000856,"Wendte,Nathan",001,20813,College & Graduate Arts & Sci,3.78,6,0,4,1,0,1,0,0,0,0,0
2021 Fall,MDST,3750,"Money, Media, and Technology",044893,"Swartz,Lana",001,17634,College & Graduate Arts & Sci,3.67,30,0,4,21,5,0,0,0,0,0,0
2021 Fall,PLIR,2030,Intl Relations of East Asia,031799,"Schoppa,Len",100,20359,College & Graduate Arts & Sci,3.57,60,0,21,19,7,7,5,1,0,0,0
2021 Fall,APMA,3120,Statistics,001154,"Lark,James",001,15414,Engineering & Applied Science,2.94,44,0,8,5,10,6,1,4,4,4,2
2021 Fall,MDST,3600,Women and Television,023515,"Clay,Anna",001,17633,College & Graduate Arts & Sci,4.00,30,2,28,0,0,0,0,0,0,0,0
2021 Fall,CHIN,4010,Advanced Chinese I,006067,"Zhao,Ran",002,12249,College & Graduate Arts & Sci,3.85,13,0,10,2,0,0,1,0,0,0,0
2021 Fall,MATH,1210,A survey of Calculus I,022944,"Cernekova,Kristina",200,10568,College & Graduate Arts & Sci,3.00,35,0,2,10,9,1,6,4,0,0,3
2021 Fall,ENWR,1510,Writing and Critical Inquiry,013432,"Wallace,Samantha",028,10895,College & Graduate Arts & Sci,3.52,18,0,4,6,4,4,0,0,0,0,0
2021 Fall,ECON,4340,Theory of Financial Markets,007968,"Burton,Edwin",100,10420,College & Graduate Arts & Sci,3.45,84,1,19,23,18,20,2,0,0,0,1
2021 Fall,CHE,4491,Chemical Engineering Lab II,005481,"Prpich,George",101,15536,Engineering & Applied Science,3.59,15,0,3,7,3,2,0,0,0,0,0
2021 Fall,LAW,7091,Water Law and Policy,021651,"Szeptycki,Leon",1,20096,School of Law,3.59,9,0,2,3,4,0,0,0,0,0,0
2021 Fall,MDST,3505,Diversity & Identity in Media,042979,"Dave,Shilpa",001,17627,College & Graduate Arts & Sci,3.81,22,0,15,4,0,3,0,0,0,0,0
2021 Fall,SPAN,2020,Advanced Intermediate Spanish,035854,"Ballesta,Marina Escamez",009,11025,College & Graduate Arts & Sci,3.42,17,2,4,6,2,1,0,1,0,0,1
2021 Fall,EDHS,4050,Introduction to Audiology,044392,"Turner,Cassandra",1,15100,School of Education and HumanDev,3.90,47,3,36,5,2,0,0,1,0,0,0
2021 Fall,CS,6888,Software Analysis,045682,"Elbaum,Sebastian",001,16997,Engineering & Applied Science,3.04,26,2,5,3,4,5,0,0,3,2,2
2021 Fall,AMST,3001,Theories & Methods of Amer Std,000457,"Shukla,Sandhya",001,12315,College & Graduate Arts & Sci,3.21,16,1,6,2,3,0,0,0,3,0,1
2021 Fall,ANTH,4591,Majors Seminar,000804,"Morgenstern,Michelle",003,19709,College & Graduate Arts & Sci,2.71,11,0,4,3,0,0,1,0,0,0,3
2021 Fall,CJ,3150,Intro National Security LE,046524,"Anglin,Adrian Christian",01,21372,Continuing & Prof Studies,4.00,22,2,20,0,0,0,0,0,0,0,0
2021 Fall,LAW,9324,"Law, Inequality & Educ Reform",045618,"Robinson,Kimberly",1,19283,School of Law,3.44,14,0,4,1,6,2,1,0,0,0,0
2021 Fall,FREN,1050,Accelerated Elementary French,014277,"Simotas,Spyridon",002,10479,College & Graduate Arts & Sci,3.39,12,0,3,3,3,1,1,0,1,0,0
2021 Fall,BME,4550,Spec Topics: Biomedical Engr,004090,"Zunder,Eli",001,19430,Engineering & Applied Science,3.58,18,0,8,5,0,4,0,0,1,0,0
2021 Fall,MUSI,4600,Performance with Computers,044442,"Burtner,Matthew",100,12442,College & Graduate Arts & Sci,3.12,11,3,5,0,0,0,0,1,0,0,2
2021 Fall,LAW,9354,Privacy Law & Theory Seminar,046378,"Citron,Danielle",1,20117,School of Law,3.59,18,0,8,3,3,3,1,0,0,0,0
2021 Fall,CHEM,4410,Biological Chemistry I,005755,"Grisham,Charles",001,10336,College & Graduate Arts & Sci,3.41,75,3,17,14,14,26,0,0,0,0,1
2021 Fall,STAT,1100,Chance: Intro to Statistics,036650,"Brewer,Jordan",002,12436,College & Graduate Arts & Sci,3.62,43,13,17,4,0,5,0,0,3,0,1
2021 Fall,PLAN,6811,Gender & Built Environment,044148,"Sewell,Jessica",001,10076,School of Architecture,3.90,6,0,4,2,0,0,0,0,0,0,0
2021 Fall,MSE,6592,Topics in Material Science,024433,"Martukanitz,Richard",001,16872,Engineering & Applied Science,3.67,10,1,4,2,1,2,0,0,0,0,0
2021 Fall,SPAN,1060,Accelerated Elementary Spanish,035820,"Hogg,Jennifer",002,10825,College & Graduate Arts & Sci,3.55,15,0,3,7,2,2,1,0,0,0,0
2021 Fall,GETR,3392,Fairy Tales,045570,"Schmid,Marcel",001,19452,College & Graduate Arts & Sci,3.91,27,0,19,8,0,0,0,0,0,0,0
2021 Fall,FREN,2010,Intermediate French I,014315,"Wekker,Murielle De",006,10483,College & Graduate Arts & Sci,3.77,15,0,12,0,1,1,0,1,0,0,0
2021 Fall,BIOC,8150,Biochemical Literature,003292,"Wotton,David",001,17779,Medical School - BIMS/PHS,3.95,13,2,9,2,0,0,0,0,0,0,0
2021 Fall,PHYS,8630,Introduction to Field Theory,030958,"Teo,Chi Yan Jeffrey",001,10730,College & Graduate Arts & Sci,3.56,9,1,1,3,3,1,0,0,0,0,0
2021 Fall,AMST,4500,Fourth Year Seminar AMST,000461,"Adkins,Maurice",003,20588,College & Graduate Arts & Sci,3.94,10,2,6,2,0,0,0,0,0,0,0
2021 Fall,SPAN,3040,Business Spanish,035896,"Benitez,Jesus Galindo",001,10845,College & Graduate Arts & Sci,3.88,15,0,9,6,0,0,0,0,0,0,0
2021 Fall,LAW,7085,Social Science in Law,021746,"Monahan,John",1,20094,School of Law,3.43,21,0,2,8,6,4,1,0,0,0,0
2021 Fall,BME,6550,Spec Topics: Biomedical Engr,004145,"Naegle,Kristen",003,19854,Engineering & Applied Science,3.84,9,4,3,0,2,0,0,0,0,0,0
2021 Fall,CS,4720,Mobile Application Development,041616,"Graham,Daniel",001,17009,Engineering & Applied Science,3.76,57,9,30,10,4,1,2,0,0,0,1
2021 Fall,PHIL,2110,Hist of Phil: Anc & Medieval,030056,"Secada,Jorge",100,10694,College & Graduate Arts & Sci,3.40,43,0,7,11,13,10,1,0,1,0,0
2021 Fall,STAT,3480,Nonparametric Statistics,043752,"Weinstock,Justin",001,13461,College & Graduate Arts & Sci,3.60,63,2,29,15,5,5,3,1,2,1,0
2021 Fall,COMM,4351,Mktg Analytics for Big Data,046288,"Foutz,Natasha",001,19424,McIntire School of Commerce,3.71,34,0,13,12,9,0,0,0,0,0,0
2021 Fall,CHEM,2311,Org Chem Lab I Non Chem Major,043154,"Chruma,Jason",003,12024,College & Graduate Arts & Sci,3.66,42,2,21,11,2,3,2,0,0,0,1
2021 Fall,ENWR,1510,Writing and Critical Inquiry,013432,"Zimmerman,Daniel",018,12192,College & Graduate Arts & Sci,3.73,15,0,8,3,3,1,0,0,0,0,0
2021 Fall,LAW,7030,Family Law,021650,"Cahn,Naomi",1,20093,School of Law,3.47,50,0,7,20,11,9,3,0,0,0,0
2021 Fall,PHYS,3170,Intermediate Laboratory I,030857,"Yoon,Jongsoo",001,10720,College & Graduate Arts & Sci,3.69,15,3,4,4,3,0,1,0,0,0,0
2021 Fall,LPPA,6100,Economics of Public Policy I,032139,"Mbiti,Isaac",200,17035,Batten Leadership & Public Pol,3.40,47,0,18,5,11,5,3,3,1,0,1
2021 Fall,LPPP,3001,Public Policy Writing Lab,042724,"Gaiter,Diana",001,17052,Batten Leadership & Public Pol,3.73,24,0,12,7,2,3,0,0,0,0,0
2021 Fall,LPPL,3210,Intro to Civic Leadership,042166,"Austin,Maura",001,17053,Batten Leadership & Public Pol,3.51,77,6,22,16,9,17,5,2,0,0,0
2021 Fall,EDLF,2080,Fundamentals of Statistics,044842,"Hull,Michael",1,15140,School of Education and HumanDev,3.36,38,11,5,5,3,5,3,4,1,0,1
2021 Fall,RELB,2100,Buddhism,033831,"Kachru,Sonam",100,19817,College & Graduate Arts & Sci,3.88,238,58,133,34,2,7,1,0,1,1,1
2021 Fall,PHYS,2030,Princip of Physics 1 Workshop,030811,"Yoon,Jongsoo",005,10925,College & Graduate Arts & Sci,3.21,24,0,3,5,5,7,1,1,2,0,0
2021 Fall,BME,4550,Spec Topics: Biomedical Engr,004090,"Chen,David",005,20040,Engineering & Applied Science,3.90,19,2,12,4,1,0,0,0,0,0,0
2021 Fall,MATH,3250,Ordinary Differential Equatns,023068,"Braga,Bruno",100,10608,College & Graduate Arts & Sci,2.11,34,5,1,0,2,5,0,4,4,2,11
2021 Fall,MATH,1310,Calculus I,022953,"James,Daniel",200,10582,College & Graduate Arts & Sci,2.87,26,0,1,4,7,5,2,3,1,2,1
2021 Fall,SPAN,2010,Intermediate Spanish,035853,"Badang,Germain",003,10830,College & Graduate Arts & Sci,3.54,17,0,3,8,4,1,0,1,0,0,0
2021 Fall,CHEM,1410,Intro College Chemistry I,005649,"Stains,Marilyne",200,19653,College & Graduate Arts & Sci,3.18,145,3,25,33,22,23,16,7,9,2,5
2021 Fall,PSYC,4215,RM: Comp Mtd in Psyc & Neurosc,046312,"Sederberg,Per",001,19749,College & Graduate Arts & Sci,3.23,12,0,7,2,1,0,0,0,0,0,2
2021 Fall,MDST,3559,New Course: MDST,039189,"Bodroghkozy,Aniko",001,17630,College & Graduate Arts & Sci,3.54,11,0,4,1,5,0,1,0,0,0,0
2021 Fall,LATI,2020,Intermediate Latin II,021134,"Crusemire,Harry",002,10561,College & Graduate Arts & Sci,2.73,21,0,0,3,1,9,1,2,4,0,1
2021 Fall,PHYS,2010,Principles of Physics I,030809,"Dukes,E",001,10703,College & Graduate Arts & Sci,3.18,186,19,40,28,21,29,14,8,9,8,10
2021 Fall,LPPP,3255,Comparative Policy History,042165,"Johannessen,Peter",001,17066,Batten Leadership & Public Pol,3.57,45,0,16,11,11,5,0,2,0,0,0
2021 Fall,RELC,3245,"Religion, Law, and Culture",043973,"Flake,Kathleen",001,20076,College & Graduate Arts & Sci,3.27,19,0,3,6,2,3,2,3,0,0,0
2021 Fall,KINE,3600,Musculoskeletal Anatomy,009105,"Higgins,Michael",002,15305,School of Education and HumanDev,3.16,23,0,2,10,4,2,2,0,0,1,2
2021 Fall,PHYS,5630,Computational Physics I,030897,"Hirosky,Robert",001,10726,College & Graduate Arts & Sci,3.64,17,1,8,3,0,4,1,0,0,0,0
2021 Fall,LPPA,6100,Economics of Public Policy I,032139,"Mbiti,Isaac",100,17039,Batten Leadership & Public Pol,3.42,40,0,17,4,7,1,8,1,2,0,0
2021 Fall,LPPP,3001,Public Policy Writing Lab,042724,"Gaiter,Diana",002,17055,Batten Leadership & Public Pol,3.59,25,0,16,3,2,2,0,0,1,0,1
2021 Fall,LPPP,5540,Applied Policy Clinics,044651,"Lehmann,Brooke",001,17107,Batten Leadership & Public Pol,3.93,10,5,4,0,1,0,0,0,0,0,0
2021 Fall,SLTR,3300,Facing Evil in 20th Century,042456,"Tolczyk,Dariusz",001,19042,College & Graduate Arts & Sci,3.88,29,0,20,7,2,0,0,0,0,0,0
2021 Fall,PHS,3102,Intro PH: Pop. Data Analysis,042649,"Balkrishnan,Rajesh",001,19987,College & Graduate Arts & Sci,3.91,26,9,9,8,0,0,0,0,0,0,0
2021 Fall,ENGL,3660,Modern Poetry,041008,"Edmundson,Mark",001,18482,College & Graduate Arts & Sci,3.64,30,3,14,6,3,3,0,0,0,0,1
2021 Fall,LAW,9062,Supreme Crt Warren to Roberts,022172,"Howard,A. E.",1,19285,School of Law,3.61,16,0,2,9,5,0,0,0,0,0,0
2021 Fall,PSYC,3100,Neuroscience of Behavior,045500,"Williams,Cedric",001,19746,College & Graduate Arts & Sci,2.98,46,8,7,7,2,4,4,2,8,0,4
2021 Fall,PHYS,2419,Intro Physics 2 Workshop,031079,"Bychkov,Maksim",006,10712,College & Graduate Arts & Sci,3.46,19,0,5,7,3,2,1,0,0,0,1
2021 Fall,KINE,5485,Life Cycle Nutrition,044388,"Kranz,Sibylle",1,15097,School of Education and HumanDev,3.94,24,16,3,5,0,0,0,0,0,0,0
2021 Fall,CJ,5740,Emerging Tech Influence on PS,046525,"Lehman,Matthew D",01,21373,Continuing & Prof Studies,3.98,19,8,10,1,0,0,0,0,0,0,0
2021 Fall,EDLF,2050,What the Innovators Do,043697,"Kim,Chi",1,15025,School of Education and HumanDev,3.69,94,30,37,12,3,0,6,1,2,1,2
2021 Fall,STS,1500,Sci Tech & Contemp Issues,036732,"Laugelli,Benjamin",003,20571,Engineering & Applied Science,3.89,141,52,66,17,3,1,0,0,0,0,2
2021 Fall,KINE,2000,Intro to Kinesiology,042094,"Saliba,Susan",1,14947,School of Education and HumanDev,3.76,72,0,44,14,6,6,2,0,0,0,0
2021 Fall,PLAD,7100,Politic Rsch Quantitat Methods,031232,"Winter,Nicholas",100,11784,College & Graduate Arts & Sci,3.57,6,0,2,2,1,0,1,0,0,0,0
2021 Fall,KINE,3210,Kines Individuals Disabilities,009099,"Fines,Abby",001,14828,School of Education and HumanDev,3.63,50,0,21,15,7,3,2,1,1,0,0
2021 Fall,KINE,2000,Intro to Kinesiology,042094,"Saliba,Susan",2,14974,School of Education and HumanDev,3.68,70,0,45,10,5,4,2,2,1,0,1
2021 Fall,ENWR,1510,Writing and Critical Inquiry,013432,"Davis,Matthew",008,10877,College & Graduate Arts & Sci,3.72,18,0,6,10,0,2,0,0,0,0,0
2021 Fall,MAE,2030,Intro to Aerospace Engineering,046330,"Rockwell,Robert",001,19720,Engineering & Applied Science,3.17,59,3,3,19,10,12,6,0,1,2,3
2021 Fall,EDIS,5856,Content Area Sem: Soc Studies,045069,"Yonas,Anna",1,15156,School of Education and HumanDev,3.93,26,0,22,3,0,1,0,0,0,0,0
2021 Fall,ENWR,1510,Writing and Critical Inquiry,013432,"Burke,Jordan",014,10883,College & Graduate Arts & Sci,3.56,18,0,5,6,4,2,1,0,0,0,0
2021 Fall,ENGL,3271,Shakespeare Histories Comedies,012901,"Maus,Katharine",100,17697,College & Graduate Arts & Sci,3.17,46,0,9,8,8,10,5,2,2,0,2
2021 Fall,EGMT,1510,Engaging Aesthetics,044512,"Fredner,Erik",101,12467,College & Graduate Arts & Sci,3.80,27,0,21,5,0,0,0,0,0,0,1
2021 Fall,EGMT,1510,Engaging Aesthetics,044512,"Hu,Jasmine",102,12468,College & Graduate Arts & Sci,3.98,27,2,23,2,0,0,0,0,0,0,0
2021 Fall,PSYC,2005,Rsch Methods & Data Analysis I,032539,"Morris,James",001,10760,College & Graduate Arts & Sci,3.71,178,58,55,28,15,9,4,5,2,0,2
2021 Fall,ENWR,1510,Writing and Critical Inquiry,013432,"Viechweg,Seanna",022,10889,College & Graduate Arts & Sci,3.96,17,4,11,2,0,0,0,0,0,0,0
2021 Fall,ENWR,1510,Writing and Critical Inquiry,013432,"Burke,Jordan",023,10890,College & Graduate Arts & Sci,3.52,17,0,4,6,3,3,1,0,0,0,0
2021 Fall,MATH,7751,Algebra I,023231,"Rapinchuk,Andrei",001,10618,College & Graduate Arts & Sci,3.78,12,2,7,0,1,2,0,0,0,0,0
2021 Fall,PHYS,1425,Intro Physics 1 for Engineers,031032,"Zheng,Xiaochao",001,11765,College & Graduate Arts & Sci,3.34,94,5,15,30,11,13,13,4,1,0,2
2021 Fall,PHYS,2030,Princip of Physics 1 Workshop,030811,"Yoon,Jongsoo",009,10928,College & Graduate Arts & Sci,3.25,20,0,0,6,5,8,0,1,0,0,0
2021 Fall,LAW,7111,Con Law II: Survy/Civl Liberty,041677,"Ballenger,Scott",1,20100,School of Law,3.60,49,1,7,22,19,0,0,0,0,0,0
2021 Fall,LAW,8003,Civil Rights Litigation,021613,"Jeffries,John",1,20105,School of Law,3.66,48,1,15,18,12,1,0,0,1,0,0
2021 Fall,NUCO,4210,Public Health Nursing,043229,"Mitchell,Emma",001,17244,School of Nursing,3.88,45,0,36,6,0,1,2,0,0,0,0
2021 Fall,BIMS,8995,Topical Research,042296,"Smith,Jeffrey",003,17947,Medical School - BIMS/PHS,3.96,14,3,9,2,0,0,0,0,0,0,0
2021 Fall,LPPP,6500,Topics in Public Policy,041388,"Bassett,Lucy",001,17088,Batten Leadership & Public Pol,3.77,12,0,4,7,1,0,0,0,0,0,0
2021 Fall,HR,5040,Org. Performance Management,019928,"French,Roderick",701,20375,Continuing & Prof Studies,3.71,15,3,10,1,0,0,0,0,0,0,1
2021 Fall,ARAB,3010,Advanced Arabic I,001294,"Mohamed,Suad",002,10958,College & Graduate Arts & Sci,3.59,15,1,4,7,0,1,1,1,0,0,0
2021 Fall,PHIL,7500,First Year Seminar,030209,"Brewer,Talbot",001,10920,College & Graduate Arts & Sci,3.78,6,0,3,2,1,0,0,0,0,0,0
2021 Fall,CHTR,3840,Writing Women in Modern China,041872,"Laughlin,Charles",001,17672,College & Graduate Arts & Sci,3.85,28,1,18,5,4,0,0,0,0,0,0
2021 Fall,LAW,8002,Bankruptcy (Law & Business),021606,"Hynes,Richard",1,19280,School of Law,3.54,9,0,3,1,4,1,0,0,0,0,0
2021 Fall,CHEM,1411,Intro College Chem I Lab,005986,"Morkowchuk,Lisa",047,13989,College & Graduate Arts & Sci,3.79,23,17,3,0,0,0,2,0,0,1,0
2021 Fall,LAW,7649,State Constitutions (SC),041092,"Howard,A. E.",1,20173,School of Law,3.63,14,1,0,9,4,0,0,0,0,0,0
2021 Fall,EDLF,2080,Fundamentals of Statistics,044842,"Hull,Michael",2,15141,School of Education and HumanDev,3.67,23,9,6,2,3,1,0,1,0,1,0
2021 Fall,ENGL,8520,Studies in Ren Literature,040443,"Kinney,James",001,19752,College & Graduate Arts & Sci,3.93,8,0,6,2,0,0,0,0,0,0,0
2021 Fall,FREN,1010,Elementary French I,014273,"Kilbourne,Virginia",002,12406,College & Graduate Arts & Sci,3.12,12,0,1,3,0,5,1,2,0,0,0
2021 Fall,ENGR,2595,Special Topics in Engineering,038375,"Laugelli,Benjamin",005,20604,Engineering & Applied Science,3.79,34,10,16,6,0,0,1,0,0,0,1
2021 Fall,MUSI,3332,Musicianship I,025175,"Carter,Adam",001,10689,College & Graduate Arts & Sci,3.48,18,4,6,1,2,3,0,0,1,0,1
2021 Fall,LAW,7092,Intl Trade Law and Policy,040064,"Verdier,Pierre-Hugues",1,20097,School of Law,3.50,10,0,2,3,3,2,0,0,0,0,0
2021 Fall,ISIN,4520,Sp Tps Conduct Inquiry: HU,043256,"Floyd,Richard",101,20581,Continuing & Prof Studies,3.37,19,0,8,2,4,2,1,0,1,0,1
2021 Fall,RELA,2559,New Course: RELA,039194,"Crawley,Ashon",001,20582,College & Graduate Arts & Sci,3.83,18,0,14,1,1,2,0,0,0,0,0
2021 Fall,ENWR,1510,Writing and Critical Inquiry,013432,"Dierdorff,Hannah",052,12403,College & Graduate Arts & Sci,3.74,18,2,3,11,2,0,0,0,0,0,0
2021 Fall,MAE,2040,Computer Aided Design,046331,"Russell,Shawn",005,19725,Engineering & Applied Science,3.42,25,0,4,13,5,1,0,0,1,0,1
2021 Fall,KINE,3400,Nutrition,009128,"Anderson,Kara",1,14978,School of Education and HumanDev,3.95,35,18,13,3,0,1,0,0,0,0,0
2021 Fall,LAW,7106,Law of the Police I,041686,"Harmon,Rachel",1,20099,School of Law,3.47,46,1,4,14,23,3,1,0,0,0,0
2021 Fall,ENWR,3665,Writing about the Environment,044573,"Shaman,Cory",001,12511,College & Graduate Arts & Sci,3.82,16,0,12,2,0,1,1,0,0,0,0
2021 Fall,ENGL,4560,Seminar Modern & Contemp Lit,012608,"Ramazani,Jahan",001,18435,College & Graduate Arts & Sci,3.66,17,0,7,4,5,1,0,0,0,0,0
2021 Fall,LAW,9500,Tax Treaties & Other Intl Top,043871,"Mason,Ruth",1,19277,School of Law,3.51,8,0,1,4,1,2,0,0,0,0,0
2021 Fall,ARAB,2010,Intermediate Arabic I,001284,"Mohamed,Suad",002,10286,College & Graduate Arts & Sci,3.84,12,3,4,4,1,0,0,0,0,0,0
2021 Fall,ASL,3081,Hist of Amer Deaf Community,042185,"Krentz,Christopher",001,19816,College & Graduate Arts & Sci,3.12,17,0,2,5,3,2,1,2,0,2,0
2021 Fall,ENWR,1510,Writing and Critical Inquiry,013432,"Walker,Jessica",025,10892,College & Graduate Arts & Sci,3.93,18,0,16,1,0,1,0,0,0,0,0
2021 Fall,MAE,2040,Computer Aided Design,046331,"Russell,Shawn",002,19722,Engineering & Applied Science,3.62,30,0,11,11,4,2,1,0,1,0,0
2021 Fall,CHTR,3559,New Course: CHTR,041326,"Chen,Jack",001,17671,College & Graduate Arts & Sci,3.98,26,8,16,2,0,0,0,0,0,0,0
2021 Fall,PLAN,5740,Transportation Planning&Policy,031367,"Mondschein,Andrew",001,20080,School of Architecture,3.90,6,0,4,2,0,0,0,0,0,0,0
2021 Fall,PSYC,2410,Abnormal Psychology,032566,"Emery,Robert",001,10762,College & Graduate Arts & Sci,3.17,344,30,53,63,54,43,34,32,13,6,16
2021 Fall,EGMT,1530,Engaging Differences,044514,"Mikkelson,Jane",103,12478,College & Graduate Arts & Sci,4.00,29,5,24,0,0,0,0,0,0,0,0
2021 Fall,ALAR,8010,Research Studio 1,042199,"Bailo Esteve,Manuel",501,17730,School of Architecture,3.90,7,5,1,0,1,0,0,0,0,0,0
2021 Fall,MAE,6310,Fluid Mechanics I,022661,"Wood,Houston",600,16890,Engineering & Applied Science,3.02,16,0,2,1,5,2,4,1,0,0,1
2021 Fall,MATH,4770,General Topology,044247,"Kuhn,Nicholas",001,12435,College & Graduate Arts & Sci,3.14,18,1,7,0,3,3,0,1,0,2,1
2021 Fall,KINE,5720,Assessment and Intervention I,044585,"Higgins,Michael",1,15106,School of Education and HumanDev,3.32,16,0,3,4,4,2,2,0,0,1,0
2021 Fall,MUSI,3050,Music and Discourse,024790,"Miller,Karl",002,17620,College & Graduate Arts & Sci,3.57,18,0,7,9,0,1,0,0,0,0,1
2021 Fall,EDIS,5143,Transition Planning Spec Ed,045415,"Gentry,Roberta",500,17530,School of Education and HumanDev,4.00,10,6,4,0,0,0,0,0,0,0,0
2021 Fall,KINE,5495,Human Physiology,044649,"Allen,Jason",1,15111,School of Education and HumanDev,3.55,12,1,3,5,0,0,3,0,0,0,0
2021 Fall,CE,5400,Traffic Operations,004579,"Park,B. Brian",600,19770,Engineering & Applied Science,3.66,5,0,2,1,2,0,0,0,0,0,0
2021 Fall,CS,2150,Program & Data Representation,006881,"Bloomfield,Aaron",001,15435,Engineering & Applied Science,2.90,154,4,40,23,17,17,9,9,5,9,21
2021 Fall,COMM,3020,Behavior Issues in Mktg & Mgmt,006454,"Lockwood,Christi",007,14640,McIntire School of Commerce,3.53,51,0,9,22,13,3,4,0,0,0,0
2021 Fall,PSYC,4310,Cognitive Aging,046311,"Golino,Mariana",001,19731,College & Graduate Arts & Sci,3.50,21,8,2,5,2,2,0,1,0,0,1
2021 Fall,CHEM,1411,Intro College Chem I Lab,005986,"Morkowchuk,Lisa",006,10987,College & Graduate Arts & Sci,3.84,24,15,3,5,0,0,0,0,0,1,0
2021 Fall,CJ,5720,Seminar in Managing LE Image,043266,"Pennybacker,Gail Lyn",01,21325,Continuing & Prof Studies,3.93,21,9,7,5,0,0,0,0,0,0,0
2021 Fall,ENGL,2599,Special Topics,012514,"Olla,Nasrin",008,20824,College & Graduate Arts & Sci,3.77,14,3,3,6,2,0,0,0,0,0,0
2021 Fall,ASTR,1290,Black Holes,044559,"Davis,Shane",001,12505,College & Graduate Arts & Sci,3.67,129,26,51,21,15,5,4,5,0,0,2
2021 Fall,DRAM,1220,Art of the Creature,045569,"Warner,Steven",001,14176,College & Graduate Arts & Sci,3.86,20,3,10,6,0,1,0,0,0,0,0
2021 Fall,ASTR,8500,Current Astronomical Topics,003128,"Majewski,Steven",001,10306,College & Graduate Arts & Sci,3.67,15,4,3,4,1,3,0,0,0,0,0
2021 Fall,BME,2101,Physiology I for Engineers,004059,"Helmke,Brian",001,15518,Engineering & Applied Science,3.03,57,1,4,9,14,14,6,4,1,1,3
2021 Fall,SPAN,3030,Cultural Conversations,035895,"Fernandez,Jesus Jativa",003,18504,College & Graduate Arts & Sci,4.00,15,5,10,0,0,0,0,0,0,0,0
2021 Fall,NUCO,4420,Professional Nursing,042017,"Whitlow,Malinda",001,17232,School of Nursing,3.79,23,0,13,7,2,0,1,0,0,0,0
2021 Fall,EDIS,7000,Intro to Instructional Design,009689,"Resig,Jess",500,17546,School of Education and HumanDev,3.72,20,4,12,2,0,1,0,0,0,0,1
2021 Fall,NUIP,2420,Pathophysiology I,043234,"Toll,Crystal",001,17300,School of Nursing,3.98,90,63,21,6,0,0,0,0,0,0,0
2021 Fall,EGMT,1510,Engaging Aesthetics,044512,"Bamert,Sophia",210,20484,College & Graduate Arts & Sci,3.90,34,4,26,1,1,1,1,0,0,0,0
2021 Fall,BIOL,8083,Advanced Ecology & Evolution 3,043128,"Taylor,Douglas",001,20917,College & Graduate Arts & Sci,3.77,7,0,3,3,1,0,0,0,0,0,0
2021 Fall,LAW,8802,Grad Legal Research/Writing I,021830,"Moran,Karen",1,19174,School of Law,3.40,14,0,1,4,6,3,0,0,0,0,0
2021 Fall,LAW,7619,Start-Up Medtech Company (SC),040026,"Gaines,Weaver",1,19177,School of Law,3.41,12,0,3,1,4,4,0,0,0,0,0
2021 Fall,LAW,9294,Drug Prod Liability Litgn Sem,044731,"Grossi,Peter",1,19298,School of Law,3.54,10,0,0,6,4,0,0,0,0,0,0
2021 Fall,EVSC,2801,Fundamentals of Geology Lab,014091,"Nelson,Michelle",400,20130,College & Graduate Arts & Sci,3.40,10,0,2,2,3,2,1,0,0,0,0
2021 Fall,CHEM,2311,Org Chem Lab I Non Chem Major,043154,"Chruma,Jason",017,13556,College & Graduate Arts & Sci,3.83,31,1,18,11,0,0,0,0,1,0,0
2021 Fall,PHS,7450,Hlth Inform:DB/Data Life Cycle,030389,"Lyman,Jason",001,18098,Medical School - BIMS/PHS,3.96,19,7,11,0,1,0,0,0,0,0,0
2021 Fall,ACCT,5120,Intermediate Accounting II,045933,"Lee,Nammy",701,20303,Continuing & Prof Studies,3.38,8,0,3,0,2,1,2,0,0,0,0
2021 Fall,MATH,3354,Survey of Algebra,023084,"Maloni,Sara",002,13275,College & Graduate Arts & Sci,3.02,32,7,8,2,2,2,1,2,3,0,5
2021 Fall,ARH,3608,Historic Preservation: Theory,045407,"Johnston,Andrew",001,10170,School of Architecture,3.81,12,0,10,1,0,0,0,0,1,0,0
2021 Fall,NUIP,4311,RNs in Complex Systems,045256,"Coyne,Bethany",001,17298,School of Nursing,3.93,46,2,39,2,2,1,0,0,0,0,0
2021 Fall,PSPS,6050,Stewardship PA & Managing HC,046295,"Farr,Murray Jay",501,20333,Continuing & Prof Studies,3.91,28,0,22,5,0,1,0,0,0,0,0
2021 Fall,JPTR,3010,Survey of Trad. Japanese Lit,020827,"Heldt,Gustav",001,17687,College & Graduate Arts & Sci,3.38,18,0,2,9,3,2,0,1,0,0,1
2021 Fall,LPPL,2100,The Resilient Student,045390,"Davis,Timothy",100,17091,Batten Leadership & Public Pol,3.59,97,0,25,51,10,7,1,0,1,0,2
2021 Fall,LPPP,6350,Politics of Public Policy,045109,"Holbein,John",002,17092,Batten Leadership & Public Pol,3.57,44,0,18,10,6,5,5,0,0,0,0
2021 Fall,EDIS,5820,Assessment Of & For Learning,045053,"Hock,Michelle",2,20346,School of Education and HumanDev,3.97,38,20,15,2,1,0,0,0,0,0,0
2021 Fall,ARCH,2010,Foundation Studio II,001493,"Strange,Clayton",107,20964,School of Architecture,3.27,11,0,2,2,3,1,2,1,0,0,0
2021 Fall,EVSC,2801,Fundamentals of Geology Lab,014091,"Nelson,Michelle",200,10451,College & Graduate Arts & Sci,3.26,12,0,1,6,3,0,0,0,1,0,1
2021 Fall,EDIS,6200,Principles of Curric Design,045847,"Hobson,Victoria",500,17561,School of Education and HumanDev,3.64,13,0,8,0,3,0,2,0,0,0,0
2021 Fall,EDIS,7710,Read & Writ Acros Contnt Areas,040109,"Austin,Ottilie",500,17555,School of Education and HumanDev,3.95,22,0,20,1,1,0,0,0,0,0,0
2021 Fall,ENGL,2527,Shakespeare,012510,"Kennedy,Alexandra",002,19878,College & Graduate Arts & Sci,3.92,18,0,16,0,2,0,0,0,0,0,0
2021 Fall,EDLF,7806,Family & Community Engagement,009746,"Allen,Ben",500,17563,School of Education and HumanDev,3.41,16,1,8,2,0,1,3,0,0,0,1
2021 Fall,SPAN,4520,Spec Topics Sem: Cult & Civil,035969,"Diaz-Granados,Federico",003,19990,College & Graduate Arts & Sci,3.93,19,0,16,2,1,0,0,0,0,0,0
2021 Fall,GNUR,6054,Rsch & Biostats Proc Hlth Care,016931,"Evans,Emily",002,17234,School of Nursing,3.99,24,2,21,1,0,0,0,0,0,0,0
2021 Fall,PHAR,9002,Principles of Pharmacology II,042341,"Creutz,Carl",001,17905,Medical School - BIMS/PHS,3.94,5,3,1,1,0,0,0,0,0,0,0
2021 Fall,ALAR,8010,Research Studio 1,042199,"Aranguren,Maria Gonzalez",010,18828,School of Architecture,3.50,8,1,1,2,3,0,1,0,0,0,0
2021 Fall,PHIL,2420,Introduction to Symbolic Logic,030082,"Cameron,Ross",100,18923,College & Graduate Arts & Sci,3.11,105,1,22,12,21,18,12,8,2,4,5
2021 Fall,AMST,4321,Caribbean Latinx,044627,"Lamas,Carmen",001,19009,College & Graduate Arts & Sci,3.78,18,0,14,2,0,1,0,0,0,1,0
2021 Fall,ISIN,4520,Sp Tps Conduct Inquiry: HU,043256,"Wright,Luke",102,20274,Continuing & Prof Studies,3.55,19,0,5,8,4,0,1,0,1,0,0
2021 Fall,PHYS,2030,Princip of Physics 1 Workshop,030811,"Bychkov,Maxim Aleksandrovich",017,20991,College & Graduate Arts & Sci,4.00,13,10,3,0,0,0,0,0,0,0,0
2021 Fall,EDIS,5041,Behav & Classroom Management,009428,"Gentry,Roberta",501,17597,School of Education and HumanDev,3.97,23,9,12,2,0,0,0,0,0,0,0
2021 Fall,ALAR,8010,Research Studio 1,042199,"Garduno,Mario Eduardo Schjetnan",012,18830,School of Architecture,3.88,6,3,2,0,1,0,0,0,0,0,0
2021 Fall,CHE,4475,Intro to Process Safety,046275,"Unnerstall,Ronald",001,19025,Engineering & Applied Science,3.88,41,8,22,8,1,2,0,0,0,0,0
2021 Fall,ALAR,8010,Research Studio 1,042199,"Dobrowolski,Devin",004,18822,School of Architecture,3.56,8,0,3,0,5,0,0,0,0,0,0
2021 Fall,CS,4750,Database Systems,006934,"Basit,Nada",002,18907,Engineering & Applied Science,3.89,121,59,39,15,0,7,1,0,0,0,0
2021 Fall,LAR,7500,Special Tops in Landscape Arch,045643,"Mitchell,Scott",006,20922,School of Architecture,3.66,5,0,2,1,2,0,0,0,0,0,0
2021 Fall,MATH,5657,Bilinear Forms and Group Reps,042859,"Ershov,Mikhail",001,18693,College & Graduate Arts & Sci,3.52,9,1,4,1,0,1,1,1,0,0,0
2021 Fall,RELC,3240,Medieval Mysticism,033987,"Hart,Professor Kevin",001,18740,College & Graduate Arts & Sci,3.72,12,2,6,1,2,0,0,1,0,0,0
2021 Fall,GNUR,6632,PNP-AC Seminar II,044779,"Haizlip,Julie",001,17282,School of Nursing,4.00,9,2,7,0,0,0,0,0,0,0,0
2021 Fall,GNUR,8650,Info Sys & Patient Care Tech,017041,"Cieslowski,Bethany",001,17151,School of Nursing,3.87,12,1,7,3,1,0,0,0,0,0,0
2021 Fall,EDIS,7250,Models&Strategies Tchg Gifted,009712,"Sullivan,Melissa",500,17551,School of Education and HumanDev,3.47,12,2,5,1,3,0,0,0,0,0,1
2021 Fall,EDIS,3020,The Exceptional Learner,009391,"Hughes,Mary Margaret",500,20350,School of Education and HumanDev,3.83,39,0,37,0,0,0,0,0,0,0,2
2021 Fall,HILA,3051,Modern Central America,018783,"Sweeney,Lean",001,20415,College & Graduate Arts & Sci,3.86,33,12,15,3,2,0,0,0,0,1,0
2021 Fall,NUCO,2330,Health Assessment,029379,"Hallowell,Sara",001,17194,School of Nursing,3.96,91,0,78,13,0,0,0,0,0,0,0
2021 Fall,BUS,5100,"Cyber Law, Regulation and Eth",042721,"Broz,Kristen",701,20372,Continuing & Prof Studies,3.87,10,1,6,2,1,0,0,0,0,0,0
2021 Fall,PLPT,3020,Modern Political Thought,031927,"Bird,Colin",100,19438,College & Graduate Arts & Sci,3.40,173,0,21,68,38,27,13,4,1,0,1
2021 Fall,EDIS,5133,Principles of ABA,045102,"Matthews,Katherine",500,17527,School of Education and HumanDev,3.47,22,0,12,5,3,0,0,0,0,0,2
2021 Fall,ENGL,5559,New Course: ENGL,045439,"Booth,Alison",004,20357,College & Graduate Arts & Sci,3.48,12,0,6,3,2,0,0,0,0,0,1
2021 Fall,EDIS,7310,Children's Literature,009506,"Gray,Julie",500,17553,School of Education and HumanDev,3.97,21,6,13,2,0,0,0,0,0,0,0
2021 Fall,DS,6030,Statistical Learning,046346,"Porter,Michael David",001,20001,School of Data Science,3.95,59,2,52,2,2,1,0,0,0,0,0
2021 Fall,NUIP,4430,Intro Stats in Hlth Care Res,042514,"Reid,Kathryn",004,18416,School of Nursing,3.96,37,18,14,5,0,0,0,0,0,0,0
2021 Fall,EDIS,4330,Teaching Science Elementary,046130,"Tai,Robert",1,18887,School of Education and HumanDev,3.95,33,0,31,0,1,1,0,0,0,0,0
2021 Fall,PHIL,1410,Forms of Reasoning,030021,"Darcy,James",002,18876,College & Graduate Arts & Sci,3.63,30,0,10,10,6,4,0,0,0,0,0
2021 Fall,ANTH,3589,Topics in Archaeology,041142,"Wattenmaker,Patricia",002,18566,College & Graduate Arts & Sci,3.53,25,0,5,14,5,0,0,0,0,0,1
2021 Fall,JPTR,3320,Cinematic Images of J Culture,044236,"Yasuda,Anri",001,17690,College & Graduate Arts & Sci,3.91,20,0,14,6,0,0,0,0,0,0,0
2021 Fall,GCNL,5110,Adults & Older Adults,015372,"Roberts,Sarah",001,17142,School of Nursing,3.65,50,0,11,28,8,2,1,0,0,0,0
2021 Fall,GCNL,5160,Persons w/Psychiatric Illness,015377,"Barbero,Edie",001,17143,School of Nursing,3.96,50,2,42,6,0,0,0,0,0,0,0
2021 Fall,PLCP,4500,Special Topics,031707,"Waldner,David",003,18457,College & Graduate Arts & Sci,3.86,16,0,10,5,1,0,0,0,0,0,0
2021 Fall,LPPS,3310,Police-Community Relations,045492,"Williams,Brian",001,17109,Batten Leadership & Public Pol,3.95,23,0,19,4,0,0,0,0,0,0,0
2021 Fall,LPPS,7050,National Security Process,042086,"Robinson,John",001,17110,Batten Leadership & Public Pol,3.52,25,0,4,10,7,4,0,0,0,0,0
2021 Fall,LPPS,3370,Trauma & US Public School Syst,045514,"Roorbach,Kristen",001,17112,Batten Leadership & Public Pol,3.58,35,0,12,13,4,4,0,0,2,0,0
2021 Fall,MAE,4690,Spacecraft Design I,042022,"Goyne,Chris",001,15927,Engineering & Applied Science,3.98,30,25,4,0,1,0,0,0,0,0,0
2021 Fall,LPPL,3210,Intro to Civic Leadership,042166,"Pai,Jieun",002,17059,Batten Leadership & Public Pol,3.49,69,5,5,23,28,6,2,0,0,0,0
2021 Fall,EGMT,1510,Engaging Aesthetics,044512,"Smith,Wendy",108,13284,College & Graduate Arts & Sci,3.89,24,0,18,4,2,0,0,0,0,0,0
2021 Fall,GNUR,8240,DNP Seminar I,043777,"Friberg,Elizabeth",001,17325,School of Nursing,3.72,13,3,6,1,1,0,2,0,0,0,0
2021 Fall,ALAR,8010,Research Studio 1,042199,"Cantrell,Bradley",003,18821,School of Architecture,3.49,9,0,0,5,3,1,0,0,0,0,0
2021 Fall,AAS,3500,Intermediate Seminar in AAS,039376,"Fields,Kimberly",003,18833,College & Graduate Arts & Sci,3.71,13,0,7,5,0,0,0,0,0,1,0
2021 Fall,PERS,2010,Intermediate Persian,029844,"Mohit,Mahshad",001,18904,College & Graduate Arts & Sci,3.68,10,0,3,5,1,1,0,0,0,0,0
2021 Fall,CHEM,4411,Biological Chemistry Lab I,005757,"Price,Carol",103,12859,College & Graduate Arts & Sci,3.22,15,0,2,2,2,8,0,1,0,0,0
2021 Fall,ALAR,8010,Research Studio 1,042199,"Baharlou,Ehsan",005,18823,School of Architecture,3.85,6,3,0,3,0,0,0,0,0,0,0
2021 Fall,ECON,8710,Cross Section Econometrics,008072,"Kosenkova,Lidia",001,18864,College & Graduate Arts & Sci,3.69,12,0,6,2,3,1,0,0,0,0,0
2021 Fall,CS,4640,PL for Web Applications,044244,"Hott,Robbie",001,18906,Engineering & Applied Science,3.54,84,16,32,12,3,8,5,1,5,0,2
2021 Fall,CHEM,4411,Biological Chemistry Lab I,005757,"Price,Carol",102,12858,College & Graduate Arts & Sci,3.52,14,1,4,3,4,0,1,1,0,0,0
2021 Fall,EGMT,1530,Engaging Differences,044514,"Mikkelson,Jane",104,12479,College & Graduate Arts & Sci,4.00,30,2,28,0,0,0,0,0,0,0,0
2021 Fall,FREN,4838,French Society & Civilization,014407,"Horne,Janet",001,17716,College & Graduate Arts & Sci,3.98,18,3,14,1,0,0,0,0,0,0,0
2021 Fall,MATH,7820,Differential Topology,023240,"Mark,Thomas",001,11545,College & Graduate Arts & Sci,3.49,15,0,9,1,0,3,1,0,0,0,1
2021 Fall,NESC,8080,NESC Grad Student Sem Series,029309,"Campbell,John",001,17991,Medical School - BIMS/PHS,4.00,45,28,17,0,0,0,0,0,0,0,0
2021 Fall,EDIS,8060,Advanced Instruction Seminar,045989,"Hedrick,Kelly",500,17591,School of Education and HumanDev,3.98,12,5,6,1,0,0,0,0,0,0,0
2021 Fall,STAT,1601,Intro Data Science with R,045055,"Afriyie,Prince",002,12865,College & Graduate Arts & Sci,3.42,135,0,36,50,14,17,7,2,3,3,3
2021 Fall,EDIS,5025,"Curric, Instruct & Assessment",044060,"Jewett,Beverly Anne",500,17522,School of Education and HumanDev,3.82,18,5,8,3,1,0,0,1,0,0,0
2021 Fall,ASL,2010,Intermed Amer Sign Language I,003001,"Eshgi,Maher",003,13152,College & Graduate Arts & Sci,3.65,15,0,7,4,1,2,1,0,0,0,0
2021 Fall,PLAN,3811,Gender & Built Environment,044147,"Sewell,Jessica",001,10075,School of Architecture,3.84,44,2,31,10,0,0,0,0,0,0,1
2021 Fall,BIMS,8380,Basics of Design and Stats,024120,"Martin,David",001,17988,Medical School - BIMS/PHS,3.65,12,0,6,4,1,0,0,0,0,1,0
2021 Fall,RELB,2900,Buddhist Meditation Traditions,044558,"Braun,Erik",100,18718,College & Graduate Arts & Sci,3.69,52,0,33,10,3,4,0,0,0,0,2
2021 Fall,GETR,3392,Fairy Tales,045570,"Schmid,Marcel",002,20418,College & Graduate Arts & Sci,3.98,29,0,27,2,0,0,0,0,0,0,0
2021 Fall,ECON,2060,American Economic History,007880,"Thomas,Mark",001,11762,College & Graduate Arts & Sci,2.87,133,0,7,14,27,31,22,14,7,6,5
2021 Fall,PHYS,7610,Quantum Theory I,030943,"Chern,Gia-Wei",001,10729,College & Graduate Arts & Sci,3.59,29,3,7,9,6,1,3,0,0,0,0
2021 Fall,SYS,6003,Optimizatn Models & Methods I,036949,"Riggs,Robert",600,19793,Engineering & Applied Science,3.69,20,1,8,6,2,3,0,0,0,0,0
2021 Fall,SYS,6005,Stochastic Modeling I,036950,"Iqbal,Tariq",600,19794,Engineering & Applied Science,3.34,7,0,1,2,1,2,1,0,0,0,0
2021 Fall,AMST,3880,Literature of the South,044579,"Greeson,Jennifer",100,13776,College & Graduate Arts & Sci,3.31,37,6,8,5,5,4,4,2,1,0,2
2021 Fall,DS,6040,Bayesian Machine Learning,045445,"Basener,William F",003,19045,School of Data Science,3.83,25,18,5,1,0,0,0,0,0,0,1
2021 Fall,WGS,4559,New Course: WGS,039671,"Hagerman,Bonnie",002,18512,College & Graduate Arts & Sci,3.39,19,0,3,7,5,1,1,1,1,0,0
2021 Fall,ASTR,1220,Intro Stars Galaxies Universe,003047,"Pryal,Matthew",003,20185,College & Graduate Arts & Sci,3.53,101,5,42,22,11,9,3,3,4,0,2
2021 Fall,PHS,7100,Intro US Hlth Care Pol & Sys,030371,"Wanchek,Tanya",001,18129,Medical School - BIMS/PHS,3.97,38,12,22,4,0,0,0,0,0,0,0
2021 Fall,WGS,4559,New Course: WGS,039671,"Field,Corinne",001,18511,College & Graduate Arts & Sci,3.70,15,0,4,8,3,0,0,0,0,0,0
2021 Fall,PORT,1110,Beginning Intensive Portuguese,032102,"Feitosa,Lilian",001,10756,College & Graduate Arts & Sci,3.64,18,3,7,1,3,4,0,0,0,0,0
2021 Fall,LAW,9087,Internatl Environmental Law,022036,"Setear,John",1,19265,School of Law,3.34,19,0,2,3,9,4,1,0,0,0,0
2021 Fall,PLAP,4850,Constitutional Law & Theory,031621,"Vradenburgh,Holly",001,20427,College & Graduate Arts & Sci,3.74,15,0,9,4,0,1,0,1,0,0,0
2021 Fall,EGMT,1510,Engaging Aesthetics,044512,"Fredner,Erik",207,13293,College & Graduate Arts & Sci,3.93,37,0,32,4,0,0,1,0,0,0,0
2021 Fall,LAW,7202,Poverty Law,046385,"Cahn,Naomi",1,20159,School of Law,3.46,22,0,4,5,10,2,1,0,0,0,0
2021 Fall,ENGL,3480,The English Novel II,012776,"Arata,Stephen",001,18189,College & Graduate Arts & Sci,3.60,28,0,10,7,7,3,1,0,0,0,0
2021 Fall,NUIP,3430,Pharmacology II,043239,"Kastello,Jennifer",001,17326,School of Nursing,3.35,84,0,16,28,15,11,4,4,5,0,1
2021 Fall,PSYC,3415,RM: Developmental Psychology,046308,"Jaswal,Vikram",001,19747,College & Graduate Arts & Sci,3.89,20,2,15,1,1,0,1,0,0,0,0
2021 Fall,ECON,4400,Topics in Economic History,007974,"Thomas,Mark",001,18861,College & Graduate Arts & Sci,3.39,24,0,3,10,8,2,0,0,0,0,1
2021 Fall,SYS,6581,Selected Topics in Sys Engr,036978,"Valdez,Rupa",010,16882,Engineering & Applied Science,3.67,11,3,4,1,0,2,1,0,0,0,0
2021 Fall,CS,6160,Theory of Computation,006987,"Mahmoody,Mohammad",001,18909,Engineering & Applied Science,3.92,33,2,27,2,0,2,0,0,0,0,0
2021 Fall,RELC,1220,Early Christianity & N Testmnt,033953,"Spittler,Janet",100,18726,College & Graduate Arts & Sci,3.86,230,0,177,32,7,10,2,1,0,0,1
2021 Fall,PLPT,4500,Special Topics,031937,"Alexander,Rachel",004,19829,College & Graduate Arts & Sci,3.42,12,0,2,3,3,4,0,0,0,0,0
2021 Fall,DRAM,8450,Acting: Shakespeare,007494,"Kelly,Colleen",001,18545,College & Graduate Arts & Sci,3.71,8,0,5,1,1,0,1,0,0,0,0
2021 Fall,NUIP,4430,Intro Stats in Hlth Care Res,042514,"Byon,Ha Do",001,17190,School of Nursing,3.35,20,2,3,6,1,4,2,0,2,0,0
2021 Fall,PHIL,3720,Contemporary Ethics,030137,"Stangl,Rebecca",001,18935,College & Graduate Arts & Sci,3.58,29,0,10,6,9,4,0,0,0,0,0
2021 Fall,BIOL,4150,Evolution of Sex,042108,"Cox,Robert",001,18987,College & Graduate Arts & Sci,3.13,39,0,8,8,4,9,2,3,1,3,1
2021 Fall,HIEU,3462,Neighbors & Enemies in Germany,018444,"Achilles,Manuela",001,18534,College & Graduate Arts & Sci,3.73,12,0,6,4,1,0,1,0,0,0,0
2021 Fall,AAS,3500,Intermediate Seminar in AAS,039376,"Richardson,Liana",012,21019,College & Graduate Arts & Sci,3.21,16,0,3,5,4,0,0,1,2,0,1
2021 Fall,GCNL,5020,Principles of Pharmacology,042836,"Epstein,Beth",001,17191,School of Nursing,3.52,50,0,13,15,13,6,2,1,0,0,0
2021 Fall,BUS,5040,Creat & Conduct Secur Assess,004339,"Wojcik,Michael",701,20368,Continuing & Prof Studies,3.73,6,1,3,1,0,0,1,0,0,0,0
2021 Fall,MATH,5080,Operations Research,046381,"Foldes,Juraj",001,20087,College & Graduate Arts & Sci,3.75,8,2,2,2,2,0,0,0,0,0,0
2021 Fall,ASL,2010,Intermed Amer Sign Language I,003001,"Jennings-arey,Rhonda",001,10863,College & Graduate Arts & Sci,3.07,15,0,2,3,3,2,2,0,2,1,0
2021 Fall,LPPP,6500,Topics in Public Policy,041388,"Ariail,James",008,17119,Batten Leadership & Public Pol,3.34,19,0,0,6,12,0,0,0,0,1,0
2021 Fall,ANTH,5541,Topics in Linguistics,041157,"Mirzayan,Armik",001,19883,College & Graduate Arts & Sci,3.90,6,1,3,2,0,0,0,0,0,0,0
2021 Fall,LASE,3110,Analysis and Research,041030,"Rose,Kevin",003,19885,College & Graduate Arts & Sci,3.36,12,0,6,1,1,0,1,2,1,0,0
2021 Fall,LASE,3110,Analysis and Research,041030,"Rose,Kevin",004,19886,College & Graduate Arts & Sci,3.19,15,0,6,1,2,1,2,0,0,3,0
2021 Fall,SPAN,1060,Accelerated Elementary Spanish,035820,"Colon,Daniel",013,20992,College & Graduate Arts & Sci,3.31,14,0,0,10,1,0,2,0,0,0,1
2021 Fall,COMM,3720,Intermediate Corporate Finance,006484,"Erwin,Gayle",001,14662,McIntire School of Commerce,3.60,25,1,8,6,7,2,1,0,0,0,0
2021 Fall,ENGL,2506,Studies in Poetry,012488,"Jost,Walter",002,18572,College & Graduate Arts & Sci,3.55,16,0,4,7,3,1,0,0,1,0,0
2021 Fall,RELG,3255,"Ethics, Literature, & Religion",044560,"Geddes,Jennifer",001,18769,College & Graduate Arts & Sci,3.74,14,1,7,3,2,0,1,0,0,0,0
2021 Fall,CE,6500,Special Topics in CE,004607,"Clarens,Andres",004,18797,Engineering & Applied Science,3.33,6,2,1,1,0,0,0,1,1,0,0
2021 Fall,COLA,1500,College Advising Seminars,006376,"Davis,Matthew",098,12912,College & Graduate Arts & Sci,3.84,18,0,10,7,1,0,0,0,0,0,0
2021 Fall,STS,4500,STS and Engineering Practice,036749,"Baritaud,Catherine",004,16849,Engineering & Applied Science,3.46,26,0,8,5,6,4,2,1,0,0,0
2021 Fall,PLIR,4320,Religion and War,041955,"Furia,Peter",001,13281,College & Graduate Arts & Sci,3.62,15,0,10,0,2,1,1,0,1,0,0
2021 Fall,MUSI,3370,Songwriting,024807,"Coffey,Ted",001,14287,College & Graduate Arts & Sci,3.80,24,0,11,11,2,0,0,0,0,0,0
2021 Fall,EDIS,5422,Cross-Cultural Education,043455,"Amato,Wendy Warford",501,17538,School of Education and HumanDev,3.99,23,3,19,1,0,0,0,0,0,0,0
2021 Fall,CE,2030,Mgmt of Eng & Construct Projct,046267,"Heydarian,Arsalan",001,18872,Engineering & Applied Science,3.64,30,2,13,5,7,2,0,0,0,1,0
2021 Fall,HIUS,4501,Seminar United States History,019633,"Varon,Elizabeth",001,13983,College & Graduate Arts & Sci,3.69,14,3,9,1,0,0,0,0,0,0,1
2021 Fall,GBAC,7201,Enterprise Analytics II,015394,"Harris,Jared",001,20953,McIntire Darden Grad Business,3.68,51,0,14,27,7,2,1,0,0,0,0
2021 Fall,GBAC,7202,Enterprise Analytics III,045275,"Loutskina,Elena",001,20954,McIntire Darden Grad Business,3.48,51,2,8,13,18,10,0,0,0,0,0
2021 Fall,ASTR,1210,Intro Sky and Solar System,003045,"Pryal,Matthew",005,20184,College & Graduate Arts & Sci,3.45,84,3,23,27,11,10,2,3,2,1,2
2021 Fall,EGMT,1540,Ethical Engagement,044515,"Owensby,Brian",102,13345,College & Graduate Arts & Sci,3.57,34,0,11,7,12,4,0,0,0,0,0
2021 Fall,EDIS,5320,Math in Elementary Schools,009452,"McGraw,Jillian",2,18891,School of Education and HumanDev,3.90,33,10,21,0,0,1,0,0,0,1,0
2021 Fall,ENGL,3515,Medieval European Lit in Trans,012674,"Hart,Professor Kevin",001,18363,College & Graduate Arts & Sci,3.61,22,4,9,4,3,0,1,0,0,0,1
2021 Fall,CHEM,2311,Org Chem Lab I Non Chem Major,043154,"Chruma,Jason",010,12816,College & Graduate Arts & Sci,3.58,33,0,10,14,3,4,1,0,0,1,0
2021 Fall,CS,1111,Introduction to Programming,007055,"Apostolellis,Panagiotis",001,16134,Engineering & Applied Science,3.20,63,9,18,7,8,5,4,1,3,2,6
2021 Fall,ECE,4750,Digital Signal Processing,042966,"Wang,Jie",001,18771,Engineering & Applied Science,3.74,11,1,5,3,1,0,1,0,0,0,0
2021 Fall,ECE,6501,Topics: Elect & Computer Engr,007731,"Zhang,Miaomiao",001,18775,Engineering & Applied Science,3.34,23,0,10,2,5,3,0,1,0,1,1
2021 Fall,ARCH,3010,Foundation Studio IV,001517,"McDowell,Seth",003,18805,School of Architecture,3.55,11,0,4,3,0,4,0,0,0,0,0
2021 Fall,SEC,3030,Human Factors Cyber Security,045342,"Holbert,Derek",701,20388,Continuing & Prof Studies,3.61,11,2,6,1,0,0,0,1,0,1,0
2021 Fall,GETR,3464,Stories of Love and Adventure,045859,"McDonald,William",001,14190,College & Graduate Arts & Sci,3.74,34,0,14,13,7,0,0,0,0,0,0
2021 Fall,GNUR,6025,Advanced Health Assessment,016901,"Eastham,Linda",001,17293,School of Nursing,3.88,30,4,15,10,1,0,0,0,0,0,0
2021 Fall,GNUR,8670,Resilient Leadership,045530,"Ridge,Richard A.",001,17302,School of Nursing,3.94,16,4,9,3,0,0,0,0,0,0,0
2021 Fall,EDIS,5015,Social & Emotional Learning,045888,"Bierzynski,Danielle",500,17581,School of Education and HumanDev,3.75,17,0,13,3,0,0,0,0,0,0,1
2021 Fall,ENWR,2510,Advanced Writing Seminar,013441,"Thomas,Rebecca",003,12825,College & Graduate Arts & Sci,3.89,16,0,10,6,0,0,0,0,0,0,0
2021 Fall,ENGL,4559,New Course: ENGL,039145,"Cushman,Stephen",001,18359,College & Graduate Arts & Sci,3.80,15,0,12,0,1,1,1,0,0,0,0
2021 Fall,SPAN,2010,Intermediate Spanish,035853,"Prados,Nieves Garcia",025,14194,College & Graduate Arts & Sci,3.78,17,0,9,6,1,0,1,0,0,0,0
2021 Fall,LPPP,3255,Comparative Policy History,042165,"Johannessen,Peter",002,17071,Batten Leadership & Public Pol,3.40,46,2,9,17,10,3,2,1,0,0,2
2021 Fall,LPPP,6500,Topics in Public Policy,041388,"Felder,Adam",007,17118,Batten Leadership & Public Pol,3.97,20,0,18,2,0,0,0,0,0,0,0
2021 Fall,ARH,8003,Evidence and Archives,045460,"Nelson,Louis",001,18844,School of Architecture,3.66,18,0,7,6,2,3,0,0,0,0,0
2021 Fall,SATR,3300,Lit & Soc:Breaking the Cast(e),042191,"Farooqi,Mehr",001,18944,College & Graduate Arts & Sci,3.59,10,0,2,7,0,0,0,0,1,0,0
2021 Fall,LAW,9239,BigLaw Prof (and Bus) of Law,043824,"Duncan,Robert",1,19156,School of Law,3.45,19,0,0,7,12,0,0,0,0,0,0
2021 Fall,LAW,6101,Corporate Finance,021635,"Franks,Harry",1,19157,School of Law,3.54,44,6,6,8,18,4,1,1,0,0,0
2021 Fall,GSSJ,3559,New Course-Securityand Justice,043341,"Zeweri,Helena",002,18866,College & Graduate Arts & Sci,3.93,39,0,31,7,1,0,0,0,0,0,0
2021 Fall,GSVS,3559,New Course: GSVS,043646,"Phillips,Spencer",001,18867,College & Graduate Arts & Sci,3.66,29,3,14,7,3,0,0,1,0,0,1
2021 Fall,GSGS,4100,Activism for Social Justice,046173,"Edmunds,David",001,18869,College & Graduate Arts & Sci,3.84,18,0,11,6,0,1,0,0,0,0,0
2021 Fall,PHIL,2060,Phil Problems in Law,030052,"Adams,Nate",100,18919,College & Graduate Arts & Sci,3.40,56,3,11,10,17,10,1,2,2,0,0
2021 Fall,PHIL,3640,Political Philosophy,030092,"Adams,Nate",001,18934,College & Graduate Arts & Sci,3.74,28,2,14,6,2,4,0,0,0,0,0
2021 Fall,AMST,3630,Vietnam War Lit & Film,044175,"Chong,Sylvia",001,19008,College & Graduate Arts & Sci,3.81,15,1,9,3,1,0,1,0,0,0,0
2021 Fall,CHEM,1411,Intro College Chem I Lab,005986,"Morkowchuk,Lisa",030,11005,College & Graduate Arts & Sci,3.80,24,13,6,3,0,0,1,0,0,0,1
2021 Fall,MAE,3710,Mechanical Systems,022591,"Knospe,Carl",001,15473,Engineering & Applied Science,3.00,73,4,13,10,8,11,9,3,8,3,4
2021 Fall,ANTH,3290,Biopolitics,045108,"Zigon,Jarrett",001,12855,College & Graduate Arts & Sci,3.89,56,14,26,14,1,1,0,0,0,0,0
2021 Fall,MATH,1210,A survey of Calculus I,022944,"Shen,Yaolong",400,10570,College & Graduate Arts & Sci,3.01,36,0,3,6,6,11,7,1,0,0,2
2021 Fall,EVSC,2220,Conserv Ecol-Biodivrs & Beyond,013901,"Lerdau,Manuel",001,12391,College & Graduate Arts & Sci,2.95,104,3,10,8,15,29,16,8,10,3,2
2021 Fall,EVSC,1450,"Climate Change, You and CO2",043431,"Lawrence,Deborah",001,12392,College & Graduate Arts & Sci,3.46,298,0,83,94,45,47,10,8,6,2,3
2021 Fall,EGMT,1540,Ethical Engagement,044515,"Elia,Matt",103,12475,College & Graduate Arts & Sci,3.70,28,0,9,16,2,0,0,0,0,1,0
2021 Fall,MUSI,3570,Music Cultures,040905,"Lobley,Noel",001,20056,College & Graduate Arts & Sci,3.79,14,2,7,3,1,0,1,0,0,0,0
2021 Fall,CHEM,2311,Org Chem Lab I Non Chem Major,043154,"Chruma,Jason",015,13554,College & Graduate Arts & Sci,3.56,32,1,17,6,0,5,1,0,1,0,1
2021 Fall,GERM,3559,New Course: GERM,039211,"Gutterman,Julia",001,18339,College & Graduate Arts & Sci,3.91,10,0,7,3,0,0,0,0,0,0,0
2021 Fall,CHEM,2311,Org Chem Lab I Non Chem Major,043154,"Chruma,Jason",007,12814,College & Graduate Arts & Sci,3.57,35,2,18,7,1,4,1,0,0,0,2
2021 Fall,GBAC,7203,Enterprise Analytics IV,045274,"Popescu,Dana",001,20955,McIntire Darden Grad Business,3.47,51,2,7,11,24,7,0,0,0,0,0
2021 Fall,ENWR,1510,Writing and Critical Inquiry,013432,"Cavens,Derek",003,12823,College & Graduate Arts & Sci,3.10,13,0,3,1,2,4,0,1,1,1,0
2021 Fall,GCNL,5210,Leadership in Healthcare Syst,015367,"DeGuzman,Pamela",001,17141,School of Nursing,3.67,50,0,15,24,6,5,0,0,0,0,0
2021 Fall,PSYC,5305,Moral Development,044520,"Vaish,Amrisha",001,19052,College & Graduate Arts & Sci,3.94,20,0,18,1,0,1,0,0,0,0,0
2021 Fall,COLA,1500,College Advising Seminars,006376,"Rotich,Anne",035,12930,College & Graduate Arts & Sci,3.98,17,6,10,1,0,0,0,0,0,0,0
2021 Fall,STS,2050,Sustainable Energy Systems,045394,"Groves,James",001,18859,Engineering & Applied Science,2.69,101,0,21,8,11,13,12,7,8,5,16
2021 Fall,COLA,1500,College Advising Seminars,006376,"Heller,Natasha",095,12909,College & Graduate Arts & Sci,3.85,15,0,12,1,0,2,0,0,0,0,0
2021 Fall,RELC,3043,Themes in Eastern Orthodoxy,042053,"Henry,James",001,18739,College & Graduate Arts & Sci,3.89,16,0,10,6,0,0,0,0,0,0,0
2021 Fall,GBAC,7200,Enterprise Analytics I,045272,"Palomba,Anthony",001,20951,McIntire Darden Grad Business,3.87,51,5,24,22,0,0,0,0,0,0,0
2021 Fall,ENGL,5559,New Course: ENGL,045439,"Kinney,Clare",002,18483,College & Graduate Arts & Sci,3.74,18,0,10,5,2,0,0,1,0,0,0
2021 Fall,AAS,3500,Intermediate Seminar in AAS,039376,"Moses,Janee",002,18832,College & Graduate Arts & Sci,3.43,20,1,4,7,2,3,2,0,0,1,0
2021 Fall,PERS,1010,Elementary Persian I,029842,"Mohit,Mahshad",001,18903,College & Graduate Arts & Sci,3.95,11,0,9,2,0,0,0,0,0,0,0
2021 Fall,HIST,9960,Readings in History,019323,"Varon,Elizabeth",001,20613,College & Graduate Arts & Sci,3.93,8,0,6,2,0,0,0,0,0,0,0
2021 Fall,ECON,3020,Intermediate Macroeconomics,007909,"Westerfield,Maria",500,12805,College & Graduate Arts & Sci,3.36,93,6,18,21,19,14,7,3,1,3,1
2021 Fall,STAT,1601,Intro Data Science with R,045055,"Afriyie,Prince",001,12864,College & Graduate Arts & Sci,3.39,135,0,34,51,11,15,13,4,3,1,3
2021 Fall,EDHS,7210,Intro Profession of Counseling,009204,"Williams,Derick",001,14792,School of Education and HumanDev,4.00,27,3,24,0,0,0,0,0,0,0,0
2021 Fall,EGMT,1530,Engaging Differences,044514,"Kondyli,Foteini",107,13343,College & Graduate Arts & Sci,3.64,14,1,10,0,0,1,1,0,0,0,1
2021 Fall,ALAR,8010,Research Studio 1,042199,"Correa,Felipe",008,18826,School of Architecture,4.00,6,2,4,0,0,0,0,0,0,0,0
2021 Fall,STS,4500,STS and Engineering Practice,036749,"Laugelli,Benjamin",021,16671,Engineering & Applied Science,3.76,31,5,13,9,1,2,0,0,1,0,0
2021 Fall,CHEM,4411,Biological Chemistry Lab I,005757,"Price,Carol",105,13381,College & Graduate Arts & Sci,3.60,10,0,4,2,2,2,0,0,0,0,0
2021 Fall,ENGL,4540,Seminar in 19th-C Literature,012787,"Edmundson,Mark",002,18986,College & Graduate Arts & Sci,3.44,17,2,5,5,1,2,1,0,0,0,1
2021 Fall,NUIP,3004,Wisdom and Resilience,040624,"Barbero,Edie",001,17290,School of Nursing,3.96,20,8,9,3,0,0,0,0,0,0,0
2021 Fall,NUIP,4311,RNs in Complex Systems,045256,"Gibson,Jessie",002,17299,School of Nursing,3.88,46,2,32,10,1,0,0,1,0,0,0
2021 Fall,PLAP,4500,Special Topics,031588,"Alexander,Gerard",002,13276,College & Graduate Arts & Sci,3.42,15,0,3,4,4,3,0,1,0,0,0
2021 Fall,LAW,9284,World War I,044663,"Setear,John",1,19316,School of Law,3.42,16,0,1,3,12,0,0,0,0,0,0
2021 Fall,DS,3001,Practice of Data Science,045203,"Wright,Brian",002,17410,School of Data Science,3.92,38,8,21,8,1,0,0,0,0,0,0
2021 Fall,PLPT,4305,American Political Thought,041876,"Savage,James",001,13282,College & Graduate Arts & Sci,3.69,14,0,4,8,1,0,1,0,0,0,0
2021 Fall,LPPP,4725,NGOs & Policy,043703,"McLean,Paul Martin and Sarah",100,17078,Batten Leadership & Public Pol,3.65,12,0,6,3,0,2,1,0,0,0,0
2021 Fall,ENGL,3560,Studies in Mod & Contemp Lit,039235,"Arata,Stephen",001,18191,College & Graduate Arts & Sci,3.39,17,0,7,3,2,4,0,0,0,0,1
2021 Fall,HIAF,2001,Early African History,018133,"Fleur,James La",100,18300,College & Graduate Arts & Sci,3.28,55,3,13,11,8,12,0,1,3,1,3
2021 Fall,ANTH,3390,Pregnancy Birthing Post-Partum,045760,"Fraser,Gertrude",001,18562,College & Graduate Arts & Sci,3.65,52,6,25,12,1,2,3,0,2,0,1
2021 Fall,PLAD,2500,Special Topics,040272,"Mershon,Carol",001,18343,College & Graduate Arts & Sci,3.75,28,0,13,10,3,2,0,0,0,0,0
2021 Fall,NUCO,2210,Foundations of Nursing CARE,043099,"Jones,Randy",001,17228,School of Nursing,3.95,31,0,26,5,0,0,0,0,0,0,0
2021 Fall,PHS,7090,Health Care Economics,030370,"Wanchek,Tanya",001,18100,Medical School - BIMS/PHS,3.93,26,1,21,3,0,1,0,0,0,0,0
2021 Fall,ECON,3720,Introduction to Econometrics,007939,"Ruediger,Stefan",200,18853,College & Graduate Arts & Sci,3.66,60,7,26,15,6,3,0,1,0,0,2
2021 Fall,STAT,6020,Optimization and Monte Carlo,046246,"Li,Tianxi",001,19449,College & Graduate Arts & Sci,3.44,26,2,9,4,3,6,1,0,0,0,1
2021 Fall,EDLF,7810,Legal & Educ Policy Context,009813,...,500,17564,School of Education and HumanDev,3.89,21,5,13,1,0,2,0,0,0,0,0
2021 Fall,GNUR,6058,"Nursng, Ethics & Hthcare Arena",016894,"Hurst,Ashley",001,17144,School of Nursing,3.93,53,0,43,8,2,0,0,0,0,0,0
2021 Fall,GNUR,6031,Transition to Adv Practice,016923,"Reid,Kathryn",001,17145,School of Nursing,3.96,40,0,35,5,0,0,0,0,0,0,0
2021 Fall,GNUR,6010,Advanced Pathophysiology,016929,"Quatrara,Beth",001,17146,School of Nursing,3.83,69,5,34,24,6,0,0,0,0,0,0
2021 Fall,NUIP,2240,Lifespan Development,029449,"LeBaron,Virginia",001,17155,School of Nursing,3.75,95,0,41,43,4,5,1,1,0,0,0
2021 Fall,CS,2910,CS Education Practicum,044243,"Tychonievich,Luther",001,16255,Engineering & Applied Science,3.98,113,4,101,8,0,0,0,0,0,0,0
2021 Fall,EDIS,5650,Cultural Geography,009472,"Cranford,Sara",500,17541,School of Education and HumanDev,3.96,7,3,3,1,0,0,0,0,0,0,0
2021 Fall,MDST,3504,Topics in Global Media,042990,"Driscoll,Kevin",003,18606,College & Graduate Arts & Sci,3.69,29,0,10,11,8,0,0,0,0,0,0
2021 Fall,ITTR,3559,New Course: ITTR,042074,"Annunziato,Sarah",001,18607,College & Graduate Arts & Sci,3.88,17,0,10,7,0,0,0,0,0,0,0
2021 Fall,EDHS,2889,Fostering Ldshp Teenage Boys,043662,"Brackins,Genevieve",1,18994,School of Education and HumanDev,4.00,13,10,3,0,0,0,0,0,0,0,0
2021 Fall,CS,3240,Advanced Software Development,006903,"Sherriff,Mark",001,15929,Engineering & Applied Science,3.56,150,1,77,37,9,9,5,4,1,2,5
2021 Fall,MAE,4610,ME Design I,022602,"Chelliah,Harsha",004,18880,Engineering & Applied Science,3.90,12,4,4,4,0,0,0,0,0,0,0
2021 Fall,BIOL,4270,Animal Behavior Laboratory,003614,"Kawasaki,Masashi",001,18948,College & Graduate Arts & Sci,3.93,18,1,13,4,0,0,0,0,0,0,0
2021 Fall,HISA,2003,History of Modern India,018919,"Nair,Neeti",100,18308,College & Graduate Arts & Sci,3.74,28,6,11,4,4,2,1,0,0,0,0
2021 Fall,SPAN,2010,Intermediate Spanish,035853,"Park,Sara",022,14191,College & Graduate Arts & Sci,3.73,18,0,8,6,3,1,0,0,0,0,0
2021 Fall,USEM,1570,University Seminar,037196,"Heil,Ethan",004,17466,Executive VP & Provost,3.85,15,0,9,5,1,0,0,0,0,0,0
2021 Fall,MICR,8042,Advanced Topics in Cancer,038109,"Purow,Benjamin",001,17735,Medical School - BIMS/PHS,3.96,8,3,4,1,0,0,0,0,0,0,0
2021 Fall,RELA,3000,Women and Religion in Africa,039572,"Hoehler-Fatton,Cynthia",001,18905,College & Graduate Arts & Sci,3.44,20,1,3,7,4,2,2,1,0,0,0
2021 Fall,ANTH,2541,Topics in Linguistics,041155,"Wendte,Nathan",002,20814,College & Graduate Arts & Sci,3.61,10,0,7,1,0,0,1,0,0,1,0
2021 Fall,LPPS,3050,Intro to Soc Entrepreneurship,042310,"Mulloth,Balashankar",001,17058,Batten Leadership & Public Pol,3.66,48,0,11,25,10,2,0,0,0,0,0
2021 Fall,LPPS,3240,Terrorism and Counterterrorism,041550,"Moy,Daniel",001,17081,Batten Leadership & Public Pol,3.08,54,1,3,16,4,15,7,4,2,0,2
2021 Fall,LAW,7196,Repugnant Transactions,046382,"Krawiec,Kimberly",1,20103,School of Law,3.46,30,0,5,8,14,2,0,0,1,0,0
2021 Fall,EGMT,1530,Engaging Differences,044514,"Handel,John",204,12578,College & Graduate Arts & Sci,3.98,33,0,31,2,0,0,0,0,0,0,0
2021 Fall,ARCH,5605,Urban Materiality,044589,"Bailo Esteve,Manuel",501,17726,School of Architecture,3.69,11,0,6,1,3,1,0,0,0,0,0
2021 Fall,ASTR,1210,Intro Sky and Solar System,003045,"Murphy,Edward",001,10301,College & Graduate Arts & Sci,3.29,247,4,64,60,46,29,17,7,5,2,13
2021 Fall,MAE,2040,Computer Aided Design,046331,"Russell,Shawn",003,19723,Engineering & Applied Science,3.54,27,0,7,14,2,0,3,0,0,0,1
2021 Fall,GNUR,5030,Leading with Presence,045545,"Powell,Elizabeth",001,17303,School of Nursing,3.44,28,0,3,7,15,3,0,0,0,0,0
2021 Fall,SWAH,1010,Introductory Swahili I,036870,"Heddi,Asmaha",003,21023,College & Graduate Arts & Sci,4.00,11,4,3,1,2,0,1,0,0,0,0
2021 Fall,LPPP,3001,Public Policy Writing Lab,042724,"Brind'Amour,Molly",003,17068,Batten Leadership & Public Pol,3.85,24,5,13,4,0,1,1,0,0,0,0
2021 Fall,LPPP,3001,Public Policy Writing Lab,042724,"Brind'Amour,Molly",004,17070,Batten Leadership & Public Pol,3.84,24,4,12,5,2,1,0,0,0,0,0
2021 Fall,EDIS,6880,Masters Comp in Curric & Inst,045850,"Jewett,Anne",500,18444,School of Education and HumanDev,3.93,26,0,23,2,0,0,1,0,0,0,0
2021 Fall,LATI,2020,Intermediate Latin II,021134,"Kuin,Inger Neeltje Irene",001,10562,College & Graduate Arts & Sci,3.24,14,0,4,2,0,6,1,0,0,0,1
2021 Fall,STS,4500,STS and Engineering Practice,036749,"Norton,Peter",001,15531,Engineering & Applied Science,3.54,33,0,12,7,5,8,0,1,0,0,0
2021 Fall,PHYS,2419,Intro Physics 2 Workshop,031079,"Bychkov,Maksim",001,10707,College & Graduate Arts & Sci,3.24,20,0,0,3,12,2,3,0,0,0,0
2021 Fall,STAT,3110,Foundations of Statistics,044444,"Li,Yifan",003,14170,College & Graduate Arts & Sci,3.70,37,4,24,1,4,1,1,1,0,0,1
2021 Fall,PHYS,5620,Solid State Physics,030900,"Lee,Seung-Hun",001,10727,College & Graduate Arts & Sci,3.65,8,2,2,0,4,0,0,0,0,0,0
2021 Fall,LAW,9232,Bioethics and the Law Seminar,043277,"Shepherd,Lois",1,20188,School of Law,3.45,19,0,3,8,3,4,0,0,1,0,0
2021 Fall,STS,1500,Sci Tech & Contemp Issues,036732,"Laugelli,Benjamin",001,15940,Engineering & Applied Science,3.84,143,45,67,17,6,3,2,1,0,0,2
2021 Fall,MDST,3504,Topics in Global Media,042990,"Kokas,Aynne",002,17642,College & Graduate Arts & Sci,3.77,20,0,7,11,2,0,0,0,0,0,0
2021 Fall,GCOM,7380,Data Mgt & Analytics for Accts,044316,"Grazioli,Stefano",001,14725,McIntire School of Commerce,3.59,48,2,21,8,3,12,1,1,0,0,0
2021 Fall,LPPA,4240,Resrch Methods & Data Analysis,042161,"Player,Daniel",100,17051,Batten Leadership & Public Pol,3.63,47,0,22,10,6,7,1,0,1,0,0
2021 Fall,LPPS,3340,H4D:Defense Innovatn&PrblmSolv,045490,"Robinson,John",001,17108,Batten Leadership & Public Pol,3.53,30,0,4,12,12,2,0,0,0,0,0
2021 Fall,LPPS,6752,Sustainability Policy Design,044643,"Lipscomb,Molly",001,17123,Batten Leadership & Public Pol,3.84,13,0,6,7,0,0,0,0,0,0,0
2021 Fall,PHYS,2419,Intro Physics 2 Workshop,031079,"Bychkov,Maksim",009,10714,College & Graduate Arts & Sci,3.33,24,0,2,10,3,4,4,1,0,0,0
2021 Fall,MAE,2040,Computer Aided Design,046331,"Russell,Shawn",004,19724,Engineering & Applied Science,3.44,29,0,7,14,2,2,2,0,1,0,1
2021 Fall,LPPL,7025,Values-Based Leadership,042195,"Adams,Gabrielle",002,17102,Batten Leadership & Public Pol,3.76,47,0,26,11,7,3,0,0,0,0,0
2021 Fall,EDLF,7130,College Student Development,009723,"Steinmetz,Christian",1,14981,School of Education and HumanDev,3.97,20,0,18,2,0,0,0,0,0,0,0
2021 Fall,EGMT,1520,Empirical Engagement,044513,"Connelly,Jessica",102,12471,College & Graduate Arts & Sci,3.76,36,10,18,5,0,0,0,0,2,0,1
2021 Fall,COMM,4620,Strategic Leadership,045370,"Zhao,Emma",001,14766,McIntire School of Commerce,3.72,40,0,14,21,4,0,0,0,1,0,0
2021 Fall,PLAN,6310,"Racism and Planning, 1945-1965",046360,"Moomaw,Suzanne",001,19873,School of Architecture,3.88,5,0,3,2,0,0,0,0,0,0,0
2021 Fall,MATH,5653,Number Theory,023153,"Ono,Ken",001,12704,College & Graduate Arts & Sci,3.40,15,2,5,0,2,3,2,0,1,0,0
2021 Fall,PHAR,9001,Principles of Pharmacology I,042342,"Creutz,Carl",001,17904,Medical School - BIMS/PHS,4.00,5,2,3,0,0,0,0,0,0,0,0
2021 Fall,EGMT,1540,Ethical Engagement,044515,"Teets,Sarah",100,12473,College & Graduate Arts & Sci,3.94,31,0,29,0,1,0,1,0,0,0,0
2021 Fall,PHYS,2419,Intro Physics 2 Workshop,031079,"Bychkov,Maksim",012,10717,College & Graduate Arts & Sci,3.38,18,2,4,1,5,3,2,1,0,0,0
2021 Fall,IT,3400,Database Mgmt & Bus Intelligen,042443,"Al-Ghandour,Majed",701,20381,Continuing & Prof Studies,3.18,15,0,4,4,4,1,0,0,0,0,2
2021 Fall,EDLF,7603,Philosophy of Education,009733,"Paxton,Benjamin",501,19019,School of Education and HumanDev,3.48,18,2,12,1,0,1,0,0,0,0,2
2021 Fall,COLA,1500,College Advising Seminars,006376,"Griffin,Cristina",002,20612,College & Graduate Arts & Sci,3.97,18,0,16,2,0,0,0,0,0,0,0
2021 Fall,PHYS,3650,Quantum Physics I,030871,"Arnold,Peter",001,10723,College & Graduate Arts & Sci,3.23,51,3,6,10,6,13,7,6,0,0,0
2021 Fall,PLIR,4430,"Empire, Hegemony, Leadership",040541,"Owen,John",101,20395,College & Graduate Arts & Sci,3.58,15,0,4,5,4,2,0,0,0,0,0
2021 Fall,APMA,3100,Probability,001152,"Ryals,Megan",002,15408,Engineering & Applied Science,2.88,40,3,6,6,4,7,3,0,3,4,4
2021 Fall,APMA,3100,Probability,001152,"Krzysztofowicz,Roman",003,15409,Engineering & Applied Science,2.23,10,0,2,0,1,3,0,0,1,0,3
2021 Fall,LAW,9287,Law and Economics Colloquium,044727,"Cope,Kevin",1,19176,School of Law,3.58,12,0,3,4,4,1,0,0,0,0,0
2021 Fall,GNUR,6054,Rsch & Biostats Proc Hlth Care,016931,"Mattos,Meghan",004,17317,School of Nursing,3.60,26,0,3,18,3,1,0,0,1,0,0
2021 Fall,LAW,7801,Antitrust Digital Economy (SC),045636,"Hockett,Christopher",1,19299,School of Law,3.49,17,0,4,5,4,3,1,0,0,0,0
2021 Fall,MAE,6410,Engineering Mathematics I,022667,"Wood,Houston",600,19777,Engineering & Applied Science,3.73,36,4,17,8,4,0,2,0,1,0,0
2021 Fall,GBAC,7206,Leadership I,045279,"Palomba,Anthony",001,20959,McIntire Darden Grad Business,3.39,51,0,9,9,19,11,3,0,0,0,0
2021 Fall,LATI,5559,New Course: LATI,038613,"Corbeill,Anthony",002,18710,College & Graduate Arts & Sci,3.91,7,0,5,2,0,0,0,0,0,0,0
2021 Fall,RELC,5009,"Bonhoeffer, Niebuhr and King",039558,"Marsh,Charles",001,18790,College & Graduate Arts & Sci,3.88,10,0,6,4,0,0,0,0,0,0,0
2021 Fall,PSHM,1010,Explorations in Health Care,044696,"Medico,Tegan Jean",560,20946,Continuing & Prof Studies,3.13,23,3,6,3,2,2,2,1,1,1,2
2021 Fall,RELG,7360,Study of Religion,039597,"Geddes,Jennifer",001,14087,College & Graduate Arts & Sci,3.62,14,0,5,4,4,0,1,0,0,0,0
2021 Fall,COLA,1500,College Advising Seminars,006376,"Hagerman,Bonnie",027,11674,College & Graduate Arts & Sci,3.83,16,9,4,1,1,0,0,1,0,0,0
2021 Fall,COMM,5140,AcctforDecision Making&Control,006550,"Roberts,Andrea",002,14727,McIntire School of Commerce,3.73,26,0,9,13,3,1,0,0,0,0,0
2021 Fall,GNUR,6050,Theoretical Foundation of Nurs,016925,"Metzger,Maureen",001,17273,School of Nursing,3.90,35,0,25,9,1,0,0,0,0,0,0
2021 Fall,ENGL,5830,World Religions & Literatures,044818,"Fowler,Elizabeth",001,19865,College & Graduate Arts & Sci,3.73,7,0,2,4,1,0,0,0,0,0,0
2021 Fall,MATH,3351,Elementary Linear Algebra,023081,"Webster,Joe",001,10614,College & Graduate Arts & Sci,3.21,21,1,7,3,3,0,3,2,0,1,1
2021 Fall,LAW,7059,Labor Law,021679,"Hodges,Ann",1,19297,School of Law,3.40,26,1,3,6,9,6,0,1,0,0,0
2021 Fall,LPPS,6710,Congress 101,041276,"Warburg,Gerald",001,19689,Batten Leadership & Public Pol,3.66,20,0,7,8,2,3,0,0,0,0,0
2021 Fall,CHIN,1010,Elementary Chinese,006047,"Gao,Ying",001,10347,College & Graduate Arts & Sci,3.96,15,0,13,2,0,0,0,0,0,0,0
2021 Fall,CHEM,1411,Intro College Chem I Lab,005986,"Morkowchuk,Lisa",048,13990,College & Graduate Arts & Sci,3.91,23,11,5,7,0,0,0,0,0,0,0
2021 Fall,CS,2120,Discrete Math and Theory 1,046227,"Orrico,Elizabeth",001,19805,Engineering & Applied Science,3.68,145,6,76,31,12,11,2,4,1,0,2
2021 Fall,LAW,7163,Legislation and Regulation,044706,"Johnston,Jason",1,19272,School of Law,3.45,17,0,2,5,7,3,0,0,0,0,0
2021 Fall,LAW,7176,Intro to American Law for LLMs,045604,"Fallon,Ethan",1,19302,School of Law,3.35,37,0,8,9,8,5,4,2,1,0,0
2021 Fall,MUSI,2307,Play Guitar,045484,"Rosensky,Michael",001,14593,College & Graduate Arts & Sci,3.69,18,0,11,3,2,1,0,0,0,1,0
2021 Fall,LAW,6109,Corporations (Law & Business),021836,"Geis,George",1,19305,School of Law,3.49,74,0,3,33,34,4,0,0,0,0,0
2021 Fall,ISIN,4510,Sp Tps Conduct Inquiry: So Sci,043255,"Plunkett,Ann Marie",102,20258,Continuing & Prof Studies,3.26,15,0,5,3,4,0,0,2,0,0,1
2021 Fall,PSYC,4250,Brain Systs Involved in Memory,032620,"Williams,Cedric",001,19050,College & Graduate Arts & Sci,3.40,19,5,4,0,3,4,1,0,2,0,0
2021 Fall,EGMT,1540,Ethical Engagement,044515,"Ferguson,Andrew",210,20139,College & Graduate Arts & Sci,3.95,59,0,51,7,1,0,0,0,0,0,0
2021 Fall,LAW,6104,Evidence,021648,"Brown,Darryl",2,20088,School of Law,3.51,29,0,8,4,13,4,0,0,0,0,0
2021 Fall,ARTH,2471,Art Since 1945,002488,"Robbins,Christa",100,12256,College & Graduate Arts & Sci,3.80,82,18,42,11,6,3,0,0,1,0,1
2021 Fall,NUCO,2210,Foundations of Nursing CARE,043099,"Logan,Jeongok",003,17230,School of Nursing,3.93,29,0,22,7,0,0,0,0,0,0,0
2021 Fall,KINE,3420,Contemporary Health Issues,009125,"Edwards,David",1,14949,School of Education and HumanDev,3.98,51,0,48,3,0,0,0,0,0,0,0
2021 Fall,LPPA,6150,Res Methods & Data Analysis I,032141,"Hudson,Sally",100,17041,Batten Leadership & Public Pol,3.25,54,1,14,8,8,6,11,0,6,0,0
2021 Fall,LAR,7500,Special Tops in Landscape Arch,045643,"Hawkins,Chloe",005,20810,School of Architecture,3.48,14,0,1,6,5,2,0,0,0,0,0
2021 Fall,RELB,3150,Buddhism and Gender,033851,"Heller,Natasha",001,18725,College & Graduate Arts & Sci,3.81,18,0,10,6,1,1,0,0,0,0,0
2021 Fall,ARCH,2010,Foundation Studio II,001493,"Stranix,Katie",102,18801,School of Architecture,3.28,13,0,1,4,4,2,1,0,1,0,0
2021 Fall,PSPS,6050,Stewardship PA & Managing HC,046295,"Farr,Murray Jay",502,20334,Continuing & Prof Studies,3.69,42,0,15,23,3,0,0,0,0,0,1
2021 Fall,LAW,7179,Race and Criminal Justice,045598,"Bowers,Josh",1,19274,School of Law,3.53,14,0,1,7,5,1,0,0,0,0,0
2021 Fall,ENWR,2510,Advanced Writing Seminar,013441,"Parks,Stephen",006,19456,College & Graduate Arts & Sci,3.91,16,0,11,5,0,0,0,0,0,0,0
2021 Fall,APMA,3110,Applied Stats & Probability,001153,"Pisano,Stacie",002,15411,Engineering & Applied Science,2.80,42,0,6,6,1,11,7,1,2,4,4
2021 Fall,MUSI,3559,New Course: MUSI,040894,"Gordon,Bonnie",001,17623,College & Graduate Arts & Sci,3.62,13,0,5,5,2,0,0,0,1,0,0
2021 Fall,ARCH,2010,Foundation Studio II,001493,"aranguren,Belen Gonzalez",101,18800,School of Architecture,3.50,13,0,3,2,7,1,0,0,0,0,0
2021 Fall,APMA,3080,Linear Algebra,001151,"Williams,Robert",005,16908,Engineering & Applied Science,2.67,40,1,3,6,0,6,5,11,2,3,3
2021 Fall,EDIS,5025,"Curric, Instruct & Assessment",044060,"Jewett,Beverly Anne",501,17523,School of Education and HumanDev,3.66,21,2,9,7,1,0,1,0,0,0,1
2021 Fall,AAS,3645,Musical Fictions,044904,"Hamilton,Njelle",001,19788,College & Graduate Arts & Sci,2.57,10,2,2,0,1,0,2,0,0,0,3
2021 Fall,COMM,4780,Institutional Investment Mgmt,043380,"Finley,Edward",001,20167,McIntire School of Commerce,3.40,18,0,5,2,6,3,1,1,0,0,0
2021 Fall,EDIS,6220,Assessment of Curriculum: K-12,045848,"Falls,Melanie",501,20907,School of Education and HumanDev,3.52,16,0,10,1,2,2,0,0,0,0,1
2021 Fall,LAW,6000,Civil Procedure,021550,"Solum,Lawrence",6H,19312,School of Law,3.40,38,1,5,7,14,10,1,0,0,0,0
2021 Fall,EDIS,4110,Char of Ind w/Lrn Disablities,044943,"Cook,Lysandra",500,17517,School of Education and HumanDev,4.00,11,2,9,0,0,0,0,0,0,0,0
2021 Fall,LATI,3010,Plautus,021143,"Kuin,Inger Neeltje Irene",001,18707,College & Graduate Arts & Sci,3.61,16,2,3,6,3,1,1,0,0,0,0
2021 Fall,LAW,7072,Prof Resp/Public Interest Law,021739,"Jaffe,Cale",1,19294,School of Law,3.57,50,0,10,22,10,8,0,0,0,0,0
2021 Fall,AAS,2559,New Course: AAS,038531,"Pendergrass,Sabrina",001,18839,College & Graduate Arts & Sci,2.77,15,0,4,1,1,3,2,0,0,2,2
2021 Fall,APMA,3100,Probability,001152,"Hellings,Christian",005,18901,Engineering & Applied Science,2.71,41,2,9,2,4,5,4,4,3,2,6
2021 Fall,GCOM,7830,IT Project Management,015437,"Nelson,Russell",001,20842,McIntire School of Commerce,3.47,34,1,6,10,8,8,1,0,0,0,0
2021 Fall,LAW,9233,Global Legal History,043306,"Halliday,Paul",1,20114,School of Law,3.41,8,0,1,2,3,2,0,0,0,0,0
2021 Fall,ECE,6502,Spec Top:Elect & Computer Engr,007732,"Hassanzadeh,Farzad",001,16918,Engineering & Applied Science,3.30,10,0,2,2,3,0,2,1,0,0,0
2021 Fall,HIST,7001,Approaches to Historical Study,041403,"Megill,Allan",001,12017,College & Graduate Arts & Sci,3.73,16,0,5,9,1,1,0,0,0,0,0
2021 Fall,MATH,3354,Survey of Algebra,023084,"Pengitore,Mark",001,10615,College & Graduate Arts & Sci,2.88,20,0,1,5,1,5,3,1,1,1,2
2021 Fall,SOC,2680,Introduction to Demography,046154,"Sullivan,Teresa",001,18347,College & Graduate Arts & Sci,3.91,25,0,19,5,1,0,0,0,0,0,0
2021 Fall,FREN,3034,Adv Oral Expression in French,014360,"Saunders,Gladys",001,19012,College & Graduate Arts & Sci,3.88,16,1,11,2,2,0,0,0,0,0,0
2021 Fall,LAW,8807,PT Externship: Directed Study,042592,"Ryan,A.",1,19149,School of Law,3.76,20,2,5,9,4,0,0,0,0,0,0
2021 Fall,MAE,6210,Analytical Dynamics,022656,"Chang,Qing",001,18881,Engineering & Applied Science,3.61,12,3,1,3,4,1,0,0,0,0,0
2021 Fall,LAW,7044,Survey: Patent/Copyrt/Trademrk,021893,"Oliar,Dotan",1,19168,School of Law,3.51,42,2,7,11,15,6,1,0,0,0,0
2021 Fall,NUCO,3310,Pediatric Nursing,043225,"Boitnott,Amy",001,17205,School of Nursing,3.69,38,3,13,15,3,2,1,1,0,0,0
2021 Fall,EDIS,5851,Content Seminar Elem Lang Arts,045882,"Paulick,Judith",2,18892,School of Education and HumanDev,3.91,33,0,27,4,1,1,0,0,0,0,0
2021 Fall,GBAC,7207,Leadership II,045280,"Laseter,Timothy",001,20957,McIntire Darden Grad Business,3.29,51,0,6,8,17,13,7,0,0,0,0
2021 Fall,ENGL,2560,Contemporary Literature,012508,"James,Austyn",002,18577,College & Graduate Arts & Sci,4.00,15,7,8,0,0,0,0,0,0,0,0
2021 Fall,NUIP,2080,Microbiology for Health Scienc,042612,"Connelly,Christine",001,17192,School of Nursing,3.60,63,3,21,23,7,4,2,0,1,2,0
2021 Fall,HUMS,1500,Introduction to UVA Edge,046117,"Eisenstein,Anna Ruth",E101,20893,College & Graduate Arts & Sci,3.42,12,1,3,2,2,2,1,1,0,0,0
2021 Fall,EGMT,1510,Engaging Aesthetics,044512,"Puri,Michael",103,12469,College & Graduate Arts & Sci,3.87,26,0,20,4,0,1,1,0,0,0,0
2021 Fall,EGMT,1530,Engaging Differences,044514,"Kondyli,Foteini",105,12480,College & Graduate Arts & Sci,3.94,27,7,18,1,0,0,1,0,0,0,0
2021 Fall,MDST,3108,Media Law,046342,"Vaidhyanathan,Siva",001,19761,College & Graduate Arts & Sci,3.88,96,17,64,0,12,3,0,0,0,0,0
2021 Fall,EDLF,3240,Educ in MulticulturalSocieties,044021,"Johnson,Alexis",1,15068,School of Education and HumanDev,4.00,10,7,3,0,0,0,0,0,0,0,0
2021 Fall,CJ,4750,Stress Management in Law Enfor,006240,"Larned,Jean",02,21359,Continuing & Prof Studies,4.00,14,12,2,0,0,0,0,0,0,0,0
2021 Fall,SPAN,1060,Accelerated Elementary Spanish,035820,"Colon,Daniel",016,20994,College & Graduate Arts & Sci,3.35,13,0,2,6,3,0,0,0,0,2,0
2021 Fall,GBAC,7205,Data Analytics I,045278,"Albert,Michael",001,20958,McIntire Darden Grad Business,3.43,51,2,5,16,18,7,1,2,0,0,0
2021 Fall,DS,3002,Data Science Systems,046059,"Williamson,Jason",001,18897,School of Data Science,4.00,36,2,34,0,0,0,0,0,0,0,0
2021 Fall,PHYS,3430,Electricity and Magnetism II,030866,"Cates,Gordon",001,10722,College & Graduate Arts & Sci,3.31,35,1,10,5,5,7,3,0,3,1,0
2021 Fall,LAW,9068,Historic Preservation Law,021980,"Wenger,Larry",1,19140,School of Law,3.62,10,2,0,3,5,0,0,0,0,0,0
2021 Fall,ACCT,3010,Intro Acct I,045930,"Lee,Nammy",702,20291,Continuing & Prof Studies,3.74,13,4,5,0,3,0,1,0,0,0,0
2021 Fall,LAW,8667,Fed Crim Sent Reduc Clinic,045976,"Lantz,Andrea",1,19301,School of Law,3.67,6,0,2,2,2,0,0,0,0,0,0
2021 Fall,LPPS,3295,Global Humanitarin Crises Resp,044451,"Gelsdorf,Kirsten",001,19702,Batten Leadership & Public Pol,3.65,145,3,39,74,13,13,0,1,1,1,0
2021 Fall,MATH,2310,Calculus III,023024,"Tsai,Wei-Lun",200,10602,College & Graduate Arts & Sci,3.48,28,1,8,10,3,2,1,0,2,1,0
2021 Fall,CHE,6665,Tech for Chem Engr Anal & Des,005521,"Paolucci,Chris",600,19775,Engineering & Applied Science,2.81,7,0,1,1,2,0,1,0,1,0,1
2021 Fall,LAW,7034,Food and Drug Law,021663,"Riley,Margaret",1,20232,School of Law,3.46,29,1,2,8,16,1,1,0,0,0,0
2021 Fall,EDLF,2080,Fundamentals of Statistics,044842,"Hull,Michael",3,15142,School of Education and HumanDev,3.61,17,11,3,0,0,0,0,2,0,0,1
2021 Fall,HIST,5130,Global Legal History,044984,"Halliday,Paul",001,18420,College & Graduate Arts & Sci,3.72,12,0,6,3,2,1,0,0,0,0,0
2021 Fall,EDIS,5012,Mindfulness for Teachers,044537,"Nicholas-Stokes,Pamela",500,17521,School of Education and HumanDev,3.69,23,0,15,5,1,1,0,0,0,0,1
2021 Fall,LAW,6107,International Law,021673,"Butler,Jay",1,19267,School of Law,3.46,20,0,4,7,4,2,3,0,0,0,0
2021 Fall,CS,6501,Spec Top: Computer Science,006981,"Heydarian,Arsalan",013,20905,Engineering & Applied Science,3.72,13,2,5,3,2,0,1,0,0,0,0
2021 Fall,PSYC,3400,Personality Psychology,032506,"Oishi,Shigehiro",001,19049,College & Graduate Arts & Sci,3.69,115,14,55,15,12,12,4,1,2,0,0
2021 Fall,PHIL,3010,Darwin and Philosophy,044113,"Eaker,Erin",001,18931,College & Graduate Arts & Sci,3.58,28,0,16,4,3,1,2,0,1,0,1
2021 Fall,ARTS,2630,Life Drawing I,002874,"Marlatt,Megan",001,19880,College & Graduate Arts & Sci,3.74,14,3,5,3,1,2,0,0,0,0,0
2021 Fall,EVSC,4100,Mgmt of Forest Ecosystems,013943,"Ribeiro,Natasha",100,20793,College & Graduate Arts & Sci,3.39,10,0,2,1,5,1,1,0,0,0,0
2021 Fall,ECE,4440,Embedded System Design,007696,"Ghosh,Avik",001,16103,Engineering & Applied Science,3.90,53,38,7,4,0,4,0,0,0,0,0
2021 Fall,ENGL,3560,Studies in Mod & Contemp Lit,039235,"Hart,Professor Kevin",003,19849,College & Graduate Arts & Sci,3.40,10,3,3,1,1,1,0,0,0,0,1
2021 Fall,LAW,9039,Supreme Court: October Term,040091,"Harrison,John",1,20112,School of Law,3.65,11,0,2,6,3,0,0,0,0,0,0
2021 Fall,LAW,9053,Hallmks of Distinguished Advoc,021945,"Shadel,Molly",1,20113,School of Law,3.53,12,0,0,7,5,0,0,0,0,0,0
2021 Fall,LAW,6000,Civil Procedure,021550,"Nelson,Caleb",3AB,19162,School of Law,3.40,75,0,3,20,43,9,0,0,0,0,0
2021 Fall,PHYS,1429,Intro Physics 1 Workshop,031036,"Bychkov,Maksim",006,21005,College & Graduate Arts & Sci,3.62,18,0,3,10,4,1,0,0,0,0,0
2021 Fall,ECE,6750,Digital Signal Processing,042967,"Wang,Jie",001,18772,Engineering & Applied Science,3.68,8,1,5,1,0,0,0,0,0,1,0
2021 Fall,COLA,1500,College Advising Seminars,006376,"Stephenson,Sarah",010,10981,College & Graduate Arts & Sci,3.93,18,2,15,0,0,0,1,0,0,0,0
2021 Fall,COLA,1500,College Advising Seminars,006376,"Murphy,Edward",005,10979,College & Graduate Arts & Sci,3.98,19,3,15,1,0,0,0,0,0,0,0
2021 Fall,ISBU,1070,High Impct Behav in the Wrkplc,046487,"Higgins,Barbara Lindsay",E100,20898,Continuing & Prof Studies,3.71,27,14,7,1,1,0,1,2,1,0,0
2021 Fall,ANTH,5485,Discourse Analysis,044806,"Lefkowitz,Daniel",001,18557,College & Graduate Arts & Sci,3.70,11,0,5,3,2,1,0,0,0,0,0
2021 Fall,COMM,4620,Strategic Leadership,045370,"Zhao,Emma",002,14776,McIntire School of Commerce,3.61,40,0,8,21,9,1,0,0,1,0,0
2021 Fall,RUTR,2370,Fairy Tales,044615,"Dianina,Katia",001,21022,College & Graduate Arts & Sci,3.64,12,1,9,1,0,0,0,0,0,0,1
2021 Fall,DS,6001,Practice and App of Data Sci,043301,"Tassone,Eric Christopher",001,17400,School of Data Science,3.87,26,11,9,3,2,1,0,0,0,0,0
2021 Fall,EDIS,5139,Supervision and Management,046122,"Wine,Byron",501,18443,School of Education and HumanDev,3.57,11,0,9,0,1,0,0,0,0,0,1
2021 Fall,EDIS,5730,Diag & Remediation I: PreK-2,009475,"Pearson,Emma",503,20804,School of Education and HumanDev,3.94,23,0,21,1,0,1,0,0,0,0,0
2021 Fall,SOC,4280,Soc of Mental Health & Illness,044174,"Skubby,David",001,18365,College & Graduate Arts & Sci,3.40,20,0,6,4,4,3,0,3,0,0,0
2021 Fall,LAW,8000,Advanced Legal Research,021685,"Ashbrook,Leslie",2,19173,School of Law,3.51,18,0,2,6,10,0,0,0,0,0,0
2021 Fall,MICR,8402,Microbial Path Proposal Prep,042344,"Derre,Isabelle",001,17763,Medical School - BIMS/PHS,3.90,9,4,2,3,0,0,0,0,0,0,0
2021 Fall,APMA,3080,Linear Algebra,001151,"Pindera,Marek-Jerzy",002,15406,Engineering & Applied Science,2.89,35,1,6,5,3,8,2,2,4,1,3
2021 Fall,CHEM,1411,Intro College Chem I Lab,005986,"Morkowchuk,Lisa",044,13986,College & Graduate Arts & Sci,3.66,24,12,3,6,0,0,0,1,0,2,0
2021 Fall,LAW,7791,Defining Leadershp Momnts (SC),045332,"Bruno,Evan",1,19303,School of Law,3.41,11,0,0,3,8,0,0,0,0,0,0
2021 Fall,SPAN,1060,Accelerated Elementary Spanish,035820,"Richey,Matthew",017,20999,College & Graduate Arts & Sci,3.81,16,0,6,10,0,0,0,0,0,0,0
2021 Fall,COMM,2010,Intro to Financial Accounting,006440,"Martin,Roger",001,19682,McIntire School of Commerce,3.04,663,55,108,85,67,117,62,38,77,26,28
2021 Fall,CJ,4730,Forensic Sci for Admin & Mgrs,006238,"McGinnis Jr.,Charles Edward",01,21316,Continuing & Prof Studies,3.92,25,13,8,3,0,1,0,0,0,0,0
2021 Fall,HUMS,2500,UVA Edge Capstone,046118,"Shepherd,Lesa",E100,20943,College & Graduate Arts & Sci,3.84,27,11,11,2,1,1,0,0,1,0,0
2021 Fall,ASL,2010,Intermed Amer Sign Language I,003001,"Jennings-arey,Rhonda",002,10862,College & Graduate Arts & Sci,3.53,16,0,4,7,2,1,1,1,0,0,0
2021 Fall,LAW,9034,Transactional Approach to M&A,040041,"Lyons,Peter",1,19286,School of Law,3.44,15,0,2,4,6,3,0,0,0,0,0
2021 Fall,MATH,3310,Basic Real Analysis,023072,"Gazaki,Evangelia",200,10613,College & Graduate Arts & Sci,3.17,36,1,8,9,5,4,1,3,2,1,2
2021 Fall,MATH,1220,A Survey of Calculus II,022945,"Dimou,Evangelos",500,10580,College & Graduate Arts & Sci,3.13,27,0,8,1,8,3,1,2,0,3,1
2021 Fall,LAW,7187,Law of Pub-Priv Partnerships,045970,"Martin,George",1,19271,School of Law,3.49,15,1,1,3,10,0,0,0,0,0,0
2021 Fall,GNUR,6251,Bio Basis of Mental Health,017010,"Westphal,Richard",001,17147,School of Nursing,3.80,19,1,8,8,2,0,0,0,0,0,0
2021 Fall,GNUR,6730,"Genetics, Embryology & Dev Phy",044650,"Reyna,Barbara",001,17270,School of Nursing,3.78,10,0,4,5,1,0,0,0,0,0,0
2021 Fall,EDIS,5011,Classroom Management,043584,"Cook,Lysandra",2,18890,School of Education and HumanDev,3.97,31,7,23,0,0,1,0,0,0,0,0
2021 Fall,LAW,7626,Oral Presentat Outside Ct (SC),040080,"Shadel,Molly",2,19290,School of Law,3.44,9,0,0,4,4,1,0,0,0,0,0
2021 Fall,CHEM,2311,Org Chem Lab I Non Chem Major,043154,"Chruma,Jason",005,12462,College & Graduate Arts & Sci,3.59,36,0,8,18,5,4,0,0,1,0,0
2021 Fall,CHEM,1411,Intro College Chem I Lab,005986,"Morkowchuk,Lisa",012,12459,College & Graduate Arts & Sci,3.76,23,10,7,5,0,0,0,0,0,0,1
2021 Fall,AAS,3710,"African Worlds, Life Stories",044906,"Shutt,Lisa",001,13195,College & Graduate Arts & Sci,3.91,14,0,10,4,0,0,0,0,0,0,0
2021 Fall,LAW,8640,Enviro and Comm Eng Clinic,042757,"Jaffe,Cale",1,19154,School of Law,3.56,9,0,1,4,4,0,0,0,0,0,0
2021 Fall,ASTR,3480,Introduction to Cosmology,003087,"Whittle,Mark",001,18540,College & Graduate Arts & Sci,3.16,38,1,4,10,8,9,2,1,1,0,2
2021 Fall,ARTS,2810,Introduction to Sculpture I,002886,"Miller,Edward",001,10298,College & Graduate Arts & Sci,3.91,13,3,6,4,0,0,0,0,0,0,0
2021 Fall,WGS,3110,Queer American History,044160,"Meyer,Doug",001,12486,College & Graduate Arts & Sci,3.23,27,0,2,7,10,4,1,1,1,0,1
2021 Fall,MATH,1320,Calculus II,022954,"Rolf,Jim",300,10596,College & Graduate Arts & Sci,3.08,24,0,8,1,3,6,2,0,2,0,2
2021 Fall,MATH,1210,A survey of Calculus I,022944,"Demers,Matthew",970,21007,College & Graduate Arts & Sci,2.93,27,0,2,7,3,5,6,0,0,0,4
2021 Fall,PLAP,2250,American Political Tradition,031555,"Koganzon,Rita",001,12291,College & Graduate Arts & Sci,3.56,18,0,6,5,4,2,0,1,0,0,0
2021 Fall,CS,3501,Spec Topics Computer Science,045086,"Dugan,Joanne",001,16948,Engineering & Applied Science,3.62,28,0,20,1,0,3,2,1,0,0,1
2021 Fall,ASTR,5110,Astronomical Techniques,003100,"Majewski,Steven",001,18541,College & Graduate Arts & Sci,3.56,16,3,4,2,2,5,0,0,0,0,0
2021 Fall,LPPL,3450,Resilient Leadership for Teams,044867,"Davis,Timothy",100,19740,Batten Leadership & Public Pol,3.61,30,0,6,14,8,2,0,0,0,0,0
2021 Fall,LAW,6000,Civil Procedure,021550,"Mitchell,Paul",2G,19161,School of Law,3.40,38,1,3,7,20,7,0,0,0,0,0
2021 Fall,MATH,1210,A survey of Calculus I,022944,"Wu,Aoran",700,10576,College & Graduate Arts & Sci,3.13,34,0,0,12,7,6,5,2,0,1,1
2021 Fall,KINE,4000,Practicum in Kinesiology,009122,"Fines,Abby",001,14976,School of Education and HumanDev,4.00,22,20,2,0,0,0,0,0,0,0,0
2021 Fall,ECE,6851,Linear Automatic Cntrl Systems,007714,"Tao,Gang",600,19835,Engineering & Applied Science,2.80,7,1,2,0,1,0,0,0,1,0,2
2021 Fall,ECON,2010,Principles of Econ: Microecon,007876,"Elzinga,Kenneth",090,10363,College & Graduate Arts & Sci,3.10,439,5,52,137,81,37,38,25,22,18,24
2021 Fall,BIOL,3010,Genetics and Molecular Biology,003526,"Parichy,David",001,10309,College & Graduate Arts & Sci,2.99,305,37,47,39,31,42,24,28,16,12,29
2021 Fall,MAE,3310,Aerospace Structures,022585,"Momot,Michael",001,15471,Engineering & Applied Science,2.88,106,1,9,22,10,17,13,13,10,5,6
2021 Fall,EDLF,7404,Qualitative Analysis,009730,"Cole,Rose",001,14810,School of Education and HumanDev,3.81,15,2,8,4,0,0,0,1,0,0,0
2021 Fall,BUS,5010,Cyber Security Management,004336,"Lantzy,James",701,20367,Continuing & Prof Studies,3.78,6,4,0,1,0,1,0,0,0,0,0
2021 Fall,NUCO,4310,Mental Health Nursing,043228,"Hart,Ginny",001,17243,School of Nursing,3.90,47,0,37,7,2,1,0,0,0,0,0
2021 Fall,LAW,9308,Liberalism and Its Critics,045185,"Schwartzman,Micah",1,19273,School of Law,3.64,13,0,4,4,5,0,0,0,0,0,0
2021 Fall,ARCH,3010,Foundation Studio IV,001517,"Waldman,Peter",005,18807,School of Architecture,3.72,11,2,4,1,4,0,0,0,0,0,0
2021 Fall,PSYC,2150,Introduction to Cognition,032487,"Willingham,Daniel",001,13984,College & Graduate Arts & Sci,3.03,332,12,35,57,59,39,59,31,21,8,11
2021 Fall,AMST,2001,Intro to American Studies,039700,"Hamilton,Jack",100,11013,College & Graduate Arts & Sci,3.72,239,2,150,45,15,12,6,1,5,0,3
2021 Fall,DS,6011,DS Capstone Work I,043917,"Tassone,Eric Christopher",009,20631,School of Data Science,4.00,11,7,4,0,0,0,0,0,0,0,0
2021 Fall,LATI,1010,Elementary Latin I,021103,"Corbeill,Anthony",100,10553,College & Graduate Arts & Sci,3.79,31,5,15,4,6,1,0,0,0,0,0
2021 Fall,ENGL,8500,Studies in English Literature,046042,"Ganguly,Debjani",001,18431,College & Graduate Arts & Sci,3.85,10,0,5,5,0,0,0,0,0,0,0
2021 Fall,LAW,7125,Practical Trust/Estate Admin,042755,"Murphy,Stephen",1,19147,School of Law,3.38,11,0,1,2,6,2,0,0,0,0,0
2021 Fall,EDLF,6040,Intercollegiate Athletic Admin,046181,"Starsia,Gerald",1,18685,School of Education and HumanDev,3.54,14,0,3,7,1,1,2,0,0,0,0
2021 Fall,MATH,7600,Homological Algebra,023236,"Abramenko,Peter",001,18695,College & Graduate Arts & Sci,3.77,10,0,7,1,0,2,0,0,0,0,0
2021 Fall,LPPS,6810,Virginia Politics and Policy,044836,"Pennock,Andrew",001,17100,Batten Leadership & Public Pol,3.91,7,3,2,2,0,0,0,0,0,0,0
2021 Fall,DS,5001,Exploratory Text Analytics,045703,"Mallikarjun,Sreekanth",001,20627,School of Data Science,3.89,33,0,26,5,0,2,0,0,0,0,0
2021 Fall,HEBR,1010,Intro to Modern Hebrew I,017984,"Gilboa,Zvi",001,10526,College & Graduate Arts & Sci,3.96,15,8,5,2,0,0,0,0,0,0,0
2021 Fall,ITAL,1010,Elementary Italian I,020555,"Mattioli,Stella",003,10538,College & Graduate Arts & Sci,3.65,17,6,5,4,1,0,0,0,0,0,1
2021 Fall,MATH,1320,Calculus II,022954,"Sonkin,Dmitriy",100,10597,College & Graduate Arts & Sci,2.73,24,1,5,2,1,5,2,1,4,0,3
2021 Fall,MAE,6610,Linear Automatic Cntrl Systems,022671,"Tao,Gang",001,15477,Engineering & Applied Science,3.43,7,0,0,3,3,1,0,0,0,0,0
2021 Fall,CS,6111,Cloud Computing,045684,"Shen,Haiying",001,18908,Engineering & Applied Science,3.79,49,3,24,16,2,3,1,0,0,0,0
2021 Fall,ITAL,2010,Intermediate Italian I,020567,"Kaneda,Hiromi",004,10543,College & Graduate Arts & Sci,3.96,16,5,9,2,0,0,0,0,0,0,0
2021 Fall,LAW,8004,Con Law II: Speech and Press,021629,"Schauer,Frederick",1,20106,School of Law,3.49,79,0,17,16,35,11,0,0,0,0,0
2021 Fall,ENWR,1510,Writing and Critical Inquiry,013432,"Johnson,Lindgren",054,12404,College & Graduate Arts & Sci,3.92,15,3,8,4,0,0,0,0,0,0,0
2021 Fall,SPAN,2010,Intermediate Spanish,035853,"Martin,Daniel Doncel",018,10828,College & Graduate Arts & Sci,3.27,18,0,4,8,2,0,0,2,1,0,1
2021 Fall,LAW,9005,Decriminalizing Mental Illness,022247,"Bonnie,Richard",1,20162,School of Law,3.47,7,0,0,3,4,0,0,0,0,0,0
2021 Fall,LATI,2010,Intermediate Latin I,021133,"Krause,Erica",002,10558,College & Graduate Arts & Sci,3.48,16,0,7,3,2,2,0,1,0,1,0
2021 Fall,BIMS,6000,Integrative Biosciences,042268,"Kashatus,David",001,17945,Medical School - BIMS/PHS,3.57,57,0,24,9,8,15,1,0,0,0,0
2021 Fall,MDST,2000,Introduction to Media Studies,023487,"Williams,Bruce",100,10623,College & Graduate Arts & Sci,3.46,226,0,53,74,54,25,10,6,0,1,3
2021 Fall,CJ,5720,Seminar in Managing LE Image,043266,"Pennybacker,Gail Lyn",02,21326,Continuing & Prof Studies,3.99,21,12,8,1,0,0,0,0,0,0,0
2021 Fall,ENWR,1510,Writing and Critical Inquiry,013432,"Retica,Rachel",004,10875,College & Graduate Arts & Sci,3.79,18,0,10,6,1,0,1,0,0,0,0
2021 Fall,ENWR,1505,Writing & Critical Inquiry S1,013428,"Chantell,Claire",002,10871,College & Graduate Arts & Sci,3.67,11,0,3,5,3,0,0,0,0,0,0
2021 Fall,MUSI,1310,Basic Musical Skills,024703,"Rous,Benjamin",002,10685,College & Graduate Arts & Sci,3.78,45,3,30,5,4,0,1,0,1,1,0
2021 Fall,KINE,3420,Contemporary Health Issues,009125,"Edwards,David",2,15022,School of Education and HumanDev,3.93,87,0,81,4,1,0,0,0,0,0,1
2021 Fall,ACCT,3110,Intermediate Accounting I,000185,"Hutton,Leon",701,20294,Continuing & Prof Studies,3.57,11,0,7,0,1,1,1,1,0,0,0
2021 Fall,ECON,2020,Principles of Econ: Macroecon,007877,"Doyle,Carter",100,10411,College & Graduate Arts & Sci,3.01,216,0,13,40,49,39,36,16,14,4,5
2021 Fall,FREN,3030,Phonetics,014365,"Saunders,Gladys",001,11776,College & Graduate Arts & Sci,3.73,14,1,4,7,1,1,0,0,0,0,0
2021 Fall,CHEM,1411,Intro College Chem I Lab,005986,"Morkowchuk,Lisa",078,14020,College & Graduate Arts & Sci,3.33,24,9,3,5,1,1,2,0,0,1,2
2021 Fall,LAW,7787,Negot Jt Ven in China (SC),045211,"Gounaris,Nestor",1,19226,School of Law,3.48,8,1,0,1,6,0,0,0,0,0,0
2021 Fall,RELG,1010,Intro Western Religious Trads,034138,"Warren,Heather",100,10772,College & Graduate Arts & Sci,3.53,231,0,101,48,29,25,16,4,3,0,5
2021 Fall,SPAN,2020,Advanced Intermediate Spanish,035854,"Florez-Murillo,David",012,11028,College & Graduate Arts & Sci,3.79,15,2,7,5,0,0,0,1,0,0,0
2021 Fall,CHEM,1411,Intro College Chem I Lab,005986,"Morkowchuk,Lisa",038,12383,College & Graduate Arts & Sci,3.71,20,11,5,2,0,0,1,0,0,0,1
2021 Fall,GERM,1010,Elementary German,015642,"Neuhaus,Christina",001,10503,College & Graduate Arts & Sci,3.88,17,1,9,7,0,0,0,0,0,0,0
2021 Fall,CHEM,1411,Intro College Chem I Lab,005986,"Morkowchuk,Lisa",034,11009,College & Graduate Arts & Sci,3.60,22,10,5,4,0,0,1,0,0,1,1
2021 Fall,CHIN,1010,Elementary Chinese,006047,"Wang,Jun",005,11780,College & Graduate Arts & Sci,3.98,15,7,7,1,0,0,0,0,0,0,0
2021 Fall,LPPS,3050,Intro to Soc Entrepreneurship,042310,"Mulloth,Balashankar",002,17080,Batten Leadership & Public Pol,3.78,43,0,18,21,3,1,0,0,0,0,0
2021 Fall,BME,4550,Spec Topics: Biomedical Engr,004090,"Naegle,Kristen",004,19853,Engineering & Applied Science,3.30,10,1,4,2,1,0,0,1,0,0,1
2021 Fall,PHYS,2030,Princip of Physics 1 Workshop,030811,"Yoon,Jongsoo",002,10922,College & Graduate Arts & Sci,3.07,26,0,1,8,8,1,0,3,5,0,0
2021 Fall,LPPA,4240,Resrch Methods & Data Analysis,042161,"Player,Daniel",300,19412,Batten Leadership & Public Pol,3.32,24,0,7,4,3,9,0,0,0,0,1
2021 Fall,HIEU,3501,Introductory History Workshop,046290,"Lambert,Erin",001,19453,College & Graduate Arts & Sci,3.50,13,0,5,5,1,1,0,0,0,0,1
2021 Fall,CS,4501,Spec Top: Computer Science,006942,"Ji,Yangfeng",003,16857,Engineering & Applied Science,3.96,26,23,2,0,0,1,0,0,0,0,0
2021 Fall,MSE,2101,MSE Investigations: Properties,045586,"Floro,Jerrold",001,16860,Engineering & Applied Science,3.68,22,0,6,11,4,1,0,0,0,0,0
2021 Fall,ENGL,2500,Intro to Literary Studies,012548,"Wang,Tracey",001,19851,College & Graduate Arts & Sci,3.42,18,4,4,3,5,0,0,0,1,0,1
2021 Fall,CHEM,1411,Intro College Chem I Lab,005986,"Morkowchuk,Lisa",053,13995,College & Graduate Arts & Sci,3.75,24,13,4,4,1,0,0,1,0,1,0
2021 Fall,CHEM,1411,Intro College Chem I Lab,005986,"Morkowchuk,Lisa",054,13996,College & Graduate Arts & Sci,3.62,24,9,7,5,0,0,1,0,0,1,1
2021 Fall,MUSI,3090,Performance in Africa,024794,"Kisliuk,Michelle",100,19457,College & Graduate Arts & Sci,4.00,13,2,11,0,0,0,0,0,0,0,0
2021 Fall,ENGL,8400,The Romantic Period,012794,"Stauffer,Andrew",001,20336,College & Graduate Arts & Sci,3.88,16,0,11,4,1,0,0,0,0,0,0
2021 Fall,BIOL,4920,Biology Research,043056,"Larson,Tracy",026,13049,College & Graduate Arts & Sci,3.90,10,2,7,0,0,1,0,0,0,0,0
2021 Fall,BIOL,3030,Biochemistry,003656,"Kuhn,Jason",100,20879,College & Graduate Arts & Sci,2.70,127,1,16,16,13,18,17,8,17,7,14
2021 Fall,STAT,3280,Data Visual and Management,045458,"Li,Tianxi",001,18673,College & Graduate Arts & Sci,3.75,73,18,28,12,11,2,0,0,0,2,0
2021 Fall,FREN,2010,Intermediate French I,014315,"Hall,Elizabeth",003,10485,College & Graduate Arts & Sci,3.71,15,0,9,3,1,1,0,1,0,0,0
2021 Fall,ENGR,2595,Special Topics in Engineering,038375,"Laugelli,Benjamin",004,20603,Engineering & Applied Science,3.85,34,13,13,5,1,0,1,1,0,0,0
2021 Fall,PHYS,2030,Princip of Physics 1 Workshop,030811,"Yoon,Jongsoo",003,10923,College & Graduate Arts & Sci,3.46,26,1,3,4,17,1,0,0,0,0,0
2021 Fall,MATH,2310,Calculus III,023024,"Mark,Thomas",600,13273,College & Graduate Arts & Sci,3.27,36,1,10,11,3,3,3,0,2,0,3
2021 Fall,ENWR,1510,Writing and Critical Inquiry,013432,"Kravetz,Rachel",043,11036,College & Graduate Arts & Sci,3.74,16,0,6,8,1,1,0,0,0,0,0
2021 Fall,EDLF,5160,Life Span Development,043142,"Smith,Ray",500,17570,School of Education and HumanDev,3.39,27,0,15,3,3,2,1,0,0,1,2
2021 Fall,ISBU,4680,Entrepreneurship,037517,"Hernandez,Alex",101,20250,Continuing & Prof Studies,3.47,18,0,6,6,2,1,1,1,0,1,0
2021 Fall,LPPP,7040,Foreign PolicyFailure:US-China,045897,"Harding,Harry",001,19755,Batten Leadership & Public Pol,3.61,7,0,2,2,3,0,0,0,0,0,0
2021 Fall,MAE,6610,Linear Automatic Cntrl Systems,022671,"Tao,Gang",600,20591,Engineering & Applied Science,3.72,5,2,1,0,2,0,0,0,0,0,0
2021 Fall,STS,3500,Adv Topcs Technology & Society,036744,"Berne,Rosalyn",001,18860,Engineering & Applied Science,3.61,12,2,1,4,5,0,0,0,0,0,0
2021 Fall,RELG,1040,Intro Eastern Religious Trads,034141,"Allen,Michael",100,18746,College & Graduate Arts & Sci,3.85,236,8,163,47,10,3,1,2,0,0,2
2021 Fall,MAE,6592,Spec Topcs in Mech & Aero Engr,022685,"Kent,Richard",003,18883,Engineering & Applied Science,3.78,12,0,7,3,1,1,0,0,0,0,0
2021 Fall,SOC,4230,Deviance and Social Control,035459,"Buckelew,Rose",001,18350,College & Graduate Arts & Sci,3.04,19,0,5,3,3,2,1,2,0,2,1
2021 Fall,GSSJ,3559,New Course-Securityand Justice,043341,"Zeweri,Helena",001,18868,College & Graduate Arts & Sci,3.95,20,0,18,1,1,0,0,0,0,0,0
2021 Fall,LAW,7799,Topics in Pub Eq Inv (SC),045599,"Wilson,Barney",1,19227,School of Law,3.49,14,3,1,1,6,1,2,0,0,0,0
2021 Fall,RELH,3140,The Jain Tradition,034389,"Nemec,John",001,18778,College & Graduate Arts & Sci,3.88,19,0,13,5,1,0,0,0,0,0,0
2021 Fall,PHIL,3810,"Sex, Sexuality, and Gender",044630,"Barnes,Elizabeth",001,18937,College & Graduate Arts & Sci,3.50,28,0,10,7,6,2,0,1,2,0,0
2021 Fall,CHE,6605,Research Methods,046040,"Davis,Robert",001,18895,Engineering & Applied Science,3.94,14,0,11,3,0,0,0,0,0,0,0
2021 Fall,RELI,5559,New Course: RELI,040372,"Salomon,Noah",002,18788,College & Graduate Arts & Sci,3.63,6,0,1,4,0,1,0,0,0,0,0
2021 Fall,PHYS,1930,Physics in the 21st Century,046323,"Sackett,Cass",001,20082,College & Graduate Arts & Sci,3.84,21,0,17,1,1,1,1,0,0,0,0
2021 Fall,SPAN,3430,Latin Amer Lit II (1900-Pres),035911,"Pellon,Gustavo",003,20921,College & Graduate Arts & Sci,3.72,11,0,2,8,1,0,0,0,0,0,0
2021 Fall,MUSI,2340,Learn to Groove,039726,"Jospe,Robert",001,13413,College & Graduate Arts & Sci,4.00,17,4,13,0,0,0,0,0,0,0,0
2021 Fall,EDLF,7805,Cultivating Profess Capacity,009745,"Eagle,Donna L.",500,18976,School of Education and HumanDev,3.99,21,1,19,1,0,0,0,0,0,0,0
2021 Fall,LAW,9008,Children and the Law,040031,"Block,Andrew",1,20111,School of Law,3.49,17,0,1,7,8,1,0,0,0,0,0
2021 Fall,JAPN,1010,First-Year Japanese I,020740,"Marshall,Tomoko",005,19035,College & Graduate Arts & Sci,3.39,14,0,3,4,3,3,0,0,0,1,0
2021 Fall,APMA,1090,Single Variable Calculus I,001138,"Ma,Hui",003,18896,Engineering & Applied Science,2.82,43,2,5,6,6,10,3,1,4,1,5
2021 Fall,MATH,7754,Algebra IV,023234,"Wang,Weiqiang",001,13791,College & Graduate Arts & Sci,3.91,8,1,6,0,1,0,0,0,0,0,0
2021 Fall,STAT,6021,Linear Models for Data Science,043281,"Woo,Yong Ming Jeffrey",001,19450,College & Graduate Arts & Sci,3.74,32,1,19,7,2,1,0,1,1,0,0
2021 Fall,SOC,2559,New Course: SOC,039373,"Mullins,Ian",001,18499,College & Graduate Arts & Sci,3.74,35,2,19,8,3,2,0,0,0,0,1
2021 Fall,STS,4500,STS and Engineering Practice,036749,"Ferguson,Sean",019,15966,Engineering & Applied Science,3.87,33,0,27,4,1,0,0,0,0,1,0
2021 Fall,MSE,6010,Elec & Crystal Struc of Matls,024419,"Reinke,Petra",600,19780,Engineering & Applied Science,3.55,6,0,1,2,3,0,0,0,0,0,0
2021 Fall,EDLF,7602,History of American Education,009732,"Alridge,Derrick",1,18952,School of Education and HumanDev,3.29,14,0,10,0,0,2,0,0,0,0,2
2021 Fall,MATH,3350,Applied Linear Algebra,042858,"Gagne,Matthew",002,13007,College & Graduate Arts & Sci,3.51,47,2,10,21,6,5,1,0,1,0,1
2021 Fall,ENWR,1510,Writing and Critical Inquiry,013432,"Curley,Anastatia",063,12413,College & Graduate Arts & Sci,3.91,18,0,16,0,1,1,0,0,0,0,0
2021 Fall,HIME,2003,Economic History:Islamic World,045353,"Bishara,Fahad",100,19013,College & Graduate Arts & Sci,3.63,60,0,22,28,1,3,3,1,1,1,0
2021 Fall,CJ,5290,Emotional Intelligence,041302,"Coleman,Marian Elizabeth",01,21323,Continuing & Prof Studies,4.00,23,19,4,0,0,0,0,0,0,0,0
2021 Fall,LAW,9076,Natural Resources Law & Policy,021787,"Szeptycki,Leon",1,20522,School of Law,3.54,15,0,4,2,9,0,0,0,0,0,0
2021 Fall,LPPS,5360,Imagining Equitable Policy,046352,"Claibourn,Michele",001,19857,Batten Leadership & Public Pol,3.88,21,0,16,3,1,1,0,0,0,0,0
2021 Fall,EDHS,8772,Advanced Psychotherapy,045975,"Yoder,Matthew",1,15374,School of Education and HumanDev,3.66,5,0,3,0,1,1,0,0,0,0,0
2021 Fall,DRAM,8430,Voice: Shakespeare and Verse,007492,"Close,Tovah",001,18544,College & Graduate Arts & Sci,3.51,8,0,0,5,2,1,0,0,0,0,0
2021 Fall,EDLF,7811,Ldship for Teaching & Learning,009818,"Mitchell,Sandra",500,17565,School of Education and HumanDev,3.93,13,1,9,3,0,0,0,0,0,0,0
2021 Fall,BIOC,8130,Colloquium,003290,"Smith,Jeffrey",001,17778,Medical School - BIMS/PHS,4.00,14,2,12,0,0,0,0,0,0,0,0
2021 Fall,DS,6050,Deep Learning,046347,"Baek,Stephen Seungyeob",001,20815,School of Data Science,3.90,22,6,11,4,0,1,0,0,0,0,0
2021 Fall,MICR,8401,Microbial Pathogenesis,024112,"Agaisse,Herve",001,17775,Medical School - BIMS/PHS,3.93,9,2,5,2,0,0,0,0,0,0,0
2021 Fall,EDLF,8654,Organiz & Governance Higher Ed,009792,"Leffers,Robert",1,18683,School of Education and HumanDev,3.71,7,0,3,2,2,0,0,0,0,0,0
2021 Fall,EDIS,5422,Cross-Cultural Education,043455,"Cranford,Sara",500,17537,School of Education and HumanDev,3.96,24,9,13,1,1,0,0,0,0,0,0
2021 Fall,EDLF,8382,Introduction to Ed Inquiry,044849,"Hitt,Dallas",500,17578,School of Education and HumanDev,3.86,20,2,11,6,0,1,0,0,0,0,0
2021 Fall,GCOM,7350,Auditing and Data Analytics,015402,"Backof,Ann",001,19714,McIntire School of Commerce,3.61,25,0,8,9,4,3,1,0,0,0,0
2021 Fall,ENGL,2508,Studies in Fiction,012491,"Kuhn,Mary",002,18428,College & Graduate Arts & Sci,3.86,17,0,14,0,2,1,0,0,0,0,0
2021 Fall,FREN,3559,New Course: FREN,039204,"Dia,Mamadou",001,17711,College & Graduate Arts & Sci,3.81,14,0,5,9,0,0,0,0,0,0,0
2021 Fall,PHS,7610,Health Promotion & Behavior,030394,"Richardson,Jeanita",001,18102,Medical School - BIMS/PHS,3.98,35,0,33,2,0,0,0,0,0,0,0
2021 Fall,ARCH,3010,Foundation Studio IV,001517,"Schumann,Kyle",004,18806,School of Architecture,3.65,11,1,3,5,0,1,1,0,0,0,0
2021 Fall,EDIS,5075,Online and Blended Learning,043011,"Hillarious,Marilyn",500,17600,School of Education and HumanDev,3.37,9,3,3,0,1,1,0,0,0,0,1
2021 Fall,ENWR,2520,Special Topics in Writing,013448,"Johnson,Lindgren",003,13399,College & Graduate Arts & Sci,3.25,15,1,3,3,2,1,3,1,0,1,0
2021 Fall,CHEM,1411,Intro College Chem I Lab,005986,"Morkowchuk,Lisa",080,14022,College & Graduate Arts & Sci,3.52,23,11,3,5,0,0,0,1,0,2,1
2021 Fall,HIUS,2001,American History to 1865,019527,"Dierksheide,Christa",100,10533,College & Graduate Arts & Sci,3.27,56,0,10,16,19,4,2,1,0,0,4
2021 Fall,DS,6002,Ethics of Big Data I,043459,"Wylie,Caitlin Donahue",001,17405,School of Data Science,3.82,55,0,29,21,4,1,0,0,0,0,0
2021 Fall,SEC,3010,Securing the Cyber World,045340,"Spencer,Jennie",701,20769,Continuing & Prof Studies,3.57,18,4,5,5,1,0,1,0,1,1,0
2021 Fall,USEM,1570,University Seminar,037196,"Scherer,William",007,18873,Executive VP & Provost,4.00,14,5,9,0,0,0,0,0,0,0,0
2021 Fall,CHEM,1411,Intro College Chem I Lab,005986,"Morkowchuk,Lisa",037,12382,College & Graduate Arts & Sci,3.43,22,14,1,3,0,0,0,0,1,1,2
2021 Fall,EDLF,7807,LEAD I,009747,"Spicer,David Eddy",500,17510,School of Education and HumanDev,3.82,13,1,8,2,1,1,0,0,0,0,0
2021 Fall,ACCT,5110,Intermediate Accounting I,045932,"Hutton,Leon",701,20302,Continuing & Prof Studies,3.80,10,1,8,0,0,0,0,0,1,0,0
2021 Fall,CJ,3890,Law Enforcement Essentials,044133,"Wetherington,John",02,21307,Continuing & Prof Studies,3.91,14,9,1,4,0,0,0,0,0,0,0
2021 Fall,CS,1010,Intro to Information Tech,006852,"Horton,Tom",001,16320,Engineering & Applied Science,3.87,60,45,10,2,0,0,1,0,1,0,1
2021 Fall,MATH,1310,Calculus I,022953,"Wan,Shunyu",400,10584,College & Graduate Arts & Sci,3.16,25,0,6,3,5,4,4,1,0,0,2
2021 Fall,RELI,3355,Prophecy in Islam and Judaism,045039,"Andruss,Jessica",001,18780,College & Graduate Arts & Sci,3.54,12,0,2,7,1,1,0,1,0,0,0
2021 Fall,MSE,6230,Thermodynamics of Materials,024426,"Zhou,Bicheng",600,19783,Engineering & Applied Science,3.62,13,0,4,4,4,1,0,0,0,0,0
2021 Fall,ENCW,4830,Advanced Poetry Writing I,013493,"Teare,Brian",001,13110,College & Graduate Arts & Sci,3.95,11,0,9,2,0,0,0,0,0,0,0
2021 Fall,STAT,1501,Statistics-Edge,046285,"Ross,Richard",E100,20932,College & Graduate Arts & Sci,2.86,20,0,5,4,1,1,1,3,1,2,2
2021 Fall,CHEM,1411,Intro College Chem I Lab,005986,"Morkowchuk,Lisa",045,13987,College & Graduate Arts & Sci,3.78,23,11,5,5,0,0,1,0,0,1,0
2021 Fall,PSHM,4900,Capstone I: Health Sci Mgmt,044695,"Kronenburg,Maria",101,20264,Continuing & Prof Studies,3.89,17,0,11,6,0,0,0,0,0,0,0
2021 Fall,LAW,6106,Federal Income Tax,021658,"Hayashi,Andrew",2,20091,School of Law,3.55,44,2,7,13,18,4,0,0,0,0,0
2021 Fall,RELJ,3350,Judaism and Ethics,034476,"Alexander,Elizabeth",001,18783,College & Graduate Arts & Sci,3.47,12,0,1,8,0,2,0,0,1,0,0
2021 Fall,RELH,3559,New Course: RELH,040363,"Kachru,Sonam",001,18779,College & Graduate Arts & Sci,3.94,14,6,5,3,0,0,0,0,0,0,0
2021 Fall,APMA,1110,Single Variable Calculus II,001140,"Pisano,Stacie",004,15393,Engineering & Applied Science,3.26,49,5,7,14,7,6,3,1,2,2,2
2021 Fall,MATH,1310,Calculus I,022953,"Nguyen,Nhan",500,10585,College & Graduate Arts & Sci,3.50,25,3,11,5,2,0,0,1,0,1,2
2021 Fall,APMA,1110,Single Variable Calculus II,001140,"Dizaji,Farzad Shafiei",005,15394,Engineering & Applied Science,2.90,40,2,4,4,7,7,4,6,2,2,2
2021 Fall,EDHS,2895,Mental Health and Schools,042737,"Lyons,Michael",1,14944,School of Education and HumanDev,3.84,40,0,30,4,4,1,1,0,0,0,0
2021 Fall,CS,3205,HCI in Software Development,006898,"Apostolellis,Panagiotis",001,16040,Engineering & Applied Science,3.60,96,20,28,23,11,4,5,2,1,0,2
2021 Fall,MDST,3559,New Course: MDST,039189,"Rao,Pallavi",005,19781,College & Graduate Arts & Sci,3.91,29,4,19,5,0,1,0,0,0,0,0
2021 Fall,PHYS,2010,Principles of Physics 1,030809,"Pfister,Olivier",003,20235,College & Graduate Arts & Sci,3.05,44,9,7,4,2,7,2,5,3,1,4
2021 Fall,BME,2104,Cell & Molecular for Engineers,004061,"Zunder,Eli",001,16331,Engineering & Applied Science,3.50,66,0,25,9,10,17,5,0,0,0,0
2021 Fall,ANTH,3590,Social & Cultural Anthropology,041002,"Stephan,Christopher",001,20797,College & Graduate Arts & Sci,3.09,25,0,6,6,1,6,1,1,1,1,2
2021 Fall,COLA,1500,College Advising Seminars,006376,"Gilboa,Zvi",089,12351,College & Graduate Arts & Sci,4.00,18,9,9,0,0,0,0,0,0,0,0
2021 Fall,MSE,7140,Physics of Materials,024441,"Ihlefeld,Jon",001,16875,Engineering & Applied Science,3.39,15,2,3,5,2,1,0,0,1,0,1
2021 Fall,MSP,3501,Exploring the Middle Ages,024481,"McGrady,Deborah",001,14539,College & Graduate Arts & Sci,3.59,17,0,8,3,3,2,0,0,1,0,0
2021 Fall,APMA,1110,Single Variable Calculus II,001140,"Abramenko,Monika",002,15396,Engineering & Applied Science,2.94,47,0,13,4,6,5,7,2,3,2,5
2021 Fall,APMA,6430,Statistics Engrs & Scientists,001210,"Scherer,William",700,16940,Engineering & Applied Science,3.53,15,1,5,3,2,3,0,1,0,0,0
2021 Fall,APMA,2120,Multivariable Calculus,001144,"Mohajeri,Manouchehr",006,15980,Engineering & Applied Science,3.31,42,2,10,12,6,5,0,0,3,2,2
2021 Fall,BME,6101,Physiology I for Engineers,004122,"Peirce-Cottler,Shayn",001,15984,Engineering & Applied Science,3.95,31,9,19,2,0,1,0,0,0,0,0
2021 Fall,MICR,8204,Current Topics in Immunology,024117,"Rutkowski,Melanie",004,17762,Medical School - BIMS/PHS,3.73,7,1,2,3,0,1,0,0,0,0,0
2021 Fall,ENGL,3560,Studies in Mod & Contemp Lit,039235,"Hamilton,Njelle",002,18371,College & Graduate Arts & Sci,3.82,11,3,7,0,0,0,0,0,1,0,0
2021 Fall,ECON,4200,Antitrust Policy,007960,"Swisher,Anthony",001,20153,College & Graduate Arts & Sci,3.16,29,0,5,8,9,2,1,1,0,0,3
2021 Fall,ENWR,1510,Writing and Critical Inquiry,013432,"Patel,Nehali",078,13526,College & Graduate Arts & Sci,3.36,15,0,5,4,1,2,0,2,0,1,0
2021 Fall,SPAN,2010,Intermediate Spanish,035853,"Jarque,Esperanza Gorriz",020,12129,College & Graduate Arts & Sci,3.56,17,0,3,10,2,0,1,1,0,0,0
2021 Fall,EDIS,7025,Teachers as Leaders,044865,"Wheelock,Matthew",500,17548,School of Education and HumanDev,3.63,22,0,13,5,0,2,0,0,0,2,0
2021 Fall,ENWR,1510,Writing and Critical Inquiry,013432,"Ireland,Casey",039,11993,College & Graduate Arts & Sci,3.87,17,0,11,5,1,0,0,0,0,0,0
2021 Fall,HIUS,5000,African-American Hist to 1877,045755,"Edwards,Justene Hill",001,18272,College & Graduate Arts & Sci,3.94,10,0,8,2,0,0,0,0,0,0,0
2021 Fall,COMM,4310,Global Marketing,006515,"Carew,Rick",001,14664,McIntire School of Commerce,3.85,37,4,18,12,3,0,0,0,0,0,0
2021 Fall,CHEM,1410,Intro College Chemistry I,005649,"Morkowchuk,Lisa",300,19656,College & Graduate Arts & Sci,3.21,188,2,30,39,45,37,9,11,5,3,7
2021 Fall,CJ,5660,Adv Concept of Wellness in LE,041450,"Huntsberry,Henry Scot",01,21331,Continuing & Prof Studies,4.00,15,13,2,0,0,0,0,0,0,0,0
2021 Fall,ENGL,2506,Studies in Poetry,012488,"Rush,Rebecca",004,18575,College & Graduate Arts & Sci,3.78,15,0,4,11,0,0,0,0,0,0,0
2021 Fall,ARCH,5715,Elements of Design,045503,"Clark,William",001,10173,School of Architecture,3.68,18,3,7,2,4,1,1,0,0,0,0
2021 Fall,EDLF,7630,Ed in Multicultural Societies,045079,"Trang,Amy Nga",500,17577,School of Education and HumanDev,3.39,26,0,9,6,3,4,3,0,0,0,1
2021 Fall,PHS,7210,Prof & Applied Practice Prep,040347,"Hornsby,Paige",001,18103,Medical School - BIMS/PHS,4.00,61,23,38,0,0,0,0,0,0,0,0
2021 Fall,PHS,7170,SAS and Data Mngt in Pop Hlth,030374,"Pannone,Aaron",001,18097,Medical School - BIMS/PHS,3.93,70,30,31,4,4,1,0,0,0,0,0
2021 Fall,NUIP,4610,Leadershp/Mgt in Hlth Care Sys,029457,"Toll,Crystal",002,18417,School of Nursing,3.71,15,0,9,2,1,3,0,0,0,0,0
2021 Fall,LAW,8009,Copyright Law,021643,"Oliar,Dotan",1,19164,School of Law,3.47,23,1,3,6,8,5,0,0,0,0,0
2021 Fall,PHYS,1429,Intro Physics 1 Workshop,031036,"Bychkov,Maksim",007,21006,College & Graduate Arts & Sci,2.96,19,0,1,2,3,8,1,2,1,1,0
2021 Fall,ANTH,3152,Rainforest Peoples,000759,"Mentore,George",001,18561,College & Graduate Arts & Sci,3.35,27,0,2,5,13,7,0,0,0,0,0
2021 Fall,CJ,4730,Forensic Sci for Admin & Mgrs,006238,"McGinnis Jr.,Charles Edward",02,21317,Continuing & Prof Studies,3.92,13,5,7,0,0,1,0,0,0,0,0
2021 Fall,GBAC,7204,Customer Analytics I: Pricing,045276,"Wilcox,Ronald",001,20956,McIntire Darden Grad Business,3.27,50,1,8,7,12,15,3,3,1,0,0
2021 Fall,ENGR,1520,Explorations in Engineering,012250,"Groves,James Frederick",560,20945,Engineering & Applied Science,3.58,33,0,13,8,6,4,0,2,0,0,0
2021 Fall,NUIP,4430,Intro Stats in Hlth Care Res,042514,"Byon,Ha Do",002,17269,School of Nursing,3.44,10,2,1,4,1,0,0,1,1,0,0
2021 Fall,ARCH,6010,Foundation Studio I,001668,"Crespo,Luis Pancorbo",002,20732,School of Architecture,3.67,12,2,5,2,0,2,1,0,0,0,0
2021 Fall,COMM,3010,Strategy and Systems,006453,"Lashley,Kisha",008,14632,McIntire School of Commerce,3.45,50,0,0,22,24,4,0,0,0,0,0
2021 Fall,MATH,1220,A Survey of Calculus II,022945,"Dimou,Evangelos",400,12371,College & Graduate Arts & Sci,3.07,36,2,7,2,1,8,10,3,3,0,0
2021 Fall,SOC,4559,New Course: SOC,040344,"Vickerman,Milton",002,18377,College & Graduate Arts & Sci,3.63,20,0,9,5,3,2,0,1,0,0,0
2021 Fall,CHEM,1411,Intro College Chem I Lab,005986,"Morkowchuk,Lisa",001,13378,College & Graduate Arts & Sci,3.51,24,15,0,4,0,0,2,0,0,2,1
2021 Fall,ENCW,3610,Intermediate Fiction Writing,013477,"Denton,Elizabeth",002,13372,College & Graduate Arts & Sci,3.97,11,1,9,1,0,0,0,0,0,0,0
2021 Fall,MUSI,3310,Theory I,024801,"Perez,Natalia",002,18177,College & Graduate Arts & Sci,3.83,20,0,11,7,2,0,0,0,0,0,0
2021 Fall,ARTH,2451,"Modern Art, 1900-1945",002478,"Turner,Elizabeth",001,18599,College & Graduate Arts & Sci,3.70,46,6,21,6,5,7,0,1,0,0,0
2021 Fall,CJ,4750,Stress Management in Law Enfor,006240,"Larned,Jean",01,21358,Continuing & Prof Studies,3.97,23,12,9,2,0,0,0,0,0,0,0
2021 Fall,DS,6012,Ethics of Big Data II,043918,"Cummings,Lauren Rene",001,17408,School of Data Science,4.00,20,9,11,0,0,0,0,0,0,0,0
2021 Fall,NASC,4100,Naval Operations & Seamanship,025309,"Fuller,Zachary",001,17449,Executive VP & Provost,3.70,10,0,5,2,2,1,0,0,0,0,0
2021 Fall,ARTH,2153,Romanesque and Gothic Art,040475,"Ramirez-Weaver,Eric",100,18593,College & Graduate Arts & Sci,3.35,25,0,8,4,1,9,1,0,2,0,0
2021 Fall,ARTH,2861,East Asian Art,002491,"Wong,Dorothy",001,18598,College & Graduate Arts & Sci,3.37,48,1,8,13,10,7,7,2,0,0,0
2021 Fall,PHS,7050,PH Law/Ethics,030367,"Bernheim,Ruth",001,18122,Medical School - BIMS/PHS,4.00,37,5,32,0,0,0,0,0,0,0,0
2021 Fall,MDST,2508,Topics in Media Practice,044925,"Dia,Mamadou",003,19679,College & Graduate Arts & Sci,3.92,19,0,14,5,0,0,0,0,0,0,0
2021 Fall,COMM,2020,Intro Management Accounting,006441,"Martin,Roger",001,19683,McIntire School of Commerce,3.37,97,8,29,14,16,8,11,4,3,2,2
2021 Fall,ENGL,2599,Special Topics,012514,"Seitz,James",007,19688,College & Graduate Arts & Sci,3.73,18,0,10,4,1,3,0,0,0,0,0
2021 Fall,LPPS,3460,Intro Policy & Legisl Process,045188,"Lehmann,Brooke",001,17115,Batten Leadership & Public Pol,3.52,19,0,6,7,1,2,2,1,0,0,0
2021 Fall,LAW,7648,Federal Sentencing (SC),040438,"Underhill,Stefan",1,19191,School of Law,3.60,14,0,2,7,5,0,0,0,0,0,0
2021 Fall,SPAN,1060,Accelerated Elementary Spanish,035820,"Colon,Daniel",015,20993,College & Graduate Arts & Sci,3.68,18,0,4,10,4,0,0,0,0,0,0
2021 Fall,ENGL,3510,Studies in Medieval Literature,045451,"Fowler,Elizabeth",001,19848,College & Graduate Arts & Sci,3.81,27,3,15,5,2,1,1,0,0,0,0
2021 Fall,ECE,6750,Digital Signal Processing,042967,"Wang,Jie",600,20568,Engineering & Applied Science,3.04,8,1,2,1,1,1,0,1,0,0,1
2021 Fall,DRAM,2620,Sound Design,007233,"Rasbury,Michael",002,18553,College & Graduate Arts & Sci,3.93,13,0,10,3,0,0,0,0,0,0,0
2021 Fall,EGMT,1520,Empirical Engagement,044513,"Coan,James",201,18657,College & Graduate Arts & Sci,3.91,38,33,2,1,0,0,1,0,1,0,0
2021 Fall,STAT,1602,Intro Data Science with Python,045052,"Brown,Taylor",001,18669,College & Graduate Arts & Sci,3.66,88,0,40,26,12,4,2,3,1,0,0
2021 Fall,BME,8995,M.E. Supervsd Project Research,004175,"Rosen,Jonathan",001,16707,Engineering & Applied Science,3.93,13,8,2,3,0,0,0,0,0,0,0
2021 Fall,ANTH,3240,The Anthropology of Food,041611,"Jernigan,Kasey",100,14099,College & Graduate Arts & Sci,3.90,60,1,49,8,1,0,0,0,0,0,1
2021 Fall,SPAN,7850,Themes and Genres,036074,"Diaz-Granados,Federico",003,18666,College & Graduate Arts & Sci,4.00,5,2,3,0,0,0,0,0,0,0,0
2021 Fall,STAT,1602,Intro Data Science with Python,045052,"Brown,Taylor",002,18670,College & Graduate Arts & Sci,3.40,88,0,36,23,7,10,2,2,2,2,4
2021 Fall,BME,3310,Biomed Sys Analysis & Design,004066,"Dolatshahi,Sepideh",001,15519,Engineering & Applied Science,3.41,60,1,20,14,6,9,3,2,3,2,0
2021 Fall,CHE,4450,Energy Science & Technologies,043220,"Epling,William",001,16906,Engineering & Applied Science,3.46,14,0,4,3,3,2,2,0,0,0,0
2021 Fall,PHYS,5170,Introduction to Cosmology,046209,"Vaman,Diana",001,19704,College & Graduate Arts & Sci,3.79,9,2,4,2,0,0,1,0,0,0,0
2021 Fall,EDIS,7072,Performance Improvement,043408,"Aziz,Dawn",501,17607,School of Education and HumanDev,3.90,22,7,11,3,0,0,1,0,0,0,0
2021 Fall,DS,6001,Practice and App of Data Sci,043301,"Tassone,Eric Christopher",002,17404,School of Data Science,3.87,26,10,10,2,4,0,0,0,0,0,0
2021 Fall,COLA,1500,College Advising Seminars,006376,"Mattes,Armin",024,12350,College & Graduate Arts & Sci,3.85,11,0,7,3,1,0,0,0,0,0,0
2021 Fall,ENWR,1510,Writing and Critical Inquiry,013432,"Rodriguez,Roberto",040,11033,College & Graduate Arts & Sci,4.00,18,3,15,0,0,0,0,0,0,0,0
2021 Fall,SPAN,2020,Advanced Intermediate Spanish,035854,"Cohn,Adam",027,20457,College & Graduate Arts & Sci,3.70,17,0,7,8,1,0,0,0,1,0,0
2021 Fall,ECE,2630,ECE Fundamentals I,007672,"Barnes,Adam",001,15453,Engineering & Applied Science,3.32,66,6,24,3,11,7,5,2,4,0,4
2021 Fall,DRAM,2620,Sound Design,007233,"Rasbury,Michael",001,18552,College & Graduate Arts & Sci,3.89,12,1,9,1,0,1,0,0,0,0,0
2021 Fall,SPAN,2020,Advanced Intermediate Spanish,035854,"Rodriguez,Maria Esparza",003,11018,College & Graduate Arts & Sci,3.66,15,0,6,7,1,0,0,0,0,1,0
2021 Fall,ASTR,1210,Intro Sky and Solar System,003045,"Pryal,Matthew",004,20183,College & Graduate Arts & Sci,3.32,80,4,17,20,17,9,4,2,3,2,2
2021 Fall,EDIS,5041,Behav & Classroom Management,009428,"Collins,Lauren",502,17603,School of Education and HumanDev,3.95,22,0,20,1,1,0,0,0,0,0,0
2021 Fall,BME,2102,Physiology II,004060,"Barker,Shannon",001,16942,Engineering & Applied Science,3.86,71,17,34,15,2,0,3,0,0,0,0
2021 Fall,ENWR,1510,Writing and Critical Inquiry,013432,"D'Errico,Jon",035,10902,College & Graduate Arts & Sci,3.79,17,0,11,3,1,2,0,0,0,0,0
2021 Fall,EDLF,7330,Single-Subject Research,009720,"Hua,Youjia",501,17573,School of Education and HumanDev,3.49,24,0,3,9,9,2,1,0,0,0,0
2021 Fall,EDLF,7604,Sociology of Education,009734,"Trang,Amy Nga",500,17576,School of Education and HumanDev,3.42,31,0,14,5,6,3,1,0,0,0,2
2021 Fall,CS,6501,Spec Top: Computer Science,006981,"Hassanzadeh,Farzad",008,16987,Engineering & Applied Science,3.80,13,2,5,4,2,0,0,0,0,0,0
2021 Fall,EDLF,7601,Social Foundations of ED,009731,"Shaffer,Sharon",500,17574,School of Education and HumanDev,3.23,23,0,6,4,3,4,5,0,0,0,1
2021 Fall,EDIS,7751,Literacy Leadership Coaching,041923,"Austin,Ottilie",500,17557,School of Education and HumanDev,3.95,22,0,20,1,1,0,0,0,0,0,0
2021 Fall,EDIS,5011,Classroom Management,043584,"Cook,Lysandra",1,15301,School of Education and HumanDev,3.97,34,1,31,1,1,0,0,0,0,0,0
2021 Fall,SPAN,2020,Advanced Intermediate Spanish,035854,"Cohn,Adam",020,13092,College & Graduate Arts & Sci,3.81,16,1,8,6,0,0,1,0,0,0,0
2021 Fall,MATH,1210,A survey of Calculus I,022944,"Tuominen,Miika",920,10573,College & Graduate Arts & Sci,2.89,33,0,0,11,6,4,5,2,1,1,3
2021 Fall,MAE,3210,Fluid Mechanics,022582,"Quinn,Daniel",001,15470,Engineering & Applied Science,3.24,111,1,12,37,18,21,8,5,4,2,3
2021 Fall,COMM,4559,New Course: COMM,040853,"Black,Christina",001,19436,McIntire School of Commerce,3.66,22,0,9,8,1,3,1,0,0,0,0
2021 Fall,STS,2500,S & T in Soc & Global Context,036734,"Guadagni,co-taught by Caitlin Wylie and Gianluca",002,16850,Engineering & Applied Science,3.57,24,0,8,10,2,2,1,0,0,0,1
2021 Fall,HIST,5559,New Course: HIST,039304,"Stolz,Robert",001,18519,College & Graduate Arts & Sci,3.93,9,0,7,2,0,0,0,0,0,0,0
2021 Fall,CS,2110,Software Development Methods,006871,"Hott,Robbie",001,15429,Engineering & Applied Science,3.52,126,18,55,21,9,4,4,5,2,2,6
2021 Fall,CS,4501,Spec Top: Computer Science,006942,"Sun,Yixin",001,16640,Engineering & Applied Science,3.47,60,0,33,8,6,5,3,1,0,0,4
2021 Fall,ASTR,5010,Astrophysical Processes,039698,"Arras,Phil",001,11016,College & Graduate Arts & Sci,3.91,7,2,3,2,0,0,0,0,0,0,0
2021 Fall,LPPS,4735,Exp Social Entrepreneurship,042312,"Mahoney,Christine",002,19711,Batten Leadership & Public Pol,3.79,17,3,8,3,1,2,0,0,0,0,0
2021 Fall,EDIS,5025,"Curric, Instruct & Assessment",044060,"Baran,John",503,17604,School of Education and HumanDev,3.72,13,0,9,2,0,1,0,0,1,0,0
2021 Fall,BIOL,4559,New Course: BIOL,038577,"Wu,Martin",002,19813,College & Graduate Arts & Sci,4.00,13,7,6,0,0,0,0,0,0,0,0
2021 Fall,MAE,4120,Air Breathing Propulsion,022598,"Goyne,Chris",001,15474,Engineering & Applied Science,3.69,50,5,13,25,3,2,0,1,0,1,0
2021 Fall,COMM,3110,Intermediate Accounting I,006461,"McDermott,Katie",004,14655,McIntire School of Commerce,3.20,33,1,9,2,5,5,7,1,1,2,0
2021 Fall,CHEM,1411,Intro College Chem I Lab,005986,"Morkowchuk,Lisa",007,10988,College & Graduate Arts & Sci,3.84,24,15,3,4,0,0,2,0,0,0,0
2021 Fall,ISHU,4190,Writing Strategies,020363,"Henry,Robert",101,20424,Continuing & Prof Studies,3.51,12,6,1,3,0,1,0,0,0,0,1
2021 Fall,DS,5110,Big Data Systems,046303,"Tashman,Adam Paul",001,19661,School of Data Science,3.55,36,0,18,7,5,4,0,0,0,0,2
2021 Fall,WGS,2559,New Course: WGS,039394,"Keys,Domale",100,19455,College & Graduate Arts & Sci,3.72,56,0,12,38,6,0,0,0,0,0,0
2021 Fall,SPAN,3010,Grammar and Composition I,035893,"Monteros-Freeman,Maria",007,13423,College & Graduate Arts & Sci,3.86,18,1,10,6,1,0,0,0,0,0,0
2021 Fall,BME,6310,Computation & Modeling in BME,004127,"Meyer,Craig",001,15527,Engineering & Applied Science,3.81,33,7,16,4,3,3,0,0,0,0,0
2021 Fall,LAW,8025,Advanced Contracts,042819,"Krawiec,Kimberly",1,20108,School of Law,3.52,36,1,4,10,21,0,0,0,0,0,0
2021 Fall,EDIS,5080,Differentiating Instruction,045846,"Moran,Melinda",500,17559,School of Education and HumanDev,3.47,20,4,5,3,5,1,1,0,0,0,1
2021 Fall,EDIS,6220,Assessment of Curriculum: K-12,045848,"Falls,Melanie",500,17560,School of Education and HumanDev,3.51,21,1,12,2,1,1,3,0,0,0,1
2021 Fall,GCOM,7650,Internat'l Corp Govern & Strat,044192,"Cowen,Amanda",001,19888,McIntire School of Commerce,3.45,49,0,5,16,20,7,1,0,0,0,0
2021 Fall,GCOM,7651,Strategic Leadership,044194,"Seaborn,Paul",001,19889,McIntire School of Commerce,3.61,49,0,4,34,9,0,2,0,0,0,0
2021 Fall,EDLF,7140,LEAD II: Professional Learning,009701,...,500,17562,School of Education and HumanDev,3.57,21,2,7,5,1,3,3,0,0,0,0
2021 Fall,EDLF,7812,Ldshp for Continuous Improve,042238,"Spicer,David Eddy",500,17566,School of Education and HumanDev,3.72,16,0,9,4,1,0,2,0,0,0,0
2021 Fall,EDLF,7813,Leadership for EdTech,042239,"Clark,Kevin",500,17567,School of Education and HumanDev,3.94,27,6,18,1,2,0,0,0,0,0,0
2021 Fall,DS,5100,Programming for Data Science,046284,"Fox,Judy",001,19647,School of Data Science,3.94,32,21,8,2,0,0,1,0,0,0,0
2021 Fall,ECON,3020,Intermediate Macroeconomics,007909,"Mcgee,Christopher",200,11763,College & Graduate Arts & Sci,3.37,82,2,21,17,16,12,9,1,3,0,1
2021 Fall,NASC,2100,Leadership and Management,025314,"Funk,Patrick",002,17452,Executive VP & Provost,3.75,18,0,9,6,1,2,0,0,0,0,0
2021 Fall,EVSC,7066,Changing Global Carbon Cycle,045536,"Doney,Scott",001,18260,College & Graduate Arts & Sci,3.87,7,0,4,3,0,0,0,0,0,0,0
2021 Fall,HIST,1501,Introductory Sem in History,019008,"Leonard,Spencer",002,20519,College & Graduate Arts & Sci,3.70,13,0,4,6,3,0,0,0,0,0,0
2021 Fall,MAE,4610,ME Design I,022602,"Momot,Michael",003,16157,Engineering & Applied Science,3.94,15,0,12,3,0,0,0,0,0,0,0
2021 Fall,ENGL,2506,Studies in Poetry,012488,"Ramazani,Jahan",003,18434,College & Graduate Arts & Sci,3.67,11,1,2,5,3,0,0,0,0,0,0
2021 Fall,ARCH,6262,Lecture Series Reading Group,046470,"Ibarra,Jose",001,20648,School of Architecture,3.76,20,10,3,3,2,0,2,0,0,0,0
2021 Fall,SPAN,4319,Borges,040898,"Pellon,Gustavo",001,18514,College & Graduate Arts & Sci,3.41,11,0,0,7,2,1,0,0,1,0,0
2021 Fall,MDST,7701,Media and Everyday Life,046291,"Cavalcante,Andre",001,19646,College & Graduate Arts & Sci,3.86,12,1,9,0,1,1,0,0,0,0,0
2021 Fall,GCOM,7652,Business Analytics,044191,"Gasman,Cynthia Fraser",001,19890,McIntire School of Commerce,3.57,49,0,8,23,14,3,1,0,0,0,0
2021 Fall,STS,4500,STS and Engineering Practice,036749,"Baritaud,Catherine",006,15871,Engineering & Applied Science,3.61,27,0,7,10,8,2,0,0,0,0,0
2021 Fall,WGS,3220,Global Gender & Sport,043613,"Hagerman,Bonnie",001,18509,College & Graduate Arts & Sci,3.32,30,0,6,6,8,3,5,2,0,0,0
2021 Fall,EDLF,7603,Philosophy of Education,009733,"Paxton,Benjamin",500,17575,School of Education and HumanDev,3.44,18,0,14,0,1,0,1,0,0,0,2
2021 Fall,PHS,3825,Global Public Health,043001,"Hornsby,Paige",001,12898,College & Graduate Arts & Sci,3.68,72,0,21,35,12,3,1,0,0,0,0
2021 Fall,CHEM,1411,Intro College Chem I Lab,005986,"Morkowchuk,Lisa",068,14010,College & Graduate Arts & Sci,3.60,24,15,2,4,0,0,0,0,0,1,2
2021 Fall,EDIS,5422,Cross-Cultural Education,043455,"Jones-lewis,Sherica",502,17605,School of Education and HumanDev,3.83,17,2,10,3,1,0,1,0,0,0,0
2021 Fall,LPPP,3559,New Course in PP & Lead,044183,"Mohamed,Naseemah",002,20323,Batten Leadership & Public Pol,3.83,19,0,12,5,1,1,0,0,0,0,0
2021 Fall,LAW,6002,Contracts,021553,"Gulati,Gaurang",5A,19314,School of Law,3.32,37,0,2,7,19,7,2,0,0,0,0
2021 Fall,ECON,4350,Corporate Finance,007969,"Mcgee,Christopher",100,13429,College & Graduate Arts & Sci,3.20,80,1,11,19,11,16,13,4,2,3,0
2021 Fall,ISSS,3360,Making Sense of the News,039922,"Guttman,Robert",101,20277,Continuing & Prof Studies,3.47,24,0,14,2,3,1,1,1,1,0,1
2021 Fall,CHE,3316,Chem Thermo & Staged Oper,005446,"Geise,Geoffrey",001,15443,Engineering & Applied Science,2.88,42,1,5,6,5,5,7,4,4,3,2
2021 Fall,PC,5010,Procurement Policy & Practices,029784,"Buck,Kenneth",701,20311,Continuing & Prof Studies,3.32,21,0,6,10,0,2,1,0,0,0,2
2021 Fall,CHEM,1411,Intro College Chem I Lab,005986,"Morkowchuk,Lisa",075,14017,College & Graduate Arts & Sci,3.62,23,17,0,2,0,0,2,0,0,1,1
2021 Fall,PSPA,5000,Intro to Public Administration,039947,"Greene,Celeste",701,20318,Continuing & Prof Studies,3.71,19,7,7,3,1,0,0,0,0,0,1
2021 Fall,ASTR,2110,Intro to Astrophysics I,003064,"Skrutskie,Michael",100,10304,College & Graduate Arts & Sci,3.00,32,0,3,3,8,11,2,0,4,0,1
2021 Fall,CHEM,1411,Intro College Chem I Lab,005986,"Morkowchuk,Lisa",008,10989,College & Graduate Arts & Sci,3.50,23,8,3,6,1,0,2,1,1,0,1
2021 Fall,STS,4500,STS and Engineering Practice,036749,"Foley,Rider",017,15872,Engineering & Applied Science,3.79,33,0,28,0,0,3,0,0,2,0,0
2021 Fall,CJ,5890,Law Enforcement ExecEssentials,044117,"Anglin,Adrian Christian",02,21329,Continuing & Prof Studies,4.00,23,4,19,0,0,0,0,0,0,0,0
2021 Fall,PLCP,1010,Intro to Comparative Politics,031680,"Waldner,David",100,10736,College & Graduate Arts & Sci,3.47,113,2,19,33,33,24,2,0,0,0,0
2021 Fall,APMA,3100,Probability,001152,"Fulgham,Bernard",004,16909,Engineering & Applied Science,2.71,36,0,4,4,5,7,2,2,4,4,4
2021 Fall,CHEM,1411,Intro College Chem I Lab,005986,"Morkowchuk,Lisa",016,10991,College & Graduate Arts & Sci,3.67,24,15,3,3,0,0,0,0,1,1,1
2021 Fall,ENGL,5700,Contemp Afro-Am Lit,042674,"Woolfork,Lisa",001,18486,College & Graduate Arts & Sci,3.68,9,0,6,2,0,0,0,0,0,1,0
2021 Fall,ITAL,2010,Intermediate Italian I,020567,"Mattioli,Stella",005,13089,College & Graduate Arts & Sci,3.84,18,5,7,5,0,0,1,0,0,0,0
2021 Fall,PSYC,1010,Introductory Psychology,032423,"Mazurek,Christopher",001,11680,College & Graduate Arts & Sci,3.13,324,0,46,93,56,47,19,26,15,3,19
2021 Fall,ANTH,2541,Topics in Linguistics,041155,"Morgenstern,Michelle",001,19708,College & Graduate Arts & Sci,3.79,30,0,17,10,0,2,1,0,0,0,0
2021 Fall,SPAN,3410,Survey Span Lit II (1700-Pres),035909,"Valverde,Fernando",001,12901,College & Graduate Arts & Sci,3.87,18,1,9,8,0,0,0,0,0,0,0
2021 Fall,ARTH,4591,Seminar in the History of Art,002569,"Turner,Elizabeth",005,13417,College & Graduate Arts & Sci,3.43,14,2,4,3,3,1,0,0,0,0,1
2021 Fall,EDIS,7700,Reading Found Diverse Learners,009522,"Thacker-Gwaltney,Susan Frances",502,20464,School of Education and HumanDev,3.46,19,0,11,3,0,2,1,0,1,0,1
2021 Fall,ARCH,6010,Foundation Studio I,001668,"Engle,Darcy",003,20733,School of Architecture,3.52,11,1,1,4,3,2,0,0,0,0,0
2021 Fall,ARCH,5500,Special Topics in Architecture,001621,"Shieh,Evan",004,20721,School of Architecture,3.71,7,0,4,1,1,1,0,0,0,0,0
2021 Fall,ARCH,2010,Foundation Studio II,001493,"Somers,Schaeffer",106,20718,School of Architecture,3.50,14,0,2,5,5,2,0,0,0,0,0
2021 Fall,MDST,4510,Capstone Topics,045773,"Goin,Keara",005,20622,College & Graduate Arts & Sci,3.97,18,0,16,2,0,0,0,0,0,0,0
2021 Fall,EGMT,1520,Empirical Engagement,044513,"Pearson,William",204,13339,College & Graduate Arts & Sci,3.51,38,1,15,7,5,5,3,0,1,1,0
2021 Fall,CS,6501,Spec Top: Computer Science,006981,"Alemzadeh,Homa",011,16933,Engineering & Applied Science,3.88,8,1,6,0,0,1,0,0,0,0,0
2021 Fall,EVSC,4250,Ecosystem Ecology,013938,"Pace,Michael",001,18526,College & Graduate Arts & Sci,3.36,30,1,8,8,5,3,2,1,1,0,1
2021 Fall,ANTH,5240,Relational Ethics,000833,"Zigon,Jarrett",001,18563,College & Graduate Arts & Sci,4.00,5,3,2,0,0,0,0,0,0,0,0
2021 Fall,ANTH,5870,Archaeozoology,000892,"Wattenmaker,Patricia",001,18567,College & Graduate Arts & Sci,3.81,12,0,7,3,2,0,0,0,0,0,0
2021 Fall,MDST,2690,Sports Journalism,044470,"Clay,Anna",001,12998,College & Graduate Arts & Sci,3.85,26,0,13,13,0,0,0,0,0,0,0
2021 Fall,SPAN,3430,Latin Amer Lit II (1900-Pres),035911,"Rogers,Charlotte",001,12394,College & Graduate Arts & Sci,3.81,21,2,8,10,0,1,0,0,0,0,0
2021 Fall,COMM,4680,Entrepreneurship,006531,"Ransler,Charles",002,19085,McIntire School of Commerce,3.49,40,0,6,17,8,7,2,0,0,0,0
2021 Fall,ISCP,4991,Capstone Project II,020318,"Plunkett,Ann Marie",101,20252,Continuing & Prof Studies,3.39,12,1,7,1,0,0,1,1,0,0,1
2021 Fall,AMST,3559,New Course: AMST,038536,"Lamas,Carmen",003,19006,College & Graduate Arts & Sci,3.81,14,0,11,0,2,0,1,0,0,0,0
2021 Fall,PSYC,4603,Psyc of Sexual Orientation,032634,"Patterson,Charlotte",001,19051,College & Graduate Arts & Sci,3.64,26,0,13,4,4,4,1,0,0,0,0
2021 Fall,CS,4620,Compilers,006935,"Dwyer,Matthew",001,16321,Engineering & Applied Science,3.73,43,12,16,8,2,2,1,0,1,1,0
2021 Fall,PETR,3320,LifeNarr&IranWmnWrtrs,040469,"Moqaddam,Maryam Zehtabi Sabeti",001,20680,College & Graduate Arts & Sci,3.88,10,5,1,4,0,0,0,0,0,0,0
2021 Fall,RELC,3006,Augustine's City of God,039557,"Mathewes,Charles",001,19895,College & Graduate Arts & Sci,3.16,18,0,6,2,6,1,1,0,0,0,2
2021 Fall,SYS,6581,Selected Topics in Sys Engr,036978,"Doryab,Afsaneh",009,16881,Engineering & Applied Science,3.54,5,2,0,2,0,0,0,1,0,0,0
2021 Fall,EDIS,5025,"Curric, Instruct & Assessment",044060,"El-Bilawi,Nora",502,17599,School of Education and HumanDev,3.94,17,6,10,0,0,1,0,0,0,0,0
2021 Fall,EDIS,5409,Children's Lit - LMS,043575,"Schnoor,Diane",500,17535,School of Education and HumanDev,4.00,16,10,6,0,0,0,0,0,0,0,0
2021 Fall,PSYC,3006,Res Methods & Data Analysis II,032540,"Schmidt,Karen",002,13348,College & Graduate Arts & Sci,3.42,64,7,15,11,10,10,7,2,2,0,0
2021 Fall,BME,7806,Biomed Applctn Genetic Engr,004150,"French,Brent",001,16132,Engineering & Applied Science,3.71,7,1,3,1,1,1,0,0,0,0,0
2021 Fall,ECE,4501,Special Topics: ECE,040915,"Alemzadeh,Homa",002,16921,Engineering & Applied Science,3.23,19,2,5,6,0,1,0,1,1,0,3
2021 Fall,DRAM,1020,Speaking in Public,007178,"Close,Tovah",003,12995,College & Graduate Arts & Sci,3.65,16,0,3,11,0,1,1,0,0,0,0
2021 Fall,HIEU,2121,France Age of Rev 1789-1870,046263,"Sessions,Jennifer",001,19392,College & Graduate Arts & Sci,3.58,30,0,4,18,4,3,1,0,0,0,0
2021 Fall,BIOL,5070,Prac Aspects Light Microscopy,003662,"Periasamy,Ammasi",001,19089,College & Graduate Arts & Sci,3.81,7,2,2,2,1,0,0,0,0,0,0
2021 Fall,LAW,6002,Contracts,021553,"Johnston,Jason",3DG,19107,School of Law,3.32,85,1,4,11,51,15,3,0,0,0,0
2021 Fall,ECON,4190,Industrial Organization,007959,"Ciliberto,Federico",091,12807,College & Graduate Arts & Sci,3.12,42,3,11,4,7,5,1,1,5,3,2
2021 Fall,NESC,4265,Developmental Neurobiology,045480,"Liu,Xiaorong",001,18978,College & Graduate Arts & Sci,3.65,32,8,12,4,3,2,0,1,1,1,0
2021 Fall,AMST,3559,New Course: AMST,038536,"Goff,Lisa",004,19007,College & Graduate Arts & Sci,3.36,14,0,7,2,3,0,0,0,0,1,1
2021 Fall,LAW,6103,Corporations,021636,"Hwang,Cathy",1,19257,School of Law,3.58,80,0,9,41,30,0,0,0,0,0,0
2021 Fall,EDIS,7270,Differentation of Instruction,042237,"Coyne,Elizabeth",500,17552,School of Education and HumanDev,3.94,12,1,10,0,1,0,0,0,0,0,0
2021 Fall,ENCW,2560,Intro Fiction Writing - Themed,044166,"Livingood,James",001,18980,College & Graduate Arts & Sci,3.89,14,0,11,2,0,1,0,0,0,0,0
2021 Fall,GERM,2050,German Express,039564,"Neuhaus,Christina",001,13954,College & Graduate Arts & Sci,3.85,18,0,9,9,0,0,0,0,0,0,0
2021 Fall,LAW,6104,Evidence,021648,"Collins,Michael",1,19114,School of Law,3.58,83,0,15,34,32,2,0,0,0,0,0
2021 Fall,STS,4500,STS and Engineering Practice,036749,"Ferguson,Sean",018,15965,Engineering & Applied Science,3.87,36,0,29,4,2,0,0,0,1,0,0
2021 Fall,ENGL,3910,Satire,012172,"O'Brien,John",001,18430,College & Graduate Arts & Sci,3.40,34,0,5,14,9,3,1,1,0,0,1
2021 Fall,CHEM,1411,Intro College Chem I Lab,005986,"Morkowchuk,Lisa",074,14016,College & Graduate Arts & Sci,3.62,24,10,5,6,0,1,0,0,0,1,1
2021 Fall,ENWR,1510,Writing and Critical Inquiry,013432,"Gelly,Piers",074,13438,College & Graduate Arts & Sci,3.92,18,0,13,5,0,0,0,0,0,0,0
2021 Fall,KINE,8630,Readings Sports Med Research,043659,"Resch,Jacob",1,15316,School of Education and HumanDev,3.95,6,1,4,1,0,0,0,0,0,0,0
2021 Fall,ENGL,3572,African-American Lit & Culture,011386,"Ross,Marlon",001,18438,College & Graduate Arts & Sci,3.48,13,1,1,4,6,0,1,0,0,0,0
2021 Fall,ENWR,3620,Tutoring Across Cultures,045940,"Kostelnik,Kate",001,18652,College & Graduate Arts & Sci,4.00,16,3,13,0,0,0,0,0,0,0,0
2021 Fall,EGMT,1520,Empirical Engagement,044513,"Odom,Bo",109,18655,College & Graduate Arts & Sci,3.79,38,1,29,2,2,1,1,1,1,0,0
2021 Fall,CS,2110,Software Development Methods,006871,"Basit,Nada",003,15961,Engineering & Applied Science,3.65,131,9,68,25,13,7,3,0,2,0,4
2021 Fall,CS,3710,Intro to Cybersecurity,045511,"Orebaugh,Angela",001,16636,Engineering & Applied Science,3.72,116,0,64,35,4,6,2,3,1,0,1
2021 Fall,EVSC,4010,Introduction to Remote Sensing,013930,"Yang,Xi",100,13921,College & Graduate Arts & Sci,3.14,12,0,1,2,3,3,2,0,1,0,0
2021 Fall,DS,2001,Programming for Data Science,046058,"Tashman,Adam",001,19058,School of Data Science,3.81,29,2,18,4,2,3,0,0,0,0,0
2021 Fall,LAW,6003,Criminal Law,021556,"Jeffries,John",1AH,19109,School of Law,3.37,77,1,5,26,21,18,5,1,0,0,0
2021 Fall,KINE,5260,APE:Phys & Sensory Impaired,009287,"Block,Martin",1,19033,School of Education and HumanDev,4.00,14,8,6,0,0,0,0,0,0,0,0
2021 Fall,LAW,9156,Advanced Campaign Finance,041727,"Sanderson,Matthew",1,20442,School of Law,3.48,5,0,0,3,1,1,0,0,0,0,0
2021 Fall,APMA,2130,Ordinary Differentl Equations,001145,"Spencer,Julie",007,16120,Engineering & Applied Science,3.07,45,0,8,6,12,9,3,3,0,1,3
2021 Fall,SARC,1500,SARC Seminars,044199,"Waldman,Peter",001,19073,School of Architecture,4.00,19,10,9,0,0,0,0,0,0,0,0
2021 Fall,LPPP,3200,Introduction to Public Policy,042084,"Johannessen,Peter",100,17043,Batten Leadership & Public Pol,3.55,195,5,43,72,47,19,3,3,3,0,0
2021 Fall,EGMT,1530,Engaging Differences,044514,"Padron,Ricardo",112,20536,College & Graduate Arts & Sci,3.92,24,1,21,0,1,0,1,0,0,0,0
2021 Fall,DS,6011,DS Capstone Work I,043917,"Kazemipour,Abbas",010,20632,School of Data Science,4.00,10,3,7,0,0,0,0,0,0,0,0
2021 Fall,MDST,3720,Social Media and Global South,045768,"Nemer,David",001,13962,College & Graduate Arts & Sci,3.97,10,6,3,1,0,0,0,0,0,0,0
2021 Fall,LAW,9042,Corp Social Responsibility Sem,040105,"Butler,Jay",1,20316,School of Law,3.56,15,0,4,5,3,3,0,0,0,0,0
2021 Fall,ECE,4991,MDE - Capstone Design,042263,"Ghosh,Avik",001,15969,Engineering & Applied Science,3.90,13,10,1,1,0,1,0,0,0,0,0
2021 Fall,ENGL,2508,Studies in Fiction,012491,"Sullivan,Patricia",003,18432,College & Graduate Arts & Sci,3.95,18,0,15,3,0,0,0,0,0,0,0
2021 Fall,MSE,3050,Thermodymanics of Materials,024405,"Zhigilei,Leonid",001,16866,Engineering & Applied Science,3.17,28,4,2,7,2,4,3,5,0,0,1
2021 Fall,PSLP,5320,Organizational Leadership,044293,"Powers,Michael",701,20315,Continuing & Prof Studies,3.49,16,0,4,7,0,3,1,1,0,0,0
2021 Fall,GCOM,7653,Doing Business: US,044193,"Elliott,Christopher",001,19891,McIntire School of Commerce,3.69,49,1,12,27,7,2,0,0,0,0,0
2021 Fall,GCOM,7654,Res & Writ Global Bus Thesis I,044190,"Cowen,Amanda",001,19892,McIntire School of Commerce,3.71,49,0,21,13,15,0,0,0,0,0,0
2021 Fall,BIOL,4559,New Course: BIOL,038577,"Bloom,George",001,19081,College & Graduate Arts & Sci,3.69,18,0,9,4,3,1,1,0,0,0,0
2021 Fall,APMA,1110,Single Variable Calculus II,001140,"Dizaji,Farzad Shafiei",006,16396,Engineering & Applied Science,2.99,50,2,9,8,8,8,5,3,0,1,6
2021 Fall,DS,6040,Bayesian Machine Learning,045445,"Basener,William F",002,17409,School of Data Science,3.98,27,16,9,2,0,0,0,0,0,0,0
2021 Fall,AMST,2559,New Course: AMST,038535,"Wei,Joseph",001,18998,College & Graduate Arts & Sci,3.68,18,0,14,1,2,0,0,0,0,0,1
2021 Fall,LAW,6000,Civil Procedure,021550,"Woolhandler,Nettie",1CD,19102,School of Law,3.40,78,0,2,22,47,7,0,0,0,0,0
2021 Fall,ARTS,2610,Drawing I,002836,"Schoyer,Elizabeth",002,19394,College & Graduate Arts & Sci,3.81,15,3,5,5,2,0,0,0,0,0,0
2021 Fall,PLAP,4500,Special Topics,031588,"Cary,Mary Kate",003,13874,College & Graduate Arts & Sci,3.79,19,0,6,13,0,0,0,0,0,0,0
2021 Fall,SARC,1500,SARC Seminars,044199,"Cleckley,Elgin",005,19077,School of Architecture,3.81,18,2,8,6,1,1,0,0,0,0,0
2021 Fall,LAW,9306,Securities Litigtn & Enforcemt,045176,"Gilman,Charles",1,19241,School of Law,3.46,11,0,1,5,2,3,0,0,0,0,0
2021 Fall,EVSC,2800,Fundamentals of Geology,013912,"Nelson,Michelle",001,13917,College & Graduate Arts & Sci,3.35,79,2,29,14,10,9,3,3,2,5,2
2021 Fall,LAW,8016,Securities Regulation,021747,"Kitch,Edmund",1,20107,School of Law,3.34,5,0,0,2,2,0,1,0,0,0,0
2021 Fall,PHIL,1000,Introduction to Philosophy,029990,"Secada,Jorge",100,12973,College & Graduate Arts & Sci,3.43,133,0,23,47,31,26,3,1,0,0,2
2021 Fall,ECE,5241,Optics and Lasers,007703,"Campbell,Joe",001,15458,Engineering & Applied Science,3.33,6,4,0,0,0,1,0,0,0,0,1
2021 Fall,LAR,7500,Special Tops in Landscape Arch,045643,"James,Allison",004,20640,School of Architecture,3.68,5,0,1,3,1,0,0,0,0,0,0
2021 Fall,LPPL,3260,Value & Bias in Public Policy,042085,"Trawalter,Sophie",001,17044,Batten Leadership & Public Pol,3.60,47,0,8,25,9,5,0,0,0,0,0
2021 Fall,LATI,5200,Ovid's Metamorphoses,021208,"Myers,Karen",001,19101,College & Graduate Arts & Sci,3.91,7,0,5,2,0,0,0,0,0,0,0
2021 Fall,CHEM,4440,Biochemistry for Pre-Health,046085,"Samonina,Jelena",100,17611,College & Graduate Arts & Sci,3.15,177,15,26,45,22,20,15,7,10,4,13
2021 Fall,PHS,7051,"Policy Dev, Analysis& Advocacy",045006,"Zelle,Heather",001,18147,Medical School - BIMS/PHS,3.91,21,0,16,4,1,0,0,0,0,0,0
2021 Fall,LAW,6100,Accounting/Financial Statemnts,021684,"Franks,Harry",1,19104,School of Law,3.49,44,0,10,8,20,6,0,0,0,0,0
2021 Fall,LAW,8651,Emerg Growth/Venture Captl:P&P,022181,"Lincoln,Michael",1,19119,School of Law,3.54,44,0,3,21,20,0,0,0,0,0,0
2021 Fall,WGS,3559,New Course: WGS,039979,"Leach,Brittany",001,20641,College & Graduate Arts & Sci,3.25,17,0,8,3,1,0,1,0,0,3,1
2021 Fall,LPPP,6350,Politics of Public Policy,045109,"Holbein,John",001,17077,Batten Leadership & Public Pol,3.53,46,0,18,9,3,14,2,0,0,0,0
2021 Fall,ECE,6501,Topics: Elect & Computer Engr,007731,"Alemzadeh,Homa",007,16922,Engineering & Applied Science,3.26,7,0,2,4,0,0,0,0,0,0,1
2021 Fall,CHEM,1411,Intro College Chem I Lab,005986,"Morkowchuk,Lisa",056,13998,College & Graduate Arts & Sci,3.69,24,12,2,6,1,0,2,0,0,1,0
2021 Fall,ARH,5613,Gaudi's Legacy,044590,"Bailo Esteve,Manuel",501,18218,School of Architecture,3.70,11,5,2,1,0,3,0,0,0,0,0
2021 Fall,ECE,3502,Special Topics ECE,040914,"Delong,Todd",001,16920,Engineering & Applied Science,3.79,27,21,3,1,0,0,1,0,0,0,1
2021 Fall,ISLS,3610,Renaissance Art,042529,"May,Julia",101,20276,Continuing & Prof Studies,3.24,13,0,3,5,1,0,0,2,1,1,0
2021 Fall,CE,3100,Water for the World,004457,"Smith,James",001,16445,Engineering & Applied Science,3.63,31,2,7,13,6,2,1,0,0,0,0
2021 Fall,LAW,6105,Federal Courts,021652,"Bayefsky,Rachel",1,19261,School of Law,3.74,49,0,19,22,7,1,0,0,0,0,0
2021 Fall,PLCP,4250,Politics of Economic Reform,031720,"Echeverri-Gent,John",001,18456,College & Graduate Arts & Sci,3.03,15,0,1,6,4,2,0,0,0,0,2
2021 Fall,LAW,8018,Trusts and Estates,021754,"Johnson,Alex",1,19254,School of Law,3.41,17,0,3,6,2,3,3,0,0,0,0
2021 Fall,MEST,3492,Afro-Arabs/Africans MENA,046266,"Hermes,Nizar",001,19705,College & Graduate Arts & Sci,3.85,14,1,6,7,0,0,0,0,0,0,0
2021 Fall,EGMT,1520,Empirical Engagement,044513,"Teets,Sarah",206,13340,College & Graduate Arts & Sci,3.88,37,0,32,3,1,0,0,0,0,0,1
2021 Fall,AAS,4570,Adv Research Sem in AAS,000120,"Little,Mahaliah",002,20339,College & Graduate Arts & Sci,3.56,13,2,1,7,0,1,2,0,0,0,0
2021 Fall,ARTS,2000,Intro to Studio Art,045397,"Taylor,Jackson P",007,20166,College & Graduate Arts & Sci,3.66,18,0,11,5,1,0,0,0,0,0,1
2021 Fall,MAE,4501,Spec Topics in Mechanical Engr,022609,"Furukawa,Tomonari",002,16772,Engineering & Applied Science,3.20,17,6,2,3,1,2,0,0,1,0,2
2021 Fall,PSYC,5326,The Neurosci of Soc Relations,043416,"Coan,James",001,19754,College & Graduate Arts & Sci,4.00,18,12,6,0,0,0,0,0,0,0,0
2021 Fall,MAE,6020,Continuum Mechanics,022642,"Kerrigan,Jason",001,15876,Engineering & Applied Science,3.91,20,8,9,2,0,0,1,0,0,0,0
2021 Fall,PSPA,5040,Ethics,041407,"Toppin,Sheila",701,20319,Continuing & Prof Studies,3.53,11,0,3,4,1,2,1,0,0,0,0
2021 Fall,EDIS,5857,Content Seminar Special Ed,045881,"Solari,Emily",1,15341,School of Education and HumanDev,3.90,6,0,4,2,0,0,0,0,0,0,0
2021 Fall,MAE,6592,Spec Topcs in Mech & Aero Engr,022685,"Furukawa,Tomonari",002,16773,Engineering & Applied Science,3.71,7,1,2,2,2,0,0,0,0,0,0
2021 Fall,EDIS,5470,ESL Assess & Curriculum Design,009460,"Salerno,April",500,17540,School of Education and HumanDev,3.92,22,0,20,0,1,1,0,0,0,0,0
2021 Fall,LAW,9022,Lessons From COVID-19,040036,"Riley,Margaret",1,20542,School of Law,3.52,16,0,1,7,8,0,0,0,0,0,0
2021 Fall,CS,2330,Digital Logic Design,006883,"Johnson,Barry",001,16924,Engineering & Applied Science,3.76,101,40,44,5,5,1,0,0,2,0,4
2021 Fall,PSYC,5725,RM:Prac Longit Sustain Studies,046370,"Tong,Xin",001,20054,College & Graduate Arts & Sci,3.94,17,0,15,1,1,0,0,0,0,0,0
2021 Fall,CHIN,1060,Accelerated Elementary Chinese,006050,"Gao,Ying",001,10351,College & Graduate Arts & Sci,3.94,15,0,12,3,0,0,0,0,0,0,0
2021 Fall,MATH,1320,Calculus II,022954,"McCarthy,Matthew",500,13267,College & Graduate Arts & Sci,3.30,24,1,9,1,1,9,0,1,1,0,1
2021 Fall,PLAN,5500,Special Topics in Planning,031328,"Wilson,Bev",003,20535,School of Architecture,3.86,7,1,4,1,1,0,0,0,0,0,0
2021 Fall,LAW,9352,Transactions: Drafting & Negot,046443,"Lewis,Clare",1,20545,School of Law,3.54,18,2,4,2,6,4,0,0,0,0,0
2021 Fall,HISA,3002,India From Akbar to Victoria,018923,"Leonard,Spencer",001,20546,College & Graduate Arts & Sci,2.98,13,0,2,6,1,1,0,1,0,0,2
2021 Fall,DS,5559,New Course: Data Science,043916,"Ruggiano,Marc Louis",001,20724,School of Data Science,3.69,17,0,3,12,1,1,0,0,0,0,0
2021 Fall,SOC,2280,Medical Sociology,045905,"Aviles,Natalie",100,14304,College & Graduate Arts & Sci,3.71,59,3,30,11,7,7,0,0,1,0,0
2021 Fall,ALAR,8010,Research Studio 1,042199,"Fard,Ali",015,20764,School of Architecture,3.53,7,0,2,2,1,2,0,0,0,0,0
2021 Fall,EVEC,7250,Ecosystem Ecology,042694,"Pace,Michael",001,18527,College & Graduate Arts & Sci,3.70,10,1,5,1,1,2,0,0,0,0,0
2021 Fall,ANTH,3280,Intro to Native Studies,046071,"Jernigan,Kasey",001,18565,College & Graduate Arts & Sci,3.93,28,16,9,2,0,0,1,0,0,0,0
2021 Fall,ARCH,2010,Foundation Studio II,001493,"Bachman,JT",103,18802,School of Architecture,3.42,13,0,3,4,3,1,1,0,1,0,0
2021 Fall,ARCH,2010,Foundation Studio II,001493,"Small,Ben",105,18804,School of Architecture,3.42,13,0,3,4,1,3,2,0,0,0,0
2021 Fall,PATH,8300,Tumors and the Immune System,042346,"Bullock,Timothy",001,20672,Medical School - BIMS/PHS,3.91,7,2,3,2,0,0,0,0,0,0,0
2021 Fall,ISLS,3000,Transformations: Liberal Arts,044252,"Matthews,Charlotte",104,20619,Continuing & Prof Studies,3.67,17,0,10,3,1,1,1,1,0,0,0
2021 Fall,LAW,8000,Advanced Legal Research,021685,"Doherty,Benjamin",1,19117,School of Law,3.54,17,0,4,4,8,1,0,0,0,0,0
2021 Fall,PSPS,6000,Transform Ldrshp in Chng Times,046466,"Gustafson,Bryon Gordon",502,20646,Continuing & Prof Studies,3.86,34,0,31,2,0,0,0,0,0,0,1
2021 Fall,EVSC,4270,Soil Science,013940,"Mills,Aaron",100,18528,College & Graduate Arts & Sci,3.30,12,0,4,2,2,1,0,2,1,0,0
2021 Fall,PLAD,4500,Special Topics,044837,"Leblang,David",001,20667,College & Graduate Arts & Sci,3.84,14,4,7,1,1,0,1,0,0,0,0
2021 Fall,LAW,7175,Law in Amer History: 20th Cent,045605,"White,George",1,20102,School of Law,3.41,19,0,2,3,12,2,0,0,0,0,0
2021 Fall,EVSC,5440,Dynamics of Oceans & Estuaries,014005,"Reidenbach,Matthew",001,18530,College & Graduate Arts & Sci,3.65,17,1,7,5,3,0,0,0,0,1,0
2021 Fall,HIAF,1501,Intro Sem in African History,018130,"Mason,John",002,18531,College & Graduate Arts & Sci,3.87,14,0,8,6,0,0,0,0,0,0,0
2021 Fall,BUS,5060,Understanding Technology Used,004341,"Broz,Kristen",701,20369,Continuing & Prof Studies,4.00,6,3,3,0,0,0,0,0,0,0,0
2021 Fall,KINE,5745,Evidence Based Sports Med I,046455,"Hertel,Jay",1,20762,School of Education and HumanDev,3.88,16,0,12,2,2,0,0,0,0,0,0
2021 Fall,PLAP,8210,The American Presidency,031633,"Milkis,Sidney",101,20396,College & Graduate Arts & Sci,3.18,6,0,2,3,0,0,0,0,0,0,1
2021 Fall,HIEU,3452,Jewish Culture & Hist East Eur,018482,"Loeffler,James",001,18977,College & Graduate Arts & Sci,3.27,27,0,5,8,6,3,0,1,3,1,0
2021 Fall,MATH,4651,Advanced Linear Algebra,023151,"Hayes,Benjamin",001,10617,College & Graduate Arts & Sci,3.59,18,5,6,0,2,2,3,0,0,0,0
2021 Fall,SPAN,8550,Sem:Span Am:Col Period 1900,037670,"Padron,Ricardo",001,20624,College & Graduate Arts & Sci,3.63,7,0,1,4,2,0,0,0,0,0,0
2021 Fall,MDST,3559,New Course: MDST,039189,"Williams,Tyler",007,20760,College & Graduate Arts & Sci,3.30,10,1,4,0,0,2,1,1,1,0,0
2021 Fall,BME,4550,Spec Topics: Biomedical Engr,004090,"Civelek,Mete",002,16988,Engineering & Applied Science,3.79,25,12,6,2,3,0,2,0,0,0,0
2021 Fall,COMM,3110,Intermediate Accounting I,006461,"Backof,Ann",002,14656,McIntire School of Commerce,3.40,32,0,10,9,4,4,0,3,0,2,0
2021 Fall,ARCH,3010,Foundation Studio IV,001517,"Phinney,Lucia",006,18808,School of Architecture,3.71,12,1,3,6,1,1,0,0,0,0,0
2021 Fall,ANTH,2160,Culture & Environment,045704,"Igoe,Jim",001,18564,College & Graduate Arts & Sci,3.66,58,2,9,36,7,3,1,0,0,0,0
2021 Fall,CHE,4474,"Proc Synth, Modl and Contrl",005464,"Anderson,Eric",001,19024,Engineering & Applied Science,3.81,42,2,27,7,1,5,0,0,0,0,0
2021 Fall,PHIL,3520,Topics in Contemp Phil,030125,"Brewer,Talbot",001,19071,College & Graduate Arts & Sci,3.20,26,0,5,7,5,6,1,0,0,0,2
2021 Fall,LAW,9081,Trial Advocacy,022023,"Watson,James",4,20445,School of Law,3.56,12,0,2,5,4,1,0,0,0,0,0
2021 Fall,CJ,5200,Psychology of Leadership,042279,"Coleman,Marian Elizabeth",01,21319,Continuing & Prof Studies,3.98,24,8,14,2,0,0,0,0,0,0,0
2021 Fall,LAR,6010,Foundation Studio I,020950,"Hawkins,Chloe",003,20770,School of Architecture,3.27,12,0,1,1,6,3,1,0,0,0,0
2021 Fall,ENGL,4560,Seminar Modern & Contemp Lit,012608,"Shukla,Sandhya",003,18462,College & Graduate Arts & Sci,3.68,10,0,5,4,0,0,0,0,1,0,0
2021 Fall,LAW,6002,Contracts,021553,"Nachbar,Thomas",2C,19106,School of Law,3.40,37,0,3,9,18,7,0,0,0,0,0
2021 Fall,LAW,7022,Employment Discrimination,021642,"Rutherglen,George",1,19263,School of Law,3.52,33,0,5,11,15,2,0,0,0,0,0
2021 Fall,ECE,6501,Topics: Elect & Computer Engr,007731,"Bezzo,Nicola",002,16204,Engineering & Applied Science,3.55,18,4,2,6,1,3,2,0,0,0,0
2021 Fall,ENGL,2502,Masterpieces of English Lit,012478,"Pasanek,Brad",001,18468,College & Graduate Arts & Sci,3.66,18,0,6,8,3,0,0,1,0,0,0
2021 Fall,ENGL,5810,Books as Physical Objects,011566,"Meulen,David Vander",001,18476,College & Graduate Arts & Sci,3.80,11,0,5,5,1,0,0,0,0,0,0
2021 Fall,EDHS,3100,Media and Black Adolescents,044386,"Adams-Bass,Valerie",1,15334,School of Education and HumanDev,2.75,11,0,1,3,3,1,0,1,0,0,2
2021 Fall,APMA,1090,Single Variable Calculus I,001138,"Fulgham,Bernard",001,15815,Engineering & Applied Science,2.42,45,0,6,3,4,8,4,3,3,4,10
2021 Fall,PSPS,6000,Transform Ldrshp in Chng Times,046466,"Gustafson,Bryon Gordon",501,20645,Continuing & Prof Studies,3.90,47,0,31,16,0,0,0,0,0,0,0
2021 Fall,ISSS,3410,Topics in Abnormal Psychology,020462,"Bentley,Kelvin",101,20647,Continuing & Prof Studies,2.88,23,0,3,7,2,3,2,1,0,3,2
2021 Fall,EDLF,7330,Single-Subject Research,009720,"Bateman,Katherine",500,17572,School of Education and HumanDev,3.58,24,16,4,0,0,2,0,0,0,0,2
2021 Fall,DS,3003,Communicating with Data,046060,"Suk,Youmi",001,19059,School of Data Science,3.82,30,7,16,4,1,0,1,0,0,1,0
2021 Fall,ENWR,2520,Special Topics in Writing,013448,"D'Errico,Jon",006,18650,College & Graduate Arts & Sci,3.78,16,0,12,3,0,0,0,0,0,0,1
2021 Fall,ISSS,4131,Mental Health Disorders,041488,"Rasmussen,Alan",101,20280,Continuing & Prof Studies,3.94,29,9,16,3,1,0,0,0,0,0,0
2021 Fall,PLIR,1010,International Relations,031795,"Furia,Peter",100,18460,College & Graduate Arts & Sci,3.71,176,6,79,69,6,9,3,0,0,0,4
2021 Fall,GETR,3393,Serial Media,046161,"Schmid,Marcel",001,20649,College & Graduate Arts & Sci,3.90,28,0,19,9,0,0,0,0,0,0,0
2021 Fall,COMM,4741,Foundations of Global Commerce,006535,"Maillet,Peter",001,14702,McIntire School of Commerce,3.52,36,0,8,11,12,3,2,0,0,0,0
2021 Fall,CHEM,1411,Intro College Chem I Lab,005986,"Morkowchuk,Lisa",015,10990,College & Graduate Arts & Sci,3.69,23,13,4,2,1,0,1,0,0,2,0
2021 Fall,APMA,3080,Linear Algebra,001151,"Ma,Hui",004,16114,Engineering & Applied Science,2.78,42,1,3,8,5,5,4,6,4,3,3
2021 Fall,SPAN,3050,Spanish for Medical Profession,039916,"Opere,Alicia Lopez",002,20402,College & Graduate Arts & Sci,3.81,18,0,8,9,1,0,0,0,0,0,0
2021 Fall,RELG,3559,New Course: RELG,039193,"Parker,Kai",001,20533,College & Graduate Arts & Sci,3.39,14,0,10,2,0,0,0,0,0,0,2
2021 Fall,PSHM,4650,American Health Care,039931,"Erath,Mark",101,20262,Continuing & Prof Studies,3.88,13,4,6,2,0,1,0,0,0,0,0
2021 Fall,ACCT,5450,Federal Taxation I,045935,"Falcone,Todd",701,20307,Continuing & Prof Studies,3.46,8,3,3,1,0,0,0,0,0,0,1
2021 Fall,ACCT,5470,Forensic Accounting,044657,"Hood,Michael",701,20308,Continuing & Prof Studies,3.51,14,2,4,2,2,1,3,0,0,0,0
2021 Fall,PC,5040,Advanced Contract Management,029787,"McCarthy,John",701,20313,Continuing & Prof Studies,3.48,11,2,6,0,1,1,0,0,0,0,1
2021 Fall,SPAN,4500,Spec Topics Sem: Literature,035967,"Opere,Fernando",005,18522,College & Graduate Arts & Sci,3.83,12,0,5,7,0,0,0,0,0,0,0
2021 Fall,MDST,2305,Podcasting Radio Sound,043728,"Majerczyk,Elliot",001,18525,College & Graduate Arts & Sci,3.61,10,1,3,4,1,0,0,0,1,0,0
2021 Fall,STAT,6130,Applied Multivariate Stats,036673,"Tang,Xiwei",001,18675,College & Graduate Arts & Sci,3.85,35,2,21,9,1,2,0,0,0,0,0
2021 Fall,ARTH,3254,Leonardo da Vinci,002516,"Fiorani,Francesca",001,18600,College & Graduate Arts & Sci,3.48,50,0,8,18,16,4,3,1,0,0,0
2021 Fall,STAT,4800,Advanced Sports Analytics I,045718,"Rodu,Jordan",001,18671,College & Graduate Arts & Sci,3.72,43,0,40,0,0,0,0,0,0,0,3
2021 Fall,SPAN,3020,Grammar and Composition II,035894,"Poveda,Esther",002,13613,College & Graduate Arts & Sci,3.73,18,0,7,8,2,1,0,0,0,0,0
2021 Fall,PSLP,5300,Foundations of Leadership,044292,"Ronayne,Pete",701,20314,Continuing & Prof Studies,3.87,17,0,12,4,0,1,0,0,0,0,0
2021 Fall,SPAN,4500,Spec Topics Sem: Literature,035967,"Valverde,Fernando",006,18523,College & Graduate Arts & Sci,3.94,18,1,15,1,1,0,0,0,0,0,0
2021 Fall,DS,6011,DS Capstone Work I,043917,"Gedeck,Peter",008,20630,School of Data Science,4.00,11,8,3,0,0,0,0,0,0,0,0
2021 Fall,ENCW,2600,Fiction Writing,013455,"Boateng,Nana",008,13416,College & Graduate Arts & Sci,3.87,15,0,12,2,0,0,1,0,0,0,0
2021 Fall,SOC,8051,Sociology of Work,037664,"Gorman,Elizabeth",001,18351,College & Graduate Arts & Sci,3.49,7,0,0,4,2,1,0,0,0,0,0
2021 Fall,GCOM,7655,Global Market Res & Analytics,044810,"Landgraf,Polina",001,19893,McIntire School of Commerce,3.56,49,0,9,20,16,3,1,0,0,0,0
2021 Fall,ENWR,1510,Writing and Critical Inquiry,013432,"Keyser,Emelye",076,13524,College & Graduate Arts & Sci,3.68,17,0,10,2,3,1,0,1,0,0,0
2021 Fall,EDIS,3011,Classroom & Behavior Managemnt,045918,"Cook,Lysandra",1,15345,School of Education and HumanDev,3.98,18,1,16,1,0,0,0,0,0,0,0
2021 Fall,CS,2120,Discrete Math and Theory 1,046227,"Brunelle,Nathan",004,19808,Engineering & Applied Science,3.70,122,7,64,25,12,5,4,4,0,0,1
2021 Fall,ISLS,3000,Transformations: Liberal Arts,044252,"Matthews,Charlotte",103,20618,Continuing & Prof Studies,3.31,16,1,6,3,2,1,0,1,1,0,1
2021 Fall,HIEU,4502,Post 1700 Euro Hist Seminar,018520,"Rossman,Jeffrey",002,12488,College & Graduate Arts & Sci,3.59,13,0,4,4,3,2,0,0,0,0,0
2021 Fall,CHE,4491,Chemical Engineering Lab II,005481,"Prpich,George",103,16179,Engineering & Applied Science,3.49,13,0,2,5,4,1,1,0,0,0,0
2021 Fall,APMA,2120,Multivariable Calculus,001144,"Mohajeri,Manouchehr",005,15399,Engineering & Applied Science,3.19,46,2,14,7,7,3,4,3,1,0,5
2021 Fall,LNGS,2240,Southern American English,022528,"Elson,Mark",001,19415,College & Graduate Arts & Sci,3.35,26,0,8,5,6,2,1,1,2,1,0
2021 Fall,EDIS,2800,P-12 Educational Contexts,045916,"Missett,Tracy",1,15343,School of Education and HumanDev,3.82,18,3,11,1,1,1,1,0,0,0,0
2021 Fall,EGMT,1530,Engaging Differences,044514,"Handel,John",200,12569,College & Graduate Arts & Sci,3.64,33,0,27,2,1,0,0,0,0,0,3
2021 Fall,COLA,1500,College Advising Seminars,006376,"Lefkowitz,Daniel",026,11761,College & Graduate Arts & Sci,3.93,17,0,13,4,0,0,0,0,0,0,0
2021 Fall,COMM,3110,Intermediate Accounting I,006461,"McDermott,Katie",003,14654,McIntire School of Commerce,3.29,31,0,7,7,5,6,2,1,3,0,0
2021 Fall,CHE,3321,Trans Proc I:Momentum Trnsfr,005448,"Ford,Roseanne",001,15444,Engineering & Applied Science,3.24,42,0,11,8,3,11,2,1,5,1,0
2021 Fall,GCOM,7710,Corporate Valuation & Finance,038182,"Marston,Felicia",1,14719,McIntire School of Commerce,3.49,42,1,8,14,9,7,3,0,0,0,0
2021 Fall,CS,4774,Machine Learning,045513,"Nguyen,Rich",001,16638,Engineering & Applied Science,3.65,121,32,41,19,8,8,7,3,1,1,1
2021 Fall,KOR,1010,Elementary Korean I,020864,"CHOI,YOON HWA",004,20660,College & Graduate Arts & Sci,3.89,16,5,5,6,0,0,0,0,0,0,0
2021 Fall,COMM,3220,DB Mgmt Sys & Bus Intellignce,006500,"Grazioli,Stefano",003,19098,McIntire School of Commerce,3.79,42,4,19,13,4,2,0,0,0,0,0
2021 Fall,ARCH,2010,Foundation Studio II,001493,"McQuistion,Lauren",104,18803,School of Architecture,3.51,12,0,2,5,3,1,1,0,0,0,0
2021 Fall,CHEM,1411,Intro College Chem I Lab,005986,"Morkowchuk,Lisa",069,14011,College & Graduate Arts & Sci,3.43,24,10,4,5,0,1,1,0,0,0,3
2021 Fall,CHIN,1010,Elementary Chinese,006047,"Gao,Ying",002,10348,College & Graduate Arts & Sci,3.91,14,0,12,1,0,1,0,0,0,0,0
2021 Fall,ITAL,1010,Elementary Italian I,020555,"Mattioli,Stella",005,10540,College & Graduate Arts & Sci,3.81,19,3,7,8,0,0,1,0,0,0,0
2021 Fall,SARC,1500,SARC Seminars,044199,"Roettger,Betsy",003,19075,School of Architecture,3.88,19,0,15,2,1,1,0,0,0,0,0
2021 Fall,CHEM,3721,Analytical Chemistry Lab,005686,"Venton,Jill",100,18642,College & Graduate Arts & Sci,3.55,33,4,9,4,11,3,1,1,0,0,0
2021 Fall,CS,2120,Discrete Math and Theory 1,046227,"Orrico,Elizabeth",002,19806,Engineering & Applied Science,3.67,98,2,50,19,12,8,4,2,1,0,0
2021 Fall,PLAP,3270,Public Opinion and Am Dem,031557,"Winter,Nicholas",100,18382,College & Graduate Arts & Sci,3.30,155,14,43,30,26,17,7,4,1,3,10
2021 Fall,PHYS,5880,Intro to Quantum Computing,044831,"Klich,Israel",001,14173,College & Graduate Arts & Sci,3.50,8,0,2,2,2,2,0,0,0,0,0
2021 Fall,EDIS,3221,Intro to Reading Foundations,045883,"Hall,Colby",1,15349,School of Education and HumanDev,3.85,19,0,12,5,2,0,0,0,0,0,0
2021 Fall,CS,6501,Spec Top: Computer Science,006981,"Doryab,Afsaneh",004,20688,Engineering & Applied Science,3.62,11,0,3,5,2,0,1,0,0,0,0
2021 Fall,HIEA,2072,Modern Japan,040426,"Stolz,Robert",100,18515,College & Graduate Arts & Sci,3.20,46,0,8,9,8,10,7,0,1,2,1
2021 Fall,COMM,3030,Quantitative & Finan Analysis,006455,"Gasman,Cynthia Fraser",005,14650,McIntire School of Commerce,3.55,51,0,13,15,17,5,1,0,0,0,0
2021 Fall,STAT,4630,Statistical Machine Learning,044234,"Woo,Jeffrey",001,13201,College & Graduate Arts & Sci,3.70,79,2,42,17,7,8,2,0,0,0,1
2021 Fall,SOC,2559,New Course: SOC,039373,"Reed,Isaac",002,18495,College & Graduate Arts & Sci,3.26,31,9,5,5,1,1,1,4,0,5,0
2021 Fall,MDST,3404,Politics and New Media,023516,"Chong,Miyoung",001,18521,College & Graduate Arts & Sci,3.74,19,2,11,4,0,0,0,1,1,0,0
2021 Fall,SPAN,1060,Accelerated Elementary Spanish,035820,"Hogg,Jennifer",003,13091,College & Graduate Arts & Sci,3.80,17,0,7,9,1,0,0,0,0,0,0
2021 Fall,SPAN,4500,Spec Topics Sem: Literature,035967,"Bigelow,Allison",002,13097,College & Graduate Arts & Sci,3.70,21,0,10,6,3,1,1,0,0,0,0
2021 Fall,WGS,4620,Black Feminist Theory,045126,"Keys,Domale",001,12888,College & Graduate Arts & Sci,3.46,16,0,0,9,6,0,0,1,0,0,0
2021 Fall,ITAL,1010,Elementary Italian I,020555,"Bonino,Nicole",002,10536,College & Graduate Arts & Sci,3.86,20,4,11,3,1,0,1,0,0,0,0
2021 Fall,MISC,4010,Msn Command & Army Profession,024260,"Shannon,Brenden",001,17437,Executive VP & Provost,3.95,13,0,11,2,0,0,0,0,0,0,0
2021 Fall,CHE,6615,Advanced Thermodynamics,005511,"Giri,Gaurav",600,20409,Engineering & Applied Science,2.86,5,0,0,0,2,1,1,0,1,0,0
2021 Fall,APMA,3120,Statistics,001154,"Lark,James",003,16491,Engineering & Applied Science,2.65,40,0,4,7,8,2,5,2,5,1,6
2021 Fall,APMA,2501,Special Topics in APMA,044139,"Morris,Diana",002,19811,Engineering & Applied Science,3.40,32,1,9,10,4,3,2,1,1,0,1
2021 Fall,MDST,7803,Computational Media,045785,"Driscoll,Kevin",001,18327,College & Graduate Arts & Sci,3.90,6,0,4,2,0,0,0,0,0,0,0
2021 Fall,ENGL,2527,Shakespeare,012510,"Maus,Katharine",001,18487,College & Graduate Arts & Sci,3.36,18,0,5,7,2,1,1,1,0,0,1
2021 Fall,EDIS,5400,Tchng English in Secondary Sch,009455,"Heny,Natasha",1,15354,School of Education and HumanDev,3.88,19,0,15,2,1,1,0,0,0,0,0
2021 Fall,ACCT,5210,Introductory Auditing,000190,"Evans,Richard",701,20305,Continuing & Prof Studies,3.27,15,0,1,5,3,3,2,1,0,0,0
2021 Fall,GETR,3462,Neighbors and Enemies,040842,"Achilles,Manuela",001,18414,College & Graduate Arts & Sci,3.89,16,0,10,6,0,0,0,0,0,0,0
2021 Fall,ECON,3010,Intermediate Microeconomics,007908,"Johnson,William",300,18711,College & Graduate Arts & Sci,3.17,55,6,7,6,13,5,7,7,2,1,1
2021 Fall,LAW,9335,Gender Violence: Law & Policy,045967,"Greenspan,Geri",1,19249,School of Law,3.52,17,0,3,5,8,1,0,0,0,0,0
2021 Fall,BIOL,4280,Genetics of Behavior,042552,"Hirsh,Jay",001,19018,College & Graduate Arts & Sci,3.30,21,1,2,7,3,3,3,1,1,0,0
2021 Fall,LAW,6007,Torts,021571,"Cope,Kevin",1FH,19116,School of Law,3.40,77,0,4,25,35,10,3,0,0,0,0
2021 Fall,CE,2300,Statics,004438,"Pindera,Marek-Jerzy",001,16064,Engineering & Applied Science,2.83,25,2,4,2,3,4,3,0,4,0,3
2021 Fall,CS,5012,Foundations Computer Science,043283,"Alvarado,Rafael Candido",001,19028,Engineering & Applied Science,3.95,58,5,44,8,1,0,0,0,0,0,0
2021 Fall,MAE,6100,Thermomechanics,022648,"Esfarjani,Keivan",001,16889,Engineering & Applied Science,3.20,10,1,3,0,0,3,1,1,1,0,0
2021 Fall,PSPM,5030,Intro to Project Mgmt,029786,"Kropp,Edward",701,20320,Continuing & Prof Studies,3.64,21,1,11,6,1,1,0,0,0,0,1
2021 Fall,SPAN,2020,Advanced Intermediate Spanish,035854,"Ballesta,Marina Escamez",022,13094,College & Graduate Arts & Sci,3.37,18,0,7,2,4,0,4,0,0,0,1
2021 Fall,HIUS,3490,From Motown to Hip-Hop,044990,"Harold,Claudrena",100,13753,College & Graduate Arts & Sci,3.67,116,0,52,30,23,7,2,2,0,0,0
2021 Fall,AMST,3280,Intro to Native Studies,046072,"Jernigan,Kasey",001,19003,College & Graduate Arts & Sci,4.00,17,8,9,0,0,0,0,0,0,0,0
2021 Fall,LAW,6106,Federal Income Tax,021658,"Yale,Ethan",1,19115,School of Law,3.54,21,0,9,5,3,3,0,0,0,0,1
2021 Fall,SARC,1500,SARC Seminars,044199,"Reilly,Lisa",002,19074,School of Architecture,3.89,17,4,8,4,1,0,0,0,0,0,0
2021 Fall,ANTH,3155,Anth of Everyday American Life,000762,"Damon,Frederick",001,18558,College & Graduate Arts & Sci,3.53,14,1,2,6,3,1,0,1,0,0,0
2021 Fall,ENGL,8820,Critical Methods,040734,"Ogden,Emily",001,18488,College & Graduate Arts & Sci,3.94,14,0,11,3,0,0,0,0,0,0,0
2021 Fall,CHEM,1410,Intro College Chemistry I,005649,"Welch,Kevin",400,19668,College & Graduate Arts & Sci,3.48,466,2,154,118,75,64,19,20,7,6,1
2021 Fall,CS,4102,Algorithms,006918,"Floryan,Mark",002,16221,Engineering & Applied Science,3.30,137,41,26,24,3,7,15,3,6,0,12
2021 Fall,FREN,2010,Intermediate French I,014315,"Lee,Loren",001,12407,College & Graduate Arts & Sci,3.56,17,0,9,5,0,0,1,0,1,0,1
2021 Fall,KINE,4400,Nutrition & the Athlete,044197,"Bird,Randy",1,15073,School of Education and HumanDev,3.57,57,2,14,19,14,4,4,0,0,0,0
2021 Fall,ENGL,3971,History of Drama I,012157,"Parker,John",001,18489,College & Graduate Arts & Sci,3.19,13,0,0,7,3,1,1,0,0,0,1
2021 Fall,ENWR,2520,Special Topics in Writing,013448,"Allison,Kiera",004,12900,College & Graduate Arts & Sci,3.85,12,0,6,6,0,0,0,0,0,0,0
2021 Fall,LASE,3110,Analysis and Research,041030,"Rose,Kevin",002,19884,College & Graduate Arts & Sci,3.21,14,0,3,4,2,1,1,2,0,0,1
2021 Fall,EDHS,2840,Intro to Youth & Social Innov,044391,"Levy,Melissa",1,15099,School of Education and HumanDev,3.89,40,3,28,8,0,0,0,0,1,0,0
2021 Fall,MUSI,3350,Deep Listening,045717,"Maus,Fred",001,14354,College & Graduate Arts & Sci,3.50,16,0,14,0,0,0,0,0,0,0,2
2021 Fall,EDLF,4620,Human Rights Activism & Educ,043726,"Frankel,Andrew",1,15378,School of Education and HumanDev,3.13,16,1,3,4,3,0,2,1,0,1,1
2021 Fall,PHS,7010,Fundamentals of Epidemiology,030365,"Eby,Jean",001,18091,Medical School - BIMS/PHS,3.73,71,4,31,18,14,4,0,0,0,0,0
2021 Fall,PLAP,4500,Special Topics,031588,"Kromkowski,Charles",005,18394,College & Graduate Arts & Sci,3.57,15,0,6,4,1,2,2,0,0,0,0
2021 Fall,RELG,3820,Global Ethics & Climate Change,043097,"Jenkins,Willis",001,18770,College & Graduate Arts & Sci,3.89,58,6,34,17,0,0,1,0,0,0,0
2021 Fall,EDIS,5138,Advanced Topics in ABA,046007,"Ingvarsson,Einar",500,18440,School of Education and HumanDev,3.84,10,3,5,1,0,0,1,0,0,0,0
2021 Fall,SPAN,4700,Spanish Culture & Civilization,035932,"Wellbeloved,Elizabeth A.",501,18224,College & Graduate Arts & Sci,3.84,10,1,5,3,1,0,0,0,0,0,0
2021 Fall,LAW,7795,Art Law (SC),045602,"Oliar,Dotan",1,19230,School of Law,3.41,8,0,1,2,3,2,0,0,0,0,0
2021 Fall,COMM,2730,Personal Finance,006451,"Kelly,Dorothy",001,14629,McIntire School of Commerce,3.84,32,0,21,7,3,1,0,0,0,0,0
2021 Fall,ISCP,3991,Capstone Project I,043821,"May,Julia",101,20251,Continuing & Prof Studies,3.82,23,10,7,4,0,1,0,0,1,0,0
2021 Fall,EGMT,1520,Empirical Engagement,044513,"Kucenas,Sarah",202,12566,College & Graduate Arts & Sci,3.70,34,0,30,0,0,1,1,0,0,0,2
2021 Fall,MATH,1210,A survey of Calculus I,022944,"Craig,William",300,10571,College & Graduate Arts & Sci,2.95,36,0,2,9,5,7,5,4,0,1,3
2021 Fall,SYS,6581,Selected Topics in Sys Engr,036978,"Hayes,Roy",006,16677,Engineering & Applied Science,3.92,9,1,7,0,1,0,0,0,0,0,0
2021 Fall,CS,3330,Computer Architecture,006902,"Reiss,Charles",002,16222,Engineering & Applied Science,3.29,200,9,50,41,30,28,13,11,9,2,7
2021 Fall,CS,2110,Software Development Methods,006871,"Morrison,Briana",004,16379,Engineering & Applied Science,3.54,66,12,31,5,6,6,0,1,1,0,4
2021 Fall,EDHS,4300,Psycholinguistics & Communictn,042430,"Loncke,Filip",1,14922,School of Education and HumanDev,3.78,137,5,79,35,8,6,2,0,1,0,1
2021 Fall,PLIR,3500,Special Topics,031819,"Niblock,Elliott",001,12584,College & Graduate Arts & Sci,3.74,27,0,14,9,1,2,0,1,0,0,0
2021 Fall,STS,5500,Topics in Technology & Society,040702,"Berne,Rosalyn",001,16472,Engineering & Applied Science,3.26,5,0,1,1,2,0,0,0,1,0,0
2021 Fall,EDIS,7700,Reading Found Diverse Learners,009522,"Thacker-Gwaltney,Susan",500,17554,School of Education and HumanDev,3.94,24,0,19,5,0,0,0,0,0,0,0
2021 Fall,ENGR,1624,Introduction to Engineering,045087,"Barker,Shannon",005,16456,Engineering & Applied Science,3.87,30,6,18,4,1,0,0,0,1,0,0
2021 Fall,KINE,5480,Exercise Interven in Disease,009285,"Swift,Damon",001,14800,School of Education and HumanDev,3.75,15,0,9,2,3,1,0,0,0,0,0
2021 Fall,CS,2150,Program & Data Representation,006881,"Floryan,Mark",003,16480,Engineering & Applied Science,2.81,145,2,32,19,16,20,9,14,12,1,20
2021 Fall,EDLF,3895,Front Lines of Social Change I,046349,"Brackins,Genevieve",1,19999,School of Education and HumanDev,3.89,30,1,26,1,0,1,0,0,1,0,0
2021 Fall,GDS,3114,"Science, Tech & Development",043964,"Edmunds,David",001,13951,College & Graduate Arts & Sci,3.93,44,8,30,3,3,0,0,0,0,0,0
2021 Fall,MATH,1210,A survey of Calculus I,022944,"Cernekova,Kristina",600,12599,College & Graduate Arts & Sci,2.73,34,0,3,7,7,2,6,2,1,0,6
2021 Fall,EDHS,8350,SC Leadership & Consultation,044326,"Williams,Joseph",1,15259,School of Education and HumanDev,3.97,22,5,15,2,0,0,0,0,0,0,0
2021 Fall,EDLF,6010,Higher Ed Finance & Budget,009795,"Leffers,Robert",1,15121,School of Education and HumanDev,3.71,26,0,14,7,2,1,1,1,0,0,0
2021 Fall,EDIS,7852,Seminar: Reading Research,039488,"Cohen,Julie",1,15174,School of Education and HumanDev,3.83,8,0,6,0,2,0,0,0,0,0,0
2021 Fall,SPAN,4040,Translation Spanish to English,035927,"Wellbeloved,Elizabeth A.",501,18222,College & Graduate Arts & Sci,3.34,15,0,6,2,2,1,3,0,0,0,1
2021 Fall,CS,4630,Defense Against the Dark Arts,038715,"Davidson,Jack",001,16097,Engineering & Applied Science,3.43,42,0,21,5,3,5,3,1,1,2,1
2021 Fall,COMM,3030,Quantitative & Finan Analysis,006455,"Baglioni,Anthony",001,14649,McIntire School of Commerce,3.32,52,2,5,11,21,7,5,0,0,0,1
2021 Fall,SPAN,2010,Intermediate Spanish,035853,"Martinez,Winnie Perez",024,14193,College & Graduate Arts & Sci,3.48,17,0,3,7,3,2,2,0,0,0,0
2021 Fall,GNUR,6641,FNP Seminar I,044787,"Eastham,Linda",001,17276,School of Nursing,3.76,13,0,6,6,0,0,1,0,0,0,0
2021 Fall,PSYC,4607,Human Social Cognition,045516,"Grossmann,Tobias",001,13387,College & Graduate Arts & Sci,3.94,19,3,12,4,0,0,0,0,0,0,0
2021 Fall,NESC,7010,Foundations of Neuroimmunology,044042,"Harris,Tajie",001,18047,Medical School - BIMS/PHS,3.97,10,1,8,1,0,0,0,0,0,0,0
2021 Fall,CHIN,1010,Elementary Chinese,006047,"Wang,Jun",003,10350,College & Graduate Arts & Sci,3.44,14,2,4,2,4,0,0,1,0,0,1
2021 Fall,CS,4414,Operating Systems,006914,"Kwon,Yonghwi",001,15437,Engineering & Applied Science,3.17,101,16,23,7,15,13,10,6,2,2,7
2021 Fall,COMM,3030,Quantitative & Finan Analysis,006455,"Yung,Christopher",008,14646,McIntire School of Commerce,3.38,50,0,8,14,11,12,3,2,0,0,0
2021 Fall,PLPT,8500,Special Topics,040870,"Balfour,Lawrie",001,13878,College & Graduate Arts & Sci,3.83,13,0,8,4,0,1,0,0,0,0,0
2021 Fall,SPAN,2020,Advanced Intermediate Spanish,035854,"Garcia,Zaida Villanueva",008,11022,College & Graduate Arts & Sci,3.64,17,2,6,5,1,2,0,0,1,0,0
2021 Fall,PLAP,4360,Campaigns and Elections,031593,"Stroupe,Kenneth",001,14295,College & Graduate Arts & Sci,3.65,16,0,4,7,5,0,0,0,0,0,0
2021 Fall,JAPN,1010,First-Year Japanese I,020740,"Ito,Takuya",004,10547,College & Graduate Arts & Sci,3.16,11,0,2,4,1,2,0,0,1,0,1
2021 Fall,COMM,4559,New Course: COMM,040853,"Wilhelm,William",002,20078,McIntire School of Commerce,3.81,10,3,3,3,0,1,0,0,0,0,0
2021 Fall,MUSI,2600,Jazz Improvisation,024777,"Dearth,John",001,11531,College & Graduate Arts & Sci,3.86,14,0,10,3,0,1,0,0,0,0,0
2021 Fall,CHEM,2311,Org Chem Lab I Non Chem Major,043154,"Chruma,Jason",009,12847,College & Graduate Arts & Sci,3.84,36,1,22,10,2,0,1,0,0,0,0
2021 Fall,CHEM,1411,Intro College Chem I Lab,005986,"Morkowchuk,Lisa",017,10992,College & Graduate Arts & Sci,3.81,23,11,4,7,0,0,0,0,0,1,0
2021 Fall,ENWR,1510,Writing and Critical Inquiry,013432,"Ard,DeVan",048,12273,College & Graduate Arts & Sci,3.89,15,0,13,0,1,1,0,0,0,0,0
2021 Fall,ENWR,1510,Writing and Critical Inquiry,013432,"Dierdorff,Hannah",050,12275,College & Graduate Arts & Sci,3.91,16,0,11,5,0,0,0,0,0,0,0
2021 Fall,ENWR,1510,Writing and Critical Inquiry,013432,"Adams,Hodges",049,12274,College & Graduate Arts & Sci,3.75,17,0,8,6,2,1,0,0,0,0,0
2021 Fall,STAT,2020,Statistics for Biologists,039999,"Ferrara,Maria",003,12306,College & Graduate Arts & Sci,3.66,114,24,41,17,7,16,7,1,1,0,0
2021 Fall,ENWR,1510,Writing and Critical Inquiry,013432,"pardes,Gahl Pratt",072,13019,College & Graduate Arts & Sci,3.93,18,0,15,2,1,0,0,0,0,0,0
2021 Fall,ELA,2610,Lbrl Arts Health Professions,044617,"Sauerwein,Kimberly",001,12846,College & Graduate Arts & Sci,3.81,48,3,33,8,1,2,0,0,0,0,1
2021 Fall,STAT,3220,Intro to Regression Analysis,040001,"Varanyak,Krista",002,12279,College & Graduate Arts & Sci,3.72,74,0,51,14,3,1,1,1,0,0,3
2021 Fall,ARAB,2250,Conversational Arabic I,001288,"Sawaie,Mohammed",001,11015,College & Graduate Arts & Sci,3.83,15,0,11,2,0,2,0,0,0,0,0
2021 Fall,PLAP,4180,Pol Advertising and Democracy,039589,"Freedman,Paul",001,12922,College & Graduate Arts & Sci,3.86,15,0,8,7,0,0,0,0,0,0,0
2021 Fall,CHEM,1411,Intro College Chem I Lab,005986,"Morkowchuk,Lisa",041,12876,College & Graduate Arts & Sci,3.34,24,7,6,3,1,1,2,1,0,1,2
2021 Fall,PHYS,1110,Energy this World & Elsewhere,030782,"Paschke,Kent",001,12487,College & Graduate Arts & Sci,3.32,43,0,9,8,9,8,7,2,0,0,0
2021 Fall,CHEM,1411,Intro College Chem I Lab,005986,"Morkowchuk,Lisa",003,10984,College & Graduate Arts & Sci,3.48,23,11,0,6,0,0,3,1,0,2,0
2021 Fall,SPAN,2020,Advanced Intermediate Spanish,035854,"Garcia,Zaida Villanueva",018,12178,College & Graduate Arts & Sci,3.66,17,0,8,5,1,1,2,0,0,0,0
2021 Fall,ELA,2110,Academic Success Strategies,044987,"LaFleur,Jennifer",001,12796,College & Graduate Arts & Sci,3.59,12,0,5,3,0,4,0,0,0,0,0
2021 Fall,PLAP,2250,American Political Tradition,031555,"Charette,Danielle",002,12954,College & Graduate Arts & Sci,3.34,16,0,3,2,8,1,1,0,1,0,0
2021 Fall,JAPN,1010,First-Year Japanese I,020740,"Marshall,Tomoko",001,10544,College & Graduate Arts & Sci,3.64,13,1,5,2,3,2,0,0,0,0,0
2021 Fall,CHIN,3010,Pre-Advanced Chinese I,006059,"Wang,Rui",002,10353,College & Graduate Arts & Sci,3.53,10,0,7,0,1,0,0,1,0,1,0
2021 Fall,GERM,2020,Intermediate German,015679,"Parker,Stefanie",001,13023,College & Graduate Arts & Sci,3.63,10,0,6,0,2,1,1,0,0,0,0
2021 Fall,EDIS,3040,Foundations of Early Child Edu,042221,"Neesen,Kathy",500,17514,School of Education and HumanDev,3.95,24,10,12,1,0,1,0,0,0,0,0
2021 Fall,CS,2120,Discrete Math and Theory 1,046227,"Sullivan,Kevin",003,19807,Engineering & Applied Science,3.20,80,22,13,4,9,9,8,2,3,6,4
2021 Fall,GCOM,7010,Global Strategy and Systems,038175,"Harris,Ira",001,14678,McIntire School of Commerce,3.35,75,0,12,12,29,16,4,2,0,0,0
2021 Fall,EGMT,1530,Engaging Differences,044514,"Braun,Herbert",100,14484,College & Graduate Arts & Sci,3.71,28,12,14,0,0,0,0,0,0,0,2
2021 Fall,STS,2760,Tech&Policy:Intent Meets Proc,043899,"Whitfield,Milton",001,16592,Engineering & Applied Science,3.69,35,0,14,19,0,1,0,0,0,0,1
2021 Fall,ISHU,3304,Films of Welles and Hitchcock,041642,"Moon,Hyeyon",101,20253,Continuing & Prof Studies,3.56,14,0,7,5,1,0,0,0,0,0,1
2021 Fall,COMM,1800,Foundations of Commerce,006438,"Hoopes,Charlotte",002,14709,McIntire School of Commerce,3.48,165,10,34,49,34,25,7,2,2,0,2
2021 Fall,ISHU,3623,Studio Art Seminar: Painting,041208,"Andrews,George",101,20254,Continuing & Prof Studies,4.00,30,20,10,0,0,0,0,0,0,0,0
2021 Fall,ECON,8320,Public Economics II,008062,"Friedberg,Leora",001,19715,College & Graduate Arts & Sci,3.74,5,1,1,2,1,0,0,0,0,0,0
2021 Fall,EDIS,5235,Dyslexia and the Classroom,044551,"Hauser,Lauren",500,17589,School of Education and HumanDev,3.67,20,0,15,2,1,0,1,0,0,0,1
2021 Fall,EGMT,1510,Engaging Aesthetics,044512,"Fredner,Erik",100,14482,College & Graduate Arts & Sci,3.91,20,0,16,3,0,1,0,0,0,0,0
2021 Fall,SOC,4559,New Course: SOC,040344,"Aviles,Natalie",003,18378,College & Graduate Arts & Sci,3.92,20,1,15,3,1,0,0,0,0,0,0
2021 Fall,PLPT,4500,Special Topics,031937,"Rubenstein,Jennifer",001,14488,College & Graduate Arts & Sci,3.58,15,0,6,4,3,1,0,0,1,0,0
2021 Fall,STS,4500,STS and Engineering Practice,036749,"Seabrook,Bryn",013,15967,Engineering & Applied Science,3.71,34,0,2,31,1,0,0,0,0,0,0
2021 Fall,CS,6501,Spec Top: Computer Science,006981,"Campbell,Brad",007,16501,Engineering & Applied Science,3.97,10,3,6,1,0,0,0,0,0,0,0
2021 Fall,HIEA,3162,Historical China and the World,043554,"Liu,Xiaoyuan",001,18306,College & Graduate Arts & Sci,3.34,28,0,5,9,6,3,1,3,0,1,0
2021 Fall,GCOM,7342,Judgment & Decsn Makg in Acc,044608,"Winchel,Jennifer",001,14735,McIntire School of Commerce,3.71,17,0,8,4,4,1,0,0,0,0,0
2021 Fall,GCOM,7430,Tax of Part/Flow Thr Entities,015408,"Porter,Susan",001,14677,McIntire School of Commerce,3.38,10,1,0,4,0,5,0,0,0,0,0
2021 Fall,RELJ,3490,Jewish Weddings,043618,"Ochs,Vanessa",100,18784,College & Graduate Arts & Sci,3.87,59,5,40,9,3,1,0,1,0,0,0
2021 Fall,MUSI,3310,Theory I,024801,"Maus,Fred",001,14286,College & Graduate Arts & Sci,3.57,23,7,10,2,2,0,0,0,0,0,2
2021 Fall,PLAP,4500,Special Topics,031588,"Kelley,Allison",004,14410,College & Graduate Arts & Sci,3.81,19,5,8,3,2,0,1,0,0,0,0
2021 Fall,GCOM,7320,Accounting Policy,015399,"Lefanowicz,Craig",2,14715,McIntire School of Commerce,3.46,24,0,5,6,7,5,1,0,0,0,0
2021 Fall,BME,4806,Biomed Applctn Genetic Engr,004073,"French,Brent",001,16111,Engineering & Applied Science,3.16,19,0,2,3,4,6,2,1,1,0,0
2021 Fall,ECE,6660,Analog Integrated Circuits,007727,"Bowers,Steven",001,18774,Engineering & Applied Science,3.18,10,0,4,4,0,0,0,0,0,0,2
2021 Fall,ECE,3209,Electromagnetic Fields,007677,"Zebarjadi,Mona",001,16102,Engineering & Applied Science,2.81,41,3,6,3,3,8,4,3,4,2,5
2021 Fall,GNUR,7311,AG ACCNS Practicum I,037475,"Quatrara,Beth",001,17183,School of Nursing,3.93,8,0,6,2,0,0,0,0,0,0,0
2021 Fall,PSPM,5200,"Proj Sched, Cost & Budg Contrl",029796,"Yates,William",701,20321,Continuing & Prof Studies,3.69,21,4,12,2,0,2,0,0,0,0,1
2021 Fall,STS,4500,STS and Engineering Practice,036749,"Ramakrishnan,Adarsh",022,16035,Engineering & Applied Science,3.43,32,0,6,13,4,5,2,0,2,0,0
2021 Fall,PLAN,6120,Digital Tech for Plan II GIS,045554,"Wilson,Bev",001,20079,School of Architecture,3.82,29,6,11,8,4,0,0,0,0,0,0
2021 Fall,COMM,5700,Financial Trading,006559,"Webb,Robert",001,14704,McIntire School of Commerce,3.59,30,1,7,10,10,1,1,0,0,0,0
2021 Fall,SYS,4044,Engr Economic Systems,036912,"Lark,James",001,16110,Engineering & Applied Science,3.65,12,0,4,5,1,2,0,0,0,0,0
2021 Fall,CE,6035,Leadership and Negotiation,046364,"Lownsbury,Bradley",001,19996,Engineering & Applied Science,3.91,7,1,4,2,0,0,0,0,0,0,0
2021 Fall,MSE,6592,Topics in Material Science,024433,"Cai,Liheng",004,18848,Engineering & Applied Science,3.79,11,3,3,3,2,0,0,0,0,0,0
2021 Fall,COMM,4790,Fundamentals of R.E. Analysis,006542,"Korgaonkar,Sanket",001,14675,McIntire School of Commerce,3.18,20,0,3,4,9,1,0,0,1,0,2
2021 Fall,CS,6501,Spec Top: Computer Science,006981,"Heo,Seongkook",001,16591,Engineering & Applied Science,3.70,59,1,29,19,3,3,1,2,0,1,0
2021 Fall,ENGR,1624,Introduction to Engineering,045087,"Dart,Dwight",017,16680,Engineering & Applied Science,3.92,38,11,21,5,0,0,0,1,0,0,0
2021 Fall,EDHS,2240,Substance Abuse,009090,"Pleszkoch,Elisabeth",001,14785,School of Education and HumanDev,3.69,71,0,41,14,4,4,7,1,0,0,0
2021 Fall,MAE,3230,Thermal Fluids Laboratory,045222,"Smith,Natasha",001,16602,Engineering & Applied Science,3.90,94,12,63,12,3,4,0,0,0,0,0
2021 Fall,SYS,6064,Applied Human Factors Engr,037681,"Gerling,Gregory",700,16652,Engineering & Applied Science,3.88,15,2,7,6,0,0,0,0,0,0,0
2021 Fall,LPPL,7410,Psychology for Leadership,041246,"Converse,Benjamin",001,18950,Batten Leadership & Public Pol,3.59,44,3,11,12,12,6,0,0,0,0,0
2021 Fall,BIOL,4270,Animal Behavior Laboratory,003614,"Kawasaki,Masashi",002,19765,College & Graduate Arts & Sci,3.98,17,1,15,1,0,0,0,0,0,0,0
2021 Fall,LAW,7009,Criminal Procedure Survey,021819,"Bowers,Josh",1,19259,School of Law,3.63,27,1,6,11,7,2,0,0,0,0,0
2021 Fall,ENGL,2506,Studies in Poetry,012488,"Martello,Matthew",001,18374,College & Graduate Arts & Sci,3.61,17,4,5,3,2,1,1,0,1,0,0
2021 Fall,GCOM,7641,Communicating Eff as Acct Prof,039826,"Pentz,Marcia",1,14716,McIntire School of Commerce,3.65,24,0,7,9,8,0,0,0,0,0,0
2021 Fall,MDST,3504,Topics in Global Media,042990,"Hamilton,Jack",001,17692,College & Graduate Arts & Sci,3.82,30,0,18,8,3,1,0,0,0,0,0
2021 Fall,EGMT,1540,Ethical Engagement,044515,"Ferguson,Andrew",110,20138,College & Graduate Arts & Sci,3.79,60,12,35,8,3,0,0,0,0,0,2
2021 Fall,CS,3240,Advanced Software Development,006903,"Sherriff,Mark",002,16589,Engineering & Applied Science,3.69,146,1,73,39,21,5,2,2,0,2,1
2021 Fall,COMM,1100,Understand-World of Business,044601,"Kemp,Robert",001,14733,McIntire School of Commerce,3.34,49,0,22,7,4,7,2,0,2,1,4
2021 Fall,GCOM,7451,Federal Taxation,046002,"Porter,Susan",001,14782,McIntire School of Commerce,3.21,14,1,2,1,4,2,2,2,0,0,0
2021 Fall,COMM,5130,Advanced Financial Accounting,006554,"YU,Yingri",002,14713,McIntire School of Commerce,3.34,27,0,5,9,3,3,5,2,0,0,0
2021 Fall,COMM,4380,Consumer Behav & Mktg Strategy,006522,"Cheema,Amar",002,14705,McIntire School of Commerce,3.39,40,2,6,9,10,8,5,0,0,0,0
2021 Fall,ECE,2660,ECE Fundamentals II,007673,"Barnes,Adam",001,16101,Engineering & Applied Science,3.46,17,0,6,6,1,1,0,1,2,0,0
2021 Fall,CHE,6625,Transport Processes,005513,"Lazzara,Matthew",001,16181,Engineering & Applied Science,3.25,16,0,3,2,4,5,1,0,0,1,0
2021 Fall,BME,4641,Bioelectricity,004079,"Helmke,Brian",001,19717,Engineering & Applied Science,3.03,19,0,5,2,2,6,0,1,1,0,2
2021 Fall,BIOL,4310,Sensory Neurobiology,003618,"Provencio,Ignacio",001,18949,College & Graduate Arts & Sci,3.11,29,0,6,3,6,6,4,2,0,0,2
2021 Fall,ISSS,4050,American Society and War,020486,"Haury,Clifford",101,20279,Continuing & Prof Studies,3.12,24,2,8,4,1,3,2,1,0,0,3
2021 Fall,CHEM,1411,Intro College Chem I Lab,005986,"Morkowchuk,Lisa",021,10996,College & Graduate Arts & Sci,3.46,23,9,3,3,1,0,5,1,0,0,1
2021 Fall,EDIS,5770,Soc/Em Issues in Talent Dev,045469,"Missett,Tracy",500,17545,School of Education and HumanDev,3.89,19,11,6,1,0,0,0,1,0,0,0
2021 Fall,RELG,1500,Intro Sem Religious Studies,034137,"Hoehler-Fatton,Cynthia",001,18759,College & Graduate Arts & Sci,3.69,16,0,8,4,2,1,1,0,0,0,0
2021 Fall,NUCO,2210,Foundations of Nursing CARE,043099,"Campbell,Cathy",002,17229,School of Nursing,3.93,30,0,23,7,0,0,0,0,0,0,0
2021 Fall,PSYC,3210,RM: Psychobiology Laboratory,032553,"Clabough,Erin",001,12457,College & Graduate Arts & Sci,3.67,22,0,11,5,3,1,2,0,0,0,0
2021 Fall,ARTH,3591,Art History Colloquium,042072,"Rogers,Dylan",004,18602,College & Graduate Arts & Sci,3.69,15,1,11,2,0,0,0,0,0,0,1
2021 Fall,ECE,6711,Probability & Stochastic Proc,007711,"Sidiropoulos,Nikolaos",001,16639,Engineering & Applied Science,2.72,23,2,5,0,0,3,1,0,8,4,0
2021 Fall,SLTR,3500,Slavic in Translation,044154,"Urbanovich,Yuri",001,13167,College & Graduate Arts & Sci,3.97,27,0,24,3,0,0,0,0,0,0,0
2021 Fall,SOC,2595,Special Topics in Sociology,041382,"Vickerman,Milton",100,12395,College & Graduate Arts & Sci,3.41,59,0,22,13,10,7,0,2,2,0,3
2021 Fall,GNUR,6643,FNP Practicum I,045106,"Yost,Terri",001,17284,School of Nursing,3.92,16,0,14,1,0,1,0,0,0,0,0
2021 Fall,EDHS,7270,Research in Counseling,009210,"Walsh,Robyn",001,14881,School of Education and HumanDev,3.87,22,6,9,6,0,1,0,0,0,0,0
2021 Fall,HIST,2214,The Cold War,045128,"Hitchcock,William",100,18273,College & Graduate Arts & Sci,3.45,166,13,40,49,20,20,14,3,3,2,2
2021 Fall,COMM,4720,Adv Corp Finance: Val & Restr,006541,"Schenone,Carola",003,14780,McIntire School of Commerce,3.45,19,0,11,0,2,2,1,1,2,0,0
2021 Fall,FREN,4560,Adv Topics: 19th-C Literature,014390,"Lyu,Claire",001,17713,College & Graduate Arts & Sci,3.65,19,0,17,0,0,0,0,0,0,0,2
2021 Fall,BIOL,3450,Biodiversity and Conservation,003565,"Manson,Jessamyn",001,12444,College & Graduate Arts & Sci,3.41,99,0,19,32,27,12,2,0,3,3,1
2021 Fall,ECE,6501,Topics: Elect & Computer Engr,007731,"Zhang,Miaomiao",601,20556,Engineering & Applied Science,3.04,8,0,4,0,1,1,0,0,1,0,1
2021 Fall,CS,2150,Program & Data Representation,006881,"Bloomfield,Aaron",002,16194,Engineering & Applied Science,2.88,158,1,36,30,19,21,9,9,5,6,22
2021 Fall,GNUR,5390,Intro. to U.S. Healthcare,043722,"Mayes,Rick",001,17233,School of Nursing,3.92,65,3,48,12,1,1,0,0,0,0,0
2021 Fall,LPPL,7025,Values-Based Leadership,042195,"Adams,Gabrielle",001,17101,Batten Leadership & Public Pol,3.78,48,0,30,11,4,1,1,0,1,0,0
2021 Fall,APMA,3150,From Data to Knowledge,044104,"Guadagni,Gianluca",001,16182,Engineering & Applied Science,3.73,45,5,19,11,5,4,1,0,0,0,0
2021 Fall,NUCO,2130,Therapeutic Prin of Nrsg Care,029370,"Logan,Jeongok",001,17159,School of Nursing,3.70,91,3,37,32,9,7,2,0,1,0,0
2021 Fall,LPPA,7220,Adv Topics Impact Evaluation,045119,"Hudson,Sally",001,17076,Batten Leadership & Public Pol,3.92,17,0,14,2,1,0,0,0,0,0,0
2021 Fall,PC,5060,Fed Acquisition Case Studies,029789,"Fischetti,Michael P",750,20592,Continuing & Prof Studies,3.78,12,1,6,3,1,1,0,0,0,0,0
2021 Fall,PLAN,6813,Community-Engaged Methods,046274,"Wilson,Barbara",001,18959,School of Architecture,4.00,7,2,5,0,0,0,0,0,0,0,0
2021 Fall,ISLS,3000,Transformations: Liberal Arts,044252,"Horton,David",101,20616,Continuing & Prof Studies,3.33,17,0,7,2,3,3,0,1,0,0,1
2021 Fall,COMM,3220,DB Mgmt Sys & Bus Intellignce,006500,"Sarker,Suprateek",002,14701,McIntire School of Commerce,3.74,28,0,19,5,1,0,1,1,1,0,0
2021 Fall,HIEU,3372,German Jewish Cult & History,041369,"Grossman,Jeffrey",001,14442,College & Graduate Arts & Sci,3.71,34,2,14,9,6,3,0,0,0,0,0
2021 Fall,EDIS,2010,Teaching as a Profession,009383,"Chabalengula,Vivien",2,20726,School of Education and HumanDev,3.74,38,2,31,1,1,0,0,0,0,1,2
2021 Fall,PLAN,3813,Community-Engaged Methods,046273,"Wilson,Barbara",001,18958,School of Architecture,3.95,13,3,8,2,0,0,0,0,0,0,0
2021 Fall,CJ,5020,Behav Analysis as Decsn-Supprt,045229,"Dover,Thomas J.",01,21337,Continuing & Prof Studies,3.97,10,1,8,1,0,0,0,0,0,0,0
2021 Fall,ENGR,1624,Introduction to Engineering,045087,"Dart,Dwight",018,16681,Engineering & Applied Science,3.87,39,17,16,2,1,2,0,1,0,0,0
2021 Fall,BME,2315,Computational BME,004067,"Saucerman,Jeffrey",001,15818,Engineering & Applied Science,3.35,47,3,18,7,8,5,1,0,0,0,5
2021 Fall,MUSI,2350,Technosonics: Digital Music,024769,"Dahl,Luke",100,14269,College & Graduate Arts & Sci,3.89,213,47,131,17,7,6,1,3,1,0,0
2021 Fall,GETR,3390,Nazi Germany,015971,"Achilles,Manuela",100,18405,College & Graduate Arts & Sci,3.72,12,0,2,9,1,0,0,0,0,0,0
2021 Fall,GCOM,7030,Financial Accounting,038176,"Koch,Adam",001,14681,McIntire School of Commerce,3.39,75,0,19,12,9,31,4,0,0,0,0
2021 Fall,CHE,4449,Polymer Chem & Engineering,005468,"Lampe,Kyle",001,16100,Engineering & Applied Science,3.60,10,0,4,2,2,2,0,0,0,0,0
2021 Fall,CE,5020,Geographic Information Systems,004577,"Miller,John",600,19766,Engineering & Applied Science,3.84,8,2,4,1,0,1,0,0,0,0,0
2021 Fall,COMM,3010,Strategy and Systems,006453,"Marcel,Jeremy",005,14637,McIntire School of Commerce,3.50,51,3,4,15,28,0,1,0,0,0,0
2021 Fall,COMM,4710,Intermediate Investments,006538,"Sandas,Patrik",001,14670,McIntire School of Commerce,3.34,39,0,9,4,13,9,1,3,0,0,0
2021 Fall,COMM,4710,Intermediate Investments,006538,"Baker,Steven",004,14671,McIntire School of Commerce,3.36,38,0,10,13,3,3,4,3,0,1,1
2021 Fall,JAPN,3010,Third-Year Japanese I,020746,"Kawai,Mieko",001,10550,College & Graduate Arts & Sci,3.67,11,0,5,3,1,2,0,0,0,0,0
2021 Fall,CHE,6449,Polymer Chemistry &Engr,005520,"Lampe,Kyle",001,16099,Engineering & Applied Science,3.90,6,0,4,2,0,0,0,0,0,0,0
2021 Fall,CHEM,1411,Intro College Chem I Lab,005986,"Morkowchuk,Lisa",028,11003,College & Graduate Arts & Sci,3.85,24,21,1,0,0,0,1,0,0,1,0
2021 Fall,GETR,3372,German Jewish Cult & Histor,041371,"Grossman,Jeffrey",001,14441,College & Graduate Arts & Sci,3.47,12,2,1,3,4,1,0,1,0,0,0
2021 Fall,COMM,3020,Behavior Issues in Mktg & Mgmt,006454,"Black,Christina",002,14644,McIntire School of Commerce,3.59,50,1,9,22,14,4,0,0,0,0,0
2021 Fall,JAPN,1010,First-Year Japanese I,020740,"Ito,Takuya",003,10546,College & Graduate Arts & Sci,3.52,13,1,4,4,1,0,2,1,0,0,0
2021 Fall,ITAL,2010,Intermediate Italian I,020567,"Annunziato,Sarah",001,10541,College & Graduate Arts & Sci,3.67,15,0,5,6,3,1,0,0,0,0,0
2021 Fall,GCOM,7250,Product & Project Management,040143,"Maurer,Chris",1,14718,McIntire School of Commerce,3.50,55,0,8,20,20,6,1,0,0,0,0
2021 Fall,HIEA,2091,Korean Civilization to 1900,018294,"Seeley,Joseph",001,18314,College & Graduate Arts & Sci,3.91,41,0,30,10,1,0,0,0,0,0,0
2021 Fall,ENWR,3730,African American Rhetorics,045944,"Carey,Tamika",001,18648,College & Graduate Arts & Sci,3.66,16,0,3,10,2,1,0,0,0,0,0
2021 Fall,CHEM,1411,Intro College Chem I Lab,005986,"Morkowchuk,Lisa",019,10994,College & Graduate Arts & Sci,3.69,24,15,4,0,0,0,4,0,0,1,0
2021 Fall,STS,2730,Engineers & Art of the Deal,043897,"Whitfield,Milton",001,16183,Engineering & Applied Science,3.64,41,0,9,22,6,4,0,0,0,0,0
2021 Fall,COMM,1800,Foundations of Commerce,006438,"Hoopes,Charlotte",001,14708,McIntire School of Commerce,3.31,165,5,32,51,26,23,9,3,6,4,6
2021 Fall,STS,4500,STS and Engineering Practice,036749,"Foley,Rider",014,15869,Engineering & Applied Science,3.58,33,0,20,0,0,12,0,0,1,0,0
2021 Fall,CHEM,1411,Intro College Chem I Lab,005986,"Morkowchuk,Lisa",029,11004,College & Graduate Arts & Sci,3.93,24,15,6,2,0,1,0,0,0,0,0
2021 Fall,EDLF,6080,Education Policy,042736,"Schueler,Beth",1,15167,School of Education and HumanDev,3.64,8,0,1,5,2,0,0,0,0,0,0
2021 Fall,CE,2300,Statics,004438,"Xu,Baoxing",002,16332,Engineering & Applied Science,3.00,22,1,4,2,7,0,2,3,0,0,3
2021 Fall,PLAN,5205,Real Estate Affordable Housing,046198,"Bassett,Ellen",001,18291,School of Architecture,3.62,16,0,5,7,2,0,2,0,0,0,0
2021 Fall,CHEM,1411,Intro College Chem I Lab,005986,"Morkowchuk,Lisa",022,10997,College & Graduate Arts & Sci,3.53,24,2,10,6,1,2,1,0,0,1,1
2021 Fall,ARTS,2620,Drawing II,002837,"Taylor,Jackson P",001,18631,College & Graduate Arts & Sci,3.86,11,0,6,5,0,0,0,0,0,0,0
2021 Fall,COMM,3030,Quantitative & Finan Analysis,006455,"Baglioni,Anthony",002,14647,McIntire School of Commerce,3.35,50,2,9,9,18,8,2,0,0,0,2
2021 Fall,CS,4750,Database Systems,006934,"Praphamontripong,Upsorn",001,16142,Engineering & Applied Science,3.88,124,44,60,11,4,2,0,2,0,0,1
2021 Fall,SOC,4980,Distinguished Majors Thesis,035523,"Gorman,Elizabeth",001,13511,College & Graduate Arts & Sci,3.58,11,0,4,3,2,1,1,0,0,0,0
2021 Fall,CHEM,1411,Intro College Chem I Lab,005986,"Morkowchuk,Lisa",025,11000,College & Graduate Arts & Sci,3.82,24,20,1,1,1,0,0,0,0,0,1
2021 Fall,JAPN,2010,Second-Year Japanese I,020742,"Ito,Takuya",003,10549,College & Graduate Arts & Sci,3.67,14,0,7,3,2,1,1,0,0,0,0
2021 Fall,ECON,4020,Auction Theory and Practice,007944,"Aryal,Gaurab",001,13301,College & Graduate Arts & Sci,3.37,21,5,10,2,1,0,0,0,0,0,3
2021 Fall,STS,4500,STS and Engineering Practice,036749,"Jacques,Richard",008,15866,Engineering & Applied Science,3.97,33,21,10,1,1,0,0,0,0,0,0
2021 Fall,LAW,6007,Torts,021571,"Armacost,Barbara",2AG,19211,School of Law,3.40,77,0,7,20,35,13,2,0,0,0,0
2021 Fall,CHEM,1411,Intro College Chem I Lab,005986,"Morkowchuk,Lisa",026,11001,College & Graduate Arts & Sci,3.66,23,13,6,1,0,0,1,0,0,1,1
2021 Fall,GCOM,7050,Organizational Behavior,037979,"Zhao,Emma",001,14683,McIntire School of Commerce,3.51,75,1,15,22,25,10,1,1,0,0,0
2021 Fall,EDIS,4040,Intro Psychoeducational Assess,044991,"Cook,Bryan",1,15168,School of Education and HumanDev,3.70,10,2,3,2,2,1,0,0,0,0,0
2021 Fall,ISBU,3610,Organizational Behavior,020284,"Hulburt,John",101,20248,Continuing & Prof Studies,3.79,25,11,9,3,0,1,0,0,0,0,1
2021 Fall,MUSI,2340,Learn to Groove,039726,"Jospe,Robert",002,13414,College & Graduate Arts & Sci,4.00,19,4,15,0,0,0,0,0,0,0,0
2021 Fall,AMST,3221,Hands-On Public History,044018,"Goff,Lisa",001,13775,College & Graduate Arts & Sci,3.89,12,0,9,2,1,0,0,0,0,0,0
2021 Fall,EDHS,1120,Found of Community Engagement,043507,"Levy,Melissa",1,15032,School of Education and HumanDev,3.93,38,0,35,1,1,0,0,1,0,0,0
2021 Fall,ANTH,4420,Theories of Language,000851,"Sicoli,Mark",001,14105,College & Graduate Arts & Sci,3.92,13,6,5,1,1,0,0,0,0,0,0
2021 Fall,EDLF,4080,U.S. Education Policy,043600,"Wyckoff,James",1,15005,School of Education and HumanDev,3.53,21,0,7,7,2,4,0,0,0,1,0
2021 Fall,COMM,4790,Fundamentals of R.E. Analysis,006542,"Korgaonkar,Sanket",003,14779,McIntire School of Commerce,3.49,25,0,5,7,8,5,0,0,0,0,0
2021 Fall,EDIS,7720,Understanding the Code,009524,"Austin,Ottilie",500,17556,School of Education and HumanDev,3.87,22,0,17,3,0,2,0,0,0,0,0
2021 Fall,LAW,9303,Nonprofit Orgs: P&P,044843,"Clark,Polly",1,19218,School of Law,3.48,13,0,0,6,7,0,0,0,0,0,0
2021 Fall,ENGR,1624,Introduction to Engineering,045087,"Fitz-Gerald,James",004,16455,Engineering & Applied Science,4.00,39,10,29,0,0,0,0,0,0,0,0
2021 Fall,ENGL,9580,Adv Studies in Critical Theory,011602,"Grandison,K. Ian",001,18369,College & Graduate Arts & Sci,4.00,8,2,6,0,0,0,0,0,0,0,0
2021 Fall,COMM,3880,Global Sustainability,006494,"Crisman,Phoebe",001,14738,McIntire School of Commerce,3.69,10,0,3,6,0,0,1,0,0,0,0
2021 Fall,USEM,1570,University Seminar,037196,"Boitnott,Amy",005,17467,Executive VP & Provost,3.95,18,11,4,3,0,0,0,0,0,0,0
2021 Fall,MESA,2110,Intro to ME / SA Film History,044419,"Sunya,Samhita",001,14316,College & Graduate Arts & Sci,3.76,29,2,21,1,4,0,0,0,0,0,1
2021 Fall,COMM,4450,Federal Taxation,006512,"Porter,Susan",002,14731,McIntire School of Commerce,3.38,25,0,6,4,5,7,3,0,0,0,0
2021 Fall,NUCO,4420,Professional Nursing,042017,"Toll,Crystal",002,17341,School of Nursing,3.76,11,0,7,2,1,0,1,0,0,0,0
2021 Fall,SPAN,2020,Advanced Intermediate Spanish,035854,"Garcia,Laura Aguilar",007,11021,College & Graduate Arts & Sci,3.75,17,4,5,5,1,2,0,0,0,0,0
2021 Fall,EDLF,8385,Survey Inquiry for Practice,044852,"Mangino,Anthony",500,18679,School of Education and HumanDev,3.95,12,7,3,2,0,0,0,0,0,0,0
2021 Fall,COMM,4710,Intermediate Investments,006538,"Baker,Steven",005,14762,McIntire School of Commerce,3.31,34,0,6,7,11,2,6,0,2,0,0
2021 Fall,EGMT,1540,Ethical Engagement,044515,"Wolfson,Alexander",109,18661,College & Graduate Arts & Sci,3.95,26,0,24,1,0,1,0,0,0,0,0
2021 Fall,PLCP,3012,Politics of Developing Areas,031684,"Fatton,Robert",100,18422,College & Graduate Arts & Sci,3.55,175,0,39,84,26,16,4,1,2,2,1
2021 Fall,RELG,5375,Aesthetics and Ethics,044759,"Flores,Nichole",001,18786,College & Graduate Arts & Sci,3.81,9,0,7,0,1,1,0,0,0,0,0
2021 Fall,CE,4210,Stormwater Management,037395,"Culver,Teresa",001,16598,Engineering & Applied Science,3.46,32,5,12,5,3,2,1,1,1,0,2
2021 Fall,BIOL,1040,The DNA Revolution,043971,"Taylor,Douglas",001,14150,College & Graduate Arts & Sci,3.54,221,8,81,49,25,39,13,1,3,1,1
2021 Fall,LAW,6007,Torts,021571,"Abraham,Kenneth",3CE,19212,School of Law,3.40,74,0,5,14,49,6,0,0,0,0,0
2021 Fall,EGMT,1530,Engaging Differences,044514,"Calamita,Francesca",109,13500,College & Graduate Arts & Sci,3.86,24,0,21,1,0,0,1,1,0,0,0
2021 Fall,EDIS,7072,Performance Improvement,043408,"O'Neil,Colleen",500,17549,School of Education and HumanDev,3.80,23,13,8,0,1,0,0,0,0,0,1
2021 Fall,LAW,6007,Torts,021571,"White,George",4BD,19213,School of Law,3.31,74,0,3,12,41,15,3,0,0,0,0
2021 Fall,MESA,3110,Sustainable Environments ME&SA,044884,"Farmer,Tessa",001,14312,College & Graduate Arts & Sci,3.69,26,1,15,7,1,0,1,0,0,0,1
2021 Fall,EGMT,1510,Engaging Aesthetics,044512,"Ferguson,Andrew",107,18610,College & Graduate Arts & Sci,3.96,24,0,21,3,0,0,0,0,0,0,0
2021 Fall,AMST,1050,Slavery and Its Legacies,044616,"Daacke,Kirt von",001,13154,College & Graduate Arts & Sci,3.66,58,0,33,14,4,3,0,1,2,0,1
2021 Fall,PLAP,4500,Special Topics,031588,"Potter,Rachel",006,18421,College & Graduate Arts & Sci,3.70,15,0,6,6,1,2,0,0,0,0,0
2021 Fall,ENGL,3520,Studies Renaissance Literature,045450,"Rush,Rebecca",001,18458,College & Graduate Arts & Sci,3.69,21,0,9,11,0,0,0,0,0,0,1
2021 Fall,HIEU,2004,Nationalism in Europe,044873,"Kunakhovich,Kyrill",100,13819,College & Graduate Arts & Sci,3.60,57,0,13,25,12,7,0,0,0,0,0
2021 Fall,PC,5020,Adv Cost & Price Analysis,029785,"Eller,Thomas",701,20312,Continuing & Prof Studies,3.63,23,1,10,8,3,0,0,0,0,0,1
2021 Fall,BME,6550,Spec Topics: Biomedical Engr,004145,"Rosen,Jonathan",001,16689,Engineering & Applied Science,3.97,11,3,7,1,0,0,0,0,0,0,0
2021 Fall,ARTH,1507,Art and Global Cultures,045465,"Paoletti,Giulia",100,18586,College & Graduate Arts & Sci,3.81,50,1,30,13,3,2,1,0,0,0,0
2021 Fall,SOC,5610,Memory Studies,046255,"Olick,Jeffrey",001,18622,College & Graduate Arts & Sci,3.84,8,0,5,2,1,0,0,0,0,0,0
2021 Fall,EDHS,4020,Clinical Phonetics,044114,"Hoffman,LaVae",1,15061,School of Education and HumanDev,3.44,36,0,14,5,3,8,5,0,1,0,0
2021 Fall,EDHS,5230,"Women, Work, and Wellness",044577,"Flora,Amanda",1,15124,School of Education and HumanDev,3.59,20,0,13,2,1,3,0,0,0,0,1
2021 Fall,CS,6501,Spec Top: Computer Science,006981,"Bezzo,Nicola",012,16934,Engineering & Applied Science,3.28,11,1,3,3,1,1,1,0,0,0,1
2021 Fall,STS,4600,Engr Ethcs Prof Responsibility,036750,"Jacques,Richard",001,15489,Engineering & Applied Science,3.79,34,21,9,1,0,0,1,1,0,0,1
2021 Fall,STS,4500,STS and Engineering Practice,036749,"Neeley,Kathryn",016,16594,Engineering & Applied Science,3.46,31,2,10,10,3,2,2,0,0,0,2
2021 Fall,MDST,3504,Topics in Global Media,042990,"Goin,Keara",004,17643,College & Graduate Arts & Sci,3.94,29,0,25,3,1,0,0,0,0,0,0
2021 Fall,ARTH,3591,Art History Colloquium,042072,"Robbins,Christa",003,18601,College & Graduate Arts & Sci,3.91,14,0,10,4,0,0,0,0,0,0,0
2021 Fall,CHE,6665,Tech for Chem Engr Anal & Des,005521,"Paolucci,Chris",001,16442,Engineering & Applied Science,3.68,17,3,7,3,1,0,3,0,0,0,0
2021 Fall,BME,2000,Biomed Engr Design & Discovery,004058,"Guilford,William",001,16328,Engineering & Applied Science,3.61,70,13,28,10,6,8,3,0,0,0,2
2021 Fall,STS,2830,Startup Ops for Entrepreneurs,043893,"Prpich,George",001,16936,Engineering & Applied Science,3.93,44,0,34,10,0,0,0,0,0,0,0
2021 Fall,EDIS,5320,Math in Elementary Schools,009452,"McGraw,Jillian",1,15302,School of Education and HumanDev,4.00,24,19,5,0,0,0,0,0,0,0,0
2021 Fall,HIEU,2071,Early Mod Eur and the World,018394,"Lambert,Erin",100,13146,College & Graduate Arts & Sci,3.63,59,0,20,25,6,7,0,0,0,0,1
2021 Fall,LAW,9326,Housing Law & Poverty Seminar,045626,"Leiter-White,Robin",1,19232,School of Law,3.55,15,0,2,8,3,1,1,0,0,0,0
2021 Fall,MAE,3420,Computational Methods in MAE,022586,"Dong,Haibo",001,16334,Engineering & Applied Science,3.66,28,2,11,8,2,3,2,0,0,0,0
2021 Fall,CS,1110,Introduction to Programming,006846,"Pettit,Raymond",004,16475,Engineering & Applied Science,3.20,160,8,53,22,15,19,12,8,11,1,11
2021 Fall,EDIS,5820,Assessment Of & For Learning,045053,"Moon,Tonya",1,15152,School of Education and HumanDev,3.93,31,4,21,5,1,0,0,0,0,0,0
2021 Fall,EDIS,5852,Content Area Sem: English,045065,"Heny,Natasha",1,15153,School of Education and HumanDev,3.90,19,0,16,2,0,0,1,0,0,0,0
2021 Fall,ENGL,2508,Studies in Fiction,012491,"Griffin,Cristina",004,18573,College & Graduate Arts & Sci,3.80,18,0,10,5,3,0,0,0,0,0,0
2021 Fall,STAT,4630,Statistical Machine Learning,044234,"Woo,Jeffrey",002,13202,College & Graduate Arts & Sci,3.79,79,5,42,20,4,8,0,0,0,0,0
2021 Fall,CS,4501,Spec Top: Computer Science,006942,"Soffa,Mary Lou",002,16649,Engineering & Applied Science,3.50,23,2,8,4,3,3,1,0,2,0,0
2021 Fall,LAW,8659,Drug Prod Liablty Litigtn: P&P,040061,"Grossi,Peter",1,19238,School of Law,3.47,12,0,0,5,7,0,0,0,0,0,0
2021 Fall,COMM,3020,Behavior Issues in Mktg & Mgmt,006454,"Lockwood,Christi",008,14641,McIntire School of Commerce,3.44,50,0,10,16,9,8,7,0,0,0,0
2021 Fall,CE,4990,CE Research & Design,042102,"Burden,Lindsay",001,15939,Engineering & Applied Science,3.93,49,8,36,3,1,0,0,0,1,0,0
2021 Fall,APMA,2120,Multivariable Calculus,001144,"Hellings,Christian",007,16686,Engineering & Applied Science,3.12,46,4,13,6,6,4,1,2,6,0,4
2021 Fall,MAE,2300,Statics,022574,"Pindera,Marek-Jerzy",002,16333,Engineering & Applied Science,3.36,45,7,11,13,1,2,3,2,4,0,2
2021 Fall,SPAN,4040,Translation Spanish to English,035927,"Prados,Nieves Garcia",001,13386,College & Graduate Arts & Sci,3.90,16,1,11,3,1,0,0,0,0,0,0
2021 Fall,EDIS,5221,Reading Foundations,009443,"Thacker-Gwaltney,Susan",500,17532,School of Education and HumanDev,3.67,18,0,8,5,3,1,1,0,0,0,0
2021 Fall,EGMT,1540,Ethical Engagement,044515,"Elia,Matt",201,18662,College & Graduate Arts & Sci,3.90,38,0,30,5,2,1,0,0,0,0,0
2021 Fall,EGMT,1540,Ethical Engagement,044515,"Bennett,Benjamin",203,18663,College & Graduate Arts & Sci,3.46,34,0,14,8,7,3,0,0,0,0,2
2021 Fall,CLAS,2300,Ancient Rome at the Movies,045902,"Hays,Gregory",001,14301,College & Graduate Arts & Sci,3.35,23,0,3,7,5,5,2,1,0,0,0
2021 Fall,EGMT,1520,Empirical Engagement,044513,"Pearson,William",200,18656,College & Graduate Arts & Sci,3.45,36,0,11,12,2,7,3,0,0,0,1
2021 Fall,PSYC,3990,RM: Grp Process & Facilitatn I,045941,"Nagel,Alison",001,14544,College & Graduate Arts & Sci,3.98,30,4,24,2,0,0,0,0,0,0,0
2021 Fall,ENGL,2599,Special Topics,012514,"Ireland,Casey",009,20837,College & Graduate Arts & Sci,3.09,16,0,4,4,1,2,1,2,0,0,2
2021 Fall,LAW,7017,Con Law II: Religious Liberty,021626,"Schwartzman,Micah",1,19144,School of Law,3.60,52,1,20,8,15,8,0,0,0,0,0
2021 Fall,RUTR,2460,Russian Culture,034780,"Clowes,Edith",001,13630,College & Graduate Arts & Sci,3.53,26,2,11,5,4,0,3,0,0,0,1
2021 Fall,EDLF,3000,Research for Youth Development,043698,"Gest,Scott",1,15027,School of Education and HumanDev,3.89,29,14,9,4,1,0,1,0,0,0,0
2021 Fall,AAS,3810,"Race, Culture & Inequality",044908,"Pendergrass,Sabrina",001,13196,College & Graduate Arts & Sci,3.56,15,0,8,2,1,2,1,0,1,0,0
2021 Fall,EGMT,1540,Ethical Engagement,044515,"Stangl,Rebecca",108,14523,College & Graduate Arts & Sci,3.66,27,0,6,15,4,2,0,0,0,0,0
2021 Fall,STS,4500,STS and Engineering Practice,036749,"Baritaud,Catherine",005,15870,Engineering & Applied Science,3.48,34,0,9,9,7,8,0,0,1,0,0
2021 Fall,EGMT,1510,Engaging Aesthetics,044512,"Wood,Katelyn",200,14524,College & Graduate Arts & Sci,3.60,36,0,11,18,1,3,1,1,0,1,0
2021 Fall,LAW,9074,Legis Drafting & Public Policy,022000,"Hallock,David",1,19131,School of Law,3.43,6,0,1,1,3,1,0,0,0,0,0
2021 Fall,MUSI,3050,Music and Discourse,024790,"DeVeaux,Scott",001,13538,College & Graduate Arts & Sci,3.30,22,0,5,5,4,7,0,0,0,0,1
2021 Fall,EDHS,2891,Issues Facing Adolescent Girls,039672,"Sublett,Katherine",001,14833,School of Education and HumanDev,3.95,36,8,24,3,0,1,0,0,0,0,0
2021 Fall,EDLF,5330,Quan Methods & Data Analysis I,009718,"Bartanen,Brendan",001,14809,School of Education and HumanDev,3.78,27,0,15,7,4,1,0,0,0,0,0
2021 Fall,ENWR,1510,Writing and Critical Inquiry,013432,"Adams,Hodges",075,13523,College & Graduate Arts & Sci,3.78,18,0,11,5,1,0,0,1,0,0,0
2021 Fall,SPAN,3430,Latin Amer Lit II (1900-Pres),035911,"Rizki,Cole",002,13426,College & Graduate Arts & Sci,3.96,20,2,15,3,0,0,0,0,0,0,0
2021 Fall,EDLF,7403,Survey Design & Inst Construct,009729,"Soland,Jim",1,15328,School of Education and HumanDev,3.75,23,0,8,12,3,0,0,0,0,0,0
2021 Fall,ECE,3501,Special Topics ECE,040913,"Beling,Andreas",001,16634,Engineering & Applied Science,3.77,14,2,6,4,1,0,1,0,0,0,0
2021 Fall,LAW,6000,Civil Procedure,021550,"Bamzai,Aditya",5E,19233,School of Law,3.40,37,0,3,8,22,3,1,0,0,0,0
2021 Fall,COMM,3110,Intermediate Accounting I,006461,"Backof,Ann",001,14658,McIntire School of Commerce,3.32,32,0,13,3,3,4,5,1,2,0,1
2021 Fall,EDLF,7402,Program Evaluation,009728,"McDaniel,Heather",1,18687,School of Education and HumanDev,3.58,11,1,7,2,0,0,0,0,0,0,1
2021 Fall,EVSC,7010,Introduction to Remote Sensing,014035,"Yang,Xi",100,13930,College & Graduate Arts & Sci,3.49,7,0,4,1,0,1,0,0,0,1,0
2021 Fall,MATH,3350,Applied Linear Algebra,042858,"Gagne,Matthew",003,18691,College & Graduate Arts & Sci,3.37,26,2,9,5,2,3,1,3,0,0,1
2021 Fall,LAW,6000,Civil Procedure,021550,"Rutherglen,George",4F,19103,School of Law,3.41,37,0,5,7,17,8,0,0,0,0,0
2021 Fall,EDIS,5040,Assessment Evaluation Spec Ed,009427,"Pollitt,Daniel",500,17524,School of Education and HumanDev,3.73,7,0,3,3,0,1,0,0,0,0,0
2021 Fall,ECE,2330,Digital Logic Design,007674,"Johnson,Barry",001,16184,Engineering & Applied Science,3.74,55,19,24,3,1,2,3,1,1,0,1
2021 Fall,APMA,3110,Applied Stats & Probability,001153,"Spencer,Julie",001,15412,Engineering & Applied Science,2.95,44,1,8,6,1,11,6,5,3,1,2
2021 Fall,ARTS,2220,Introduction to New Media I,002858,"Lyon,Calista",002,20711,College & Graduate Arts & Sci,3.49,11,0,7,2,0,1,0,0,0,0,1
2021 Fall,ENGL,3924,Vietnam War Lit & Film,044122,"Chong,Sylvia",001,18604,College & Graduate Arts & Sci,3.86,14,2,9,1,1,1,0,0,0,0,0
2021 Fall,ENGR,1624,Introduction to Engineering,045087,"Williams,Keith",012,16463,Engineering & Applied Science,3.85,40,11,24,2,0,1,0,0,1,1,0
2021 Fall,ENGL,4998,Distinguished Majors Program,011992,"Kuhn,Mary",001,13540,College & Graduate Arts & Sci,3.86,16,0,12,2,1,1,0,0,0,0,0
2021 Fall,EDHS,7040,Cognitive Linguistic Develop,041985,"Hoffman,LaVae",1,14907,School of Education and HumanDev,3.62,29,0,11,7,8,2,1,0,0,0,0
2021 Fall,MATH,1210,A survey of Calculus I,022944,"Cernekova,Kristina",950,18688,College & Graduate Arts & Sci,2.81,35,0,2,10,8,1,6,3,0,0,5
2021 Fall,MDST,3559,New Course: MDST,039189,"Rao,Pallavi",004,19779,College & Graduate Arts & Sci,3.81,30,3,18,6,0,2,0,0,1,0,0
2021 Fall,CE,6470,Transport Economics & Finance,037398,"Chen,Tong",001,16323,Engineering & Applied Science,3.54,5,0,2,2,0,0,0,1,0,0,0
2021 Fall,ENGR,1624,Introduction to Engineering,045087,"Maiti,Deepyaman",016,16468,Engineering & Applied Science,3.83,39,7,25,2,1,2,1,0,1,0,0
2021 Fall,EVSC,7559,New Course: EVSC,039171,"Schiro,Kathleen",001,18254,College & Graduate Arts & Sci,3.70,7,0,4,0,3,0,0,0,0,0,0
2021 Fall,WGS,7500,Gender and Sexuality Studies,044869,"Walsh,Denise",001,14334,College & Graduate Arts & Sci,3.55,15,0,4,7,2,0,1,0,1,0,0
2021 Fall,ENGR,1624,Introduction to Engineering,045087,"Anderson,Eric",001,16452,Engineering & Applied Science,3.84,40,9,22,5,1,2,0,0,0,1,0
2021 Fall,AAS,3500,Intermediate Seminar in AAS,039376,"Crawley,Ashon",001,18831,College & Graduate Arts & Sci,3.73,17,0,13,1,0,1,1,0,1,0,0
2021 Fall,ENGL,3560,Studies in Mod & Contemp Lit,039235,"Luftig,Victor",004,18429,College & Graduate Arts & Sci,3.86,14,1,8,4,1,0,0,0,0,0,0
2021 Fall,EDLF,5410,Strat in Higher Ed & Athletics,044393,"Starsia,Gerald",1,15120,School of Education and HumanDev,3.53,15,0,5,3,4,2,1,0,0,0,0
2021 Fall,KINE,3400,Nutrition,009128,"Anderson,Kara",2,15304,School of Education and HumanDev,3.86,128,66,41,9,6,3,1,0,0,0,2
2021 Fall,ECE,3750,ECE Fundamentals III,007679,"Powell,Harry",001,16190,Engineering & Applied Science,3.50,45,6,17,6,3,3,6,2,1,1,0
2021 Fall,EDLF,8640,Inequality in Higher Education,043141,"Brown,Joshua",1,15331,School of Education and HumanDev,3.92,11,3,5,3,0,0,0,0,0,0,0
2021 Fall,EDLF,7610,Rsch High Ed Ath Admin,009789,"Garibay,Juan",2,15330,School of Education and HumanDev,3.63,22,4,7,7,0,3,0,0,0,0,1
2021 Fall,SYS,4581,Sel Tops Systems Engineering,036918,"Thompson,Jamey",001,16118,Engineering & Applied Science,3.63,10,0,6,0,2,1,1,0,0,0,0
2021 Fall,CHEM,1411,Intro College Chem I Lab,005986,"Morkowchuk,Lisa",023,10998,College & Graduate Arts & Sci,3.39,23,11,3,4,0,0,1,0,0,1,3
2021 Fall,PHIL,3110,Plato,030112,"McCready-Flora,Ian",001,13832,College & Graduate Arts & Sci,3.29,27,1,3,11,3,5,1,2,0,0,1
2021 Fall,APMA,3120,Statistics,001154,"Lark,James",002,15415,Engineering & Applied Science,2.97,35,0,5,9,6,4,2,1,4,1,3
2021 Fall,EGMT,1530,Engaging Differences,044514,"Walsh,David",206,18658,College & Graduate Arts & Sci,3.74,33,9,15,0,6,2,0,0,0,1,0
2021 Fall,EDIS,7010,Computer Courseware Tools,009690,"Maddrell,Jennifer",500,17547,School of Education and HumanDev,4.00,10,2,8,0,0,0,0,0,0,0,0
2021 Fall,MESA,3111,Film Festivals,045035,"Sunya,Samhita",001,14313,College & Graduate Arts & Sci,3.94,25,5,18,0,2,0,0,0,0,0,0
2021 Fall,BME,3240,Biotransport,004069,"Highley,Chris",001,16329,Engineering & Applied Science,3.42,67,0,18,14,16,12,5,0,0,1,1
2021 Fall,CHEM,1411,Intro College Chem I Lab,005986,"Morkowchuk,Lisa",066,14008,College & Graduate Arts & Sci,3.59,23,13,4,3,0,0,0,0,0,2,1
2021 Fall,EGMT,1520,Empirical Engagement,044513,"Connelly,Jessica",108,13494,College & Graduate Arts & Sci,3.87,37,13,20,3,0,0,0,0,0,0,1
2021 Fall,SYS,6001,Intro Systems Analysis&Design,036947,"Scherer,William",001,15507,Engineering & Applied Science,3.64,40,6,16,5,5,4,4,0,0,0,0
2021 Fall,EDLF,7610,Rsch High Ed Ath Admin,009789,"Inkelas,Karen",1,15028,School of Education and HumanDev,3.88,17,0,13,2,2,0,0,0,0,0,0
2021 Fall,PLPT,4500,Special Topics,031937,"Duong,Kevin",002,14586,College & Graduate Arts & Sci,3.50,15,0,6,6,1,0,0,1,0,0,1
2021 Fall,ECON,3330,Public Choice,007928,"Coppock,Lee",002,13299,College & Graduate Arts & Sci,3.47,27,4,5,4,3,11,0,0,0,0,0
2021 Fall,CHEM,2311,Org Chem Lab I Non Chem Major,043154,"Chruma,Jason",012,13551,College & Graduate Arts & Sci,3.71,36,0,18,11,2,4,0,1,0,0,0
2021 Fall,COMM,3410,Commercial Law I,006470,"Moore,Sherri",002,14761,McIntire School of Commerce,3.28,216,0,45,63,30,32,18,9,8,5,6
2021 Fall,EDLF,4610,Civil Rights Movement & Educ,043710,"Holt,Hunter",1,15215,School of Education and HumanDev,3.89,14,6,5,2,0,1,0,0,0,0,0
2021 Fall,SYS,6581,Selected Topics in Sys Engr,036978,"Boukhechba,Mehdi",005,16619,Engineering & Applied Science,3.94,15,6,6,3,0,0,0,0,0,0,0
2021 Fall,APMA,2120,Multivariable Calculus,001144,"Hellings,Christian",003,16000,Engineering & Applied Science,2.98,45,2,8,10,1,7,5,2,4,2,4
2021 Fall,KINE,3601,Musculoskeletal Anatomy Lab I,042824,"Donahue,Catherine",2,15219,School of Education and HumanDev,3.17,22,0,3,6,4,3,3,2,0,0,1
2021 Fall,SYS,3021,Deterministic Decision Models,036902,"Louis,Garrick",001,15491,Engineering & Applied Science,3.58,51,8,29,3,2,3,3,0,0,0,3
2021 Fall,FREN,2020,Intermediate French II,014316,"Tierney,Paige",008,17709,College & Graduate Arts & Sci,3.61,16,0,6,5,3,1,0,1,0,0,0
2021 Fall,STAT,5330,Data Mining,040819,"Yu,Shan",001,14352,College & Graduate Arts & Sci,3.87,37,8,15,13,0,1,0,0,0,0,0
2021 Fall,STS,4810,New Product Development,037153,"Carlson,W Bernard",001,15512,Engineering & Applied Science,3.34,27,0,2,9,11,4,0,0,0,0,1
2021 Fall,CHEM,5760,Bioanalytical Microsystems,045827,"Swami,Nathan",001,13757,College & Graduate Arts & Sci,3.86,9,0,6,2,1,0,0,0,0,0,0
2021 Fall,GCOM,7060,Financial Management,038177,"Kulkarni,Sheisha",001,14684,McIntire School of Commerce,3.61,51,0,17,15,12,7,0,0,0,0,0
2021 Fall,EDLF,3160,Intro to Educ Psychology,009661,"Rimm-Kaufman,Sara",001,14807,School of Education and HumanDev,3.72,35,2,21,5,3,2,1,0,0,0,1
2021 Fall,CHEM,2311,Org Chem Lab I Non Chem Major,043154,"Chruma,Jason",020,18290,College & Graduate Arts & Sci,3.65,36,1,17,8,4,4,1,0,1,0,0
2021 Fall,CHEM,2311,Org Chem Lab I Non Chem Major,043154,"Chruma,Jason",014,13553,College & Graduate Arts & Sci,3.69,33,0,20,6,3,2,1,0,0,0,1
2021 Fall,GCOM,7400,Leading for Success in Acct,039676,"Roberts,Andrea",001,14692,McIntire School of Commerce,3.90,48,0,35,11,2,0,0,0,0,0,0
2021 Fall,COMM,4790,Fundamentals of R.E. Analysis,006542,"Korgaonkar,Sanket",002,14767,McIntire School of Commerce,3.25,25,0,5,3,13,1,0,1,0,0,2
2021 Fall,CHE,4491,Chemical Engineering Lab II,005481,"Prpich,George",102,15537,Engineering & Applied Science,3.27,14,0,0,6,3,3,1,0,1,0,0
2021 Fall,EVGE,5850,Geochemistry,013756,"Macko,Stephen",100,12686,College & Graduate Arts & Sci,3.93,9,2,5,2,0,0,0,0,0,0,0
2021 Fall,CS,6354,Computer Architecture,006983,"Venkat,Ashish",001,16196,Engineering & Applied Science,3.66,28,2,6,14,3,2,1,0,0,0,0
2021 Fall,CS,3250,Software Testing,045512,"Praphamontripong,Upsorn",001,16637,Engineering & Applied Science,3.57,123,10,64,17,11,6,4,4,2,0,5
2021 Fall,FREN,4585,Adv Topics Cultural Studies,014411,"Ferguson,Gary",002,17714,College & Graduate Arts & Sci,3.83,13,0,7,5,1,0,0,0,0,0,0
2021 Fall,ECE,4209,RF Circuit Dsgn & Wireless Sys,007687,"Weikle,Robert",001,15931,Engineering & Applied Science,3.44,18,6,2,3,4,1,0,0,0,1,1
2021 Fall,SYS,6005,Stochastic Modeling I,036950,"Iqbal,Tariq",001,15509,Engineering & Applied Science,3.86,28,0,20,5,2,1,0,0,0,0,0
2021 Fall,SPAN,2010,Intermediate Spanish,035853,"Prados,Nieves Garcia",027,14196,College & Graduate Arts & Sci,3.75,17,0,11,4,1,0,0,0,0,1,0
2021 Fall,SOC,2056,The Sociology of Culture,044680,"Greenland,Fiona",100,14142,College & Graduate Arts & Sci,3.45,56,8,18,11,3,7,4,1,0,2,2
2021 Fall,MATH,1310,Calculus I,022953,"Phillips,Donnelly",950,18700,College & Graduate Arts & Sci,3.11,26,0,5,9,4,2,0,2,0,1,3
2021 Fall,ENGR,1624,Introduction to Engineering,045087,"Burden,Lindsay",002,16453,Engineering & Applied Science,3.71,40,0,16,16,5,2,1,0,0,0,0
2021 Fall,STS,4500,STS and Engineering Practice,036749,"Neeley,Kathryn",015,16349,Engineering & Applied Science,3.26,22,0,6,5,3,4,2,0,1,0,1
2021 Fall,PLAP,3610,Intro to Public Administration,031578,"Potter,Rachel",001,18393,College & Graduate Arts & Sci,3.61,28,0,5,16,3,4,0,0,0,0,0
2021 Fall,MSE,6230,Thermodynamics of Materials,024426,"Zhou,Bicheng",001,15817,Engineering & Applied Science,3.84,20,4,9,5,1,1,0,0,0,0,0
2021 Fall,APMA,2130,Ordinary Differentl Equations,001145,"Guadagni,Gianluca",002,15402,Engineering & Applied Science,2.95,44,1,9,4,7,9,2,3,2,4,3
2021 Fall,CHEM,1411,Intro College Chem I Lab,005986,"Morkowchuk,Lisa",077,14019,College & Graduate Arts & Sci,3.74,23,14,6,0,0,0,1,0,0,2,0
2021 Fall,GREE,5180,Thucydides,017218,"Dillery,John",001,18705,College & Graduate Arts & Sci,3.73,6,1,2,2,0,1,0,0,0,0,0
2021 Fall,MDST,3510,Topics in Media Research,045771,"Duncan,Sean",002,14359,College & Graduate Arts & Sci,3.24,26,2,5,8,3,1,1,1,3,1,1
2021 Fall,JAPN,2010,Second-Year Japanese I,020742,"Sato,Tomomi",001,13849,College & Graduate Arts & Sci,3.28,10,0,3,4,0,0,1,1,0,0,1
2021 Fall,EDHS,5010,Phonetics,009139,"Hoffman,LaVae",1,15364,School of Education and HumanDev,3.35,6,0,0,3,0,3,0,0,0,0,0
2021 Fall,PLAP,3140,Mass Media & American Politics,031561,"Freedman,Paul",100,13861,College & Graduate Arts & Sci,3.52,232,0,77,59,36,44,10,3,2,0,1
2021 Fall,EDIS,6200,Principles of Curric Design,045847,"Rehm,Sasha Lee Wilson",501,19896,School of Education and HumanDev,3.74,16,3,4,6,2,1,0,0,0,0,0
2021 Fall,ENGR,1624,Introduction to Engineering,045087,"Williams,Keith",011,16462,Engineering & Applied Science,3.92,39,10,26,1,0,1,0,0,1,0,0
2021 Fall,ENGR,1624,Introduction to Engineering,045087,"Peterson,Lisa",006,16457,Engineering & Applied Science,3.74,38,5,16,13,1,2,0,0,0,0,1
2021 Fall,CS,4102,Algorithms,006918,"Horton,Tom",001,15930,Engineering & Applied Science,3.54,95,45,26,5,2,6,1,0,2,1,7
2021 Fall,PHIL,1410,Forms of Reasoning,030021,"Darcy,James",001,13489,College & Graduate Arts & Sci,3.75,28,0,14,7,7,0,0,0,0,0,0
2021 Fall,ENGR,1624,Introduction to Engineering,045087,"Barker,Shannon",003,16454,Engineering & Applied Science,3.67,23,2,15,0,2,1,1,1,0,1,0
2021 Fall,SOC,2320,Gender & Society,035328,"Zeno,Elissa",100,14121,College & Graduate Arts & Sci,3.59,59,2,30,15,3,4,2,0,0,0,3
2021 Fall,CHE,2246,Introduction to Biotechnology,005440,"Berger,Bryan",001,16479,Engineering & Applied Science,3.59,17,0,7,3,4,2,1,0,0,0,0
2021 Fall,CE,3710,Intro to Geotechnical Engrg,004449,"Burden,Lindsay",001,16036,Engineering & Applied Science,3.73,41,0,32,0,2,5,0,1,0,0,1
2021 Fall,MAE,4620,ME Design II,037541,"Momot,Michael",001,16351,Engineering & Applied Science,3.94,15,0,12,3,0,0,0,0,0,0,0
2021 Fall,CHEM,2311,Org Chem Lab I Non Chem Major,043154,"Chruma,Jason",004,12025,College & Graduate Arts & Sci,3.70,36,0,13,15,6,2,0,0,0,0,0
2021 Fall,CHE,6615,Advanced Thermodynamics,005511,"Giri,Gaurav",001,15447,Engineering & Applied Science,3.49,15,2,2,4,2,5,0,0,0,0,0
2021 Fall,ANTH,2440,Language and Cinema,041598,"Lefkowitz,Daniel",100,13330,College & Graduate Arts & Sci,3.56,118,7,48,29,10,6,11,4,0,2,1
2021 Fall,PLPT,4500,Special Topics,031937,"Koganzon,Rita",003,14590,College & Graduate Arts & Sci,3.44,12,0,5,1,2,2,1,1,0,0,0
2021 Fall,GCOM,7050,Organizational Behavior,037979,"Zhao,Emma",002,14690,McIntire School of Commerce,3.60,74,0,19,30,18,6,0,1,0,0,0
2021 Fall,GCOM,7040,Marketing & QA,037978,"Mittal,Chiraag",002,14689,McIntire School of Commerce,3.35,74,0,14,12,24,18,3,1,2,0,0
2021 Fall,ENGR,1624,Introduction to Engineering,045087,"Maiti,Deepyaman",014,16465,Engineering & Applied Science,3.86,32,0,26,4,0,0,0,2,0,0,0
2021 Fall,CS,1112,Introduction to Programming,007058,"Cohoon,Jim",001,15428,Engineering & Applied Science,3.53,130,26,47,18,11,10,7,1,5,1,4
2021 Fall,CHE,4448,Bioseparations Engineering,005467,"Carta,Giorgio",001,16616,Engineering & Applied Science,3.66,15,1,8,1,3,1,0,1,0,0,0
2021 Fall,STS,1500,Sci Tech & Contemp Issues,036732,"Laugelli,Benjamin",002,15985,Engineering & Applied Science,3.93,142,64,63,9,1,2,1,1,1,0,0
2021 Fall,ENTP,1010,Intro to Entrepreneurship,043881,"Ransler,Charles",004,14775,McIntire School of Commerce,3.79,47,3,26,11,3,3,1,0,0,0,0
2021 Fall,MDST,2200,Introduction to Film,040732,"Marshall,Matthew",001,13223,College & Graduate Arts & Sci,3.91,98,12,79,2,2,1,0,0,0,0,2
2021 Fall,COMM,4690,Global Management,006532,"Seaborn,Paul",001,14695,McIntire School of Commerce,3.71,40,0,7,29,4,0,0,0,0,0,0
2021 Fall,GCOM,7020,Strategic Cost Management,015390,"Roberts,Andrea",001,14680,McIntire School of Commerce,3.59,78,0,19,30,21,7,1,0,0,0,0
2021 Fall,STAT,3110,Foundations of Statistics,044444,"Gade,Noah",002,13199,College & Graduate Arts & Sci,3.38,41,2,18,5,5,4,2,2,0,1,2
2021 Fall,GCOM,7010,Global Strategy and Systems,038175,"Harris,Ira",002,14686,McIntire School of Commerce,3.45,74,1,10,21,27,13,2,0,0,0,0
2021 Fall,LAW,6003,Criminal Law,021556,"Frampton,Thomas",2D,19110,School of Law,3.40,38,0,5,8,17,6,2,0,0,0,0
2021 Fall,MATH,1320,Calculus II,022954,"Sonkin,Dmitriy",400,13621,College & Graduate Arts & Sci,3.12,23,0,6,2,0,10,1,2,1,0,1
2021 Fall,COMM,4643,Adv Business Speaking,006544,"Pentz,Marcia",001,14765,McIntire School of Commerce,3.92,27,0,20,7,0,0,0,0,0,0,0
2021 Fall,COMM,3020,Behavior Issues in Mktg & Mgmt,006454,"Cummiskey,Brendon",005,14643,McIntire School of Commerce,3.50,51,0,10,17,17,5,1,0,1,0,0
2021 Fall,GCOM,7020,Strategic Cost Management,015390,"Roberts,Andrea",002,14687,McIntire School of Commerce,3.53,74,0,14,25,29,2,4,0,0,0,0
2021 Fall,MATH,1320,Calculus II,022954,"Johnson,Peter",600,13269,College & Graduate Arts & Sci,3.18,19,1,3,4,1,6,0,1,3,0,0
2021 Fall,CHEM,1411,Intro College Chem I Lab,005986,"Morkowchuk,Lisa",063,14005,College & Graduate Arts & Sci,3.79,24,16,1,4,0,0,3,0,0,0,0
2021 Fall,COMM,4380,Consumer Behav & Mktg Strategy,006522,"Cheema,Amar",001,14693,McIntire School of Commerce,3.39,40,1,8,8,10,8,4,1,0,0,0
2021 Fall,EDIS,3015,Intro Curriculum Instr Assess,045915,"Elmore,Jacob",2,15348,School of Education and HumanDev,3.71,38,3,15,12,4,2,2,0,0,0,0
2021 Fall,KINE,5740,Assess & Interven of Injury II,044714,"Cross,Kevin",1,15376,School of Education and HumanDev,3.21,15,0,1,4,2,4,4,0,0,0,0
2021 Fall,ENGL,4560,Seminar Modern & Contemp Lit,012608,"Rody,Caroline",002,18437,College & Graduate Arts & Sci,3.65,14,0,6,5,1,1,0,1,0,0,0
2021 Fall,DRAM,1020,Speaking in Public,007178,"Garey,Cady",004,13227,College & Graduate Arts & Sci,3.78,16,0,9,5,1,0,1,0,0,0,0
2021 Fall,CHEM,1411,Intro College Chem I Lab,005986,"Morkowchuk,Lisa",059,14001,College & Graduate Arts & Sci,3.74,24,16,3,2,0,0,1,0,1,1,0
2021 Fall,ARTS,2000,Intro to Studio Art,045397,"Williamson,Marisa",003,13263,College & Graduate Arts & Sci,3.91,19,3,14,0,1,1,0,0,0,0,0
2021 Fall,LAW,8015,Partnership Tax,021760,"Yale,Ethan",1,19200,School of Law,3.59,16,0,7,4,1,3,0,1,0,0,0
2021 Fall,ECE,6501,Topics: Elect & Computer Engr,007731,"Fletcher,Tom",006,16650,Engineering & Applied Science,2.23,12,0,3,2,1,1,0,0,0,0,5
2021 Fall,EDHS,7060,Articulation & Phonology,009189,"Dubay,Michaela",001,14789,School of Education and HumanDev,3.90,29,0,21,7,1,0,0,0,0,0,0
2021 Fall,ENWR,1505,Writing & Critical Inquiry S1,013428,"Kostelnik,Kate",007,13398,College & Graduate Arts & Sci,3.68,12,0,4,6,1,0,1,0,0,0,0
2021 Fall,CHEM,2410,Organic Chemistry I,005698,"Samonina,Jelena",500,13595,College & Graduate Arts & Sci,2.93,106,13,15,19,7,13,9,7,4,2,17
2021 Fall,SPAN,4040,Translation Spanish to English,035927,"Rodriguez,Maria Esparza",003,18635,College & Graduate Arts & Sci,3.96,17,0,15,2,0,0,0,0,0,0,0
2021 Fall,COMM,4371,Brand Consulting & Comm,006696,"Heilman,Carrie",001,14667,McIntire School of Commerce,3.91,30,3,19,7,1,0,0,0,0,0,0
2021 Fall,ENCW,2300,Poetry Writing,013450,"Light,Wheeler",007,13249,College & Graduate Arts & Sci,3.74,15,4,6,3,0,1,0,0,1,0,0
2021 Fall,COMM,4681,Entrepreneurship Trck Capstone,040148,"Martin,Eric",001,14773,McIntire School of Commerce,3.83,34,0,23,6,3,2,0,0,0,0,0
2021 Fall,KINE,3601,Musculoskeletal Anatomy Lab I,042824,"Donahue,Catherine",3,15220,School of Education and HumanDev,2.62,22,0,0,4,5,3,0,4,0,4,2
2021 Fall,COMM,3110,Intermediate Accounting I,006461,"Wang,Bingyun",007,14659,McIntire School of Commerce,3.37,30,1,9,5,6,4,1,1,2,1,0
2021 Fall,CS,4457,Computer Networks,006931,"Graham,Daniel",001,15438,Engineering & Applied Science,3.84,45,30,7,6,0,0,1,0,0,0,1
2021 Fall,STS,2500,S & T in Soc & Global Context,036734,"Jones,Jason",001,16192,Engineering & Applied Science,3.51,16,0,3,6,4,2,1,0,0,0,0
2021 Fall,CHE,2215,Material and Energy Balances,005438,"Miller,Beverly",001,15441,Engineering & Applied Science,3.48,41,3,15,9,4,3,2,3,1,0,1
2021 Fall,ARAD,4050,Arts Marketing Theory & Pract,037333,"Garland,Maran",001,13238,College & Graduate Arts & Sci,4.00,15,10,5,0,0,0,0,0,0,0,0
2021 Fall,CHEM,1411,Intro College Chem I Lab,005986,"Morkowchuk,Lisa",065,14007,College & Graduate Arts & Sci,3.93,24,15,5,3,1,0,0,0,0,0,0
2021 Fall,BIOL,4135,Biology of Aging,044121,"Roach,Deborah",001,14293,College & Graduate Arts & Sci,3.26,29,0,5,5,9,5,2,1,1,1,0
2021 Fall,COMM,3020,Behavior Issues in Mktg & Mgmt,006454,"Black,Christina",001,14638,McIntire School of Commerce,3.52,51,0,11,20,9,10,0,0,1,0,0
2021 Fall,COMM,3010,Strategy and Systems,006453,"Lashley,Kisha",007,14635,McIntire School of Commerce,3.51,51,0,0,27,24,0,0,0,0,0,0
2021 Fall,APMA,2120,Multivariable Calculus,001144,"Mohajeri,Manouchehr",001,15400,Engineering & Applied Science,3.34,47,2,16,5,9,8,1,3,1,0,2
2021 Fall,ARTH,3591,Art History Colloquium,042072,"Wong,Dorothy",001,14455,College & Graduate Arts & Sci,3.65,10,0,1,7,2,0,0,0,0,0,0
2021 Fall,RUTR,2740,Tolstoy in Translation,034785,"Herman,David",001,13166,College & Graduate Arts & Sci,3.70,21,0,8,8,4,1,0,0,0,0,0
2021 Fall,MSE,3060,Structures/Defects of Material,024406,"Ma,Ji",001,15816,Engineering & Applied Science,3.52,28,6,8,6,3,1,1,0,1,1,1
2021 Fall,ANTH,2430,Languages of the World,000670,"Mirzayan,Armik",100,14560,College & Graduate Arts & Sci,3.81,119,2,83,20,5,4,1,0,4,0,0
2021 Fall,MSE,2090,Intro to Materials Science,024402,"Burns,James",002,15483,Engineering & Applied Science,3.05,63,2,17,6,4,12,7,8,1,2,4
2021 Fall,ENGR,1624,Introduction to Engineering,045087,"Agnew,Sean",009,16460,Engineering & Applied Science,3.89,40,7,24,7,0,1,1,0,0,0,0
2021 Fall,PSYC,4155,Autism: From Neurons to Neighb,044109,"Jaswal,Vikram",001,13260,College & Graduate Arts & Sci,3.77,27,2,18,5,1,0,0,0,0,0,1
2021 Fall,COMM,3010,Strategy and Systems,006453,"King,Adelaide",004,14634,McIntire School of Commerce,3.48,50,0,8,13,23,6,0,0,0,0,0
2021 Fall,KINE,3410,Exercise Physiology,009117,"Angadi,Siddhartha",001,14788,School of Education and HumanDev,3.58,77,0,43,0,22,6,0,4,2,0,0
2021 Fall,EGMT,1520,Empirical Engagement,044513,"Odom,Bo",104,14244,College & Graduate Arts & Sci,3.87,40,1,29,6,2,2,0,0,0,0,0
2021 Fall,SPAN,4520,Spec Topics Sem: Cult & Civil,035969,"Secada,Jorge",001,14208,College & Graduate Arts & Sci,3.79,10,0,3,7,0,0,0,0,0,0,0
2021 Fall,PSYC,3160,Cognitive Neuroscience,045356,"Long,Nicole",001,13250,College & Graduate Arts & Sci,2.48,80,1,6,8,9,17,4,7,6,6,16
2021 Fall,MDST,3050,History of Media,023526,"Goin,Keara",001,13224,College & Graduate Arts & Sci,3.77,82,0,43,27,8,1,3,0,0,0,0
2021 Fall,PSYC,2200,Survey Neural Basis of Behav,032491,"Clabough,Erin",001,13252,College & Graduate Arts & Sci,3.14,274,4,43,58,52,37,29,22,20,1,8
2021 Fall,GCOM,7800,Adv Enterprise Architecture,015434,"Grazioli,Stefano",001,14698,McIntire School of Commerce,3.40,34,1,6,6,10,9,2,0,0,0,0
2021 Fall,APMA,2130,Ordinary Differentl Equations,001145,"Williams,Robert",001,15403,Engineering & Applied Science,2.97,20,2,7,1,1,2,2,0,2,0,3
2021 Fall,ARTH,2053,Greek Art and Archaeology,002453,"Smith,Tyler Jo",100,14225,College & Graduate Arts & Sci,3.47,43,0,8,20,8,3,1,1,1,0,1
2021 Fall,NESC,4245,Neuroscience through Nobels,045707,"Cang,Jianhua",001,18234,College & Graduate Arts & Sci,3.93,24,3,18,1,2,0,0,0,0,0,0
2021 Fall,ARTH,2271,Northern Renaissance Art,002466,"Goedde,Lawrence",001,14229,College & Graduate Arts & Sci,3.46,38,0,11,9,7,8,1,1,1,0,0
2021 Fall,COMM,4660,Mgmt Consulting & Advisory Svc,006529,"Seaborn,Paul",001,14763,McIntire School of Commerce,3.62,38,0,4,25,7,2,0,0,0,0,0
2021 Fall,COMM,5130,Advanced Financial Accounting,006554,"YU,Yingri",001,14712,McIntire School of Commerce,3.18,28,0,1,9,3,7,6,2,0,0,0
2021 Fall,CE,3300,Structural Mechanics,004450,"Ozbulut,Osman",001,15513,Engineering & Applied Science,3.54,26,9,9,1,1,2,1,1,1,0,1
2021 Fall,LAW,6003,Criminal Law,021556,"Stevenson,Megan",4B,19112,School of Law,3.40,36,0,4,5,23,4,0,0,0,0,0
2021 Fall,EDLF,7420,Quantitative Methods II,043817,"Konold,Timothy",1,15038,School of Education and HumanDev,3.89,21,0,18,2,0,0,0,1,0,0,0
2021 Fall,SPAN,4210,Hist of the Spanish Lang II,039904,"Mendoza,Omar Velazquez",001,14202,College & Graduate Arts & Sci,3.60,10,3,5,0,0,1,0,0,0,0,1
2021 Fall,SPAN,4500,Spec Topics Sem: Literature,035967,"Rizki,Cole",003,14205,College & Graduate Arts & Sci,3.87,22,0,16,4,1,1,0,0,0,0,0
2021 Fall,BME,4414,Biomaterials,004075,"Griffin,Donald",001,15524,Engineering & Applied Science,3.59,71,3,22,23,11,6,5,1,0,0,0
2021 Fall,COMM,3230,Managing Innovation,045750,"Martin,Eric",002,19095,McIntire School of Commerce,3.67,31,0,8,16,6,0,1,0,0,0,0
2021 Fall,STS,4810,New Product Development,037153,"Archer,Rob",002,15511,Engineering & Applied Science,4.00,30,4,26,0,0,0,0,0,0,0,0
2021 Fall,APMA,3080,Linear Algebra,001151,"Abramenko,Monika",001,15405,Engineering & Applied Science,2.96,43,1,10,6,6,6,2,2,3,2,5
2021 Fall,STS,2850,Government & Entrepreneurship,043894,"Cheng,James",001,16520,Engineering & Applied Science,3.92,43,0,32,11,0,0,0,0,0,0,0
2021 Fall,ECON,4440,Economic Inequality,044128,"Harrigan,James",100,13304,College & Graduate Arts & Sci,3.20,20,0,5,2,2,6,3,0,2,0,0
2021 Fall,ARTH,2056,Aegean Art and Archaeology,040811,"Dakouri-Hild,Anastasia",001,13291,College & Graduate Arts & Sci,3.85,46,12,16,15,2,1,0,0,0,0,0
2021 Fall,ENCW,2600,Fiction Writing,013455,"Olson,Derick",002,13253,College & Graduate Arts & Sci,3.93,15,0,13,1,1,0,0,0,0,0,0
2021 Fall,EDHS,2250,Stress and Anxiety Management,044538,"Jacobson,Jaclyn",1,15098,School of Education and HumanDev,3.97,59,40,15,2,2,0,0,0,0,0,0
2021 Fall,SYS,3023,Human Machine Interface,036903,"Gerling,Gregory",001,15492,Engineering & Applied Science,3.80,64,0,37,22,0,4,0,0,1,0,0
2021 Fall,ITAL,3010,Advanced Italian I,020580,"Annunziato,Sarah",001,14344,College & Graduate Arts & Sci,3.92,12,1,9,1,1,0,0,0,0,0,0
2021 Fall,CS,1110,Introduction to Programming,006846,"McBurney,Paul",002,16193,Engineering & Applied Science,3.51,154,15,64,24,13,17,6,5,4,1,5
2021 Fall,ECON,4610,Economic Development,007978,"Aman-Rana,Shan",100,13305,College & Graduate Arts & Sci,3.42,34,6,7,9,4,2,3,1,0,0,2
2021 Fall,CHEM,2811,Org/Biochem Lab Accelerated,006024,"Serbulea,Laura",100,14447,College & Graduate Arts & Sci,3.65,44,0,21,13,2,5,1,1,0,1,0
2021 Fall,EDIS,2010,Teaching as a Profession,009383,"Trent,Stanley",003,14921,School of Education and HumanDev,3.98,30,0,28,2,0,0,0,0,0,0,0
2021 Fall,STAT,3220,Intro to Regression Analysis,040001,"Varanyak,Krista",003,14172,College & Graduate Arts & Sci,3.80,82,0,51,23,6,1,0,0,0,0,1
2021 Fall,HIEU,3802,Origins of Contemporary Thgt,018508,"Megill,Allan",001,13825,College & Graduate Arts & Sci,3.09,27,2,9,1,4,5,1,0,2,0,3
2021 Fall,MSE,3670,Elec Opticl & Magn Behav Matls,024408,"McDonnell,Stephen",001,15485,Engineering & Applied Science,3.02,10,0,2,3,0,0,2,1,0,2,0
2021 Fall,LAW,6102,Administrative Law,021597,"Harrison,John",1,19143,School of Law,3.55,20,0,5,6,7,1,1,0,0,0,0
2021 Fall,COMM,3010,Strategy and Systems,006453,"King,Adelaide",003,14631,McIntire School of Commerce,3.68,51,0,16,23,9,3,0,0,0,0,0
2021 Fall,ENTP,1010,Intro to Entrepreneurship,043881,"Etienne,Bevin",001,14722,McIntire School of Commerce,3.88,54,0,38,12,3,1,0,0,0,0,0
2021 Fall,EGMT,1520,Empirical Engagement,044513,"Bloomfield,Louis",209,14247,College & Graduate Arts & Sci,3.84,37,0,32,1,1,1,0,1,0,1,0
2021 Fall,BME,2220,Biomechanics,004068,"Blemker,Silvia",001,16330,Engineering & Applied Science,3.67,65,2,41,8,4,2,5,1,0,1,1
2021 Fall,FREN,3041,French-Speaking World I,014366,"Geer,Rachel",001,13208,College & Graduate Arts & Sci,3.80,12,0,4,8,0,0,0,0,0,0,0
2021 Fall,ENTP,1010,Intro to Entrepreneurship,043881,"Etienne,Bevin",003,14724,McIntire School of Commerce,3.75,55,0,21,29,1,3,1,0,0,0,0
2021 Fall,ENWR,3640,Writing with Sound,044171,"Ceraso,Stephanie",001,14169,College & Graduate Arts & Sci,4.00,16,3,13,0,0,0,0,0,0,0,0
2021 Fall,ENGR,1624,Introduction to Engineering,045087,"Anderson,Eric",008,16459,Engineering & Applied Science,3.80,38,5,25,4,0,1,1,0,2,0,0
2021 Fall,ENGR,1624,Introduction to Engineering,045087,"Peterson,Lisa",015,16467,Engineering & Applied Science,3.85,39,3,21,13,0,2,0,0,0,0,0
2021 Fall,SPAN,3300,Texts and Interpretation,035904,"Salado,Benjamin Romero",009,14199,College & Graduate Arts & Sci,3.76,11,0,8,2,0,0,0,0,1,0,0
2021 Fall,DRAM,1020,Speaking in Public,007178,"Wales,Jennifer",005,14175,College & Graduate Arts & Sci,3.96,16,0,14,2,0,0,0,0,0,0,0
2021 Fall,EGMT,1520,Empirical Engagement,044513,"Phillips,Amanda",207,14246,College & Graduate Arts & Sci,3.46,36,0,15,11,2,1,3,1,1,1,1
2021 Fall,LING,3400,Structure of English,000747,"Crabtree,Janay",100,13356,College & Graduate Arts & Sci,3.04,33,0,3,10,6,5,5,1,0,0,3
2021 Fall,GCOM,7263,Intro to Cybersecurity,045614,"Lewis,Bryan",001,14768,McIntire School of Commerce,3.57,9,0,1,5,2,1,0,0,0,0,0
2021 Fall,KINE,2850,Medical Terminology,042975,"Kupperman,Natalie",3,15123,School of Education and HumanDev,3.99,89,0,87,1,1,0,0,0,0,0,0
2021 Fall,COMM,3420,Commercial Law II,006471,"Moore,Sherri",001,14696,McIntire School of Commerce,3.50,66,0,18,26,7,5,7,1,1,1,0
2021 Fall,ARTS,2000,Intro to Studio Art,045397,"Shelton,Matthew",001,13261,College & Graduate Arts & Sci,4.00,19,6,13,0,0,0,0,0,0,0,0
2021 Fall,ARTS,2000,Intro to Studio Art,045397,"Shelton,Matthew",004,13264,College & Graduate Arts & Sci,3.83,19,2,11,4,1,0,1,0,0,0,0
2021 Fall,COMM,4450,Federal Taxation,006512,"Porter,Susan",001,14730,McIntire School of Commerce,3.45,20,1,6,3,4,3,2,1,0,0,0
2021 Fall,EDLF,3150,Intro Chld Growth & Developmnt,009660,"Sweeney,Beverly",001,14806,School of Education and HumanDev,3.82,27,5,15,3,2,0,2,0,0,0,0
2021 Fall,ENCW,2300,Poetry Writing,013450,"Baban,Hajjar",002,13244,College & Graduate Arts & Sci,3.85,15,3,7,3,2,0,0,0,0,0,0
2021 Fall,KINE,6710,Admin Strat in Ath Training,044801,"Higgins,Michael",1,15148,School of Education and HumanDev,3.56,18,0,4,9,1,2,2,0,0,0,0
2021 Fall,MSE,6010,Elec & Crystal Struc of Matls,024419,"Reinke,Petra",001,15486,Engineering & Applied Science,3.46,25,0,5,8,5,5,2,0,0,0,0
2021 Fall,EDLF,6010,Higher Ed Finance & Budget,009795,"Leffers,Robert",2,15183,School of Education and HumanDev,3.58,16,0,4,7,2,2,1,0,0,0,0
2021 Fall,ARTH,1503,Art and the Premodern World,045459,"Rogers,Dylan",100,14221,College & Graduate Arts & Sci,3.77,60,5,24,24,1,6,0,0,0,0,0
2021 Fall,ENCW,2300,Poetry Writing,013450,"James,Katherine",003,13245,College & Graduate Arts & Sci,3.92,16,0,13,2,1,0,0,0,0,0,0
2021 Fall,DRAM,1010,How Theatre Works,007177,"Garey,Cady",002,13432,College & Graduate Arts & Sci,3.39,51,0,7,22,11,4,3,3,0,0,1
2021 Fall,COMM,4263,Intro to Cybersecurity,045369,"Lewis,Bryan",001,14764,McIntire School of Commerce,3.75,30,1,12,14,1,0,2,0,0,0,0
2021 Fall,SPAN,4710,Latin Amer Cult & Civilization,035933,"Opere,Fernando",001,14209,College & Graduate Arts & Sci,3.62,10,0,3,5,0,1,1,0,0,0,0
2021 Fall,CHEM,1411,Intro College Chem I Lab,005986,"Morkowchuk,Lisa",060,14002,College & Graduate Arts & Sci,3.66,23,12,4,4,0,0,2,0,0,0,1
2021 Fall,CHEM,1411,Intro College Chem I Lab,005986,"Morkowchuk,Lisa",057,13999,College & Graduate Arts & Sci,3.68,24,15,1,5,0,0,1,0,0,1,1
2021 Fall,CS,4710,Artificial Intelligence,006916,"Xu,Haifeng",001,16107,Engineering & Applied Science,3.60,55,9,18,14,10,1,0,0,1,0,2
2021 Fall,PSYC,3310,RM: R Applications in Psych,045373,"Meyer,M. Joseph",001,13258,College & Graduate Arts & Sci,3.95,41,11,26,3,0,1,0,0,0,0,0
2021 Fall,PHIL,1410,Forms of Reasoning,030021,"Darcy,James",003,13966,College & Graduate Arts & Sci,3.67,30,0,9,14,4,3,0,0,0,0,0
2021 Fall,ECON,3430,Sustainability Economics,045903,"Shobe,William",100,14322,College & Graduate Arts & Sci,3.32,179,5,31,51,26,31,18,7,6,3,1
2021 Fall,DRAM,2020,Acting I,007200,"Willis,Brian",008,14178,College & Graduate Arts & Sci,3.26,13,0,7,2,1,0,1,0,0,0,2
2021 Fall,ARTS,2000,Intro to Studio Art,045397,"Chan,Amy",006,13266,College & Graduate Arts & Sci,3.87,20,0,17,1,0,1,1,0,0,0,0
2021 Fall,CHEM,1411,Intro College Chem I Lab,005986,"Morkowchuk,Lisa",050,13992,College & Graduate Arts & Sci,3.70,24,15,3,3,0,0,1,0,0,1,1
2021 Fall,COMM,5140,AcctforDecision Making&Control,006550,"Roberts,Andrea",001,14721,McIntire School of Commerce,3.55,31,0,10,7,8,5,1,0,0,0,0
2021 Fall,ENWR,1520,Writing & Community Engagement,045365,"Stephenson,Sarah",002,13395,College & Graduate Arts & Sci,3.79,18,1,7,8,2,0,0,0,0,0,0
2021 Fall,CHEM,2311,Org Chem Lab I Non Chem Major,043154,"Chruma,Jason",011,13550,College & Graduate Arts & Sci,3.74,39,3,19,11,4,1,0,0,0,0,1
2021 Fall,FREN,2020,Intermediate French II,014316,"mazan,Stephanie diane Tsakeu",001,13934,College & Graduate Arts & Sci,3.65,14,0,10,3,0,0,0,0,0,0,1
2021 Fall,ECE,3103,Solid State Devices,007675,"Yi,Xu",001,16108,Engineering & Applied Science,3.59,29,7,12,4,4,0,0,0,0,0,2
2021 Fall,EDIS,5428,ESL Methods PreK-12,045531,"Chang-Bacon,Chris",1,15254,School of Education and HumanDev,3.85,11,0,9,1,0,0,1,0,0,0,0
2021 Fall,FREN,1020,Elementary French II,014274,"Bellal,Katia",003,13206,College & Graduate Arts & Sci,3.39,14,0,7,2,0,4,0,0,0,0,1
2021 Fall,EGMT,1530,Engaging Differences,044514,"Mikkelson,Jane",106,13342,College & Graduate Arts & Sci,3.94,28,2,24,1,0,0,1,0,0,0,0
2021 Fall,MATH,1220,A Survey of Calculus II,022945,"Yan,Jiajun",200,13785,College & Graduate Arts & Sci,3.08,26,1,10,2,0,4,2,3,0,2,2
2021 Fall,GSVS,3010,Sustainable Design Thinking I,045574,"Groves,James",001,13490,College & Graduate Arts & Sci,3.92,16,0,13,2,1,0,0,0,0,0,0
2021 Fall,MDST,3710,Comics & Sequential Art,045759,"Duncan,Sean",001,14243,College & Graduate Arts & Sci,3.36,17,3,6,4,0,0,2,0,0,0,2
2021 Fall,ENGL,3710,Literature of the South,011393,"Greeson,Jennifer",100,13794,College & Graduate Arts & Sci,3.82,49,12,23,6,4,3,1,0,0,0,0
2021 Fall,FREN,3035,Business French,043755,"Rajaonarisoa,Lova",001,13935,College & Graduate Arts & Sci,3.91,19,0,13,6,0,0,0,0,0,0,0
2021 Fall,KOR,1010,Elementary Korean I,020864,"CHOI,YOON HWA",003,13446,College & Graduate Arts & Sci,3.53,19,1,7,5,3,1,1,0,0,0,1
2021 Fall,EVSC,3860,Introduction to Geochemistry,013926,"Macko,Stephen",100,13541,College & Graduate Arts & Sci,3.64,11,1,8,0,0,0,0,0,2,0,0
2021 Fall,DRAM,2050,Performance and/as Theory,045164,"Wood,Katelyn",001,13580,College & Graduate Arts & Sci,3.35,30,0,0,15,7,4,3,0,0,1,0
2021 Fall,SPAN,4040,Translation Spanish to English,035927,"Mehfoud,Lauren",002,13393,College & Graduate Arts & Sci,3.94,19,4,11,4,0,0,0,0,0,0,0
2021 Fall,AAS,3500,Intermediate Seminar in AAS,039376,"Fields,Kimberly",006,13197,College & Graduate Arts & Sci,3.88,10,0,6,4,0,0,0,0,0,0,0
