Term Desc,Subject,Catalog Number,Class Title,Course ID,Primary Instructor Name,Class Section,Class Num,Class Academic Group,Course GPA,# of Students,A+,A,A-,B+,B,B-,C+,C,C-,DFW
2022 Spring,PLAN,5452,Healthy Cities,043950,"Roe,Jennifer",001,14427,School of Architecture,3.91,14,0,10,4,0,0,0,0,0,0,0
2022 Spring,PLPT,4500,Special Topics,031937,"Koganzon,Rita",001,13555,College & Graduate Arts & Sci,3.63,15,0,6,6,1,1,0,0,1,0,0
2022 Spring,ENWR,1510,Writing and Critical Inquiry,013432,"Burke,Jordan",018,10609,College & Graduate Arts & Sci,3.86,18,0,11,6,1,0,0,0,0,0,0
2022 Spring,COMM,3420,Commercial Law II,006471,"Moore,Sherri",001,14636,McIntire School of Commerce,3.55,68,0,18,31,5,7,4,1,2,0,0
2022 Spring,CS,3240,Advanced Software Development,006903,"McBurney,Paul",001,15915,Engineering & Applied Science,3.46,138,3,65,32,6,8,7,7,3,0,7
2022 Spring,STS,4600,Engr Ethcs Prof Responsibility,036750,"Neeley,Kathryn",006,15526,Engineering & Applied Science,3.31,33,0,8,9,5,5,1,1,2,2,0
2022 Spring,MATH,3350,Applied Linear Algebra,042858,"Stern,Walker",001,11505,College & Graduate Arts & Sci,3.01,28,1,3,5,4,5,3,2,3,1,1
2022 Spring,MDST,2000,Introduction to Media Studies,023487,"Rao,Pallavi",100,11506,College & Graduate Arts & Sci,3.61,239,1,109,61,27,28,3,3,2,2,3
2022 Spring,PHYS,2020,Principles of Physics 2,030810,"Pham,Hung",002,10361,College & Graduate Arts & Sci,2.73,107,3,24,7,4,17,12,6,12,3,19
2022 Spring,COMM,5460,Taxes & Business Strategy,006557,"Seidman,Jeri",002,14739,McIntire School of Commerce,3.40,24,1,5,4,3,11,0,0,0,0,0
2022 Spring,COMM,3330,Mkt Research & Analytic Tech,006475,"Mick,David",003,14639,McIntire School of Commerce,3.94,36,13,16,7,0,0,0,0,0,0,0
2022 Spring,COMM,3720,Intermediate Corporate Finance,006484,"Smith,David",003,14642,McIntire School of Commerce,3.15,38,3,8,5,6,4,4,4,1,1,2
2022 Spring,COMM,4791,Real Estate Investmnt Analysis,040720,"Overstreet,George",001,14672,McIntire School of Commerce,3.84,40,0,19,21,0,0,0,0,0,0,0
2022 Spring,APMA,2120,Multivariable Calculus,001144,"Ma,Hui",004,15383,Engineering & Applied Science,3.08,45,0,10,5,7,9,4,5,1,3,1
2022 Spring,COMM,3040,Strategic Value Creation,006456,"Harris,Ira",007,14621,McIntire School of Commerce,3.37,45,0,8,9,13,10,5,0,0,0,0
2022 Spring,COMM,5160,Govt & Nonprofit Accounting,045977,"McDermott,Katie",001,20219,McIntire School of Commerce,3.72,40,0,19,13,2,6,0,0,0,0,0
2022 Spring,FREN,1010,Elementary French I,014273,"Garnier,Priscille",001,11496,College & Graduate Arts & Sci,3.38,11,0,2,6,0,1,1,0,0,0,1
2022 Spring,CHE,4476,Chemical Engineering Design,005476,"Anderson,Eric",001,15436,Engineering & Applied Science,3.83,42,0,33,3,2,2,1,1,0,0,0
2022 Spring,CHE,4417,Tissue Engineering,044491,"Caliari,Steven",001,15377,Engineering & Applied Science,3.89,15,2,11,0,1,1,0,0,0,0,0
2022 Spring,MDST,3504,Topics in Global Media,042990,"Kokas,Aynne",005,20405,College & Graduate Arts & Sci,3.65,23,2,11,7,1,0,1,0,0,0,1
2022 Spring,COMM,3050,Managerial Decision Making,006457,"Baglioni,Anthony",002,14624,McIntire School of Commerce,3.53,44,0,14,15,6,5,0,4,0,0,0
2022 Spring,COMM,3050,Managerial Decision Making,006457,"Cummiskey,Brendon",005,14627,McIntire School of Commerce,3.54,41,4,7,16,7,5,1,0,0,0,1
2022 Spring,APMA,3080,Linear Algebra,001151,"Li,Meiqin",001,15389,Engineering & Applied Science,3.35,33,4,6,6,3,10,1,1,0,2,0
2022 Spring,STS,4600,Engr Ethcs Prof Responsibility,036750,"Laugelli,Benjamin",004,15917,Engineering & Applied Science,3.87,34,7,16,8,3,0,0,0,0,0,0
2022 Spring,CHEM,2321,Org Lab II Non-Chem Maj/Min,043155,"Chruma,Jason",015,14042,College & Graduate Arts & Sci,3.73,31,8,14,5,1,1,1,0,0,0,1
2022 Spring,SPAN,2010,Intermediate Spanish,035853,"Neff,Kate",005,13946,College & Graduate Arts & Sci,3.78,17,2,9,5,0,0,0,0,0,1,0
2022 Spring,ASTR,3420,Life Beyond the Earth,003082,"Garrod,Rob",001,11851,College & Graduate Arts & Sci,3.65,68,7,21,24,8,3,1,4,0,0,0
2022 Spring,PSYC,5710,Machine Learning & Data Mining,042465,"Golino,Hudson",001,12714,College & Graduate Arts & Sci,3.21,14,6,1,0,2,1,1,0,2,0,1
2022 Spring,PLAN,3050,Planning Methods,031281,"Cockrell,William",001,14388,School of Architecture,3.62,31,0,17,7,2,2,0,0,2,1,0
2022 Spring,ENTP,1010,Intro to Entrepreneurship,043881,"Ransler,Charles",003,14714,McIntire School of Commerce,3.75,53,0,23,21,6,3,0,0,0,0,0
2022 Spring,ECON,3110,Mathematical Microeconomics,007918,"Engers,Maxim",100,18370,College & Graduate Arts & Sci,3.42,12,1,4,3,3,0,0,0,0,0,1
2022 Spring,EGMT,1540,Ethical Engagement,044515,"Teets,Sarah",203,12693,College & Graduate Arts & Sci,3.79,37,0,29,5,0,1,1,0,0,0,1
2022 Spring,EGMT,1520,Empirical Engagement,044513,"Pearson,William",104,12669,College & Graduate Arts & Sci,3.50,29,0,11,4,7,5,1,0,1,0,0
2022 Spring,ARCH,6120,Architectural Theory & Analys,001672,"Dripps,Robin",001,14477,School of Architecture,3.81,34,0,12,22,0,0,0,0,0,0,0
2022 Spring,ENWR,2520,Special Topics in Writing,013448,"Sullivan,Patricia",001,13732,College & Graduate Arts & Sci,3.94,16,3,10,3,0,0,0,0,0,0,0
2022 Spring,DRAM,3820,Video Design I,044178,"Kasra,Mona",001,12734,College & Graduate Arts & Sci,3.75,10,0,5,4,0,0,1,0,0,0,0
2022 Spring,MATH,1220,A Survey of Calculus II,022945,"Mcspirit,Eleanor",800,10254,College & Graduate Arts & Sci,2.86,34,1,4,3,3,7,7,3,2,2,2
2022 Spring,PHYS,2040,Princip of Physics 2 Workshop,030812,"Hagemeier,Andrew",003,10364,College & Graduate Arts & Sci,3.35,25,0,3,7,5,8,2,0,0,0,0
2022 Spring,ASL,1020,Elem Amer Sign Language II,003000,"Propp,Gregory",002,10037,College & Graduate Arts & Sci,3.23,18,0,4,4,2,4,2,1,0,0,1
2022 Spring,PHYS,1429,Intro Physics 1 Workshop,031036,"Jian,Siyu",017,10355,College & Graduate Arts & Sci,3.13,26,0,0,5,10,6,2,2,1,0,0
2022 Spring,MATH,1320,Calculus II,022954,"Ure,Charlotte",300,10263,College & Graduate Arts & Sci,3.32,25,0,10,2,2,5,1,4,1,0,0
2022 Spring,CHEM,3821,Physical Chemistry Lab II,005741,"Gahlmann,Andreas",100,12708,College & Graduate Arts & Sci,3.57,49,1,16,15,8,5,3,0,0,1,0
2022 Spring,FRTR,3584,Topics in French Cinema,014728,"Blatt,Ari",001,12548,College & Graduate Arts & Sci,3.66,20,0,11,7,1,0,0,0,0,0,1
2022 Spring,GCOM,7549,Commerce in the Global Context,045947,"Gallmeyer,Michael F",002,22084,McIntire School of Commerce,3.69,28,2,10,6,10,0,0,0,0,0,0
2022 Spring,COMM,3050,Managerial Decision Making,006457,"Fraser,Cynthia",008,14630,McIntire School of Commerce,3.33,46,0,7,14,10,8,2,3,2,0,0
2022 Spring,CHEM,1421,Intro College Chemistry II Lab,005994,"Morkowchuk,Lisa",007,11493,College & Graduate Arts & Sci,3.88,24,14,6,2,0,1,1,0,0,0,0
2022 Spring,RELG,3605,"Religion, Violence & Strategy",039813,"Niblock,Elliott",001,12242,College & Graduate Arts & Sci,3.88,13,0,10,2,0,1,0,0,0,0,0
2022 Spring,PHIL,3330,Philosophy of Mind,030130,"Ott,Walter",001,13186,College & Graduate Arts & Sci,3.11,28,0,3,5,7,6,5,0,1,0,1
2022 Spring,PHYS,2040,Princip of Physics 2 Workshop,030812,"Pascadlo,Jessica",017,10376,College & Graduate Arts & Sci,3.23,12,0,0,4,4,1,2,1,0,0,0
2022 Spring,MISC,3020,Applied Ldrship in Unit Opns,024257,"Rademacher,Isaac",001,14317,Executive VP & Provost,3.96,14,3,9,2,0,0,0,0,0,0,0
2022 Spring,ENWR,1510,Writing and Critical Inquiry,013432,"Thompson,Anne Marie",023,10612,College & Graduate Arts & Sci,3.78,17,0,7,8,2,0,0,0,0,0,0
2022 Spring,EDIS,2020,Disability in the Media,045467,"Cook,Lysandra",1,19684,School of Education and HumanDev,3.99,40,13,26,1,0,0,0,0,0,0,0
2022 Spring,STAT,3250,Data Analysis with Python,044090,"Brown,Taylor",001,12551,College & Graduate Arts & Sci,3.30,94,0,28,32,7,9,4,2,3,3,6
2022 Spring,SEC,4020,Mobile Security and Forensics,045345,"Holbert,Derek",701,20051,Continuing & Prof Studies,3.51,10,0,6,3,0,0,0,0,0,0,1
2022 Spring,ECON,4220,Intr Finance & Macroeconomics,007962,"Coppock,Lee",001,11323,College & Graduate Arts & Sci,3.09,57,5,5,14,5,9,7,4,6,0,2
2022 Spring,MATH,1220,A Survey of Calculus II,022945,"Kurtz,Brianna",100,10251,College & Graduate Arts & Sci,2.94,23,0,6,0,4,4,3,2,2,1,1
2022 Spring,MESA,1000,From Genghis Khan to Stalin,024011,"Lyons,Shawn",001,12717,College & Graduate Arts & Sci,3.47,15,1,1,6,4,2,1,0,0,0,0
2022 Spring,ASL,2020,Intermed Amer Sign Language II,003002,"Eshgi,Maher",003,11487,College & Graduate Arts & Sci,3.22,15,0,2,4,4,2,0,2,0,1,0
2022 Spring,MDST,3559,New Course: MDST,039189,"Williams,Tyler",006,19289,College & Graduate Arts & Sci,3.75,29,5,15,6,2,0,0,0,0,0,1
2022 Spring,ENWR,1510,Writing and Critical Inquiry,013432,"Wallace,Vallaire",006,10598,College & Graduate Arts & Sci,3.81,18,1,9,6,1,1,0,0,0,0,0
2022 Spring,MAE,2100,Thermodynamics,022573,"Chelliah,Harsha",001,15451,Engineering & Applied Science,3.14,114,10,17,28,13,13,12,6,4,5,6
2022 Spring,AAS,1020,African-Amer & African Stds II,000084,"Crawley,Ashon",100,10001,College & Graduate Arts & Sci,3.87,177,39,98,31,6,0,1,0,0,0,2
2022 Spring,MSE,2090,Intro to Materials Science,024402,"Kelly,Robert",001,16762,Engineering & Applied Science,3.21,108,12,14,23,16,19,6,6,7,1,4
2022 Spring,EDIS,5401,Teaching Secondary English II,040534,"Heny,Natasha",1,14906,School of Education and HumanDev,3.88,19,0,17,0,0,1,1,0,0,0,0
2022 Spring,MUSI,1410,Symphonic Listening,046169,"Rous,Benjamin",100,19234,College & Graduate Arts & Sci,3.78,44,0,33,4,5,1,0,0,0,0,1
2022 Spring,CHEM,1820,Organic Chemistry Accelerated,005667,"Serbulea,Laura",100,10061,College & Graduate Arts & Sci,3.43,86,1,44,12,10,6,1,4,1,0,7
2022 Spring,CHEM,2420,Organic Chemistry II,005699,"Chruma,Jason",100,10064,College & Graduate Arts & Sci,2.59,143,0,9,24,9,23,18,9,24,9,18
2022 Spring,PHYS,2040,Princip of Physics 2 Workshop,030812,"Sousa,Gabriel Lucas Andrade de",014,10373,College & Graduate Arts & Sci,3.62,25,0,5,14,3,2,1,0,0,0,0
2022 Spring,ARTH,1559,New Course in ARTH,043045,"Fiorani,Francesca",100,18439,College & Graduate Arts & Sci,3.61,52,0,14,22,9,6,1,0,0,0,0
2022 Spring,GSVS,4991,Capstone Seminar- GSVS,044017,"Crisman,Phoebe",001,11920,College & Graduate Arts & Sci,3.69,23,4,9,3,5,1,0,1,0,0,0
2022 Spring,ASL,2020,Intermed Amer Sign Language II,003002,"Jennings-arey,Rhonda",001,10040,College & Graduate Arts & Sci,3.43,15,0,6,4,0,3,0,0,1,1,0
2022 Spring,ENWR,2510,Advanced Writing Seminar,013441,"Carey,Tamika",004,12420,College & Graduate Arts & Sci,3.71,15,0,3,10,2,0,0,0,0,0,0
2022 Spring,EVSC,1010,Intro Environmental Sciences,013836,"Smith,Thomas",001,10139,College & Graduate Arts & Sci,3.79,297,24,160,75,20,9,5,2,1,0,1
2022 Spring,PHYS,2419,Intro Physics 2 Workshop,031079,"Sousa,Gabriel Lucas Andrade de",003,11415,College & Graduate Arts & Sci,2.75,22,0,0,2,3,7,4,1,3,1,1
2022 Spring,PHS,4991,GPH Capstone,044464,"Valdez,Rupa",005,19699,College & Graduate Arts & Sci,3.89,20,0,14,5,1,0,0,0,0,0,0
2022 Spring,GNUR,8660,Evidence-Based Practice,039371,"Westphal,Richard",001,17166,School of Nursing,3.74,18,2,2,13,1,0,0,0,0,0,0
2022 Spring,DS,6002,Ethics of Big Data I,043459,"Reia,Jhessica",003,19248,School of Data Science,3.99,23,15,7,1,0,0,0,0,0,0,0
2022 Spring,EVSC,3201,Fundamentals of Ecology Lab,014094,"Porter,Catherine",003,10154,College & Graduate Arts & Sci,3.76,14,1,11,0,1,0,0,0,0,0,1
2022 Spring,ANTH,5401,Linguistic Field Methods,000818,"Mirzayan,Armik",001,11490,College & Graduate Arts & Sci,3.34,13,2,3,3,2,1,1,0,0,0,1
2022 Spring,ENCW,4820,Poetry Program Poetics,012874,"Petrosino,Kiki",001,13003,College & Graduate Arts & Sci,3.86,14,10,3,0,0,0,0,0,1,0,0
2022 Spring,ARCH,3020,Foundation Studio V,001518,"Somers,Schaeffer",002,14394,School of Architecture,3.64,14,0,7,1,4,2,0,0,0,0,0
2022 Spring,PHYS,1429,Intro Physics 1 Workshop,031036,"Khawaja,Adil Umar",014,11335,College & Graduate Arts & Sci,3.31,25,0,0,9,9,4,2,1,0,0,0
2022 Spring,ENGL,2527,Shakespeare,012510,"Kinney,Clare",001,19099,College & Graduate Arts & Sci,3.49,20,0,3,7,6,4,0,0,0,0,0
2022 Spring,ENWR,1510,Writing and Critical Inquiry,013432,"Thomas,Rebecca",009,10601,College & Graduate Arts & Sci,3.75,17,0,12,2,1,0,1,1,0,0,0
2022 Spring,PPL,4010,Research Seminar,032136,"Zaffini,Sarita",002,12110,College & Graduate Arts & Sci,3.82,10,0,4,6,0,0,0,0,0,0,0
2022 Spring,KINE,4601,Athletic Injuries Lab,040719,"Stephens,Stephanie",1,14960,School of Education and HumanDev,3.94,25,5,17,2,0,1,0,0,0,0,0
2022 Spring,ARCH,2500,Special Topics in Architecture,039065,"Correa,Felipe",001,20204,School of Architecture,3.75,101,0,59,26,7,3,4,0,2,0,0
2022 Spring,ARCH,4020,Independent Design Res Studio,001547,"Comazzi,John",004,14400,School of Architecture,3.17,11,0,3,1,4,1,0,0,1,0,1
2022 Spring,ECON,4310,Economics of the Public Sector,007965,"Kripalani,Jessica",100,18364,College & Graduate Arts & Sci,3.63,27,5,6,7,5,3,1,0,0,0,0
2022 Spring,PSYC,2005,Rsch Methods & Data Analysis I,032539,"Clark,Jason",002,12720,College & Graduate Arts & Sci,3.32,168,14,37,45,23,12,12,12,3,2,8
2022 Spring,ECE,6332,VLSI Design,007717,"Stan,Mircea",001,16200,Engineering & Applied Science,3.85,8,0,4,4,0,0,0,0,0,0,0
2022 Spring,MDST,3830,History of Film I,023552,"Marshall,Matthew",001,12991,College & Graduate Arts & Sci,3.90,75,24,44,4,1,0,1,0,0,0,1
2022 Spring,GCOM,7671,Sustainability & Corp Soc Resp,044352,"Burroughs,James",001,14723,McIntire School of Commerce,3.77,49,0,16,30,3,0,0,0,0,0,0
2022 Spring,MSE,7340,Phase Transformations,024445,"Soffa,William",001,19663,Engineering & Applied Science,3.44,18,1,0,7,7,3,0,0,0,0,0
2022 Spring,ENWR,1510,Writing and Critical Inquiry,013432,"Wallace,Samantha",049,12254,College & Graduate Arts & Sci,3.73,18,0,6,9,3,0,0,0,0,0,0
2022 Spring,ECON,2010,Principles of Econ: Microecon,007876,"Doyle,Carter",091,13480,College & Graduate Arts & Sci,3.07,207,3,20,54,26,36,20,18,21,4,5
2022 Spring,KINE,3630,Emergency Medical Care,009126,"Thompson,Xavier",2,15066,School of Education and HumanDev,3.84,28,0,16,10,2,0,0,0,0,0,0
2022 Spring,RELA,3073,Religion & Society in Nigeria,045853,"Ogunnaike,Oludamini",001,19228,College & Graduate Arts & Sci,3.75,10,3,2,4,0,0,1,0,0,0,0
2022 Spring,COMM,4372,Int Comm & Digital Campaign,006697,"Heilman,Carrie",001,14652,McIntire School of Commerce,4.00,30,5,25,0,0,0,0,0,0,0,0
2022 Spring,EDLF,3240,Educ Multicultural Societies,044021,"Saavedra,David",1,15078,School of Education and HumanDev,3.65,24,4,8,7,0,2,2,1,0,0,0
2022 Spring,EDLF,3240,Educ Multicultural Societies,044021,"Sung,Jieun",2,15158,School of Education and HumanDev,3.88,21,0,14,6,1,0,0,0,0,0,0
2022 Spring,ARCH,2020,Foundation Studio III,001494,"Aranguren,Maria Gonzalez",005,14467,School of Architecture,3.57,14,2,1,5,5,1,0,0,0,0,0
2022 Spring,ANTH,3589,Topics in Archaeology,041142,"Wattenmaker,Patricia",001,19376,College & Graduate Arts & Sci,3.43,29,0,2,18,7,0,0,0,0,1,1
2022 Spring,SPAN,3010,Grammar and Composition I,035893,"Silva,Sergio",006,11359,College & Graduate Arts & Sci,3.88,10,0,6,4,0,0,0,0,0,0,0
2022 Spring,HIAF,3501,Introductory History Workshop,046576,"Burrill,Emily",001,20462,College & Graduate Arts & Sci,3.59,16,0,8,6,1,0,0,0,0,0,1
2022 Spring,LPPP,4991,Capstone Seminar,042163,"Stam,Allan",005,16977,Batten Leadership & Public Pol,3.78,12,2,4,4,2,0,0,0,0,0,0
2022 Spring,MAE,6260,Robotic Autonomy,046515,"Furukawa,Tomonari",001,19651,Engineering & Applied Science,3.81,7,2,2,2,1,0,0,0,0,0,0
2022 Spring,PHYS,1559,New Course: PHYS,039720,"Group,Robert",001,20069,College & Graduate Arts & Sci,3.60,23,6,11,2,1,0,0,1,0,1,1
2022 Spring,ARTH,4591,Seminar in the History of Art,002569,"Dakouri-Hild,Anastasia",001,12637,College & Graduate Arts & Sci,3.49,11,2,5,2,0,1,0,0,0,0,1
2022 Spring,SPAN,2020,Advanced Intermediate Spanish,035854,"Hervas,Maria Jose Jorquera",001,14110,College & Graduate Arts & Sci,3.82,16,5,6,3,0,2,0,0,0,0,0
2022 Spring,ARCH,2020,Foundation Studio III,001494,"Haro,Jaime Sanz",003,14391,School of Architecture,3.34,14,0,3,4,3,3,0,0,0,0,1
2022 Spring,STS,4600,Engr Ethcs Prof Responsibility,036750,"Earle,Joshua",003,15490,Engineering & Applied Science,3.72,35,0,28,0,0,5,0,1,0,0,1
2022 Spring,PHYS,5640,Computational Physics II,030898,"Hirosky,Robert",001,10388,College & Graduate Arts & Sci,3.91,10,0,7,3,0,0,0,0,0,0,0
2022 Spring,PHYS,2040,Princip of Physics 2 Workshop,030812,"Hagemeier,Andrew",006,10367,College & Graduate Arts & Sci,3.69,25,0,8,11,5,1,0,0,0,0,0
2022 Spring,LAW,8633,Nonprofit Clinic (YR),040198,"Sipe,Maynard",1,17433,School of Law,3.45,6,0,0,3,2,1,0,0,0,0,0
2022 Spring,ENGL,2508,Studies in Fiction,012491,"Arata,Stephen",001,19120,College & Graduate Arts & Sci,3.19,18,0,6,4,3,2,1,0,0,0,2
2022 Spring,ECON,2010,Principles of Econ: Microecon,007876,"Carr,Geoffrey",300,18352,College & Graduate Arts & Sci,3.35,30,0,5,9,7,5,1,2,0,1,0
2022 Spring,STAT,1601,Intro Data Science with R,045055,"Afriyie,Prince",002,12554,College & Graduate Arts & Sci,3.28,135,4,19,38,26,24,11,5,5,1,2
2022 Spring,COMM,3720,Intermediate Corporate Finance,006484,"Parham,Robert",005,14673,McIntire School of Commerce,3.32,32,1,1,10,9,6,5,0,0,0,0
2022 Spring,MATH,3351,Elementary Linear Algebra,023081,"Pun,Anna Ying",001,10278,College & Graduate Arts & Sci,3.46,39,6,15,6,4,2,2,0,1,0,3
2022 Spring,ENWR,1510,Writing and Critical Inquiry,013432,"Shaman,Cory",037,11967,College & Graduate Arts & Sci,3.88,18,1,11,5,1,0,0,0,0,0,0
2022 Spring,STS,4810,New Product Development,037153,"Archer,Rob",001,15520,Engineering & Applied Science,3.82,37,0,20,14,2,1,0,0,0,0,0
2022 Spring,PHS,7020,Epi & Translational Research,030366,"Wells,Kristen",001,18244,Medical School - BIMS/PHS,3.97,21,13,6,2,0,0,0,0,0,0,0
2022 Spring,SPAN,1060,Accelerated Elementary Spanish,035820,"Hogg,Jennifer",012,13018,College & Graduate Arts & Sci,3.61,18,1,6,7,1,0,2,1,0,0,0
2022 Spring,ECON,4030,Market Design,046168,"Johnson,Terence",001,18355,College & Graduate Arts & Sci,3.86,40,14,21,3,1,0,0,0,0,0,1
2022 Spring,BIOL,2200,Intro Bio w/Lab: Orgnsm & Evol,003471,"Manson,Jessamyn",002,11728,College & Graduate Arts & Sci,3.46,438,39,93,130,66,46,35,13,6,6,4
2022 Spring,DRAM,1020,Speaking in Public,007178,"Garey,Cady",004,13799,College & Graduate Arts & Sci,3.83,16,0,9,6,0,1,0,0,0,0,0
2022 Spring,EVSC,4991,Conserv. Theory and Practice,043438,"Epstein,Howard",001,11705,College & Graduate Arts & Sci,3.95,26,0,22,4,0,0,0,0,0,0,0
2022 Spring,MSE,6020,Defects & Microstruct in Matls,024420,"Zhigilei,Leonid",600,19660,Engineering & Applied Science,3.50,6,1,0,2,2,1,0,0,0,0,0
2022 Spring,MATH,1220,A Survey of Calculus II,022945,"Dimou,Evangelos",600,10257,College & Graduate Arts & Sci,2.99,32,2,8,1,5,2,2,3,6,3,0
2022 Spring,GCOM,7720,Info Mgmt for Financial Svcs,015427,"Grazioli,Stefano",1,14657,McIntire School of Commerce,3.70,42,3,16,15,5,1,0,1,1,0,0
2022 Spring,MATH,1140,Financial Mathematics,022937,"Tarighat,Mojdeh",001,10242,College & Graduate Arts & Sci,2.95,39,1,11,4,3,5,4,2,2,3,4
2022 Spring,CHEM,2820,Thermo/Kinetics (Accelerated),005712,"Welch,Kevin",100,10067,College & Graduate Arts & Sci,3.85,36,4,17,13,2,0,0,0,0,0,0
2022 Spring,MATH,1320,Calculus II,022954,"Sonkin,Dmitriy",100,11958,College & Graduate Arts & Sci,3.28,21,4,5,0,3,6,1,1,0,0,1
2022 Spring,PHYS,2020,Principles of Physics 2,030810,"Shields,Matthew Wayne",300,11469,College & Graduate Arts & Sci,3.99,29,2,26,1,0,0,0,0,0,0,0
2022 Spring,BIOL,4770,Synthetic Biology,043426,"Kozminski,Keith",001,11717,College & Graduate Arts & Sci,3.71,15,0,3,10,2,0,0,0,0,0,0
2022 Spring,APMA,2130,Ordinary Differentl Equations,001145,"Williams,Robert",003,15386,Engineering & Applied Science,2.47,41,0,5,5,2,3,6,4,6,3,7
2022 Spring,SPAN,3300,Texts and Interpretation,035904,"West,Rachel",007,12050,College & Graduate Arts & Sci,3.66,16,1,6,6,0,2,0,1,0,0,0
2022 Spring,PHYS,5160,Introduction to String Theory,041845,"Arnold,Peter",001,13883,College & Graduate Arts & Sci,3.50,12,1,4,2,2,1,1,1,0,0,0
2022 Spring,BIOL,3010,Genetics and Molecular Biology,003526,"Guler,Ali",001,11693,College & Graduate Arts & Sci,3.16,223,3,66,29,31,34,17,5,18,7,13
2022 Spring,LASE,3111,Skills of Scholarship,041031,"Rose,Kevin",004,11714,College & Graduate Arts & Sci,3.34,14,0,6,2,2,0,2,0,0,2,0
2022 Spring,EGMT,1520,Empirical Engagement,044513,"Elia,Matt",201,12675,College & Graduate Arts & Sci,3.96,37,9,23,5,0,0,0,0,0,0,0
2022 Spring,CS,2150,Program & Data Representation,006881,"Bloomfield,Aaron",001,15421,Engineering & Applied Science,2.87,191,3,57,24,19,23,8,11,9,8,29
2022 Spring,SPAN,2020,Advanced Intermediate Spanish,035854,"Garcia,Zaida Villanueva",020,11353,College & Graduate Arts & Sci,3.48,18,0,3,9,2,1,2,1,0,0,0
2022 Spring,DRAM,3410,Acting II,007263,"Kubik,Marianne",002,13811,College & Graduate Arts & Sci,3.81,12,0,9,2,0,0,0,1,0,0,0
2022 Spring,MAE,6360,Gas Dynamics,022665,"Dedic,Chloe",001,19654,Engineering & Applied Science,3.53,12,1,3,5,1,0,0,2,0,0,0
2022 Spring,DRAM,2020,Acting I,007200,"Kelly,Colleen",006,12071,College & Graduate Arts & Sci,3.75,13,0,8,3,0,1,1,0,0,0,0
2022 Spring,SPAN,2010,Intermediate Spanish,035853,"Jarque,Esperanza Gorriz",012,11350,College & Graduate Arts & Sci,3.69,18,0,4,12,1,0,1,0,0,0,0
2022 Spring,MATH,3250,Ordinary Differential Equatns,023068,"Grujic,Zoran",200,10272,College & Graduate Arts & Sci,3.03,29,3,4,5,4,1,4,2,4,1,1
2022 Spring,COMM,3200,Project & Product Management,006498,"Leopold,Jeffrey",001,14648,McIntire School of Commerce,3.75,41,0,14,22,4,1,0,0,0,0,0
2022 Spring,COMM,4822,Invest in Sustainable Future,006744,"White,Mark",001,14674,McIntire School of Commerce,3.47,20,0,9,4,4,1,0,1,0,0,1
2022 Spring,SOC,4530,Topics in Sociology of Health,045393,"Aviles,Natalie",001,17951,College & Graduate Arts & Sci,3.73,20,1,8,7,3,0,1,0,0,0,0
2022 Spring,HIUS,3456,America in World since 1914,019611,"Zelikow,Philip",001,19388,College & Graduate Arts & Sci,3.57,30,0,9,10,7,2,1,1,0,0,0
2022 Spring,EDIS,4320,Teaching Mathematics Elem,046127,"Lilly,Sarah",1,19693,School of Education and HumanDev,3.94,22,15,5,1,0,1,0,0,0,0,0
2022 Spring,MATH,1320,Calculus II,022954,"Gagne,Matthew",400,12643,College & Graduate Arts & Sci,3.08,21,2,5,1,2,6,1,2,0,0,2
2022 Spring,DRAM,2020,Acting I,007200,"Faulkner,Auntais",002,11530,College & Graduate Arts & Sci,3.89,14,0,12,1,0,0,1,0,0,0,0
2022 Spring,AAS,2500,Topics in Africana Studies,046413,"Pendergrass,Sabrina",005,20716,College & Graduate Arts & Sci,3.16,14,0,7,1,1,0,1,2,1,0,1
2022 Spring,MATH,3100,Introduction to Probability,023058,"Petrov,Leonid",001,11433,College & Graduate Arts & Sci,3.37,35,0,13,9,4,1,3,0,2,1,2
2022 Spring,COMM,3700,Markets and Investing,046289,"Finley,Edward",001,20192,McIntire School of Commerce,3.35,39,0,5,10,12,6,6,0,0,0,0
2022 Spring,PHS,7470,Mngt & Quality in HC Orgs,030390,"Bolmey,Armando",001,18250,Medical School - BIMS/PHS,4.00,35,4,31,0,0,0,0,0,0,0,0
2022 Spring,EVSC,3200,Fundamentals of Ecology,013913,"Ribeiro,Natasha",001,10151,College & Graduate Arts & Sci,3.29,101,1,25,23,17,12,7,9,3,3,1
2022 Spring,ENWR,1510,Writing and Critical Inquiry,013432,"Rodriguez,Roberto",043,12248,College & Graduate Arts & Sci,3.94,17,2,14,0,0,1,0,0,0,0,0
2022 Spring,ENGL,3025,African American English,045499,"Smith,Connie",001,20165,College & Graduate Arts & Sci,3.89,15,0,11,3,1,0,0,0,0,0,0
2022 Spring,ITAL,1020,Elementary Italian II,020556,"Mattioli,Stella",002,12574,College & Graduate Arts & Sci,3.92,19,0,14,5,0,0,0,0,0,0,0
2022 Spring,ARCH,5500,Special Topics in Architecture,001621,"Mark,Earl",002,14460,School of Architecture,3.79,19,0,12,3,3,1,0,0,0,0,0
2022 Spring,CE,2110,Environmental Engineering Lab,040525,"Culver,Teresa",002,15532,Engineering & Applied Science,3.52,14,4,1,2,3,4,0,0,0,0,0
2022 Spring,AAS,2224,Black Fem & Masc in US Media,042659,"Shutt,Lisa",001,11522,College & Graduate Arts & Sci,3.52,19,0,9,2,5,1,0,1,0,1,0
2022 Spring,CE,6015,Project Management,046363,"Pennetti,Cody",600,20042,Engineering & Applied Science,3.67,19,0,12,2,1,2,1,1,0,0,0
2022 Spring,ALAR,8020,Research Studio 2,000310,"Seibert,Matthew",004,14415,School of Architecture,3.52,5,0,1,1,3,0,0,0,0,0,0
2022 Spring,CHEM,1421,Intro College Chemistry II Lab,005994,"Morkowchuk,Lisa",035,14060,College & Graduate Arts & Sci,3.74,24,10,8,2,1,0,2,0,0,1,0
2022 Spring,CHE,2216,Mod & Simulation in Chem Engr,005439,"Giri,Gaurav",001,15433,Engineering & Applied Science,3.11,38,0,6,10,3,6,3,5,4,1,0
2022 Spring,ARCH,6020,Foundation Studio II,001669,"Shieh,Evan",002,20201,School of Architecture,3.67,11,0,3,5,3,0,0,0,0,0,0
2022 Spring,EVSC,4490,Air Pollution,013957,"Pusede,Sally",001,12260,College & Graduate Arts & Sci,3.66,23,2,13,3,2,0,2,0,0,0,1
2022 Spring,ARCH,7020,Foundation Studio IV,042373,"Crespo,Luis Pancorbo",004,14483,School of Architecture,3.67,14,2,3,5,3,1,0,0,0,0,0
2022 Spring,STS,4600,Engr Ethcs Prof Responsibility,036750,"Seabrook,Bryn",012,15854,Engineering & Applied Science,3.88,35,0,23,11,0,1,0,0,0,0,0
2022 Spring,GERM,2010,Intermediate German,015678,"Neuhaus,Christina",002,11536,College & Graduate Arts & Sci,3.16,11,0,5,4,0,0,0,0,0,0,2
2022 Spring,ENGL,3825,Desktop Publishing,043442,"Livingood,James",001,19242,College & Graduate Arts & Sci,3.81,19,5,10,2,0,0,1,1,0,0,0
2022 Spring,SOC,3640,Human Society in History,043077,"Kumar,Krishan",001,17948,College & Graduate Arts & Sci,3.27,31,0,6,8,8,4,2,1,0,1,1
2022 Spring,ARTS,2222,Introduction to New Media II,002859,"Lyon,Calista",001,10019,College & Graduate Arts & Sci,3.59,12,6,1,2,0,1,1,0,1,0,0
2022 Spring,BIOL,4040,Laboratory in Cell Biology,003591,"Bloom,George",101,12203,College & Graduate Arts & Sci,3.37,24,1,7,5,2,5,1,1,1,1,0
2022 Spring,PLAP,4601,Democracy in America,031598,"Kromkowski,Charles",001,20468,College & Graduate Arts & Sci,3.62,13,0,4,5,2,2,0,0,0,0,0
2022 Spring,LASE,3510,Topics in the Liberal Arts,046610,"LaFleur,Jennifer",002,21464,College & Graduate Arts & Sci,3.74,14,0,11,0,1,1,0,0,1,0,0
2022 Spring,APMA,3110,Applied Stats & Probability,001153,"Pisano,Stacie",001,15395,Engineering & Applied Science,2.74,44,3,3,5,5,8,3,5,5,4,3
2022 Spring,ECON,3010,Intermediate Microeconomics,007908,"Santugini,Marc",300,18349,College & Graduate Arts & Sci,3.05,58,8,16,9,2,4,3,6,1,2,7
2022 Spring,STS,4500,STS and Engineering Practice,036749,"Wylie,Caitlin",001,15487,Engineering & Applied Science,3.64,26,0,14,4,3,4,0,0,1,0,0
2022 Spring,PLPT,4500,Special Topics,031937,"Issar,Siddhant",002,13558,College & Graduate Arts & Sci,3.20,12,0,4,1,1,4,1,0,0,0,1
2022 Spring,STAT,3130,Dsgn & Analy of Sample Surveys,036663,"Spitzner,Dan",001,18412,College & Graduate Arts & Sci,3.21,54,0,8,11,9,15,4,4,2,1,0
2022 Spring,EDLF,7132,Legal Aspects of College Admin,009797,"Leffers,Robert",1,14939,School of Education and HumanDev,3.70,14,0,7,4,1,1,1,0,0,0,0
2022 Spring,PHYS,1429,Intro Physics 1 Workshop,031036,"AbdelMalak,Andrew",020,10358,College & Graduate Arts & Sci,3.33,26,0,2,7,8,7,2,0,0,0,0
2022 Spring,ARCH,6261,Building Workshop II,040966,"MacDonald,Katie",001,14406,School of Architecture,3.79,34,5,11,14,4,0,0,0,0,0,0
2022 Spring,ECON,2020,Principles of Econ: Macroecon,007877,"Coppock,Lee",002,10103,College & Graduate Arts & Sci,3.11,420,12,50,90,95,66,24,29,23,16,15
2022 Spring,PLCP,4140,Democracy and Dictatorship,031702,"Waldner,David",001,17897,College & Graduate Arts & Sci,3.71,14,0,3,9,2,0,0,0,0,0,0
2022 Spring,PLAP,3400,American Political Economy,044879,"Pivonka,Evan",002,12399,College & Graduate Arts & Sci,3.87,26,0,18,6,1,1,0,0,0,0,0
2022 Spring,MUSI,2090,Sound Studies,044426,"Lobley,Noel",100,13320,College & Graduate Arts & Sci,3.73,18,4,10,3,0,0,0,0,0,0,1
2022 Spring,ENGL,2500,Intro to Literary Studies,012548,"Tucker,Herbert",001,19108,College & Graduate Arts & Sci,3.17,15,0,2,4,2,3,2,0,1,1,0
2022 Spring,SYS,3062,Discrete Event Simulation,036907,"Bezzo,Nicola",001,15859,Engineering & Applied Science,3.51,72,17,18,10,14,1,6,2,2,1,1
2022 Spring,PSPA,5020,Public Organization Mgmt,040509,"Greene,Celeste",701,20045,Continuing & Prof Studies,3.85,24,11,6,5,1,0,1,0,0,0,0
2022 Spring,MATH,1210,A survey of Calculus I,022944,"Wu,Aoran",200,10245,College & Graduate Arts & Sci,2.87,35,0,5,6,2,4,8,2,4,2,2
2022 Spring,CHIN,4030,Business Chinese,006069,"Liang,Hsin Hsin",002,11734,College & Graduate Arts & Sci,3.57,10,1,5,2,1,0,0,0,0,0,1
2022 Spring,PHYS,1429,Intro Physics 1 Workshop,031036,"Rieger,Peyton",013,10352,College & Graduate Arts & Sci,3.31,25,0,0,5,14,6,0,0,0,0,0
2022 Spring,SPAN,2020,Advanced Intermediate Spanish,035854,"Florez-Murillo,David",022,11371,College & Graduate Arts & Sci,3.75,16,0,10,3,2,0,0,1,0,0,0
2022 Spring,APMA,3100,Probability,001152,"Krzysztofowicz,Roman",001,15392,Engineering & Applied Science,3.00,11,1,3,2,2,1,0,0,0,0,2
2022 Spring,CHEM,1421,Intro College Chemistry II Lab,005994,"Morkowchuk,Lisa",004,10731,College & Graduate Arts & Sci,3.66,23,11,2,5,2,1,1,0,0,0,1
2022 Spring,MATH,2310,Calculus III,023024,"Olsen,William",200,10266,College & Graduate Arts & Sci,2.27,23,0,1,2,1,6,2,1,3,2,5
2022 Spring,ENWR,1506,Writing & Critical Inquiry S2,013429,"Sullivan,Patricia",004,10136,College & Graduate Arts & Sci,3.48,10,0,2,5,2,0,0,0,0,1,0
2022 Spring,FORU,2500,Forum Capstone Experience,044895,"Alvarado,Rafael",002,12393,College & Graduate Arts & Sci,3.77,26,3,19,1,1,1,0,0,0,0,1
2022 Spring,ARAB,1020,Elementary Arabic II,001280,"Maanaki,Bilal",001,10013,College & Graduate Arts & Sci,3.81,17,0,13,1,0,3,0,0,0,0,0
2022 Spring,ENWR,1510,Writing and Critical Inquiry,013432,"Ireland,Casey",015,10607,College & Graduate Arts & Sci,3.64,17,0,7,6,2,0,1,1,0,0,0
2022 Spring,MATH,7752,Algebra II,023232,"Gazaki,Evangelia",001,10284,College & Graduate Arts & Sci,3.81,12,2,8,0,0,1,1,0,0,0,0
2022 Spring,ITAL,2030,Int Italian II (Professionals),044896,"Mattioli,Stella",001,12408,College & Graduate Arts & Sci,3.92,11,4,4,3,0,0,0,0,0,0,0
2022 Spring,MAE,3010,Astronautics,022579,"Arney,Dale",001,15454,Engineering & Applied Science,3.29,50,7,10,6,10,7,4,1,2,2,1
2022 Spring,SPAN,2020,Advanced Intermediate Spanish,035854,"Ballesta,Marina Escamez",009,12137,College & Graduate Arts & Sci,3.73,18,1,5,9,3,0,0,0,0,0,0
2022 Spring,STS,2500,S & T in Soc & Global Context,036734,"Berne,Rosalyn",001,16206,Engineering & Applied Science,3.29,34,0,7,7,5,12,2,0,0,0,1
2022 Spring,KINE,3630,Emergency Medical Care,009126,"Thompson,Xavier",1,14963,School of Education and HumanDev,3.92,29,0,23,5,1,0,0,0,0,0,0
2022 Spring,SPAN,4715,Cuban Cinema,039962,"Pellon,Gustavo",001,19094,College & Graduate Arts & Sci,3.24,17,0,4,5,3,2,1,0,1,0,1
2022 Spring,CS,3501,Spec Topics Computer Science,045086,"Orr,Daniel",003,21521,Engineering & Applied Science,3.49,21,3,12,0,1,2,0,0,2,0,1
2022 Spring,MDST,2690,Sports Journalism,044470,"Clay,Anna",001,14063,College & Graduate Arts & Sci,3.64,24,0,4,14,5,1,0,0,0,0,0
2022 Spring,PHYS,1429,Intro Physics 1 Workshop,031036,"Kartseva,Victoria",012,11412,College & Graduate Arts & Sci,3.27,20,0,0,7,6,4,2,1,0,0,0
2022 Spring,PLCP,2420,Politics of Modernity,031686,"Echeverri-Gent,John",100,12307,College & Graduate Arts & Sci,3.38,53,0,5,16,19,10,2,0,0,1,0
2022 Spring,MAE,6250,Multibody Mechanical Systems,022660,"Russell,Shawn",001,16419,Engineering & Applied Science,3.77,9,0,2,7,0,0,0,0,0,0,0
2022 Spring,MDST,2305,Podcasting Radio Sound,043728,"Majerczyk,Elliot",001,12983,College & Graduate Arts & Sci,3.36,14,2,4,2,3,1,1,0,0,0,1
2022 Spring,PHS,7201,Health Care Financial Mngt,044921,"Howell,Edward",001,18262,Medical School - BIMS/PHS,3.93,12,0,9,3,0,0,0,0,0,0,0
2022 Spring,LPPP,4210,Ethics in Public Policy,042160,"Campanelli,Richard",001,16956,Batten Leadership & Public Pol,3.50,48,4,14,8,9,8,3,2,0,0,0
2022 Spring,PHS,5621,Health Impact Assessment,040726,"Somers,Schaeffer",001,18241,Medical School - BIMS/PHS,3.88,12,0,7,5,0,0,0,0,0,0,0
2022 Spring,JAPN,2020,Second-Year Japanese II,020743,"Ito,Takuya",003,18316,College & Graduate Arts & Sci,3.42,13,0,3,3,2,4,1,0,0,0,0
2022 Spring,EDIS,7720,Word Study,009524,"Hayes,Latisha",500,17334,School of Education and HumanDev,3.74,19,0,11,4,2,1,1,0,0,0,0
2022 Spring,EDLF,5700,"Race, Ethnicity and Diversity",043451,"Mandviwala,Tasneem",1,15146,School of Education and HumanDev,3.87,10,0,7,2,1,0,0,0,0,0,0
2022 Spring,PSPM,5210,Project Risk Management,029797,"Powers,Michael",701,20048,Continuing & Prof Studies,3.75,25,1,20,2,0,0,0,1,0,0,1
2022 Spring,HIEA,4501,Seminar in East Asian History,018308,"Seeley,Joseph",001,13436,College & Graduate Arts & Sci,3.91,14,0,11,2,1,0,0,0,0,0,0
2022 Spring,HIST,4501,Major Seminar,019210,"McBrien,Justin",002,19994,College & Graduate Arts & Sci,3.77,13,0,9,1,2,0,1,0,0,0,0
2022 Spring,WGS,3340,Transnational Feminism,040835,"Keys,Domale",001,17972,College & Graduate Arts & Sci,3.48,29,0,1,16,8,2,2,0,0,0,0
2022 Spring,LPPS,3040,US National Security Policy,046149,"Stam,Allan",001,20072,Batten Leadership & Public Pol,3.70,46,0,12,25,9,0,0,0,0,0,0
2022 Spring,ENWR,1510,Writing and Critical Inquiry,013432,"Smith,Stirling",064,13090,College & Graduate Arts & Sci,3.66,16,1,3,8,3,1,0,0,0,0,0
2022 Spring,ENWR,1506,Writing & Critical Inquiry S2,013429,"Kostelnik,Kate",001,10133,College & Graduate Arts & Sci,3.73,12,0,7,3,1,0,0,1,0,0,0
2022 Spring,CHTR,3020,Survey of Modern Chinese Lit,040532,"Laughlin,Charles",001,12577,College & Graduate Arts & Sci,3.77,36,2,18,10,5,0,0,1,0,0,0
2022 Spring,PHS,5100,Hlth Care Pol & Mngt,039591,"Balkrishnan,Rajesh",001,20698,Medical School - BIMS/PHS,3.94,19,3,12,4,0,0,0,0,0,0,0
2022 Spring,ECE,3502,Special Topics ECE,040914,"Fletcher,Tom",001,16670,Engineering & Applied Science,3.07,19,4,3,2,1,6,0,0,0,0,3
2022 Spring,PHS,4050,Public Health Policy,043758,"Quissell,Kathryn",001,12737,College & Graduate Arts & Sci,3.88,45,32,9,2,1,0,0,0,0,0,1
2022 Spring,ARCH,7020,Foundation Studio IV,042373,"Robles,Ines Martin",002,14448,School of Architecture,3.63,10,1,2,3,4,0,0,0,0,0,0
2022 Spring,CS,3205,HCI in Software Development,006898,"Apostolellis,Panagiotis",001,16146,Engineering & Applied Science,3.51,89,4,35,15,14,11,6,0,1,2,1
2022 Spring,ECON,4195,Empirical IO,043548,"Aryal,Gaurab",001,12325,College & Graduate Arts & Sci,3.81,17,7,5,3,0,1,1,0,0,0,0
2022 Spring,ENWR,1510,Writing and Critical Inquiry,013432,"Dierdorff,Hannah",029,12011,College & Graduate Arts & Sci,3.74,18,0,9,5,3,1,0,0,0,0,0
2022 Spring,CHEM,2420,Organic Chemistry II,005699,"Samonina,Jelena",400,13895,College & Graduate Arts & Sci,2.78,100,5,12,11,19,14,6,8,3,8,14
2022 Spring,ACCT,5310,Topics in Advanced Accounting,000192,"Brooks,Gary",701,19949,Continuing & Prof Studies,3.43,7,2,4,0,0,0,0,0,0,0,1
2022 Spring,LPPL,7055,Strats & Processes Negotiation,041248,"Chou,Eileen",001,20083,Batten Leadership & Public Pol,3.75,30,0,13,14,0,2,1,0,0,0,0
2022 Spring,RELG,5835,Ethnography Study of Religion,042631,"Ochs,Vanessa",001,18954,College & Graduate Arts & Sci,3.88,5,0,3,2,0,0,0,0,0,0,0
2022 Spring,ENWR,2520,Special Topics in Writing,013448,"Kostelnik,Kate",004,13087,College & Graduate Arts & Sci,3.96,16,1,13,2,0,0,0,0,0,0,0
2022 Spring,MATH,1140,Financial Mathematics,022937,"Abdelbaki,Ala",002,11681,College & Graduate Arts & Sci,2.67,43,1,5,6,6,5,4,3,4,1,8
2022 Spring,MUSI,3030,Studies in 19th-Century Music,024788,"Ozment,Elizabeth",001,13341,College & Graduate Arts & Sci,3.80,18,4,11,1,0,0,1,0,1,0,0
2022 Spring,ISSS,4458,The Cold War,020437,"Pitman,Paul",101,19985,Continuing & Prof Studies,3.23,21,0,4,3,7,5,1,0,0,0,1
2022 Spring,DRAM,2020,Acting I,007200,"Kelly,Colleen",005,11678,College & Graduate Arts & Sci,3.65,12,0,2,7,3,0,0,0,0,0,0
2022 Spring,GSMS,4991,Fourth-year Seminar,044595,"Farmer,Tessa",001,12571,College & Graduate Arts & Sci,3.81,15,0,11,2,0,1,1,0,0,0,0
2022 Spring,ENWR,2800,Public Speaking,045101,"Allison,Kiera",002,12560,College & Graduate Arts & Sci,3.79,16,0,9,4,3,0,0,0,0,0,0
2022 Spring,EDLF,8383,Qualitative Inquiry,044850,"Hitt,Dallas",500,17352,School of Education and HumanDev,3.93,13,4,6,3,0,0,0,0,0,0,0
2022 Spring,MATH,3250,Ordinary Differential Equatns,023068,"Melcher,Tai",300,12002,College & Graduate Arts & Sci,3.12,25,5,6,3,1,2,2,1,2,0,3
2022 Spring,PHS,4050,Public Health Policy,043758,"Colvin,Chris",002,13886,College & Graduate Arts & Sci,3.95,30,0,25,5,0,0,0,0,0,0,0
2022 Spring,ENGL,3540,Studies in Nineteenth-Century,012784,"Arata,Stephen",001,20186,College & Graduate Arts & Sci,3.66,30,0,10,12,5,3,0,0,0,0,0
2022 Spring,ARTS,2610,Drawing I,002836,"Schoyer,Elizabeth",001,11637,College & Graduate Arts & Sci,3.97,18,3,13,2,0,0,0,0,0,0,0
2022 Spring,GERM,3000,Advanced German,015707,"Schroeder,Kathryn",001,11639,College & Graduate Arts & Sci,3.75,13,0,9,2,0,1,0,1,0,0,0
2022 Spring,STAT,2020,Statistics for Biologists,039999,"Ferrara,Maria",001,11642,College & Graduate Arts & Sci,3.59,115,24,29,30,13,9,5,2,0,0,3
2022 Spring,PHYS,1425,Intro Physics 1 for Engineers,031032,"Norum,Blaine",002,10340,College & Graduate Arts & Sci,3.25,210,11,19,46,37,42,49,4,1,0,1
2022 Spring,PHYS,1429,Intro Physics 1 Workshop,031036,"Ahuja,Sonakshi",008,10349,College & Graduate Arts & Sci,3.42,26,0,0,13,8,3,2,0,0,0,0
2022 Spring,EDHS,4810,Personal Adjustment,009132,"Rambo,Tim",001,14805,School of Education and HumanDev,3.77,77,6,48,15,0,5,0,1,0,1,1
2022 Spring,EDHS,8240,Substance Abuse Counseling,009270,"Pleszkoch,Elisabeth",001,14838,School of Education and HumanDev,3.94,22,0,20,0,2,0,0,0,0,0,0
2022 Spring,EDIS,7815,Pro-seminar: Innovations in Ed,044637,"Wheelock,Matthew",500,17337,School of Education and HumanDev,3.92,25,0,20,4,1,0,0,0,0,0,0
2022 Spring,ANTH,5410,Phonology,000850,"Mirzayan,Armik",001,13871,College & Graduate Arts & Sci,3.78,10,2,3,4,0,1,0,0,0,0,0
2022 Spring,ANTH,3100,Indigenous Landscapes,045425,"Igoe,Jim",001,19385,College & Graduate Arts & Sci,3.74,23,1,8,11,2,0,1,0,0,0,0
2022 Spring,PHYS,7210,Statistical Mechanics,030954,"Kolomeisky,Eugene",001,10391,College & Graduate Arts & Sci,3.28,29,4,2,4,6,5,8,0,0,0,0
2022 Spring,COMM,3040,Strategic Value Creation,006456,"King,Adelaide",004,14618,McIntire School of Commerce,3.44,45,0,10,10,15,7,1,2,0,0,0
2022 Spring,COMM,2010,Intro to Financial Accounting,006440,"Martin,Roger",100,14612,McIntire School of Commerce,3.07,161,27,23,18,21,16,12,8,24,3,9
2022 Spring,PLAP,4500,Special Topics,031588,"Ceaser,James",003,13762,College & Graduate Arts & Sci,3.67,13,0,6,3,2,2,0,0,0,0,0
2022 Spring,FREN,2010,Intermediate French I,014315,"Hall,Elizabeth",002,10177,College & Graduate Arts & Sci,3.85,18,0,9,9,0,0,0,0,0,0,0
2022 Spring,DANC,4220,Modern/Contemporary III,040118,"Wright,Emily",001,19064,College & Graduate Arts & Sci,3.93,12,0,9,3,0,0,0,0,0,0,0
2022 Spring,PHYS,2020,Principles of Physics 2,030810,"Dukes,E",001,11902,College & Graduate Arts & Sci,3.04,224,16,37,26,24,38,28,19,16,10,10
2022 Spring,COMM,4559,New Course: COMM,040853,"Black,Christina",005,20257,McIntire School of Commerce,3.76,19,0,10,6,1,2,0,0,0,0,0
2022 Spring,DS,2001,Programming for Data Science,046058,"Suk,Youmi",001,18981,School of Data Science,3.84,39,13,19,2,1,1,3,0,0,0,0
2022 Spring,MUSI,2340,Learn to Groove,039726,"Jospe,Robert",001,11248,College & Graduate Arts & Sci,3.99,20,6,13,1,0,0,0,0,0,0,0
2022 Spring,ARCH,1030,Foundation Studio I,042201,"McQuistion,Lauren",002,14522,School of Architecture,3.37,32,1,5,11,8,2,1,1,2,1,0
2022 Spring,CHEM,5380,Structure Diffraction Methods,005815,"Dickie,Diane",001,12746,College & Graduate Arts & Sci,3.24,19,0,5,5,2,2,3,1,0,0,1
2022 Spring,CS,3710,Intro to Cybersecurity,045511,"Orebaugh,Angela",001,16608,Engineering & Applied Science,3.86,145,0,94,44,2,5,0,0,0,0,0
2022 Spring,SOC,3700,Health and Society,043187,"Skubby,David",100,18298,College & Graduate Arts & Sci,3.41,38,3,14,6,3,6,3,1,0,0,2
2022 Spring,ARTS,2812,Introduction to Sculpture II,002887,"Miller,Edward",001,10025,College & Graduate Arts & Sci,3.91,15,3,10,1,0,1,0,0,0,0,0
2022 Spring,EDLF,3420,Athletics in the University,043147,"Starsia,Gerald",1,15311,School of Education and HumanDev,3.27,30,0,5,5,7,6,6,1,0,0,0
2022 Spring,MEST,3490,"Refuge, Otherness, and Crisis",046094,"Gilboa,Zvi",001,20465,College & Graduate Arts & Sci,3.88,19,6,10,1,1,0,1,0,0,0,0
2022 Spring,ARTS,2000,Intro to Studio Art,045397,"Shelton,Matthew",001,13711,College & Graduate Arts & Sci,3.59,20,4,9,2,1,1,1,1,0,0,1
2022 Spring,ARTS,2000,Intro to Studio Art,045397,"Chan,Amy",004,13714,College & Graduate Arts & Sci,3.87,20,0,14,4,2,0,0,0,0,0,0
2022 Spring,EVEC,5559,New Course: EVEC,039115,"Doney,Scott",001,18939,College & Graduate Arts & Sci,3.76,8,0,4,3,0,1,0,0,0,0,0
2022 Spring,GCOM,7560,Emerging Topics in Commerce,045585,"Maurer,Christopher Scott",001,14778,McIntire School of Commerce,3.69,29,1,10,11,5,1,1,0,0,0,0
2022 Spring,EGMT,1520,Empirical Engagement,044513,"Handel,John",206,12678,College & Graduate Arts & Sci,3.76,28,0,26,0,0,0,0,0,0,0,2
2022 Spring,ECON,4720,Econometric Methods,007983,"Kosenkova,Lidia",100,12625,College & Graduate Arts & Sci,3.24,16,0,4,2,5,4,0,0,0,0,1
2022 Spring,ISHU,3330,Write Where You Are,039936,"Matthews,Charlotte",101,19970,Continuing & Prof Studies,3.88,24,0,16,7,1,0,0,0,0,0,0
2022 Spring,WGS,3559,New Course: WGS,039979,"Leach,Brittany",002,20137,College & Graduate Arts & Sci,3.64,27,0,12,8,2,4,0,0,1,0,0
2022 Spring,GCOM,7560,Emerging Topics in Commerce,045585,"Mousavi,Reza",005,14793,McIntire School of Commerce,3.69,36,3,10,14,8,0,1,0,0,0,0
2022 Spring,ANTH,2589,Topics in Archaeology,041141,"Alconini,Sonia",100,19355,College & Graduate Arts & Sci,3.75,56,14,26,5,3,5,1,0,2,0,0
2022 Spring,PLAP,2250,American Political Tradition,031555,"Koganzon,Rita",001,13877,College & Graduate Arts & Sci,3.48,17,0,6,5,3,1,0,0,1,1,0
2022 Spring,ECON,4360,Empirical Finance,007970,"Peterson,Steven",001,11362,College & Graduate Arts & Sci,3.62,20,0,4,11,2,3,0,0,0,0,0
2022 Spring,CHEM,1421,Intro College Chemistry II Lab,005994,"Morkowchuk,Lisa",033,12298,College & Graduate Arts & Sci,3.69,24,13,5,2,0,1,1,0,0,2,0
2022 Spring,SOC,4850,"Media, Culture and Society",035513,"Mullins,Ian",001,13147,College & Graduate Arts & Sci,3.82,20,2,15,0,0,2,0,1,0,0,0
2022 Spring,EVSC,2010,Materials Shape Civilizations,013893,"Kelly,Robert",001,11857,College & Graduate Arts & Sci,3.08,142,12,19,35,17,19,7,10,5,5,13
2022 Spring,PLAP,2030,"Politics, Science and Values",031558,"Cushman,Stephen",001,17888,College & Graduate Arts & Sci,3.64,19,0,7,6,3,3,0,0,0,0,0
2022 Spring,ENCW,3310,Intermediate Poetry Writing I,013473,"Teare,Brian",002,19192,College & Graduate Arts & Sci,3.85,11,0,9,0,1,1,0,0,0,0,0
2022 Spring,BIOL,3000,Cell Biology,003525,"Kozminski,Keith",001,10049,College & Graduate Arts & Sci,2.54,124,0,23,6,7,33,8,5,14,5,23
2022 Spring,ECE,6502,Spec Top:Elect & Computer Engr,007732,"Shukla,Nikhil",001,16646,Engineering & Applied Science,3.75,12,2,5,2,2,1,0,0,0,0,0
2022 Spring,STAT,4220,Applied Analytics for Business,044088,"Martinet,Gretchen",002,18415,College & Graduate Arts & Sci,3.77,40,0,28,8,0,0,1,1,2,0,0
2022 Spring,RELG,3405,Black & Womanist Relg Thought,045856,"Crawley,Ashon",001,18957,College & Graduate Arts & Sci,3.51,18,0,7,7,1,2,0,0,0,0,1
2022 Spring,IT,3220,Strat Bus Value of Info Tech,020517,"Wentzel,Lisa",701,19988,Continuing & Prof Studies,3.58,12,10,0,0,0,1,0,0,0,0,1
2022 Spring,EDLF,3180,Lifespan Development,044394,"Sweeney,Beverly",1,15110,School of Education and HumanDev,3.80,28,1,19,5,1,1,0,0,0,1,0
2022 Spring,PLAN,3860,Cities and Nature,042846,"Beatley,Timothy",001,14528,School of Architecture,3.58,78,0,28,24,21,3,0,0,0,0,2
2022 Spring,ENGL,3161,Chaucer I,012680,"Rush,Rebecca",001,19210,College & Graduate Arts & Sci,3.54,22,0,8,9,3,0,1,0,0,0,1
2022 Spring,HIUS,3752,History of Early American Law,019613,"Dierksheide,Christa",001,18816,College & Graduate Arts & Sci,3.75,28,2,9,14,1,2,0,0,0,0,0
2022 Spring,APMA,2501,Special Topics in APMA,044139,"Hassanzadeh,Farzad",001,16461,Engineering & Applied Science,3.12,93,5,12,27,11,8,9,9,3,4,5
2022 Spring,SOC,2900,Economy & Society,040817,"Polillo,Simone",001,13144,College & Graduate Arts & Sci,3.57,34,1,14,8,5,2,2,1,0,1,0
2022 Spring,CHEM,1421,Intro College Chemistry II Lab,005994,"Morkowchuk,Lisa",030,12295,College & Graduate Arts & Sci,3.90,24,12,6,5,0,1,0,0,0,0,0
2022 Spring,ARTH,1507,Art and Global Cultures,045465,"Wong,Dorothy",100,13352,College & Graduate Arts & Sci,3.38,42,0,5,18,10,4,2,1,0,1,1
2022 Spring,BUS,5020,Security Policy Dev & Assess,004337,"Wojcik,Michael",701,19955,Continuing & Prof Studies,3.93,9,1,6,2,0,0,0,0,0,0,0
2022 Spring,SPAN,2020,Advanced Intermediate Spanish,035854,"Hervas,Maria Jose Jorquera",027,12869,College & Graduate Arts & Sci,3.74,17,0,8,6,1,2,0,0,0,0,0
2022 Spring,LPPA,7120,Economics Social Ins&Welfare,046570,"Leive,Adam",001,20278,Batten Leadership & Public Pol,3.47,20,2,6,5,5,0,0,1,0,0,1
2022 Spring,RELC,3040,Paul: Letters and Theology,033974,"Holste,Jonathan",001,18951,College & Graduate Arts & Sci,3.54,39,7,14,8,2,2,1,2,0,2,1
2022 Spring,STAT,2120,Intro to Statistical Analysis,036655,"Ross,Richard",100,10516,College & Graduate Arts & Sci,2.95,106,0,17,10,13,26,16,8,8,0,8
2022 Spring,GCNL,5991,CNL Role Immersion & Capstone,015380,"Drake,Emily",001,17096,School of Nursing,3.92,53,0,41,11,1,0,0,0,0,0,0
2022 Spring,GCOM,7663,Doing Business: China,044351,"Burroughs,James",001,14729,McIntire School of Commerce,3.54,49,0,5,25,14,4,1,0,0,0,0
2022 Spring,LAW,7009,Criminal Procedure Survey,021819,"Harmon,Rachel",1,17427,School of Law,3.63,50,3,8,20,18,1,0,0,0,0,0
2022 Spring,EDIS,3045,Mathematics in Early Childhood,045741,"Leach,Allison",500,17355,School of Education and HumanDev,3.75,25,5,12,4,1,1,1,0,1,0,0
2022 Spring,PSYC,4606,Cog Biases in Anxiety Disorder,043418,"Teachman,Bethany",001,18993,College & Graduate Arts & Sci,3.70,26,4,8,9,2,2,0,1,0,0,0
2022 Spring,PHYS,1425,Intro Physics 1 for Engineers,031032,"Teo,Chi Yan Jeffrey",004,19322,College & Graduate Arts & Sci,3.19,95,5,18,18,12,12,13,4,10,2,1
2022 Spring,LPPS,3380,"Poverty,Learning & Educ Policy",045747,"Roorbach,Kristen",001,17042,Batten Leadership & Public Pol,3.65,35,0,17,12,3,1,0,1,0,0,1
2022 Spring,CS,4457,Computer Networks,006931,"Campbell,Brad",001,16013,Engineering & Applied Science,3.40,55,0,15,11,8,16,2,2,1,0,0
2022 Spring,COMM,4731,Principles-Securities Trading,042093,"Sandas,Patrik",001,14737,McIntire School of Commerce,3.69,14,0,8,1,3,2,0,0,0,0,0
2022 Spring,LATI,2010,Intermediate Latin I,021133,"Kuin,Inger Neeltje Irene",002,12797,College & Graduate Arts & Sci,3.31,18,0,7,0,3,4,2,1,1,0,0
2022 Spring,PSYC,4500,Spec Tops: Psychology,032600,"Willingham,Daniel",006,19002,College & Graduate Arts & Sci,3.70,25,2,7,9,7,0,0,0,0,0,0
2022 Spring,SPAN,3400,Surv Span Lt I (Mid Ages-1700),035908,"Salado,Benjamin Romero",001,10513,College & Graduate Arts & Sci,3.84,19,7,6,3,3,0,0,0,0,0,0
2022 Spring,ISLS,3780,The Criminal Justice System,040610,"Rasmussen,Alan",101,19976,Continuing & Prof Studies,3.89,24,8,12,1,2,1,0,0,0,0,0
2022 Spring,CHEM,1421,Intro College Chemistry II Lab,005994,"Morkowchuk,Lisa",009,10734,College & Graduate Arts & Sci,3.68,23,15,3,1,1,1,1,0,0,0,1
2022 Spring,CHEM,1421,Intro College Chemistry II Lab,005994,"Morkowchuk,Lisa",012,10737,College & Graduate Arts & Sci,3.81,24,12,6,3,0,1,2,0,0,0,0
2022 Spring,CHEM,1421,Intro College Chemistry II Lab,005994,"Morkowchuk,Lisa",018,10743,College & Graduate Arts & Sci,3.93,22,13,4,5,0,0,0,0,0,0,0
2022 Spring,MATH,3354,Survey of Algebra,023084,"Ure,Charlotte",002,10281,College & Graduate Arts & Sci,3.34,34,4,8,5,6,3,3,2,2,1,0
2022 Spring,SPAN,2020,Advanced Intermediate Spanish,035854,"Rabke,Sarah",007,10680,College & Graduate Arts & Sci,3.25,16,1,4,5,2,0,0,3,0,0,1
2022 Spring,CS,6501,Spec Top: Computer Science,006981,"Chen,Hanjie",006,21360,Engineering & Applied Science,3.91,23,16,5,1,0,0,0,1,0,0,0
2022 Spring,CHEM,2321,Org Lab II Non-Chem Maj/Min,043155,"Chruma,Jason",020,17858,College & Graduate Arts & Sci,3.99,33,3,29,1,0,0,0,0,0,0,0
2022 Spring,EDIS,3020,The Exceptional Learner,009391,"Therrien,William",500,14823,School of Education and HumanDev,3.98,40,0,37,3,0,0,0,0,0,0,0
2022 Spring,EDIS,5230,Reading Writing Instr Spec Ed,009444,"Cook,Lysandra",500,17316,School of Education and HumanDev,4.00,12,5,7,0,0,0,0,0,0,0,0
2022 Spring,LAW,7017,Con Law II: Religious Liberty,021626,"Armacost,Barbara",1,17601,School of Law,3.53,10,0,3,2,3,2,0,0,0,0,0
2022 Spring,CHEM,2420,Organic Chemistry II,005699,"Frantz,Alicia",300,13096,College & Graduate Arts & Sci,2.62,95,1,5,5,12,27,11,9,6,9,10
2022 Spring,RELA,2750,African Religions,033802,"Hoehler-Fatton,Cynthia",001,13192,College & Graduate Arts & Sci,3.28,18,0,3,5,3,3,1,3,0,0,0
2022 Spring,PSYC,4500,Spec Tops: Psychology,032600,"Basargekar,Abha",001,18996,College & Graduate Arts & Sci,3.81,25,7,11,2,4,0,1,0,0,0,0
2022 Spring,LING,3090,TESOL Theory and Method,045775,"Crabtree,Janay",001,14252,College & Graduate Arts & Sci,3.42,17,0,3,7,2,2,2,1,0,0,0
2022 Spring,CHE,4456,Bioproduct & Bioprocess Eng,044954,"King,Michael",001,16593,Engineering & Applied Science,3.58,26,5,7,4,3,6,0,1,0,0,0
2022 Spring,COMM,4620,Strategic Leadership,045370,"Lovelace,Jeffrey",002,20260,McIntire School of Commerce,3.63,39,1,5,25,4,4,0,0,0,0,0
2022 Spring,EDLF,5711,"Global, Childhood & Culture",038150,"Hoffman,Diane",1,15308,School of Education and HumanDev,3.56,29,3,14,5,2,1,2,0,0,1,1
2022 Spring,CHEM,1421,Intro College Chemistry II Lab,005994,"Morkowchuk,Lisa",021,10746,College & Graduate Arts & Sci,3.73,24,7,10,3,0,2,1,0,0,1,0
2022 Spring,ASTR,3450,Mission to Mars,045716,"Murphy,Edward",001,13829,College & Graduate Arts & Sci,3.12,157,2,25,39,31,23,11,9,2,3,12
2022 Spring,PHYS,3559,New Course: PHYS,042516,"Sackett,Cass",001,20089,College & Graduate Arts & Sci,3.26,32,0,6,7,6,6,3,2,2,0,0
2022 Spring,SPAN,3300,Texts and Interpretation,035904,"West,Rachel",004,13114,College & Graduate Arts & Sci,3.66,16,0,8,5,1,0,1,0,1,0,0
2022 Spring,MUSI,3334,Musicianship II,025176,"Carter,Adam",001,10322,College & Graduate Arts & Sci,3.89,13,1,10,0,2,0,0,0,0,0,0
2022 Spring,EDLF,2080,Fundamentals of Statistics,044842,"Hull,Michael",2,15149,School of Education and HumanDev,3.68,43,19,10,4,2,2,3,2,1,0,0
2022 Spring,ENWR,1510,Writing and Critical Inquiry,013432,"Ireland,Casey",040,12014,College & Graduate Arts & Sci,3.82,17,0,10,6,0,0,1,0,0,0,0
2022 Spring,SPAN,2010,Intermediate Spanish,035853,"Familia,Yafrainy",002,10501,College & Graduate Arts & Sci,3.71,18,1,7,6,2,2,0,0,0,0,0
2022 Spring,SPAN,2010,Intermediate Spanish,035853,"Badang,Germain",008,10504,College & Graduate Arts & Sci,3.72,18,0,5,11,1,1,0,0,0,0,0
2022 Spring,COMM,5110,Financial Statement Analysis,043381,"Koch,Adam",001,14691,McIntire School of Commerce,3.67,23,1,10,5,3,4,0,0,0,0,0
2022 Spring,PHYS,3420,Electricity and Magnetism I,030865,"Vucelja,Marija",001,10385,College & Graduate Arts & Sci,3.50,36,3,9,10,7,2,2,2,1,0,0
2022 Spring,PSHM,4950,Capstone II: Health Sci Mgmt,044817,"Kronenburg,Maria",101,20030,Continuing & Prof Studies,3.96,17,4,11,2,0,0,0,0,0,0,0
2022 Spring,EDIS,6880,Masters Comp in Curric & Inst,045850,"Jewett,Anne",501,21300,School of Education and HumanDev,3.97,18,3,13,2,0,0,0,0,0,0,0
2022 Spring,COMM,3220,DB Mgmt Sys & Bus Intellignce,006500,"Shi,Lanfei",002,14685,McIntire School of Commerce,3.65,37,3,17,6,5,3,2,0,1,0,0
2022 Spring,GCOM,7150,Consumer Behavior & Pricing,042882,"Cheema,Amar",1,14688,McIntire School of Commerce,3.40,55,1,8,12,18,13,3,0,0,0,0
2022 Spring,CHEM,1421,Intro College Chemistry II Lab,005994,"Morkowchuk,Lisa",027,12292,College & Graduate Arts & Sci,3.72,24,12,4,5,1,0,1,0,0,0,1
2022 Spring,PSYC,4500,Spec Tops: Psychology,032600,"Patterson,Charlotte",003,18999,College & Graduate Arts & Sci,3.62,22,1,7,8,0,6,0,0,0,0,0
2022 Spring,MATH,4330,Calculus on Manifolds,023137,"Kuhn,Nicholas",001,11502,College & Graduate Arts & Sci,3.62,20,4,9,1,1,3,1,0,0,1,0
2022 Spring,LAR,7500,Special Tops in Landscape Arch,045643,"Cantrell,Bradley",002,18627,School of Architecture,3.64,8,0,1,5,2,0,0,0,0,0,0
2022 Spring,ENGL,2500,Intro to Literary Studies,012548,"Fowler,Elizabeth",002,19207,College & Graduate Arts & Sci,3.54,18,0,6,4,4,3,1,0,0,0,0
2022 Spring,SPAN,2020,Advanced Intermediate Spanish,035854,"Hervas,Maria Jose Jorquera",016,11089,College & Graduate Arts & Sci,3.86,16,4,7,4,0,1,0,0,0,0,0
2022 Spring,CHEM,1421,Intro College Chemistry II Lab,005994,"Morkowchuk,Lisa",024,11478,College & Graduate Arts & Sci,3.70,24,12,5,5,0,0,0,0,0,1,1
2022 Spring,PSYC,5720,Funds of Item Response Theory,042637,"Schmidt,Karen",001,11654,College & Graduate Arts & Sci,3.91,10,3,4,3,0,0,0,0,0,0,0
2022 Spring,SPAN,3010,Grammar and Composition I,035893,"Poveda,Esther",002,14107,College & Graduate Arts & Sci,3.71,15,0,3,10,2,0,0,0,0,0,0
2022 Spring,STAT,6160,Experimental Design,036676,"Tang,Xiwei",001,18418,College & Graduate Arts & Sci,3.84,51,4,25,18,4,0,0,0,0,0,0
2022 Spring,LPPP,3500,Special Topics Social Entrepre,045225,"Mahoney,Christine",002,20425,Batten Leadership & Public Pol,4.00,18,5,13,0,0,0,0,0,0,0,0
2022 Spring,MSE,2090,Intro to Materials Science,024402,"Balachandran,Prasanna",003,15475,Engineering & Applied Science,3.61,47,4,21,12,6,0,1,0,0,1,2
2022 Spring,ENTP,1010,Intro to Entrepreneurship,043881,"Ransler,Charles",001,14700,McIntire School of Commerce,3.61,51,0,11,27,5,7,1,0,0,0,0
2022 Spring,GCOM,7870,Foundations of Global Commerce,038183,"Maillet,Peter",001,14660,McIntire School of Commerce,3.55,36,0,8,13,9,6,0,0,0,0,0
2022 Spring,COMM,2700,Foundations of RE Finance,046582,"Chapman,David",001,20773,McIntire School of Commerce,3.33,42,0,6,8,10,15,3,0,0,0,0
2022 Spring,FREN,2010,Intermediate French I,014315,"Lee,Loren",005,10180,College & Graduate Arts & Sci,3.79,19,0,16,1,0,0,0,1,1,0,0
2022 Spring,ARCH,3260,Building Matters,001532,"McDowell,Seth",100,14379,School of Architecture,3.62,55,6,23,13,3,4,2,1,1,2,0
2022 Spring,APMA,2120,Multivariable Calculus,001144,"Mohajeri,Manouchehr",001,15380,Engineering & Applied Science,2.98,42,0,4,1,17,11,2,2,1,1,3
2022 Spring,LPPA,7110,Economics of Public Policy II,032140,"Ruhm,Christopher",200,16959,Batten Leadership & Public Pol,3.57,46,1,14,16,5,8,1,0,1,0,0
2022 Spring,PLAP,2250,American Political Tradition,031555,"Charette,Danielle",002,20134,College & Graduate Arts & Sci,3.27,19,0,1,8,4,4,1,0,0,0,1
2022 Spring,ECON,3720,Introduction to Econometrics,007939,"Colmer,Jonathan",500,12452,College & Graduate Arts & Sci,3.44,81,3,11,20,33,8,5,0,1,0,0
2022 Spring,ENWR,1510,Writing and Critical Inquiry,013432,"Kessenich,Marissa",030,11740,College & Graduate Arts & Sci,3.92,18,0,13,5,0,0,0,0,0,0,0
2022 Spring,COMM,4821,Managing Sustainable Dev,006701,"Carfagno,Kerrie",001,14732,McIntire School of Commerce,3.65,38,0,14,16,5,1,0,0,2,0,0
2022 Spring,CHEM,5540,Special Topics in Biochemistry,045693,"Hsu,Ku-Lung",001,17882,College & Graduate Arts & Sci,3.76,8,1,3,3,0,1,0,0,0,0,0
2022 Spring,RELB,2054,Tibetan Buddhism Introduction,033840,"Liddle,Adam",100,19043,College & Graduate Arts & Sci,3.74,106,2,54,33,3,11,2,1,0,0,0
2022 Spring,MATH,4651,Advanced Linear Algebra,023151,"Sherman,David",001,12212,College & Graduate Arts & Sci,3.76,11,0,6,3,1,1,0,0,0,0,0
2022 Spring,AAS,2500,Topics in Africana Studies,046413,"Fields,Kimberly",002,20098,College & Graduate Arts & Sci,3.29,45,0,8,13,10,6,3,1,1,2,1
2022 Spring,LAW,6006,Property,021565,"Hynes,Richard",GH,17430,School of Law,3.40,76,1,7,19,30,18,1,0,0,0,0
2022 Spring,BME,4417,Tissue Engineering,004076,"Caliari,Steven",001,16416,Engineering & Applied Science,3.52,31,1,9,6,7,7,1,0,0,0,0
2022 Spring,PHIL,1710,Human Nature,030028,"Langsam,Harold",100,13159,College & Graduate Arts & Sci,3.22,116,0,7,27,47,22,7,2,0,0,4
2022 Spring,DS,6050,Deep Learning,046347,"Adewole,Sodiq Opeyemi",005,20092,School of Data Science,3.78,25,2,13,8,0,1,0,0,1,0,0
2022 Spring,ARTH,3591,Art History Colloquium,042072,"Rogers,Dylan",003,13442,College & Graduate Arts & Sci,3.60,14,1,8,3,1,0,0,0,0,0,1
2022 Spring,COMM,3040,Strategic Value Creation,006456,"Black,Christina",001,14615,McIntire School of Commerce,3.55,48,2,6,18,20,2,0,0,0,0,0
2022 Spring,GCOM,7660,Global Supply Chain Management,044263,"Burroughs,James",001,14726,McIntire School of Commerce,3.58,49,0,0,34,15,0,0,0,0,0,0
2022 Spring,RELG,2210,Religion Ethics & Environment,042484,"Jenkins,Willis",001,12518,College & Graduate Arts & Sci,3.64,124,1,19,87,9,4,2,1,0,0,1
2022 Spring,BME,4280,Motion Biomechanics,004078,"Blemker,Silvia",001,20713,Engineering & Applied Science,3.73,47,4,26,6,5,4,1,0,1,0,0
2022 Spring,PHYS,1429,Intro Physics 1 Workshop,031036,"Hussain,Shayna",002,10343,College & Graduate Arts & Sci,2.92,24,0,0,3,4,6,7,3,1,0,0
2022 Spring,ANTH,3290,Biopolitics,045108,"Stephan,Christopher",001,12527,College & Graduate Arts & Sci,3.63,52,0,25,17,2,1,3,0,4,0,0
2022 Spring,GCOM,7560,Emerging Topics in Commerce,045585,"Seaborn,Paul",004,14781,McIntire School of Commerce,3.62,31,0,1,23,7,0,0,0,0,0,0
2022 Spring,CHE,6618,Chemical Reaction Engineering,005512,"Koenig,Gary",600,20662,Engineering & Applied Science,2.97,10,2,2,0,0,3,1,0,1,0,1
2022 Spring,SPAN,2010,Intermediate Spanish,035853,"Badang,Germain",003,12269,College & Graduate Arts & Sci,3.38,17,0,2,8,6,0,0,0,0,0,1
2022 Spring,CS,2120,Discrete Math and Theory 1,046227,"Morrison,Briana",003,20725,Engineering & Applied Science,3.47,149,16,49,30,15,15,10,4,4,2,4
2022 Spring,ENWR,1510,Writing and Critical Inquiry,013432,"Casteen,John",012,10604,College & Graduate Arts & Sci,3.46,17,0,1,9,3,3,1,0,0,0,0
2022 Spring,GCOM,7230,Digital Analytics,043909,"Kitchens,Brent",1,14703,McIntire School of Commerce,3.63,52,0,11,25,15,1,0,0,0,0,0
2022 Spring,CS,4501,Spec Top: Computer Science,006942,"Nekipelov,Denis",001,16028,Engineering & Applied Science,3.98,39,0,37,2,0,0,0,0,0,0,0
2022 Spring,PLAN,6122,Urban Analytics,046559,"Wilson,Bev",001,20160,School of Architecture,3.55,19,3,5,4,2,2,3,0,0,0,0
2022 Spring,PHIL,2500,Survey on a PhilosophicalTopic,043637,"Fox,Corin",001,12515,College & Graduate Arts & Sci,3.58,29,1,9,10,4,3,1,0,1,0,0
2022 Spring,PST,4870,PST Core Seminar II,032368,"Smith,Michael",001,10421,College & Graduate Arts & Sci,3.99,21,1,19,1,0,0,0,0,0,0,0
2022 Spring,CHEM,1420,Intro College Chemistry II,005650,"Welch,Kevin",200,10058,College & Graduate Arts & Sci,3.24,293,0,34,82,65,51,31,17,6,1,6
2022 Spring,PSYC,3310,RM: R Applications in Psych,045373,"Meyer,M. Joseph",001,12740,College & Graduate Arts & Sci,3.83,47,21,12,8,4,0,2,0,0,0,0
2022 Spring,ECON,4020,Auction Theory and Practice,007944,"Aryal,Gaurab",001,13492,College & Graduate Arts & Sci,3.80,21,8,6,3,2,2,0,0,0,0,0
2022 Spring,KINE,5470,Metabolic Adap to Exercise,009284,"Angadi,Siddhartha",1,14966,School of Education and HumanDev,3.84,18,0,11,6,0,1,0,0,0,0,0
2022 Spring,EVSC,3601,Physical Hydrology Laboratory,014095,"Wiberg,Patricia",003,10159,College & Graduate Arts & Sci,3.55,13,0,7,3,1,0,1,0,0,0,1
2022 Spring,EVSC,2801,Fundamentals of Geology Lab,014091,"Nelson,Michelle",300,10148,College & Graduate Arts & Sci,3.98,14,3,10,1,0,0,0,0,0,0,0
2022 Spring,COMM,4150,Intro Auditing,044592,"Negangard,Eric",001,14734,McIntire School of Commerce,3.34,38,2,8,5,7,10,4,2,0,0,0
2022 Spring,LAW,6107,International Law,021673,"Setear,John",1,17394,School of Law,3.33,9,0,0,3,3,3,0,0,0,0,0
2022 Spring,GDS,4991,Fourth-Year Seminar,041012,"Tidey,Sylvia",001,11251,College & Graduate Arts & Sci,3.98,12,6,5,1,0,0,0,0,0,0,0
2022 Spring,ECON,4430,Environmental Economics,007977,"Sekhri,Sheetal",201,18361,College & Graduate Arts & Sci,3.62,60,3,33,5,6,9,3,0,0,0,1
2022 Spring,EVSC,2800,Fundamentals of Geology,013912,"Nelson,Michelle",001,10145,College & Graduate Arts & Sci,3.61,72,8,27,16,8,7,2,2,0,1,1
2022 Spring,WGS,4500,"Topic in Wmn, Gndr & Sexuality",043888,"Meyer,Doug",001,11827,College & Graduate Arts & Sci,3.33,14,0,4,3,5,1,0,0,0,0,1
2022 Spring,ECE,4550,Applied Research & Design Lab,044084,"Stan,Mircea",002,16203,Engineering & Applied Science,3.90,15,2,8,5,0,0,0,0,0,0,0
2022 Spring,GCOM,7675,Bus Game: Pract Strat Globally,044346,"Burroughs,James",001,14720,McIntire School of Commerce,3.58,49,0,13,15,16,5,0,0,0,0,0
2022 Spring,EGMT,1510,Engaging Aesthetics,044512,"Smith,Wendy",103,12640,College & Graduate Arts & Sci,3.95,35,3,27,4,1,0,0,0,0,0,0
2022 Spring,LAW,8006,Corporate Tax,021634,"Yale,Ethan",1,17502,School of Law,3.58,32,1,9,10,6,4,2,0,0,0,0
2022 Spring,ECON,8180,Industrial Organization II,008058,"Aryal,Gaurab",001,10118,College & Graduate Arts & Sci,3.89,9,3,4,1,1,0,0,0,0,0,0
2022 Spring,LAW,8011,International Taxation,021669,"Hayashi,Andrew",1ZT,17472,School of Law,3.53,7,0,2,2,1,2,0,0,0,0,0
2022 Spring,LAW,6001,Constitutional Law,021552,"Schauer,Frederick",AF,17388,School of Law,3.36,76,0,7,17,31,19,2,0,0,0,0
2022 Spring,ITAL,1020,Elementary Italian II,020556,"Kaneda,Hiromi",005,12266,College & Graduate Arts & Sci,3.85,19,0,11,7,1,0,0,0,0,0,0
2022 Spring,ISIN,4520,Sp Tps Conduct Inquiry: HU,043256,"May,Julia",101,20125,Continuing & Prof Studies,3.46,20,0,5,9,3,2,0,0,0,0,1
2022 Spring,BIOL,4013,Stem Cells,046552,"Siegrist,Sarah",001,20728,College & Graduate Arts & Sci,3.67,39,5,11,13,5,4,1,0,0,0,0
2022 Spring,DRAM,2210,Scenic Technology,007216,"Warner,Steven",001,10097,College & Graduate Arts & Sci,3.26,24,9,2,2,4,1,1,1,1,1,2
2022 Spring,AMST,3180,Intro to Asian Amer Studies,039585,"Chong,Sylvia",100,12997,College & Graduate Arts & Sci,3.64,45,1,17,17,3,4,1,1,1,0,0
2022 Spring,CJ,3290,Emotional Intelligence,043738,"Coleman,Marian Elizabeth",B1,22123,Continuing & Prof Studies,4.00,25,20,5,0,0,0,0,0,0,0,0
2022 Spring,CJ,5250,Seminar in Executive Writing,045869,"Lewis,Cynthia L.",B1,22162,Continuing & Prof Studies,4.00,21,14,7,0,0,0,0,0,0,0,0
2022 Spring,HILA,3021,Human Rights in Latin America,046555,"Sweeney,Lean",001,20143,College & Graduate Arts & Sci,3.94,34,19,12,0,3,0,0,0,0,0,0
2022 Spring,LAW,7088,Law and Public Service,040070,"Kim,Annie",1,17403,School of Law,3.47,43,0,7,9,23,4,0,0,0,0,0
2022 Spring,LPPL,5035,Lead and Managing Diverse Grps,041738,"hunt,Melissa Thomas -",001,20207,Batten Leadership & Public Pol,3.73,19,0,7,9,2,1,0,0,0,0,0
2022 Spring,GNUR,6054,Rsch & Biostats Proc Hlth Care,016931,"Evans,Emily",001,17072,School of Nursing,3.95,28,0,23,5,0,0,0,0,0,0,0
2022 Spring,AAS,3500,Intermediate Seminar in AAS,039376,"Smithson,Brian",003,20095,College & Graduate Arts & Sci,3.44,25,4,11,0,4,2,1,0,2,0,1
2022 Spring,EVSC,5030,Applied Stats for Envr Sci,013992,"Carr,David",100,10165,College & Graduate Arts & Sci,3.31,22,0,9,1,5,4,1,0,1,0,1
2022 Spring,SPAN,1060,Accelerated Elementary Spanish,035820,"Young,Sara",008,11794,College & Graduate Arts & Sci,3.84,17,0,8,9,0,0,0,0,0,0,0
2022 Spring,STS,2050,Sustainable Energy Systems,045394,"Groves,James",001,19657,Engineering & Applied Science,3.11,53,1,6,16,13,7,1,0,3,1,5
2022 Spring,PHIL,3800,Feminist Philosophy,044472,"Barnes,Elizabeth",001,12128,College & Graduate Arts & Sci,3.59,29,0,13,5,5,5,0,0,1,0,0
2022 Spring,PLCP,2500,Special Topics,039020,"Bair,Jennifer",001,20541,College & Graduate Arts & Sci,3.14,52,1,7,13,6,9,6,4,2,4,0
2022 Spring,GCOM,7510,Special Topics in Finance,043915,"Chen,Zhaohui",1,14707,McIntire School of Commerce,3.68,42,4,11,14,12,1,0,0,0,0,0
2022 Spring,EDHS,3120,Abnormal Psychology,043641,"Downer,Jason",1,19666,School of Education and HumanDev,3.90,38,0,31,5,1,0,0,1,0,0,0
2022 Spring,PHS,7385,Env Hlth: Epidem Perspectives,042273,"Wells,Kristen",001,18265,Medical School - BIMS/PHS,3.89,9,1,7,0,0,1,0,0,0,0,0
2022 Spring,ARCH,5500,Special Topics in Architecture,001621,"Comazzi,John",008,20474,School of Architecture,3.68,9,0,2,5,2,0,0,0,0,0,0
2022 Spring,JAPN,4801,Japanese for Professionals,044235,"Kawai,Mieko",001,13081,College & Graduate Arts & Sci,3.73,12,0,6,3,2,1,0,0,0,0,0
2022 Spring,CE,2100,Intro Environmental Engr,004432,"Culver,Teresa",001,15398,Engineering & Applied Science,2.96,71,3,8,11,12,9,10,7,1,6,4
2022 Spring,PETR,3345,Iran's Political Cinema,046073,"Moqaddam,Maryam Zehtabi Sabeti",001,20899,College & Graduate Arts & Sci,3.82,18,4,6,6,2,0,0,0,0,0,0
2022 Spring,WGS,3612,Gender in the U.S. 1865-Pres,041840,"Hagerman,Bonnie",100,13259,College & Graduate Arts & Sci,3.48,25,0,7,9,5,1,0,1,2,0,0
2022 Spring,PLAC,5500,Topical Offerings in Planning,038704,"Guerra,Vanessa",001,20776,School of Architecture,3.79,10,0,3,7,0,0,0,0,0,0,0
2022 Spring,ASTR,1290,Black Holes,044559,"Davis,Shane",001,13462,College & Graduate Arts & Sci,3.55,132,13,46,28,22,12,2,2,4,1,2
2022 Spring,LAW,9305,LawTech,045175,"Livermore,Michael",1,17520,School of Law,3.42,12,0,0,6,3,3,0,0,0,0,0
2022 Spring,PHS,7411,Hlth Policy Analysis: Sec Data,045367,"Zelle,Heather",001,18268,Medical School - BIMS/PHS,3.79,42,0,18,21,1,2,0,0,0,0,0
2022 Spring,PHS,7090,Health Care Economics,030370,"Wanchek,Tanya",001,18247,Medical School - BIMS/PHS,3.96,25,0,22,3,0,0,0,0,0,0,0
2022 Spring,ENWR,3660,Travel Writing,044572,"Stephenson,Sarah",001,12791,College & Graduate Arts & Sci,3.74,16,1,5,7,3,0,0,0,0,0,0
2022 Spring,CE,3330,Structural Design,044636,"Gomez,Jose",001,20629,Engineering & Applied Science,3.89,27,3,20,1,1,2,0,0,0,0,0
2022 Spring,MAE,3620,Machine Elem & Fatigue Design,022588,"Momot,Michael",001,15457,Engineering & Applied Science,3.30,60,2,7,18,11,10,7,2,2,1,0
2022 Spring,NUIP,2311,Intro to Professional Practice,045254,"Hurst,Ashley",002,17235,School of Nursing,3.89,45,0,28,17,0,0,0,0,0,0,0
2022 Spring,EDIS,4120,Char of Ind w/Intellectual Dis,044944,"Gentry,Roberta",500,17301,School of Education and HumanDev,3.97,27,24,2,0,1,0,0,0,0,0,0
2022 Spring,EDIS,5601,Tchg Social Stds in Sec Sch II,009469,"Hover,Stephanie van",001,14832,School of Education and HumanDev,3.90,26,0,22,2,0,2,0,0,0,0,0
2022 Spring,CE,4040,Sust & Sys in Built Environ,045026,"Klotz,Leidy",001,16625,Engineering & Applied Science,3.87,37,2,28,4,1,0,1,1,0,0,0
2022 Spring,SOC,1010,Introductory Sociology,035243,"Buckelew,Rose",100,10475,College & Graduate Arts & Sci,3.76,234,106,64,28,12,8,3,5,5,0,3
2022 Spring,SPAN,2020,Advanced Intermediate Spanish,035854,"Florez-Murillo,David",014,10686,College & Graduate Arts & Sci,3.66,15,1,5,7,0,0,1,1,0,0,0
2022 Spring,EDIS,5075,Online and Blended Learning,043011,"O'Neil,Colleen",500,17307,School of Education and HumanDev,3.95,24,15,6,2,1,0,0,0,0,0,0
2022 Spring,EVSC,3301,Atmosphere & Weather Lab,014096,"Mast,Hannah",002,10162,College & Graduate Arts & Sci,3.96,14,0,12,2,0,0,0,0,0,0,0
2022 Spring,MDST,3050,History of Media,023526,"Driscoll,Kevin",001,12592,College & Graduate Arts & Sci,3.38,70,0,10,28,13,10,6,0,1,1,1
2022 Spring,SPAN,1060,Accelerated Elementary Spanish,035820,"Young,Sara",004,10498,College & Graduate Arts & Sci,3.76,17,1,6,9,0,0,1,0,0,0,0
2022 Spring,FREN,3031,Finding Your Voice in French,014357,"James,Karen",002,11800,College & Graduate Arts & Sci,3.92,11,0,8,3,0,0,0,0,0,0,0
2022 Spring,MUSI,3310,Theory I,024801,"Deveaux,Scott K",001,11645,College & Graduate Arts & Sci,3.55,23,0,7,5,7,4,0,0,0,0,0
2022 Spring,ECON,7040,Macroeconomic Theory II,008023,"Leeper,Eric",100,10115,College & Graduate Arts & Sci,3.76,17,1,10,2,3,0,1,0,0,0,0
2022 Spring,ENGL,3002,History of Lit in English II,011977,"O'Brien,John",100,10124,College & Graduate Arts & Sci,3.48,185,5,61,59,20,17,9,7,0,2,5
2022 Spring,ENCW,2300,Poetry Writing,013450,"Hadley,Henrietta",003,10719,College & Graduate Arts & Sci,3.96,14,0,12,2,0,0,0,0,0,0,0
2022 Spring,CE,2310,Strength of Materials,004439,"Pindera,Marek-Jerzy",001,16001,Engineering & Applied Science,2.96,31,1,4,7,0,5,6,4,1,2,1
2022 Spring,ECON,3010,Intermediate Microeconomics,007908,"Kloosterman,Andrew",200,12607,College & Graduate Arts & Sci,3.12,80,3,15,7,8,23,10,8,3,3,0
2022 Spring,EDHS,7300,Race and Power in Counseling,009213,"Williams,Derick",001,14808,School of Education and HumanDev,4.00,26,19,7,0,0,0,0,0,0,0,0
2022 Spring,EDHS,8130,Dysphagia,009260,"Mason,Kazlin",001,14811,School of Education and HumanDev,3.73,30,0,13,11,4,2,0,0,0,0,0
2022 Spring,ISIN,4510,Sp Tps Conduct Inquiry: So Sci,043255,"Wright,Luke",102,19973,Continuing & Prof Studies,3.00,20,0,4,4,1,3,4,0,3,0,1
2022 Spring,ENWR,1510,Writing and Critical Inquiry,013432,"Nichols,Molly",024,11737,College & Graduate Arts & Sci,3.75,16,2,11,1,0,0,0,1,1,0,0
2022 Spring,SPAN,4500,Spec Topics Sem: Literature,035967,"Mahler,Anne",001,11797,College & Graduate Arts & Sci,3.89,22,7,10,4,0,0,1,0,0,0,0
2022 Spring,HIEU,2072,Modern Europe and the World,018395,"Sessions,Jennifer",100,20564,College & Graduate Arts & Sci,3.50,56,2,22,14,5,7,4,0,0,0,2
2022 Spring,SOC,4550,Topics in Ethics and Society,042455,"Zeno,Elissa",002,18385,College & Graduate Arts & Sci,3.75,20,3,9,6,0,0,1,0,1,0,0
2022 Spring,RELJ,3170,Modern Jewish Thought,042626,"Biemann,Asher",001,19165,College & Graduate Arts & Sci,3.85,30,3,18,6,1,2,0,0,0,0,0
2022 Spring,STS,4600,Engr Ethcs Prof Responsibility,036750,"Seabrook,Bryn",019,16086,Engineering & Applied Science,3.75,33,0,20,11,0,1,0,0,0,0,1
2022 Spring,LAW,9242,Feminism and Free Market,043826,"Mahoney,Julia",1,17463,School of Law,3.52,18,0,2,8,6,2,0,0,0,0,0
2022 Spring,CHEM,1421,Intro College Chemistry II Lab,005994,"Morkowchuk,Lisa",015,10740,College & Graduate Arts & Sci,3.85,23,13,5,4,0,0,0,0,0,1,0
2022 Spring,EGMT,1530,Engaging Differences,044514,"Shuve,Karl",106,12684,College & Graduate Arts & Sci,3.94,34,0,27,7,0,0,0,0,0,0,0
2022 Spring,EGMT,1530,Engaging Differences,044514,"Hu,Jasmine",207,12687,College & Graduate Arts & Sci,3.98,35,5,29,0,1,0,0,0,0,0,0
2022 Spring,EDIS,5012,Mindfulness for Teachers,044537,"Jennings,Tish",500,17304,School of Education and HumanDev,3.81,23,13,4,1,3,2,0,0,0,0,0
2022 Spring,PLCP,3110,The Politics of Western Europe,031689,"Wellbeloved,Elizabeth A.",501,18505,College & Graduate Arts & Sci,4.00,12,4,8,0,0,0,0,0,0,0,0
2022 Spring,PLIR,3500,Special Topics,031819,"Niblock,Elliott",003,21400,College & Graduate Arts & Sci,3.57,29,0,19,3,2,2,0,0,1,1,1
2022 Spring,HIUS,4501,Seminar United States History,019633,"Edwards,Justene Hill",001,12289,College & Graduate Arts & Sci,3.47,11,0,4,6,0,0,0,0,0,0,1
2022 Spring,SOC,4780,The Politics of Data,046545,"Sullivan,Teresa",001,20116,College & Graduate Arts & Sci,3.94,18,1,16,0,0,1,0,0,0,0,0
2022 Spring,LAW,7680,Evolution Holistic Defense(SC),041723,"McWeay,Aisha",1,18466,School of Law,3.43,7,1,0,2,2,1,1,0,0,0,0
2022 Spring,EDLF,7601,Social Foundations of ED,009731,"Shaffer,Sharon",500,17340,School of Education and HumanDev,3.59,14,0,3,8,1,0,2,0,0,0,0
2022 Spring,ASTR,2120,Intro to Astrophysics II,003065,"Johnson,Bradley",100,10044,College & Graduate Arts & Sci,3.33,12,0,3,3,3,1,0,1,0,1,0
2022 Spring,ARTS,2372,Intro to Cinematography II,002894,"Everson,Kevin",001,10026,College & Graduate Arts & Sci,4.00,10,6,4,0,0,0,0,0,0,0,0
2022 Spring,PSYC,3006,Res Methods & Data Analysis II,032540,"Meyer,M. Joseph",001,12719,College & Graduate Arts & Sci,3.78,93,45,20,14,7,4,1,0,1,0,1
2022 Spring,ARAB,3020,Advanced Arabic II,001295,"Humeidan,Bilal",001,10018,College & Graduate Arts & Sci,3.62,11,0,4,4,1,1,1,0,0,0,0
2022 Spring,ARTS,2110,Introduction to Photography I,002865,"Scheuren,James",001,10020,College & Graduate Arts & Sci,3.66,15,0,6,6,0,2,1,0,0,0,0
2022 Spring,MUSI,3320,Theory II,024802,"Maus,Fred",001,12007,College & Graduate Arts & Sci,3.65,16,2,10,2,0,1,0,0,0,0,1
2022 Spring,FREN,2010,Intermediate French I,014315,"Hall,Elizabeth",003,10178,College & Graduate Arts & Sci,3.79,17,0,10,6,0,0,0,1,0,0,0
2022 Spring,EVSC,3600,Physical Hydrology,013915,"Wiberg,Patricia",001,10156,College & Graduate Arts & Sci,3.09,41,0,10,5,3,13,2,2,2,3,1
2022 Spring,PHYS,8640,Modern Field Theory,030959,"Vaman,Diana",001,12067,College & Graduate Arts & Sci,3.78,9,1,4,2,2,0,0,0,0,0,0
2022 Spring,PHYS,2040,Princip of Physics 2 Workshop,030812,"Howerton,Tyler",004,10365,College & Graduate Arts & Sci,3.59,26,0,5,14,2,5,0,0,0,0,0
2022 Spring,ECON,4370,Behavioral Finance,007971,"Burton,Edwin",100,10113,College & Graduate Arts & Sci,3.56,85,1,47,0,0,37,0,0,0,0,0
2022 Spring,EVSC,2801,Fundamentals of Geology Lab,014091,"Nelson,Michelle",400,10149,College & Graduate Arts & Sci,3.93,13,1,9,3,0,0,0,0,0,0,0
2022 Spring,STAT,3250,Data Analysis with Python,044090,"Brown,Taylor",002,12552,College & Graduate Arts & Sci,3.58,104,0,40,33,16,6,5,1,1,1,1
2022 Spring,CHEM,3420,Phys Chem - Thermodynamics,005732,"Herbst,Eric",100,10069,College & Graduate Arts & Sci,3.26,94,6,11,18,26,16,6,7,3,0,1
2022 Spring,ECON,3010,Intermediate Microeconomics,007908,"Troyan,Peter",001,10104,College & Graduate Arts & Sci,3.09,39,2,9,3,6,7,3,1,5,2,1
2022 Spring,EVSC,3601,Physical Hydrology Laboratory,014095,"Wiberg,Patricia",002,10158,College & Graduate Arts & Sci,3.13,13,0,6,3,1,0,0,1,0,0,2
2022 Spring,DRAM,2620,Sound Design,007233,"Rasbury,Michael",001,10101,College & Graduate Arts & Sci,4.00,12,2,10,0,0,0,0,0,0,0,0
2022 Spring,ECON,3010,Intermediate Microeconomics,007908,"Troyan,Peter",002,11587,College & Graduate Arts & Sci,2.96,59,0,8,7,7,14,6,8,6,3,0
2022 Spring,FREN,2020,Intermediate French II,014316,"Hill,Andrew Rivard",004,11588,College & Graduate Arts & Sci,3.53,20,0,6,7,1,4,2,0,0,0,0
2022 Spring,ECON,8010,Microeconomic Theory III,008046,"Engers,Maxim",100,11590,College & Graduate Arts & Sci,3.32,17,0,4,3,2,4,4,0,0,0,0
2022 Spring,CHEM,2421,Organic Chemistry II Lab,006018,"Chruma,Jason",100,10066,College & Graduate Arts & Sci,3.58,108,5,52,20,7,15,3,2,1,0,3
2022 Spring,FREN,2020,Intermediate French II,014316,"Ach,Nathan",005,10184,College & Graduate Arts & Sci,3.62,17,0,5,7,2,3,0,0,0,0,0
2022 Spring,MATH,3100,Introduction to Probability,023058,"Petrov,Leonid",003,12210,College & Graduate Arts & Sci,2.98,39,0,12,4,4,4,5,2,3,2,3
2022 Spring,BIOL,9920,Rotation Research,003896,"Guler,Ali",001,10054,College & Graduate Arts & Sci,3.96,17,1,15,0,1,0,0,0,0,0,0
2022 Spring,EVSC,3201,Fundamentals of Ecology Lab,014094,"O'Donnell,Kelsey",002,10153,College & Graduate Arts & Sci,3.80,13,0,8,3,1,1,0,0,0,0,0
2022 Spring,EVSC,3301,Atmosphere & Weather Lab,014096,"Dawson,Emma",003,10163,College & Graduate Arts & Sci,3.88,13,1,7,5,0,0,0,0,0,0,0
2022 Spring,GREE,1020,Elementary Greek,017176,"Dillery,John",100,10199,College & Graduate Arts & Sci,3.10,19,0,8,0,4,1,1,0,3,0,2
2022 Spring,PHYS,7620,Quantum Theory II,030944,"Chatterjee,Utpal",001,10390,College & Graduate Arts & Sci,3.44,28,1,6,5,9,4,3,0,0,0,0
2022 Spring,CLAS,2040,Greek Mythology,006300,"Miller,John",100,10089,College & Graduate Arts & Sci,3.29,172,1,84,3,9,43,0,5,17,2,8
2022 Spring,EVSC,2801,Fundamentals of Geology Lab,014091,"Nelson,Michelle",200,10147,College & Graduate Arts & Sci,3.58,11,0,5,2,1,2,1,0,0,0,0
2022 Spring,ITAL,2020,Intermediate Italian II,020568,"Kaneda,Hiromi",002,10218,College & Graduate Arts & Sci,3.98,13,2,10,1,0,0,0,0,0,0,0
2022 Spring,FREN,2010,Intermediate French I,014315,"Wekker,Murielle De",004,10179,College & Graduate Arts & Sci,3.79,16,0,12,1,0,3,0,0,0,0,0
2022 Spring,EVSC,2050,Introduction to Oceanography,013897,"Macko,Stephen",001,10144,College & Graduate Arts & Sci,3.17,81,2,31,0,0,29,0,0,19,0,0
2022 Spring,MATH,1310,Calculus I,022953,"James,Daniel",200,10259,College & Graduate Arts & Sci,3.04,26,1,5,4,4,4,0,2,3,2,1
2022 Spring,MATH,1220,A Survey of Calculus II,022945,"Kurtz,Brianna",300,10256,College & Graduate Arts & Sci,2.97,36,0,7,4,4,9,3,1,5,2,1
2022 Spring,MATH,1310,Calculus I,022953,"James,Daniel",100,10258,College & Graduate Arts & Sci,2.84,25,0,5,3,6,2,0,0,4,3,2
2022 Spring,ECON,4170,"Econ: Risk, Uncertainty & Info",039715,"Santugini,Marc",001,12623,College & Graduate Arts & Sci,3.30,37,8,6,6,5,6,2,1,0,0,3
2022 Spring,ARAB,2020,Intermediate Arabic II,001285,"Mohamed,Suad",002,10017,College & Graduate Arts & Sci,3.74,15,3,4,5,2,1,0,0,0,0,0
2022 Spring,ENWR,1510,Writing and Critical Inquiry,013432,"D'Errico,Jon",016,12072,College & Graduate Arts & Sci,3.78,18,0,5,13,0,0,0,0,0,0,0
2022 Spring,FREN,1010,Elementary French I,014273,"Kilbourne,Virginia",003,11738,College & Graduate Arts & Sci,3.25,12,0,2,2,4,1,2,0,1,0,0
2022 Spring,ARAB,1020,Elementary Arabic II,001280,"Maanaki,Bilal",003,10015,College & Graduate Arts & Sci,3.65,14,1,7,4,0,1,0,0,0,0,1
2022 Spring,HEBR,1020,Intro to Modern Hebrew II,017985,"Gilboa,Zvi",001,10207,College & Graduate Arts & Sci,3.85,15,4,10,0,0,0,0,0,0,1,0
2022 Spring,CHEM,1500,Chemistry for Health Sciences,043753,"Samonina,Jelena",001,12078,College & Graduate Arts & Sci,3.78,31,13,12,3,0,0,0,0,3,0,0
2022 Spring,PHYS,1429,Intro Physics 1 Workshop,031036,"Kartseva,Victoria",003,10344,College & Graduate Arts & Sci,3.38,26,0,1,10,6,9,0,0,0,0,0
2022 Spring,MATH,2310,Calculus III,023024,"Krushkal,Slava",100,10265,College & Graduate Arts & Sci,3.09,29,3,3,3,4,7,3,2,3,1,0
2022 Spring,ITAL,1020,Elementary Italian II,020556,"Mattioli,Stella",003,10216,College & Graduate Arts & Sci,3.79,20,0,12,5,1,2,0,0,0,0,0
2022 Spring,CHIN,1020,Elementary Chinese,006048,"Gao,Ying",005,11735,College & Graduate Arts & Sci,3.93,15,0,13,1,1,0,0,0,0,0,0
2022 Spring,ARTS,2712,Intro to Oil Painting,002882,"Marlatt,Megan",001,10024,College & Graduate Arts & Sci,3.86,14,2,8,2,2,0,0,0,0,0,0
2022 Spring,PHIL,3400,Intro to Non-Classical Logic,044245,"Cameron,Ross",001,12105,College & Graduate Arts & Sci,3.79,24,8,8,2,5,1,0,0,0,0,0
2022 Spring,RELG,4500,Majors Seminar,034232,"Bouchard,Larry",002,12742,College & Graduate Arts & Sci,3.70,14,2,5,4,1,1,1,0,0,0,0
2022 Spring,JAPN,1020,First-Year Japanese II,020741,"Marshall,Tomoko",001,10222,College & Graduate Arts & Sci,3.49,13,0,5,3,2,2,0,0,0,1,0
2022 Spring,JAPN,3020,Third-Year Japanese II,020747,"Kawai,Mieko",001,10226,College & Graduate Arts & Sci,3.14,12,0,5,3,1,0,0,1,0,0,2
2022 Spring,KOR,1020,Elementary Korean II,020865,"CHOI,YOON HWA",001,10228,College & Graduate Arts & Sci,3.65,14,1,4,5,3,0,1,0,0,0,0
2022 Spring,PHYS,2040,Princip of Physics 2 Workshop,030812,"Hagemeier,Andrew",007,10368,College & Graduate Arts & Sci,3.46,26,0,6,5,8,7,0,0,0,0,0
2022 Spring,ECON,2020,Principles of Econ: Macroecon,007877,"Coppock,Lee",001,10102,College & Graduate Arts & Sci,3.12,382,11,57,94,59,56,35,24,16,8,22
2022 Spring,DANC,3300,Dance Composition,007231,"Mata,Kim",001,10527,College & Graduate Arts & Sci,3.94,10,0,8,2,0,0,0,0,0,0,0
2022 Spring,PHYS,1060,How Things Work,030777,"Pfister,Olivier",001,10338,College & Graduate Arts & Sci,3.28,75,5,13,15,15,10,9,0,4,3,1
2022 Spring,SOC,3310,Sociology of Self,040428,"Skubby,David",001,12229,College & Graduate Arts & Sci,3.54,18,0,8,5,1,2,0,1,0,1,0
2022 Spring,PHYS,2640,Elementary Laboratory II,030828,"Marshall,Rick",100,10377,College & Graduate Arts & Sci,3.20,22,5,1,4,5,1,3,0,2,0,1
2022 Spring,PHYS,3180,Advanced Laboratory B,030858,"Yoon,Jongsoo",001,10384,College & Graduate Arts & Sci,3.37,10,2,3,1,1,1,0,0,1,1,0
2022 Spring,ECON,4610,Economic Development,007978,"Sukhtankar,Sandip",100,12027,College & Graduate Arts & Sci,3.61,24,1,8,6,5,4,0,0,0,0,0
2022 Spring,CHEM,2321,Org Lab II Non-Chem Maj/Min,043155,"Chruma,Jason",009,12702,College & Graduate Arts & Sci,3.86,29,0,18,10,0,1,0,0,0,0,0
2022 Spring,ECON,7030,Microeconomic Theory II,008022,"Anderson,Simon",100,11382,College & Graduate Arts & Sci,3.35,17,0,4,2,4,5,2,0,0,0,0
2022 Spring,MATH,3315,Adv Calculus and Lin Alg II,043767,"Koberda,Thomas",100,11855,College & Graduate Arts & Sci,3.73,11,1,5,2,2,1,0,0,0,0,0
2022 Spring,JAPN,1020,First-Year Japanese II,020741,"Ito,Takuya",003,11870,College & Graduate Arts & Sci,3.46,11,0,2,5,2,1,0,0,1,0,0
2022 Spring,DRAM,2020,Acting I,007200,"Haring,Haydn",003,11676,College & Graduate Arts & Sci,3.61,14,0,7,5,0,0,0,1,0,1,0
2022 Spring,DRAM,2020,Acting I,007200,"Clifford,John",001,11529,College & Graduate Arts & Sci,3.58,13,0,3,8,0,0,1,1,0,0,0
2022 Spring,EGMT,1540,Ethical Engagement,044515,"Bennett,Benjamin",204,12694,College & Graduate Arts & Sci,3.57,36,0,7,13,15,1,0,0,0,0,0
2022 Spring,MATH,3100,Introduction to Probability,023058,"Petrov,Leonid",002,11682,College & Graduate Arts & Sci,3.47,36,2,15,5,5,4,2,0,0,2,1
2022 Spring,STAT,5170,Applied Time Series,036677,"Woo,Jeffrey",001,11500,College & Graduate Arts & Sci,3.13,75,2,14,16,10,13,7,4,1,4,4
2022 Spring,PHIL,1000,Introduction to Philosophy,029990,"Cameron,Ross",100,10327,College & Graduate Arts & Sci,3.30,87,2,15,27,18,11,6,3,2,0,3
2022 Spring,CHEM,1421,Intro College Chemistry II Lab,005994,"Morkowchuk,Lisa",016,10741,College & Graduate Arts & Sci,3.85,23,9,6,7,0,0,1,0,0,0,0
2022 Spring,CHEM,1421,Intro College Chemistry II Lab,005994,"Morkowchuk,Lisa",006,11495,College & Graduate Arts & Sci,3.62,24,11,3,4,3,0,1,0,0,2,0
2022 Spring,ENWR,1510,Writing and Critical Inquiry,013432,"Johnson,Lindgren",034,11449,College & Graduate Arts & Sci,3.67,18,0,8,5,3,1,1,0,0,0,0
2022 Spring,LATI,2020,Intermediate Latin II,021134,"Celotto,Giulio",003,11683,College & Graduate Arts & Sci,3.51,17,5,2,4,2,2,0,1,1,0,0
2022 Spring,LASE,3111,Skills of Scholarship,041031,"LaFleur,Jennifer",002,11712,College & Graduate Arts & Sci,3.43,12,0,2,6,2,0,1,0,0,1,0
2022 Spring,ECON,4170,"Econ: Risk, Uncertainty & Info",039715,"Santugini,Marc",002,12624,College & Graduate Arts & Sci,3.14,37,6,6,7,1,6,3,4,1,1,2
2022 Spring,SPAN,1060,Accelerated Elementary Spanish,035820,"Street,Matthew",005,10499,College & Graduate Arts & Sci,3.43,17,1,2,10,1,2,0,0,0,0,1
2022 Spring,EVSC,3300,Atmosphere and Weather,013917,"Schiro,Kathleen",001,10160,College & Graduate Arts & Sci,3.25,56,8,9,10,7,7,7,6,0,0,2
2022 Spring,PHYS,1429,Intro Physics 1 Workshop,031036,"Knowles,Haley",001,10342,College & Graduate Arts & Sci,3.27,19,1,1,4,5,4,4,0,0,0,0
2022 Spring,ECON,3020,Intermediate Macroeconomics,007909,"Westerfield,Maria",400,12147,College & Graduate Arts & Sci,3.35,91,11,16,10,25,15,5,6,1,1,1
2022 Spring,ENWR,1506,Writing & Critical Inquiry S2,013429,"Chantell,Claire",003,10135,College & Graduate Arts & Sci,3.60,11,0,5,2,3,0,0,1,0,0,0
2022 Spring,SPAN,2010,Intermediate Spanish,035853,"Barlow,Jennifer",010,11270,College & Graduate Arts & Sci,3.72,17,0,8,6,1,1,1,0,0,0,0
2022 Spring,PLIR,3310,Ethics & Human Rights in Polit,031815,"Smith,Michael",100,10405,College & Graduate Arts & Sci,3.54,114,0,18,62,23,6,2,0,0,0,3
2022 Spring,HEBR,2020,Intermediate Modern Hebrew II,017987,"Gilboa,Zvi",001,10208,College & Graduate Arts & Sci,3.78,13,1,7,3,1,0,1,0,0,0,0
2022 Spring,WGS,3810,Feminist Theory,036822,"Walsh,Denise",001,11381,College & Graduate Arts & Sci,3.81,15,0,8,5,2,0,0,0,0,0,0
2022 Spring,SPAN,4200,History of the Language,035925,"Rini,Joel",001,12585,College & Graduate Arts & Sci,3.74,22,2,9,8,0,2,1,0,0,0,0
2022 Spring,PHYS,2415,Intro Physics 2 for Engineers,031076,"Schauss,Peter",001,11438,College & Graduate Arts & Sci,2.96,54,1,9,11,5,6,7,4,4,4,3
2022 Spring,ENWR,1510,Writing and Critical Inquiry,013432,"Fowler,Charity",005,11553,College & Graduate Arts & Sci,3.88,17,4,12,0,0,0,0,0,1,0,0
2022 Spring,PHYS,2040,Princip of Physics 2 Workshop,030812,"Ghosh,Supriyo",012,10371,College & Graduate Arts & Sci,3.45,26,3,2,8,6,6,0,1,0,0,0
2022 Spring,NESC,3985,Current Top in Neuroscience II,029291,"Liu,Xiaorong",001,10323,College & Graduate Arts & Sci,4.00,26,14,12,0,0,0,0,0,0,0,0
2022 Spring,PERS,2020,Intermediate Persian,029845,"Mohit,Mahshad",001,10326,College & Graduate Arts & Sci,3.80,11,1,5,4,0,1,0,0,0,0,0
2022 Spring,SPAN,2010,Intermediate Spanish,035853,"Neff,Kate",009,11795,College & Graduate Arts & Sci,3.49,18,0,7,6,2,0,1,0,1,0,1
2022 Spring,JAPN,4710,Intro to Literary Japanese,020752,"Heldt,Gustav",001,11871,College & Graduate Arts & Sci,3.15,14,0,1,6,3,1,1,1,0,0,1
2022 Spring,EVSC,3020,GIS Methods,013919,"Porter,John",100,11324,College & Graduate Arts & Sci,3.55,51,6,7,17,16,3,1,0,0,1,0
2022 Spring,CHEM,4420,Biological Chemistry II,005756,"Landers,James",001,10073,College & Graduate Arts & Sci,2.99,65,9,9,9,8,8,5,2,3,4,8
2022 Spring,MATH,1210,A survey of Calculus I,022944,"Castro,Valentina Zapata",300,10246,College & Graduate Arts & Sci,3.00,33,0,8,2,8,4,5,2,1,0,3
2022 Spring,MATH,1210,A survey of Calculus I,022944,"Luo,Yangxiao",700,10248,College & Graduate Arts & Sci,3.20,32,0,7,8,5,4,3,0,1,3,1
2022 Spring,MATH,1190,A Survey of Calc I w Algebra,023387,"Demers,Matthew",100,10249,College & Graduate Arts & Sci,3.02,36,0,7,6,2,8,4,2,2,5,0
2022 Spring,PHIL,2120,History of Philosophy: Modern,030057,"Secada,Jorge",100,10332,College & Graduate Arts & Sci,3.25,39,0,11,11,7,4,1,1,1,0,3
2022 Spring,RUSS,1020,First-Year Russian,034615,"Borovskaya-Ellis,Anna",002,10455,College & Graduate Arts & Sci,3.62,14,0,9,1,0,3,0,0,1,0,0
2022 Spring,BIOL,2200,Intro Bio w/Lab: Orgnsm & Evol,003471,"Manson,Jessamyn",001,10048,College & Graduate Arts & Sci,3.41,397,31,94,115,49,34,38,11,7,10,8
2022 Spring,PSYC,2600,Intro to Social Psychology,032521,"Mazurek,Christopher",002,11828,College & Graduate Arts & Sci,3.15,276,0,41,83,49,32,17,21,10,8,15
2022 Spring,PHYS,1429,Intro Physics 1 Workshop,031036,"Khawaja,Adil Umar",019,10357,College & Graduate Arts & Sci,3.48,26,0,4,11,4,6,1,0,0,0,0
2022 Spring,PHYS,2419,Intro Physics 2 Workshop,031079,"Sousa,Gabriel Lucas Andrade de",002,11414,College & Graduate Arts & Sci,2.81,21,0,0,0,2,11,4,3,0,1,0
2022 Spring,SPAN,3040,Business Spanish,035896,"Benitez,Jesus Galindo",002,10509,College & Graduate Arts & Sci,3.85,13,0,10,2,0,0,1,0,0,0,0
2022 Spring,ARTS,4712,Advanced Painting II,002942,"Rock,Neal",001,11272,College & Graduate Arts & Sci,3.92,12,2,8,1,1,0,0,0,0,0,0
2022 Spring,EGMT,1520,Empirical Engagement,044513,"Elia,Matt",204,12677,College & Graduate Arts & Sci,3.86,33,4,18,9,0,2,0,0,0,0,0
2022 Spring,MATH,3250,Ordinary Differential Equatns,023068,"Grujic,Zoran",100,10271,College & Graduate Arts & Sci,3.08,30,2,6,4,5,2,5,1,1,2,2
2022 Spring,SPAN,3300,Texts and Interpretation,035904,"Opere,Alicia Lopez",002,10511,College & Graduate Arts & Sci,3.42,16,0,4,5,4,2,0,0,0,0,1
2022 Spring,ECON,2010,Principles of Econ: Microecon,007876,"Doyle,Carter",090,11322,College & Graduate Arts & Sci,3.14,205,1,22,60,34,35,16,12,15,4,6
2022 Spring,MATH,2310,Calculus III,023024,"Qi,You",300,10267,College & Graduate Arts & Sci,3.42,42,1,16,8,0,14,0,0,2,0,1
2022 Spring,ENWR,1510,Writing and Critical Inquiry,013432,"Wallace,Samantha",021,11258,College & Graduate Arts & Sci,3.71,18,0,6,8,4,0,0,0,0,0,0
2022 Spring,CHIN,2010,Intermediate Chinese,006053,"Wang,Rui",001,12575,College & Graduate Arts & Sci,3.79,15,0,8,6,0,0,1,0,0,0,0
2022 Spring,ENWR,2510,Advanced Writing Seminar,013441,"Seitz,James",003,12259,College & Graduate Arts & Sci,3.77,16,0,12,1,2,0,0,0,1,0,0
2022 Spring,EGMT,1510,Engaging Aesthetics,044512,"Mikkelson,Jane",202,12663,College & Graduate Arts & Sci,3.98,37,9,25,3,0,0,0,0,0,0,0
2022 Spring,PHYS,3040,Physics of the Human Body,030852,"Yoon,Jongsoo",001,10383,College & Graduate Arts & Sci,3.38,17,3,2,3,2,3,4,0,0,0,0
2022 Spring,SPAN,2010,Intermediate Spanish,035853,"Park,Sara",011,11271,College & Graduate Arts & Sci,3.71,18,0,7,7,3,1,0,0,0,0,0
2022 Spring,EGMT,1510,Engaging Aesthetics,044512,"Wood,Katelyn",201,12662,College & Graduate Arts & Sci,3.27,15,0,12,0,0,0,0,0,0,0,3
2022 Spring,PHYS,1429,Intro Physics 1 Workshop,031036,"Knowles,Haley",011,11411,College & Graduate Arts & Sci,3.38,24,0,3,10,6,2,1,0,1,1,0
2022 Spring,FREN,2020,Intermediate French II,014316,"Tierney,Paige",007,11147,College & Graduate Arts & Sci,3.65,16,0,10,3,0,1,0,1,1,0,0
2022 Spring,DANC,2210,Ballet I,007222,"Schetlick,Kathryn",001,11535,College & Graduate Arts & Sci,3.89,17,0,11,6,0,0,0,0,0,0,0
2022 Spring,STAT,2120,Intro to Statistical Analysis,036655,"Ross,Richard",200,10517,College & Graduate Arts & Sci,3.28,177,1,42,29,33,33,21,9,6,1,2
2022 Spring,EGMT,1510,Engaging Aesthetics,044512,"Mikkelson,Jane",205,12665,College & Graduate Arts & Sci,4.00,35,18,17,0,0,0,0,0,0,0,0
2022 Spring,SPAN,3300,Texts and Interpretation,035904,"Sprague,Paula",001,10510,College & Graduate Arts & Sci,3.93,16,1,11,4,0,0,0,0,0,0,0
2022 Spring,FREN,2010,Intermediate French I,014315,"amor,Syrine Ben",006,11867,College & Graduate Arts & Sci,3.84,10,0,8,1,0,0,1,0,0,0,0
2022 Spring,WGS,3800,Queer Theory,040463,"Meyer,Doug",001,11868,College & Graduate Arts & Sci,3.09,22,0,3,5,6,1,2,2,1,0,2
2022 Spring,HILA,2002,"Mod Latin Am, 1824 to Present",018771,"Klubock,Thomas",100,10210,College & Graduate Arts & Sci,3.58,59,0,45,0,0,9,0,0,2,0,3
2022 Spring,SPAN,3300,Texts and Interpretation,035904,"Moguel,Ana Piriz",006,11432,College & Graduate Arts & Sci,3.74,16,0,6,8,1,1,0,0,0,0,0
2022 Spring,MATH,7310,Real Analysis,023220,"Hayes,Benjamin",001,11503,College & Graduate Arts & Sci,3.47,18,2,4,4,3,1,4,0,0,0,0
2022 Spring,EVSC,3301,Atmosphere & Weather Lab,014096,"Crowe,David",001,10161,College & Graduate Arts & Sci,3.53,10,2,6,0,1,0,0,0,0,0,1
2022 Spring,PHYS,3660,Quantum Physics II,030872,"Chern,Gia-Wei",001,10386,College & Graduate Arts & Sci,3.16,28,3,3,8,3,1,6,2,0,0,2
2022 Spring,ANTH,5360,World Mental Health,040466,"Merkel,Richard",001,11286,College & Graduate Arts & Sci,3.92,12,6,5,0,0,1,0,0,0,0,0
2022 Spring,CHEM,2321,Org Lab II Non-Chem Maj/Min,043155,"Chruma,Jason",003,11565,College & Graduate Arts & Sci,3.80,35,1,22,7,3,1,0,1,0,0,0
2022 Spring,SPAN,2020,Advanced Intermediate Spanish,035854,"Rodriguez,Maria Esparza",021,11366,College & Graduate Arts & Sci,3.61,18,0,5,9,2,1,0,0,1,0,0
2022 Spring,PHYS,1425,Intro Physics 1 for Engineers,031032,"Zheng,Xiaochao",003,10341,College & Graduate Arts & Sci,3.29,97,6,17,17,20,15,13,5,2,1,1
2022 Spring,PHYS,2040,Princip of Physics 2 Workshop,030812,"Coveyou,Dayne",015,10374,College & Graduate Arts & Sci,3.24,24,0,2,8,5,5,1,0,3,0,0
2022 Spring,SOC,2230,Criminology,035322,"Greenland,Fiona",100,11319,College & Graduate Arts & Sci,3.65,192,0,56,103,19,6,0,3,2,1,2
2022 Spring,STAT,1100,Chance: Intro to Statistics,036650,"Zhou,Tianyuan",001,11944,College & Graduate Arts & Sci,3.69,36,0,21,1,11,3,0,0,0,0,0
2022 Spring,EVSC,3201,Fundamentals of Ecology Lab,014094,"Heffernan,Elise",001,10152,College & Graduate Arts & Sci,3.80,13,0,11,1,0,0,0,0,0,1,0
2022 Spring,GDS,3113,Buddhist Development,042700,"Maxwell,Cliff",001,11825,College & Graduate Arts & Sci,4.00,20,17,3,0,0,0,0,0,0,0,0
2022 Spring,GERM,1020,Elementary German,015643,"Schroeder,Kathryn",002,10189,College & Graduate Arts & Sci,3.56,13,2,5,1,2,2,0,0,1,0,0
2022 Spring,DRAM,2020,Acting I,007200,"Jacobs,Christine",004,11677,College & Graduate Arts & Sci,3.79,14,0,11,0,1,1,1,0,0,0,0
2022 Spring,GERM,2010,Intermediate German,015678,"Schenberg,Cora",001,10190,College & Graduate Arts & Sci,3.95,11,0,9,2,0,0,0,0,0,0,0
2022 Spring,ENWR,1506,Writing & Critical Inquiry S2,013429,"Chantell,Claire",002,10134,College & Graduate Arts & Sci,3.77,10,1,6,1,0,2,0,0,0,0,0
2022 Spring,ENWR,1510,Writing and Critical Inquiry,013432,"Walker,Jessica",048,12253,College & Graduate Arts & Sci,3.97,18,1,15,2,0,0,0,0,0,0,0
2022 Spring,ASTR,1210,Intro Sky and Solar System,003045,"Indebetouw,Remy",001,10041,College & Graduate Arts & Sci,3.23,87,4,17,23,12,9,5,9,2,1,5
2022 Spring,SPAN,2010,Intermediate Spanish,035853,"Jarque,Esperanza Gorriz",016,11796,College & Graduate Arts & Sci,3.78,17,0,9,6,1,0,1,0,0,0,0
2022 Spring,RELI,2024,Jewish-Muslim Relations,044433,"Andruss,Jessica",100,12243,College & Graduate Arts & Sci,3.54,19,0,2,10,4,3,0,0,0,0,0
2022 Spring,ARTS,2112,Introduction to Photography II,002866,"Scheuren,James",001,10021,College & Graduate Arts & Sci,3.53,13,1,4,7,0,0,0,0,0,0,1
2022 Spring,HBIO,4999,Thesis Res for Human Biology,017975,"Timko,Michael",001,10206,College & Graduate Arts & Sci,3.81,17,1,14,1,0,0,0,0,0,0,1
2022 Spring,SPAN,1060,Accelerated Elementary Spanish,035820,"Hogg,Jennifer",001,10497,College & Graduate Arts & Sci,3.55,15,0,4,8,2,0,0,0,0,0,1
2022 Spring,MATH,4250,Diff Eqns Dyn Sys,044173,"Do,Yen",001,12211,College & Graduate Arts & Sci,3.62,13,1,6,2,1,2,0,1,0,0,0
2022 Spring,BIOL,3240,Introduction to Immunology,003549,"Kittlesen,David",001,10051,College & Graduate Arts & Sci,2.91,155,8,19,24,23,17,18,11,8,15,12
2022 Spring,STAT,3120,Intro Mathematical Statistics,040000,"Weinstock,Justin",002,11729,College & Graduate Arts & Sci,3.53,83,12,36,11,8,5,0,3,3,3,2
2022 Spring,SWAH,1020,Introductory Swahili II,036871,"Rotich,Anne",002,11901,College & Graduate Arts & Sci,3.41,10,0,5,2,0,0,2,0,0,0,1
2022 Spring,MATH,1220,A Survey of Calculus II,022945,"Dimou,Evangelos",500,10252,College & Graduate Arts & Sci,3.12,32,1,8,4,1,4,8,3,0,3,0
2022 Spring,DRAM,2620,Sound Design,007233,"Rasbury,Michael",002,11875,College & Graduate Arts & Sci,3.98,12,1,10,1,0,0,0,0,0,0,0
2022 Spring,STAT,3080,From Data to Knowledge,040829,"Bagley,Evan",002,11960,College & Graduate Arts & Sci,3.66,41,4,16,13,2,3,0,2,0,1,0
2022 Spring,PHS,3050,Fundamentals Public Health,041885,"Hornsby,Paige",001,12541,College & Graduate Arts & Sci,3.58,71,1,22,23,13,8,3,1,0,0,0
2022 Spring,ECON,8190,Econ of Underdeveloped Areas,008070,"Sekhri,Sheetal",001,12030,College & Graduate Arts & Sci,3.77,7,1,3,2,0,1,0,0,0,0,0
2022 Spring,CHIN,1020,Elementary Chinese,006048,"Wang,Jun",003,10083,College & Graduate Arts & Sci,3.89,15,1,13,0,0,0,0,1,0,0,0
2022 Spring,PHYS,1429,Intro Physics 1 Workshop,031036,"Rathnayaka,Srimal",018,10356,College & Graduate Arts & Sci,3.30,24,0,2,10,4,3,2,2,1,0,0
2022 Spring,MATH,4652,Intro to Abstract Algebra,023152,"Abramenko,Peter",001,11862,College & Graduate Arts & Sci,3.01,22,2,4,1,5,1,4,2,1,0,2
2022 Spring,BIOL,4260,Cellular Mechanisms,003613,"Wormington,Mike",001,11694,College & Graduate Arts & Sci,4.00,49,5,44,0,0,0,0,0,0,0,0
2022 Spring,PHYS,2040,Princip of Physics 2 Workshop,030812,"Hagemeier,Andrew",005,10366,College & Graduate Arts & Sci,3.44,26,0,0,12,11,2,1,0,0,0,0
2022 Spring,EGMT,1510,Engaging Aesthetics,044512,"Hu,Jasmine",102,12639,College & Graduate Arts & Sci,3.96,34,3,27,4,0,0,0,0,0,0,0
2022 Spring,CHEM,2321,Org Lab II Non-Chem Maj/Min,043155,"Chruma,Jason",004,11566,College & Graduate Arts & Sci,3.97,36,3,30,3,0,0,0,0,0,0,0
2022 Spring,ANTH,1010,Introduction to Anthropology,000600,"Handler,Richard",100,10009,College & Graduate Arts & Sci,3.62,174,13,50,73,15,12,3,1,5,0,2
2022 Spring,HBIO,4960,Indep Research for Human Biol,017973,"Timko,Michael",001,10205,College & Graduate Arts & Sci,3.91,14,0,12,1,0,1,0,0,0,0,0
2022 Spring,BIOL,4910,Life Sciences Research,043055,"Kawasaki,Masashi",001,11695,College & Graduate Arts & Sci,3.99,110,53,53,4,0,0,0,0,0,0,0
2022 Spring,ENWR,1510,Writing and Critical Inquiry,013432,"Griffin,Cristina",026,12010,College & Graduate Arts & Sci,3.93,18,0,15,2,1,0,0,0,0,0,0
2022 Spring,FREN,3032,"Text, Image, Culture",014358,"McGrady,Deborah",003,11804,College & Graduate Arts & Sci,3.43,15,0,3,6,2,3,0,0,0,1,0
2022 Spring,EGMT,1540,Ethical Engagement,044515,"Spittler,Janet",201,12691,College & Graduate Arts & Sci,3.87,38,0,36,0,0,1,0,0,0,0,1
2022 Spring,PHYS,5240,Intro to General Relativity,030888,"Heeck,Julian",001,10387,College & Graduate Arts & Sci,3.32,12,1,3,2,0,2,3,1,0,0,0
2022 Spring,MATH,1210,A survey of Calculus I,022944,"Saad,Hasan",400,10247,College & Graduate Arts & Sci,3.12,35,0,9,9,7,3,1,1,0,1,4
2022 Spring,PHYS,2040,Princip of Physics 2 Workshop,030812,"Howerton,Tyler",008,10369,College & Graduate Arts & Sci,3.26,26,0,0,5,12,8,1,0,0,0,0
2022 Spring,EVSC,5082,Nitrogen Seminar,043388,"Galloway,James",001,11697,College & Graduate Arts & Sci,3.68,12,0,4,5,2,1,0,0,0,0,0
2022 Spring,DRAM,3651,Directing I,007272,"Dalton,Dave",001,11686,College & Graduate Arts & Sci,3.75,15,5,6,1,2,0,0,0,1,0,0
2022 Spring,EGMT,1540,Ethical Engagement,044515,"Ferguson,Andrew",104,12688,College & Graduate Arts & Sci,3.83,71,5,46,13,5,1,0,0,0,0,1
2022 Spring,FREN,3032,"Text, Image, Culture",014358,"Simotas,Spyridon",004,11805,College & Graduate Arts & Sci,3.89,15,2,10,2,0,1,0,0,0,0,0
2022 Spring,PHIL,1740,Issues of Life and Death,030031,"Stangl,Rebecca",100,11808,College & Graduate Arts & Sci,3.40,174,0,23,56,50,34,5,4,0,2,0
2022 Spring,GSSJ,4991,Capstone Seminar,043545,"Furia,Peter",001,11826,College & Graduate Arts & Sci,3.78,28,1,16,7,3,0,0,0,1,0,0
2022 Spring,FREN,3031,Finding Your Voice in French,014357,"Krueger,Cheryl",004,11801,College & Graduate Arts & Sci,3.37,12,0,6,1,0,2,1,0,2,0,0
2022 Spring,EVSC,4050,Topics in Oceanography,013932,"Macko,Stephen",001,10164,College & Graduate Arts & Sci,3.50,40,3,15,7,0,10,3,0,2,0,0
2022 Spring,ENWR,1510,Writing and Critical Inquiry,013432,"Retica,Rachel",047,12252,College & Graduate Arts & Sci,3.81,17,0,11,3,2,1,0,0,0,0,0
2022 Spring,FREN,1020,Elementary French II,014274,"Rey,Cecile",001,10172,College & Graduate Arts & Sci,3.23,14,0,0,8,3,1,0,0,1,0,1
2022 Spring,ENWR,1510,Writing and Critical Inquiry,013432,"donovan,devin",022,12009,College & Graduate Arts & Sci,3.96,18,2,15,0,1,0,0,0,0,0,0
2022 Spring,EVSC,4670,Drinking Water Quality,045360,"Mills,Aaron",001,12792,College & Graduate Arts & Sci,3.85,30,0,23,4,1,1,0,1,0,0,0
2022 Spring,PHYS,1010,The Physical Universe,030772,"Yoshida,Atsushi",001,12112,College & Graduate Arts & Sci,3.10,49,1,9,4,11,6,11,3,1,2,1
2022 Spring,MATH,3310,Basic Real Analysis,023072,"Uraltsev,Gennady",300,11854,College & Graduate Arts & Sci,3.74,11,1,4,4,1,1,0,0,0,0,0
2022 Spring,DRAM,3653,Prod Lab: Stage Management,007274,"McLeod,Holly",001,11962,College & Graduate Arts & Sci,3.97,11,9,1,1,0,0,0,0,0,0,0
2022 Spring,RUTR,2470,Understanding Russia,034781,"Urbanovich,Yuri",001,12272,College & Graduate Arts & Sci,3.89,40,0,30,7,2,1,0,0,0,0,0
2022 Spring,SPAN,3030,Cultural Conversations,035895,"Poveda,Esther",001,12437,College & Graduate Arts & Sci,3.89,17,0,13,3,0,1,0,0,0,0,0
2022 Spring,MATH,7800,Algebraic Topology I,023238,"Kuhn,Nicholas",001,10285,College & Graduate Arts & Sci,3.52,16,3,5,3,3,0,0,1,0,0,1
2022 Spring,AMST,4500,Fourth Year Seminar AMST,000461,"Jernigan,Kasey",001,12718,College & Graduate Arts & Sci,3.80,20,5,14,0,0,0,0,0,0,0,1
2022 Spring,LASE,3111,Skills of Scholarship,041031,"Rose,Kevin",003,11713,College & Graduate Arts & Sci,3.24,13,0,6,2,0,1,1,0,1,1,1
2022 Spring,AAS,2224,Black Fem & Masc in US Media,042659,"Shutt,Lisa",002,11715,College & Graduate Arts & Sci,3.43,18,0,7,5,1,2,1,1,0,0,1
2022 Spring,MATH,1110,Probability/Finite Mathematics,022934,"Dass,Wendi",001,10241,College & Graduate Arts & Sci,3.22,39,0,10,6,12,2,5,1,0,0,3
2022 Spring,PSYC,2410,Abnormal Psychology,032566,"Horn,Erin",001,11829,College & Graduate Arts & Sci,2.94,245,18,30,35,35,38,21,18,15,14,21
2022 Spring,STAT,1601,Intro Data Science with R,045055,"Afriyie,Prince",001,12553,College & Graduate Arts & Sci,3.26,138,5,18,48,20,20,8,6,4,5,4
2022 Spring,MATH,1320,Calculus II,022954,"Sonkin,Dmitriy",200,10262,College & Graduate Arts & Sci,2.70,22,0,5,0,3,5,1,3,2,0,3
2022 Spring,STAT,3220,Intro to Regression Analysis,040001,"Varanyak,Krista",002,12198,College & Graduate Arts & Sci,3.84,85,0,51,28,4,1,0,1,0,0,0
2022 Spring,AMST,3001,Theories & Methods of Amer Std,000457,"Eschen,Penny Von",001,11577,College & Graduate Arts & Sci,3.70,14,2,6,3,1,0,2,0,0,0,0
2022 Spring,MATH,1210,A survey of Calculus I,022944,"Tralle,Wojciech",600,11852,College & Graduate Arts & Sci,3.00,32,0,12,2,7,2,0,1,1,3,4
2022 Spring,STAT,1100,Chance: Intro to Statistics,036650,"Chan,Ga Ming Angus",002,11945,College & Graduate Arts & Sci,3.17,39,4,13,6,1,5,2,3,1,0,4
2022 Spring,ARAB,1020,Elementary Arabic II,001280,"Mohamed,Suad",002,10014,College & Graduate Arts & Sci,3.48,10,1,3,2,1,0,3,0,0,0,0
2022 Spring,CHEM,2321,Org Lab II Non-Chem Maj/Min,043155,"Chruma,Jason",007,12700,College & Graduate Arts & Sci,3.84,32,1,20,8,1,2,0,0,0,0,0
2022 Spring,ASL,1020,Elem Amer Sign Language II,003000,"Eshgi,Maher",004,12537,College & Graduate Arts & Sci,3.32,12,0,0,6,2,2,1,1,0,0,0
2022 Spring,SPAN,2020,Advanced Intermediate Spanish,035854,"Hervas,Maria Jose Jorquera",018,11305,College & Graduate Arts & Sci,3.65,13,1,3,6,2,0,1,0,0,0,0
2022 Spring,ENWR,1510,Writing and Critical Inquiry,013432,"Foody,Kaelin",004,12108,College & Graduate Arts & Sci,3.91,18,0,16,1,0,0,1,0,0,0,0
2022 Spring,PPL,4010,Research Seminar,032136,"Henry,Daniel",001,12109,College & Graduate Arts & Sci,3.94,14,2,9,3,0,0,0,0,0,0,0
2022 Spring,FREN,2020,Intermediate French II,014316,"Bartz,Ninon",002,10182,College & Graduate Arts & Sci,3.61,18,0,6,7,1,3,1,0,0,0,0
2022 Spring,DRAM,1010,How Theatre Works,007177,"Garey,Cady",001,10095,College & Graduate Arts & Sci,3.45,40,0,14,13,6,4,0,0,1,0,2
2022 Spring,ENWR,2510,Advanced Writing Seminar,013441,"Fowler,Charity",001,12258,College & Graduate Arts & Sci,3.96,15,0,13,2,0,0,0,0,0,0,0
2022 Spring,CHEM,1421,Intro College Chemistry II Lab,005994,"Morkowchuk,Lisa",029,12294,College & Graduate Arts & Sci,3.94,24,14,5,5,0,0,0,0,0,0,0
2022 Spring,PSYC,2150,Introduction to Cognition,032487,"Golino,Mariana",100,12710,College & Graduate Arts & Sci,3.52,196,25,36,73,25,17,11,1,4,1,3
2022 Spring,PHYS,3210,Classical Mechanics,030861,"Nichols,David",001,12066,College & Graduate Arts & Sci,3.11,47,1,9,8,11,2,4,5,3,3,1
2022 Spring,MATH,3000,Transition to Higher Math,023049,"Abramenko,Peter",100,12208,College & Graduate Arts & Sci,3.16,22,2,1,4,7,2,3,2,0,0,1
2022 Spring,STAT,2120,Intro to Statistical Analysis,036655,"Ross,Richard",300,10518,College & Graduate Arts & Sci,3.05,177,0,29,27,29,41,13,12,15,5,6
2022 Spring,EGMT,1520,Empirical Engagement,044513,"Phillips,Amanda",106,12671,College & Graduate Arts & Sci,3.78,33,0,24,7,0,0,1,0,0,0,1
2022 Spring,DRAM,3080,Script Analysis,007251,"Grissom,Doug",001,11440,College & Graduate Arts & Sci,3.40,23,0,1,14,3,2,2,0,0,0,1
2022 Spring,CHEM,4410,Biological Chemistry I,005755,"Grisham,Charles M",001,11968,College & Graduate Arts & Sci,3.74,30,2,13,9,4,1,1,0,0,0,0
2022 Spring,SOC,2220,Social Problems,035321,"Zeno,Elissa",100,12219,College & Graduate Arts & Sci,3.77,57,1,37,13,1,1,2,0,1,0,1
2022 Spring,STAT,3220,Intro to Regression Analysis,040001,"Varanyak,Krista",001,12051,College & Graduate Arts & Sci,3.84,81,0,46,31,3,0,1,0,0,0,0
2022 Spring,ENWR,1510,Writing and Critical Inquiry,013432,"Zimmerman,Daniel",055,12433,College & Graduate Arts & Sci,3.39,10,2,2,1,3,0,0,1,1,0,0
2022 Spring,MATH,3310,Basic Real Analysis,023072,"Webster,Joe",200,10276,College & Graduate Arts & Sci,2.86,31,3,5,3,5,3,2,4,1,2,3
2022 Spring,CHEM,1421,Intro College Chemistry II Lab,005994,"Morkowchuk,Lisa",034,12299,College & Graduate Arts & Sci,3.98,24,17,5,2,0,0,0,0,0,0,0
2022 Spring,ENWR,1510,Writing and Critical Inquiry,013432,"Mcnamara,Wyatt",053,12422,College & Graduate Arts & Sci,3.53,10,1,2,3,3,0,0,1,0,0,0
2022 Spring,BIOL,4005,Functional Genomics Laboratory,043445,"Mishra,Swarup",001,12201,College & Graduate Arts & Sci,3.73,13,0,4,7,2,0,0,0,0,0,0
2022 Spring,PHIL,1410,Forms of Reasoning,030021,"Darcy,James",001,12015,College & Graduate Arts & Sci,3.71,30,0,16,8,3,0,2,1,0,0,0
2022 Spring,PHS,4991,GPH Capstone,044464,"Colvin,Chris",001,12132,College & Graduate Arts & Sci,3.93,21,0,16,5,0,0,0,0,0,0,0
2022 Spring,MUSI,4523,Issues in Ethnomusicology,024854,"Lobley,Noel",001,12200,College & Graduate Arts & Sci,3.96,15,3,10,2,0,0,0,0,0,0,0
2022 Spring,ECON,3720,Introduction to Econometrics,007939,"Michener,Ronald",099,10109,College & Graduate Arts & Sci,2.61,29,1,5,2,3,3,3,0,5,2,5
2022 Spring,ANTH,3020,Using Anthropology,042701,"Jordan,Erin",001,12138,College & Graduate Arts & Sci,3.58,30,0,13,9,2,2,2,0,2,0,0
2022 Spring,BIOL,4040,Laboratory in Cell Biology,003591,"Bloom,George",102,12204,College & Graduate Arts & Sci,3.67,19,2,6,5,4,2,0,0,0,0,0
2022 Spring,LATI,1020,Elementary Latin II,021104,"Corbeill,Anthony",100,10230,College & Graduate Arts & Sci,3.68,30,3,8,12,5,0,2,0,0,0,0
2022 Spring,LATI,2020,Intermediate Latin II,021134,"Celotto,Giulio",001,10234,College & Graduate Arts & Sci,3.53,16,1,2,8,3,0,1,1,0,0,0
2022 Spring,ANTH,3590,Social & Cultural Anthropology,041002,"Stephan,Christopher",002,12753,College & Graduate Arts & Sci,3.55,29,0,9,10,6,0,3,0,1,0,0
2022 Spring,DRAM,4590,Special Topics in Theatre,043598,"Davis,Theresa",002,12736,College & Graduate Arts & Sci,3.60,15,2,9,1,1,1,0,0,0,0,1
2022 Spring,ARTH,2961,Arts of the Islamic World,037383,"Phillips,Amanda",001,12636,College & Graduate Arts & Sci,3.66,45,2,17,17,4,3,1,0,0,0,1
2022 Spring,MUSI,3332,Musicianship I,025175,"Carter,Adam",001,10321,College & Graduate Arts & Sci,3.86,12,1,8,1,2,0,0,0,0,0,0
2022 Spring,GDS,3020,Global Development Theory II,039894,"Edmunds,David",001,11534,College & Graduate Arts & Sci,3.81,33,6,20,5,1,0,0,0,0,0,1
2022 Spring,ENWR,1510,Writing and Critical Inquiry,013432,"D'Errico,Jon",031,11259,College & Graduate Arts & Sci,3.64,18,0,3,11,3,1,0,0,0,0,0
2022 Spring,DRAM,2110,Lighting Technology,007209,"Kennedy,R.",001,12648,College & Graduate Arts & Sci,3.77,20,0,16,1,0,1,1,0,1,0,0
2022 Spring,SPAN,2010,Intermediate Spanish,035853,"Barlow,Jennifer",004,10502,College & Graduate Arts & Sci,3.62,19,0,3,12,2,1,1,0,0,0,0
2022 Spring,RUSS,2020,Second-Year Russian,034638,"Stuart,Madelyn",001,10458,College & Graduate Arts & Sci,3.84,14,1,8,3,2,0,0,0,0,0,0
2022 Spring,EGMT,1540,Ethical Engagement,044515,"Owensby,Brian",103,12689,College & Graduate Arts & Sci,3.46,38,0,11,9,6,9,2,0,1,0,0
2022 Spring,MUEN,3650,University Singers,024591,"Slon,Michael",001,10316,College & Graduate Arts & Sci,3.95,90,0,87,2,0,0,0,0,0,0,1
2022 Spring,STAT,3080,From Data to Knowledge,040829,"Varanyak,Krista",001,11537,College & Graduate Arts & Sci,3.51,89,0,35,23,15,6,4,3,0,0,3
2022 Spring,JAPN,1020,First-Year Japanese II,020741,"Marshall,Tomoko",002,10223,College & Graduate Arts & Sci,3.46,12,0,1,6,2,2,1,0,0,0,0
2022 Spring,KOR,3020,Advanced Korean II,020869,"Han,Rosa",001,10229,College & Graduate Arts & Sci,3.42,13,0,2,5,3,1,1,1,0,0,0
2022 Spring,EGMT,1520,Empirical Engagement,044513,"Fredner,Erik",105,12670,College & Graduate Arts & Sci,3.93,34,0,29,4,0,0,1,0,0,0,0
2022 Spring,PSYC,3490,Infant Development,032576,"Grossmann,Tobias",001,12712,College & Graduate Arts & Sci,3.78,170,41,69,31,15,8,3,1,2,0,0
2022 Spring,SPAN,3050,Spanish for Medical Profession,039916,"Opere,Alicia Lopez",001,12731,College & Graduate Arts & Sci,3.73,18,1,11,3,1,0,1,0,1,0,0
2022 Spring,SPAN,1060,Accelerated Elementary Spanish,035820,"Street,Matthew",006,10500,College & Graduate Arts & Sci,3.36,17,0,5,7,1,0,1,0,2,0,1
2022 Spring,CHEM,1421,Intro College Chemistry II Lab,005994,"Morkowchuk,Lisa",017,10742,College & Graduate Arts & Sci,3.88,23,15,2,5,0,0,1,0,0,0,0
2022 Spring,PSYC,4110,Psycholinguistics,032607,"Loncke,Filip",001,10429,College & Graduate Arts & Sci,3.67,32,0,16,10,0,1,5,0,0,0,0
2022 Spring,EGMT,1510,Engaging Aesthetics,044512,"Smith,Wendy",105,12641,College & Graduate Arts & Sci,3.90,35,1,28,4,0,1,1,0,0,0,0
2022 Spring,MATH,1220,A Survey of Calculus II,022945,"Dimou,Evangelos",400,12642,College & Graduate Arts & Sci,3.08,25,0,8,3,3,3,2,1,2,2,1
2022 Spring,EGMT,1520,Empirical Engagement,044513,"Odom,Bo",101,12666,College & Graduate Arts & Sci,3.98,35,18,15,2,0,0,0,0,0,0,0
2022 Spring,AMST,3001,Theories & Methods of Amer Std,000457,"Singerman,David",002,12195,College & Graduate Arts & Sci,3.36,15,5,3,3,0,1,0,1,1,0,1
2022 Spring,RELJ,2030,"Judaism, Roots and Rebellion",034464,"Alexander,Elizabeth",100,12520,College & Graduate Arts & Sci,3.34,29,0,13,4,1,2,3,2,4,0,0
2022 Spring,CHEM,5340,Nanomaterials,044283,"Zhang,Sen",001,12709,College & Graduate Arts & Sci,3.88,10,2,4,4,0,0,0,0,0,0,0
2022 Spring,SPAN,3010,Grammar and Composition I,035893,"Salado,Benjamin Romero",008,12768,College & Graduate Arts & Sci,3.91,14,0,10,4,0,0,0,0,0,0,0
2022 Spring,ENWR,1510,Writing and Critical Inquiry,013432,"Ard,DeVan",014,10606,College & Graduate Arts & Sci,3.59,17,1,2,8,5,1,0,0,0,0,0
2022 Spring,MATH,4140,Math of Derivative Securities,023122,"Gromoll,Christian",001,11861,College & Graduate Arts & Sci,3.14,21,3,5,0,2,4,3,2,0,1,1
2022 Spring,ANTH,2410,Sociolinguistics,000748,"Lefkowitz,Daniel",100,12214,College & Graduate Arts & Sci,3.61,53,9,13,15,8,4,2,1,0,1,0
2022 Spring,EGMT,1530,Engaging Differences,044514,"Walsh,David",102,12680,College & Graduate Arts & Sci,3.86,33,9,18,2,2,0,2,0,0,0,0
2022 Spring,PSYC,2700,Intro to Child Psychology,032516,"Vaish,Amrisha",001,10423,College & Graduate Arts & Sci,3.48,346,0,150,57,48,42,19,11,10,2,7
2022 Spring,MATH,1160,"Algebra, Nbr Sys, Nbr Theory",022939,"Choi,Kyong Mi",001,10243,College & Graduate Arts & Sci,3.58,36,0,14,10,6,4,0,0,2,0,0
2022 Spring,MATH,3340,Complex Variables,023074,"Humphries,Peter Christopher Leslie",001,10277,College & Graduate Arts & Sci,2.94,29,4,3,3,4,4,4,1,4,0,2
2022 Spring,MATH,3354,Survey of Algebra,023084,"Balderrama,William",001,10280,College & Graduate Arts & Sci,2.87,23,0,7,0,2,7,3,1,0,0,3
2022 Spring,LATI,2020,Intermediate Latin II,021134,"Celotto,Giulio",002,10235,College & Graduate Arts & Sci,3.65,13,0,6,3,2,1,1,0,0,0,0
2022 Spring,MATH,5700,Introduction to Geometry,023159,"Mazzoli,Filippo",001,10282,College & Graduate Arts & Sci,3.10,7,0,1,2,1,1,0,1,0,1,0
2022 Spring,PSYC,4980,Distinguished Major Thesis II,032670,"Dodson,Chad",001,10431,College & Graduate Arts & Sci,3.99,26,4,21,1,0,0,0,0,0,0,0
2022 Spring,PLPT,5500,Special Topics in Pol Theory,044639,"Ceaser,James",001,12603,College & Graduate Arts & Sci,3.34,7,0,4,2,0,0,0,0,0,0,1
2022 Spring,FREN,1010,Elementary French I,014273,"Rey,Cecile",002,11497,College & Graduate Arts & Sci,3.53,18,0,6,6,2,3,0,0,0,1,0
2022 Spring,GERM,1020,Elementary German,015643,"Neuhaus,Christina",003,11540,College & Graduate Arts & Sci,3.88,18,1,11,5,1,0,0,0,0,0,0
2022 Spring,CHIN,4020,Advanced Chinese II,006068,"Liang,Hsin Hsin",001,12449,College & Graduate Arts & Sci,3.87,10,0,8,1,0,1,0,0,0,0,0
2022 Spring,CHEM,2321,Org Lab II Non-Chem Maj/Min,043155,"Chruma,Jason",005,12699,College & Graduate Arts & Sci,3.81,30,5,18,6,0,0,0,0,0,0,1
2022 Spring,ENWR,1510,Writing and Critical Inquiry,013432,"Thomas,Rebecca",059,12563,College & Graduate Arts & Sci,3.79,17,0,12,2,0,3,0,0,0,0,0
2022 Spring,ENWR,1510,Writing and Critical Inquiry,013432,"Viechweg,Seanna",060,12564,College & Graduate Arts & Sci,4.00,18,4,14,0,0,0,0,0,0,0,0
2022 Spring,GETR,3330,Introduction to German Studies,015936,"Schmid,Marcel",001,12632,College & Graduate Arts & Sci,3.94,25,0,20,5,0,0,0,0,0,0,0
2022 Spring,EVSC,3301,Atmosphere & Weather Lab,014096,"Kulkarni,Sayali",004,12633,College & Graduate Arts & Sci,3.56,10,0,3,2,4,1,0,0,0,0,0
2022 Spring,EGMT,1530,Engaging Differences,044514,"Walsh,David",103,12681,College & Graduate Arts & Sci,3.94,34,11,19,3,0,0,1,0,0,0,0
2022 Spring,EVSC,1300,Earth's Weather and Climate,013862,"Davis,Robert",001,11798,College & Graduate Arts & Sci,2.83,95,13,7,10,9,12,9,10,6,12,7
2022 Spring,SPAN,2020,Advanced Intermediate Spanish,035854,"Ballesta,Marina Escamez",017,11304,College & Graduate Arts & Sci,3.58,18,0,5,7,4,0,2,0,0,0,0
2022 Spring,SPAN,3010,Grammar and Composition I,035893,"Salado,Benjamin Romero",009,12769,College & Graduate Arts & Sci,3.90,15,0,10,5,0,0,0,0,0,0,0
2022 Spring,PHS,3825,Global Public Health,043001,"Colvin,Chris",001,12743,College & Graduate Arts & Sci,3.93,41,0,34,5,2,0,0,0,0,0,0
2022 Spring,RELC,3115,Evangelicalism,045350,"Henry,James",001,12741,College & Graduate Arts & Sci,3.74,45,0,19,17,8,1,0,0,0,0,0
2022 Spring,MATH,4110,Intro to Stochastic Processes,023119,"Abdesselam,Abdelmalek",001,11860,College & Graduate Arts & Sci,3.60,27,7,8,4,3,2,0,2,1,0,0
2022 Spring,SPAN,2020,Advanced Intermediate Spanish,035854,"Cohn,Adam",026,12868,College & Graduate Arts & Sci,3.70,15,1,7,5,1,0,0,0,0,1,0
2022 Spring,RUSS,3020,Third-Year Russian,034653,"Borovskaya-Ellis,Anna",001,10462,College & Graduate Arts & Sci,3.66,16,0,13,0,2,0,0,0,0,0,1
2022 Spring,ASTR,1220,Intro Stars Galaxies Universe,003047,"Pryal,Matthew",001,12205,College & Graduate Arts & Sci,3.36,127,4,49,25,11,14,8,3,4,2,7
2022 Spring,SPAN,2020,Advanced Intermediate Spanish,035854,"Martin,Daniel Doncel",025,12867,College & Graduate Arts & Sci,3.45,18,0,4,8,3,0,0,2,1,0,0
2022 Spring,BIOL,3420,Human Anatomy & Physiology II,043981,"Massey,Ann",100,11906,College & Graduate Arts & Sci,3.46,196,7,61,39,33,36,9,6,2,0,3
2022 Spring,SPAN,3010,Grammar and Composition I,035893,"Silva,Sergio",007,12730,College & Graduate Arts & Sci,3.85,10,0,5,5,0,0,0,0,0,0,0
2022 Spring,CS,2110,Software Development Methods,006871,"Stone,Derrick",001,15417,Engineering & Applied Science,3.21,22,0,6,2,2,7,2,1,2,0,0
2022 Spring,SOC,3460,Future Cities,046547,"Makarova,Ekaterina",001,20120,College & Graduate Arts & Sci,3.71,28,0,14,6,6,2,0,0,0,0,0
2022 Spring,LPPL,6050,Leadership in the Public Arena,040971,"Pennock,Andrew",200,17023,Batten Leadership & Public Pol,3.38,38,0,13,10,5,3,3,0,3,0,1
2022 Spring,LPPP,5350,NGO Leadership Public Policy,044150,"Warburg,Gerald",001,17031,Batten Leadership & Public Pol,3.56,25,0,6,9,6,4,0,0,0,0,0
2022 Spring,GETR,3559,New Course: GETR,039219,"Dobryden,Paul",001,19782,College & Graduate Arts & Sci,3.47,13,0,4,5,2,0,0,0,2,0,0
2022 Spring,ARTH,3863,"East Asian Art, Land & Ecology",045486,"Wong,Dorothy",001,19171,College & Graduate Arts & Sci,3.64,24,0,4,14,5,1,0,0,0,0,0
2022 Spring,CS,2130,Computer Systems and Org 1,046226,"Graham,Daniel",002,19180,Engineering & Applied Science,3.23,38,0,18,4,4,5,0,2,0,1,4
2022 Spring,HIUS,3411,American Business,019601,"Thomas,Mark",001,19194,College & Graduate Arts & Sci,2.88,45,0,4,5,11,7,7,0,7,2,2
2022 Spring,ENGL,2599,Special Topics,012514,"Barman,Shalmi",012,19282,College & Graduate Arts & Sci,3.60,13,0,3,6,2,2,0,0,0,0,0
2022 Spring,PLAP,3350,American Congress,031570,"Kirkland,Justin",100,17893,College & Graduate Arts & Sci,3.75,238,5,165,29,11,8,9,4,5,1,1
2022 Spring,PLAP,4850,Constitutional Law & Theory,031621,"Vradenburgh,Holly",001,17895,College & Graduate Arts & Sci,3.91,15,0,12,2,1,0,0,0,0,0,0
2022 Spring,FREN,3034,Adv Oral Expression in French,014360,"Saunders,Gladys",001,17924,College & Graduate Arts & Sci,3.91,14,0,12,1,0,1,0,0,0,0,0
2022 Spring,EDIS,2920,Debunking Classroom Myths,043990,"Maeng,Jennifer",1,15076,School of Education and HumanDev,3.92,29,8,18,1,1,0,1,0,0,0,0
2022 Spring,CHEM,1421,Intro College Chemistry II Lab,005994,"Morkowchuk,Lisa",025,12184,College & Graduate Arts & Sci,3.77,24,11,3,5,3,2,0,0,0,0,0
2022 Spring,ISLS,3010,Nationalism & Nationl Identity,020398,"Plunkett,Ann Marie",101,19975,Continuing & Prof Studies,3.79,19,0,12,3,3,1,0,0,0,0,0
2022 Spring,STAT,7995,Statistical Consulting,036712,"Kafadar,Karen",001,10725,College & Graduate Arts & Sci,3.78,32,7,12,7,4,2,0,0,0,0,0
2022 Spring,LAW,9327,Law & Social Science Colloqium,045629,"Mitchell,Paul",1,17732,School of Law,3.49,12,0,1,4,7,0,0,0,0,0,0
2022 Spring,LAW,9340,"Corps, Investors, and ESG",045986,"Curtis,Quinn",1,17734,School of Law,3.47,16,0,1,5,10,0,0,0,0,0,0
2022 Spring,EDIS,5770,Soc/Em Issues in Talent Dev,045469,"Missett,Tracy",500,17324,School of Education and HumanDev,3.72,23,4,11,6,1,0,0,0,0,0,1
2022 Spring,ARTH,2052,Ancient Egypt,039561,"Dakouri-Hild,Anastasia",001,11646,College & Graduate Arts & Sci,3.83,56,9,29,10,6,1,1,0,0,0,0
2022 Spring,EGMT,1510,Engaging Aesthetics,044512,"Hu,Jasmine",204,19872,College & Graduate Arts & Sci,3.84,36,5,27,2,0,0,1,0,0,0,1
2022 Spring,COMM,4881,Ldrship Practicum I,006748,"Seaborn,Paul",001,20220,McIntire School of Commerce,3.72,25,0,6,16,3,0,0,0,0,0,0
2022 Spring,CS,6434,Dependable Computing Systems,044511,"Alemzadeh,Homa",001,20876,Engineering & Applied Science,3.50,6,3,0,1,0,1,0,1,0,0,0
2022 Spring,GCOM,7662,Int'l Financial Management,044264,"Burroughs,James",001,14728,McIntire School of Commerce,3.39,49,0,21,8,7,1,1,5,6,0,0
2022 Spring,LAW,7178,Feminist Jurisprudence,045582,"Coughlin,Anne",1,17528,School of Law,3.49,50,0,8,13,24,5,0,0,0,0,0
2022 Spring,LAW,8013,Mergers and Acquisitions,021590,"Hwang,Cathy",1ZT,17550,School of Law,3.52,72,0,9,23,40,0,0,0,0,0,0
2022 Spring,LPPL,2100,The Resilient Student,045390,"Davis,Timothy",100,17013,Batten Leadership & Public Pol,3.74,118,0,45,61,6,2,2,2,0,0,0
2022 Spring,ARTS,2610,Drawing I,002836,"Schoyer,Elizabeth",002,11638,College & Graduate Arts & Sci,3.83,15,0,11,2,1,0,1,0,0,0,0
2022 Spring,SPAN,2010,Intermediate Spanish,035853,"Whitcomb,Caroline",015,11354,College & Graduate Arts & Sci,3.73,18,0,8,8,1,0,0,1,0,0,0
2022 Spring,PHYS,7420,Electricity and Magnetism II,030941,"Pesin,Dmytro",001,11528,College & Graduate Arts & Sci,3.43,28,0,10,3,5,6,3,1,0,0,0
2022 Spring,RUTR,3360,20th Century Russian Lit,034789,"Clowes,Edith",001,11653,College & Graduate Arts & Sci,3.59,18,0,6,6,4,1,0,1,0,0,0
2022 Spring,KINE,3620,Biomechanics/Motor Control,009106,"Tuzson,Ann",1,14965,School of Education and HumanDev,3.61,101,8,43,15,15,9,8,3,0,0,0
2022 Spring,MDST,3307,Animated Media,046532,"Williams,Tyler",001,20140,College & Graduate Arts & Sci,3.82,29,5,13,8,1,2,0,0,0,0,0
2022 Spring,EDIS,5175,Issues in K-12 Education,009699,"Baran,John",500,17315,School of Education and HumanDev,3.77,24,0,18,4,0,0,1,0,0,0,1
2022 Spring,ARTH,4952,University Museums Internship,041506,"Love,Melissa",001,11725,College & Graduate Arts & Sci,3.88,12,0,7,5,0,0,0,0,0,0,0
2022 Spring,ASTR,5430,Stellar Astrophysics,003109,"Li,Zhi-Yun",001,13466,College & Graduate Arts & Sci,4.00,17,2,15,0,0,0,0,0,0,0,0
2022 Spring,CE,6015,Project Management,046363,"Pennetti,Cody",001,20041,Engineering & Applied Science,3.72,19,5,5,4,4,0,1,0,0,0,0
2022 Spring,KINE,3430,Phys Activ Health Disparities,046562,"Swift,Damon",1,20206,School of Education and HumanDev,3.80,22,1,12,6,2,0,1,0,0,0,0
2022 Spring,JAPN,2020,Second-Year Japanese II,020743,"Sato,Tomomi",002,11640,College & Graduate Arts & Sci,3.17,15,0,3,6,1,1,1,0,1,1,1
2022 Spring,PLCP,3500,Topics in Comp Politics,041289,"Mershon,Carol",001,17896,College & Graduate Arts & Sci,3.09,58,0,0,1,26,24,4,3,0,0,0
2022 Spring,PLCP,4201,Comparative Political Parties,031716,"Mershon,Carol",001,17898,College & Graduate Arts & Sci,3.34,15,0,3,3,3,3,3,0,0,0,0
2022 Spring,PLAP,3160,Politics of Food,040884,"Freedman,Paul",001,17889,College & Graduate Arts & Sci,3.71,61,0,31,14,9,7,0,0,0,0,0
2022 Spring,SPAN,4713,Economy of the European Union,036331,"Wellbeloved,Elizabeth A.",501,18493,College & Graduate Arts & Sci,3.52,16,0,6,2,4,3,1,0,0,0,0
2022 Spring,NURS,4951,Distinguished Majors Sem II,029616,"Acquaviva,Kimberly",001,17085,School of Nursing,4.00,15,5,10,0,0,0,0,0,0,0,0
2022 Spring,LAW,9059,Airline Industry/Aviation Law,022082,"Stone,Thatcher",1,17824,School of Law,3.39,15,1,1,2,7,4,0,0,0,0,0
2022 Spring,SPAN,3300,Texts and Interpretation,035904,"Sprague,Paula",003,10512,College & Graduate Arts & Sci,3.94,16,1,14,0,0,1,0,0,0,0,0
2022 Spring,LAW,7103,Education Law Survey,041116,"Robinson,Kimberly",1,17699,School of Law,3.45,8,0,2,1,3,2,0,0,0,0,0
2022 Spring,LAW,7105,Modern Real Estate,041674,"Johnson,Alex",1,17700,School of Law,3.69,7,0,2,4,0,1,0,0,0,0,0
2022 Spring,ENCW,2300,Poetry Writing,013450,"James,Katherine",002,10718,College & Graduate Arts & Sci,3.66,16,7,2,2,3,1,0,1,0,0,0
2022 Spring,CE,5035,Constructn Estimatng & Biddng,046362,"O'malley,Matthew",001,19757,Engineering & Applied Science,3.80,5,2,1,1,1,0,0,0,0,0,0
2022 Spring,EDLF,5270,Adult Development and Aging,009714,"Whaley,Diane",1,15136,School of Education and HumanDev,3.84,29,1,25,2,0,0,0,0,0,0,1
2022 Spring,SOC,2520,Topics in Death & Dying,035319,"Aviles,Natalie",001,17944,College & Graduate Arts & Sci,3.65,34,1,12,12,5,3,0,1,0,0,0
2022 Spring,SOC,5080,Comp & Historical Sociology,035531,"Reed,Isaac",001,17953,College & Graduate Arts & Sci,3.91,10,4,3,3,0,0,0,0,0,0,0
2022 Spring,COMM,4559,New Course: COMM,040853,"Etienne,Bevin",10,20792,McIntire School of Commerce,3.83,15,0,11,2,1,0,1,0,0,0,0
2022 Spring,PHYS,1429,Intro Physics 1 Workshop,031036,"Puchner,Isabel",004,10345,College & Graduate Arts & Sci,3.35,26,0,2,9,6,6,3,0,0,0,0
2022 Spring,ENWR,1510,Writing and Critical Inquiry,013432,"Benson,Austin",007,10599,College & Graduate Arts & Sci,3.71,15,3,6,3,1,1,0,1,0,0,0
2022 Spring,ENWR,1510,Writing and Critical Inquiry,013432,"Davis,Matthew",041,12246,College & Graduate Arts & Sci,3.74,17,1,8,3,5,0,0,0,0,0,0
2022 Spring,CHEM,2321,Org Lab II Non-Chem Maj/Min,043155,"Chruma,Jason",010,12703,College & Graduate Arts & Sci,3.94,17,1,14,1,1,0,0,0,0,0,0
2022 Spring,EDLF,7130,College Student Development,009723,"Thomas,Nicole",1,15105,School of Education and HumanDev,3.61,17,0,13,1,1,0,0,1,0,0,1
2022 Spring,GNUR,6027,Adv Pharm Specialty Sem,046407,"Strider,David",001,18455,School of Nursing,3.90,12,2,6,4,0,0,0,0,0,0,0
2022 Spring,PSYC,2005,Rsch Methods & Data Analysis I,032539,"Morris,James",001,10425,College & Graduate Arts & Sci,3.68,196,4,99,49,14,18,6,3,2,0,1
2022 Spring,RELJ,2024,Jewish-Muslim Relations,044430,"Andruss,Jessica",100,12244,College & Graduate Arts & Sci,3.06,20,0,2,10,3,1,0,1,0,0,3
2022 Spring,HIAF,1501,Intro Sem in African History,018130,"Fleur,James La",001,12504,College & Graduate Arts & Sci,3.94,14,0,11,3,0,0,0,0,0,0,0
2022 Spring,CS,2130,Computer Systems and Org 1,046226,"Tychonievich,Luther",001,19179,Engineering & Applied Science,3.26,117,0,45,22,15,6,10,7,1,2,9
2022 Spring,LPPS,3410,Innovation and Social Impact,043931,"Mulloth,Balashankar",001,20217,Batten Leadership & Public Pol,3.41,18,0,2,8,6,0,0,0,2,0,0
2022 Spring,ETP,1559,New Course: ETP,046623,"Nelsen,Amanda",001,21362,College & Graduate Arts & Sci,3.79,11,3,5,2,0,0,0,1,0,0,0
2022 Spring,CE,6230,Hydrology,004591,"Goodall,Jonathan",001,19759,Engineering & Applied Science,3.77,10,0,5,3,2,0,0,0,0,0,0
2022 Spring,CHEM,1421,Intro College Chemistry II Lab,005994,"Morkowchuk,Lisa",039,17849,College & Graduate Arts & Sci,3.42,21,10,3,3,0,2,1,0,0,0,2
2022 Spring,APMA,1090,Single Variable Calculus I,001138,"Guadagni,Gianluca",001,21681,Engineering & Applied Science,2.66,14,0,1,1,3,3,1,0,1,2,2
2022 Spring,ASL,1020,Elem Amer Sign Language II,003000,"Devito,Rocco",003,11419,College & Graduate Arts & Sci,3.45,18,0,4,6,4,1,2,1,0,0,0
2022 Spring,PSYC,7720,Quantitative Methods II,032792,"Tong,Xin",100,10435,College & Graduate Arts & Sci,3.55,11,0,8,1,1,0,0,0,0,0,1
2022 Spring,GNUR,6310,AG-AC Seminar I,016999,"Esquivel,Jill",001,17242,School of Nursing,3.61,30,0,6,16,5,2,1,0,0,0,0
2022 Spring,ACCT,5460,Federal Taxation II,000194,"Falcone,Todd",701,19953,Continuing & Prof Studies,3.88,13,7,3,2,0,1,0,0,0,0,0
2022 Spring,LPPP,6500,Topics in Public Policy,041388,"Fountain,Galen",001,20074,Batten Leadership & Public Pol,3.54,8,0,2,2,3,1,0,0,0,0,0
2022 Spring,EVSC,4559,New Course: EVSC,039169,"Limaye,Ajay",001,20122,College & Graduate Arts & Sci,3.32,15,0,1,7,4,1,1,0,0,0,1
2022 Spring,RELG,2160,Religion in America Since 1865,034154,"Warren,Heather",100,10449,College & Graduate Arts & Sci,3.71,118,0,71,21,9,11,2,3,0,0,1
2022 Spring,COMM,4559,New Course: COMM,040853,"Gallmeyer,Michael",007,20259,McIntire School of Commerce,3.29,40,1,9,3,8,12,6,0,1,0,0
2022 Spring,COMM,4350,Cust Analytics & Brand Strat,006519,"Maxham,James",002,14760,McIntire School of Commerce,3.99,29,11,17,1,0,0,0,0,0,0,0
2022 Spring,LPPS,7060,Redesigning US China Policy,046560,"Harding,Harry",001,20221,Batten Leadership & Public Pol,3.74,9,0,4,3,2,0,0,0,0,0,0
2022 Spring,ANTH,7370,Power and the Body,000934,"Mentore,George",001,21426,College & Graduate Arts & Sci,3.91,7,0,5,2,0,0,0,0,0,0,0
2022 Spring,PHYS,2040,Princip of Physics 2 Workshop,030812,"Sousa,Gabriel Lucas Andrade de",016,10375,College & Graduate Arts & Sci,3.29,23,0,2,8,2,7,3,1,0,0,0
2022 Spring,AMST,2660,Spirituality in America,044408,"Hedstrom,Matthew",100,19850,College & Graduate Arts & Sci,3.69,201,3,118,37,17,11,5,3,3,3,1
2022 Spring,NUIP,4200,Pathophysiology,029460,"Toll,Crystal",002,17803,School of Nursing,3.69,16,0,6,5,5,0,0,0,0,0,0
2022 Spring,EDIS,2010,Teaching as a Profession,009383,"Chabalengula,Vivien",001,14819,School of Education and HumanDev,3.91,33,2,28,1,1,0,0,0,1,0,0
2022 Spring,PSPS,6040,Create & Sustain Comm Dialogue,046294,"Farr,Murray Jay",501,20057,Continuing & Prof Studies,3.87,16,0,9,7,0,0,0,0,0,0,0
2022 Spring,ECON,7720,Econometrics II,008043,"Pepper,John",100,10116,College & Graduate Arts & Sci,3.48,18,0,7,1,4,5,1,0,0,0,0
2022 Spring,PLAP,4500,Special Topics,031588,"Cary,Mary Kate",005,20708,College & Graduate Arts & Sci,3.91,20,0,14,6,0,0,0,0,0,0,0
2022 Spring,CJ,5720,Seminar in Managing LE Image,043266,"Pennybacker,Gail Lyn",A3,21915,Continuing & Prof Studies,4.00,21,18,3,0,0,0,0,0,0,0,0
2022 Spring,PHYS,2040,Princip of Physics 2 Workshop,030812,"Bychkov,Maxim Aleksandrovich",011,19349,College & Graduate Arts & Sci,4.00,14,2,12,0,0,0,0,0,0,0,0
2022 Spring,ANTH,3590,Social & Cultural Anthropology,041002,"Fraser,Gertrude",004,19353,College & Graduate Arts & Sci,3.81,16,0,12,1,2,0,1,0,0,0,0
2022 Spring,EDLF,8360,Multilevel Modeling Ed Rsch,009781,"Bell,Bethany",1,19803,School of Education and HumanDev,3.57,12,1,2,5,2,1,1,0,0,0,0
2022 Spring,SYS,6041,Engineering Ethics,043196,"Louis,Garrick",001,19841,Engineering & Applied Science,3.20,5,2,2,0,0,0,0,0,0,0,1
2022 Spring,SYS,6041,Engineering Ethics,043196,"Louis,Garrick",600,19842,Engineering & Applied Science,3.93,9,0,7,2,0,0,0,0,0,0,0
2022 Spring,HIST,2014,Fascism: A Global History,046591,"Achilles,Manuela",100,20864,College & Graduate Arts & Sci,3.92,59,0,47,10,0,2,0,0,0,0,0
2022 Spring,LPPP,3200,Introduction to Public Policy,042084,"Johannessen,Peter",100,20067,Batten Leadership & Public Pol,3.51,177,9,44,49,37,25,6,4,3,0,0
2022 Spring,HIST,5351,International Econ Since 1850,046626,"Thomas,Mark",001,21364,College & Graduate Arts & Sci,2.49,7,0,0,3,1,1,0,0,0,0,2
2022 Spring,STAT,2020,Statistics for Biologists,039999,"Ferrara,Maria",002,11643,College & Graduate Arts & Sci,3.69,110,15,52,19,9,8,1,2,2,0,2
2022 Spring,NUIP,2250,Principles of Nutrition,029444,"Bayliss,Angie Hasemann",001,17134,School of Nursing,3.91,32,0,26,4,1,1,0,0,0,0,0
2022 Spring,LPPP,4991,Capstone Seminar,042163,"Mulloth,Balashankar",006,21444,Batten Leadership & Public Pol,3.78,13,0,7,4,1,1,0,0,0,0,0
2022 Spring,ARCH,5500,Special Topics in Architecture,001621,"Coe-Scharff,Jonah",007,20244,School of Architecture,3.71,7,0,4,1,1,1,0,0,0,0,0
2022 Spring,ENGL,2599,Special Topics,012514,"Ard,DeVan",010,19278,College & Graduate Arts & Sci,3.61,18,0,6,7,1,3,1,0,0,0,0
2022 Spring,EDIS,5071,Special Ed Technology,046124,"Kunemund,Rachel",1,19748,School of Education and HumanDev,3.67,7,2,3,0,0,1,1,0,0,0,0
2022 Spring,ENWR,1510,Writing and Critical Inquiry,013432,"Murray,Janice",035,11556,College & Graduate Arts & Sci,3.91,17,0,15,1,0,0,1,0,0,0,0
2022 Spring,LAW,8805,Grad Legal Research/Writing II,042533,"Luu,Xinh",2,19729,School of Law,3.46,16,0,1,7,5,3,0,0,0,0,0
2022 Spring,USEM,1570,University Seminar,037196,"Pappas,Diane",004,19733,Executive VP & Provost,4.00,17,8,9,0,0,0,0,0,0,0,0
2022 Spring,LAW,6100,Accounting/Financial Statemnts,021684,"Hopkins,Justin",1,17386,School of Law,3.52,17,2,3,3,5,3,1,0,0,0,0
2022 Spring,LAW,7123,Class Actions/Aggregate Litgtn,042352,"Ballenger,Scott",1,17501,School of Law,3.62,60,2,12,23,21,2,0,0,0,0,0
2022 Spring,ENGL,2599,Special Topics,012514,"Olla,Nasrin",011,19281,College & Graduate Arts & Sci,3.46,11,2,1,3,1,3,1,0,0,0,0
2022 Spring,PHYS,2040,Princip of Physics 2 Workshop,030812,"Ghosh,Supriyo",013,10372,College & Graduate Arts & Sci,3.67,25,0,7,13,2,3,0,0,0,0,0
2022 Spring,MDST,3505,Diversity & Identity in Media,042979,"Goin,Keara",001,17785,College & Graduate Arts & Sci,3.69,29,0,15,8,2,0,4,0,0,0,0
2022 Spring,SPAN,2020,Advanced Intermediate Spanish,035854,"Baptista,Karina",008,10681,College & Graduate Arts & Sci,3.33,18,0,4,9,2,1,0,0,0,0,2
2022 Spring,USEM,1580,University Seminar,037198,"Thomas,Mark",001,19738,Executive VP & Provost,3.45,12,0,1,5,4,1,1,0,0,0,0
2022 Spring,LPPL,4225,Leadership and Practice,044049,"Eramo,Nicole",001,17006,Batten Leadership & Public Pol,3.62,22,0,9,7,2,1,3,0,0,0,0
2022 Spring,SPAN,2020,Advanced Intermediate Spanish,035854,"Rabke,Sarah",002,10676,College & Graduate Arts & Sci,3.70,16,2,4,7,1,2,0,0,0,0,0
2022 Spring,ECE,6502,Spec Top:Elect & Computer Engr,007732,"Reinke,Petra",003,16756,Engineering & Applied Science,3.63,10,1,5,0,1,3,0,0,0,0,0
2022 Spring,EDHS,2230,Drug Awareness,044847,"Pleszkoch,Elisabeth",1,15150,School of Education and HumanDev,3.88,77,0,65,6,2,0,3,0,1,0,0
2022 Spring,LPPP,7559,New Course: PPOL,044184,"Turner,Sarah",002,20813,Batten Leadership & Public Pol,3.88,5,0,3,2,0,0,0,0,0,0,0
2022 Spring,MDST,3740,Cultures of Hip-Hop,044504,"Hamilton,Jack",100,12513,College & Graduate Arts & Sci,3.59,42,0,18,10,4,7,2,0,1,0,0
2022 Spring,CS,1111,Introduction to Programming,007055,"Apostolellis,Panagiotis",001,15414,Engineering & Applied Science,3.59,84,6,43,11,7,9,5,0,0,0,3
2022 Spring,BME,2000,Biomed Engr Design & Discovery,004058,"Guilford,William",001,15824,Engineering & Applied Science,3.73,47,26,10,3,2,3,1,0,1,0,1
2022 Spring,EGMT,1530,Engaging Differences,044514,"Smith,Wendy",204,13700,College & Graduate Arts & Sci,3.84,35,0,28,5,0,0,0,0,2,0,0
2022 Spring,SPAN,2010,Intermediate Spanish,035853,"Badang,Germain",001,12268,College & Graduate Arts & Sci,3.44,17,0,6,6,2,1,0,0,1,0,1
2022 Spring,ENWR,1510,Writing and Critical Inquiry,013432,"Maunsell,Matthias",044,12249,College & Graduate Arts & Sci,3.75,16,0,5,10,0,1,0,0,0,0,0
2022 Spring,GETR,3393,Serial Media,046161,"Schmid,Marcel",001,19774,College & Graduate Arts & Sci,3.92,28,0,22,5,1,0,0,0,0,0,0
2022 Spring,LPPP,5559,New Crse: Pub Policy&Leadershp,044864,"Claibourn,Michele",001,20812,Batten Leadership & Public Pol,3.88,11,0,8,2,1,0,0,0,0,0,0
2022 Spring,ENGL,3740,Intro to Asian Amer Studies,039586,"Chong,Sylvia",100,13044,College & Graduate Arts & Sci,3.86,14,2,7,4,1,0,0,0,0,0,0
2022 Spring,SYS,6018,Data Mining,036956,"Porter,Michael",600,20821,Engineering & Applied Science,3.78,9,0,6,1,1,1,0,0,0,0,0
2022 Spring,PORT,2120,Interm Intensive Portuguese,032104,"Feitosa,Lilian",001,10420,College & Graduate Arts & Sci,3.48,12,1,5,1,1,1,2,1,0,0,0
2022 Spring,LPPS,3470,US Healthcare Sys:Chlngs&Oppty,045347,"Powers,Robert",001,17007,Batten Leadership & Public Pol,3.56,36,0,9,8,18,1,0,0,0,0,0
2022 Spring,KINE,5440,Exercise Physiology Laboratory,009220,"Weltman,Arthur",1,14970,School of Education and HumanDev,3.65,11,3,2,3,1,1,1,0,0,0,0
2022 Spring,PLCP,4500,Special Topics,031707,"Walsh,Denise",001,12308,College & Graduate Arts & Sci,3.56,14,0,5,4,2,1,2,0,0,0,0
2022 Spring,AAS,3500,Intermediate Seminar in AAS,039376,"Richardson,Liana",004,20096,College & Graduate Arts & Sci,3.51,17,0,2,10,2,2,0,0,1,0,0
2022 Spring,MATH,3351,Elementary Linear Algebra,023081,"Huneke,Craig",003,11372,College & Graduate Arts & Sci,3.09,35,2,5,10,2,7,2,1,0,3,3
2022 Spring,LAW,6106,Federal Income Tax,021658,"Stephan,Paul",1,17393,School of Law,3.50,33,0,5,11,13,4,0,0,0,0,0
2022 Spring,PSTS,1010,Digital Tech & Communication,040746,"Kelly,Hope Y",560,20009,Continuing & Prof Studies,3.74,20,1,14,1,2,0,1,0,0,1,0
2022 Spring,SPAN,3020,Grammar and Composition II,035894,"Sprague,Paula",001,10507,College & Graduate Arts & Sci,3.83,18,0,9,8,1,0,0,0,0,0,0
2022 Spring,ASTR,1270,Unsolved Mysteries in Universe,003049,"Pryal,Matthew",001,12501,College & Graduate Arts & Sci,3.51,53,1,17,18,5,4,3,3,2,0,0
2022 Spring,MATH,1220,A Survey of Calculus II,022945,"Abdelbaki,Ala",700,10253,College & Graduate Arts & Sci,3.16,34,3,9,4,7,1,2,1,2,3,2
2022 Spring,ENGL,2599,Special Topics,012514,"Buckley,Alex",013,19283,College & Graduate Arts & Sci,3.80,19,0,10,7,1,1,0,0,0,0,0
2022 Spring,PSLP,5330,Communication & Team Develpmnt,004346,"McCarthy,John",701,20043,Continuing & Prof Studies,3.89,19,11,4,2,2,0,0,0,0,0,0
2022 Spring,PSLP,5340,Financial Mgmt for Leaders,004345,"Coyle,Ian",701,20044,Continuing & Prof Studies,3.79,18,0,9,7,1,1,0,0,0,0,0
2022 Spring,SOC,3020,Introduction to Social Theory,035372,"Olick,Jeffrey",100,10479,College & Graduate Arts & Sci,3.35,51,0,19,13,4,5,2,4,1,1,2
2022 Spring,MDST,2508,Topics in Media Practice,044925,"Clay,Anna",001,12431,College & Graduate Arts & Sci,3.73,12,0,4,6,2,0,0,0,0,0,0
2022 Spring,SOC,4370,Hate Groups,046546,"Vickerman,Milton",001,20117,College & Graduate Arts & Sci,3.54,19,0,9,4,5,0,0,0,0,0,1
2022 Spring,SPAN,2020,Advanced Intermediate Spanish,035854,"Garcia,Zaida Villanueva",019,11352,College & Graduate Arts & Sci,3.72,17,1,6,7,1,2,0,0,0,0,0
2022 Spring,GNUR,5110,History and Race,045616,"Tobbell,Dominique",001,17248,School of Nursing,3.87,10,0,7,2,1,0,0,0,0,0,0
2022 Spring,GCOM,7560,Emerging Topics in Commerce,045585,"Watson,Rebecca Weeks",006,14794,McIntire School of Commerce,3.50,34,1,4,11,14,4,0,0,0,0,0
2022 Spring,EDIS,6990,Professional Capstone,046123,"Johnson,Wintre",1,19743,School of Education and HumanDev,3.93,32,5,22,3,2,0,0,0,0,0,0
2022 Spring,SPAN,4530,Spec Topics Seminar: Language,035970,"Mendoza,Omar Velazquez",001,12332,College & Graduate Arts & Sci,3.89,18,0,14,3,0,1,0,0,0,0,0
2022 Spring,LAW,7169,Amer Food Governance,045217,"Ripple,Christopher",1,17827,School of Law,3.34,5,0,2,0,1,0,2,0,0,0,0
2022 Spring,SOC,3130,Intro to Social Statistics,035381,"Slez,Adam",100,10483,College & Graduate Arts & Sci,3.14,50,15,6,8,2,4,3,1,2,3,6
2022 Spring,ECON,3030,Money and Banking,007910,"Doyle,Carter",100,11437,College & Graduate Arts & Sci,3.35,58,7,20,9,6,6,3,2,1,0,4
2022 Spring,MDST,4510,Capstone Topics,045773,"Bodroghkozy,Aniko",002,17779,College & Graduate Arts & Sci,3.69,14,0,7,4,2,0,0,1,0,0,0
2022 Spring,SPAN,1060,Accelerated Elementary Spanish,035820,"Colon,Daniel",015,17792,College & Graduate Arts & Sci,3.48,14,0,5,4,2,1,0,1,1,0,0
2022 Spring,SPAN,2020,Advanced Intermediate Spanish,035854,"Garcia,Laura Aguilar",029,17795,College & Graduate Arts & Sci,3.61,17,0,3,12,0,0,1,1,0,0,0
2022 Spring,CHEM,1421,Intro College Chemistry II Lab,005994,"Morkowchuk,Lisa",003,10730,College & Graduate Arts & Sci,3.66,22,12,3,4,1,0,0,0,0,1,1
2022 Spring,CHEM,1421,Intro College Chemistry II Lab,005994,"Morkowchuk,Lisa",005,10732,College & Graduate Arts & Sci,3.44,23,12,3,2,0,0,2,1,0,2,1
2022 Spring,NUIP,4420,Basic Research Concepts,029458,"Jones,Randy",002,17800,School of Nursing,3.95,11,0,9,2,0,0,0,0,0,0,0
2022 Spring,AAS,3500,Intermediate Seminar in AAS,039376,"Parker,James",002,20094,College & Graduate Arts & Sci,3.75,25,5,11,4,2,1,2,0,0,0,0
2022 Spring,LAW,9043,Tax Practice and Procedure Sem,040065,"Malone,James",1,17825,School of Law,3.43,8,0,2,2,1,2,1,0,0,0,0
2022 Spring,PLIR,3500,Special Topics,031819,"Safdar,Muhammad Tayyab",004,21877,College & Graduate Arts & Sci,3.11,32,0,3,5,7,7,6,2,2,0,0
2022 Spring,LAW,7810,Music Law (SC),045971,"Pruett,Amy",1,17826,School of Law,3.50,10,0,2,3,3,2,0,0,0,0,0
2022 Spring,ENGL,2599,Special Topics,012514,"McBride,Amber",007,19275,College & Graduate Arts & Sci,3.79,20,0,18,1,0,0,0,0,0,0,1
2022 Spring,EDHS,8670,Assessment of Children,009300,"Mazurek,Micah",001,14815,School of Education and HumanDev,3.66,5,1,3,0,0,0,0,1,0,0,0
2022 Spring,STAT,2020,Statistics for Biologists,039999,"Ferrara,Maria",003,11644,College & Graduate Arts & Sci,3.63,91,8,31,26,11,9,4,1,1,0,0
2022 Spring,MUSI,2342,Learn to Groove Int,041028,"Jospe,Robert",001,11641,College & Graduate Arts & Sci,3.88,16,4,10,1,0,0,0,1,0,0,0
2022 Spring,ENWR,1510,Writing and Critical Inquiry,013432,"Gelly,Piers",020,10611,College & Graduate Arts & Sci,3.93,18,0,14,4,0,0,0,0,0,0,0
2022 Spring,PHYS,2419,Intro Physics 2 Workshop,031079,"Coveyou,Dayne",001,11413,College & Graduate Arts & Sci,2.97,23,0,1,6,2,4,4,3,2,1,0
2022 Spring,LAW,7100,Civil War and the Constitution,041115,"Nicoletti,Cynthia",1,17698,School of Law,3.50,10,0,1,4,4,1,0,0,0,0,0
2022 Spring,SPAN,2020,Advanced Intermediate Spanish,035854,"Baptista,Karina",012,10684,College & Graduate Arts & Sci,3.64,17,0,4,9,2,2,0,0,0,0,0
2022 Spring,DS,6030,Statistical Learning,046346,"Gedeck,Peter",001,20093,School of Data Science,3.90,29,10,13,5,0,0,1,0,0,0,0
2022 Spring,CHEM,1421,Intro College Chemistry II Lab,005994,"Morkowchuk,Lisa",001,10728,College & Graduate Arts & Sci,3.47,23,4,10,4,0,1,2,0,0,0,2
2022 Spring,LPPP,6500,Topics in Public Policy,041388,"Hudson,Sally",007,17052,Batten Leadership & Public Pol,3.22,10,0,3,1,3,0,0,2,1,0,0
2022 Spring,LPPP,6500,Topics in Public Policy,041388,"Dilenge,Thomas",008,17053,Batten Leadership & Public Pol,3.54,8,0,3,1,2,2,0,0,0,0,0
2022 Spring,PLIR,4410,Pol Econ of For Direct Invest,039534,"Pandya,Sonal",001,12309,College & Graduate Arts & Sci,3.14,14,0,0,4,7,2,0,0,0,0,1
2022 Spring,LPPP,6500,Topics in Public Policy,041388,"Johannessen,Peter",004,17019,Batten Leadership & Public Pol,3.53,7,0,1,3,2,1,0,0,0,0,0
2022 Spring,GSVS,2210,Ethics & Global Environments,044609,"Jenkins,Willis",001,19817,College & Graduate Arts & Sci,3.46,145,1,28,80,13,10,4,2,0,1,6
2022 Spring,ENWR,1510,Writing and Critical Inquiry,013432,"Burke,Jordan",017,10608,College & Graduate Arts & Sci,3.92,18,0,13,5,0,0,0,0,0,0,0
2022 Spring,ENWR,1510,Writing and Critical Inquiry,013432,"Gottschlich,Michelle",019,10610,College & Graduate Arts & Sci,3.91,18,2,13,2,0,1,0,0,0,0,0
2022 Spring,EDIS,5136,Ethics of Behavior Analysts,045208,"Hua,Youjia",500,17309,School of Education and HumanDev,3.44,24,0,2,7,12,3,0,0,0,0,0
2022 Spring,SPAN,2010,Intermediate Spanish,035853,"Jarque,Esperanza Gorriz",013,11351,College & Graduate Arts & Sci,3.76,17,0,7,8,1,1,0,0,0,0,0
2022 Spring,EDIS,5080,Differentiating Instruction,045846,"Hedrick,Kelly",1,19749,School of Education and HumanDev,3.54,10,2,5,2,0,0,0,0,0,0,1
2022 Spring,NUIP,4420,Basic Research Concepts,029458,"Logan,Jeongok",001,17168,School of Nursing,3.96,21,0,18,3,0,0,0,0,0,0,0
2022 Spring,GCNL,5130,Adults w/Common Health Probs,015374,"Hundt,Elizabeth",001,17066,School of Nursing,3.89,49,0,32,16,1,0,0,0,0,0,0
2022 Spring,LAW,7827,Global Bus & Corruption (SC),046142,"Dean,Richard",1,17966,School of Law,3.51,19,0,1,8,10,0,0,0,0,0,0
2022 Spring,PHYS,2419,Intro Physics 2 Workshop,031079,"Gundamraj,Rahul",004,11416,College & Graduate Arts & Sci,3.59,23,0,8,5,8,1,1,0,0,0,0
2022 Spring,EDIS,3060,Poverty and the Young Child,045749,"LoCasale-Crouch,Jennifer",500,15305,School of Education and HumanDev,3.87,29,16,8,1,3,0,1,0,0,0,0
2022 Spring,LAW,9331,Border Policy and Politics,045789,"Clarens,Kristin",1,17913,School of Law,3.40,12,0,1,7,3,0,0,0,0,0,1
2022 Spring,CHIN,2020,Intermediate Chinese,006054,"Chen,Shu-Chen",003,11435,College & Graduate Arts & Sci,3.81,14,3,9,1,0,0,0,0,0,1,0
2022 Spring,SPAN,2010,Intermediate Spanish,035853,"Segura,Eliud Encarnacion",018,17793,College & Graduate Arts & Sci,3.72,18,3,7,5,0,1,2,0,0,0,0
2022 Spring,PSPS,6030,Dev & Imp Systems of Emer Prep,046292,"Triplett,Ariel",501,20055,Continuing & Prof Studies,3.96,34,0,31,2,1,0,0,0,0,0,0
2022 Spring,IT,1010,Explorations in Cyber Security,044658,"Lantzy,James E",560,19987,Continuing & Prof Studies,3.53,19,5,7,0,1,3,1,0,2,0,0
2022 Spring,MUSI,3400,Ecoacoustics,042047,"Burtner,Matthew",001,20179,College & Graduate Arts & Sci,4.00,19,10,9,0,0,0,0,0,0,0,0
2022 Spring,SYS,4050,Risk Analysis,045929,"Lambert,James",001,19843,Engineering & Applied Science,3.90,45,27,12,2,2,0,2,0,0,0,0
2022 Spring,SAST,2280,Intro to Indian Culture,046595,"Farooqi,Mehr",001,20896,College & Graduate Arts & Sci,3.49,27,0,6,12,5,0,1,2,1,0,0
2022 Spring,ISSS,3773,Nav Cult Dif w/in Glob Busines,046566,"Repass,Mary",101,20223,Continuing & Prof Studies,3.89,13,0,11,0,2,0,0,0,0,0,0
2022 Spring,LAW,6104,Evidence,021648,"Mitchell,Paul",1,17392,School of Law,3.54,86,0,10,35,40,1,0,0,0,0,0
2022 Spring,MSE,3080,Corrosion,024403,"Glover,Carol",001,15476,Engineering & Applied Science,2.81,17,2,3,1,1,2,2,0,3,1,2
2022 Spring,ANTH,2559,New Course: ANTH,038539,"Bashkow,Ira",100,19720,College & Graduate Arts & Sci,3.38,100,1,21,31,21,13,5,2,2,2,2
2022 Spring,PSYC,2600,Intro to Social Psychology,032521,"Wilson,Timothy",001,10424,College & Graduate Arts & Sci,2.90,342,13,35,59,57,48,25,30,30,19,26
2022 Spring,ECE,5260,Microwave Engineering I,007704,"Weikle,Robert",001,19674,Engineering & Applied Science,3.08,5,1,2,0,0,0,1,0,0,0,1
2022 Spring,LAW,7141,Energy and the Environment,043279,"Jaffe,Cale",1,17702,School of Law,3.54,11,1,2,2,4,2,0,0,0,0,0
2022 Spring,MUSI,1310,Basic Musical Skills,024703,"Mueller,Justin",003,19223,College & Graduate Arts & Sci,3.31,40,0,13,12,7,0,1,1,2,1,3
2022 Spring,MESA,3380,A 1001 Nights at the Cinema,046093,"Sunya,Samhita",001,20399,College & Graduate Arts & Sci,3.83,29,0,22,3,1,2,1,0,0,0,0
2022 Spring,LAW,7067,National Security Law,021732,"Harrison,John",1,17696,School of Law,3.47,18,0,4,3,8,3,0,0,0,0,0
2022 Spring,LAW,7090,Regulatn of Political Process,040076,"Gilbert,Michael",1,17697,School of Law,3.52,72,1,15,22,25,5,2,2,0,0,0
2022 Spring,KINE,4000,Practicum in Kinesiology,009122,"Fines,Abby",1,14962,School of Education and HumanDev,4.00,15,12,3,0,0,0,0,0,0,0,0
2022 Spring,BIOL,3020,Evolution and Ecology,003527,"Cox,Robert",001,10050,College & Graduate Arts & Sci,3.08,384,7,50,108,60,48,29,23,22,10,27
2022 Spring,ANTH,2285,Development & Humanitarianism,043961,"Fontanilla,Julia Alejandra Morales",001,20105,College & Graduate Arts & Sci,3.98,30,23,5,2,0,0,0,0,0,0,0
2022 Spring,SOC,3480,Sociology of Globalization,042633,"Parham,Angel",001,17947,College & Graduate Arts & Sci,3.50,29,0,14,7,4,1,0,1,0,0,2
2022 Spring,CHEM,1421,Intro College Chemistry II Lab,005994,"Morkowchuk,Lisa",038,17848,College & Graduate Arts & Sci,3.27,23,9,3,4,1,0,1,0,0,3,2
2022 Spring,GCNL,5230,Thry Research & Nurs Practice,045563,"Westphal,Richard",001,17245,School of Nursing,3.97,49,1,43,5,0,0,0,0,0,0,0
2022 Spring,SPAN,7850,Themes and Genres,036074,"Opere,Fernando",003,17787,College & Graduate Arts & Sci,3.82,5,0,2,3,0,0,0,0,0,0,0
2022 Spring,EDIS,7076,"Tech, Learning Systems&Culture",044374,"Maddrell,Jennifer",500,17328,School of Education and HumanDev,3.82,17,4,9,1,1,2,0,0,0,0,0
2022 Spring,EDIS,7220,Intro to Gifted,009709,"Missett,Tracy",500,17329,School of Education and HumanDev,3.93,9,1,6,2,0,0,0,0,0,0,0
2022 Spring,EVSC,4891,Planetary Geology Lab,041608,"Limaye,Ajay",101,20173,College & Graduate Arts & Sci,3.83,11,4,4,2,0,0,1,0,0,0,0
2022 Spring,KINE,5750,"Assess & Interv Conc, Head, CS",044715,"Higgins,Michael",1,15141,School of Education and HumanDev,3.52,13,0,2,6,2,3,0,0,0,0,0
2022 Spring,SPAN,2020,Advanced Intermediate Spanish,035854,"Cohn,Adam",015,10687,College & Graduate Arts & Sci,3.62,18,0,6,7,2,2,1,0,0,0,0
2022 Spring,CE,5035,Constructn Estimatng & Biddng,046362,"O'malley,Matthew",600,19758,Engineering & Applied Science,3.08,5,0,0,2,0,1,1,1,0,0,0
2022 Spring,SPAN,2020,Advanced Intermediate Spanish,035854,"Garcia,Laura Aguilar",003,10677,College & Graduate Arts & Sci,3.48,15,1,2,8,1,0,1,2,0,0,0
2022 Spring,USEM,1570,University Seminar,037196,"Mickel,Bethany",003,19732,Executive VP & Provost,3.76,11,4,4,1,0,1,1,0,0,0,0
2022 Spring,AAS,2500,Topics in Africana Studies,046413,"Gaines,Kevin",001,20097,College & Graduate Arts & Sci,3.63,55,13,18,10,3,6,1,0,4,0,0
2022 Spring,EDIS,4310,Differenting Reading Instruct,046126,"Hayes,Latisha",1,19694,School of Education and HumanDev,3.83,12,0,9,1,1,1,0,0,0,0,0
2022 Spring,ENWR,1510,Writing and Critical Inquiry,013432,"Davis,Peyton",056,12434,College & Graduate Arts & Sci,3.91,17,1,11,5,0,0,0,0,0,0,0
2022 Spring,LAW,9362,Comm Contract Negotiations,046445,"Stanton,Carrie",1,17784,School of Law,3.53,22,0,2,10,9,1,0,0,0,0,0
2022 Spring,PLAP,4330,Refoundings in Am Politics,040540,"Balfour,Lawrie",001,17894,College & Graduate Arts & Sci,3.46,17,0,4,7,3,0,1,1,1,0,0
2022 Spring,MDST,8003,Methods of Media Research,045841,"Ali,Christopher",001,17771,College & Graduate Arts & Sci,3.80,6,0,2,4,0,0,0,0,0,0,0
2022 Spring,AMST,3740,Cultures of Hip-Hop,044503,"Hamilton,Jack",100,19836,College & Graduate Arts & Sci,3.46,78,0,33,14,12,8,6,0,1,2,2
2022 Spring,EDIS,5051,Tchg Science Secondary Sch II,009464,"Mumba,Frackson",001,14831,School of Education and HumanDev,4.00,8,5,3,0,0,0,0,0,0,0,0
2022 Spring,HIUS,3072,The Civil War & Reconstruction,019571,"Janney,Caroline",100,12511,College & Graduate Arts & Sci,3.53,57,0,16,23,7,5,1,5,0,0,0
2022 Spring,ARTH,1503,Art and the Premodern World,045459,"Ramirez-Weaver,Eric",100,18435,College & Graduate Arts & Sci,3.50,19,3,5,7,1,1,0,1,0,0,1
2022 Spring,ENGL,2508,Studies in Fiction,012491,"Coyoca,David",002,19132,College & Graduate Arts & Sci,3.91,20,0,17,2,0,0,1,0,0,0,0
2022 Spring,SYS,6007,Human Factors I,044552,"Bolton,Matthew",001,19816,Engineering & Applied Science,3.93,37,0,31,5,0,1,0,0,0,0,0
2022 Spring,GNUR,8260,DNP Seminar II,045528,"Degennaro,Regina",001,17247,School of Nursing,3.98,17,14,2,1,0,0,0,0,0,0,0
2022 Spring,LPPS,7184,Innovating for Defense,046179,"Robinson,John",001,20080,Batten Leadership & Public Pol,3.58,11,0,2,5,3,1,0,0,0,0,0
2022 Spring,LAW,9289,Juvenile Justice Seminar,044710,"Shin,Crystal",1ZT,17730,School of Law,3.39,16,0,0,7,7,1,0,1,0,0,0
2022 Spring,KINE,3450,Exercise & Nutrition Medicine,044387,"Angadi,Siddhartha",1,15106,School of Education and HumanDev,3.55,147,0,50,46,23,15,6,3,3,0,1
2022 Spring,GNUR,6050,Theoretical Foundation of Nurs,016925,"Metzger,Maureen",001,17177,School of Nursing,3.98,27,0,25,2,0,0,0,0,0,0,0
2022 Spring,EDIS,5410,Young Adult Literature,009456,"Lovette,Gail",500,17319,School of Education and HumanDev,4.00,16,10,6,0,0,0,0,0,0,0,0
2022 Spring,EDIS,5423,English Linguistics,043456,"Fox,William",500,17321,School of Education and HumanDev,3.89,18,3,12,2,0,0,1,0,0,0,0
2022 Spring,BME,6315,Systems Bioengineering,046242,"Allen,Timothy",001,20910,Engineering & Applied Science,3.98,15,2,12,1,0,0,0,0,0,0,0
2022 Spring,MAE,4502,Spec Topics in Mechanical Engr,022610,"Williams,Leslie",001,16820,Engineering & Applied Science,3.77,12,2,3,6,0,1,0,0,0,0,0
2022 Spring,CHE,3322,Transprt Proc II: Heat & Mass,005449,"Carta,Giorgio",001,15435,Engineering & Applied Science,3.10,41,0,7,10,5,8,3,1,2,2,3
2022 Spring,ASL,1020,Elem Amer Sign Language II,003000,"Propp,Gregory",001,10036,College & Graduate Arts & Sci,3.44,18,0,6,2,6,2,1,0,1,0,0
2022 Spring,COMM,3720,Intermediate Corporate Finance,006484,"Chen,Zhaohui",001,14640,McIntire School of Commerce,3.48,40,2,5,14,13,3,1,2,0,0,0
2022 Spring,SOC,2052,Sociology of the Family,035342,"Wilcox,William",100,11226,College & Graduate Arts & Sci,3.70,187,20,75,51,18,15,4,2,1,0,1
2022 Spring,SOC,5020,Introduction to Statistics,043304,"Slez,Adam",100,17952,College & Graduate Arts & Sci,3.68,5,0,2,2,0,1,0,0,0,0,0
2022 Spring,ANTH,3370,Power and the Body,000744,"Mentore,George",001,19368,College & Graduate Arts & Sci,3.45,20,0,3,3,13,1,0,0,0,0,0
2022 Spring,CLAS,2020,Roman Civilization,006298,"Hays,Gregory",100,11237,College & Graduate Arts & Sci,2.90,70,0,17,12,7,6,6,6,4,6,6
2022 Spring,ASTR,3130,Observational Astronomy,003074,"Majewski,Steven",100,11491,College & Graduate Arts & Sci,3.45,19,1,3,4,6,5,0,0,0,0,0
2022 Spring,PC,5160,Strategic Customer Relationshi,041574,"Griffith,Gladis",701,20008,Continuing & Prof Studies,3.65,11,2,5,3,0,0,0,0,0,0,1
2022 Spring,HISA,3003,20th C South Asia,018924,"Nair,Neeti",001,12505,College & Graduate Arts & Sci,3.75,39,5,20,5,3,6,0,0,0,0,0
2022 Spring,ANTH,4591,Majors Seminar,000804,"Scherz,China",003,19354,College & Graduate Arts & Sci,3.93,18,6,9,2,1,0,0,0,0,0,0
2022 Spring,CE,6230,Hydrology,004591,"Goodall,Jonathan",600,20962,Engineering & Applied Science,3.73,7,0,2,4,1,0,0,0,0,0,0
2022 Spring,GBAC,7212,Databases & Data Mgmt,045282,"Maurer,Chris",001,21187,McIntire Darden Grad Business,3.34,51,3,10,7,13,13,1,2,1,0,1
2022 Spring,LAW,9277,Conservation Planning and Law,044342,"Szeptycki,Leon",1,17515,School of Law,3.50,9,0,2,1,6,0,0,0,0,0,0
2022 Spring,LAW,7043,Insurance,021667,"Abraham,Kenneth",1,17546,School of Law,3.52,54,0,14,8,29,2,1,0,0,0,0
2022 Spring,LAW,8652,Emerging Markets: Prin & Pract,021986,"Dean,Richard",1,17718,School of Law,3.40,6,0,0,3,1,2,0,0,0,0,0
2022 Spring,FREN,3034,Adv Oral Expression in French,014360,"McGrady,Deborah",002,21174,College & Graduate Arts & Sci,3.89,15,0,12,2,0,1,0,0,0,0,0
2022 Spring,CS,6501,Spec Top: Computer Science,006981,"Heo,Seongkook",005,21158,Engineering & Applied Science,3.97,22,2,19,0,1,0,0,0,0,0,0
2022 Spring,GBAC,7209,Data Analytics II,045281,"Mousavi,Reza",001,21186,McIntire Darden Grad Business,3.59,51,4,18,11,6,8,4,0,0,0,0
2022 Spring,GBAC,7215,Data Analytics III,045288,"Mousavi,Reza",001,21191,McIntire Darden Grad Business,3.56,51,3,7,25,11,2,0,3,0,0,0
2022 Spring,GBAC,7216,Managing Big Data,045287,"Li,Jingjing",001,21192,McIntire Darden Grad Business,3.68,51,1,11,28,10,1,0,0,0,0,0
2022 Spring,GBAC,7224,Business Ethics & Digital Age,045271,"Parmar,Bidhan",001,21193,McIntire Darden Grad Business,3.49,51,0,11,9,25,6,0,0,0,0,0
2022 Spring,ENGL,2500,Intro to Literary Studies,012548,"Jost,Walter",004,21144,College & Graduate Arts & Sci,3.41,18,0,6,4,5,2,0,0,0,0,1
2022 Spring,EDIS,4110,Char of Ind w/Lrn Disablities,044943,"Gentry,Roberta",500,17300,School of Education and HumanDev,3.96,32,24,6,1,0,1,0,0,0,0,0
2022 Spring,LAW,9081,Trial Advocacy,022023,"Stolpe,Kristin",4,20917,School of Law,3.54,15,0,2,7,4,2,0,0,0,0,0
2022 Spring,CS,2100,Data Structures and Algo 1,046225,"Basit,Nada",002,19174,Engineering & Applied Science,3.74,161,72,54,11,7,5,2,2,1,3,4
2022 Spring,MDST,3559,New Course: MDST,039189,"Borrione,Francesca",003,19296,College & Graduate Arts & Sci,3.94,28,0,24,3,1,0,0,0,0,0,0
2022 Spring,CHEM,2321,Org Lab II Non-Chem Maj/Min,043155,"Chruma,Jason",013,12849,College & Graduate Arts & Sci,3.93,27,5,19,1,1,1,0,0,0,0,0
2022 Spring,SOC,4070,Sociology of Art,035444,"Greenland,Fiona",001,20130,College & Graduate Arts & Sci,3.52,20,0,9,5,3,2,0,0,0,0,1
2022 Spring,EDIS,5000,The Exceptional Learner,009423,"Myers-Mitchell,H. Nicole",501,17357,School of Education and HumanDev,3.67,19,0,8,6,2,3,0,0,0,0,0
2022 Spring,NESC,8000,Foundations of Neuroscience,044856,"Deppmann,Christopher",001,18206,Medical School - BIMS/PHS,3.74,23,0,12,5,5,1,0,0,0,0,0
2022 Spring,LASE,3510,Topics in the Liberal Arts,046610,"LaFleur,Jennifer",001,21463,College & Graduate Arts & Sci,3.44,21,0,15,1,2,0,0,0,1,0,2
2022 Spring,GNUR,6010,Advanced Pathophysiology,016929,"Quatrara,Beth",001,17220,School of Nursing,3.64,54,0,17,23,5,9,0,0,0,0,0
2022 Spring,CLAS,3300,Indo-European Linguistics,041516,"George,Coulter",001,13275,College & Graduate Arts & Sci,3.04,21,0,3,3,6,2,1,4,1,0,1
2022 Spring,PC,5130,Advanced Services Contracting,037566,"Falcone,Ronald",701,20006,Continuing & Prof Studies,4.00,7,3,4,0,0,0,0,0,0,0,0
2022 Spring,LAW,7737,Corp Trans: Start to Exit (SC),043454,"Clayton,Kevin",1,17815,School of Law,3.42,22,0,2,7,8,5,0,0,0,0,0
2022 Spring,COMM,3551,Study Abroad:Business Elective,046103,"Rozan,Ellen Katherine",501,20429,McIntire School of Commerce,3.94,14,0,11,3,0,0,0,0,0,0,0
2022 Spring,GNUR,6031,Transition to Adv Practice,016923,"Reid,Kathryn",001,17221,School of Nursing,3.96,29,1,24,4,0,0,0,0,0,0,0
2022 Spring,WGS,2100,Gender and Sexuality Studies,036786,"Hagerman,Bonnie",100,11379,College & Graduate Arts & Sci,3.61,110,18,49,19,9,5,1,1,2,1,5
2022 Spring,EDLF,7811,Ldship for Teaching & Learning,009818,"Baptist,June",500,17349,School of Education and HumanDev,3.96,15,9,4,2,0,0,0,0,0,0,0
2022 Spring,NUIP,3311,"Quality, Safety, and EBP",045255,"Reid,Kathryn",2,17226,School of Nursing,3.97,42,1,39,1,0,1,0,0,0,0,0
2022 Spring,PLAD,8500,Topics in Political Science,041272,"Gingerich,Daniel",002,20301,College & Graduate Arts & Sci,3.83,7,0,3,4,0,0,0,0,0,0,0
2022 Spring,GCOM,7549,Commerce in the Global Context,045947,"Maxham III,James G",005,22087,McIntire School of Commerce,3.90,9,2,4,3,0,0,0,0,0,0,0
2022 Spring,GCNL,5170,Persons w/Complex Health Probs,015378,"Craig,Sarah",001,17091,School of Nursing,3.94,48,0,38,10,0,0,0,0,0,0,0
2022 Spring,SOC,4055,Sociology of Law,035489,"Gorman,Elizabeth",001,21181,College & Graduate Arts & Sci,3.28,13,0,3,1,4,4,0,0,0,1,0
2022 Spring,EGMT,1510,Engaging Aesthetics,044512,"Bamert,Sophia",203,12664,College & Graduate Arts & Sci,3.80,35,3,20,7,1,3,1,0,0,0,0
2022 Spring,EDIS,3020,The Exceptional Learner,009391,"McLucas,Alan",501,21004,School of Education and HumanDev,3.85,40,0,33,2,2,1,1,1,0,0,0
2022 Spring,ENCW,3310,Intermediate Poetry Writing I,013473,"Dove,Rita",003,19193,College & Graduate Arts & Sci,3.95,13,1,11,0,1,0,0,0,0,0,0
2022 Spring,LAW,7188,Privacy,045988,"Haley,Thomas",1ZT,17561,School of Law,3.54,20,0,7,2,8,3,0,0,0,0,0
2022 Spring,DRAM,1020,Speaking in Public,007178,"Close,Tovah",002,12647,College & Graduate Arts & Sci,3.84,16,0,11,3,1,1,0,0,0,0,0
2022 Spring,LAW,7078,Remedies,021744,"Laycock,Douglas",1,17555,School of Law,3.66,15,2,3,4,5,1,0,0,0,0,0
2022 Spring,EGMT,1520,Empirical Engagement,044513,"Pearson,William",109,19878,College & Graduate Arts & Sci,3.40,34,0,10,10,4,3,3,2,1,1,0
2022 Spring,ISSS,4292,Liberalism and Conservatism,040955,"Guttman,Robert",101,19980,Continuing & Prof Studies,3.37,24,0,15,3,1,0,1,0,1,1,2
2022 Spring,PHY,8040,Physiology A,030459,"Yan,Zhen",001,18120,Medical School - BIMS/PHS,3.94,5,1,3,1,0,0,0,0,0,0,0
2022 Spring,LAW,7071,Professional Responsibility,021935,"Faglioni,Kelly",2,17563,School of Law,3.49,87,3,7,34,29,11,3,0,0,0,0
2022 Spring,LAW,9040,Animal Law,040104,"Riley,Margaret",1,17740,School of Law,3.48,13,0,0,6,7,0,0,0,0,0,0
2022 Spring,LAW,9297,Wrongful Convictions Seminar,044741,"Frampton,Thomas",1,17749,School of Law,3.54,9,0,2,2,5,0,0,0,0,0,0
2022 Spring,LAW,9111,Sexuality and the Law,022296,"Konnoth,Craig",1,17750,School of Law,3.44,7,1,1,2,0,1,2,0,0,0,0
2022 Spring,EDLF,8387,Practical Evaluation,044855,"Spicer,David Eddy",500,19990,School of Education and HumanDev,4.00,18,14,4,0,0,0,0,0,0,0,0
2022 Spring,NUIP,2311,Intro to Professional Practice,045254,"Hurst,Ashley",001,17234,School of Nursing,3.90,46,0,35,10,0,0,0,1,0,0,0
2022 Spring,LPPP,7559,New Course: PPOL,044184,"Higginbotham,Gerald",001,20274,Batten Leadership & Public Pol,3.71,18,0,8,5,4,1,0,0,0,0,0
2022 Spring,LAW,8026,Taking Effective Depositions,043842,"Bognar,Ellen",1,17597,School of Law,3.53,19,0,1,9,9,0,0,0,0,0,0
2022 Spring,MAE,6430,Statistics Engrs & Scientists,022669,"Guadagni,Gianluca",001,16133,Engineering & Applied Science,3.93,9,0,7,2,0,0,0,0,0,0,0
2022 Spring,HIUS,3612,Gender & Sexuality in Am 1865,019620,"Hagerman,Bonnie",100,18756,College & Graduate Arts & Sci,3.17,30,0,7,7,4,4,2,2,1,1,2
2022 Spring,PHIL,3640,Political Philosophy,030092,"Adams,Nate",001,18762,College & Graduate Arts & Sci,3.13,26,2,6,10,1,0,1,0,1,2,3
2022 Spring,CS,3250,Software Testing,045512,"Praphamontripong,Upsorn",001,20472,Engineering & Applied Science,3.02,145,1,29,25,21,27,11,9,7,0,15
2022 Spring,AMST,1060,"Aftermath of Slavery, UVA/VA",046212,"Schmidt,Ashley",001,18693,College & Graduate Arts & Sci,3.74,60,6,33,14,2,3,0,0,0,0,2
2022 Spring,HIAF,3051,West African History,018143,"Fleur,James La",001,18708,College & Graduate Arts & Sci,3.78,30,3,11,13,2,0,1,0,0,0,0
2022 Spring,HIEU,4502,Post 1700 Euro Hist Seminar,018520,"Loeffler,James",001,18737,College & Graduate Arts & Sci,3.36,13,0,4,2,1,4,1,1,0,0,0
2022 Spring,GNUR,6633,PNP-AC Seminar III,044780,"Haizlip,Julie",001,17222,School of Nursing,3.93,9,2,5,2,0,0,0,0,0,0,0
2022 Spring,LAW,6102,Administrative Law,021597,"Woolhandler,Nettie",1,17395,School of Law,3.60,33,0,6,16,9,2,0,0,0,0,0
2022 Spring,PC,5060,Fed Acquisition Case Studies,029789,"Rich,James",701,20002,Continuing & Prof Studies,3.75,27,0,20,5,0,0,1,0,0,0,1
2022 Spring,EDIS,3040,Foundations of Early Child Edu,042221,"Neesen,Kathy",500,21016,School of Education and HumanDev,3.81,24,6,12,2,1,2,1,0,0,0,0
2022 Spring,ENWR,1506,Writing & Critical Inquiry S2,013429,"Kostelnik,Kate",007,12861,College & Graduate Arts & Sci,3.49,12,0,4,5,0,1,1,0,0,1,0
2022 Spring,CJ,5210,Cont Iss Challenging LE Execs,006261,"Anglin,Adrian Christian",A2,21911,Continuing & Prof Studies,4.00,27,4,23,0,0,0,0,0,0,0,0
2022 Spring,MUSI,2120,History of Jazz Music,024755,"DeVeaux,Scott",100,20415,College & Graduate Arts & Sci,3.07,59,0,9,4,16,12,9,3,3,2,1
2022 Spring,LAW,9248,Therptc Jus Evol Role Spec Crt,043851,"Hogshire,Edward",1,17822,School of Law,3.39,10,0,0,3,6,1,0,0,0,0,0
2022 Spring,LAW,7773,Inside the Boardroom (SC),044704,"Kimmel,Roger",1,17823,School of Law,3.47,7,0,0,3,4,0,0,0,0,0,0
2022 Spring,ARAH,9525,Sem Ren/Baroque Art,039175,"Fiorani,Francesca",001,20772,College & Graduate Arts & Sci,3.82,5,0,2,3,0,0,0,0,0,0,0
2022 Spring,LAW,9122,Governing the World,022317,"Verdier,Pierre-Hugues",1,17742,School of Law,3.41,13,0,1,4,6,1,1,0,0,0,0
2022 Spring,LAW,9172,Capitalism & Socialism Seminar,041720,"Johnston,Jason",1,17744,School of Law,3.51,14,1,4,0,6,3,0,0,0,0,0
2022 Spring,CHEM,1421,Intro College Chemistry II Lab,005994,"Morkowchuk,Lisa",008,10733,College & Graduate Arts & Sci,3.93,24,17,5,1,0,0,1,0,0,0,0
2022 Spring,WGS,3559,New Course: WGS,039979,"Speidel,Lisa",001,17974,College & Graduate Arts & Sci,3.94,29,0,27,0,1,1,0,0,0,0,0
2022 Spring,PC,5010,Procurement Policy & Practices,029784,"Buck,Kenneth",701,20001,Continuing & Prof Studies,3.55,18,1,7,7,0,2,0,0,0,0,1
2022 Spring,MDST,4510,Capstone Topics,045773,"Vaidhyanathan,Siva",100,13981,College & Graduate Arts & Sci,3.81,16,12,1,1,0,1,0,1,0,0,0
2022 Spring,PLCP,8140,Democracy & Dictatorship,031745,"Waldner,David",001,17900,College & Graduate Arts & Sci,3.90,6,0,4,2,0,0,0,0,0,0,0
2022 Spring,EDLF,4606,Schools and Society,042149,"Wahl,Rachel",1,18887,School of Education and HumanDev,3.53,18,0,7,7,2,1,0,0,0,0,1
2022 Spring,CHEM,2321,Org Lab II Non-Chem Maj/Min,043155,"Chruma,Jason",017,17855,College & Graduate Arts & Sci,3.95,13,2,9,2,0,0,0,0,0,0,0
2022 Spring,DS,6040,Bayesian Machine Learning,045445,"Basener,William F",001,18838,School of Data Science,3.98,41,13,27,0,1,0,0,0,0,0,0
2022 Spring,LAW,7021,Courts,021807,"Law,David",1,17690,School of Law,3.40,6,0,1,2,1,1,1,0,0,0,0
2022 Spring,LAW,9222,International Arbitration,043219,"Simmons,Joshua",1,17830,School of Law,3.41,17,0,1,7,7,1,0,0,1,0,0
2022 Spring,LAW,7742,Mangmnt BigLaw: Cult/Prof (SC),043841,"Robinson,Arthur",1,17828,School of Law,3.52,17,0,0,11,5,0,1,0,0,0,0
2022 Spring,NUIP,4430,Intro Stats in Hlth Care Res,042514,"Byon,Ha Do",001,17109,School of Nursing,3.80,20,6,6,6,0,1,1,0,0,0,0
2022 Spring,NUIP,2070,Human Physiology & Anatomy II,042611,"Connelly,Christine",001,17110,School of Nursing,3.53,69,17,12,20,5,5,4,2,2,1,1
2022 Spring,NUIP,2080,Microbiology for Health Scienc,042612,"Connelly,Christine",001,17111,School of Nursing,3.59,56,5,17,17,7,6,1,1,2,0,0
2022 Spring,WGS,4559,New Course: WGS,039671,"Keys,Domale",002,17976,College & Graduate Arts & Sci,3.75,12,0,2,10,0,0,0,0,0,0,0
2022 Spring,GNUR,5390,Intro. to U.S. Healthcare,043722,"Mayes,Rick",001,17202,School of Nursing,3.78,56,2,27,21,4,1,0,0,1,0,0
2022 Spring,EDIS,5740,Diagnosis & Remediation II,009476,"Thacker-Gwaltney,Susan",500,17325,School of Education and HumanDev,3.92,23,0,19,3,0,1,0,0,0,0,0
2022 Spring,SPAN,2020,Advanced Intermediate Spanish,035854,"Garcia,Laura Aguilar",024,12859,College & Graduate Arts & Sci,3.70,17,0,4,10,3,0,0,0,0,0,0
2022 Spring,MDST,3504,Topics in Global Media,042990,"Borrione,Francesca",002,18827,College & Graduate Arts & Sci,3.72,29,0,27,0,0,0,0,0,0,0,2
2022 Spring,DS,6002,Ethics of Big Data I,043459,"Reia,Jhessica",002,18836,School of Data Science,3.95,25,14,10,0,0,0,1,0,0,0,0
2022 Spring,PSYC,3200,Fundamentals of Neuroscience,046163,"Cang,Jianhua",001,18823,College & Graduate Arts & Sci,3.49,67,21,13,9,7,4,5,3,2,3,0
2022 Spring,LAW,6001,Constitutional Law,021552,"Solum,Lawrence",DE,17390,School of Law,3.40,75,1,10,20,16,27,1,0,0,0,0
2022 Spring,CHEM,4440,Biochemistry for Pre-Health,046085,"Samonina,Jelena",100,17874,College & Graduate Arts & Sci,3.27,149,8,41,39,16,11,13,4,4,1,12
2022 Spring,DS,6001,Practice and App of Data Sci,043301,"Kropko,Jonathan Michael",002,20081,School of Data Science,3.97,40,0,38,0,2,0,0,0,0,0,0
2022 Spring,LAW,8012,Legal Iss/Corp Fin (Law & Bus),021838,"Geis,George",1,17716,School of Law,3.50,55,0,4,27,17,5,2,0,0,0,0
2022 Spring,LAW,7064,Nonprofit Organizations,021621,"Kordana,Kevin",1,17522,School of Law,3.44,16,0,1,4,11,0,0,0,0,0,0
2022 Spring,CHEM,4421,Biological Chemistry Lab II,005758,"Price,Carol",100,10075,College & Graduate Arts & Sci,3.44,48,2,12,9,12,11,1,0,0,0,1
2022 Spring,SYS,6763,CPS Safety and Security,046328,"Feng,Lu",001,20869,Engineering & Applied Science,3.97,10,1,8,1,0,0,0,0,0,0,0
2022 Spring,AMST,2422,Point of View Journalism,043702,"Goff,Lisa",001,18696,College & Graduate Arts & Sci,3.68,16,0,8,6,1,0,0,0,0,0,1
2022 Spring,CHEM,1421,Intro College Chemistry II Lab,005994,"Morkowchuk,Lisa",002,10729,College & Graduate Arts & Sci,3.41,24,11,2,5,1,0,3,0,0,0,2
2022 Spring,ASL,3559,New Course: ASL,038554,"Jennings-arey,Rhonda",001,19793,College & Graduate Arts & Sci,3.91,18,6,10,1,0,0,1,0,0,0,0
2022 Spring,LAW,9069,Antitrust Review of Mergers,021987,"Fullerton,Lawrence",1,17817,School of Law,3.31,14,0,1,5,4,1,2,1,0,0,0
2022 Spring,CELL,5950,Jrnl Survey in Cell & Dev Biol,005250,"Winckler,Bettina",001,18129,Medical School - BIMS/PHS,4.00,17,11,6,0,0,0,0,0,0,0,0
2022 Spring,MUSI,1310,Basic Musical Skills,024703,"Rous,Benjamin",002,19128,College & Graduate Arts & Sci,3.67,42,2,20,13,5,0,0,0,0,1,1
2022 Spring,ENGL,3960,The Lyric,012154,"Parker,John",001,19265,College & Graduate Arts & Sci,3.63,17,0,5,6,5,1,0,0,0,0,0
2022 Spring,MATH,1210,A survey of Calculus I,022944,"Pun,Anna Ying",500,19310,College & Graduate Arts & Sci,3.19,33,0,5,6,8,5,5,2,1,1,0
2022 Spring,LPPL,3100,Foundations Behavioral Science,044753,"Gutierrez,Lyangela",001,20028,Batten Leadership & Public Pol,3.50,42,7,12,10,4,4,2,0,0,0,3
2022 Spring,PLPT,5500,Special Topics in Pol Theory,044639,"Bird,Colin",002,20427,College & Graduate Arts & Sci,3.73,12,1,6,3,1,0,0,1,0,0,0
2022 Spring,EDIS,7010,Computer Courseware Tools,009690,"Watson,Ginger",500,17326,School of Education and HumanDev,3.89,12,3,6,2,1,0,0,0,0,0,0
2022 Spring,EDLF,7810,Legal & Educ Policy Context,009813,"Roberts,Wendell",500,17348,School of Education and HumanDev,3.97,18,5,11,2,0,0,0,0,0,0,0
2022 Spring,MAE,6592,Spec Topcs in Mech & Aero Engr,022685,"Williams,Leslie",003,20974,Engineering & Applied Science,3.58,14,0,8,4,1,0,0,0,0,0,1
2022 Spring,LPPS,3150,Practical Nonproft Fundraising,045946,"Hall,Erin",001,20090,Batten Leadership & Public Pol,3.49,16,0,8,5,1,0,0,0,1,0,1
2022 Spring,BIOL,4559,New Course: BIOL,038577,"Keller,Raymond",002,20845,College & Graduate Arts & Sci,4.00,14,7,7,0,0,0,0,0,0,0,0
2022 Spring,BIOL,4330,Wiring the Brain,003620,"Condron,Barry",001,18719,College & Graduate Arts & Sci,3.91,37,13,16,6,2,0,0,0,0,0,0
2022 Spring,HIEU,2162,History of Russia Since 1917,018403,"Rossman,Jeffrey",100,18723,College & Graduate Arts & Sci,3.50,105,8,47,15,10,10,4,3,4,1,3
2022 Spring,HIUS,3654,Black Fire,043417,"Harold,Claudrena",001,18789,College & Graduate Arts & Sci,3.82,147,0,117,13,10,2,1,0,2,0,2
2022 Spring,CJ,5290,Emotional Intelligence,041302,"Coleman,Marian Elizabeth",B1,22139,Continuing & Prof Studies,4.00,24,11,13,0,0,0,0,0,0,0,0
2022 Spring,ARCH,3020,Foundation Studio V,001518,"Stranix,Katie",005,14577,School of Architecture,3.73,14,0,4,8,2,0,0,0,0,0,0
2022 Spring,RELI,5425,Islamic Philosophy & Theology,044457,"Nair,Shankar",001,18970,College & Graduate Arts & Sci,3.30,8,0,3,3,1,0,0,0,0,0,1
2022 Spring,SPAN,4700,Spanish Culture & Civilization,035932,"Wellbeloved,Elizabeth A.",501,18533,College & Graduate Arts & Sci,3.81,29,4,14,8,0,3,0,0,0,0,0
2022 Spring,MICR,8044,Mediators & Targeting Cancer,042503,"Gioeli,Daniel",001,17996,Medical School - BIMS/PHS,3.78,19,3,5,9,2,0,0,0,0,0,0
2022 Spring,EDIS,5435,Writing Across the Curriculum,042224,"Austin,Ottilie",500,17323,School of Education and HumanDev,3.92,25,0,22,1,1,1,0,0,0,0,0
2022 Spring,LAW,7060,Land Use Law,021698,"Schragger,Richard",1,17695,School of Law,3.55,14,0,2,6,5,1,0,0,0,0,0
2022 Spring,CS,6501,Spec Top: Computer Science,006981,"Kwon,Yonghwi",004,21013,Engineering & Applied Science,3.97,21,5,15,0,1,0,0,0,0,0,0
2022 Spring,ACCT,3020,Intro Acct II,045931,"Montesa,Noel",701,19935,Continuing & Prof Studies,3.95,17,5,9,3,0,0,0,0,0,0,0
2022 Spring,GNUR,6056,Health Policy: Local to Global,016935,"Williams,Ishan",001,17073,School of Nursing,3.81,38,0,22,11,4,1,0,0,0,0,0
2022 Spring,EGMT,1530,Engaging Differences,044514,"Flood,Liza",109,19883,College & Graduate Arts & Sci,3.89,34,0,31,0,0,1,2,0,0,0,0
2022 Spring,EGMT,1530,Engaging Differences,044514,"Shuve,Karl",206,19885,College & Graduate Arts & Sci,3.88,34,4,18,11,1,0,0,0,0,0,0
2022 Spring,COMM,4760,Private Equity,039906,"Marston,Felicia",001,14662,McIntire School of Commerce,3.79,42,6,19,10,5,1,1,0,0,0,0
2022 Spring,STAT,4160,Experimental Design,044445,"Weinstock,Justin",001,18413,College & Graduate Arts & Sci,3.51,58,5,22,8,8,7,3,3,1,1,0
2022 Spring,EDIS,5140,Instruct & Collab Special Ed,009436,"Williams,Mira",500,17374,School of Education and HumanDev,3.82,17,5,7,2,2,1,0,0,0,0,0
2022 Spring,PHIL,4020,Seminar for Majors,030157,"Brewer,Talbot",001,18764,College & Graduate Arts & Sci,3.75,13,0,8,2,1,2,0,0,0,0,0
2022 Spring,ASTR,1220,Intro Stars Galaxies Universe,003047,"Pryal,Matthew",002,18767,College & Graduate Arts & Sci,3.47,134,6,52,30,15,10,5,5,7,2,2
2022 Spring,ENWR,1506,Writing & Critical Inquiry S2,013429,"McBride,Amber",009,18769,College & Graduate Arts & Sci,3.88,10,0,6,4,0,0,0,0,0,0,0
2022 Spring,HIUS,3261,History of the American West,019587,"Taylor,Alan",100,18794,College & Graduate Arts & Sci,3.26,58,0,7,21,14,1,9,3,0,1,2
2022 Spring,HIUS,7021,Comparative Cultural Encounter,043528,"Taylor,Alan",001,18798,College & Graduate Arts & Sci,3.93,9,0,7,2,0,0,0,0,0,0,0
2022 Spring,RUTR,2730,Dostoevsky,034784,"Stuart,Madelyn",001,19134,College & Graduate Arts & Sci,3.78,27,0,19,2,3,2,1,0,0,0,0
2022 Spring,MAE,6592,Spec Topcs in Mech & Aero Engr,022685,"Loth,Eric",600,16747,Engineering & Applied Science,3.80,8,0,5,2,0,1,0,0,0,0,0
2022 Spring,ENWR,1510,Writing and Critical Inquiry,013432,"Sophronius,Jeddie",071,20156,College & Graduate Arts & Sci,3.94,16,4,10,1,1,0,0,0,0,0,0
2022 Spring,LAW,6102,Administrative Law,021597,"Bamzai,Aditya",2,17538,School of Law,3.68,86,0,38,21,22,3,2,0,0,0,0
2022 Spring,LPPP,3500,Special Topics Social Entrepre,045225,"Babineau,Kathryn",001,20073,Batten Leadership & Public Pol,3.49,11,1,1,4,2,3,0,0,0,0,0
2022 Spring,EDIS,6880,Masters Comp in Curric & Inst,045850,"Jewett,Anne",500,20037,School of Education and HumanDev,3.96,24,1,20,3,0,0,0,0,0,0,0
2022 Spring,LAW,8637,Entrepreneurial Law Clinic,041800,"Keshap,Rahul",1ZT,17434,School of Law,3.44,11,0,1,2,8,0,0,0,0,0,0
2022 Spring,ENGL,2910,Point of View Journalism,043171,"Goff,Lisa",001,18884,College & Graduate Arts & Sci,3.60,18,0,11,4,1,0,1,0,0,0,1
2022 Spring,HIST,3452,The Second World War,019192,"Zelikow,Philip",001,19377,College & Graduate Arts & Sci,3.57,30,0,12,7,8,0,1,1,0,1,0
2022 Spring,ASL,2020,Intermed Amer Sign Language II,003002,"Jennings-arey,Rhonda",002,12006,College & Graduate Arts & Sci,3.73,16,0,9,4,2,0,0,1,0,0,0
2022 Spring,EDLF,3010,US Society and Education,046205,"Frankel,Andrew",1,18886,School of Education and HumanDev,3.13,16,3,1,1,1,5,3,0,2,0,0
2022 Spring,EVSC,2850,Polar Environments,045761,"Doney,Scott",001,18938,College & Graduate Arts & Sci,3.81,36,1,21,10,1,2,1,0,0,0,0
2022 Spring,ECON,4820,Experimental Economics,007985,"Holt,Charles",001,18363,College & Graduate Arts & Sci,3.91,48,9,25,14,0,0,0,0,0,0,0
2022 Spring,ENWR,1510,Writing and Critical Inquiry,013432,"Wallace,Samantha",032,11310,College & Graduate Arts & Sci,3.62,18,0,2,11,5,0,0,0,0,0,0
2022 Spring,CS,4501,Spec Top: Computer Science,006942,"Evans,David",009,19944,Engineering & Applied Science,3.76,58,4,35,10,2,4,1,0,2,0,0
2022 Spring,NUCO,4720,Synthesis Practicum,043231,"Taliaferro-Jones,Elizabeth",001,17179,School of Nursing,3.98,92,35,50,7,0,0,0,0,0,0,0
2022 Spring,NUCO,4730,Professional Practice,043232,"Hallowell,Sara",001,17180,School of Nursing,3.87,92,3,65,16,3,5,0,0,0,0,0
2022 Spring,FREN,7500,Topics in Theory and Criticism,014476,"Lyu,Claire",001,17928,College & Graduate Arts & Sci,3.87,7,0,4,3,0,0,0,0,0,0,0
2022 Spring,MDST,3559,New Course: MDST,039189,"Clay,Anna",001,17765,College & Graduate Arts & Sci,3.89,30,0,20,9,1,0,0,0,0,0,0
2022 Spring,PHYS,3250,Applied Nuclear Physics,041556,"Richards,Ryan",001,11336,College & Graduate Arts & Sci,3.58,17,4,2,4,6,0,0,1,0,0,0
2022 Spring,BIOC,8131,Colloquium,003291,"Smith,Jeffrey",001,18046,Medical School - BIMS/PHS,4.00,25,2,23,0,0,0,0,0,0,0,0
2022 Spring,ENWR,3900,Career-Based Writing/Rhetoric,040841,"D'Errico,Jon",001,18771,College & Graduate Arts & Sci,3.36,17,0,5,6,3,0,1,1,0,0,1
2022 Spring,HIST,5621,Genocide,019262,"Rossman,Jeffrey",001,18775,College & Graduate Arts & Sci,3.57,10,1,3,2,2,1,1,0,0,0,0
2022 Spring,EDLF,7140,LEAD II: Professional Learning,009701,"Boland,Maureen",500,17377,School of Education and HumanDev,3.81,14,1,9,2,0,2,0,0,0,0,0
2022 Spring,LPPS,3280,Lessons in Leadership: JFK,045379,"Sabato,Larry",100,20109,Batten Leadership & Public Pol,3.68,97,7,26,46,10,2,6,0,0,0,0
2022 Spring,ECON,2010,Principles of Econ: Microecon,007876,"Carr,Geoffrey",301,18353,College & Graduate Arts & Sci,3.36,27,1,3,9,4,5,4,1,0,0,0
2022 Spring,CHEM,2321,Org Lab II Non-Chem Maj/Min,043155,"Chruma,Jason",014,12850,College & Graduate Arts & Sci,3.76,30,0,19,6,1,3,0,1,0,0,0
2022 Spring,CHEM,2321,Org Lab II Non-Chem Maj/Min,043155,"Chruma,Jason",016,17854,College & Graduate Arts & Sci,3.78,33,4,15,10,2,1,0,1,0,0,0
2022 Spring,ECON,4200,Antitrust Policy,007960,"Swisher,Anthony",001,18359,College & Graduate Arts & Sci,3.58,25,1,11,6,1,3,2,0,0,1,0
2022 Spring,GNUR,6052,Epidemiology and World Health,016930,"Byon,Ha Do",001,17071,School of Nursing,3.88,51,18,21,7,4,1,0,0,0,0,0
2022 Spring,NUCO,2440,Case-Based Learning,043223,"Geis,Laurel",001,17116,School of Nursing,3.93,91,0,72,17,1,1,0,0,0,0,0
2022 Spring,ACCT,5140,Cost Accounting,045934,"Achilles,Wendy",701,19941,Continuing & Prof Studies,3.86,11,0,6,5,0,0,0,0,0,0,0
2022 Spring,SPAN,4203,Structure of Spanish,035937,"Rini,Joel",001,17802,College & Graduate Arts & Sci,3.91,22,2,19,0,0,0,0,0,1,0,0
2022 Spring,EDIS,7710,Reading in the Content Areas,040109,"Austin,Ottilie",500,17333,School of Education and HumanDev,3.92,24,0,21,2,0,0,1,0,0,0,0
2022 Spring,ECON,4350,Corporate Finance,007969,"Mcgee,Christopher",100,18934,College & Graduate Arts & Sci,3.28,73,1,22,8,11,13,8,6,1,3,0
2022 Spring,LAW,9139,Internet Regulation Seminar,040195,"Nugent,Nick",1,21029,School of Law,3.57,7,0,1,3,3,0,0,0,0,0,0
2022 Spring,ANTH,3590,Social & Cultural Anthropology,041002,"Tidey,Sylvia",003,19352,College & Graduate Arts & Sci,3.93,30,17,10,1,1,1,0,0,0,0,0
2022 Spring,ANTH,3340,Ecology and Society,000741,"Damon,Frederick",001,19359,College & Graduate Arts & Sci,3.32,24,1,8,3,6,1,0,2,0,3,0
2022 Spring,FORU,2500,Forum Capstone Experience,044895,"Leblang,David",001,12392,College & Graduate Arts & Sci,3.73,27,0,4,22,1,0,0,0,0,0,0
2022 Spring,MATH,4300,Elementary Numerical Analysis,023098,"Foldes,Juraj",001,12645,College & Graduate Arts & Sci,3.47,24,4,6,5,6,1,0,0,1,0,1
2022 Spring,MICR,8400,Bacteriology & Virology,042499,"Criss,Alison",001,17999,Medical School - BIMS/PHS,3.94,11,5,5,0,1,0,0,0,0,0,0
2022 Spring,PLPT,3030,Contemporary Political Thought,031928,"Rubenstein,Jennifer",100,13554,College & Graduate Arts & Sci,3.64,59,1,24,20,5,8,0,0,0,0,1
2022 Spring,ENGL,2508,Studies in Fiction,012491,"Olwell,Victoria",005,19925,College & Graduate Arts & Sci,3.49,19,0,6,5,5,0,1,2,0,0,0
2022 Spring,CLAS,3559,New Course: CLAS,038602,"Dillery,John",001,18339,College & Graduate Arts & Sci,3.67,12,0,5,3,3,1,0,0,0,0,0
2022 Spring,KOR,4020,Advanced Readings in Korean II,041512,"CHOI,YOON HWA",001,12019,College & Graduate Arts & Sci,3.82,13,6,2,3,2,0,0,0,0,0,0
2022 Spring,ANTH,3295,Moral Experience,046534,"Zigon,Jarrett",001,20146,College & Graduate Arts & Sci,3.92,29,16,11,1,0,0,0,0,1,0,0
2022 Spring,FREN,3042,French-Speaking World II,014367,"Tsien,Jennifer",001,17927,College & Graduate Arts & Sci,3.39,14,1,5,4,1,0,2,0,0,0,1
2022 Spring,PHYS,1429,Intro Physics 1 Workshop,031036,"Knowles,Haley",005,10346,College & Graduate Arts & Sci,3.42,25,0,3,5,14,2,1,0,0,0,0
2022 Spring,EGMT,1540,Ethical Engagement,044515,"Lee,Seung-Hun",205,12695,College & Graduate Arts & Sci,3.55,38,1,8,21,3,2,2,0,0,0,1
2022 Spring,DRAM,2020,Acting I,007200,"Kelly,Colleen",008,18582,College & Graduate Arts & Sci,3.40,14,0,9,0,2,0,1,1,0,0,1
2022 Spring,SOC,3290,Sociology of Childhood,040455,"Pugh,Allison",100,17990,College & Graduate Arts & Sci,3.10,44,3,10,5,8,6,2,2,3,1,4
2022 Spring,LAW,6101,Corporate Finance,021635,"Franks,Harry",1,17391,School of Law,3.48,17,0,4,3,7,3,0,0,0,0,0
2022 Spring,SPAN,2020,Advanced Intermediate Spanish,035854,"Cobb,Erica",006,10679,College & Graduate Arts & Sci,3.54,17,0,4,6,4,2,1,0,0,0,0
2022 Spring,EDLF,7812,Ldshp for Continuous Improve,042238,...,500,17350,School of Education and HumanDev,3.73,20,0,9,8,1,1,1,0,0,0,0
2022 Spring,LAW,9006,Advanced Verbal Persuasion,040010,"Shadel,Molly",1,17435,School of Law,3.57,12,0,0,8,4,0,0,0,0,0,0
2022 Spring,NUCO,3610,Maternal/Child Nursing,043226,"Kastello,Jennifer",001,17141,School of Nursing,3.74,38,0,11,23,3,1,0,0,0,0,0
2022 Spring,USEM,1580,University Seminar,037198,"Rogers,Dylan",004,20478,Executive VP & Provost,3.96,18,3,14,0,1,0,0,0,0,0,0
2022 Spring,ENGL,8570,Studies in American Literature,011448,"Greeson,Jennifer",001,18882,College & Graduate Arts & Sci,3.70,10,0,4,3,3,0,0,0,0,0,0
2022 Spring,PHIL,1410,Forms of Reasoning,030021,"Darcy,James",002,18716,College & Graduate Arts & Sci,3.72,30,0,14,9,5,1,1,0,0,0,0
2022 Spring,HIEU,5051,Roman Empire,018535,"Lendon,Jon",001,18739,College & Graduate Arts & Sci,3.68,5,0,1,3,1,0,0,0,0,0,0
2022 Spring,DS,5001,Exploratory Text Analytics,045703,"Alvarado,Rafael Candido",002,18832,School of Data Science,3.50,19,2,6,5,3,0,2,0,0,0,1
2022 Spring,EDIS,5640,Physical Geography,009471,"Bunin,John",500,17369,School of Education and HumanDev,3.33,12,0,8,0,1,1,0,0,0,1,1
2022 Spring,MICR,8200,Bldg Blocks of the Immune Sys,024107,"Elliott,Michael",001,17997,Medical School - BIMS/PHS,3.79,15,5,4,4,1,0,1,0,0,0,0
2022 Spring,RELG,1500,Intro Sem Religious Studies,034137,"Alexander,Elizabeth",001,18956,College & Graduate Arts & Sci,3.45,12,0,6,3,1,1,0,0,0,0,1
2022 Spring,LPPP,6500,Topics in Public Policy,041388,"Felder,Adam",005,17045,Batten Leadership & Public Pol,3.97,21,0,19,2,0,0,0,0,0,0,0
2022 Spring,LAW,9056,Business Reorg Under Chptr 11,021948,"Ackerly,Benjamin",1,17813,School of Law,3.27,17,0,1,4,6,4,1,1,0,0,0
2022 Spring,ENWR,1501,Writing-Edge,046282,"Driver,Keith",E100,21250,College & Graduate Arts & Sci,3.73,15,0,11,0,0,4,0,0,0,0,0
2022 Spring,ECON,4160,Economics of Health,007956,"Moore,Michael",001,18354,College & Graduate Arts & Sci,3.61,11,0,9,1,0,0,0,0,0,0,1
2022 Spring,CS,3501,Spec Topics Computer Science,045086,"Fletcher,Tom",001,16671,Engineering & Applied Science,3.47,77,19,30,11,4,2,1,0,4,0,6
2022 Spring,EVSC,4890,Planetary Geology,013978,"Limaye,Ajay",100,18941,College & Graduate Arts & Sci,3.36,27,1,5,6,5,7,1,1,1,0,0
2022 Spring,EDIS,4100,Char of Ind w/Emot & Behav Dis,044942,"Gentry,Roberta",500,17299,School of Education and HumanDev,4.00,30,27,3,0,0,0,0,0,0,0,0
2022 Spring,LAW,7074,Professional Sports & Law,021805,"Levinstein,Mark",1,17967,School of Law,3.44,10,0,2,3,3,0,2,0,0,0,0
2022 Spring,MDST,3105,Latina/o Media Studies,039987,"Goin,Keara",001,12984,College & Graduate Arts & Sci,3.74,29,0,19,3,2,4,1,0,0,0,0
2022 Spring,HIUS,4501,Seminar United States History,019633,"Sackett,Emily",002,18854,College & Graduate Arts & Sci,3.53,12,0,5,2,3,0,1,1,0,0,0
2022 Spring,LAW,8629,Innocence Project Clinic (YR),040057,"Givens,Jennifer",1,17456,School of Law,3.52,14,0,1,6,7,0,0,0,0,0,0
2022 Spring,CHEM,1421,Intro College Chemistry II Lab,005994,"Morkowchuk,Lisa",031,12296,College & Graduate Arts & Sci,3.79,24,9,5,9,0,0,0,0,0,1,0
2022 Spring,LAW,7193,Law of Police II,046021,"Harmon,Rachel",1,17707,School of Law,3.45,16,0,1,5,9,1,0,0,0,0,0
2022 Spring,NUCO,2220,Cells to Society for Nursing,043100,"Drake,Emily",002,17228,School of Nursing,3.90,35,0,29,5,0,0,0,0,1,0,0
2022 Spring,DS,6013,DS Capstone Work II,043919,"Tassone,Eric Christopher",009,18853,School of Data Science,4.00,11,4,7,0,0,0,0,0,0,0,0
2022 Spring,PSYC,3990,RM: Grp Process & Facilitatn I,045941,"Nagel,Alison",001,18989,College & Graduate Arts & Sci,3.91,35,5,23,5,1,1,0,0,0,0,0
2022 Spring,NUCO,4710,Team-Based Care Synthesis,043230,"Metzger,Maureen",001,17178,School of Nursing,3.87,92,0,53,39,0,0,0,0,0,0,0
2022 Spring,LAW,9175,Theor/Prac of Biodiv Consrvatn,041893,"Szeptycki,Leon",1,17564,School of Law,3.53,6,0,2,0,4,0,0,0,0,0,0
2022 Spring,KINE,3400,Nutrition,009128,"Kranz,Sibylle",2,21012,School of Education and HumanDev,3.95,30,14,13,2,0,1,0,0,0,0,0
2022 Spring,LAW,9081,Trial Advocacy,022023,"Antony,Nina-alice",3,17989,School of Law,3.45,11,0,2,3,3,3,0,0,0,0,0
2022 Spring,ARH,4591,Undergrad Seminar Hist of Arch,001917,"McLendon,Matthew",001,14470,School of Architecture,3.82,10,0,4,6,0,0,0,0,0,0,0
2022 Spring,PSYC,4155,Autism: From Neurons to Neighb,044109,"Jaswal,Vikram",001,18994,College & Graduate Arts & Sci,3.55,25,1,13,2,2,3,2,1,1,0,0
2022 Spring,MICR,8040,Fundamentals in Cancer Bio,024115,"Dudley,Andrew",001,17995,Medical School - BIMS/PHS,3.63,22,1,7,7,3,4,0,0,0,0,0
2022 Spring,MDST,7559,New Course: MDST,040355,"Press,Andrea",002,19136,College & Graduate Arts & Sci,3.94,10,2,6,2,0,0,0,0,0,0,0
2022 Spring,LAW,9081,Trial Advocacy,022023,"Johnson,Bethany",1,17466,School of Law,3.45,6,1,1,1,0,2,1,0,0,0,0
2022 Spring,CS,4774,Machine Learning,045513,"Qi,Yanjun",001,20129,Engineering & Applied Science,3.69,119,14,67,24,0,5,0,1,3,2,3
2022 Spring,ENGL,2559,New Course: ENGL,039143,"Freedman,Deborah Lawrence is do-teaching this class with Steve Cushman and Paul",001,20390,College & Graduate Arts & Sci,3.74,20,0,12,3,2,3,0,0,0,0,0
2022 Spring,PLPT,4070,Liberalism and Its Critics,031934,"Klosko,George",001,13557,College & Graduate Arts & Sci,3.43,16,0,3,5,3,3,2,0,0,0,0
2022 Spring,JPTR,3020,Survey of Modern Jpn Lit.,020824,"Yasuda,Anri",001,11273,College & Graduate Arts & Sci,3.58,18,0,11,3,1,2,0,0,0,0,1
2022 Spring,LAW,9355,Law and Technology Colloquium,046379,"Citron,Danielle",1ZT,17735,School of Law,3.63,14,0,4,6,2,2,0,0,0,0,0
2022 Spring,LAW,9357,"Identity, Law, & Politics Sem",046377,"Gulati,Gaurang",1ZT,17737,School of Law,3.42,12,0,0,5,5,2,0,0,0,0,0
2022 Spring,SOC,3559,New Course: SOC,039374,"Mullins,Ian",001,17961,College & Graduate Arts & Sci,3.85,31,5,19,3,1,3,0,0,0,0,0
2022 Spring,ECON,3020,Intermediate Macroeconomics,007909,"Mcgee,Christopher",090,13481,College & Graduate Arts & Sci,3.39,62,1,22,14,9,3,8,2,0,1,2
2022 Spring,SOC,2442,Systems of Inequality,040429,"Hoosier,Kimberly",100,14184,College & Graduate Arts & Sci,3.61,55,0,26,12,10,3,2,0,1,0,1
2022 Spring,LAW,8617,Interntl Human Rights Clinic,021985,"Sanchez-Leon,Nelson",1,17717,School of Law,3.46,5,0,0,2,3,0,0,0,0,0,0
2022 Spring,CS,4640,PL for Web Applications,044244,"Hott,Robbie",001,20802,Engineering & Applied Science,3.60,142,32,60,14,8,13,3,1,6,0,5
2022 Spring,PHS,4991,GPH Capstone,044464,"Hornsby,Paige",003,19697,College & Graduate Arts & Sci,3.92,18,0,13,5,0,0,0,0,0,0,0
2022 Spring,PHIL,2652,Animal Minds and Animal Ethics,045426,"Ott,Walter",100,13748,College & Graduate Arts & Sci,2.97,56,0,5,8,19,5,7,4,3,2,3
2022 Spring,DS,5110,Big Data Systems,046303,"Tashman,Adam",001,19243,School of Data Science,3.89,50,4,36,6,2,1,1,0,0,0,0
2022 Spring,BME,4315,Systems Bioengineering,046422,"Allen,Timothy",001,20909,Engineering & Applied Science,3.83,12,0,10,0,0,2,0,0,0,0,0
2022 Spring,PHYS,1660,Practical Computing,043759,"Wright,Bryan",001,19838,College & Graduate Arts & Sci,3.77,13,0,8,2,2,1,0,0,0,0,0
2022 Spring,GNUR,6020,Advanced Pharmacology,016900,"Haizlip,Julie",001,17069,School of Nursing,3.81,69,3,41,15,6,3,1,0,0,0,0
2022 Spring,SPAN,4401,Spanish Lit of the Golden Age,035945,"Gerli,E.",001,17812,College & Graduate Arts & Sci,3.91,20,0,14,6,0,0,0,0,0,0,0
2022 Spring,APMA,3100,Probability,001152,"Ma,Hui",004,15899,Engineering & Applied Science,2.93,44,2,8,7,7,3,5,4,2,1,5
2022 Spring,ENGL,5559,New Course: ENGL,045439,"Olla,Nasrin",003,19287,College & Graduate Arts & Sci,3.84,10,0,8,1,0,0,1,0,0,0,0
2022 Spring,EDIS,5000,The Exceptional Learner,009423,"Cook,Bryan",500,17303,School of Education and HumanDev,3.57,23,2,12,2,3,2,1,0,0,0,1
2022 Spring,GNUR,5260,Care Environment Management I,016898,"Ridge,Richard",001,17094,School of Nursing,3.95,51,0,44,6,1,0,0,0,0,0,0
2022 Spring,GNUR,6025,Advanced Health Assessment,016901,"Eastham,Linda",001,17070,School of Nursing,3.89,17,3,9,4,1,0,0,0,0,0,0
2022 Spring,PLIR,3500,Special Topics,031819,"Alley,Joshua",002,17915,College & Graduate Arts & Sci,3.53,30,0,13,9,2,3,1,1,0,0,1
2022 Spring,LAW,7135,Law and Economics,043248,"Fischman,Joshua",1,17701,School of Law,3.47,13,0,2,5,2,4,0,0,0,0,0
2022 Spring,LAW,7148,Empl Law: Wage/Hr Reg. (Lec.),044222,"Verkerke,J",1,17703,School of Law,3.49,26,0,2,11,10,3,0,0,0,0,0
2022 Spring,ARTH,2281,The Age of Caravaggio,002468,"Goedde,Lawrence",001,18444,College & Graduate Arts & Sci,3.57,47,0,18,14,8,1,5,0,0,0,1
2022 Spring,BIOL,4320,Signal Transduction,041212,"Deppmann,Christopher",001,20816,College & Graduate Arts & Sci,3.83,23,3,15,2,1,0,2,0,0,0,0
2022 Spring,CHEM,1421,Intro College Chemistry II Lab,005994,"Morkowchuk,Lisa",022,10747,College & Graduate Arts & Sci,3.90,21,8,7,5,1,0,0,0,0,0,0
2022 Spring,CE,2110,Environmental Engineering Lab,040525,"Culver,Teresa",001,15531,Engineering & Applied Science,3.66,17,2,9,2,1,1,0,2,0,0,0
2022 Spring,ENTP,1010,Intro to Entrepreneurship,043881,"Martin,Eric",004,20188,McIntire School of Commerce,3.73,53,0,23,21,6,2,0,0,1,0,0
2022 Spring,EGMT,1520,Empirical Engagement,044513,"Teets,Sarah",111,20404,College & Graduate Arts & Sci,3.98,35,0,33,2,0,0,0,0,0,0,0
2022 Spring,SYS,6018,Data Mining,036956,"Porter,Michael",001,20820,Engineering & Applied Science,3.94,21,0,18,2,1,0,0,0,0,0,0
2022 Spring,COMM,1800,Foundations of Commerce,006438,"Hoopes,Charlotte",003,14725,McIntire School of Commerce,3.37,153,8,33,47,27,19,5,5,1,1,7
2022 Spring,CHEM,1421,Intro College Chemistry II Lab,005994,"Morkowchuk,Lisa",014,10739,College & Graduate Arts & Sci,3.84,23,12,7,1,1,0,2,0,0,0,0
2022 Spring,DS,3001,Practice of Data Science,045203,"Wright,Brian",001,19950,School of Data Science,3.78,46,5,30,2,5,0,3,0,1,0,0
2022 Spring,NUCO,4450,Population & Public Health Nsg,042287,"Whitlow,Malinda",001,17102,School of Nursing,3.99,24,11,12,1,0,0,0,0,0,0,0
2022 Spring,LAW,9356,Free Speech & the Digital Age,046380,"Citron,Danielle",1,17736,School of Law,3.59,14,1,6,3,3,0,0,0,0,0,1
2022 Spring,EGMT,1510,Engaging Aesthetics,044512,"Flood,Liza",207,19873,College & Graduate Arts & Sci,3.76,36,0,32,2,0,0,0,0,0,0,2
2022 Spring,EDIS,7700,Foundations Reading Instruct,009522,"Gray,Julie",500,17332,School of Education and HumanDev,3.68,21,0,14,5,0,0,1,0,0,0,1
2022 Spring,MESA,3345,"Islam, Science, Environment",046091,"Nair,Shankar",001,20411,College & Graduate Arts & Sci,3.67,26,0,4,18,3,1,0,0,0,0,0
2022 Spring,CHEM,2321,Org Lab II Non-Chem Maj/Min,043155,"Chruma,Jason",018,17856,College & Graduate Arts & Sci,3.97,20,2,16,2,0,0,0,0,0,0,0
2022 Spring,CHEM,2321,Org Lab II Non-Chem Maj/Min,043155,"Chruma,Jason",006,12300,College & Graduate Arts & Sci,3.98,25,2,21,2,0,0,0,0,0,0,0
2022 Spring,PHYS,2419,Intro Physics 2 Workshop,031079,"Josyula,Srinivasa",005,11417,College & Graduate Arts & Sci,2.97,23,0,2,1,5,6,5,3,0,1,0
2022 Spring,CHEM,1821,Organic Chem Lab Accelerated,006008,"Serbulea,Laura",100,12412,College & Graduate Arts & Sci,3.46,83,0,35,19,9,8,3,2,1,2,4
2022 Spring,RELH,3426,The History of Yoga,046533,"Allen,Michael",001,20381,College & Graduate Arts & Sci,3.75,13,0,8,2,2,0,1,0,0,0,0
2022 Spring,ENGL,4559,New Course: ENGL,039145,"Parker,John",001,20245,College & Graduate Arts & Sci,3.64,17,0,3,10,3,1,0,0,0,0,0
2022 Spring,GSGS,4150,"State, Society, & Development",046536,"Kruks-Wisner,Gabrielle",001,20151,College & Graduate Arts & Sci,3.67,17,0,10,3,1,1,1,1,0,0,0
2022 Spring,NUIP,3230,Spanish Health Care Providers,044509,"Estrada,Michelet McLean",1,17197,School of Nursing,3.96,19,2,16,0,1,0,0,0,0,0,0
2022 Spring,EDHS,2860,Child Protection Emergencies,044580,"Adams-Bass,Valerie",1,20395,School of Education and HumanDev,3.61,24,0,10,9,1,2,0,0,2,0,0
2022 Spring,CJ,4400,Break Barriers-Build Community,045729,"Rebuck,Matthew Wayne",A2,21944,Continuing & Prof Studies,4.00,19,16,3,0,0,0,0,0,0,0,0
2022 Spring,DS,6013,DS Capstone Work II,043919,"Schaer,Oliver",006,18845,School of Data Science,3.85,8,4,0,4,0,0,0,0,0,0,0
2022 Spring,EDIS,5270,Teaching Read & Write to ELLs,043202,"Simkin,Carrie",500,17317,School of Education and HumanDev,3.89,23,3,14,5,0,1,0,0,0,0,0
2022 Spring,LAW,8007,Derivatives Mkts and Regulats,021888,"Mahoney,Paul",1,17743,School of Law,3.59,19,0,5,5,9,0,0,0,0,0,0
2022 Spring,GERM,3110,Literature in German II,015716,"Gutterman,Julia",001,19777,College & Graduate Arts & Sci,3.86,17,2,11,2,1,1,0,0,0,0,0
2022 Spring,ACCT,3010,Intro Acct I,045930,"Lee,Nammy",702,19934,Continuing & Prof Studies,2.97,16,0,6,3,0,2,2,0,0,0,3
2022 Spring,AAS,2740,Peoples and Cultures of Africa,044901,"Shutt,Lisa",001,20084,College & Graduate Arts & Sci,3.19,16,0,5,4,1,1,1,2,1,0,1
2022 Spring,WGS,7559,New Course: WGS,044336,"Chin,Matthew",001,20952,College & Graduate Arts & Sci,3.91,7,2,3,2,0,0,0,0,0,0,0
2022 Spring,FREN,1050,Accelerated Elementary French,014277,"Simotas,Spyridon",001,10175,College & Graduate Arts & Sci,3.51,14,0,1,7,4,2,0,0,0,0,0
2022 Spring,EDIS,3012,Mindfulness & Development,044838,"Nicholas-Stokes,Pamela",2,21131,School of Education and HumanDev,3.98,30,13,16,0,1,0,0,0,0,0,0
2022 Spring,EDIS,5025,"Curric, Instruct & Assessment",044060,"Allen,Amanda",502,18702,School of Education and HumanDev,3.69,20,4,13,1,0,0,0,0,1,0,1
2022 Spring,LAW,7607,Law Reform and Impact Lit (SC),040016,"Le,Chinh",1,20376,School of Law,3.55,6,0,1,2,3,0,0,0,0,0,0
2022 Spring,ENCW,4810,Advanced Fiction Writing I,013491,"Marcom,Micheline",001,11674,College & Graduate Arts & Sci,3.95,12,0,10,2,0,0,0,0,0,0,0
2022 Spring,GCOM,7661,Consum Behavr Across the Globe,044265,"Burroughs,James",001,14727,McIntire School of Commerce,3.76,49,0,33,7,5,0,1,3,0,0,0
2022 Spring,EDIS,5135,Behavioral Intervention,045207,"Yuan,Lynn M",501,17310,School of Education and HumanDev,3.11,24,0,0,3,11,3,6,0,1,0,0
2022 Spring,CS,4501,Spec Top: Computer Science,006942,"Bloomfield,Aaron",010,20479,Engineering & Applied Science,3.04,80,3,24,8,9,13,6,5,2,1,9
2022 Spring,ENWR,1510,Writing and Critical Inquiry,013432,"Kravetz,Rachel",027,10614,College & Graduate Arts & Sci,3.88,18,0,11,7,0,0,0,0,0,0,0
2022 Spring,APMA,1110,Single Variable Calculus II,001140,"Li,Meiqin",004,19293,Engineering & Applied Science,2.97,43,4,6,4,9,4,4,3,5,2,2
2022 Spring,PHYS,1429,Intro Physics 1 Workshop,031036,"Ashbahian,Danielle",006,10347,College & Graduate Arts & Sci,3.31,25,0,5,6,6,5,0,0,2,1,0
2022 Spring,NUCO,4310,Mental Health Nursing,043228,"Hart,Ginny",001,17148,School of Nursing,3.99,44,0,42,2,0,0,0,0,0,0,0
2022 Spring,EDIS,5134,Behav Observations & Analysis,045206,"Ingvarsson,Einar",500,17308,School of Education and HumanDev,3.64,14,3,3,2,5,1,0,0,0,0,0
2022 Spring,EDLF,8662,Politics and Education,009800,"Pusser,Brian",1,19805,School of Education and HumanDev,3.84,11,0,5,6,0,0,0,0,0,0,0
2022 Spring,ARCH,6264,Lec Series Reading Group II,046613,"Shieh,Evan",001,21247,School of Architecture,3.77,10,0,6,2,1,1,0,0,0,0,0
2022 Spring,ENGL,2599,Special Topics,012514,"Casteen,John",006,19272,College & Graduate Arts & Sci,3.60,18,0,6,7,3,1,0,0,1,0,0
2022 Spring,SOC,2680,Introduction to Demography,046154,"Sullivan,Teresa",001,18748,College & Graduate Arts & Sci,3.82,25,0,13,10,2,0,0,0,0,0,0
2022 Spring,CJ,5740,Emerging Tech Influence on PS,046525,"Lehman,Matthew D",A1,21942,Continuing & Prof Studies,3.95,20,7,11,1,1,0,0,0,0,0,0
2022 Spring,NUCO,3310,Pediatric Nursing,043225,"Boitnott,Amy",100,17135,School of Nursing,3.72,46,2,20,18,1,3,0,0,2,0,0
2022 Spring,APMA,1110,Single Variable Calculus II,001140,"Abramenko,Monika",003,19291,Engineering & Applied Science,2.65,44,0,3,5,4,7,8,4,4,6,3
2022 Spring,ENGL,2506,Studies in Poetry,012488,"Jost,Walter",002,21111,College & Graduate Arts & Sci,3.52,13,0,4,5,2,1,0,0,0,1,0
2022 Spring,EDIS,5060,Math Instruction Special Ed,009429,"Gelman,Jennifer",1,19706,School of Education and HumanDev,3.67,17,4,9,2,0,1,0,0,0,0,1
2022 Spring,MATH,1190,A Survey of Calc I w Algebra,023387,"Demers,Matthew",200,19308,College & Graduate Arts & Sci,2.79,18,0,1,2,2,2,3,7,1,0,0
2022 Spring,SOC,4530,Topics in Sociology of Health,045393,"Skubby,David",002,17970,College & Graduate Arts & Sci,3.59,16,1,4,6,1,4,0,0,0,0,0
2022 Spring,COMM,4559,New Course: COMM,040853,"Gallmeyer,Michael",006,20258,McIntire School of Commerce,3.49,36,1,10,4,15,4,2,0,0,0,0
2022 Spring,CHEM,2321,Org Lab II Non-Chem Maj/Min,043155,"Chruma,Jason",019,17857,College & Graduate Arts & Sci,3.76,36,3,19,8,4,1,0,0,0,1,0
2022 Spring,MDST,3490,Comedy & Humor Across Media,046537,"Rao,Pallavi",001,20139,College & Graduate Arts & Sci,3.73,29,3,18,4,1,0,1,1,0,0,1
2022 Spring,PSHM,4700,Econ Finance Health Care,044365,"Erath,Mark",101,20029,Continuing & Prof Studies,3.87,12,6,2,3,1,0,0,0,0,0,0
2022 Spring,LAW,7622,Intro to Trade Secrets Law(SC),040029,"Duffy,John",1,17602,School of Law,3.51,16,0,4,2,9,1,0,0,0,0,0
2022 Spring,ECON,3720,Introduction to Econometrics,007939,"Ruediger,Stefan",300,18893,College & Graduate Arts & Sci,3.82,80,6,45,18,7,3,1,0,0,0,0
2022 Spring,ISBU,3410,Commercial Law,020280,"Pao,Roger",101,19966,Continuing & Prof Studies,3.61,30,1,9,13,2,3,1,0,1,0,0
2022 Spring,ENWR,1510,Writing and Critical Inquiry,013432,"Burke,Jordan",051,12256,College & Graduate Arts & Sci,3.87,18,0,10,8,0,0,0,0,0,0,0
2022 Spring,NUCO,4440,Trends/Issues Clin Nrsg Pract,042286,"Ridge,Richard",001,17230,School of Nursing,3.94,32,7,20,4,1,0,0,0,0,0,0
2022 Spring,EDIS,2010,Teaching as a Profession,009383,"Chabalengula,Vivien",006,14949,School of Education and HumanDev,3.85,31,0,28,0,0,1,0,1,1,0,0
2022 Spring,LPPP,4991,Capstone Seminar,042163,"Bassett,Lucy",003,17041,Batten Leadership & Public Pol,3.65,17,0,1,13,3,0,0,0,0,0,0
2022 Spring,ACCT,5450,Federal Taxation I,045935,"Hutchinson,Harvey",701,21208,Continuing & Prof Studies,3.95,14,11,2,0,1,0,0,0,0,0,0
2022 Spring,EVEC,7140,Global Coastal Change,042988,"Mcglathery,Karen",001,19137,College & Graduate Arts & Sci,3.71,7,0,4,1,1,1,0,0,0,0,0
2022 Spring,LAW,7712,Enrgy/Envir Commdts Regln (SC),042770,"Eastwood,Athena",1ZT,17816,School of Law,3.48,9,0,2,2,4,0,1,0,0,0,0
2022 Spring,COMM,3551,Study Abroad:Business Elective,046103,"Rozan,Ellen Katherine",502,20430,McIntire School of Commerce,3.84,10,0,7,2,0,1,0,0,0,0,0
2022 Spring,ENGL,2599,Special Topics,012514,"Spaar,Lisa",003,19221,College & Graduate Arts & Sci,3.95,20,1,17,1,1,0,0,0,0,0,0
2022 Spring,PLAN,2020,Planning Design,031270,"Guerra,Vanessa",001,14407,School of Architecture,3.66,18,0,4,13,0,0,0,0,0,1,0
2022 Spring,HIEU,3471,English Legal History to 1776,018484,"Halliday,Paul",001,18733,College & Graduate Arts & Sci,3.58,21,0,3,10,7,1,0,0,0,0,0
2022 Spring,HIUS,3162,Digitizing America,039722,"Balogh,Brian",100,18801,College & Graduate Arts & Sci,3.58,86,0,22,45,8,5,3,0,1,1,1
2022 Spring,PHYS,8710,Nuclear Physics I,030963,"Liuti,Simonetta",001,21075,College & Graduate Arts & Sci,3.97,10,2,7,1,0,0,0,0,0,0,0
2022 Spring,LAW,8016,Securities Regulation,021747,"Mahoney,Paul",1,17513,School of Law,3.52,80,1,20,20,23,14,2,0,0,0,0
2022 Spring,PHIL,1410,Forms of Reasoning,030021,"Darcy,James",003,18717,College & Graduate Arts & Sci,3.69,30,0,14,7,6,3,0,0,0,0,0
2022 Spring,ECE,2630,ECE Fundamentals I,007672,"Williams,Keith",001,21058,Engineering & Applied Science,4.00,16,8,8,0,0,0,0,0,0,0,0
2022 Spring,HIST,3559,New Course: HIST,039302,"Leonard,Spencer",001,19274,College & Graduate Arts & Sci,3.71,27,1,6,16,3,1,0,0,0,0,0
2022 Spring,AMST,2559,New Course: AMST,038535,"Frierdich,Matthew",003,18701,College & Graduate Arts & Sci,3.69,20,0,11,3,3,2,1,0,0,0,0
2022 Spring,HISA,1501,Introductory Sem: South Asia,018916,"Nair,Neeti",001,18745,College & Graduate Arts & Sci,3.73,12,0,5,4,3,0,0,0,0,0,0
2022 Spring,HIST,2152,Climate History,046171,"Gratien,Christopher",001,18749,College & Graduate Arts & Sci,3.98,40,0,38,1,1,0,0,0,0,0,0
2022 Spring,ECE,6502,Spec Top:Elect & Computer Engr,007732,"Sidiropoulos,Nikolaos",004,20975,Engineering & Applied Science,3.64,11,4,3,0,0,4,0,0,0,0,0
2022 Spring,EVSC,2200,"Plants, People and Culture",040230,"Smith,Thomas",001,19819,College & Graduate Arts & Sci,3.71,161,9,78,43,16,6,2,4,2,0,1
2022 Spring,LAW,8010,Patent Law,021689,"Duffy,John",1,17523,School of Law,3.52,13,0,3,4,4,1,1,0,0,0,0
2022 Spring,MAE,4720,Advanced Mechatronics,046306,"Garner,Gavin",001,21255,Engineering & Applied Science,4.00,14,3,11,0,0,0,0,0,0,0,0
2022 Spring,RELJ,2040,American Judaism,034465,"Biemann,Asher",001,20843,College & Graduate Arts & Sci,3.53,19,1,10,2,2,3,0,0,0,0,1
2022 Spring,PHS,7310,Clinical Trials Methodology,030380,"Horton,Bethany",001,20907,Medical School - BIMS/PHS,3.65,12,0,3,6,2,1,0,0,0,0,0
2022 Spring,MATH,1220,A Survey of Calculus II,022945,"Tuominen,Miika",950,19312,College & Graduate Arts & Sci,2.74,30,0,6,4,0,7,4,2,2,0,5
2022 Spring,CS,2120,Discrete Math and Theory 1,046227,"Orrico,Elizabeth",001,20723,Engineering & Applied Science,3.39,139,11,43,30,19,16,7,3,2,1,7
2022 Spring,CJ,3120,Drugs/Society Enf Strategies,006164,"Highsmith,James",A1,21887,Continuing & Prof Studies,3.79,31,0,14,14,2,1,0,0,0,0,0
2022 Spring,LAW,7045,"Race, Educ, and Opportunity",040058,"Robinson,Kimberly",1,17517,School of Law,3.49,8,0,1,2,5,0,0,0,0,0,0
2022 Spring,HIEU,2102,Modern Jewish History,018397,"Loeffler,James",001,19789,College & Graduate Arts & Sci,3.50,44,0,6,19,12,4,3,0,0,0,0
2022 Spring,CJ,3890,Law Enforcement Essentials,044133,"Draper,Sarah",B2,22154,Continuing & Prof Studies,3.97,29,15,12,1,1,0,0,0,0,0,0
2022 Spring,MDST,2870,Writing Film Criticism,046529,"Cribben,Patrick",001,20114,College & Graduate Arts & Sci,3.54,15,1,6,3,2,0,2,0,1,0,0
2022 Spring,HHE,5701,Bioethics Intern - Clin Ethics,045665,"Marshall,Mary Faith",001,19932,Medical School - BIMS/PHS,4.00,11,5,6,0,0,0,0,0,0,0,0
2022 Spring,PSPM,5030,Intro to Project Mgmt,029786,"Kropp,Edward",701,20047,Continuing & Prof Studies,3.51,15,1,8,2,2,0,1,0,0,0,1
2022 Spring,EDHS,4040,Anat & Phys of Speech & Hear,044389,"Dubay,Michaela",1,15107,School of Education and HumanDev,3.67,42,0,28,5,2,4,0,1,0,1,1
2022 Spring,KOR,1020,Elementary Korean II,020865,"CHOI,YOON HWA",002,12017,College & Graduate Arts & Sci,3.64,18,3,4,7,1,1,2,0,0,0,0
2022 Spring,ENWR,1510,Writing and Critical Inquiry,013432,"Thompson,Anne Marie",028,10615,College & Graduate Arts & Sci,3.72,18,0,8,9,0,0,0,0,0,1,0
2022 Spring,EGMT,1520,Empirical Engagement,044513,"Bloomfield,Louis",205,13735,College & Graduate Arts & Sci,3.81,36,0,33,0,0,1,0,0,0,0,2
2022 Spring,AMST,3559,New Course: AMST,038536,"Adkins,Maurice",001,19012,College & Graduate Arts & Sci,3.69,17,2,11,2,1,0,0,0,0,0,1
2022 Spring,EDIS,6990,Professional Capstone,046123,"Cook,Bryan",3,19745,School of Education and HumanDev,3.83,6,0,4,1,1,0,0,0,0,0,0
2022 Spring,SANS,6024,Selections from the Upanisads,034829,"Hueckstedt,Robert",001,21387,College & Graduate Arts & Sci,3.68,5,0,1,3,1,0,0,0,0,0,0
2022 Spring,GNUR,6252,PMH Theories and Therapies,017011,"Roebuck,Julie",001,17205,School of Nursing,4.00,17,5,12,0,0,0,0,0,0,0,0
2022 Spring,ECE,6501,Topics: Elect & Computer Engr,007731,"Calhoun,Benton",004,20960,Engineering & Applied Science,3.93,9,2,5,2,0,0,0,0,0,0,0
2022 Spring,SPAN,4320,Contemp Latin-Amer Short Fict,035963,"Pellon,Gustavo",002,21003,College & Graduate Arts & Sci,3.76,20,2,8,7,2,0,1,0,0,0,0
2022 Spring,SPAN,1060,Accelerated Elementary Spanish,035820,"Sanchis,Robert",014,17791,College & Graduate Arts & Sci,3.75,17,1,9,3,2,2,0,0,0,0,0
2022 Spring,SPAN,2020,Advanced Intermediate Spanish,035854,"Garcia,Zaida Villanueva",028,17794,College & Graduate Arts & Sci,3.92,18,0,13,5,0,0,0,0,0,0,0
2022 Spring,ANTH,2270,"Race, Gender & Medical Science",000654,"Fraser,Gertrude",100,19369,College & Graduate Arts & Sci,3.61,110,39,25,17,14,5,2,3,0,1,4
2022 Spring,BIOL,4014,Cell Origin-Animal Diversity,046553,"Pani,Ariel",001,20729,College & Graduate Arts & Sci,3.87,17,4,8,4,0,1,0,0,0,0,0
2022 Spring,CJ,3290,Emotional Intelligence,043738,"Coleman,Marian Elizabeth",A1,21894,Continuing & Prof Studies,3.99,25,12,12,1,0,0,0,0,0,0,0
2022 Spring,SOC,2320,Gender & Society,035328,"Zeno,Elissa",100,17940,College & Graduate Arts & Sci,3.59,52,0,23,18,3,4,1,0,0,0,3
2022 Spring,LPPP,3230,"Pub Policy Challenges, 21st C",042167,"Volden,Craig",100,16951,Batten Leadership & Public Pol,3.50,155,5,11,79,37,13,7,1,2,0,0
2022 Spring,ENCW,3310,Intermediate Poetry Writing I,013473,"Nystrom,Debra",001,11670,College & Graduate Arts & Sci,3.74,11,0,6,3,1,0,1,0,0,0,0
2022 Spring,HIST,9035,Histories of Neoliberalism,046603,"Milov,Sarah",001,20949,College & Graduate Arts & Sci,3.93,8,5,1,2,0,0,0,0,0,0,0
2022 Spring,ENWR,1510,Writing and Critical Inquiry,013432,"Thomas,Rebecca",057,12469,College & Graduate Arts & Sci,3.67,18,0,13,1,1,1,0,1,0,1,0
2022 Spring,DS,5559,New Course: Data Science,043916,"Alvarado,Rafael",002,21065,School of Data Science,3.79,18,1,7,8,2,0,0,0,0,0,0
2022 Spring,CJ,3660,Concepts in LE Wellness,039969,"Bostic,Donald L",A2,21948,Continuing & Prof Studies,4.00,29,25,4,0,0,0,0,0,0,0,0
2022 Spring,CS,3710,Intro to Cybersecurity,045511,"Orebaugh,Angela",002,19186,Engineering & Applied Science,3.64,147,0,80,43,7,6,0,2,3,2,4
2022 Spring,COMM,5559,New Course in Commerce,045299,"McDermott,Katie",001,20026,McIntire School of Commerce,3.87,35,0,26,7,0,1,1,0,0,0,0
2022 Spring,CS,3330,Computer Architecture,006902,"Venkat,Ashish",100,15947,Engineering & Applied Science,2.76,50,3,8,9,3,7,4,3,1,3,9
2022 Spring,SPAN,2020,Advanced Intermediate Spanish,035854,"Cobb,Erica",004,10678,College & Graduate Arts & Sci,3.42,18,0,1,9,4,2,1,1,0,0,0
2022 Spring,ITAL,2020,Intermediate Italian II,020568,"Kaneda,Hiromi",001,11633,College & Graduate Arts & Sci,3.93,16,3,9,4,0,0,0,0,0,0,0
2022 Spring,COMM,1800,Foundations of Commerce,006438,"Hoopes,Charlotte",001,14610,McIntire School of Commerce,3.49,160,9,53,36,25,22,3,3,5,0,4
2022 Spring,ARCH,7100,Design Research Methods,045147,"Jull,Matthew",001,14479,School of Architecture,3.49,43,0,10,10,14,9,0,0,0,0,0
2022 Spring,ARTS,2000,Intro to Studio Art,045397,"Chan,Amy",005,13715,College & Graduate Arts & Sci,3.88,20,1,11,8,0,0,0,0,0,0,0
2022 Spring,ENWR,1510,Writing and Critical Inquiry,013432,"Shaman,Cory",033,11357,College & Graduate Arts & Sci,3.80,17,0,7,9,1,0,0,0,0,0,0
2022 Spring,APMA,3080,Linear Algebra,001151,"Morris,Diana",005,19301,Engineering & Applied Science,3.13,45,0,12,3,5,12,5,1,5,2,0
2022 Spring,KINE,5250,Kine Child Severe Disabilities,009237,"Fines,Abby",1,14968,School of Education and HumanDev,3.92,12,6,4,1,1,0,0,0,0,0,0
2022 Spring,MSE,3070,Kinetics of Materials,045589,"Zhou,Bicheng",001,19659,Engineering & Applied Science,3.81,14,5,4,3,1,1,0,0,0,0,0
2022 Spring,GETR,3464,Stories of Love and Adventure,045859,"McDonald,William",001,19775,College & Graduate Arts & Sci,3.62,18,0,5,7,4,2,0,0,0,0,0
2022 Spring,EDHS,4210,Speech Sound Devel & Disorders,046565,"Hilton,Jane",1,20218,School of Education and HumanDev,3.88,22,0,13,9,0,0,0,0,0,0,0
2022 Spring,STAT,7510,Advanced Inference,043815,"Brown,Taylor",001,18420,College & Graduate Arts & Sci,3.42,15,0,1,8,1,3,2,0,0,0,0
2022 Spring,EDIS,3012,Mindfulness & Development,044838,"Min,Helen",1,15144,School of Education and HumanDev,3.68,28,2,15,7,0,3,0,0,0,0,1
2022 Spring,NURS,3005,Perioperative Nursing,029583,"McElroy,Seth",001,17196,School of Nursing,3.97,10,5,4,1,0,0,0,0,0,0,0
2022 Spring,LAW,8664,Civil Rights Clinic (YR),045633,"Greenspan,Geri",1,17521,School of Law,3.49,8,0,1,2,5,0,0,0,0,0,0
2022 Spring,SYS,6582,Selected Topics in Sys Engr,036979,"Alemazkoor,Negin",003,21028,Engineering & Applied Science,3.87,9,0,5,4,0,0,0,0,0,0,0
2022 Spring,EDIS,5422,Cross-Cultural Education,043455,"Cranford,Sara",500,17320,School of Education and HumanDev,3.99,23,12,10,1,0,0,0,0,0,0,0
2022 Spring,RELB,2559,New Course: RELB,039197,"Kachru,Sonam",100,19036,College & Graduate Arts & Sci,3.76,58,10,22,17,4,3,1,0,1,0,0
2022 Spring,ENWR,1510,Writing and Critical Inquiry,013432,"Ireland,Casey",070,19053,College & Graduate Arts & Sci,3.79,18,0,7,10,1,0,0,0,0,0,0
2022 Spring,ISSS,4431,Cognitive Psychology,045543,"Bryce,Margaret",101,19983,Continuing & Prof Studies,3.08,29,2,6,6,1,7,1,3,0,0,3
2022 Spring,ARTH,3559,New Course: ARTH,040275,"Robbins,Christa",001,19984,College & Graduate Arts & Sci,3.35,11,0,1,8,1,0,0,0,0,0,1
2022 Spring,EDLF,7606,Schools and Society,009736,"Wahl,Rachel",500,18888,School of Education and HumanDev,3.43,22,0,5,8,1,3,5,0,0,0,0
2022 Spring,RELB,3655,Buddhism in America,041850,"Braun,Erik",001,18946,College & Graduate Arts & Sci,3.67,28,0,8,15,3,0,2,0,0,0,0
2022 Spring,EGMT,1520,Empirical Engagement,044513,"Handel,John",208,19880,College & Graduate Arts & Sci,3.86,34,0,31,2,0,0,0,0,0,0,1
2022 Spring,EDIS,5424,Second Language Acquisition,043457,"El-Bilawi,Nora",500,18681,School of Education and HumanDev,3.97,23,11,10,2,0,0,0,0,0,0,0
2022 Spring,CS,6161,Desgn & Analysis of Algorithms,006988,"Mahmoody,Mohammad",001,19196,Engineering & Applied Science,3.89,62,1,49,8,1,2,0,0,1,0,0
2022 Spring,GBAC,7214,Customer Analytics III,045284,"Wright,Ryan",001,21189,McIntire Darden Grad Business,3.72,51,9,14,18,5,4,1,0,0,0,0
2022 Spring,STS,1500,Sci Tech & Contemp Issues,036732,"Laugelli,Benjamin",003,20941,Engineering & Applied Science,3.90,138,56,60,15,4,1,0,1,0,0,1
2022 Spring,PLCP,3500,Topics in Comp Politics,041289,"Alexander,Gerard",002,17899,College & Graduate Arts & Sci,3.27,58,0,4,14,19,13,5,2,1,0,0
2022 Spring,SPAN,4707,Introduction to Spanish Art,039958,"Wellbeloved,Elizabeth A.",501,18537,College & Graduate Arts & Sci,3.79,22,0,14,3,4,1,0,0,0,0,0
2022 Spring,NUIP,2430,Pharmacology I,043235,"Kastello,Jennifer",001,17117,School of Nursing,3.67,91,0,36,31,16,5,2,1,0,0,0
2022 Spring,CJ,4400,Break Barriers-Build Community,045729,"Jones,Stephen D",B2,22165,Continuing & Prof Studies,3.99,26,1,24,1,0,0,0,0,0,0,0
2022 Spring,STAT,3110,Foundations of Statistics,044444,"Li,Yifan",003,18365,College & Graduate Arts & Sci,3.78,40,1,31,3,1,2,0,0,1,0,1
2022 Spring,CS,2100,Data Structures and Algo 1,046225,"Floryan,Mark",001,19173,Engineering & Applied Science,3.70,392,146,142,35,20,15,8,6,3,8,9
2022 Spring,MATH,1220,A Survey of Calculus II,022945,"Kurtz,Brianna",200,19311,College & Graduate Arts & Sci,3.07,35,0,6,4,6,7,7,0,2,3,0
2022 Spring,DS,6013,DS Capstone Work II,043919,"Dreisbach,Caitlin Nicole",011,19253,School of Data Science,4.00,11,4,7,0,0,0,0,0,0,0,0
2022 Spring,EDIS,6220,Assessment of Curriculum: K-12,045848,"Hock,Michelle",501,20808,School of Education and HumanDev,3.41,18,2,5,4,3,2,1,0,0,0,1
2022 Spring,MDST,3510,Topics in Media Research,045771,"Morimoto,Lori",001,17763,College & Graduate Arts & Sci,3.83,30,3,15,11,0,0,0,1,0,0,0
2022 Spring,CJ,5200,Psychology of Leadership,042279,"Coleman,Marian Elizabeth",B2,22168,Continuing & Prof Studies,4.00,27,12,15,0,0,0,0,0,0,0,0
2022 Spring,ECON,3020,Intermediate Macroeconomics,007909,"Mcgee,Christopher",091,13485,College & Graduate Arts & Sci,3.29,83,1,22,13,16,14,6,4,4,2,1
2022 Spring,CS,8501,Spec Topics Computer Science,040739,"Elbaum,Sebastian",004,19202,Engineering & Applied Science,3.78,6,3,2,0,0,0,1,0,0,0,0
2022 Spring,HILA,1501,Intro Sem in Latin Amer Hist,018763,"Sweeney,Lean",001,18743,College & Graduate Arts & Sci,3.52,13,0,11,0,0,0,0,0,0,1,1
2022 Spring,COMM,3330,Mkt Research & Analytic Tech,006475,"Landgraf,Polina",004,21103,McIntire School of Commerce,3.69,18,2,6,6,1,3,0,0,0,0,0
2022 Spring,CJ,5720,Seminar in Managing LE Image,043266,"Pennybacker,Gail Lyn",B3,22142,Continuing & Prof Studies,4.00,24,17,7,0,0,0,0,0,0,0,0
2022 Spring,MUSI,3510,Music and Community Engagement,046539,"Dave,Nomi",001,20187,College & Graduate Arts & Sci,3.73,10,3,3,1,2,1,0,0,0,0,0
2022 Spring,ENGL,2508,Studies in Fiction,012491,"Swoboda,Jessica",003,19286,College & Graduate Arts & Sci,3.72,19,1,12,3,2,0,0,0,0,0,1
2022 Spring,ENWR,1510,Writing and Critical Inquiry,013432,"pardes,Gahl Pratt",025,10613,College & Graduate Arts & Sci,3.89,18,0,13,4,1,0,0,0,0,0,0
2022 Spring,LAW,6105,Federal Courts,021652,"Ahdout,Payvand",1ZT,17428,School of Law,3.74,34,3,11,13,4,3,0,0,0,0,0
2022 Spring,LPPS,4230,US Mental Health Policy,046185,"Lehmann,Brooke",001,20987,Batten Leadership & Public Pol,3.62,12,1,3,4,2,2,0,0,0,0,0
2022 Spring,NUCO,4210,Public Health Nursing,043229,"Mitchell,Emma",001,17147,School of Nursing,3.98,40,5,33,1,1,0,0,0,0,0,0
2022 Spring,LAW,7820,Higher Education & Law (SC),046019,"Hodge,Kelley",1,17821,School of Law,3.43,6,0,1,1,3,1,0,0,0,0,0
2022 Spring,EDLF,8651,History of Higher Education,009788,"Rodrguez,Alexa",1,18890,School of Education and HumanDev,3.67,6,0,2,2,2,0,0,0,0,0,0
2022 Spring,DS,4002,Data Science Project Course,046061,"Tassone,Eric",001,19290,School of Data Science,4.00,32,11,21,0,0,0,0,0,0,0,0
2022 Spring,EDLF,8383,Qualitative Inquiry,044850,"Hitt,Dallas",501,17362,School of Education and HumanDev,3.85,11,5,3,1,2,0,0,0,0,0,0
2022 Spring,APMA,2120,Multivariable Calculus,001144,"Hellings,Christian",005,16056,Engineering & Applied Science,3.13,43,2,6,6,9,10,4,1,3,1,1
2022 Spring,FREN,3032,"Text, Image, Culture",014358,"Boutaghou,Ferial",001,12459,College & Graduate Arts & Sci,3.86,14,1,8,4,1,0,0,0,0,0,0
2022 Spring,COMM,3200,Project & Product Management,006498,"Leopold,Jeffrey",003,14795,McIntire School of Commerce,3.76,42,0,21,16,3,1,0,0,1,0,0
2022 Spring,SPAN,4710,Latin Amer Cult & Civilization,035933,"Wellbeloved,Elizabeth A.",501,18540,College & Graduate Arts & Sci,3.63,14,1,6,5,1,0,0,0,0,0,1
2022 Spring,GERM,3559,New Course: GERM,039211,"Neuhaus,Christina",001,19776,College & Graduate Arts & Sci,3.79,17,2,12,1,0,0,1,0,1,0,0
2022 Spring,ENWR,1510,Writing and Critical Inquiry,013432,"Gottschlich,Michelle",008,10600,College & Graduate Arts & Sci,3.97,18,1,15,2,0,0,0,0,0,0,0
2022 Spring,MAE,2300,Statics,022574,"Reimers,Ann",001,19320,Engineering & Applied Science,3.39,26,0,11,6,3,2,0,1,1,1,1
2022 Spring,GBAC,7208,Customer Analytics II,045277,"Netemeyer,Richard",001,21183,McIntire Darden Grad Business,3.70,51,2,14,26,7,1,0,1,0,0,0
2022 Spring,ENGR,2595,Special Topics in Engineering,038375,"Laugelli,Benjamin",200,21007,Engineering & Applied Science,3.93,37,18,13,4,2,0,0,0,0,0,0
2022 Spring,CHEM,1421,Intro College Chemistry II Lab,005994,"Morkowchuk,Lisa",026,12291,College & Graduate Arts & Sci,3.86,24,14,2,7,0,0,1,0,0,0,0
2022 Spring,CJ,4730,Forensic Sci for Admin & Mgrs,006238,"McGinnis Jr.,Charles Edward",B2,22172,Continuing & Prof Studies,3.97,40,14,22,4,0,0,0,0,0,0,0
2022 Spring,USEM,1580,University Seminar,037198,"Sunya,Samhita",003,19740,Executive VP & Provost,3.95,13,0,11,2,0,0,0,0,0,0,0
2022 Spring,GETR,3464,Stories of Love and Adventure,045859,"McDonald,William",002,21151,College & Graduate Arts & Sci,3.75,21,0,6,13,2,0,0,0,0,0,0
2022 Spring,EDIS,3460,Intro to English Learners,045338,"Blain,Charlotte",500,17297,School of Education and HumanDev,4.00,18,10,8,0,0,0,0,0,0,0,0
2022 Spring,PHYS,2040,Princip of Physics 2 Workshop,030812,"Ghosh,Supriyo",002,10363,College & Graduate Arts & Sci,3.43,24,0,0,13,4,7,0,0,0,0,0
2022 Spring,ISBU,3700,Financial Planning Strategies,045865,"Hulburt,John",101,19967,Continuing & Prof Studies,3.92,20,12,5,2,0,1,0,0,0,0,0
2022 Spring,ARCH,6020,Foundation Studio II,001669,"McDowell,Seth",003,20202,School of Architecture,3.76,11,0,5,4,2,0,0,0,0,0,0
2022 Spring,NUIP,3311,"Quality, Safety, and EBP",045255,"Mattos,Meghan",1,17225,School of Nursing,3.99,45,2,42,1,0,0,0,0,0,0,0
2022 Spring,BUS,6000,App'd Wireless Ntwrk Security,041300,"Wojcik,Michael",701,19957,Continuing & Prof Studies,3.83,6,4,1,0,0,1,0,0,0,0,0
2022 Spring,STAT,6021,Linear Models for Data Science,043281,"Woo,Yong Ming Jeffrey",002,20243,College & Graduate Arts & Sci,3.74,31,1,17,6,6,0,0,0,1,0,0
2022 Spring,RELB,2715,Intro to Chinese Religion,046600,"Heller,Natasha",001,20923,College & Graduate Arts & Sci,3.61,17,1,9,2,1,1,2,1,0,0,0
2022 Spring,EDHS,8100,Disorders of Language II,009257,"Hoffman,LaVae",001,14810,School of Education and HumanDev,3.77,28,0,15,8,4,0,1,0,0,0,0
2022 Spring,ECON,4110,Competitive Strategy,045763,"Moore,Michael",002,18592,College & Graduate Arts & Sci,3.63,39,1,16,11,9,1,0,0,0,0,1
2022 Spring,SPAN,4705,Spanish Mass Media,039961,"Wellbeloved,Elizabeth A.",501,18535,College & Graduate Arts & Sci,3.88,19,0,14,3,2,0,0,0,0,0,0
2022 Spring,ALAR,8020,Research Studio 2,000310,"Small,Ben",002,14459,School of Architecture,3.34,10,0,3,1,1,3,2,0,0,0,0
2022 Spring,ANTH,2280,Medical Anthropology,000655,"Fontanilla,Julia Alejandra Morales",100,11225,College & Graduate Arts & Sci,3.96,112,79,27,4,0,1,0,0,0,0,1
2022 Spring,ANTH,3470,Language & Cult in Middle East,000754,"Lefkowitz,Daniel",100,13655,College & Graduate Arts & Sci,3.39,31,0,6,9,7,6,1,0,2,0,0
2022 Spring,DS,5110,Big Data Systems,046303,"Tashman,Adam Paul",002,19246,School of Data Science,3.95,23,1,18,4,0,0,0,0,0,0,0
2022 Spring,EVGE,5860,Isotope Geochemistry,013771,"Macko,Stephen",100,10553,College & Graduate Arts & Sci,3.79,14,2,5,5,2,0,0,0,0,0,0
2022 Spring,CJ,5200,Psychology of Leadership,042279,"Coleman,Marian Elizabeth",B1,22161,Continuing & Prof Studies,3.99,30,8,21,1,0,0,0,0,0,0,0
2022 Spring,IT,3240,Enterprise Systems Architectur,020519,"Chisholm,Donald",701,19989,Continuing & Prof Studies,3.23,15,0,4,6,0,1,1,2,0,0,1
2022 Spring,EDIS,5235,Dyslexia,044551,"Hauser,Lauren",500,18685,School of Education and HumanDev,3.90,16,0,13,2,0,1,0,0,0,0,0
2022 Spring,AMST,2321,Latinx Fiction and Film,044628,"Lamas,Carmen",001,18695,College & Graduate Arts & Sci,3.81,33,0,26,5,1,0,0,0,0,0,1
2022 Spring,ENWR,2610,Writing with Style,044179,"Driver,Keith",001,18791,College & Graduate Arts & Sci,3.92,16,0,14,1,0,1,0,0,0,0,0
2022 Spring,HIEA,4501,Seminar in East Asian History,018308,"Reed,Bradly",002,18799,College & Graduate Arts & Sci,3.73,12,0,6,3,2,1,0,0,0,0,0
2022 Spring,GSVS,3150,Sustainability Leadership,045765,"Trimble,Andrea",001,19250,College & Graduate Arts & Sci,3.87,17,2,9,5,1,0,0,0,0,0,0
2022 Spring,PHYS,1429,Intro Physics 1 Workshop,031036,"Ashbahian,Danielle",016,10354,College & Graduate Arts & Sci,3.53,24,0,2,14,6,1,0,0,1,0,0
2022 Spring,ISIN,4520,Sp Tps Conduct Inquiry: HU,043256,"Andrews,George",102,19974,Continuing & Prof Studies,3.96,30,22,5,2,1,0,0,0,0,0,0
2022 Spring,RELG,2650,Theological Bioethics,034173,"Henry,James",100,19214,College & Graduate Arts & Sci,3.77,162,0,71,73,11,7,0,0,0,0,0
2022 Spring,ECON,3720,Introduction to Econometrics,007939,"Ruediger,Stefan",200,18348,College & Graduate Arts & Sci,3.64,84,2,45,11,13,5,3,3,2,0,0
2022 Spring,CE,3402,Transp Infra Design Workshop,042101,"Angulo,Austin",001,15924,Engineering & Applied Science,3.68,13,0,7,5,0,0,0,0,0,0,1
2022 Spring,LAW,7182,ADR in the Workplace,045673,"Hodges,Ann",1,17704,School of Law,3.45,8,0,1,2,4,1,0,0,0,0,0
2022 Spring,ENWR,1510,Writing and Critical Inquiry,013432,"Keyser,Emelye",002,10597,College & Graduate Arts & Sci,3.89,18,0,13,4,1,0,0,0,0,0,0
2022 Spring,ACCT,5110,Intermediate Accounting I,045932,"Hutton,Leon",701,19939,Continuing & Prof Studies,3.58,16,3,7,2,3,0,0,0,0,0,1
2022 Spring,MSE,3101,Materials Sci Investigations,024407,"Ihlefeld,Jon",001,15477,Engineering & Applied Science,3.12,19,2,6,3,3,1,0,1,0,0,3
2022 Spring,CJ,5200,Psychology of Leadership,042279,"Rebuck,Matthew Wayne",A3,21950,Continuing & Prof Studies,4.00,24,19,5,0,0,0,0,0,0,0,0
2022 Spring,ENGL,8560,Studies in Modern Literature,040860,"Hamilton,Njelle",001,19209,College & Graduate Arts & Sci,3.95,11,3,6,2,0,0,0,0,0,0,0
2022 Spring,ARCH,5500,Special Topics in Architecture,001621,"Clark,William",004,21100,School of Architecture,3.67,16,0,7,4,3,2,0,0,0,0,0
2022 Spring,ANTH,3020,Using Anthropology,042701,"Jordan,Erin",002,13622,College & Graduate Arts & Sci,3.52,20,0,3,11,2,2,1,1,0,0,0
2022 Spring,LAW,8003,Civil Rights Litigation,021613,"Frampton,Thomas",1,17752,School of Law,3.60,38,0,9,13,16,0,0,0,0,0,0
2022 Spring,ANTH,3559,New Course: ANTH,038540,"Fontanilla,Julia Alejandra Morales",002,20106,College & Graduate Arts & Sci,3.87,15,0,12,2,0,0,1,0,0,0,0
2022 Spring,CJ,5660,Adv Concept of Wellness in LE,041450,"Draper,Sarah",A2,21739,Continuing & Prof Studies,4.00,22,6,16,0,0,0,0,0,0,0,0
2022 Spring,EGMT,1540,Ethical Engagement,044515,"Seidel,Sandra",200,13717,College & Graduate Arts & Sci,3.82,38,0,28,2,7,0,1,0,0,0,0
2022 Spring,CHEM,1400,Foundations of Chem Principles,042562,"Maeng,Jennifer",001,11476,College & Graduate Arts & Sci,3.39,15,2,6,2,0,2,2,0,0,0,1
2022 Spring,ISCP,4991,Capstone Project II,020318,"Plunkett,Ann Marie Harkins",101,19969,Continuing & Prof Studies,3.96,24,3,19,1,1,0,0,0,0,0,0
2022 Spring,SPAN,1060,Accelerated Elementary Spanish,035820,"Street,Matthew",007,11498,College & Graduate Arts & Sci,3.30,16,1,2,7,2,1,0,1,1,0,1
2022 Spring,CASS,1011,College Arts Scholars Disc,041910,"Rasbury,Michael",001,11358,College & Graduate Arts & Sci,3.76,17,9,7,0,0,0,0,0,0,0,1
2022 Spring,MUSI,4582,Composition II,024885,"Zaccagnini,Michele",001,20181,College & Graduate Arts & Sci,3.71,10,2,5,2,0,0,0,0,0,1,0
2022 Spring,EVSC,7559,New Course: EVSC,039171,"Limaye,Ajay",001,19855,College & Graduate Arts & Sci,3.14,5,0,0,1,2,0,2,0,0,0,0
2022 Spring,SPAN,2020,Advanced Intermediate Spanish,035854,"Florez-Murillo,David",013,10685,College & Graduate Arts & Sci,3.92,18,8,5,5,0,0,0,0,0,0,0
2022 Spring,MATH,1210,A survey of Calculus I,022944,"Tikhonov,Mikhail",800,11348,College & Graduate Arts & Sci,3.22,34,0,13,4,3,6,1,2,1,2,2
2022 Spring,DRAM,1020,Speaking in Public,007178,"Close,Tovah",001,12438,College & Graduate Arts & Sci,3.72,15,0,8,5,1,0,0,0,1,0,0
2022 Spring,LAST,2050,Interdisciplinary Seminar,042704,"Carter,Eli",001,17837,College & Graduate Arts & Sci,3.57,16,4,1,5,4,0,2,0,0,0,0
2022 Spring,LAW,7701,Fedrl Regltn Invest Comp (SC),042372,"Zack,Robert",1,17836,School of Law,3.38,9,0,1,3,3,0,2,0,0,0,0
2022 Spring,MDST,4510,Capstone Topics,045773,"Duncan,Sean",004,17780,College & Graduate Arts & Sci,3.76,10,6,2,0,1,0,0,1,0,0,0
2022 Spring,PLCP,3110,The Politics of Western Europe,031689,"Alexander,Gerard",100,10398,College & Graduate Arts & Sci,3.25,117,0,11,39,41,11,5,3,1,0,6
2022 Spring,MDST,3712,Interactive Storytelling,045802,"Duncan,Sean",001,17768,College & Graduate Arts & Sci,3.26,21,0,5,7,3,1,2,1,1,0,1
2022 Spring,ITAL,1020,Elementary Italian II,020556,"Annunziato,Sarah",006,17790,College & Graduate Arts & Sci,3.58,14,0,4,5,2,3,0,0,0,0,0
2022 Spring,PSYC,2200,Survey Neural Basis of Behav,032491,"Clabough,Erin",100,12383,College & Graduate Arts & Sci,3.54,195,6,64,53,24,31,10,3,3,0,1
2022 Spring,SPAN,2010,Intermediate Spanish,035853,"Barlow,Jennifer",007,10503,College & Graduate Arts & Sci,3.58,17,0,4,8,2,2,1,0,0,0,0
2022 Spring,CHEM,5120,Organic Chemistry IV,039276,"Hilinski,Michael",001,11360,College & Graduate Arts & Sci,3.25,14,0,3,2,1,4,4,0,0,0,0
2022 Spring,MUSI,3376,Make Beats,046557,"Coffey,Ted",001,20178,College & Graduate Arts & Sci,3.73,21,0,8,10,1,2,0,0,0,0,0
2022 Spring,LAW,9208,Monetary Constitution Seminar,042780,"Kitch,Edmund",1,17725,School of Law,3.50,12,0,0,6,6,0,0,0,0,0,0
2022 Spring,SPAN,1060,Accelerated Elementary Spanish,035820,"Richey,Matthew",011,12421,College & Graduate Arts & Sci,3.60,16,2,5,6,0,1,1,0,0,1,0
2022 Spring,HIEU,2041,Roman Republic and Empire,018391,"Lendon,Jon",100,11488,College & Graduate Arts & Sci,3.27,55,1,17,8,3,12,6,4,2,1,1
2022 Spring,SPAN,1060,Accelerated Elementary Spanish,035820,"Young,Sara",009,11349,College & Graduate Arts & Sci,3.48,15,0,6,3,1,1,4,0,0,0,0
2022 Spring,SPAN,2020,Advanced Intermediate Spanish,035854,"Ballesta,Marina Escamez",010,10682,College & Graduate Arts & Sci,3.57,18,0,5,8,2,1,1,1,0,0,0
2022 Spring,STAT,7100,Intro to Advanced Inference,036696,"Spitzner,Dan",001,11429,College & Graduate Arts & Sci,3.43,49,0,7,15,15,9,3,0,0,0,0
2022 Spring,LAW,9264,Discrimination Theory,044231,"Hellman,Deborah",1,17727,School of Law,3.45,13,0,1,4,7,1,0,0,0,0,0
2022 Spring,HR,5060,Transformational Ldrshp in HRM,019930,"French,Roderick",701,19962,Continuing & Prof Studies,3.95,6,1,4,1,0,0,0,0,0,0,0
2022 Spring,EDIS,7890,Ed Entrepreneurship Practicum,045348,"Wheelock,Matthew",500,17338,School of Education and HumanDev,3.86,9,0,6,2,1,0,0,0,0,0,0
2022 Spring,ARTH,2559,New Course: ARTH,040386,"Getsy,David",001,18445,College & Graduate Arts & Sci,3.72,20,2,8,8,0,0,1,0,1,0,0
2022 Spring,SPAN,2010,Intermediate Spanish,035853,"Acevedo-Reyes,Manuel",014,12427,College & Graduate Arts & Sci,3.81,18,2,10,4,0,1,1,0,0,0,0
2022 Spring,CHEM,1421,Intro College Chemistry II Lab,005994,"Morkowchuk,Lisa",020,10745,College & Graduate Arts & Sci,3.91,19,11,2,6,0,0,0,0,0,0,0
2022 Spring,CJ,5610,Constitutional Law & Policing,039972,"Benoit,Carl",A1,21729,Continuing & Prof Studies,3.95,27,0,24,2,1,0,0,0,0,0,0
2022 Spring,LAW,7071,Professional Responsibility,021935,"Cohen,George",1,17413,School of Law,3.62,51,7,15,11,10,6,1,0,0,0,1
2022 Spring,SPAN,3300,Texts and Interpretation,035904,"Moguel,Ana Piriz",005,11431,College & Graduate Arts & Sci,3.74,16,0,8,6,0,1,1,0,0,0,0
2022 Spring,ENGL,3273,Shakespeare Tragedies Romances,012902,"Maus,Katharine",100,13032,College & Graduate Arts & Sci,3.26,54,0,15,6,11,10,7,2,2,0,1
2022 Spring,ANTH,2325,Anthropology of God,000680,"Mentore,George",001,19378,College & Graduate Arts & Sci,3.43,25,0,3,8,8,5,1,0,0,0,0
2022 Spring,GCOM,7549,Commerce in the Global Context,045947,"Harris,Ira C",001,21994,McIntire School of Commerce,3.72,57,0,32,8,15,1,0,0,1,0,0
2022 Spring,ECON,4430,Environmental Economics,007977,"Sekhri,Sheetal",200,18362,College & Graduate Arts & Sci,3.54,34,2,14,6,3,3,4,2,0,0,0
2022 Spring,ARTS,2000,Intro to Studio Art,045397,"Taylor,Jackson",006,13716,College & Graduate Arts & Sci,3.94,19,6,9,4,0,0,0,0,0,0,0
2022 Spring,SPAN,3430,Latin Amer Lit II (1900-Pres),035911,"Rizki,Cole",001,10514,College & Graduate Arts & Sci,3.61,25,0,17,6,0,0,0,0,0,0,2
2022 Spring,CJ,3670,Effective Writing,006191,"Lewis,Cynthia L.",B2,22164,Continuing & Prof Studies,4.00,12,7,5,0,0,0,0,0,0,0,0
2022 Spring,PLAC,6090,Planning Practicum,044530,"Roettger,Betsy",001,14461,School of Architecture,3.86,15,4,4,7,0,0,0,0,0,0,0
2022 Spring,ARH,3604,Field Methd I Bldg Archaeology,001902,"Johnston,Andrew",001,18634,School of Architecture,3.47,10,0,3,3,2,1,0,0,1,0,0
2022 Spring,CHEM,2321,Org Lab II Non-Chem Maj/Min,043155,"Chruma,Jason",011,12837,College & Graduate Arts & Sci,3.77,32,1,18,6,5,2,0,0,0,0,0
2022 Spring,ANTH,2820,Rise of Civilization,000700,"Wattenmaker,Patricia",100,19360,College & Graduate Arts & Sci,3.59,56,2,13,24,10,4,1,1,1,0,0
2022 Spring,ANTH,3559,New Course: ANTH,038540,"Wendte,Nathan",001,19365,College & Graduate Arts & Sci,3.46,19,0,12,4,0,0,0,0,1,0,2
2022 Spring,LAW,7635,Lgl Theory In Eur & US (SC),040071,"Duxbury,Neil",1,17570,School of Law,3.55,10,1,2,1,5,1,0,0,0,0,0
2022 Spring,COMM,4522,Topics in BA,046287,"Li,Jingjing",001,20250,McIntire School of Commerce,3.67,26,0,12,11,1,0,0,0,1,0,1
2022 Spring,CJ,5720,Seminar in Managing LE Image,043266,"White,Kenneth D",A2,21731,Continuing & Prof Studies,3.97,21,16,3,2,0,0,0,0,0,0,0
2022 Spring,PORT,2050,Intensive Portuguese,045572,"Feitosa,Lilian",001,13828,College & Graduate Arts & Sci,3.33,19,3,6,4,0,2,2,0,0,0,2
2022 Spring,MDST,3903,Media and Protest,045358,"Bodroghkozy,Aniko",001,17769,College & Graduate Arts & Sci,3.44,23,0,4,10,7,1,0,0,0,0,1
2022 Spring,ARCH,2020,Foundation Studio III,001494,"McQuistion,Lauren",007,20199,School of Architecture,3.51,14,0,2,6,3,3,0,0,0,0,0
2022 Spring,ARCH,7210,Struc Design for Dynamic Loads,001691,"Hays,Benjamin",100,14557,School of Architecture,3.44,46,0,9,12,13,9,3,0,0,0,0
2022 Spring,LAW,8623,Prosecution Clinic (YR),040079,"Carlton,Heather",1,17416,School of Law,3.51,15,0,4,3,6,1,1,0,0,0,0
2022 Spring,RELG,2660,Spirituality in America,041858,"Hedstrom,Matthew",100,11339,College & Graduate Arts & Sci,3.60,75,2,43,14,5,5,0,2,0,0,4
2022 Spring,LPPP,6500,Topics in Public Policy,041388,"Reifsnyder,Daniel",010,21102,Batten Leadership & Public Pol,3.69,7,0,1,5,1,0,0,0,0,0,0
2022 Spring,RELJ,3390,Jewish Feminism,034505,"Ochs,Vanessa",001,18973,College & Graduate Arts & Sci,3.84,29,1,15,11,2,0,0,0,0,0,0
2022 Spring,CHE,3347,Biochemical Engineering,005452,"Prpich,George",001,15919,Engineering & Applied Science,3.81,15,2,6,5,2,0,0,0,0,0,0
2022 Spring,ECON,4010,Game Theory,007943,"Johnson,Terence",100,18883,College & Graduate Arts & Sci,3.89,45,4,31,6,3,1,0,0,0,0,0
2022 Spring,ECON,3030,Money and Banking,007910,"Bethune,Zachary",300,18350,College & Graduate Arts & Sci,3.19,59,4,11,13,5,9,3,7,5,1,1
2022 Spring,CJ,3890,Law Enforcement Essentials,044133,"Draper,Sarah",A3,21905,Continuing & Prof Studies,4.00,18,13,5,0,0,0,0,0,0,0,0
2022 Spring,ENGL,2599,Special Topics,012514,"Keyser,Emelye",001,18885,College & Graduate Arts & Sci,3.75,18,0,8,7,2,1,0,0,0,0,0
2022 Spring,PLAP,3400,American Political Economy,044879,"Alexander,Rachel",001,12398,College & Graduate Arts & Sci,3.27,18,0,2,5,4,4,2,0,0,1,0
2022 Spring,MDST,3704,Games and Play,044889,"Duncan,Sean",001,17766,College & Graduate Arts & Sci,3.32,19,1,10,2,1,0,1,1,0,2,1
2022 Spring,GERM,1010,Elementary German,015642,"Parker,Stefanie",002,19227,College & Graduate Arts & Sci,3.91,13,0,9,4,0,0,0,0,0,0,0
2022 Spring,WGS,3409,LGBTQ Issues in the Media,043015,"Cavalcante,Andre",001,17973,College & Graduate Arts & Sci,3.60,28,0,11,7,5,3,2,0,0,0,0
2022 Spring,CS,6763,CPS Safety and Security,046327,"Feng,Lu",001,20868,Engineering & Applied Science,3.98,19,1,17,1,0,0,0,0,0,0,0
2022 Spring,LPPP,6500,Topics in Public Policy,041388,"Stewart,Denise",002,16982,Batten Leadership & Public Pol,3.95,11,0,9,2,0,0,0,0,0,0,0
2022 Spring,COMM,3040,Strategic Value Creation,006456,"Carfagno,Kerrie",005,14619,McIntire School of Commerce,3.63,41,0,13,13,14,0,1,0,0,0,0
2022 Spring,PHIL,3710,Ethics,030136,"Brewer,Talbot",001,20175,College & Graduate Arts & Sci,3.40,28,1,6,9,5,5,0,1,0,0,1
2022 Spring,DS,3002,Data Science Systems,046059,"Tupitza,Jon",001,18850,School of Data Science,3.83,36,16,13,5,1,0,0,0,0,0,1
2022 Spring,EVEC,5220,Terrestrial Ecology,013736,"Ribeiro,Natasha",100,19016,College & Graduate Arts & Sci,3.03,12,0,2,4,3,1,0,0,0,0,2
2022 Spring,CHEM,1421,Intro College Chemistry II Lab,005994,"Morkowchuk,Lisa",013,10738,College & Graduate Arts & Sci,3.93,24,14,4,6,0,0,0,0,0,0,0
2022 Spring,CHEM,1421,Intro College Chemistry II Lab,005994,"Morkowchuk,Lisa",019,10744,College & Graduate Arts & Sci,3.76,22,14,3,2,2,0,0,0,0,0,1
2022 Spring,MATH,1320,Calculus II,022954,"Rolf,Jim",500,13842,College & Graduate Arts & Sci,3.38,26,1,9,3,1,9,2,0,0,0,1
2022 Spring,MAE,6710,Finite Element Analysis,022680,"Panzer,Matthew",001,15914,Engineering & Applied Science,3.87,23,1,16,4,1,1,0,0,0,0,0
2022 Spring,HIEA,3323,China and the United States,044400,"Liu,Xiaoyuan",001,18689,College & Graduate Arts & Sci,3.49,52,3,8,19,13,5,2,1,0,1,0
2022 Spring,ARCH,5500,Special Topics in Architecture,001621,"Last,Nana",006,18732,School of Architecture,3.44,9,0,2,2,2,3,0,0,0,0,0
2022 Spring,HIUS,3282,"Virginia History, 1900-2018",019590,"Gilliam,George",001,18788,College & Graduate Arts & Sci,3.39,49,0,8,15,10,10,5,1,0,0,0
2022 Spring,DS,6001,Practice and App of Data Sci,043301,"Kropko,Jonathan Michael",003,20082,School of Data Science,3.87,27,0,21,3,1,2,0,0,0,0,0
2022 Spring,EDLF,2070,Effective Altruism,046408,"Jones,Jason",1,20914,School of Education and HumanDev,3.53,27,0,7,11,5,0,2,2,0,0,0
2022 Spring,EDLF,7605,Anthropology of Education,009735,"Hoffman,Diane",500,17342,School of Education and HumanDev,3.04,14,0,4,2,1,1,4,0,1,0,1
2022 Spring,HIST,4501,Major Seminar,019210,"Kershaw,Paul",001,18976,College & Graduate Arts & Sci,3.30,10,0,5,2,1,0,0,1,0,0,1
2022 Spring,DS,3003,Communicating with Data,046060,"Suk,Youmi",001,18851,School of Data Science,3.95,35,10,21,3,1,0,0,0,0,0,0
2022 Spring,STS,4500,STS and Engineering Practice,036749,"Wayland,Kent",002,21404,Engineering & Applied Science,3.78,19,0,13,3,1,0,2,0,0,0,0
2022 Spring,RELG,2630,Business Ethics and Society,034171,"Mathewes,Charles",100,18961,College & Graduate Arts & Sci,3.83,54,15,26,7,2,1,1,2,0,0,0
2022 Spring,CJ,3670,Effective Writing,006191,"Lewis,Cynthia L.",A2,21951,Continuing & Prof Studies,4.00,15,10,5,0,0,0,0,0,0,0,0
2022 Spring,CJ,3670,Effective Writing,006191,"Lewis,Cynthia L.",A1,21715,Continuing & Prof Studies,4.00,15,8,7,0,0,0,0,0,0,0,0
2022 Spring,GSGS,3030,Global Cultural Studies,041956,"Levenson,Michael",100,11928,College & Graduate Arts & Sci,3.68,77,0,38,28,4,4,0,1,0,0,2
2022 Spring,LAW,9309,Lit. Skills & Prof Liab Law,045200,"Livingston,Ronald",1,17498,School of Law,3.48,11,0,0,5,6,0,0,0,0,0,0
2022 Spring,BIOL,3040,Develop and Regen Biol,043968,"Kucenas,Sarah",100,18856,College & Graduate Arts & Sci,3.13,98,4,20,22,23,1,10,3,3,3,9
2022 Spring,ISLS,3000,Transformations: Liberal Arts,044252,"Matthews,Charlotte",101,20735,Continuing & Prof Studies,3.65,15,0,8,2,2,2,1,0,0,0,0
2022 Spring,LAW,7005,Antitrust,021607,"Nachbar,Thomas",1,17460,School of Law,3.54,26,0,3,15,2,6,0,0,0,0,0
2022 Spring,EVAT,5559,New Course: EVAT,039112,"Schiro,Kathleen",001,19821,College & Graduate Arts & Sci,3.57,15,4,5,4,0,0,1,0,0,0,1
2022 Spring,AMST,4559,New Course: American Studies,038537,"Kong-Chow,Janet",001,19013,College & Graduate Arts & Sci,3.47,10,1,4,1,2,0,1,0,0,1,0
2022 Spring,CHEM,1421,Intro College Chemistry II Lab,005994,"Morkowchuk,Lisa",023,10748,College & Graduate Arts & Sci,3.66,23,15,1,3,1,1,1,0,0,0,1
2022 Spring,LAW,6103,Corporations,021636,"Kitch,Edmund",1,17418,School of Law,3.44,12,0,2,3,4,3,0,0,0,0,0
2022 Spring,GCOM,7549,Commerce in the Global Context,045947,"King,Adelaide Wilcox",003,22085,McIntire School of Commerce,3.70,26,0,5,18,2,1,0,0,0,0,0
2022 Spring,PLPT,3050,Survey of Amer Pol Theory,031929,"Savage,James",001,17922,College & Graduate Arts & Sci,3.65,17,0,6,6,3,2,0,0,0,0,0
2022 Spring,MDST,3559,New Course: MDST,039189,"Morimoto,Lori",002,17782,College & Graduate Arts & Sci,3.89,28,1,20,5,1,1,0,0,0,0,0
2022 Spring,COMM,2700,Foundations of RE Finance,046582,"Chapman,David",002,21084,McIntire School of Commerce,3.45,33,0,8,7,8,8,2,0,0,0,0
2022 Spring,PLAP,4500,Special Topics,031588,"Kirkland,Justin",002,13515,College & Graduate Arts & Sci,3.71,15,4,6,3,0,0,0,2,0,0,0
2022 Spring,ITTR,3559,New Course: ITTR,042074,"Annunziato,Sarah",001,17778,College & Graduate Arts & Sci,3.92,20,0,16,3,1,0,0,0,0,0,0
2022 Spring,BIOL,3230,Animal Physiology,003548,"Massey,Ann",001,20815,College & Graduate Arts & Sci,3.77,40,8,16,7,7,1,1,0,0,0,0
2022 Spring,CJ,5720,Seminar in Managing LE Image,043266,"White,Kenneth D",A1,21730,Continuing & Prof Studies,3.97,21,11,8,2,0,0,0,0,0,0,0
2022 Spring,CHTR,4010,Legendary Women in Early China,006136,"Kinney,Anne",001,18309,College & Graduate Arts & Sci,3.82,18,1,14,0,0,2,1,0,0,0,0
2022 Spring,CJ,4730,Forensic Sci for Admin & Mgrs,006238,"McGinnis Jr.,Charles Edward",B1,22166,Continuing & Prof Studies,3.89,33,5,16,12,0,0,0,0,0,0,0
2022 Spring,COMM,2730,Personal Finance,006451,"Kelly,Dorothy",001,14614,McIntire School of Commerce,3.58,52,0,25,9,6,8,3,0,0,0,1
2022 Spring,CJ,5020,Behav Analysis as Decsn-Supprt,045229,"Dover,Thomas J.",A1,21738,Continuing & Prof Studies,3.99,30,26,3,1,0,0,0,0,0,0,0
2022 Spring,BME,6280,Motion Biomechanics,004132,"Blemker,Silvia",001,20714,Engineering & Applied Science,3.85,11,0,8,2,0,1,0,0,0,0,0
2022 Spring,LAW,7035,Foreign Relations Law,021783,"Eichensehr,Kristen",1ZT,17537,School of Law,3.51,24,0,4,8,9,3,0,0,0,0,0
2022 Spring,EGMT,1510,Engaging Aesthetics,044512,"Ferguson,Andrew",108,13691,College & Graduate Arts & Sci,3.95,34,0,28,6,0,0,0,0,0,0,0
2022 Spring,GCOM,7549,Commerce in the Global Context,045947,"Burroughs,James E",004,22086,McIntire School of Commerce,3.74,28,0,9,15,4,0,0,0,0,0,0
2022 Spring,LAW,7204,Barbarian Law,046386,"Doran,Michael",1,17711,School of Law,3.50,20,0,5,4,7,4,0,0,0,0,0
2022 Spring,GSVS,2050,Sustainable Energy Systems,044233,"Groves,James",001,12388,College & Graduate Arts & Sci,3.03,37,0,7,4,8,5,3,4,3,2,1
2022 Spring,MDST,4510,Capstone Topics,045773,"Goin,Keara",003,17781,College & Graduate Arts & Sci,3.83,21,0,15,3,2,0,1,0,0,0,0
2022 Spring,ANTH,5440,Morphology,000853,"Dobrin,Lise",001,19386,College & Graduate Arts & Sci,3.60,10,2,7,0,0,0,0,0,0,0,1
2022 Spring,LPPA,7160,Rsch Mthds & Data Analysis II,038283,"Trillo,Daniel Tello",100,16967,Batten Leadership & Public Pol,3.32,42,4,5,12,9,6,2,0,3,0,1
2022 Spring,ENGL,4999,Distinguished Majors Program,011993,"Kuhn,Mary",001,13055,College & Graduate Arts & Sci,3.96,14,0,12,2,0,0,0,0,0,0,0
2022 Spring,CJ,5720,Seminar in Managing LE Image,043266,"White,Kenneth D",B1,22140,Continuing & Prof Studies,3.96,23,21,1,0,0,1,0,0,0,0,0
2022 Spring,CE,3050,Intro to Green Engineering,042099,"Clarens,Andres",001,19742,Engineering & Applied Science,3.43,21,0,2,7,8,3,1,0,0,0,0
2022 Spring,LAW,7183,Pretrial Litg Skills: Civ Rts,045732,"Shalf,Sarah",1,17705,School of Law,3.39,7,0,1,2,2,1,1,0,0,0,0
2022 Spring,LAW,7197,Taboo Trades,046383,"Krawiec,Kimberly",1ZT,17708,School of Law,3.53,12,0,0,7,5,0,0,0,0,0,0
2022 Spring,LAW,7201,Spanish for Lawyers,046396,"Sanchez-Leon,Nelson",1,17710,School of Law,3.55,8,0,0,5,3,0,0,0,0,0,0
2022 Spring,CE,2110,Environmental Engineering Lab,040525,"Culver,Teresa",003,16770,Engineering & Applied Science,3.07,14,0,2,2,2,2,3,3,0,0,0
2022 Spring,ECON,4110,Competitive Strategy,045763,"Moore,Michael",001,18591,College & Graduate Arts & Sci,3.61,51,0,17,12,19,3,0,0,0,0,0
2022 Spring,SOC,4550,Topics in Ethics and Society,042455,"Polillo,Simone",001,18299,College & Graduate Arts & Sci,3.65,17,0,6,7,3,0,0,1,0,0,0
2022 Spring,FREN,2020,Intermediate French II,014316,"Marks,Emily",003,10183,College & Graduate Arts & Sci,3.67,15,0,8,3,2,1,0,1,0,0,0
2022 Spring,CJ,4490,Critical Incident Leadership,043130,"Dalfonzo,Vincent A",B3,22138,Continuing & Prof Studies,3.99,34,1,32,1,0,0,0,0,0,0,0
2022 Spring,RELC,2770,The Black Church,046583,"Parker,Kai",001,20847,College & Graduate Arts & Sci,3.93,19,0,16,2,1,0,0,0,0,0,0
2022 Spring,MAE,3140,Heat and Mass Transfer,022581,"Ma,Lin",001,15455,Engineering & Applied Science,3.11,68,2,17,1,11,17,2,11,7,0,0
2022 Spring,SLAV,2360,Dracula,035128,"Stepanic,Stanley",001,11386,College & Graduate Arts & Sci,3.79,205,63,90,29,7,4,2,4,3,0,3
2022 Spring,MDST,7559,New Course: MDST,040355,"Driscoll,Kevin",001,17770,College & Graduate Arts & Sci,3.93,8,0,6,2,0,0,0,0,0,0,0
2022 Spring,ISSS,3830,American Foreign Policy,041219,"Ronayne,Pete",101,19978,Continuing & Prof Studies,3.74,25,2,18,2,0,2,0,0,0,0,1
2022 Spring,LAW,6006,Property,021565,"Johnson,Alex",DF,17398,School of Law,3.39,76,0,7,19,38,7,4,1,0,0,0
2022 Spring,LAW,8607,Youth Advocacy Clinic (YR),040046,"Walters,Amy",1,17432,School of Law,3.42,5,0,0,3,0,2,0,0,0,0,0
2022 Spring,CJ,3660,Concepts in LE Wellness,039969,"Draper,Sarah",B1,22171,Continuing & Prof Studies,3.99,35,16,18,1,0,0,0,0,0,0,0
2022 Spring,KINE,5432,Human Circulatory Physiology,044862,"Allen,Jason",1,15157,School of Education and HumanDev,3.47,16,0,4,5,3,1,3,0,0,0,0
2022 Spring,KINE,4430,Clinical Exercise Physiology,045334,"Allen,Jason",1,15210,School of Education and HumanDev,3.92,13,3,8,1,1,0,0,0,0,0,0
2022 Spring,HIUS,2101,Technologies of American Life,046558,"Grace,Matthew",001,20198,College & Graduate Arts & Sci,3.86,59,29,25,0,0,3,0,0,1,0,1
2022 Spring,STS,4600,Engr Ethcs Prof Responsibility,036750,"Wayland,Kent",013,15918,Engineering & Applied Science,3.66,34,0,25,4,2,1,0,0,0,0,2
2022 Spring,ECE,4502,Special Topics ECE,040910,"Shukla,Nikhil",001,16645,Engineering & Applied Science,3.92,16,2,11,2,1,0,0,0,0,0,0
2022 Spring,CS,6501,Spec Top: Computer Science,006981,"Wang,Tianhao",008,20757,Engineering & Applied Science,3.77,31,9,8,8,4,2,0,0,0,0,0
2022 Spring,CJ,5070,Managing Organizational Change,006251,"Kilbride,Kenneth",B1,22174,Continuing & Prof Studies,3.98,32,0,30,2,0,0,0,0,0,0,0
2022 Spring,NUCO,4440,Trends/Issues Clin Nrsg Pract,042286,"Toll,Crystal",002,18451,School of Nursing,3.74,15,0,8,4,2,0,1,0,0,0,0
2022 Spring,LNGS,7020,Historical & Comp Linguistics,022536,"Elson,Mark",001,19783,College & Graduate Arts & Sci,3.91,7,0,5,2,0,0,0,0,0,0,0
2022 Spring,HIEU,1502,Intro Sem Post1700 Euro Hist,037348,"Kunakhovich,Kyrill",001,11992,College & Graduate Arts & Sci,3.61,15,0,10,3,0,1,0,0,0,0,1
2022 Spring,LAW,7687,The Institutional Sup Ct (SC),041903,"Greenhouse,Linda",1,21218,School of Law,3.20,10,1,0,1,2,4,2,0,0,0,0
2022 Spring,PHS,8901,Applied Practice Experience II,044476,"Engelhard,Carolyn",003,21214,Medical School - BIMS/PHS,3.81,8,0,3,5,0,0,0,0,0,0,0
2022 Spring,CE,6750,Mech. of Composite Matls.,004596,"Pindera,Marek-Jerzy",001,16082,Engineering & Applied Science,3.54,5,1,1,1,1,0,1,0,0,0,0
2022 Spring,ANTH,7100,Indigenous Landscapes,045412,"Igoe,Jim",001,19718,College & Graduate Arts & Sci,3.81,10,1,4,4,1,0,0,0,0,0,0
2022 Spring,DS,6050,Deep Learning,046347,"Adewole,Sodiq Opeyemi",004,20091,School of Data Science,3.76,23,0,12,7,3,0,1,0,0,0,0
2022 Spring,PHYS,1429,Intro Physics 1 Workshop,031036,"Jian,Siyu",023,21113,College & Graduate Arts & Sci,3.14,25,0,1,6,7,7,3,0,0,0,1
2022 Spring,SPAN,3050,Spanish for Medical Profession,039916,"Wellbeloved,Elizabeth A.",501,18524,College & Graduate Arts & Sci,3.67,10,0,5,2,1,2,0,0,0,0,0
2022 Spring,ISCP,3991,Capstone Project I,043821,"May,Julia S",101,19968,Continuing & Prof Studies,3.57,14,6,1,1,3,1,2,0,0,0,0
2022 Spring,SOC,1010,Introductory Sociology,035243,"Olick,Jeffrey",002,21149,College & Graduate Arts & Sci,3.44,34,1,14,6,2,5,1,3,0,2,0
2022 Spring,APMA,3100,Probability,001152,"Ryals,Megan",002,15393,Engineering & Applied Science,3.11,43,0,9,8,6,8,5,2,1,2,2
2022 Spring,CJ,5720,Seminar in Managing LE Image,043266,"White,Kenneth D",B2,22141,Continuing & Prof Studies,4.00,24,21,3,0,0,0,0,0,0,0,0
2022 Spring,EDLF,7806,Family & Community Engagement,009746,...,500,17344,School of Education and HumanDev,3.87,20,0,16,2,0,2,0,0,0,0,0
2022 Spring,LAW,7131,Criminology,042835,"Monahan,John",1,17444,School of Law,3.51,28,0,7,8,9,1,3,0,0,0,0
2022 Spring,APMA,3100,Probability,001152,"Ma,Hui",003,15394,Engineering & Applied Science,3.21,45,1,12,10,5,5,4,3,2,1,2
2022 Spring,EDLF,3200,Exam Effects Social Innovat,042962,"Katz,Veronica",1,14944,School of Education and HumanDev,3.74,40,18,10,3,3,2,3,1,0,0,0
2022 Spring,EGMT,1530,Engaging Differences,044514,"Calamita,Francesca",108,19882,College & Graduate Arts & Sci,3.44,27,1,12,7,1,2,1,0,0,1,2
2022 Spring,CE,5410,Transportation Planning,004576,"Miller,John",600,16630,Engineering & Applied Science,3.23,6,0,1,2,1,0,1,0,1,0,0
2022 Spring,PLAN,6860,Cities + Nature,042847,"Beatley,Timothy",001,14529,School of Architecture,3.89,9,0,7,1,1,0,0,0,0,0,0
2022 Spring,PST,4999,Thesis/Political & Soc Thought,039788,"Smith,Michael",001,10674,College & Graduate Arts & Sci,3.95,22,3,18,0,0,1,0,0,0,0,0
2022 Spring,APMA,3120,Statistics,001154,"Lark,James",001,15396,Engineering & Applied Science,2.74,42,1,4,5,4,7,4,8,4,1,4
2022 Spring,ARCH,5500,Special Topics in Architecture,001621,"Iliescu,Sanda",003,14556,School of Architecture,3.94,10,3,5,2,0,0,0,0,0,0,0
2022 Spring,ECE,4457,Computer Networks,007697,"Campbell,Brad",001,16029,Engineering & Applied Science,3.27,33,0,11,7,6,2,1,2,2,0,2
2022 Spring,MDST,3510,Topics in Media Research,045771,"Little,William",002,17762,College & Graduate Arts & Sci,3.51,30,4,9,5,7,3,1,0,0,0,1
2022 Spring,PSHM,4300,Intro Population Health,044366,"Kronenburg,Maria",101,20025,Continuing & Prof Studies,3.45,17,0,6,8,1,0,0,0,0,1,1
2022 Spring,HIST,3501,Introductory History Workshop,046540,"Bishara,Fahad",001,20153,College & Graduate Arts & Sci,3.73,14,1,6,6,0,0,0,0,1,0,0
2022 Spring,HIEA,3111,China to the 1000,018298,"Zhang,Cong",001,13868,College & Graduate Arts & Sci,3.17,26,1,6,4,2,8,1,2,0,1,1
2022 Spring,BIOL,3270,Microbiology with Lab,044428,"Wu,Martin",100,12094,College & Graduate Arts & Sci,3.07,156,1,14,35,25,31,22,14,8,1,5
2022 Spring,EGMT,1520,Empirical Engagement,044513,"Lillard,Angeline",207,19879,College & Graduate Arts & Sci,3.75,35,8,16,5,4,0,1,0,0,0,1
2022 Spring,COMM,3050,Managerial Decision Making,006457,"Baglioni,Anthony",004,14626,McIntire School of Commerce,3.34,45,0,8,9,12,12,2,0,2,0,0
2022 Spring,ARTS,2000,Intro to Studio Art,045397,"Shelton,Matthew",002,13713,College & Graduate Arts & Sci,3.91,19,8,5,6,0,0,0,0,0,0,0
2022 Spring,ARTS,2220,Introduction to New Media I,002858,"Kasra,Mona",002,21678,College & Graduate Arts & Sci,3.81,15,0,7,7,1,0,0,0,0,0,0
2022 Spring,ARCH,3021,Design Thinking Studio II,042205,"Schumann,Kyle",001,14419,School of Architecture,3.84,14,0,8,5,1,0,0,0,0,0,0
2022 Spring,PHS,8881,Integrative Learning HP Part 1,044384,"Zelle,Heather",008,18272,Medical School - BIMS/PHS,3.88,5,0,3,2,0,0,0,0,0,0,0
2022 Spring,MAE,6720,Computational Fluid Dynamics I,022681,"Dong,Haibo",001,19655,Engineering & Applied Science,3.65,18,2,6,4,3,3,0,0,0,0,0
2022 Spring,FREN,1020,Elementary French II,014274,"Bellal,Katia",002,10173,College & Graduate Arts & Sci,3.85,15,0,11,2,1,1,0,0,0,0,0
2022 Spring,ENCW,2300,Poetry Writing,013450,"Baban,Hajjar",005,11074,College & Graduate Arts & Sci,3.89,15,4,10,0,0,0,0,1,0,0,0
2022 Spring,ECE,6502,Spec Top:Elect & Computer Engr,007732,"Sun,Yixin",005,21008,Engineering & Applied Science,3.71,14,0,8,2,3,0,1,0,0,0,0
2022 Spring,EDIS,5470,ESL Assess & Curriculum Design,009460,"Chang-Bacon,Chris",1,15287,School of Education and HumanDev,3.83,11,0,8,2,0,0,1,0,0,0,0
2022 Spring,EAST,1010,East Asian Canons and Cultures,007647,"Chen,Jack",100,18311,College & Graduate Arts & Sci,3.91,60,13,36,8,1,1,1,0,0,0,0
2022 Spring,STAT,5630,Statistical Machine Learning,043509,"Yu,Shan",001,18417,College & Graduate Arts & Sci,3.51,47,3,10,13,14,4,1,0,2,0,0
2022 Spring,RELI,2085,Modern Islam,044563,"Stafford,Samuel",001,19164,College & Graduate Arts & Sci,3.69,17,0,6,7,3,1,0,0,0,0,0
2022 Spring,ENGR,2595,Special Topics in Engineering,038375,"Laugelli,Benjamin",100,21006,Engineering & Applied Science,3.87,27,11,10,3,1,2,0,0,0,0,0
2022 Spring,LAW,7070,Presidential Powers,021738,"Prakash,Saikrishna",1,17489,School of Law,3.69,11,0,5,2,4,0,0,0,0,0,0
2022 Spring,CHEM,1420,Intro College Chemistry II,005650,"Welch,Kevin",300,17844,College & Graduate Arts & Sci,3.36,278,0,65,72,56,41,19,12,7,1,5
2022 Spring,EDIS,3020,The Exceptional Learner,009391,"Gelman,Jennifer",502,21037,School of Education and HumanDev,3.71,29,3,17,1,2,5,0,1,0,0,0
2022 Spring,HIST,5003,Public History,046598,"Dierksheide,Christa",001,20945,College & Graduate Arts & Sci,3.79,15,0,7,6,2,0,0,0,0,0,0
2022 Spring,BIOL,4585,Selected Topics in Biology,041824,"Danna,Cristian",001,21150,College & Graduate Arts & Sci,3.65,11,3,3,2,1,0,2,0,0,0,0
2022 Spring,ARTS,2710,Intro to Water-Based Painting,002881,"Marlatt,Megan",001,10023,College & Graduate Arts & Sci,3.75,15,3,3,7,1,1,0,0,0,0,0
2022 Spring,ACCT,5120,Intermediate Accounting II,045933,"Lee,Nammy",701,19940,Continuing & Prof Studies,3.42,12,0,5,1,2,0,4,0,0,0,0
2022 Spring,LATI,5050,Latin Paleography,021193,"Hays,Gregory",001,18590,College & Graduate Arts & Sci,3.88,8,0,6,1,1,0,0,0,0,0,0
2022 Spring,COMM,3120,Intermediate Accounting II,006462,"Winchel,Jennifer",002,14632,McIntire School of Commerce,3.68,30,1,13,8,5,1,2,0,0,0,0
2022 Spring,ARCH,5715,Elements of Design,045503,"Clark,William",001,14537,School of Architecture,3.54,19,1,6,2,6,4,0,0,0,0,0
2022 Spring,EDIS,5422,Cross-Cultural Education,043455,"Jones-lewis,Sherica",501,20963,School of Education and HumanDev,3.69,20,0,13,5,1,0,0,0,0,0,1
2022 Spring,CJ,3720,Contemp Issues in Police Media,006195,"Jones,Stephen D",A1,21748,Continuing & Prof Studies,3.99,24,1,22,1,0,0,0,0,0,0,0
2022 Spring,CJ,4730,Forensic Sci for Admin & Mgrs,006238,"McGinnis Jr.,Charles Edward",A2,21724,Continuing & Prof Studies,3.94,24,11,8,5,0,0,0,0,0,0,0
2022 Spring,SOC,3559,New Course: SOC,039374,"Buckelew,Rose",002,18589,College & Graduate Arts & Sci,3.39,32,1,16,2,4,4,0,1,2,1,1
2022 Spring,ISIN,4510,Sp Tps Conduct Inquiry: So Sci,043255,"Floyd,Richard",101,20123,Continuing & Prof Studies,3.06,22,0,3,4,4,6,0,2,0,2,1
2022 Spring,LAW,7055,International Human Rights Law,021672,"Versteeg,Emiliana",1,17694,School of Law,3.39,15,0,1,4,7,3,0,0,0,0,0
2022 Spring,PSPS,6005,Prac Apps of Risk Mgmt in PSO,046661,"Graham,Gordon Joseph",501,22019,Continuing & Prof Studies,3.96,14,2,10,2,0,0,0,0,0,0,0
2022 Spring,ECON,4070,Economics and Gender,007914,"Miller,Amalia",001,18356,College & Graduate Arts & Sci,3.52,16,0,7,2,2,4,0,1,0,0,0
2022 Spring,JPTR,3100,Myths and Legends of Japan,039286,"Heldt,Gustav",001,18318,College & Graduate Arts & Sci,3.46,17,0,3,6,3,4,1,0,0,0,0
2022 Spring,EDIS,6800,Creativity and Problem Solving,045849,"Brighton,Catherine Mary",500,18596,School of Education and HumanDev,4.00,19,7,12,0,0,0,0,0,0,0,0
2022 Spring,PLAN,5600,Land Use and Growth Management,031355,"Juday,Luke",001,14533,School of Architecture,3.71,12,1,4,5,1,0,1,0,0,0,0
2022 Spring,EDIS,7072,Performance Improvement,043408,"Aziz,Dawn",500,18599,School of Education and HumanDev,3.81,7,0,5,1,0,1,0,0,0,0,0
2022 Spring,COMM,3040,Strategic Value Creation,006456,"King,Adelaide",003,14617,McIntire School of Commerce,3.58,44,0,14,12,11,6,1,0,0,0,0
2022 Spring,STAT,3110,Foundations of Statistics,044444,"Perez-Suarez,David",001,13669,College & Graduate Arts & Sci,3.84,39,13,15,6,3,1,1,0,0,0,0
2022 Spring,PHYS,1429,Intro Physics 1 Workshop,031036,"Rajagopal,Ravisankar",025,21358,College & Graduate Arts & Sci,3.12,25,1,2,3,4,9,3,2,1,0,0
2022 Spring,LAW,7082,Secured Transactions,021616,"Hynes,Richard",1,17449,School of Law,3.52,29,1,4,12,7,4,0,1,0,0,0
2022 Spring,EDIS,6200,Principles of Curric Design,045847,"Patrick,Jane",500,18593,School of Education and HumanDev,3.31,13,1,3,3,3,2,0,0,0,0,1
2022 Spring,DANC,2300,Dance Improvisation,007225,"Mata,Kim",001,19015,College & Graduate Arts & Sci,3.92,11,0,8,3,0,0,0,0,0,0,0
2022 Spring,EDIS,6200,Principles of Curric Design,045847,"Rehm,Sasha Lee Wilson",501,18595,School of Education and HumanDev,3.76,16,2,7,4,1,2,0,0,0,0,0
2022 Spring,EDIS,7000,Intro to Instructional Design,009689,"Watson,Ginger",500,18598,School of Education and HumanDev,3.96,17,3,12,2,0,0,0,0,0,0,0
2022 Spring,LAW,6113,Intro to Law and Business,045995,"Geis,George",1,20753,School of Law,3.47,87,0,7,35,33,10,2,0,0,0,0
2022 Spring,CJ,4400,Break Barriers-Build Community,045729,"Rebuck,Matthew Wayne",A1,21742,Continuing & Prof Studies,4.00,15,12,3,0,0,0,0,0,0,0,0
2022 Spring,CJ,5890,Law Enforcement ExecEssentials,044117,"Kilbride,Kenneth",A2,21734,Continuing & Prof Studies,3.98,25,3,20,2,0,0,0,0,0,0,0
2022 Spring,CJ,5200,Psychology of Leadership,042279,"Coleman,Marian Elizabeth",A1,21726,Continuing & Prof Studies,4.00,26,16,10,0,0,0,0,0,0,0,0
2022 Spring,CJ,5720,Seminar in Managing LE Image,043266,"Pennybacker,Gail Lyn",A4,21916,Continuing & Prof Studies,4.00,21,17,4,0,0,0,0,0,0,0,0
2022 Spring,CJ,3890,Law Enforcement Essentials,044133,"Wetherington,John",A1,21716,Continuing & Prof Studies,3.88,25,18,0,6,0,0,1,0,0,0,0
2022 Spring,CJ,3400,Fitness in Law Enforcement,006171,"Van Vorst,John",A3,21720,Continuing & Prof Studies,4.00,52,49,3,0,0,0,0,0,0,0,0
2022 Spring,EDIS,3020,The Exceptional Learner,009391,"Collins,Lauren",503,21709,School of Education and HumanDev,3.84,21,5,11,2,2,0,1,0,0,0,0
2022 Spring,CJ,5890,Law Enforcement ExecEssentials,044117,"Kilbride,Kenneth",A1,21733,Continuing & Prof Studies,3.99,30,1,28,1,0,0,0,0,0,0,0
2022 Spring,CJ,4730,Forensic Sci for Admin & Mgrs,006238,"McGinnis Jr.,Charles Edward",A1,21723,Continuing & Prof Studies,3.95,32,9,19,3,1,0,0,0,0,0,0
2022 Spring,CJ,3890,Law Enforcement Essentials,044133,"Wetherington,John",A2,21717,Continuing & Prof Studies,3.96,24,21,0,3,0,0,0,0,0,0,0
2022 Spring,CHEM,1420,Intro College Chemistry II,005650,"Morkowchuk,Lisa",100,10057,College & Graduate Arts & Sci,2.93,231,0,15,38,45,51,31,18,15,6,12
2022 Spring,STS,4600,Engr Ethcs Prof Responsibility,036750,"Baritaud,Catherine",011,15853,Engineering & Applied Science,3.84,23,0,12,10,1,0,0,0,0,0,0
2022 Spring,EDIS,5470,ESL Assess & Curriculum Design,009460,"Salerno,April Simun",501,18657,School of Education and HumanDev,3.94,24,0,19,5,0,0,0,0,0,0,0
2022 Spring,PLAN,6050,Land Use and Environmental Law,031388,"Brown,James",001,18669,School of Architecture,3.28,12,0,3,1,2,3,3,0,0,0,0
2022 Spring,GSVS,4991,Capstone Seminar- GSVS,044017,"Phillips,Spencer",002,18649,College & Graduate Arts & Sci,3.59,20,3,5,7,0,1,4,0,0,0,0
2022 Spring,PLAC,6010,Urban Planning & Design Studio,045291,"Fard,Ali",001,18666,School of Architecture,3.77,26,0,10,13,3,0,0,0,0,0,0
2022 Spring,PLAN,3060,"Law, Land and the Environment",031282,"O'Neill,Moira",001,18670,School of Architecture,3.42,31,2,7,13,3,4,0,0,0,0,2
2022 Spring,LAW,9200,Federal Litigation Practice,042756,"O'Keeffe,James",1,17462,School of Law,3.56,13,1,2,4,5,0,1,0,0,0,0
2022 Spring,BME,4064,Biomed Engr Capstone Design II,004084,"Barker,Shannon",001,15519,Engineering & Applied Science,3.96,125,44,70,9,1,0,1,0,0,0,0
2022 Spring,CS,3501,Spec Topics Computer Science,045086,"Dugan,Joanne",002,16728,Engineering & Applied Science,3.67,41,0,34,0,1,3,0,1,0,0,2
2022 Spring,ENGR,4880,Busi & Tech Leadership in Engr,012292,"Sonnett,James",001,16105,Engineering & Applied Science,3.84,36,2,16,17,1,0,0,0,0,0,0
2022 Spring,MAE,2310,Strength of Materials,022575,"Kerrigan,Jason",001,15452,Engineering & Applied Science,3.61,112,17,35,24,16,9,7,2,2,0,0
2022 Spring,CS,6456,Operating Systems,006985,"Lin,Felix",001,16730,Engineering & Applied Science,3.85,35,0,25,7,0,3,0,0,0,0,0
2022 Spring,MAE,4710,Mechatronics,022605,"Garner,Gavin",100,15465,Engineering & Applied Science,3.47,75,18,16,12,12,8,3,1,2,1,2
2022 Spring,LAW,8805,Grad Legal Research/Writing II,042533,"Luu,Xinh",1,17482,School of Law,3.39,19,0,1,4,12,2,0,0,0,0,0
2022 Spring,LAW,7086,Jurisprudence,022015,"Barzun,Charles",1,17465,School of Law,3.55,15,0,3,7,1,4,0,0,0,0,0
2022 Spring,CHE,4561,Special Topics in Chem Engr,005470,"Unnerstall,Ronald",003,16724,Engineering & Applied Science,4.00,17,4,13,0,0,0,0,0,0,0,0
2022 Spring,LPPS,4730,Impact Investing,042311,"Nolde,Michael",001,16963,Batten Leadership & Public Pol,3.56,38,5,8,10,7,7,0,1,0,0,0
2022 Spring,STAT,5120,Applied Linear Models,036672,"Tang,Xiwei",001,11501,College & Graduate Arts & Sci,3.75,57,9,25,10,8,3,2,0,0,0,0
2022 Spring,LPPP,4991,Capstone Seminar,042163,"Leive,Adam",004,16976,Batten Leadership & Public Pol,3.53,13,1,2,7,0,1,1,1,0,0,0
2022 Spring,MUSI,3390,Intro to Music & Computers,024809,"Zaccagnini,Michele",100,20182,College & Graduate Arts & Sci,3.68,25,7,10,2,5,0,0,0,0,0,1
2022 Spring,ECE,6501,Topics: Elect & Computer Engr,007731,"Tao,Gang",602,20654,Engineering & Applied Science,2.90,6,1,0,3,0,0,0,1,0,0,1
2022 Spring,ARTH,3591,Art History Colloquium,042072,"Turner,Elizabeth",004,13443,College & Graduate Arts & Sci,3.74,10,3,1,4,2,0,0,0,0,0,0
2022 Spring,LPPA,7160,Rsch Mthds & Data Analysis II,038283,"Trillo,Daniel Tello",200,16968,Batten Leadership & Public Pol,3.51,46,12,4,10,9,8,1,0,2,0,0
2022 Spring,LPPP,6250,Policy Analysis,032142,"Player,Daniel",001,16970,Batten Leadership & Public Pol,3.54,46,0,16,11,11,7,0,0,0,0,1
2022 Spring,ETP,4010,Environmental Decisions,013700,"Kuhn,Mary",001,19800,College & Graduate Arts & Sci,3.91,14,0,12,1,0,1,0,0,0,0,0
2022 Spring,LAW,6006,Property,021565,"Nicoletti,Cynthia",AE,17397,School of Law,3.40,74,0,6,24,23,21,0,0,0,0,0
2022 Spring,EDLF,2050,What the Innovators Do,043697,"Kim,Chi",1,15301,School of Education and HumanDev,3.81,77,32,30,10,0,1,1,0,0,1,2
2022 Spring,RELH,2090,Hinduism,034386,"Nemec,John",100,18965,College & Graduate Arts & Sci,3.72,114,0,51,44,13,3,2,0,0,0,1
2022 Spring,ASL,4750,Contemporary Deaf Studies,003009,"Krentz,Christopher",001,13453,College & Graduate Arts & Sci,3.46,18,0,2,8,4,2,2,0,0,0,0
2022 Spring,ENWR,1510,Writing and Critical Inquiry,013432,"Keyser,Emelye",066,13092,College & Graduate Arts & Sci,3.75,17,0,8,6,2,1,0,0,0,0,0
2022 Spring,CHEM,1421,Intro College Chemistry II Lab,005994,"Morkowchuk,Lisa",032,12297,College & Graduate Arts & Sci,3.70,24,12,7,2,0,0,2,0,0,0,1
2022 Spring,COMM,3700,Markets and Investing,046289,"Finley,Edward",002,20193,McIntire School of Commerce,3.33,36,0,6,7,12,5,4,2,0,0,0
2022 Spring,CHEM,2321,Org Lab II Non-Chem Maj/Min,043155,"Chruma,Jason",001,11563,College & Graduate Arts & Sci,3.86,30,3,16,9,2,0,0,0,0,0,0
2022 Spring,LAW,6001,Constitutional Law,021552,"Mahoney,Julia",CH,17389,School of Law,3.40,76,0,3,25,34,14,0,0,0,0,0
2022 Spring,MAE,4620,ME Design II,037541,"Chelliah,Harsha",003,19652,Engineering & Applied Science,3.64,13,0,8,1,3,0,0,0,0,1,0
2022 Spring,SPAN,3000,Phonetics,035892,"Wellbeloved,Elizabeth A.",501,18519,College & Graduate Arts & Sci,3.57,14,2,7,1,2,0,1,0,0,0,1
2022 Spring,PLAN,6040,Quantitative Methods of Plan,031387,"Mondschein,Andrew",001,18668,School of Architecture,3.94,25,0,20,5,0,0,0,0,0,0,0
2022 Spring,STS,4600,Engr Ethcs Prof Responsibility,036750,"Baritaud,Catherine",010,15852,Engineering & Applied Science,3.53,29,0,12,7,4,4,0,1,0,0,1
2022 Spring,ECE,4140,Nanoelectronics,041970,"Ghosh,Avik",001,15863,Engineering & Applied Science,3.18,15,1,2,4,3,2,1,1,0,0,1
2022 Spring,ENGL,2508,Studies in Fiction,012491,"Gelly,Piers",004,19711,College & Graduate Arts & Sci,3.92,18,0,13,5,0,0,0,0,0,0,0
2022 Spring,STS,4600,Engr Ethcs Prof Responsibility,036750,"Foley,Rider",005,15525,Engineering & Applied Science,3.67,33,0,24,0,0,7,0,0,2,0,0
2022 Spring,MESA,3381,Spies in Action: Cine-Media,046092,"Sunya,Samhita",001,20398,College & Graduate Arts & Sci,3.37,35,2,15,9,2,2,0,1,0,1,3
2022 Spring,LAW,8625,Supreme Crt Litigatn Clin (YR),040085,"Johnson,Joshua",1,17417,School of Law,3.96,16,0,14,2,0,0,0,0,0,0,0
2022 Spring,LAW,6103,Corporations,021636,"Kordana,Kevin",2,17604,School of Law,3.46,58,0,7,11,39,1,0,0,0,0,0
2022 Spring,SYS,6007,Human Factors I,044552,"Bolton,Matthew",600,16735,Engineering & Applied Science,3.93,23,0,21,1,0,0,1,0,0,0,0
2022 Spring,MSE,2090,Intro to Materials Science,024402,"McDonnell,Stephen",002,15474,Engineering & Applied Science,3.27,119,8,31,19,21,13,11,5,4,2,5
2022 Spring,BME,6060,Biomedical Innovation,040984,"Rosen,Jonathan",001,16712,Engineering & Applied Science,4.00,10,4,6,0,0,0,0,0,0,0,0
2022 Spring,CHEM,5720,Methods in Bioanalytical Chem,005806,"Pompano,Rebecca",001,13098,College & Graduate Arts & Sci,3.26,5,2,1,0,1,0,0,0,0,0,1
2022 Spring,CHEM,2420,Organic Chemistry II,005699,"Frantz,Alicia",200,13095,College & Graduate Arts & Sci,2.59,236,0,16,18,22,45,38,24,31,21,21
2022 Spring,LAW,6006,Property,021565,"Schragger,Richard",BC,17396,School of Law,3.40,73,0,7,21,26,19,0,0,0,0,0
2022 Spring,CHE,6561,Special Topics in ChE,045727,"Letteri,Rachel",001,20397,Engineering & Applied Science,3.81,10,1,4,4,1,0,0,0,0,0,0
2022 Spring,CE,6450,Transportation Safety,004580,"Fontaine,Michael",600,16717,Engineering & Applied Science,3.80,5,1,2,1,1,0,0,0,0,0,0
2022 Spring,SYS,6018,Data Mining,036956,"Albert,Michael",700,16725,Engineering & Applied Science,3.81,15,3,7,3,1,0,1,0,0,0,0
2022 Spring,PHYS,1429,Intro Physics 1 Workshop,031036,"Khawaja,Adil Umar",024,21114,College & Graduate Arts & Sci,3.23,23,0,2,8,9,2,0,0,0,0,2
2022 Spring,MAE,3840,Mechanical Engineering Lab,022596,"Smith,Natasha",100,15461,Engineering & Applied Science,3.70,60,0,18,29,13,0,0,0,0,0,0
2022 Spring,LAW,8000,Advanced Legal Research,021685,"Boudouris,Kate",1,17399,School of Law,3.60,18,0,2,10,6,0,0,0,0,0,0
2022 Spring,MSE,6240,Kinetics Solid-State Reactions,024427,"Opila,Elizabeth",600,19661,Engineering & Applied Science,3.48,8,1,1,0,6,0,0,0,0,0,0
2022 Spring,ISSS,4314,World of Theodore Roosevelt,041489,"Haury,Clifford",101,19981,Continuing & Prof Studies,3.18,25,3,8,5,0,4,1,1,0,0,3
2022 Spring,LAW,9007,An American Half-Century,022323,"Setear,John",1,17512,School of Law,3.52,13,0,2,5,4,2,0,0,0,0,0
2022 Spring,COMM,4559,New Course: COMM,040853,"Smith,David",009,20401,McIntire School of Commerce,3.59,38,5,7,11,10,4,1,0,0,0,0
2022 Spring,LAW,7612,Genetics and the Law (SC),021696,"Siegal,Gil",1,20190,School of Law,3.22,12,0,1,1,3,7,0,0,0,0,0
2022 Spring,STS,4600,Engr Ethcs Prof Responsibility,036750,"Neeley,Kathryn",008,15527,Engineering & Applied Science,2.93,14,0,2,4,4,0,1,1,0,0,2
2022 Spring,MDST,4000,Media Theory and Methods,023559,"Ali,Christopher",001,12593,College & Graduate Arts & Sci,3.76,14,0,3,11,0,0,0,0,0,0,0
2022 Spring,COMM,3720,Intermediate Corporate Finance,006484,"Parham,Robert",006,20205,McIntire School of Commerce,3.67,12,1,4,4,1,2,0,0,0,0,0
2022 Spring,COMM,4690,Global Management,006532,"Seaborn,Paul",001,20469,McIntire School of Commerce,3.72,22,0,4,16,2,0,0,0,0,0,0
2022 Spring,ANTH,3590,Social & Cultural Anthropology,041002,"Barnes,Julia",005,20108,College & Graduate Arts & Sci,3.80,28,4,19,2,1,1,0,0,0,0,1
2022 Spring,LAW,8666,State-Local Gov Clin (YR-Spr),045973,"Block,Andrew",1,17560,School of Law,3.54,10,0,2,4,2,2,0,0,0,0,0
2022 Spring,EGMT,1530,Engaging Differences,044514,"Calamita,Francesca",210,19888,College & Graduate Arts & Sci,3.80,32,0,24,3,2,2,0,0,1,0,0
2022 Spring,CS,4501,Spec Top: Computer Science,006942,"Heo,Seongkook",004,16715,Engineering & Applied Science,3.88,49,1,34,11,2,1,0,0,0,0,0
2022 Spring,CHIN,1010,Elementary Chinese,006047,"Wang,Rui",001,12344,College & Graduate Arts & Sci,3.86,16,0,11,3,2,0,0,0,0,0,0
2022 Spring,MATH,1310,Calculus I,022953,"Maitra,Sarasij",400,19315,College & Graduate Arts & Sci,3.19,21,0,5,4,3,4,0,2,2,1,0
2022 Spring,LAW,7136,Regulatory Law and Policy,043252,"Livermore,Michael",1,17452,School of Law,3.56,11,0,3,2,6,0,0,0,0,0,0
2022 Spring,PHS,7410,DB Mngt: Analy Secondary Data,040252,"Pannone,Aaron",001,18260,Medical School - BIMS/PHS,3.99,24,4,19,1,0,0,0,0,0,0,0
2022 Spring,LPPS,4735,Exp Social Entrepreneurship,042312,"Addison,Andreas",001,16964,Batten Leadership & Public Pol,3.40,20,0,2,5,9,3,1,0,0,0,0
2022 Spring,ANTH,5475,Multimodal Interaction,044544,"Sicoli,Mark",001,19636,College & Graduate Arts & Sci,3.95,6,2,3,1,0,0,0,0,0,0,0
2022 Spring,COMM,4559,New Course: COMM,040853,"Smith,David",008,20400,McIntire School of Commerce,3.86,25,2,15,5,3,0,0,0,0,0,0
2022 Spring,ARAH,9570,Sem Arch of the Americas,039182,"Nelson,Louis",001,18434,College & Graduate Arts & Sci,3.93,8,0,6,2,0,0,0,0,0,0,0
2022 Spring,PHYS,2040,Princip of Physics 2 Workshop,030812,"Bychkov,Maxim Aleksandrovich",010,19348,College & Graduate Arts & Sci,4.00,15,2,13,0,0,0,0,0,0,0,0
2022 Spring,EGMT,1540,Ethical Engagement,044515,"Bagaria,Swayam",100,19890,College & Graduate Arts & Sci,3.92,40,13,17,9,1,0,0,0,0,0,0
2022 Spring,LAW,7816,Postgrad Pub Int Fellow (SC),045998,"Kim,Annie",1,17715,School of Law,3.48,5,0,0,3,1,1,0,0,0,0,0
2022 Spring,PHYS,2415,Intro Physics 2 for Engineers,031076,"Shields,Matthew",002,19323,College & Graduate Arts & Sci,3.33,50,0,14,17,4,4,6,1,1,1,2
2022 Spring,PHS,7120,Comp Effect and Outcomes,030373,"Lobo,Jennifer",001,18261,Medical School - BIMS/PHS,4.00,10,5,5,0,0,0,0,0,0,0,0
2022 Spring,ARCH,5114,Sust & Sys in Built Environ,045890,"Klotz,Leidy",001,20473,School of Architecture,3.49,7,0,4,1,0,0,1,0,1,0,0
2022 Spring,CHEM,1421,Intro College Chemistry II Lab,005994,"Morkowchuk,Lisa",010,10735,College & Graduate Arts & Sci,3.90,24,12,7,4,0,0,1,0,0,0,0
2022 Spring,LAW,7144,Negotiation,043847,"Sachs,Benjamin",2,17575,School of Law,3.57,30,0,4,13,13,0,0,0,0,0,0
2022 Spring,ANTH,3541,Topics in Linguistics,041156,"Hoequist,Ida",001,20460,College & Graduate Arts & Sci,3.46,29,5,14,0,4,3,0,0,1,0,2
2022 Spring,LAW,8667,Fed Crim Sent Reduc Clinic,045976,"Lantz,Andrea",1,17605,School of Law,3.40,5,0,0,2,2,1,0,0,0,0,0
2022 Spring,LPPP,4991,Capstone Seminar,042163,"Martin,Paul",002,16975,Batten Leadership & Public Pol,3.69,14,0,8,2,1,3,0,0,0,0,0
2022 Spring,LAW,6104,Evidence,021648,"Schauer,Frederick",2,17585,School of Law,3.40,82,0,10,23,29,15,4,1,0,0,0
2022 Spring,LAW,8615,Litgtn/Housing Law Clinic (YR),040055,"Horrock,Victoria",1,17402,School of Law,3.68,5,0,1,3,1,0,0,0,0,0,0
2022 Spring,BIOL,3250,Intro to Animal Behavior,003550,"Kawasaki,Masashi",001,11518,College & Graduate Arts & Sci,3.14,87,5,11,17,16,15,10,2,5,3,3
2022 Spring,LPPS,4260,Politics of Development,046571,"Johannessen,Peter",001,20277,Batten Leadership & Public Pol,3.73,18,2,4,9,3,0,0,0,0,0,0
2022 Spring,COMM,4730,Adv Inv: Derivates & Fixed Inc,006536,"Dennis,Patrick",001,20261,McIntire School of Commerce,3.26,10,0,1,1,3,5,0,0,0,0,0
2022 Spring,LAW,6001,Constitutional Law,021552,"Prakash,Saikrishna",BG,17387,School of Law,3.40,75,1,7,20,27,19,1,0,0,0,0
2022 Spring,CHEM,2420,Organic Chemistry II,005699,"Serbulea,Laura L",500,11252,College & Graduate Arts & Sci,3.61,20,2,10,1,3,3,0,0,0,1,0
2022 Spring,CHEM,1421,Intro College Chemistry II Lab,005994,"Morkowchuk,Lisa",011,10736,College & Graduate Arts & Sci,3.81,23,12,3,6,0,0,2,0,0,0,0
2022 Spring,PHYS,1425,Intro Physics 1 for Engineers,031032,"Norum,Blaine",001,10339,College & Graduate Arts & Sci,3.19,148,5,16,39,25,21,29,2,4,4,3
2022 Spring,KOR,1020,Elementary Korean II,020865,"CHOI,YOON HWA",003,13088,College & Graduate Arts & Sci,3.66,18,1,6,7,1,2,1,0,0,0,0
2022 Spring,ENWR,1510,Writing and Critical Inquiry,013432,"Patel,Nehali",063,13089,College & Graduate Arts & Sci,3.94,14,0,11,3,0,0,0,0,0,0,0
2022 Spring,FREN,1020,Elementary French II,014274,"Nicewonger,Ashton",004,11680,College & Graduate Arts & Sci,3.45,11,0,1,4,4,2,0,0,0,0,0
2022 Spring,LPPL,3450,Resilient Leadership for Teams,044867,"Davis,Timothy",100,16972,Batten Leadership & Public Pol,3.67,28,0,11,9,5,3,0,0,0,0,0
2022 Spring,PLAP,4500,Special Topics,031588,"Savage,James",004,20464,College & Graduate Arts & Sci,3.76,13,0,4,8,1,0,0,0,0,0,0
2022 Spring,EDIS,3060,Poverty and the Young Child,045749,"Lydic,Sarah",501,20136,School of Education and HumanDev,3.95,26,16,9,0,0,0,1,0,0,0,0
2022 Spring,ISLS,3000,Transformations: Liberal Arts,044252,"Henry,Robert",103,20742,Continuing & Prof Studies,3.95,11,0,9,2,0,0,0,0,0,0,0
2022 Spring,PSPA,5030,Public Budgeting and Fin. Mgmt,040510,"Beckett,Corey",701,20046,Continuing & Prof Studies,3.82,11,8,2,0,0,0,0,0,1,0,0
2022 Spring,ISLS,3000,Transformations: Liberal Arts,044252,"Matthews,Charlotte",102,20736,Continuing & Prof Studies,3.75,17,0,9,5,1,2,0,0,0,0,0
2022 Spring,PHY,8041,Physiology B,042507,"Yan,Zhen",001,18121,Medical School - BIMS/PHS,3.57,6,0,2,2,0,2,0,0,0,0,0
2022 Spring,PSPM,5290,Agile Project Management,043656,"Parente,Susan",701,20049,Continuing & Prof Studies,3.53,22,0,13,2,2,3,1,0,0,0,1
2022 Spring,SWAH,1020,Introductory Swahili II,036871,"Heddi,Asmaha",001,12354,College & Graduate Arts & Sci,3.78,15,0,11,2,1,0,0,0,1,0,0
2022 Spring,PLAD,2222,Research Methods,040882,"Zhirkov,Kirill",001,17884,College & Graduate Arts & Sci,3.81,28,3,14,9,0,0,2,0,0,0,0
2022 Spring,FORU,2500,Forum Capstone Experience,044895,"Hamilton,Jack",003,12394,College & Graduate Arts & Sci,3.70,32,0,21,5,3,2,0,0,0,0,1
2022 Spring,LPPA,4250,Economics of Public Policy,042162,"Johnson,Terence",100,16954,Batten Leadership & Public Pol,3.96,74,47,21,4,2,0,0,0,0,0,0
2022 Spring,KINE,3400,Nutrition,009128,"Kranz,Sibylle",1,15277,School of Education and HumanDev,3.87,136,53,61,6,8,3,3,2,0,0,0
2022 Spring,GCOM,7870,Foundations of Global Commerce,038183,"Maillet,Peter",004,20267,McIntire School of Commerce,3.45,38,0,11,8,7,7,5,0,0,0,0
2022 Spring,ARTS,2220,Introduction to New Media I,002858,"Lyon,Calista",001,21031,College & Graduate Arts & Sci,3.71,10,4,2,2,0,1,1,0,0,0,0
2022 Spring,COMM,4522,Topics in BA,046287,"Mousavi,Reza",003,20252,McIntire School of Commerce,3.57,31,2,7,13,3,4,1,0,1,0,0
2022 Spring,LPPP,4210,Ethics in Public Policy,042160,"Campanelli,Richard",002,16957,Batten Leadership & Public Pol,3.46,39,7,10,6,4,4,4,3,1,0,0
2022 Spring,PSYC,7155,Subjective Well-Being,040851,"Oishi,Shigehiro",001,19006,College & Graduate Arts & Sci,3.94,5,3,1,1,0,0,0,0,0,0,0
2022 Spring,EGMT,1540,Ethical Engagement,044515,"Bagaria,Swayam",107,19894,College & Graduate Arts & Sci,3.88,27,13,9,2,1,2,0,0,0,0,0
2022 Spring,ECE,3502,Special Topics ECE,040914,"Delong,Todd",002,20937,Engineering & Applied Science,3.91,14,10,2,1,0,1,0,0,0,0,0
2022 Spring,LAW,8608,Criminal Defense Clinic,021957,"Hemenway,Michael",1,17426,School of Law,3.53,7,0,0,4,3,0,0,0,0,0,0
2022 Spring,LAW,9338,Rethinking Criminal Justice,045982,"Stevenson,Megan",1,17599,School of Law,3.40,9,0,0,3,5,1,0,0,0,0,0
2022 Spring,ECE,4103,Renewable Energy Conversion,045001,"Zebarjadi,Mona",001,16713,Engineering & Applied Science,2.86,12,0,2,1,2,3,0,0,2,1,1
2022 Spring,SEC,3040,Writing and Comm in Tech,045343,"Joyce,Chad",701,20050,Continuing & Prof Studies,2.89,15,0,9,2,0,0,0,0,0,0,4
2022 Spring,CS,6888,Software Analysis,045682,"Soffa,Mary",001,20614,Engineering & Applied Science,3.85,22,4,11,5,1,1,0,0,0,0,0
2022 Spring,LAW,7185,Business Planning,045968,"Franks,Harry",1,17706,School of Law,3.50,36,0,3,15,15,3,0,0,0,0,0
2022 Spring,LAW,9330,Educ in US Prisons Seminar,045782,"Robinson,Gerard",1,17829,School of Law,3.41,13,0,2,4,5,0,1,1,0,0,0
2022 Spring,CHEM,5610,Teaching for the Science Class,045874,"Stains,Marilyne",001,17883,College & Graduate Arts & Sci,4.00,5,2,3,0,0,0,0,0,0,0,0
2022 Spring,ENGL,3260,Milton,012904,"Kinney,James",001,19262,College & Graduate Arts & Sci,3.33,20,0,2,5,8,3,1,0,1,0,0
2022 Spring,PSYC,4500,Spec Tops: Psychology,032600,"Golino,Mariana",005,19001,College & Graduate Arts & Sci,3.90,22,3,15,3,0,0,1,0,0,0,0
2022 Spring,DRAM,8410,Movement: Stage Combat Skills,007490,"Kubik,Marianne",001,19082,College & Graduate Arts & Sci,3.65,8,0,1,6,0,1,0,0,0,0,0
2022 Spring,ENGL,4500,Seminar in English Literature,045452,"Woolfork,Lisa",001,19107,College & Graduate Arts & Sci,3.70,11,2,5,1,0,3,0,0,0,0,0
2022 Spring,CS,4750,Database Systems,006934,"Praphamontripong,Upsorn",001,16014,Engineering & Applied Science,3.49,147,3,58,37,15,18,4,5,2,1,4
2022 Spring,GNUR,8435,Scholarship in Research Ethics,044931,"Marshall,Mary",001,17209,School of Nursing,4.00,5,2,3,0,0,0,0,0,0,0,0
2022 Spring,EDHS,2240,Substance Abuse,009090,"Pleszkoch,Elisabeth",1,14945,School of Education and HumanDev,3.62,76,0,33,22,11,5,2,1,0,1,1
2022 Spring,LAW,7038,Disability Law,021664,"Forde-Mazrui,Kim",1,17691,School of Law,3.45,6,0,0,3,2,1,0,0,0,0,0
2022 Spring,MAE,6430,Statistics Engrs & Scientists,022669,"Guadagni,Gianluca",600,16281,Engineering & Applied Science,3.55,11,0,7,3,0,0,0,0,0,0,1
2022 Spring,GETR,3392,Fairy Tales,045570,"Schmid,Marcel",001,19764,College & Graduate Arts & Sci,3.96,30,0,26,4,0,0,0,0,0,0,0
2022 Spring,EDLF,5040,Education and Neuroscience,046604,"Grammer,Jennie",1,21038,School of Education and HumanDev,3.77,36,17,10,6,0,1,1,0,0,0,1
2022 Spring,ENGL,4520,Seminar Renaissance Literature,012910,"Kinney,Clare",001,19100,College & Graduate Arts & Sci,3.70,18,0,6,9,1,2,0,0,0,0,0
2022 Spring,ARTS,2632,Life Drawing II,002875,"Taylor,Jackson",001,18430,College & Graduate Arts & Sci,3.79,14,3,6,2,2,1,0,0,0,0,0
2022 Spring,PLAN,2030,"Neighborhoods, Comm & Regions",046298,"Moomaw,Suzanne",001,18664,School of Architecture,3.53,67,1,20,19,13,9,3,1,0,1,0
2022 Spring,GSVS,3020,Sustainable Design Thinking II,046174,"Groves,James",001,18652,College & Graduate Arts & Sci,3.91,10,0,7,3,0,0,0,0,0,0,0
2022 Spring,EDIS,5041,Behav & Classroom Management,009428,"Collins,Lauren",500,18655,School of Education and HumanDev,3.84,23,11,6,3,2,0,1,0,0,0,0
2022 Spring,DANC,3559,New Course: DANC,043144,"Schetlick,Kathryn",001,19058,College & Graduate Arts & Sci,3.77,11,0,4,6,1,0,0,0,0,0,0
2022 Spring,EDHS,4150,Intro to Aural (Re)Hab,045580,"Turner,Cassandra",1,15272,School of Education and HumanDev,3.82,30,5,21,2,1,0,0,0,0,0,1
2022 Spring,RELG,7559,New Course: RELG,040320,"Hedstrom,Matthew",002,19073,College & Graduate Arts & Sci,3.62,6,0,4,0,0,1,1,0,0,0,0
2022 Spring,LAW,9240,Con Law II: Poverty,043825,"Goluboff,Risa",1,17598,School of Law,3.68,26,0,4,18,4,0,0,0,0,0,0
2022 Spring,CS,2150,Program & Data Representation,006881,"Floryan,Mark",002,16080,Engineering & Applied Science,2.89,184,4,46,24,23,16,7,18,20,5,21
2022 Spring,CS,4501,Spec Top: Computer Science,006942,"Stankovic,John",006,16816,Engineering & Applied Science,3.58,37,0,15,15,2,2,1,0,0,1,1
2022 Spring,STS,2500,S & T in Soc & Global Context,036734,"Jones,Jason",003,16274,Engineering & Applied Science,3.68,28,0,10,11,5,1,1,0,0,0,0
2022 Spring,FREN,2020,Intermediate French II,014316,"Onyima,Nnenna",006,10185,College & Graduate Arts & Sci,3.57,20,0,7,7,4,0,0,1,1,0,0
2022 Spring,CELL,8301,Adv Topics in Cell Biology,042509,"Lu,Xiaowei",001,18130,Medical School - BIMS/PHS,3.95,11,3,6,2,0,0,0,0,0,0,0
2022 Spring,LAW,8811,Independent Research,040388,"Geis,George",1B,21170,School of Law,3.81,8,0,3,5,0,0,0,0,0,0,0
2022 Spring,ARCH,5500,Special Topics in Architecture,001621,"Clark,William",001,20316,School of Architecture,3.53,17,0,3,6,6,2,0,0,0,0,0
2022 Spring,ECE,2330,Digital Logic Design,007674,"Johnson,Barry",001,16284,Engineering & Applied Science,3.77,163,71,67,5,5,4,3,1,1,1,5
2022 Spring,MAE,6710,Finite Element Analysis,022680,"Panzer,Matthew",600,16282,Engineering & Applied Science,3.59,12,2,5,3,0,1,0,0,0,0,1
2022 Spring,EDLF,3150,Intro Chld Growth & Developmnt,009660,"Jirout,Jamie",002,15198,School of Education and HumanDev,3.64,38,1,25,6,1,1,0,1,0,2,1
2022 Spring,EGMT,1540,Ethical Engagement,044515,"Elia,Matt",102,19892,College & Graduate Arts & Sci,3.68,39,14,19,2,1,0,0,0,0,0,3
2022 Spring,LPPS,3050,Intro to Soc Entrepreneurship,042310,"Addison,Andreas",001,16985,Batten Leadership & Public Pol,3.22,45,0,0,11,20,11,2,0,0,0,1
2022 Spring,NASC,2200,Navigation,025308,"Fuller,Zachary",003,21161,Executive VP & Provost,3.61,14,0,7,1,5,0,0,1,0,0,0
2022 Spring,CE,3010,Project Business Planning,046521,"Duran,Diana Franco",001,20032,Engineering & Applied Science,3.63,38,3,12,12,4,5,2,0,0,0,0
2022 Spring,EDIS,7751,Literacy Leadership Coaching,041923,"Austin,Ottilie",500,17335,School of Education and HumanDev,3.92,17,0,15,1,0,1,0,0,0,0,0
2022 Spring,HIUS,2051,War and the Making of America,019530,"Varon,Elizabeth",100,13365,College & Graduate Arts & Sci,3.63,48,1,14,23,5,3,1,0,0,0,1
2022 Spring,PHIL,2500,Survey on a PhilosophicalTopic,043637,"Lomasky,Loren",002,13944,College & Graduate Arts & Sci,3.22,25,0,6,6,3,3,2,1,3,1,0
2022 Spring,ENWR,1510,Writing and Critical Inquiry,013432,"Ard,DeVan",011,10603,College & Graduate Arts & Sci,3.66,17,0,5,8,2,2,0,0,0,0,0
2022 Spring,SOC,2559,New Course: SOC,039373,"Bair,Jennifer",001,20539,College & Graduate Arts & Sci,3.08,13,0,1,2,5,1,2,0,1,1,0
2022 Spring,EDLF,3460,"Race, Identity, Development",044065,"Winchester,Lesley",1,15280,School of Education and HumanDev,3.65,15,0,9,3,0,2,0,0,0,1,0
2022 Spring,MAE,2310,Strength of Materials,022575,"Pindera,Marek-Jerzy",002,16280,Engineering & Applied Science,2.85,19,3,3,1,4,2,0,2,0,1,3
2022 Spring,PSYC,4500,Spec Tops: Psychology,032600,"Davis,Alida",002,18998,College & Graduate Arts & Sci,3.63,20,0,6,8,4,1,1,0,0,0,0
2022 Spring,ENGL,3610,Global Cultural Studies,044436,"Levenson,Michael",200,19102,College & Graduate Arts & Sci,3.77,53,0,37,10,1,1,1,1,1,0,1
2022 Spring,RELG,3559,New Course: RELG,039193,"Nemec,John",002,19072,College & Graduate Arts & Sci,4.00,18,2,16,0,0,0,0,0,0,0,0
2022 Spring,DRAM,9430,Voice: Dialects,007549,"Close,Tovah",001,19086,College & Graduate Arts & Sci,3.76,8,0,3,4,1,0,0,0,0,0,0
2022 Spring,ENGL,4560,Seminar Modern & Contemp Lit,012608,"Seitz,James",002,19241,College & Graduate Arts & Sci,3.87,15,0,11,3,0,1,0,0,0,0,0
2022 Spring,ECE,6850,Intro to Control Systems,045743,"Lin,Zongli",001,16651,Engineering & Applied Science,3.69,13,2,7,1,1,1,0,0,1,0,0
2022 Spring,STS,4600,Engr Ethcs Prof Responsibility,036750,"Ferguson,Sean",007,16277,Engineering & Applied Science,3.89,29,0,26,1,0,1,0,0,1,0,0
2022 Spring,BME,2315,Computational BME,004067,"Rohde,Gustavo",001,16313,Engineering & Applied Science,3.75,66,24,21,7,6,6,1,0,0,0,1
2022 Spring,MAE,3820,Aerodynamics Laboratory,022595,"Smith,Natasha",100,15458,Engineering & Applied Science,3.81,44,2,27,9,3,2,0,1,0,0,0
2022 Spring,ENGL,2506,Studies in Poetry,012488,"Gottschlich,Michelle",001,20640,College & Graduate Arts & Sci,3.89,20,8,9,1,0,2,0,0,0,0,0
2022 Spring,PLIR,4430,"Empire, Hegemony, Leadership",040541,"Owen,John",001,20387,College & Graduate Arts & Sci,3.54,14,0,4,3,6,0,1,0,0,0,0
2022 Spring,LPPL,3480,Leadership: US Policy to China,045752,"Harding,Harry",001,17044,Batten Leadership & Public Pol,3.76,12,0,5,5,2,0,0,0,0,0,0
2022 Spring,ENGR,1624,Introduction to Engineering,045087,"Williams,Keith",002,16441,Engineering & Applied Science,3.84,21,4,13,2,0,1,0,1,0,0,0
2022 Spring,ENGL,3500,Studies in English Literature,045449,"Pasanek,Brad",001,19104,College & Graduate Arts & Sci,3.71,27,3,13,8,0,1,0,0,1,1,0
2022 Spring,MUSI,2307,Play Guitar! I,045484,"Rosensky,Michael",001,19119,College & Graduate Arts & Sci,3.75,17,0,9,4,3,1,0,0,0,0,0
2022 Spring,GNUR,8620,Quality & Safety Hlthcare Sys,017065,"Friberg,Elizabeth",001,17077,School of Nursing,3.86,18,9,5,2,0,2,0,0,0,0,0
2022 Spring,HIME,2002,Modern Middle East,018858,"Kahlenberg,Caroline",100,13360,College & Graduate Arts & Sci,3.79,57,8,36,10,1,0,0,0,0,0,2
2022 Spring,PHS,3130,Intro to Hlth Resrch Methods,043175,"Pannone,Aaron",001,13887,College & Graduate Arts & Sci,3.58,19,10,7,0,0,0,0,0,0,0,2
2022 Spring,EVSC,4140,Global Coastal Change,042705,"Mcglathery,Karen",001,19078,College & Graduate Arts & Sci,3.61,20,0,7,9,2,1,0,0,0,0,1
2022 Spring,DEM,7501,Democracy Seminar II,045926,"Dubois,Laurent Marc",001,19244,College & Graduate Arts & Sci,3.94,14,3,8,3,0,0,0,0,0,0,0
2022 Spring,EDLF,7813,Leadership for EdTech,042239,...,500,17351,School of Education and HumanDev,4.00,22,6,16,0,0,0,0,0,0,0,0
2022 Spring,MUSI,4559,New Course: MUSIC,042851,"Christie,Alexander",001,19261,College & Graduate Arts & Sci,3.84,12,0,7,4,1,0,0,0,0,0,0
2022 Spring,EDLF,7807,LEAD I,009747,"Spicer,David Eddy",500,17346,School of Education and HumanDev,3.77,14,2,5,5,1,1,0,0,0,0,0
2022 Spring,MAE,6070,Theory of Elasticity,022646,"Xu,Baoxing",001,16003,Engineering & Applied Science,3.90,10,1,7,1,1,0,0,0,0,0,0
2022 Spring,LPPA,7110,Economics of Public Policy II,032140,"Ruhm,Christopher",100,16958,Batten Leadership & Public Pol,3.46,39,0,8,13,11,4,1,0,2,0,0
2022 Spring,ENGL,5830,World Religions & Literatures,044818,"Cushman,Stephen",001,19090,College & Graduate Arts & Sci,3.92,15,0,11,4,0,0,0,0,0,0,0
2022 Spring,GNUR,6027,Adv Pharm Specialty Sem,046407,"Wiencek,Clareen",002,18456,School of Nursing,3.99,21,13,7,1,0,0,0,0,0,0,0
2022 Spring,ENGL,3515,Medieval European Lit in Trans,012674,"Baker,Peter",001,19254,College & Graduate Arts & Sci,3.87,27,0,24,0,1,1,0,1,0,0,0
2022 Spring,EDIS,5014,Trauma Sensitive Classroom,045539,"Jennings,Tish",500,18653,School of Education and HumanDev,3.91,21,0,17,3,0,1,0,0,0,0,0
2022 Spring,ISHU,4180,The Nature of the Hero,040282,"Henry,Robert",101,19972,Continuing & Prof Studies,3.71,17,3,10,3,0,0,0,0,0,0,1
2022 Spring,LAW,9263,Government Contract Law,044206,"Smith,Gregory",1,17831,School of Law,3.44,15,0,3,3,7,0,2,0,0,0,0
2022 Spring,LPPL,6050,Leadership in the Public Arena,040971,"Pennock,Andrew",100,16973,Batten Leadership & Public Pol,3.70,48,0,24,12,6,4,2,0,0,0,0
2022 Spring,AIRS,4200,Natl Sec Affairs/Prep Act Duty,000297,"Hough,Michael",001,14305,Executive VP & Provost,4.00,10,4,6,0,0,0,0,0,0,0,0
2022 Spring,STS,4810,New Product Development,037153,"Archer,Rob",002,16278,Engineering & Applied Science,3.84,29,0,15,13,1,0,0,0,0,0,0
2022 Spring,EDIS,4350,Interaction with Intention,045392,"Leach,Allison",1,19705,School of Education and HumanDev,3.80,21,3,13,3,0,0,0,2,0,0,0
2022 Spring,MUSI,3342,Learn to Groove Advanced,045762,"Jospe,Robert",001,13909,College & Graduate Arts & Sci,4.00,10,5,5,0,0,0,0,0,0,0,0
2022 Spring,MAE,3220,Aerodynamics,022583,"Ma,Lin",001,15456,Engineering & Applied Science,3.22,36,1,13,2,1,14,0,1,2,0,2
2022 Spring,SPAN,4709,Modern Spanish Art,036328,"Wellbeloved,Elizabeth A.",501,18539,College & Graduate Arts & Sci,3.74,10,0,6,2,0,2,0,0,0,0,0
2022 Spring,HIEA,1501,Intro Sem in East Asian Hist,018286,"Stolz,Robert",002,13358,College & Graduate Arts & Sci,3.67,12,0,5,4,1,2,0,0,0,0,0
2022 Spring,ARCH,4020,Independent Design Res Studio,001547,"Putalik,Erin",007,20166,School of Architecture,3.61,10,0,3,4,1,2,0,0,0,0,0
2022 Spring,EGMT,1510,Engaging Aesthetics,044512,"Mikkelson,Jane",208,19874,College & Graduate Arts & Sci,3.97,38,13,21,4,0,0,0,0,0,0,0
2022 Spring,LPPP,6250,Policy Analysis,032142,"Player,Daniel",002,16971,Batten Leadership & Public Pol,3.47,36,0,9,10,12,2,0,2,0,1,0
2022 Spring,PHYS,1429,Intro Physics 1 Workshop,031036,"AbdelMalak,Andrew",021,10360,College & Graduate Arts & Sci,3.42,25,0,1,10,8,6,0,0,0,0,0
2022 Spring,CS,4501,Spec Top: Computer Science,006942,"Behl,Madhur",003,16293,Engineering & Applied Science,3.76,43,18,14,5,2,1,0,0,1,2,0
2022 Spring,ECON,2559,New Course: ECON,038665,"Bair,Jennifer",001,20540,College & Graduate Arts & Sci,3.40,101,3,16,36,24,13,2,2,1,1,3
2022 Spring,PSPS,6010,Constitutional Framework of PS,046293,"Johnson,Carolyn Hess",502,20054,Continuing & Prof Studies,3.92,42,1,31,9,1,0,0,0,0,0,0
2022 Spring,PHYS,1429,Intro Physics 1 Workshop,031036,"AbdelMalak,Andrew",010,10351,College & Graduate Arts & Sci,3.08,26,0,0,7,3,12,1,1,1,0,1
2022 Spring,ANTH,2541,Topics in Linguistics,041155,"Wendte,Nathan",001,19364,College & Graduate Arts & Sci,3.58,29,0,12,10,3,3,0,0,0,0,1
2022 Spring,CHE,4442,Applied Surface Chemistry,005465,"Green,David",001,16414,Engineering & Applied Science,3.58,12,0,8,0,0,3,0,0,1,0,0
2022 Spring,ANTH,5549,Top:Theoretical Ling&Ling Anth,000858,"Dobrin,Lise",001,20786,College & Graduate Arts & Sci,3.82,5,0,2,3,0,0,0,0,0,0,0
2022 Spring,PSPS,6010,Constitutional Framework of PS,046293,"Johnson,Carolyn Hess",501,20052,Continuing & Prof Studies,3.97,47,0,42,5,0,0,0,0,0,0,0
2022 Spring,CS,2120,Discrete Math and Theory 1,046227,"Morrison,Briana",002,20724,Engineering & Applied Science,3.41,149,9,64,19,12,22,6,3,6,0,8
2022 Spring,ENGL,3560,Studies in Mod & Contemp Lit,039235,"Edmundson,Mark",003,20764,College & Graduate Arts & Sci,3.60,26,2,11,5,2,3,2,0,1,0,0
2022 Spring,SPAN,3410,Survey Span Lit II (1700-Pres),035909,"Wellbeloved,Elizabeth A.",501,18527,College & Graduate Arts & Sci,3.19,14,0,1,8,1,1,1,0,0,0,2
2022 Spring,EGMT,1520,Empirical Engagement,044513,"Johnson,Kelsey",107,19876,College & Graduate Arts & Sci,3.55,32,1,11,11,2,4,0,2,0,1,0
2022 Spring,ANTH,3590,Social & Cultural Anthropology,041002,"Flynn-Sollish,Gregory",006,20783,College & Graduate Arts & Sci,3.68,23,5,12,1,3,1,0,0,0,0,1
2022 Spring,EVEC,7170,Spatial Ecology,045112,"Castorani,Max",001,13220,College & Graduate Arts & Sci,4.00,8,3,5,0,0,0,0,0,0,0,0
2022 Spring,LPPS,3559,New Course in PP & Lead,045808,"Dictus,Christopher",001,20646,Batten Leadership & Public Pol,3.45,15,0,6,1,2,4,2,0,0,0,0
2022 Spring,GCNL,5250,CNL in Health Care System,015370,"DeGuzman,Pam",001,17095,School of Nursing,3.86,53,0,28,25,0,0,0,0,0,0,0
2022 Spring,FREN,3037,French for Global Development,046549,"James,Karen",001,20676,College & Graduate Arts & Sci,3.84,19,1,16,0,0,1,0,0,1,0,0
2022 Spring,BIOL,4610,Molecular Evolution,044411,"Bergland,Alan",001,18638,College & Graduate Arts & Sci,3.82,36,0,23,7,5,1,0,0,0,0,0
2022 Spring,BIMS,8601,Computational Genomics,046614,"Bekiranov,Stefan",001,21305,Medical School - BIMS/PHS,3.90,10,2,6,1,1,0,0,0,0,0,0
2022 Spring,CE,3222,Water Resources Eng Workshop,045591,"Band,Lawrence",001,16624,Engineering & Applied Science,3.66,37,11,16,2,2,3,0,1,0,0,2
2022 Spring,HIEU,3559,New Course: HIEU,039253,"Kershaw,Paul",100,18977,College & Graduate Arts & Sci,3.42,27,0,11,4,7,2,1,0,0,1,1
2022 Spring,SPAN,4040,Translation Spanish to English,035927,"Wellbeloved,Elizabeth A.",501,18529,College & Graduate Arts & Sci,3.30,21,0,6,9,0,0,2,1,0,2,1
2022 Spring,BIOP,8410,Quantitative Biophysics,046628,"Kasson,Peter",001,21368,Medical School - BIMS/PHS,3.78,6,1,3,1,0,1,0,0,0,0,0
2022 Spring,LAW,7160,Computer Crime,044272,"Bamzai,Aditya",1,17542,School of Law,3.57,76,0,18,25,28,4,1,0,0,0,0
2022 Spring,HIUS,2053,American Slavery,044872,"Edwards,Justene Hill",100,18812,College & Graduate Arts & Sci,3.33,55,0,11,18,8,6,6,2,3,0,1
2022 Spring,DS,6002,Ethics of Big Data I,043459,"Wylie,Caitlin Donahue",001,18829,School of Data Science,3.93,8,0,6,2,0,0,0,0,0,0,0
2022 Spring,ECON,1559,New Course: ECON,038664,"Holt,Charles",001,20642,College & Graduate Arts & Sci,3.91,10,3,4,3,0,0,0,0,0,0,0
2022 Spring,COMM,5460,Taxes & Business Strategy,006557,"Seidman,Jeri",001,14656,McIntire School of Commerce,3.46,38,3,9,5,7,14,0,0,0,0,0
2022 Spring,LAW,9363,Medicalization and Law,046507,"Konnoth,Craig",1,18644,School of Law,3.41,14,0,4,4,0,4,1,1,0,0,0
2022 Spring,DS,6013,DS Capstone Work II,043919,"Shakeri,Heman",003,18842,School of Data Science,4.00,12,4,8,0,0,0,0,0,0,0,0
2022 Spring,RELI,5094,What is Love?,045835,"Ogunnaike,Oludamini",001,19022,College & Graduate Arts & Sci,3.87,9,3,2,4,0,0,0,0,0,0,0
2022 Spring,PSYC,4280,Neural Basis of Empathy,045945,"Clabough,Erin",001,19071,College & Graduate Arts & Sci,3.85,15,5,7,1,0,2,0,0,0,0,0
2022 Spring,AMST,3559,New Course: AMST,038536,"Proenza-Coles,Christina",002,20208,College & Graduate Arts & Sci,3.67,18,0,12,0,0,6,0,0,0,0,0
2022 Spring,SPAN,4706,Spanish 20th Century History,039960,"Wellbeloved,Elizabeth A.",501,18536,College & Graduate Arts & Sci,3.83,11,1,5,4,1,0,0,0,0,0,0
2022 Spring,HIUS,3501,Introductory History Workshop,046577,"Balogh,Brian",001,20463,College & Graduate Arts & Sci,3.28,12,2,4,2,1,0,1,0,1,0,1
2022 Spring,MUSI,3307,Play Guitar! Level 2,046568,"Rosensky,Michael",001,20770,College & Graduate Arts & Sci,3.76,13,0,6,6,0,0,1,0,0,0,0
2022 Spring,ENGL,8270,Renaissance Drama,012934,"Maus,Katharine",001,19263,College & Graduate Arts & Sci,3.44,9,0,6,0,1,0,1,0,0,0,1
2022 Spring,HIUS,1501,Introductory Sem in U.S. Hist,019492,"McBrien,Justin",001,19993,College & Graduate Arts & Sci,3.90,12,1,7,4,0,0,0,0,0,0,0
2022 Spring,ECE,6502,Spec Top:Elect & Computer Engr,007732,"Stan,Mircea",002,16204,Engineering & Applied Science,3.97,9,2,6,1,0,0,0,0,0,0,0
2022 Spring,LAW,8018,Trusts and Estates,021754,"Doran,Michael",1,17506,School of Law,3.58,90,4,23,17,40,6,0,0,0,0,0
2022 Spring,LAW,7184,Innovating for Defense,045744,"Nachbar,Thomas",1,17533,School of Law,3.55,6,0,1,2,3,0,0,0,0,0,0
2022 Spring,EGMT,1520,Empirical Engagement,044513,"Fredner,Erik",110,20403,College & Graduate Arts & Sci,3.88,34,0,28,4,1,0,0,0,0,1,0
2022 Spring,FREN,4580,Advanced Topics in Literature,039236,"Boutaghou,Ferial",002,20677,College & Graduate Arts & Sci,3.60,13,1,7,4,0,0,0,0,0,0,1
2022 Spring,ARTH,3591,Art History Colloquium,042072,"Betzer,Sarah",001,13440,College & Graduate Arts & Sci,3.46,14,0,2,6,2,3,1,0,0,0,0
2022 Spring,GCOM,7160,Brand Management & Strategy,043912,"Heilman,Carrie",1,14702,McIntire School of Commerce,3.68,55,0,19,23,7,6,0,0,0,0,0
2022 Spring,PSYC,4500,Spec Tops: Psychology,032600,"Silverman,Alexandra",004,19000,College & Graduate Arts & Sci,3.81,25,0,16,6,1,1,1,0,0,0,0
2022 Spring,KOR,2020,Intermediate Korean II,020867,"Han,Rosa",002,12018,College & Graduate Arts & Sci,3.59,19,3,3,7,3,1,2,0,0,0,0
2022 Spring,CE,5410,Transportation Planning,004576,"Miller,John",001,16310,Engineering & Applied Science,3.60,15,1,6,2,3,2,1,0,0,0,0
2022 Spring,STS,2840,Entrepreneurial Finance,043903,"Cheng,James",001,16114,Engineering & Applied Science,3.82,49,1,24,21,2,1,0,0,0,0,0
2022 Spring,COMM,4730,Adv Inv: Derivates & Fixed Inc,006536,"Dennis,Patrick",002,20262,McIntire School of Commerce,3.62,13,0,6,3,1,2,1,0,0,0,0
2022 Spring,PSYC,4500,Spec Tops: Psychology,032600,"Perkeybile,Allison",008,20313,College & Graduate Arts & Sci,3.59,23,0,11,7,0,1,2,1,1,0,0
2022 Spring,SPAN,3200,Intro Hispanic Linguistics,035891,"Wellbeloved,Elizabeth A.",501,18525,College & Graduate Arts & Sci,3.20,13,1,3,1,2,2,1,2,1,0,0
2022 Spring,ENGL,4500,Seminar in English Literature,045452,"Edmundson,Mark",003,20981,College & Graduate Arts & Sci,3.73,20,6,8,1,3,1,0,0,1,0,0
2022 Spring,LAW,8655,Estate Planning: Princ & Prac,022045,"Cahn,Naomi",1,17453,School of Law,3.51,15,0,1,6,8,0,0,0,0,0,0
2022 Spring,RELC,2050,Rise of Christianity,033956,"Shuve,Karl",100,19054,College & Graduate Arts & Sci,3.53,38,6,19,5,1,0,1,1,2,2,1
2022 Spring,SPAN,3040,Business Spanish,035896,"Wellbeloved,Elizabeth A.",501,18523,College & Graduate Arts & Sci,3.53,12,2,2,3,2,2,1,0,0,0,0
2022 Spring,AAS,2500,Topics in Africana Studies,046413,"Rotich,Anne",004,20715,College & Graduate Arts & Sci,3.49,15,0,7,4,0,0,1,3,0,0,0
2022 Spring,SOC,4559,New Course: SOC,040344,"Kumar,Krishan",001,18351,College & Graduate Arts & Sci,3.68,17,0,4,9,4,0,0,0,0,0,0
2022 Spring,EGMT,1540,Ethical Engagement,044515,"Bennett,Benjamin",105,19893,College & Graduate Arts & Sci,3.57,35,0,10,11,9,3,2,0,0,0,0
2022 Spring,LAW,7019,Criminal Investigation,021639,"Armacost,Barbara",1,17447,School of Law,3.52,45,2,6,13,20,3,1,0,0,0,0
2022 Spring,ANTH,3450,Native American Languages,000752,"Mirzayan,Armik",001,19389,College & Graduate Arts & Sci,3.92,19,3,12,3,1,0,0,0,0,0,0
2022 Spring,LAW,9501,Race and Law Short Course (SC),046498,"Fadel,Mohammad",1,18465,School of Law,3.49,8,0,1,2,5,0,0,0,0,0,0
2022 Spring,CHE,5561,Spec Top: Chemical Engineering,005499,"Unnerstall,Ronald",600,20663,Engineering & Applied Science,3.88,5,0,3,2,0,0,0,0,0,0,0
2022 Spring,APMA,3110,Applied Stats & Probability,001153,"Lampe,Kyle",004,20618,Engineering & Applied Science,2.58,47,0,2,5,5,10,5,5,9,2,4
2022 Spring,LPPP,4200,Inst & Pol Context of PPol,042159,"Martin,Paul",002,16953,Batten Leadership & Public Pol,3.54,43,0,11,18,5,5,2,2,0,0,0
2022 Spring,AMST,3222,Hands-On Public History II,046530,"Goff,Lisa",001,20115,College & Graduate Arts & Sci,3.73,11,0,7,1,2,0,1,0,0,0,0
2022 Spring,ENWR,1510,Writing and Critical Inquiry,013432,"Gelly,Piers",003,11257,College & Graduate Arts & Sci,3.97,18,0,16,2,0,0,0,0,0,0,0
2022 Spring,ISHU,3383,Dark Side of the 20th Century,041229,"Horton,David",101,19971,Continuing & Prof Studies,3.46,24,2,9,1,6,3,0,2,1,0,0
2022 Spring,ARH,8006,Digital Hum & Visual Culture,046055,"Reilly,Lisa",001,18637,School of Architecture,3.62,12,0,4,4,2,2,0,0,0,0,0
2022 Spring,BIOL,4190,Biological Clocks,003606,"Provencio,Ignacio",001,20615,College & Graduate Arts & Sci,3.17,21,0,2,2,7,8,1,0,0,0,1
2022 Spring,BIOL,3090,Infectious Disease,003534,"Guler,Jennifer",001,18639,College & Graduate Arts & Sci,3.84,40,6,23,7,2,1,0,1,0,0,0
2022 Spring,CE,3400,Trans Infrastructure Design,004462,"Angulo,Austin",001,15399,Engineering & Applied Science,3.21,24,2,4,4,4,6,1,0,0,1,2
2022 Spring,PHYS,2620,Modern Physics,030844,"Pocanic,Dinko",100,19336,College & Graduate Arts & Sci,3.16,18,3,3,2,3,3,0,2,1,0,1
2022 Spring,EDHS,3130,The Psychology of Trauma,046200,"Yoder,Matthew",1,19667,School of Education and HumanDev,3.74,39,0,22,10,4,2,0,0,0,1,0
2022 Spring,COMM,4643,Adv Business Speaking,006544,"Pentz,Marcia",001,14654,McIntire School of Commerce,3.90,26,1,19,4,2,0,0,0,0,0,0
2022 Spring,ECE,3250,Electromag Energy Conversion,007678,"Barnes,Adam",001,15444,Engineering & Applied Science,3.87,13,1,9,1,2,0,0,0,0,0,0
2022 Spring,GCOM,7674,Doing Business: EU,044345,"Burroughs,James",001,14719,McIntire School of Commerce,3.63,49,0,11,22,15,1,0,0,0,0,0
2022 Spring,ANTH,2415,Language in Human Evolution,044567,"Sicoli,Mark",100,13646,College & Graduate Arts & Sci,3.63,119,0,70,17,9,8,8,3,1,2,1
2022 Spring,ENGL,2599,Special Topics,012514,"Kravetz,Rachel",004,19247,College & Graduate Arts & Sci,3.82,12,0,7,4,0,1,0,0,0,0,0
2022 Spring,EDIS,7720,Understanding the Code,009524,"Gray,Julie Janson",501,18684,School of Education and HumanDev,3.65,12,0,7,3,0,0,1,0,1,0,0
2022 Spring,SOC,4540,Topics in Politics and Society,046495,"Mullins,Ian",001,18594,College & Graduate Arts & Sci,3.75,20,2,15,1,1,0,0,0,0,0,1
2022 Spring,HIUS,1501,Introductory Sem in U.S. Hist,019492,"McBrien,Justin",002,20386,College & Graduate Arts & Sci,3.83,15,0,8,6,1,0,0,0,0,0,0
2022 Spring,PHYS,1429,Intro Physics 1 Workshop,031036,"AbdelMalak,Andrew",007,10348,College & Graduate Arts & Sci,3.14,26,0,0,5,11,4,4,0,2,0,0
2022 Spring,ECON,8230,Advanced International Trade,041366,"Harrigan,James",001,20697,College & Graduate Arts & Sci,3.67,6,0,4,0,1,0,1,0,0,0,0
2022 Spring,PHS,7200,"US Healthcare: Pol, Org & Adm",030377,"Bolmey,Armando",001,18249,Medical School - BIMS/PHS,4.00,27,9,18,0,0,0,0,0,0,0,0
2022 Spring,MUSI,1310,Basic Musical Skills,024703,"Mueller,Justin",001,19127,College & Graduate Arts & Sci,3.46,43,2,17,8,6,3,4,0,1,0,2
2022 Spring,LAW,9287,Law and Economics Colloquium,044727,"Cope,Kevin",1,17729,School of Law,3.44,9,0,0,4,4,1,0,0,0,0,0
2022 Spring,PHYS,2040,Princip of Physics 2 Workshop,030812,"Ghosh,Supriyo",001,10362,College & Graduate Arts & Sci,3.57,26,0,2,20,3,0,0,0,0,0,1
2022 Spring,COMM,4310,Global Marketing,006515,"Carew,Rick",001,14650,McIntire School of Commerce,3.75,29,3,13,7,4,1,1,0,0,0,0
2022 Spring,ANTH,2590,Social & Cultural Anthropology,041001,"Benitez,Ernesto",001,19366,College & Graduate Arts & Sci,3.58,24,0,11,6,2,2,1,1,1,0,0
2022 Spring,LAW,7023,Emply Law: Contrcts/Torts/Stat,021641,"Verkerke,J",1,17503,School of Law,3.51,47,1,5,16,23,1,1,0,0,0,0
2022 Spring,SOC,4260,"Race, Crime and Punishment",045157,"Buckelew,Rose",001,13148,College & Graduate Arts & Sci,3.35,20,0,9,5,1,1,0,1,2,0,1
2022 Spring,SPAN,3030,Cultural Conversations,035895,"Wellbeloved,Elizabeth A.",501,18521,College & Graduate Arts & Sci,3.85,17,0,11,4,2,0,0,0,0,0,0
2022 Spring,ENWR,1510,Writing and Critical Inquiry,013432,"Kravetz,Rachel",065,13091,College & Graduate Arts & Sci,3.88,18,0,11,7,0,0,0,0,0,0,0
2022 Spring,CHEM,5420,Adv Biological Chemistry II,005802,"Pires,Marcos",001,13097,College & Graduate Arts & Sci,3.73,11,0,6,2,2,1,0,0,0,0,0
2022 Spring,RELG,5860,Evil and Suffering,046520,"Geddes,Jennifer",001,19809,College & Graduate Arts & Sci,3.82,9,0,7,1,0,0,1,0,0,0,0
2022 Spring,MUSI,1620,History of the Wind Band,024724,"Koch,Andrew",001,20406,College & Graduate Arts & Sci,3.86,20,0,12,7,1,0,0,0,0,0,0
2022 Spring,LAW,8807,PT Externship: Directed Study,042592,"Ryan,A.",1,17437,School of Law,3.75,19,0,9,7,1,2,0,0,0,0,0
2022 Spring,ENWR,1510,Writing and Critical Inquiry,013432,"Maunsell,Matthias",013,10605,College & Graduate Arts & Sci,3.78,14,0,6,7,0,1,0,0,0,0,0
2022 Spring,PHIL,7510,Ancient History Topic,030207,"McCready-Flora,Ian",001,13190,College & Graduate Arts & Sci,3.81,7,0,4,2,1,0,0,0,0,0,0
2022 Spring,SPAN,4050,Economy of Latin America,041522,"Wellbeloved,Elizabeth A.",501,18492,College & Graduate Arts & Sci,3.27,11,0,5,1,0,1,1,2,1,0,0
2022 Spring,SOC,8410,Race & Ethnicity,035640,"Parham,Angel",001,13151,College & Graduate Arts & Sci,3.68,9,0,3,4,1,1,0,0,0,0,0
2022 Spring,DS,5559,New Course: Data Science,043916,"Ruggiano,Marc Louis",001,20249,School of Data Science,3.79,11,0,6,3,2,0,0,0,0,0,0
2022 Spring,STAT,4220,Applied Analytics for Business,044088,"Martinet,Gretchen",001,18414,College & Graduate Arts & Sci,3.86,39,0,31,5,0,1,1,1,0,0,0
2022 Spring,DS,6050,Deep Learning,046347,"Baek,Stephen Seungyeob",001,19249,School of Data Science,3.88,62,4,41,12,3,2,0,0,0,0,0
2022 Spring,ENGL,2599,Special Topics,012514,"Cole,Sarah",002,19113,College & Graduate Arts & Sci,3.93,20,0,15,5,0,0,0,0,0,0,0
2022 Spring,ENWR,1510,Writing and Critical Inquiry,013432,"Stephens,Samantha",068,13094,College & Graduate Arts & Sci,3.92,18,3,10,5,0,0,0,0,0,0,0
2022 Spring,ARAD,3550,Topics of Arts in Context,042460,"Sampson,George",001,11468,College & Graduate Arts & Sci,3.97,58,0,53,5,0,0,0,0,0,0,0
2022 Spring,CJ,5200,Psychology of Leadership,042279,"Coleman,Marian Elizabeth",A2,21909,Continuing & Prof Studies,4.00,29,18,11,0,0,0,0,0,0,0,0
2022 Spring,APMA,1110,Single Variable Calculus II,001140,"Abramenko,Monika",002,15379,Engineering & Applied Science,2.46,39,1,1,3,4,8,5,4,4,4,5
2022 Spring,MDST,3115,Breaking Bad,043974,"Little,William",001,13753,College & Graduate Arts & Sci,3.69,29,3,14,4,4,1,3,0,0,0,0
2022 Spring,PSYC,4645,Psychology of Inequalities,046309,"Brown-Iannuzzi,Jazmin",001,19003,College & Graduate Arts & Sci,3.89,18,1,16,0,0,0,0,0,1,0,0
2022 Spring,MUSI,3010,Early Modern Music (1500-1700),024786,"Gordon,Bonnie",001,19074,College & Graduate Arts & Sci,3.87,23,0,13,10,0,0,0,0,0,0,0
2022 Spring,ALAR,8020,Research Studio 2,000310,"bailo,manuel",005,14601,School of Architecture,3.83,12,4,6,0,0,2,0,0,0,0,0
2022 Spring,PSYC,3440,Child Psychopathology,032569,"Emery,Robert",001,18995,College & Graduate Arts & Sci,3.19,138,4,20,28,28,23,16,8,4,2,5
2022 Spring,ENGR,1624,Introduction to Engineering,045087,"Anderson,Eric",001,16440,Engineering & Applied Science,3.70,25,0,11,7,5,2,0,0,0,0,0
2022 Spring,ENGL,4561,Modern Lit & Culture Seminar,012610,"Ramazani,Jahan",001,19096,College & Graduate Arts & Sci,3.24,16,2,6,0,6,0,0,0,0,0,2
2022 Spring,CJ,5140,National Sec & Intel for LE,045809,"Anglin,Adrian Christian",A1,21908,Continuing & Prof Studies,3.99,36,6,29,1,0,0,0,0,0,0,0
2022 Spring,PHIL,2640,Rational Choice and Happiness,044474,"Barnes,Elizabeth",100,13169,College & Graduate Arts & Sci,3.44,176,6,39,60,37,12,8,6,2,3,3
2022 Spring,GNUR,6642,FNP Seminar II,044788,"Eastham,Linda",001,17199,School of Nursing,3.75,13,0,6,5,1,1,0,0,0,0,0
2022 Spring,GSGS,3111,"GS Epistemology, Methodology",044885,"Zeweri,Helena",001,12407,College & Graduate Arts & Sci,3.90,26,0,19,6,1,0,0,0,0,0,0
2022 Spring,EGMT,1530,Engaging Differences,044514,"Flood,Liza",110,19884,College & Graduate Arts & Sci,3.88,33,0,29,1,1,0,1,1,0,0,0
2022 Spring,ENWR,3500,Topics in Advanced Writing,044025,"Shaman,Cory",002,13728,College & Graduate Arts & Sci,3.89,12,2,8,1,0,1,0,0,0,0,0
2022 Spring,APMA,1110,Single Variable Calculus II,001140,"Pisano,Stacie",001,15378,Engineering & Applied Science,2.77,43,3,6,5,4,4,5,5,2,6,3
2022 Spring,DRAM,4730,Advanced Playwriting,040881,"Grissom,Doug",001,11313,College & Graduate Arts & Sci,3.70,10,0,8,0,0,0,1,1,0,0,0
2022 Spring,PHYS,1420,Introductory Physics 1,046322,"Yagi,Kento",001,19335,College & Graduate Arts & Sci,3.29,39,2,6,7,10,10,2,0,0,0,2
2022 Spring,PLIR,4431,Democracy and Foreign Policy,042174,"Furia,Peter",001,17916,College & Graduate Arts & Sci,3.73,15,0,7,7,0,0,0,0,1,0,0
2022 Spring,EDLF,7805,Cultivating Profess Capacity,009745,"Beavers,Michelle Maynes",500,17343,School of Education and HumanDev,3.78,21,0,11,8,0,1,1,0,0,0,0
2022 Spring,LPPS,3240,Terrorism and Counterterrorism,041550,"Moy,Daniel",001,16960,Batten Leadership & Public Pol,3.29,52,0,2,19,13,15,1,0,1,0,1
2022 Spring,CJ,5210,Cont Iss Challenging LE Execs,006261,"Anglin,Adrian Christian",A1,21910,Continuing & Prof Studies,4.00,23,6,17,0,0,0,0,0,0,0,0
2022 Spring,SOC,4057,Family Policy,035491,"Wilcox,William",001,18296,College & Graduate Arts & Sci,3.67,19,3,4,7,3,2,0,0,0,0,0
2022 Spring,ARTH,2054,Roman Art & Archaeology,002454,"Rogers,Dylan",100,18440,College & Graduate Arts & Sci,3.54,54,3,14,19,5,8,3,1,0,1,0
2022 Spring,SPAN,3040,Business Spanish,035896,"Abraham,Susan",004,13109,College & Graduate Arts & Sci,3.82,18,0,13,4,0,0,0,0,1,0,0
2022 Spring,LAR,8320,Professional Practice,020997,"Hametz,Isaac",001,14485,School of Architecture,3.75,16,6,3,3,3,1,0,0,0,0,0
2022 Spring,CHE,3398,Chemical Engineering Lab I,005458,"Prpich,George",100,15892,Engineering & Applied Science,3.28,41,0,1,9,19,9,2,0,1,0,0
2022 Spring,COMM,3050,Managerial Decision Making,006457,"Fraser,Cynthia",007,14629,McIntire School of Commerce,3.54,45,0,13,13,9,8,2,0,0,0,0
2022 Spring,COMM,4522,Topics in BA,046287,"Li,Jingjing",002,20251,McIntire School of Commerce,3.77,30,1,20,3,3,1,1,1,0,0,0
2022 Spring,ENWR,1510,Writing and Critical Inquiry,013432,"Johnson,Lindgren",062,12566,College & Graduate Arts & Sci,3.69,15,0,8,4,2,0,0,0,1,0,0
2022 Spring,EDLF,3610,Immigrant Youth & Families,044373,"Palacios,Natalia",1,15108,School of Education and HumanDev,3.90,29,4,19,4,1,1,0,0,0,0,0
2022 Spring,DS,5100,Programming for Data Science,046284,"Guadagni,Gianluca",001,20240,School of Data Science,3.82,31,8,14,3,5,0,1,0,0,0,0
2022 Spring,ACCT,5250,Advanced Auditing,000191,"Evans,Richard",701,19942,Continuing & Prof Studies,3.54,7,0,0,5,1,1,0,0,0,0,0
2022 Spring,LAW,7089,Racial Justice and Law,040073,"Forde-Mazrui,Kim",1,17554,School of Law,3.48,11,0,1,4,5,1,0,0,0,0,0
2022 Spring,PLAC,5860,Green Infrastructure: Sites,031149,"Firehock,Karen",001,14408,School of Architecture,3.93,9,0,7,2,0,0,0,0,0,0,0
2022 Spring,COMM,3050,Managerial Decision Making,006457,"Cummiskey,Brendon",006,14628,McIntire School of Commerce,3.28,40,4,6,13,4,3,4,1,2,0,3
2022 Spring,STS,4600,Engr Ethcs Prof Responsibility,036750,"Elliott,Travis",014,16480,Engineering & Applied Science,3.57,34,0,15,13,3,0,0,0,0,2,1
2022 Spring,ARCH,6020,Foundation Studio II,001669,"Strange,Clayton",001,14402,School of Architecture,3.42,12,0,2,3,4,2,1,0,0,0,0
2022 Spring,CHEM,5180,Organic Techniques,039277,"Pu,Lin",001,12303,College & Graduate Arts & Sci,3.43,16,0,4,2,6,3,1,0,0,0,0
2022 Spring,GCOM,7730,"Mrg&Acq, Pri Equty & Restruct",015428,"Erwin,Gayle",001,14786,McIntire School of Commerce,3.60,42,2,12,9,17,2,0,0,0,0,0
2022 Spring,STAT,1601,Intro Data Science with R,045055,"Afriyie,Prince",003,13677,College & Graduate Arts & Sci,3.30,138,2,19,49,21,26,9,5,3,0,4
2022 Spring,ENWR,1510,Writing and Critical Inquiry,013432,"pardes,Gahl Pratt",069,13824,College & Graduate Arts & Sci,3.91,18,0,15,1,2,0,0,0,0,0,0
2022 Spring,PLAP,4500,Special Topics,031588,"Rivero,Albert",001,12599,College & Graduate Arts & Sci,3.62,14,0,7,3,2,0,1,1,0,0,0
2022 Spring,EDIS,5876,Sem: Tch Intern: Social Stds,039330,"Hover,Stephanie van",1,15188,School of Education and HumanDev,3.91,26,0,23,1,0,2,0,0,0,0,0
2022 Spring,EDLF,3000,Research for Youth Development,043698,"McDaniel,Heather",1,15197,School of Education and HumanDev,3.43,24,4,10,4,1,2,0,1,0,0,2
2022 Spring,CS,4760,Network Security,044937,"Graham,Daniel",001,16683,Engineering & Applied Science,3.89,50,44,1,1,1,1,1,0,0,1,0
2022 Spring,MSE,6320,Deformation & Frac Struc Matls,037756,"Burns,James",001,16097,Engineering & Applied Science,3.62,6,0,4,0,0,1,1,0,0,0,0
2022 Spring,COMM,4230,Info Technology in Finance,006501,"Grazioli,Stefano",001,14649,McIntire School of Commerce,3.78,29,3,18,3,3,0,1,0,1,0,0
2022 Spring,MDST,3504,Topics in Global Media,042990,"Banerjee,Sayan",001,17761,College & Graduate Arts & Sci,3.45,11,0,3,7,0,0,0,0,0,0,1
2022 Spring,APMA,3080,Linear Algebra,001151,"Li,Meiqin",002,15390,Engineering & Applied Science,3.13,43,7,7,8,6,3,4,1,1,3,3
2022 Spring,CHIN,2020,Intermediate Chinese,006054,"Chen,Shu-Chen",004,11538,College & Graduate Arts & Sci,3.94,15,2,10,3,0,0,0,0,0,0,0
2022 Spring,BIOC,8151,Biochemical Literature,003293,"Wotton,David",001,18047,Medical School - BIMS/PHS,3.95,24,1,19,4,0,0,0,0,0,0,0
2022 Spring,PHIL,5560,Political Philosophy Topic,043344,"Lomasky,Loren",001,13188,College & Graduate Arts & Sci,3.22,5,0,1,2,0,1,0,0,0,1,0
2022 Spring,STAT,5170,Applied Time Series,036677,"Woo,Jeffrey",002,13674,College & Graduate Arts & Sci,3.01,50,1,7,6,6,11,8,5,3,2,1
2022 Spring,PHYS,1429,Intro Physics 1 Workshop,031036,"Jian,Siyu",009,10350,College & Graduate Arts & Sci,3.35,26,0,2,7,9,6,2,0,0,0,0
2022 Spring,ARTH,1500,Intro Seminars in Art History,042566,"Turner,Elizabeth",001,13351,College & Graduate Arts & Sci,3.75,13,2,4,5,1,1,0,0,0,0,0
2022 Spring,PLCP,4500,Special Topics,031707,"Fatton,Robert",002,13531,College & Graduate Arts & Sci,3.88,15,0,9,6,0,0,0,0,0,0,0
2022 Spring,ARTR,3490,Arab Cinemas,043679,"Al-Samman,Hanadi",001,19686,College & Graduate Arts & Sci,3.76,16,3,7,4,1,0,0,0,1,0,0
2022 Spring,GSGS,3030,Global Cultural Studies,041956,"Levenson,Michael",200,19767,College & Graduate Arts & Sci,3.75,61,0,41,11,4,2,0,1,0,1,1
2022 Spring,EDIS,5015,Social & Emotional Learning,045888,"Gibbs,Ricki",500,18654,School of Education and HumanDev,3.74,18,16,0,0,1,0,0,0,0,0,1
2022 Spring,BIOL,4559,New Course: BIOL,038577,"Cook,Phoebe",001,20774,College & Graduate Arts & Sci,3.95,18,1,14,3,0,0,0,0,0,0,0
2022 Spring,DRAM,1020,Speaking in Public,007178,"Kelly,Colleen",005,13800,College & Graduate Arts & Sci,3.84,16,0,11,3,1,1,0,0,0,0,0
2022 Spring,COMM,3230,Managing Innovation,045750,"Martin,Eric",001,14783,McIntire School of Commerce,3.73,36,0,16,12,6,2,0,0,0,0,0
2022 Spring,CHE,6618,Chemical Reaction Engineering,005512,"Koenig,Gary",001,15437,Engineering & Applied Science,3.12,14,0,1,4,2,4,0,1,2,0,0
2022 Spring,ALAR,8995,Thesis II,000312,"Lorenz,Esther",002,14562,School of Architecture,3.75,11,0,6,2,3,0,0,0,0,0,0
2022 Spring,COMM,4641,Public Speaking & Persuasion,006490,"Patterson,Robert",001,14646,McIntire School of Commerce,3.95,24,4,16,4,0,0,0,0,0,0,0
2022 Spring,LPPS,3290,Soc Innovation Emerging Market,043930,"Mulloth,Balashankar",001,16961,Batten Leadership & Public Pol,3.65,20,0,2,14,4,0,0,0,0,0,0
2022 Spring,LAW,9360,Curr Issues Humn Rghts Law(YR),046431,"Sanchez-Leon,Nelson",1,17754,School of Law,3.37,9,0,1,2,3,3,0,0,0,0,0
2022 Spring,LAW,6105,Federal Courts,021652,"RE,RICHARD",2ZT,17753,School of Law,3.68,39,1,6,24,8,0,0,0,0,0,0
2022 Spring,ARAB,2020,Intermediate Arabic II,001285,"Maanaki,Bilal",001,10547,College & Graduate Arts & Sci,3.30,20,0,6,5,2,3,0,3,0,0,1
2022 Spring,ASL,2020,Intermed Amer Sign Language II,003002,"Eshgi,Maher",004,19791,College & Graduate Arts & Sci,3.54,15,0,2,7,5,0,1,0,0,0,0
2022 Spring,SARC,5400,Data Visualization,044034,"Field,Eric",001,14430,School of Architecture,3.53,88,2,33,26,7,9,5,2,1,2,1
2022 Spring,SPAN,4500,Spec Topics Sem: Literature,035967,"Valverde,Fernando",003,13978,College & Graduate Arts & Sci,3.94,21,2,15,4,0,0,0,0,0,0,0
2022 Spring,MUSI,2600,Jazz Improvisation,024777,"Dearth,John",001,10950,College & Graduate Arts & Sci,3.83,16,0,8,7,1,0,0,0,0,0,0
2022 Spring,CJ,4400,Break Barriers-Build Community,045729,"Jones,Stephen D",A3,21945,Continuing & Prof Studies,3.95,12,1,9,2,0,0,0,0,0,0,0
2022 Spring,CJ,4730,Forensic Sci for Admin & Mgrs,006238,"McGinnis Jr.,Charles Edward",A3,21946,Continuing & Prof Studies,3.91,25,6,14,4,0,1,0,0,0,0,0
2022 Spring,CJ,3660,Concepts in LE Wellness,039969,"Bostic,Donald L",A1,21947,Continuing & Prof Studies,4.00,39,34,5,0,0,0,0,0,0,0,0
2022 Spring,ITAL,2020,Intermediate Italian II,020568,"Annunziato,Sarah",004,10220,College & Graduate Arts & Sci,3.50,15,0,2,7,4,0,2,0,0,0,0
2022 Spring,PLIR,2020,Foreign Policies of the Powers,031798,"Owen,John",100,12602,College & Graduate Arts & Sci,3.34,175,1,15,51,53,36,15,2,2,0,0
2022 Spring,PHYS,1429,Intro Physics 1 Workshop,031036,"Ahuja,Sonakshi",022,10359,College & Graduate Arts & Sci,3.06,11,0,0,1,4,2,4,0,0,0,0
2022 Spring,EGMT,1540,Ethical Engagement,044515,"Teets,Sarah",202,12692,College & Graduate Arts & Sci,3.86,38,0,31,4,1,0,1,0,1,0,0
2022 Spring,CHEM,2321,Org Lab II Non-Chem Maj/Min,043155,"Chruma,Jason",012,12838,College & Graduate Arts & Sci,3.99,25,5,19,1,0,0,0,0,0,0,0
2022 Spring,SPAN,1060,Accelerated Elementary Spanish,035820,"Hogg,Jennifer",002,12267,College & Graduate Arts & Sci,3.36,18,0,2,9,4,2,0,0,0,0,1
2022 Spring,HIEA,1501,Intro Sem in East Asian Hist,018286,"Zhang,Cong",001,12273,College & Graduate Arts & Sci,3.52,11,0,2,4,3,2,0,0,0,0,0
2022 Spring,CHEM,1421,Intro College Chemistry II Lab,005994,"Morkowchuk,Lisa",028,12293,College & Graduate Arts & Sci,3.92,24,17,4,1,1,1,0,0,0,0,0
2022 Spring,ENGL,3610,Global Cultural Studies,044436,"Levenson,Michael",100,12275,College & Graduate Arts & Sci,3.78,68,0,40,20,6,1,0,0,0,0,1
2022 Spring,EGMT,1510,Engaging Aesthetics,044512,"Puri,Michael",101,12638,College & Graduate Arts & Sci,3.83,34,0,30,0,0,2,0,1,1,0,0
2022 Spring,SPAN,1060,Accelerated Elementary Spanish,035820,"Colon,Daniel",013,13019,College & Graduate Arts & Sci,3.15,13,0,1,5,1,2,2,0,1,1,0
2022 Spring,FREN,1020,Elementary French II,014274,"Jaye,Eren",003,10174,College & Graduate Arts & Sci,3.58,15,0,7,3,3,0,1,0,1,0,0
2022 Spring,ENWR,2520,Special Topics in Writing,013448,"Allison,Kiera",003,12795,College & Graduate Arts & Sci,3.88,15,0,9,6,0,0,0,0,0,0,0
2022 Spring,MATH,3350,Applied Linear Algebra,042858,"Pengitore,Mark",002,12876,College & Graduate Arts & Sci,2.72,20,0,2,6,1,1,4,1,2,0,3
2022 Spring,EGMT,1530,Engaging Differences,044514,"Kondyli,Foteini",104,12682,College & Graduate Arts & Sci,3.32,34,0,14,10,3,2,0,1,0,0,4
2022 Spring,PHYS,1429,Intro Physics 1 Workshop,031036,"Hussain,Shayna",015,10353,College & Graduate Arts & Sci,3.46,24,0,0,14,7,0,3,0,0,0,0
2022 Spring,LAW,7014,Conflict of Laws,021767,"Collins,Michael",1,17514,School of Law,3.59,54,0,10,26,13,5,0,0,0,0,0
2022 Spring,KINE,5730,Medical Aspects Athl Training,044587,"Moore,Erin",1,19807,School of Education and HumanDev,3.80,13,0,9,2,0,2,0,0,0,0,0
2022 Spring,COMM,3200,Project & Product Management,006498,"Leopold,Jeffrey",002,14678,McIntire School of Commerce,3.64,42,0,10,21,8,2,1,0,0,0,0
2022 Spring,BME,3310,Biomed Sys Analysis & Design,004066,"Hossack,John",001,16314,Engineering & Applied Science,3.35,48,6,7,16,4,4,6,1,2,1,1
2022 Spring,EDLF,7808,Strat Align of Plan & Resource,009751,...,500,17347,School of Education and HumanDev,3.73,20,0,10,7,1,0,2,0,0,0,0
2022 Spring,LAW,7821,Pub Service thru Pro Bono (SC),046031,"Graves,Tiffany",1,17818,School of Law,3.49,12,0,1,4,7,0,0,0,0,0,0
2022 Spring,COMM,4380,Consumer Behav & Mktg Strategy,006522,"Mittal,Chiraag",001,20253,McIntire School of Commerce,3.35,26,0,8,3,6,6,1,1,0,0,1
2022 Spring,DRAM,1010,How Theatre Works,007177,"Garey,Cady",002,13797,College & Graduate Arts & Sci,3.42,38,0,17,10,2,2,3,0,0,2,2
2022 Spring,ARCH,7020,Foundation Studio IV,042373,"Coe-Scharff,Jonah",003,14482,School of Architecture,3.71,15,1,5,5,4,0,0,0,0,0,0
2022 Spring,STS,2500,S & T in Soc & Global Context,036734,"Whitfield,Milton",002,16315,Engineering & Applied Science,3.04,40,0,6,10,8,4,1,1,0,10,0
2022 Spring,COMM,4710,Intermediate Investments,006538,"Sandas,Patrik",002,14735,McIntire School of Commerce,3.36,16,0,5,0,5,5,0,1,0,0,0
2022 Spring,GCOM,7870,Foundations of Global Commerce,038183,"Etienne,Bevin",002,14677,McIntire School of Commerce,3.52,37,0,13,4,11,9,0,0,0,0,0
2022 Spring,LAW,7052,International Civil Litigation,021671,"Bayefsky,Rachel",1,17693,School of Law,3.61,11,0,3,4,3,1,0,0,0,0,0
2022 Spring,COMM,4370,Digital Strategy & Analytics,044926,"Montgomery,Nicole",001,14736,McIntire School of Commerce,3.93,40,0,35,2,3,0,0,0,0,0,0
2022 Spring,ETP,2030,"Politics, Science, and Values",013694,"Cushman,Stephen",001,18943,College & Graduate Arts & Sci,3.72,19,0,8,6,5,0,0,0,0,0,0
2022 Spring,ARCH,1030,Foundation Studio I,042201,"McQuistion,Lauren",001,14410,School of Architecture,3.38,31,0,6,11,4,4,3,3,0,0,0
2022 Spring,GCOM,7360,Analytics and Fraud,042487,"Negangard,Eric",001,14715,McIntire School of Commerce,3.47,16,1,5,1,3,6,0,0,0,0,0
2022 Spring,LAR,6220,EcoTech II,042660,"Hawkins,Chloe",001,14458,School of Architecture,3.46,35,0,3,14,13,4,0,1,0,0,0
2022 Spring,SYS,6582,Selected Topics in Sys Engr,036979,"Riggs,Sara",600,19921,Engineering & Applied Science,3.41,9,0,3,2,1,1,1,1,0,0,0
2022 Spring,PHIL,3180,Nietzsche,030119,"Langsam,Harold",001,18761,College & Graduate Arts & Sci,2.99,26,0,2,7,5,3,4,2,1,0,2
2022 Spring,GCOM,7340,Corporate Financial Reporting,015401,"McDermott,Katie",1,14699,McIntire School of Commerce,3.64,34,0,15,6,8,5,0,0,0,0,0
2022 Spring,ARCH,2020,Foundation Studio III,001494,"Dripps,Robin",002,14390,School of Architecture,3.59,15,0,7,7,0,0,0,0,0,0,1
2022 Spring,KINE,4600,Athletic Injuries,009160,"Saliba,Susan",1,14961,School of Education and HumanDev,3.76,42,7,19,6,7,2,1,0,0,0,0
2022 Spring,GNUR,7254,PMHNP Practicum II,017106,"Roebuck,Julie",001,17086,School of Nursing,4.00,15,12,3,0,0,0,0,0,0,0,0
2022 Spring,KINE,2200,Motor Development,009121,"Block,Martin",1,14967,School of Education and HumanDev,3.85,169,87,46,18,8,6,2,1,0,0,1
2022 Spring,BME,2101,Physiology I for Engineers,004059,"Guilford,William",001,16312,Engineering & Applied Science,3.06,49,6,5,8,8,7,6,3,2,0,4
2022 Spring,SYS,3060,Stochastic Decision Models,036906,"Bahrini,Aram",001,16617,Engineering & Applied Science,3.72,83,7,35,20,13,7,1,0,0,0,0
2022 Spring,GCOM,7240,Advanced Quantitative Analysis,043908,"Maurer,Chris",1,14704,McIntire School of Commerce,3.63,51,0,19,17,7,6,1,1,0,0,0
2022 Spring,STS,4600,Engr Ethcs Prof Responsibility,036750,"Earle,Joshua",015,16595,Engineering & Applied Science,3.91,32,0,29,0,0,3,0,0,0,0,0
2022 Spring,MDST,3504,Topics in Global Media,042990,"Morimoto,Lori",004,17760,College & Graduate Arts & Sci,3.71,28,13,11,0,1,0,0,2,0,0,1
2022 Spring,STS,4600,Engr Ethcs Prof Responsibility,036750,"Seabrook,Bryn",021,16088,Engineering & Applied Science,3.92,34,1,26,6,0,1,0,0,0,0,0
2022 Spring,MSE,6592,Topics in Material Science,024433,"Sun,Tao",001,16602,Engineering & Applied Science,3.78,16,1,6,7,2,0,0,0,0,0,0
2022 Spring,ASL,3010,Conversational ASL,003005,"Propp,Gregory",001,19792,College & Graduate Arts & Sci,3.81,14,0,8,4,2,0,0,0,0,0,0
2022 Spring,MDST,3510,Topics in Media Research,045771,"Rao,Pallavi",003,17764,College & Graduate Arts & Sci,3.97,30,2,25,3,0,0,0,0,0,0,0
2022 Spring,ECE,6850,Intro to Control Systems,045743,"Lin,Zongli",600,16652,Engineering & Applied Science,3.09,8,0,3,1,0,3,0,0,0,0,1
2022 Spring,RELC,3447,History of Christian Ethics,039950,"Hawthorne,Laura",001,18950,College & Graduate Arts & Sci,3.73,23,0,8,12,1,2,0,0,0,0,0
2022 Spring,RELG,2380,Faith & Doubt in Modern Age,034164,"Marsh,Charles",100,19765,College & Graduate Arts & Sci,3.79,36,7,21,6,0,0,0,1,0,0,1
2022 Spring,ARCH,2020,Foundation Studio III,001494,"Ibarra,Jose",006,14468,School of Architecture,3.57,14,1,1,6,6,0,0,0,0,0,0
2022 Spring,ECON,8350,Advanced Macroeconomic Theory,008065,"Leeper,Eric",001,18374,College & Graduate Arts & Sci,3.88,5,1,2,2,0,0,0,0,0,0,0
2022 Spring,GCOM,7360,Analytics and Fraud,042487,"Negangard,Eric",002,14716,McIntire School of Commerce,3.51,19,1,4,4,6,4,0,0,0,0,0
2022 Spring,LAW,7042,Immigr Law and Policy Lecture,021665,"Benos,William",1,17692,School of Law,3.51,14,0,1,7,4,2,0,0,0,0,0
2022 Spring,WGS,3559,New Course: WGS,039979,"Leach,Brittany",003,20138,College & Graduate Arts & Sci,3.67,28,0,21,3,1,0,1,0,0,1,1
2022 Spring,LAR,6020,Foundation Studio II,020951,"Meyer,Elizabeth",001,14404,School of Architecture,3.34,18,0,2,2,11,1,2,0,0,0,0
2022 Spring,NUIP,3420,Pathophysiology II,043238,"Apple,Ashley",001,17252,School of Nursing,3.74,90,0,71,8,1,2,0,0,0,8,0
2022 Spring,COMM,3420,Commercial Law II,006471,"Moore,Sherri",002,14733,McIntire School of Commerce,3.57,95,1,20,42,18,10,3,1,0,0,0
2022 Spring,PLAN,5200,Real Estate Develop Process I,045045,"Missel,Frederick",001,14469,School of Architecture,3.91,14,0,10,4,0,0,0,0,0,0,0
2022 Spring,COMM,4660,Mgmt Consulting & Advisory Svc,006529,"Seaborn,Paul",001,14713,McIntire School of Commerce,3.66,21,0,2,17,0,2,0,0,0,0,0
2022 Spring,GCOM,7260,Big Data & Text Analytics,043910,"Maurer,Chris",1,14705,McIntire School of Commerce,3.50,51,2,5,22,12,9,1,0,0,0,0
2022 Spring,ECE,6501,Topics: Elect & Computer Engr,007731,"Tao,Gang",003,19675,Engineering & Applied Science,3.49,9,2,4,1,0,0,1,0,0,0,1
2022 Spring,APMA,2120,Multivariable Calculus,001144,"Hellings,Christian",006,16271,Engineering & Applied Science,2.87,44,0,5,8,3,12,6,4,1,1,4
2022 Spring,LAW,7759,Exercises in Rule-Making (SC),044284,"Siegal,Gil",1,20197,School of Law,3.46,5,0,1,1,2,1,0,0,0,0,0
2022 Spring,RELC,2401,Hist of American Catholicism,033966,"Henry,James",001,18949,College & Graduate Arts & Sci,3.80,16,0,8,6,2,0,0,0,0,0,0
2022 Spring,LPPS,7085,Modern Techniques in Finance,045114,"Ruediger,Stefan",001,20279,Batten Leadership & Public Pol,3.57,7,1,3,0,1,1,1,0,0,0,0
2022 Spring,CS,4740,Cloud Computing,043033,"Shen,Haiying",001,16015,Engineering & Applied Science,3.67,114,18,43,26,9,11,2,2,2,0,1
2022 Spring,ENGL,4500,Seminar in English Literature,045452,"Wall,Cynthia",002,19206,College & Graduate Arts & Sci,3.22,18,0,4,2,6,4,1,0,0,0,1
2022 Spring,LPPS,3440,Intro Management Consulting,046561,"Boler,Brendan",001,20237,Batten Leadership & Public Pol,3.67,70,0,14,46,6,1,2,1,0,0,0
2022 Spring,EGMT,1510,Engaging Aesthetics,044512,"DuBay,Kateri",206,13694,College & Graduate Arts & Sci,3.95,37,9,22,6,0,0,0,0,0,0,0
2022 Spring,ARCH,4020,Independent Design Res Studio,001547,"Lengen,Karen Van",006,14548,School of Architecture,3.79,10,1,2,7,0,0,0,0,0,0,0
2022 Spring,PLAP,7500,Topics in Am Politics,041274,"Winter,Nicholas",001,13510,College & Graduate Arts & Sci,3.80,5,0,3,1,1,0,0,0,0,0,0
2022 Spring,LAW,9333,Contemp Pract Int'l Law (YR),045965,"Eichensehr,Kristen",1ZT,17545,School of Law,3.68,6,0,1,4,1,0,0,0,0,0,0
2022 Spring,ENWR,2520,Special Topics in Writing,013448,"Johnson,Lindgren",005,18773,College & Graduate Arts & Sci,2.95,13,0,1,2,3,2,1,2,1,1,0
2022 Spring,PHIL,3120,Aristotle,030113,"McCready-Flora,Ian",001,18760,College & Graduate Arts & Sci,3.48,29,1,4,12,4,6,2,0,0,0,0
2022 Spring,NUIP,4200,Pathophysiology,029460,"Roberts,Sarah",001,17229,School of Nursing,3.41,32,0,7,10,4,7,2,2,0,0,0
2022 Spring,PLAN,5230,Des Dimensions of Real Estate,045046,"Petrus,Michael",001,14550,School of Architecture,3.84,11,1,4,6,0,0,0,0,0,0,0
2022 Spring,LAW,6112,Environmental Law,021646,"Livermore,Michael",1,17461,School of Law,3.53,24,0,2,12,8,2,0,0,0,0,0
2022 Spring,MUSI,3350,Deep Listening,045717,"Maus,Fred",001,13787,College & Graduate Arts & Sci,3.49,20,0,13,1,0,0,2,2,2,0,0
2022 Spring,DRAM,3070,African-American Theatre,007249,"Davis,Theresa",001,13810,College & Graduate Arts & Sci,3.28,28,0,11,4,2,3,2,3,1,1,1
2022 Spring,GCOM,7560,Emerging Topics in Commerce,045585,"Johnson,Steven Lawrence",003,14780,McIntire School of Commerce,3.85,16,1,7,8,0,0,0,0,0,0,0
2022 Spring,LAR,6120,History of Landscape Design II,020910,"Foster,Jeremy",001,14551,School of Architecture,3.46,33,0,0,16,13,4,0,0,0,0,0
2022 Spring,LAW,7728,Reproductive Ethics&Law (SC),043254,"Marshall,Mary",1,17713,School of Law,3.39,7,0,1,2,1,3,0,0,0,0,0
2022 Spring,CE,5310,Prestressed Concrete Design,004604,"Gomez,Jose",600,16629,Engineering & Applied Science,3.95,6,3,2,1,0,0,0,0,0,0,0
2022 Spring,WGS,2559,New Course: WGS,039394,"Keys,Domale",100,17971,College & Graduate Arts & Sci,3.66,31,0,4,23,2,1,1,0,0,0,0
2022 Spring,BIMS,8380,Practical Biomed Statistics I,024120,"Jones,Marieke",001,18141,Medical School - BIMS/PHS,3.94,32,0,28,3,0,1,0,0,0,0,0
2022 Spring,PSYC,4290,Memory Distortions,032602,"Dodson,Chad",001,18992,College & Graduate Arts & Sci,3.75,23,0,10,9,3,1,0,0,0,0,0
2022 Spring,ARTH,3525,Topics in Ren Art History,040304,"Parker,Deborah",001,14029,College & Graduate Arts & Sci,3.66,11,0,4,3,4,0,0,0,0,0,0
2022 Spring,FREN,3043,French-Speaking World III,014368,"Lyu,Claire",001,17926,College & Graduate Arts & Sci,3.89,14,1,9,3,1,0,0,0,0,0,0
2022 Spring,LAW,7030,Family Law,021650,"Cahn,Naomi",1,17425,School of Law,3.47,32,0,6,10,8,7,1,0,0,0,0
2022 Spring,EDIS,7076,"Tech, Learning Systems&Culture",044374,"Maddrell,Jennifer",501,21405,School of Education and HumanDev,3.89,15,7,5,2,0,1,0,0,0,0,0
2022 Spring,STS,2620,Science & Tech Public Policy,037154,"Louis,Garrick",001,16194,Engineering & Applied Science,3.67,40,10,18,4,1,4,1,0,1,0,1
2022 Spring,WGS,3105,Issues in LGBTQ Studies,042714,"Chin,Matthew",001,12419,College & Graduate Arts & Sci,3.61,21,3,10,2,5,0,0,0,0,0,1
2022 Spring,CJ,3490,Lgl Issues Impact Law Enf Ops,039968,"Pettry,Michael T",B1,22158,Continuing & Prof Studies,3.89,20,4,11,4,0,1,0,0,0,0,0
2022 Spring,GNUR,8640,Nurs Ethics for Adv Practice,017058,"Epstein,Beth",001,17076,School of Nursing,3.97,11,2,8,1,0,0,0,0,0,0,0
2022 Spring,GCOM,7349,Introduction to Auditing,046426,"Negangard,Eric",001,20263,McIntire School of Commerce,2.96,5,0,0,1,0,1,3,0,0,0,0
2022 Spring,EVHY,5650,Hydro Transport Processes,013785,"Reidenbach,Matthew",100,20751,College & Graduate Arts & Sci,3.43,8,0,2,3,1,1,0,0,1,0,0
2022 Spring,RELG,3416,Sustainability and Asceticism,046074,"Allen,Michael",001,18959,College & Graduate Arts & Sci,3.95,20,0,17,3,0,0,0,0,0,0,0
2022 Spring,CS,3330,Computer Architecture,006902,"Tychonievich,Luther",200,20616,Engineering & Applied Science,3.26,137,0,39,26,25,18,11,6,4,2,6
2022 Spring,ENTP,1010,Intro to Entrepreneurship,043881,"Ransler,Charles",002,14701,McIntire School of Commerce,3.72,56,0,26,18,6,6,0,0,0,0,0
2022 Spring,LAR,7220,EcoTech IV,042663,"Davis,Brian",001,14442,School of Architecture,3.64,22,0,7,10,1,3,1,0,0,0,0
2022 Spring,NUCO,2220,Cells to Society for Nursing,043100,"Campbell,Cathy",001,17227,School of Nursing,4.00,35,3,32,0,0,0,0,0,0,0,0
2022 Spring,RELG,5070,Interpretation Theory,034253,"Bouchard,Larry",001,18958,College & Graduate Arts & Sci,3.89,11,2,5,4,0,0,0,0,0,0,0
2022 Spring,RELC,1210,Hebrew Bible/Old Testament,033952,"Goering,Gregory",100,19065,College & Graduate Arts & Sci,3.11,42,0,7,14,3,5,4,5,0,0,4
2022 Spring,STAT,6250,Longitudinal Data Analysis,041355,"Zhou,Jianhui",001,18419,College & Graduate Arts & Sci,3.83,33,4,15,13,0,0,0,1,0,0,0
2022 Spring,LPPP,4200,Inst & Pol Context of PPol,042159,"Martin,Paul",001,16952,Batten Leadership & Public Pol,3.67,47,0,15,19,12,0,1,0,0,0,0
2022 Spring,SPAN,4700,Spanish Culture & Civilization,035932,"Valverde,Fernando",002,21206,College & Graduate Arts & Sci,3.91,25,2,17,5,1,0,0,0,0,0,0
2022 Spring,CJ,5890,Law Enforcement ExecEssentials,044117,"Kilbride,Kenneth",B1,22146,Continuing & Prof Studies,3.98,36,1,33,2,0,0,0,0,0,0,0
2022 Spring,GCOM,7860,IT-Driven Org'l Transformation,015440,"Gregory,Robert",001,14681,McIntire School of Commerce,3.45,33,0,3,11,14,5,0,0,0,0,0
2022 Spring,EDIS,6800,Creativity and Problem Solving,045849,"Moran,Melinda",501,18597,School of Education and HumanDev,3.75,21,0,17,2,1,0,0,0,0,0,1
2022 Spring,EDIS,7230,Curriculum Gifted & Talented,009710,"Adams,Cheryll",500,18660,School of Education and HumanDev,3.61,7,3,0,1,2,1,0,0,0,0,0
2022 Spring,COMM,3330,Mkt Research & Analytic Tech,006475,"Davis,Derick",001,14637,McIntire School of Commerce,3.79,32,6,12,9,3,2,0,0,0,0,0
2022 Spring,COMM,3220,DB Mgmt Sys & Bus Intellignce,006500,"Shi,Lanfei",001,14671,McIntire School of Commerce,3.61,36,4,9,10,8,4,1,0,0,0,0
2022 Spring,ARCH,3020,Foundation Studio V,001518,"Dobrowolski,Devin",003,14395,School of Architecture,3.84,14,2,6,5,1,0,0,0,0,0,0
2022 Spring,ENGL,3380,The English Novel I,011650,"Wall,Cynthia",001,19205,College & Graduate Arts & Sci,3.33,29,0,9,7,7,1,0,0,3,1,1
2022 Spring,ARTS,2000,Intro to Studio Art,045397,"Shelton,Matthew",003,13712,College & Graduate Arts & Sci,4.00,20,9,11,0,0,0,0,0,0,0,0
2022 Spring,LAR,7020,Foundation IV,043836,"Cantrell,Bradley",001,14435,School of Architecture,3.46,22,0,3,8,5,6,0,0,0,0,0
2022 Spring,ARCH,5424,Direct Cinema Media Fabrics,042510,"Mark,Earl",001,20238,School of Architecture,3.86,14,1,9,2,2,0,0,0,0,0,0
2022 Spring,LAR,7120,Design Research Seminar,043834,"Jafari,Ghazal",001,14441,School of Architecture,3.50,21,0,3,6,11,1,0,0,0,0,0
2022 Spring,COMM,3790,Venture Capital & Emergng Firm,006486,"Richardson,Brendan",001,14644,McIntire School of Commerce,3.87,39,21,11,4,1,1,0,0,1,0,0
2022 Spring,MAE,3420,Computational Methods in MAE,022586,"Esfarjani,Keivan",001,16599,Engineering & Applied Science,2.81,76,1,4,11,10,17,10,8,10,1,4
2022 Spring,MSE,2200,AM and 3-D Printing,045587,"Ma,Ji",001,16600,Engineering & Applied Science,3.87,50,0,46,1,1,0,0,1,0,0,1
2022 Spring,KOR,2020,Intermediate Korean II,020867,"Han,Rosa",001,10541,College & Graduate Arts & Sci,3.43,15,2,2,7,1,0,1,1,0,0,1
2022 Spring,GCOM,7621,Managing Sust. Development,044168,"Carfagno,Kerrie",001,14718,McIntire School of Commerce,3.82,12,0,7,4,0,1,0,0,0,0,0
2022 Spring,MATH,4452,Algebraic Coding Theory,023101,"Ershov,Mikhail",001,13288,College & Graduate Arts & Sci,3.65,15,3,7,0,1,2,2,0,0,0,0
2022 Spring,GSGS,3100,Conceptions of the Global,046260,"Zeweri,Helena",001,18648,College & Graduate Arts & Sci,3.91,35,0,25,10,0,0,0,0,0,0,0
2022 Spring,LAW,9027,Advanced LawTech,040063,"Livermore,Michael",1,19691,School of Law,3.47,7,0,0,3,4,0,0,0,0,0,0
2022 Spring,COMM,4374,IntComm&DigCampaign-Media Lab,043608,"Heilman,Carrie",001,14708,McIntire School of Commerce,4.00,30,5,25,0,0,0,0,0,0,0,0
2022 Spring,CJ,5290,Emotional Intelligence,041302,"Coleman,Marian Elizabeth",A1,21728,Continuing & Prof Studies,4.00,17,8,9,0,0,0,0,0,0,0,0
2022 Spring,ARCH,2020,Foundation Studio III,001494,"Small,Ben",004,14392,School of Architecture,3.55,15,0,3,7,1,4,0,0,0,0,0
2022 Spring,APMA,3501,Spec Topics in APMA,040943,"Ryals,Megan",001,16332,Engineering & Applied Science,3.97,10,2,7,1,0,0,0,0,0,0,0
2022 Spring,EDHS,9761,Child Therapy,039111,"Tuerk,Elena",001,14840,School of Education and HumanDev,3.88,5,0,3,2,0,0,0,0,0,0,0
2022 Spring,EVSC,3060,Biomechanics of Organisms,040479,"Reidenbach,Matthew",001,13235,College & Graduate Arts & Sci,3.37,28,3,7,3,7,3,3,0,1,0,1
2022 Spring,ENWR,1520,Writing & Community Engagement,045365,"Stephenson,Sarah",002,13730,College & Graduate Arts & Sci,3.81,17,1,11,3,0,1,1,0,0,0,0
2022 Spring,PSHM,4600,Serv Excellence in Hlth Care,044735,"Jackson,Kevin",101,20027,Continuing & Prof Studies,3.43,23,0,10,9,1,0,0,1,0,0,2
2022 Spring,LAW,7144,Negotiation,043847,"Shadel,Molly",1,17473,School of Law,3.54,30,0,6,9,13,2,0,0,0,0,0
2022 Spring,PLAN,2111,GIS for Planners,045666,"Solla-Yates,Lyle",001,14536,School of Architecture,3.69,20,0,9,8,0,0,3,0,0,0,0
2022 Spring,LAW,8657,Decarcertion & Reentry Clinic,022277,"Orians,Kelly",1,18643,School of Law,3.57,7,0,1,3,3,0,0,0,0,0,0
2022 Spring,ENGL,5559,New Course: ENGL,045439,"Rush,Rebecca",002,19211,College & Graduate Arts & Sci,3.62,16,0,8,7,0,0,0,0,0,0,1
2022 Spring,COMM,4831,Cultivating Wisdom&Well-Being,042515,"Mick,David",001,14683,McIntire School of Commerce,3.94,18,8,8,1,1,0,0,0,0,0,0
2022 Spring,ENGL,4510,Seminar in Medieval Literature,012686,"Fowler,Elizabeth",001,20247,College & Graduate Arts & Sci,3.73,13,1,7,4,0,0,0,0,0,1,0
2022 Spring,ENGL,8596,Form and Theory of Poetry,043532,"Teare,Brian",001,19204,College & Graduate Arts & Sci,3.96,17,0,15,2,0,0,0,0,0,0,0
2022 Spring,MSE,2010,Materials Shape Civilization,024401,"Kelly,Robert",001,16089,Engineering & Applied Science,3.26,46,2,15,8,2,8,3,3,1,2,2
2022 Spring,EDIS,5740,Diagnosis & Remediation II,009476,"Thacker-Gwaltney,Susan Frances",501,17375,School of Education and HumanDev,3.89,21,0,17,2,1,1,0,0,0,0,0
2022 Spring,ECE,3750,ECE Fundamentals III,007679,"Barnes,Adam",001,16093,Engineering & Applied Science,3.29,19,2,3,6,1,2,3,0,1,0,1
2022 Spring,COMM,4251,Digital Safari,043955,"Carew,Rick",001,20248,McIntire School of Commerce,3.81,21,4,9,5,2,1,0,0,0,0,0
2022 Spring,WGS,2600,Human Sexualities,045710,"Speidel,Lisa",001,13764,College & Graduate Arts & Sci,3.93,60,0,54,0,6,0,0,0,0,0,0
2022 Spring,AAS,3200,"Martin, Malcolm and America",039669,"Hadley,Mark",001,13112,College & Graduate Arts & Sci,3.19,15,0,4,0,3,5,1,1,1,0,0
2022 Spring,DRAM,1220,Art of the Creature,045569,"Warner,Steven",001,13801,College & Graduate Arts & Sci,3.93,20,6,9,5,0,0,0,0,0,0,0
2022 Spring,EDLF,5160,Life Span Development,043142,"Smith,Ray",500,17339,School of Education and HumanDev,3.56,31,0,20,3,2,1,1,3,0,0,1
2022 Spring,PLAP,3370,Wksp Cntmp Amer Elect Politics,031571,"Sabato,Larry",001,13775,College & Graduate Arts & Sci,3.72,15,2,4,6,2,1,0,0,0,0,0
2022 Spring,COMM,4559,New Course: COMM,040853,"Metcalf,Mark",004,20256,McIntire School of Commerce,3.98,17,12,4,1,0,0,0,0,0,0,0
2022 Spring,STS,4600,Engr Ethcs Prof Responsibility,036750,"Wayland,Kent",020,16087,Engineering & Applied Science,2.92,27,0,12,1,1,2,3,1,2,0,5
2022 Spring,CJ,5660,Adv Concept of Wellness in LE,041450,"Draper,Sarah",B1,22150,Continuing & Prof Studies,3.94,30,15,13,0,1,1,0,0,0,0,0
2022 Spring,EDHS,3055,Prevention of Youth Violence,043203,"Cornell,Dewey",1,15032,School of Education and HumanDev,3.69,25,2,14,3,2,2,0,2,0,0,0
2022 Spring,EDHS,7200,Counseling Student Athletes,044040,"Steinmetz,Christian",1,15085,School of Education and HumanDev,3.88,30,0,23,4,2,1,0,0,0,0,0
2022 Spring,GCOM,7560,Emerging Topics in Commerce,045585,"Maurer,Christopher Scott",002,14779,McIntire School of Commerce,3.72,17,0,4,11,2,0,0,0,0,0,0
2022 Spring,LAW,7145,Rules,043863,"Setear,John",1,17556,School of Law,3.41,7,0,0,2,5,0,0,0,0,0,0
2022 Spring,CJ,5720,Seminar in Managing LE Image,043266,"Pennybacker,Gail Lyn",B4,22143,Continuing & Prof Studies,4.00,24,14,10,0,0,0,0,0,0,0,0
2022 Spring,COMM,3790,Venture Capital & Emergng Firm,006486,"Richardson,Brendan",002,14738,McIntire School of Commerce,3.82,40,17,11,7,1,3,1,0,0,0,0
2022 Spring,ENGL,4590,Seminar in Literary Genres,012175,"Hart,Kevin",001,19197,College & Graduate Arts & Sci,3.80,10,4,2,2,2,0,0,0,0,0,0
2022 Spring,JPTR,3559,New Course: JPTR,038654,"Yasuda,Anri",001,18320,College & Graduate Arts & Sci,3.87,12,0,8,3,1,0,0,0,0,0,0
2022 Spring,APMA,3110,Applied Stats & Probability,001153,"Pisano,Stacie",003,15882,Engineering & Applied Science,2.82,44,4,6,3,6,5,4,7,2,2,5
2022 Spring,EDLF,7602,History of American Education,009732,"Paxton,Benjamin",500,17341,School of Education and HumanDev,3.76,23,0,19,2,0,1,0,0,0,0,1
2022 Spring,BIOP,8201,Cell Physiology and Biophysics,004193,"Redemann,Stefanie",001,18281,Medical School - BIMS/PHS,3.53,7,1,1,2,2,0,1,0,0,0,0
2022 Spring,EDIS,7250,Models&Strategies Tchg Gifted,009712,"Sullivan,Melissa",500,18661,School of Education and HumanDev,3.83,18,4,8,3,3,0,0,0,0,0,0
2022 Spring,ECON,8720,Time Series Econometrics,008073,"Farmer,Leland",200,13863,College & Graduate Arts & Sci,3.51,9,0,2,2,4,1,0,0,0,0,0
2022 Spring,LAW,7062,Legislation,021725,"Nelson,Caleb",1,17549,School of Law,3.73,58,0,20,28,9,1,0,0,0,0,0
2022 Spring,ARH,3620,Cultural Landscape of Virginia,046053,"Johnston,Andrew",001,18632,School of Architecture,3.83,16,0,8,7,1,0,0,0,0,0,0
2022 Spring,ENGL,4580,Seminar in Literary Criticism,011550,"Grandison,K. Ian",001,19213,College & Graduate Arts & Sci,3.70,10,3,6,0,0,0,0,0,0,0,1
2022 Spring,CJ,5740,Emerging Tech Influence on PS,046525,"Lehman,Matthew D",B1,22144,Continuing & Prof Studies,4.00,18,6,12,0,0,0,0,0,0,0,0
2022 Spring,FREN,8520,Seminar in 16th-Century Lit,014500,"Ferguson,Gary",001,18426,College & Graduate Arts & Sci,3.68,6,0,1,4,1,0,0,0,0,0,0
2022 Spring,CJ,5740,Emerging Tech Influence on PS,046525,"Lehman,Matthew D",B2,22145,Continuing & Prof Studies,3.94,20,4,12,4,0,0,0,0,0,0,0
2022 Spring,PHS,7050,PH Law/Ethics,030367,"Bernheim,Ruth",001,18245,Medical School - BIMS/PHS,3.96,22,6,13,3,0,0,0,0,0,0,0
2022 Spring,STS,4600,Engr Ethcs Prof Responsibility,036750,"Elliott,Travis",017,16085,Engineering & Applied Science,3.85,33,0,22,8,2,1,0,0,0,0,0
2022 Spring,GNUR,6027,Adv Pharm Specialty Sem,046407,"Yost,Terri",003,18458,School of Nursing,3.93,17,2,11,4,0,0,0,0,0,0,0
2022 Spring,DRAM,2020,Acting I,007200,"Kelly,Colleen",007,18581,College & Graduate Arts & Sci,3.84,14,0,9,4,0,1,0,0,0,0,0
2022 Spring,DRAM,3655,Film Directing,045899,"Wagner,Paul",001,18585,College & Graduate Arts & Sci,3.65,11,0,2,6,3,0,0,0,0,0,0
2022 Spring,GREE,5090,Prose Composition,017209,"George,Coulter",001,18340,College & Graduate Arts & Sci,3.60,5,2,0,1,1,1,0,0,0,0,0
2022 Spring,STS,4600,Engr Ethcs Prof Responsibility,036750,"Rogers,Hannah",002,15489,Engineering & Applied Science,3.68,33,5,12,9,2,3,1,0,0,1,0
2022 Spring,CE,3120,Solid Waste Management,045025,"Burden,Lindsay",001,16623,Engineering & Applied Science,3.88,30,0,27,0,1,0,1,1,0,0,0
2022 Spring,ECON,4080,Law and Economics,007948,"Westerfield,Maria",001,18357,College & Graduate Arts & Sci,3.54,38,0,8,17,8,2,1,2,0,0,0
2022 Spring,EDHS,7225,Assessment in Counseling,045489,"Walsh,Robyn",1,15274,School of Education and HumanDev,3.91,22,1,16,4,1,0,0,0,0,0,0
2022 Spring,LAW,8635,First Amendment Clinic (YR),041615,"Kalish,Ian",1,17519,School of Law,3.55,8,0,0,5,3,0,0,0,0,0,0
2022 Spring,ECE,2660,ECE Fundamentals II,007673,"Bowers,Steven",001,16020,Engineering & Applied Science,3.37,59,5,20,12,4,7,4,2,2,0,3
2022 Spring,APMA,3100,Probability,001152,"Li,Jundong",006,16334,Engineering & Applied Science,3.30,44,11,7,7,3,6,3,5,0,0,2
2022 Spring,MAE,2330,Mechanics Laboratory,045221,"Smith,Natasha",100,16425,Engineering & Applied Science,3.83,130,15,73,30,5,5,0,0,1,1,0
2022 Spring,KINE,5760,Principles of Strength & Cond,044848,"Higgins,Michael",1,15152,School of Education and HumanDev,3.46,28,0,5,10,4,8,1,0,0,0,0
2022 Spring,CS,6316,Machine Learning,006975,"Ji,Yangfeng",001,16613,Engineering & Applied Science,3.93,113,69,34,5,1,2,1,0,0,1,0
2022 Spring,MSE,6020,Defects & Microstruct in Matls,024420,"Zhigilei,Leonid",001,15479,Engineering & Applied Science,3.49,19,4,2,4,4,3,2,0,0,0,0
2022 Spring,CS,6501,Spec Top: Computer Science,006981,"Sun,Yixin",002,19198,Engineering & Applied Science,3.92,64,0,53,9,1,0,0,1,0,0,0
2022 Spring,COMM,3720,Intermediate Corporate Finance,006484,"Chen,Zhaohui",002,14641,McIntire School of Commerce,3.44,40,3,4,9,16,6,2,0,0,0,0
2022 Spring,CS,4414,Operating Systems,006914,"Reiss,Charles",002,16439,Engineering & Applied Science,2.75,104,9,18,9,9,15,10,6,5,6,17
2022 Spring,EDIS,5470,ESL Assess & Curriculum Design,009460,"Ford,Karen",500,18656,School of Education and HumanDev,3.98,17,2,14,1,0,0,0,0,0,0,0
2022 Spring,LAR,6020,Foundation Studio II,020951,"Meyer,Elizabeth",002,14544,School of Architecture,3.27,18,0,2,2,7,6,0,1,0,0,0
2022 Spring,KINE,3660,Neuroscience of Exercise,043490,"Resch,Jacob",1,15031,School of Education and HumanDev,3.50,148,0,46,49,18,23,4,1,5,1,1
2022 Spring,KINE,3420,Contemporary Health Issues,009125,"Edwards,David",1,15030,School of Education and HumanDev,3.97,163,0,153,7,1,2,0,0,0,0,0
2022 Spring,EDLF,8315,Causal Inference Ed Pol Rsch,042735,"Miller,Luke",1,15027,School of Education and HumanDev,3.79,7,0,2,5,0,0,0,0,0,0,0
2022 Spring,EDHS,1120,Found of Community Engagement,043507,"Levy,Melissa",1,15033,School of Education and HumanDev,3.88,40,0,36,1,1,1,0,0,0,0,1
2022 Spring,PSYC,5500,Current Topics in Psychology,032717,"Wood,Adrienne",001,13856,College & Graduate Arts & Sci,3.56,14,0,5,5,1,2,0,0,1,0,0
2022 Spring,ARCH,1030,Foundation Studio I,042201,"McQuistion,Lauren",003,14523,School of Architecture,3.35,31,0,3,8,12,4,4,0,0,0,0
2022 Spring,LAW,7798,Business of Banking & Reg (SC),045590,"Trost,Adam",1,17834,School of Law,3.45,13,0,0,5,8,0,0,0,0,0,0
2022 Spring,SLFK,2120,Russian Folklore,035180,"Stepanic,Stanley",001,19131,College & Graduate Arts & Sci,3.75,51,8,25,9,4,3,0,0,2,0,0
2022 Spring,EDIS,6220,Assessment of Curriculum: K-12,045848,"Falls,Melanie",500,18659,School of Education and HumanDev,3.48,18,1,13,1,0,1,0,0,0,0,2
2022 Spring,EDLF,3160,Intro to Educ Psychology,009661,"Rimm-Kaufman,Sara",001,14833,School of Education and HumanDev,3.78,19,3,10,4,0,1,0,0,1,0,0
2022 Spring,EDHS,8030,Neurogenic Comm Disorders,009251,"Robey,Randall",001,14809,School of Education and HumanDev,4.00,30,28,2,0,0,0,0,0,0,0,0
2022 Spring,ALAR,8020,Research Studio 2,000310,"Li,Shiqiao",003,14546,School of Architecture,3.69,11,0,5,2,4,0,0,0,0,0,0
2022 Spring,CE,6260,Microbiology & Bio-Treatment,038126,"Peterson,Lisa",600,16634,Engineering & Applied Science,4.00,6,2,4,0,0,0,0,0,0,0,0
2022 Spring,SPAN,4500,Spec Topics Sem: Literature,035967,"Acuna,Mauricio",004,19233,College & Graduate Arts & Sci,3.52,17,0,1,9,5,2,0,0,0,0,0
2022 Spring,GCOM,7750,Asset Management,015430,"Dennis,Patrick",1,14658,McIntire School of Commerce,3.58,43,0,11,14,14,4,0,0,0,0,0
2022 Spring,MEST,2270,Cult & Soc Contmp Arab MidEast,001290,"Farmer,Tessa",001,18687,College & Graduate Arts & Sci,3.73,19,0,11,5,1,1,0,0,1,0,0
2022 Spring,BIMS,8382,Practical Biomed Statistics II,044058,"Jones,Marieke",001,18142,Medical School - BIMS/PHS,3.84,24,15,4,3,1,0,0,0,0,1,0
2022 Spring,GSSJ,3579,Practicum-Securityand Justice,043343,"Zeweri,Helena",001,18680,College & Graduate Arts & Sci,3.94,20,0,16,4,0,0,0,0,0,0,0
2022 Spring,RELA,5094,What is Love?,045836,"Ogunnaike,Oludamini",001,19021,College & Graduate Arts & Sci,3.91,10,2,5,3,0,0,0,0,0,0,0
2022 Spring,LAR,7500,Special Tops in Landscape Arch,045643,"Gastinger,Lara",003,18628,School of Architecture,3.83,12,0,5,7,0,0,0,0,0,0,0
2022 Spring,CS,1110,Introduction to Programming,006846,"Pettit,Raymond",002,15412,Engineering & Applied Science,3.46,236,17,88,44,28,30,10,4,5,3,7
2022 Spring,EDIS,5025,"Curric, Instruct & Assessment",044060,"El-Bilawi,Nora",501,17356,School of Education and HumanDev,3.90,21,7,10,2,2,0,0,0,0,0,0
2022 Spring,EDIS,5014,Trauma Sensitive Classroom,045539,"Jennings,Tish",501,21367,School of Education and HumanDev,3.95,24,0,22,1,0,1,0,0,0,0,0
2022 Spring,BME,3090,Biomed IDEAS Lab II,004071,"Allen,Timothy",100,15515,Engineering & Applied Science,3.72,115,4,54,32,13,8,3,0,1,0,0
2022 Spring,CS,4102,Algorithms,006918,"Hott,Robbie",001,15522,Engineering & Applied Science,3.01,141,9,34,15,20,18,13,7,2,6,17
2022 Spring,PLPT,1010,Intro to Political Theory,031925,"Duong,Kevin",100,13540,College & Graduate Arts & Sci,3.32,121,1,15,30,40,21,9,3,0,0,2
2022 Spring,MAE,4620,ME Design II,037541,"Furukawa,Tomonari",002,16109,Engineering & Applied Science,3.64,18,4,4,3,5,2,0,0,0,0,0
2022 Spring,MEST,3470,Lang & Cult in the Mid East,037552,"Lefkowitz,Daniel",100,18688,College & Graduate Arts & Sci,3.25,11,0,2,2,3,2,1,0,0,1,0
2022 Spring,APMA,3140,App Partial Differentl Equatns,001155,"Morris,Diana",002,16604,Engineering & Applied Science,3.22,48,1,16,7,5,5,5,4,1,1,3
2022 Spring,BME,4890,Nanomedicine,004088,"Griffin,Donald",001,20710,Engineering & Applied Science,3.43,29,6,6,6,1,6,1,0,2,0,1
2022 Spring,NASC,4200,Leadership and Ethics,025315,"Kennedy,Kevin",001,14334,Executive VP & Provost,3.91,20,0,15,4,1,0,0,0,0,0,0
2022 Spring,BME,2102,Physiology II,004060,"Christ,George",001,16452,Engineering & Applied Science,3.52,44,5,11,12,7,3,1,5,0,0,0
2022 Spring,DS,5001,Exploratory Text Analytics,045703,"Alvarado,Rafael",001,18831,School of Data Science,3.60,17,2,5,2,6,2,0,0,0,0,0
2022 Spring,CHE,2202,Thermodynamics,005435,"Berger,Bryan",001,15432,Engineering & Applied Science,3.42,42,4,20,4,0,7,0,0,4,1,2
2022 Spring,EDHS,4400,YSI Capstone II,045735,"Levy,Melissa",1,15304,School of Education and HumanDev,3.90,48,0,43,0,1,4,0,0,0,0,0
2022 Spring,EGMT,1510,Engaging Aesthetics,044512,"Ferguson,Andrew",209,13695,College & Graduate Arts & Sci,3.89,28,0,21,5,1,1,0,0,0,0,0
2022 Spring,EDLF,7200,Child Development,009707,"Palacios,Natalia",1,15312,School of Education and HumanDev,4.00,5,2,3,0,0,0,0,0,0,0,0
2022 Spring,ARH,1020,History of Architecture II,001845,"Crane,Sheila",100,14366,School of Architecture,3.68,130,2,49,51,16,7,3,1,1,0,0
2022 Spring,ARH,8604,Field Methods I Bldg Arch,044083,"Johnston,Andrew",001,14540,School of Architecture,3.96,16,0,14,2,0,0,0,0,0,0,0
2022 Spring,PHS,7001,Intro to Biostatistics II,030392,"Chernyavskiy,Pavel",001,18242,Medical School - BIMS/PHS,3.92,22,5,14,1,2,0,0,0,0,0,0
2022 Spring,EGMT,1510,Engaging Aesthetics,044512,"Bamert,Sophia",210,20794,College & Graduate Arts & Sci,3.70,35,3,24,3,1,0,1,1,0,0,2
2022 Spring,CS,4501,Spec Top: Computer Science,006942,"Davidson,It will be taught by a group including Jack",002,16612,Engineering & Applied Science,3.35,48,0,8,12,12,12,0,2,2,0,0
2022 Spring,CS,1112,Introduction to Programming,007058,"Cohoon,Jim",001,15415,Engineering & Applied Science,3.29,146,1,71,16,11,11,9,6,7,4,10
2022 Spring,PHS,7015,Qual Meth for Comm & Glob Hlth,040345,"Richardson,Jeanita",001,18243,Medical School - BIMS/PHS,3.97,18,0,16,2,0,0,0,0,0,0,0
2022 Spring,MDST,2559,New Course: MDST,039188,"Cribben,Patrick",001,18658,College & Graduate Arts & Sci,3.81,14,0,8,4,2,0,0,0,0,0,0
2022 Spring,EDHS,4030,Speech and Hearing Science,044036,"Loncke,Filip",1,15082,School of Education and HumanDev,3.64,103,2,45,32,5,12,5,0,0,0,2
2022 Spring,LAW,7051,Internatl Business Transactns,021670,"Butler,Jay",1ZT,17547,School of Law,3.44,10,0,1,4,3,1,1,0,0,0,0
2022 Spring,SOC,3410,Race and Ethnic Relations,035402,"Vickerman,Milton",001,18297,College & Graduate Arts & Sci,3.45,32,0,11,10,5,1,1,0,3,0,1
2022 Spring,ARCH,5612,Modes of Inscription,044256,"Correa,Felipe",001,14478,School of Architecture,3.78,30,0,15,11,3,0,1,0,0,0,0
2022 Spring,SYS,6050,Risk Analysis,036967,"Crowther,Kenneth",700,16329,Engineering & Applied Science,3.98,15,5,9,1,0,0,0,0,0,0,0
2022 Spring,EDHS,8340,Counseling Children/Adolescent,009279,"Cholewa,Blaire",001,14813,School of Education and HumanDev,3.97,26,7,16,3,0,0,0,0,0,0,0
2022 Spring,BME,6311,Research Fundamentals,004128,"Naegle,Kristen",001,15825,Engineering & Applied Science,3.93,29,3,19,7,0,0,0,0,0,0,0
2022 Spring,SYS,6050,Risk Analysis,036967,"Lambert,James",001,15507,Engineering & Applied Science,3.85,11,8,0,1,2,0,0,0,0,0,0
2022 Spring,EDLF,5330,Quan Methods & Data Analysis I,009718,"Hull,Michael",1,15028,School of Education and HumanDev,3.59,12,3,5,3,0,0,0,0,0,0,1
2022 Spring,EDLF,3440,Psyc Sport & Physical Activity,009663,"Whaley,Diane",001,14834,School of Education and HumanDev,3.79,61,0,39,12,6,2,1,1,0,0,0
2022 Spring,COMM,4370,Digital Strategy & Analytics,044926,"Montgomery,Nicole",002,14761,McIntire School of Commerce,3.92,37,0,30,5,2,0,0,0,0,0,0
2022 Spring,KINE,4400,Nutrition & the Athlete,044197,"Bird,Randy",1,15215,School of Education and HumanDev,3.47,10,0,3,3,2,1,0,0,1,0,0
2022 Spring,EDLF,8361,Structural Equation Modeling,040297,"Soland,Jim",1,15203,School of Education and HumanDev,3.83,23,0,10,13,0,0,0,0,0,0,0
2022 Spring,APMA,3080,Linear Algebra,001151,"Maiti,Deepyaman",004,15911,Engineering & Applied Science,3.29,21,1,10,1,2,2,1,0,3,0,1
2022 Spring,ARCH,4020,Independent Design Res Studio,001547,"Waldman,Peter",002,14398,School of Architecture,3.62,12,6,0,0,5,1,0,0,0,0,0
2022 Spring,STS,4600,Engr Ethcs Prof Responsibility,036750,"Ferguson,Sean",018,16000,Engineering & Applied Science,3.84,35,0,32,0,1,1,0,0,0,0,1
2022 Spring,SYS,2202,Data & Information Engineering,036896,"Doryab,Afsaneh",001,15491,Engineering & Applied Science,3.52,73,0,25,28,11,1,1,1,3,2,1
2022 Spring,EDLF,7120,Master's Capstone Higher Ed,045118,"Leffers,Robert",2,15201,School of Education and HumanDev,3.79,29,0,19,9,0,0,0,0,0,0,1
2022 Spring,EDLF,7420,Quantitative Methods II,043817,"Konold,Timothy",1,15118,School of Education and HumanDev,3.96,23,0,20,3,0,0,0,0,0,0,0
2022 Spring,LAW,7199,Intl Debt Transactions,046376,"Gulati,Gaurang",1ZT,17709,School of Law,3.44,19,0,2,7,5,5,0,0,0,0,0
2022 Spring,COMM,4559,New Course: COMM,040853,"Carew,Rick",003.,20255,McIntire School of Commerce,3.84,30,3,16,7,4,0,0,0,0,0,0
2022 Spring,EDLF,3170,Introduction to Adolescence,044395,"Sweeney,Beverly",1,15109,School of Education and HumanDev,3.89,40,1,29,7,3,0,0,0,0,0,0
2022 Spring,BME,2220,Biomechanics,004068,"Price,Richard",001,15512,Engineering & Applied Science,3.03,55,2,7,7,7,13,11,2,2,0,4
2022 Spring,FREN,3050,Middle Ages to Revolution,014374,"Ferguson,Gary",001,13627,College & Graduate Arts & Sci,3.69,19,0,7,8,2,2,0,0,0,0,0
2022 Spring,COMM,3050,Managerial Decision Making,006457,"Baglioni,Anthony",001,14623,McIntire School of Commerce,3.38,48,0,8,12,13,11,3,0,1,0,0
2022 Spring,HIEA,3321,China and the Cold War,043546,"Liu,Xiaoyuan",001,21287,College & Graduate Arts & Sci,3.50,24,0,6,8,6,1,2,1,0,0,0
2022 Spring,COMM,5110,Financial Statement Analysis,043381,"Koch,Adam",002,14692,McIntire School of Commerce,3.56,37,2,11,7,9,8,0,0,0,0,0
2022 Spring,GCOM,7831,IT Project Retrospectives,041538,"Nelson,Russell",001,14767,McIntire School of Commerce,3.42,34,0,5,9,11,8,1,0,0,0,0
2022 Spring,STS,4600,Engr Ethcs Prof Responsibility,036750,"Baritaud,Catherine",009,15855,Engineering & Applied Science,3.55,32,0,12,13,2,3,0,0,1,0,1
2022 Spring,STAT,3120,Intro Mathematical Statistics,040000,"Weinstock,Justin",003,13671,College & Graduate Arts & Sci,3.59,76,15,34,9,4,4,3,2,1,1,3
2022 Spring,EGMT,1530,Engaging Differences,044514,"Wolfson,Alexander",205,12686,College & Graduate Arts & Sci,3.89,32,1,27,2,0,1,0,0,1,0,0
2022 Spring,CE,2020,Engineering Economic Analysis,042731,"Burden,Lindsay",001,16196,Engineering & Applied Science,3.68,29,0,15,8,2,2,0,2,0,0,0
2022 Spring,ENGR,1420,Synthesis Design II,012397,"Bailey,Reid",001,15449,Engineering & Applied Science,3.92,45,0,35,9,1,0,0,0,0,0,0
2022 Spring,ECE,4435,Computer Architecture & Design,007695,"Delong,Todd",001,15931,Engineering & Applied Science,3.70,59,30,19,3,0,1,0,1,3,0,2
2022 Spring,CS,3240,Advanced Software Development,006903,"McBurney,Paul",002,16438,Engineering & Applied Science,3.53,99,2,48,18,15,8,2,0,1,1,4
2022 Spring,EDLF,7630,Ed in Multicultural Societies,045079,"Trang,Amy Nga",500,18889,School of Education and HumanDev,3.89,11,0,7,4,0,0,0,0,0,0,0
2022 Spring,APMA,2130,Ordinary Differentl Equations,001145,"Ryals,Megan",004,15387,Engineering & Applied Science,3.14,46,3,8,10,11,6,2,0,1,0,5
2022 Spring,SARC,8101,Theories of Knowledge,043017,"Mondschein,Andrew",001,14530,School of Architecture,3.93,8,0,6,2,0,0,0,0,0,0,0
2022 Spring,SOC,4520,Topics in Religion and Society,044654,"Makarova,Ekaterina",001,18323,College & Graduate Arts & Sci,3.36,18,0,6,5,1,3,0,1,1,0,1
2022 Spring,CS,1110,Introduction to Programming,006846,"Pettit,Raymond",001,15402,Engineering & Applied Science,3.44,181,17,72,26,23,13,4,9,7,2,8
2022 Spring,SYS,2001,Systems Engineering Concepts,036895,"Smith,Brian",001,16405,Engineering & Applied Science,3.47,44,0,22,9,4,4,0,1,1,1,2
2022 Spring,HIST,1501,Introductory Sem in History,019008,"Kahlenberg,Caroline",001,18747,College & Graduate Arts & Sci,4.00,15,2,13,0,0,0,0,0,0,0,0
2022 Spring,ARCH,5500,Special Topics in Architecture,001621,"Iliescu,Sanda",005,14569,School of Architecture,4.00,13,8,5,0,0,0,0,0,0,0,0
2022 Spring,CS,2910,CS Education Practicum,044243,"Brunelle,Nathan",001,16462,Engineering & Applied Science,3.93,93,7,77,6,1,1,0,0,0,0,1
2022 Spring,ECE,4332,Introduction to VLSI Design,007693,"Stan,Mircea",001,16199,Engineering & Applied Science,3.07,21,0,4,5,3,6,0,0,1,0,2
2022 Spring,MAE,4660,Aircraft Design II,037545,"Quinlan,Jesse",001,15831,Engineering & Applied Science,3.90,25,10,10,3,1,1,0,0,0,0,0
2022 Spring,ECE,3430,Intro Embedded Computer Systms,042681,"Barnes,Adam",001,15930,Engineering & Applied Science,3.48,50,12,23,4,1,1,2,1,1,1,4
2022 Spring,ECON,3030,Money and Banking,007910,"Bethune,Zachary",200,13489,College & Graduate Arts & Sci,3.20,60,5,10,9,9,9,8,4,5,0,1
2022 Spring,PLAN,6020,Methods of Community Research,044529,"Wilson,Barbara",001,14534,School of Architecture,3.94,28,3,19,6,0,0,0,0,0,0,0
2022 Spring,STS,4600,Engr Ethcs Prof Responsibility,036750,"Rogers,Hannah",001,15488,Engineering & Applied Science,3.86,34,5,19,6,3,1,0,0,0,0,0
2022 Spring,CE,3220,Water Resources Engineering,004459,"Band,Lawrence",001,15820,Engineering & Applied Science,3.22,33,2,5,8,6,4,3,0,2,2,1
2022 Spring,SYS,6050,Risk Analysis,036967,"Lambert,James",600,16408,Engineering & Applied Science,3.75,21,8,6,3,1,1,2,0,0,0,0
2022 Spring,APMA,2120,Multivariable Calculus,001144,"Dizaji,Farzad Shafiei",002,15381,Engineering & Applied Science,2.71,45,0,4,9,7,7,0,4,1,7,6
2022 Spring,ARCH,7230,Building Workshop III,001692,"Robles,Ines Martin",001,14385,School of Architecture,3.54,42,4,6,15,9,6,2,0,0,0,0
2022 Spring,COMM,4681,Entrepreneurship Trck Capstone,040148,"Martin,Eric",001,14661,McIntire School of Commerce,3.84,41,0,24,13,4,0,0,0,0,0,0
2022 Spring,ECON,4559,New Course: ECON,038667,"Nekipelov,Denis",001,18411,College & Graduate Arts & Sci,3.94,19,5,10,4,0,0,0,0,0,0,0
2022 Spring,MICR,8202,Integration and Divers of Immu,024116,"Elliott,Michael",001,17998,Medical School - BIMS/PHS,3.86,14,2,7,4,1,0,0,0,0,0,0
2022 Spring,COMM,1800,Foundations of Commerce,006438,"Hoopes,Charlotte",002,14690,McIntire School of Commerce,3.57,157,9,55,37,22,20,9,4,0,0,1
2022 Spring,GCOM,7870,Foundations of Global Commerce,038183,"Etienne,Bevin",003,14689,McIntire School of Commerce,3.45,37,0,7,11,8,9,2,0,0,0,0
2022 Spring,ARCH,8480,Professional Practices,001732,"Bachman,JT",001,14436,School of Architecture,3.72,42,0,17,17,5,3,0,0,0,0,0
2022 Spring,MSE,6167,"Elec, Mag & Opt Prop of Matl",024432,"Reinke,Petra",001,16606,Engineering & Applied Science,3.49,10,0,4,0,3,3,0,0,0,0,0
2022 Spring,CE,6000,Civil Engineering Forefronts,038125,"Kim,Hyunglok",001,16633,Engineering & Applied Science,3.96,8,5,2,1,0,0,0,0,0,0,0
2022 Spring,CS,4102,Algorithms,006918,"Horton,Tom",002,16294,Engineering & Applied Science,3.18,225,8,62,34,38,24,16,17,8,3,15
2022 Spring,CS,4414,Operating Systems,006914,"Reiss,Charles",001,15428,Engineering & Applied Science,3.05,147,19,34,16,16,16,7,9,3,13,14
2022 Spring,FREN,4410,The Enlightenment,043674,"Tsien,Jennifer",001,17925,College & Graduate Arts & Sci,3.67,18,1,9,4,1,2,0,0,1,0,0
2022 Spring,COMM,2020,Intro Management Accounting,006441,"Martin,Roger",100,14613,McIntire School of Commerce,3.11,461,29,80,65,59,68,59,36,41,14,10
2022 Spring,GDS,4991,Fourth-Year Seminar,041012,"Edmunds,David",002,18647,College & Graduate Arts & Sci,3.91,19,9,4,6,0,0,0,0,0,0,0
2022 Spring,HIEA,2101,Modern Korean History,018295,"Seeley,Joseph",100,18709,College & Graduate Arts & Sci,3.83,58,0,37,14,4,3,0,0,0,0,0
2022 Spring,COMM,4680,Entrepreneurship,006531,"Ransler,Charles",001,14775,McIntire School of Commerce,3.56,14,0,1,9,2,2,0,0,0,0,0
2022 Spring,GCOM,7850,Enterprise IT Management,015439,"Gregory,Robert",001,14680,McIntire School of Commerce,3.45,33,0,3,11,14,5,0,0,0,0,0
2022 Spring,ENGL,8540,Studies in 19th-C Literature,012806,"Tucker,Herbert",001,19110,College & Graduate Arts & Sci,3.75,8,0,5,1,1,1,0,0,0,0,0
2022 Spring,GCOM,7677,Negotiation,045305,"Burroughs,James",001,14765,McIntire School of Commerce,3.76,49,0,16,29,3,1,0,0,0,0,0
2022 Spring,COMM,3720,Intermediate Corporate Finance,006484,"Parham,Robert",004,14643,McIntire School of Commerce,3.64,28,4,6,7,10,1,0,0,0,0,0
2022 Spring,EDLF,5425,Governance Collegiate Athletic,043450,"Storm,David",1,15137,School of Education and HumanDev,3.69,18,0,6,7,5,0,0,0,0,0,0
2022 Spring,GCOM,7140,Customer Analytics,042881,"Boichuk,Jeffrey",1,14687,McIntire School of Commerce,3.69,51,0,22,17,6,4,2,0,0,0,0
2022 Spring,ENGL,3783,American Short Novel,011370,"Krentz,Christopher",001,19093,College & Graduate Arts & Sci,3.14,22,0,1,6,4,7,0,3,0,1,0
2022 Spring,ENGL,4560,Seminar Modern & Contemp Lit,012608,"Ganguly,Debjani",001,19092,College & Graduate Arts & Sci,3.81,14,0,8,4,2,0,0,0,0,0,0
2022 Spring,EDHS,7140,Autism and Related Disorders,041988,"Hilton,Jane",1,14920,School of Education and HumanDev,3.89,28,0,25,0,0,3,0,0,0,0,0
2022 Spring,EDHS,2250,Stress and Anxiety Management,044538,"Cholewa,Blaire",1,15134,School of Education and HumanDev,3.79,59,10,34,8,4,0,1,1,0,0,1
2022 Spring,ENGL,3560,Studies in Mod & Contemp Lit,039235,"Hart,Kevin",002,19200,College & Graduate Arts & Sci,3.39,25,4,8,5,3,2,0,1,0,0,2
2022 Spring,ARCH,3020,Foundation Studio V,001518,"MacDonald,Katie",004,14396,School of Architecture,3.83,14,4,6,1,3,0,0,0,0,0,0
2022 Spring,ECE,4501,Special Topics: ECE,040915,"Beling,Andreas",002,16658,Engineering & Applied Science,3.63,10,2,3,1,3,0,1,0,0,0,0
2022 Spring,EDIS,5872,Sem: Tch Intern: English Ed,039326,"Heny,Natasha",1,15185,School of Education and HumanDev,3.73,18,0,13,1,1,0,3,0,0,0,0
2022 Spring,COMM,2600,Leadership Across Disciplines,006449,"Lovelace,Jeffrey",001,14774,McIntire School of Commerce,3.51,78,3,16,31,8,14,3,1,2,0,0
2022 Spring,COMM,3040,Strategic Value Creation,006456,"Black,Christina",002,14616,McIntire School of Commerce,3.61,44,1,9,20,11,2,1,0,0,0,0
2022 Spring,ARCH,2220,Principles of Tectonics,045094,"Sturgeon,Kyle",001,14476,School of Architecture,3.59,98,0,20,46,21,9,2,0,0,0,0
2022 Spring,HIEU,2721,"Supernatural Europe, 1500-1800",043756,"Lambert,Erin",100,13390,College & Graduate Arts & Sci,3.43,60,0,19,16,7,7,9,1,0,0,1
2022 Spring,PSYC,5323,RM: R in Psychology,045671,"Meyer,M. Joseph",001,13595,College & Graduate Arts & Sci,3.92,13,9,2,1,1,0,0,0,0,0,0
2022 Spring,ARCH,4020,Independent Design Res Studio,001547,"Phinney,Lucia",003,14399,School of Architecture,3.76,11,0,5,4,2,0,0,0,0,0,0
2022 Spring,BIOL,4011,Homeostasis:Wisdom of the Body,046082,"Campbell,John",001,18640,College & Graduate Arts & Sci,3.87,40,0,34,0,2,4,0,0,0,0,0
2022 Spring,MAE,3730,Flight Vehicle Dynamics,022593,"Dong,Haibo",001,16002,Engineering & Applied Science,3.58,45,2,11,17,7,5,3,0,0,0,0
2022 Spring,COMM,3040,Strategic Value Creation,006456,"Harris,Ira",008,14622,McIntire School of Commerce,3.33,46,0,7,9,13,10,7,0,0,0,0
2022 Spring,COMM,4535,Topics in Marketing,042891,"Netemeyer,Richard",001,14773,McIntire School of Commerce,3.64,23,0,7,8,7,1,0,0,0,0,0
2022 Spring,SOC,2595,Special Topics in Sociology,041382,"Mound,Joshua",001,18641,College & Graduate Arts & Sci,3.84,35,14,16,1,2,1,0,0,0,0,1
2022 Spring,HIEA,3172,The Japanese Empire,042469,"Stolz,Robert",001,13840,College & Graduate Arts & Sci,3.43,25,0,8,7,6,1,1,1,0,0,1
2022 Spring,GCOM,7770,IT in Finance,015432,"Grazioli,Stefano",1,14659,McIntire School of Commerce,3.86,23,0,17,4,0,2,0,0,0,0,0
2022 Spring,CHE,6630,Mass Transfer,005514,"Geise,Geoffrey",001,15438,Engineering & Applied Science,3.56,14,0,3,7,1,2,1,0,0,0,0
2022 Spring,MAE,2320,Dynamics,022576,"Chang,Qing",001,16418,Engineering & Applied Science,2.91,100,4,23,9,8,16,7,6,17,2,8
2022 Spring,RELC,2215,Mormonism and American Culture,043081,"Flake,Kathleen",100,13239,College & Graduate Arts & Sci,3.61,18,0,8,3,4,2,1,0,0,0,0
2022 Spring,APMA,3080,Linear Algebra,001151,"Abramenko,Monika",003,15391,Engineering & Applied Science,3.13,42,2,13,5,3,6,3,3,2,2,3
2022 Spring,COMM,3330,Mkt Research & Analytic Tech,006475,"Mick,David",002,14638,McIntire School of Commerce,3.95,31,10,17,3,1,0,0,0,0,0,0
2022 Spring,ECON,8310,Public Economics I,008061,"Lockwood,Lee",001,13851,College & Graduate Arts & Sci,3.61,10,1,2,4,2,0,1,0,0,0,0
2022 Spring,ARH,8500,Spec Tops:Architecture History,002041,"Putalik,Erin",001,14541,School of Architecture,3.89,9,1,6,1,1,0,0,0,0,0,0
2022 Spring,BME,7370,Quan Bio Reasoning,040983,"Janes,Kevin",001,16202,Engineering & Applied Science,3.68,11,0,2,7,2,0,0,0,0,0,0
2022 Spring,KINE,6730,Human Performance Sports Med,044719,"Hertel,Jay",1,15278,School of Education and HumanDev,3.90,18,0,12,6,0,0,0,0,0,0,0
2022 Spring,COMM,3410,Commercial Law I,006470,"Moore,Sherri",002,14635,McIntire School of Commerce,3.32,205,0,44,75,25,16,19,9,5,3,9
2022 Spring,COMM,3040,Strategic Value Creation,006456,"Carfagno,Kerrie",006,14620,McIntire School of Commerce,3.52,40,0,9,14,9,5,3,0,0,0,0
2022 Spring,STS,4600,Engr Ethcs Prof Responsibility,036750,"Jacques,Richard",022,16276,Engineering & Applied Science,3.90,38,29,4,3,0,1,0,0,1,0,0
2022 Spring,MSE,6240,Kinetics Solid-State Reactions,024427,"Opila,Elizabeth",001,15480,Engineering & Applied Science,3.54,16,2,2,4,6,2,0,0,0,0,0
2022 Spring,COMM,3410,Commercial Law I,006470,"Moore,Sherri",001,14634,McIntire School of Commerce,3.24,180,0,29,67,22,18,18,10,2,6,8
2022 Spring,COMM,4621,"Measure, Manage, & Motivate",006712,"Ballinger,Gary",001,14771,McIntire School of Commerce,3.89,45,2,35,5,0,2,1,0,0,0,0
2022 Spring,EDHS,7020,Evidence Based Practice,041986,"Robey,Randall",1,15135,School of Education and HumanDev,4.00,28,26,2,0,0,0,0,0,0,0,0
2022 Spring,MAE,6250,Multibody Mechanical Systems,022660,"Russell,Shawn",600,16420,Engineering & Applied Science,3.32,13,0,3,4,1,2,1,1,1,0,0
2022 Spring,GCOM,7410,Tax Research,015406,"Porter,Susan",1,14698,McIntire School of Commerce,3.55,17,1,3,5,6,2,0,0,0,0,0
2022 Spring,EDIS,5878,Sem: Teaching Internship: ESL,039332,"Chang-Bacon,Chris",1,15209,School of Education and HumanDev,3.88,11,0,9,1,0,1,0,0,0,0,0
2022 Spring,APMA,3100,Probability,001152,"Maiti,Deepyaman",005,16217,Engineering & Applied Science,3.08,43,4,10,6,4,6,1,4,2,3,3
2022 Spring,CLAS,3040,"Women & Gender, Greece & Rome",006309,"Myers,Karen",001,18338,College & Graduate Arts & Sci,3.73,17,0,8,5,3,1,0,0,0,0,0
2022 Spring,APMA,2130,Ordinary Differentl Equations,001145,"Williams,Robert",001,15384,Engineering & Applied Science,2.90,45,2,6,8,6,11,1,2,3,0,6
2022 Spring,GCOM,7170,Digital Strategy & Analytics,043913,"Montgomery,Nicole",1,14712,McIntire School of Commerce,3.69,55,0,13,34,5,2,1,0,0,0,0
2022 Spring,PHS,3104,Intro to Epidemiology,043760,"Eby,Jean",001,13255,College & Graduate Arts & Sci,3.99,31,18,12,1,0,0,0,0,0,0,0
2022 Spring,BME,3240,Biotransport,004069,"Helmke,Brian",001,15513,Engineering & Applied Science,3.10,52,0,2,7,16,13,10,2,1,1,0
2022 Spring,ENGL,2502,Masterpieces of English Lit,012478,"Hurley,Alison",001,19112,College & Graduate Arts & Sci,3.22,20,0,3,5,4,6,1,0,0,0,1
2022 Spring,EDLF,7404,Qualitative Analysis,009730,"Deutsch,Nancy",001,15038,School of Education and HumanDev,3.96,17,0,15,2,0,0,0,0,0,0,0
2022 Spring,APMA,2130,Ordinary Differentl Equations,001145,"Ryals,Megan",006,15523,Engineering & Applied Science,3.40,40,1,12,12,5,3,2,2,2,0,1
2022 Spring,ENGL,8500,Studies in English Literature,046042,"Booth,Alison",001,19095,College & Graduate Arts & Sci,3.89,14,1,9,3,1,0,0,0,0,0,0
2022 Spring,BME,2104,Cell & Molecular for Engineers,004061,"Abebayehu,Daniel",001,15511,Engineering & Applied Science,3.34,57,0,20,7,13,12,0,0,2,1,2
2022 Spring,MATH,8720,Differential Geometry,023272,"Mazzoli,Filippo",001,13291,College & Graduate Arts & Sci,3.81,7,3,3,0,0,0,1,0,0,0,0
2022 Spring,APMA,2130,Ordinary Differentl Equations,001145,"Dizaji,Farzad Shafiei",005,15388,Engineering & Applied Science,2.71,30,2,3,4,7,3,0,2,3,1,5
2022 Spring,SPAN,3410,Survey Span Lit II (1700-Pres),035909,"Cohn,Adam",002,13115,College & Graduate Arts & Sci,3.82,27,3,13,7,4,0,0,0,0,0,0
2022 Spring,SYS,3034,System Evaluation,036904,"Bailey,Reid",001,15492,Engineering & Applied Science,3.46,74,2,20,20,13,10,5,1,1,2,0
2022 Spring,APMA,2130,Ordinary Differentl Equations,001145,"Hellings,Christian",002,15385,Engineering & Applied Science,2.89,45,1,9,3,11,3,4,5,3,1,5
2022 Spring,APMA,3140,App Partial Differentl Equatns,001155,"Morris,Diana",001,16193,Engineering & Applied Science,2.90,45,0,6,9,5,6,8,3,3,2,3
2022 Spring,EDHS,7630,Sem: Issues in Prof Psychology,009239,"Rouch,Erica",1,14921,School of Education and HumanDev,3.68,5,0,3,1,0,0,1,0,0,0,0
2022 Spring,APMA,2120,Multivariable Calculus,001144,"Mohajeri,Manouchehr",003,15382,Engineering & Applied Science,3.10,43,0,5,10,6,9,3,5,4,1,0
2022 Spring,STS,1500,Sci Tech & Contemp Issues,036732,"Laugelli,Benjamin",001,15485,Engineering & Applied Science,3.85,133,43,56,19,7,3,5,0,0,0,0
2022 Spring,FREN,3570,Topics in Francophone African,041572,"Drame,Kandioura",001,13628,College & Graduate Arts & Sci,3.77,15,0,6,7,2,0,0,0,0,0,0
2022 Spring,COMM,3120,Intermediate Accounting II,006462,"Winchel,Jennifer",001,14631,McIntire School of Commerce,3.62,21,1,9,3,4,3,1,0,0,0,0
2022 Spring,BIOL,4390,Biological Therapy of Cancer,003582,"Kittlesen,David",001,13209,College & Graduate Arts & Sci,3.99,22,2,19,1,0,0,0,0,0,0,0
2022 Spring,GCOM,7672,Managing Innov in Global Ops,044348,"Burroughs,James",001,14722,McIntire School of Commerce,3.45,49,0,3,19,19,8,0,0,0,0,0
2022 Spring,SYS,6002,Systems Integration,036948,"Scherer,William",700,16330,Engineering & Applied Science,3.90,15,3,7,5,0,0,0,0,0,0,0
2022 Spring,BIOL,3180,Plants and Society,003544,"Timko,Michael",001,13208,College & Graduate Arts & Sci,3.42,27,1,9,4,5,6,0,0,1,0,1
2022 Spring,GCOM,7190,New Product Development,044344,"Burroughs,James",001,14724,McIntire School of Commerce,3.77,54,0,21,27,6,0,0,0,0,0,0
2022 Spring,HIUS,3232,The South in the 20th Century,019586,"Hale,Grace",100,18781,College & Graduate Arts & Sci,3.37,31,0,8,8,6,1,6,0,2,0,0
2022 Spring,CS,3102,Theory of Computation,006897,"Brunelle,Nathan",001,15425,Engineering & Applied Science,3.57,275,17,130,47,37,13,5,14,1,5,6
2022 Spring,ARTH,2055,Intro to Classical Archaeology,002455,"Smith,Tyler Jo",100,13356,College & Graduate Arts & Sci,3.59,59,0,15,27,8,6,2,1,0,0,0
2022 Spring,STAT,3280,Data Visual and Management,045458,"Helman,Jesse",001,18766,College & Graduate Arts & Sci,3.89,63,6,50,0,3,3,0,0,1,0,0
2022 Spring,STS,4600,Engr Ethcs Prof Responsibility,036750,"Ferguson,Sean",016,16084,Engineering & Applied Science,3.81,37,0,29,2,2,1,3,0,0,0,0
2022 Spring,COMM,3220,DB Mgmt Sys & Bus Intellignce,006500,"Shi,Lanfei",003,14768,McIntire School of Commerce,3.51,20,1,7,3,2,5,2,0,0,0,0
2022 Spring,COMM,4350,Cust Analytics & Brand Strat,006519,"Maxham,James",001,14696,McIntire School of Commerce,3.95,29,10,14,5,0,0,0,0,0,0,0
2022 Spring,AAS,3300,SSPerspectives AfAm&Af Studies,044916,"Pendergrass,Sabrina",001,13848,College & Graduate Arts & Sci,3.07,15,0,6,3,1,1,0,2,0,0,2
2022 Spring,CHEM,1421,Intro College Chemistry II Lab,005994,"Morkowchuk,Lisa",037,14232,College & Graduate Arts & Sci,3.65,23,8,6,6,1,0,0,0,0,1,1
2022 Spring,SARC,6720,Design Computation 2,045090,"Dawkins,Marantha",100,14475,School of Architecture,3.42,67,0,10,21,15,17,4,0,0,0,0
2022 Spring,GCOM,7676,Res & Writ Glob Bus Thesis II,044350,"Burroughs,James",001,14730,McIntire School of Commerce,3.72,49,0,16,24,9,0,0,0,0,0,0
2022 Spring,EDLF,5260,Cognitive Psyc and Education,044846,"Jirout,Jamie",1,15151,School of Education and HumanDev,3.79,52,0,44,3,0,2,0,0,2,0,1
2022 Spring,EVSC,4070,Advanced GIS,013964,"Porter,John",001,13244,College & Graduate Arts & Sci,3.78,12,3,6,2,0,0,0,0,1,0,0
2022 Spring,PLAN,5816,Water Sustainability,045745,"Richter,Brian",001,14552,School of Architecture,3.89,9,5,2,1,1,0,0,0,0,0,0
2022 Spring,ECE,4550,Applied Research & Design Lab,044084,"Stan,Mircea",001,16130,Engineering & Applied Science,3.43,18,0,12,3,0,0,0,0,0,1,2
2022 Spring,EDLF,2080,Fundamentals of Statistics,044842,"Hull,Michael",1,15148,School of Education and HumanDev,3.65,37,15,11,6,0,1,0,2,0,0,2
2022 Spring,STS,1500,Sci Tech & Contemp Issues,036732,"Laugelli,Benjamin",002,15486,Engineering & Applied Science,3.78,76,15,37,13,3,2,4,1,1,0,0
2022 Spring,PHS,7051,"Policy Dev, Analysis& Advocacy",045006,"Colvin,Chris",001,18264,Medical School - BIMS/PHS,3.97,21,0,19,2,0,0,0,0,0,0,0
2022 Spring,CS,1110,Introduction to Programming,006846,"San,Aidan",003,16291,Engineering & Applied Science,3.38,136,15,44,32,10,13,5,2,3,3,9
2022 Spring,EVSC,4170,Spatial Ecology,045054,"Castorani,Max",001,13245,College & Graduate Arts & Sci,3.68,12,1,5,3,0,3,0,0,0,0,0
2022 Spring,GCOM,7440,Advanced Corporate Tax,015409,"Seidman,Jeri",001,14764,McIntire School of Commerce,3.48,10,0,2,4,1,2,1,0,0,0,0
2022 Spring,BME,3030,Design&Innovation in Medicine,044047,"Allen,Timothy",001,16107,Engineering & Applied Science,3.79,50,0,30,15,2,1,1,0,0,1,0
2022 Spring,WGS,3240,Hist of African Amer Sportswom,044868,"Hagerman,Bonnie",001,13258,College & Graduate Arts & Sci,3.23,29,0,6,6,7,6,1,0,0,0,3
2022 Spring,COMM,4620,Strategic Leadership,045370,"Lovelace,Jeffrey",001,14770,McIntire School of Commerce,3.67,37,1,10,18,7,0,0,0,1,0,0
2022 Spring,CHE,3318,Chemical Reaction Engineering,005447,"Davis,Robert",001,15434,Engineering & Applied Science,3.05,41,3,8,4,5,4,4,6,4,3,0
2022 Spring,COGS,4980,Distinguished Major Thesis,039783,"Sederberg,Per",001,13266,College & Graduate Arts & Sci,4.00,10,3,7,0,0,0,0,0,0,0,0
2022 Spring,EGMT,1510,Engaging Aesthetics,044512,"Wood,Katelyn",107,13690,College & Graduate Arts & Sci,3.74,12,0,4,7,0,1,0,0,0,0,0
2022 Spring,CE,4991,Civil Engr Design & Practice,004506,"Burden,Lindsay",001,15889,Engineering & Applied Science,3.92,46,0,42,3,0,0,0,0,0,0,1
2022 Spring,GCOM,7673,Cross-Border M&A & Alliances,044347,"Burroughs,James",001,14721,McIntire School of Commerce,3.72,49,0,16,24,9,0,0,0,0,0,0
2022 Spring,EGMT,1540,Ethical Engagement,044515,"Wolfson,Alexander",207,13902,College & Graduate Arts & Sci,3.95,40,1,36,1,1,1,0,0,0,0,0
2022 Spring,PLPT,3010,Ancient & Medieval Pol Theory,031926,"Klosko,George",100,13550,College & Graduate Arts & Sci,3.33,62,0,12,14,11,18,6,0,0,0,1
2022 Spring,ENWR,1520,Writing & Community Engagement,045365,"Stephenson,Sarah",001,13729,College & Graduate Arts & Sci,3.82,17,0,7,10,0,0,0,0,0,0,0
2022 Spring,COMM,3050,Managerial Decision Making,006457,"Baglioni,Anthony",003,14625,McIntire School of Commerce,3.45,44,0,15,11,10,3,0,2,2,0,1
2022 Spring,SPAN,4712,Travelers in Latin America,039957,"Opere,Fernando",001,14081,College & Graduate Arts & Sci,3.66,24,0,7,11,4,2,0,0,0,0,0
2022 Spring,MUSI,3050,Music and Discourse,024790,"Mueller,Justin",001,13342,College & Graduate Arts & Sci,3.67,18,4,9,2,2,0,0,0,0,0,1
2022 Spring,LAR,7500,Special Tops in Landscape Arch,045643,"Jafari,Ghazal",001,14542,School of Architecture,3.46,5,0,0,2,3,0,0,0,0,0,0
2022 Spring,KINE,6740,Athletic Training Seminar,044803,"Higgins,Michael",1,15207,School of Education and HumanDev,3.87,18,0,14,2,1,1,0,0,0,0,0
2022 Spring,EGMT,1530,Engaging Differences,044514,"Bamert,Sophia",105,13697,College & Graduate Arts & Sci,3.95,33,7,23,1,2,0,0,0,0,0,0
2022 Spring,EGMT,1530,Engaging Differences,044514,"Braun,Herbert",200,13698,College & Graduate Arts & Sci,3.88,16,1,13,0,1,0,1,0,0,0,0
2022 Spring,STAT,3110,Foundations of Statistics,044444,"Gade,Noah",002,13670,College & Graduate Arts & Sci,3.40,40,3,14,5,6,5,5,0,0,0,2
2022 Spring,SPAN,3430,Latin Amer Lit II (1900-Pres),035911,"Mahler,Anne",002,13117,College & Graduate Arts & Sci,3.96,21,2,16,3,0,0,0,0,0,0,0
2022 Spring,ECON,4440,Economic Inequality,044128,"Harrigan,James",100,13499,College & Graduate Arts & Sci,3.43,11,0,4,2,2,1,1,0,1,0,0
2022 Spring,SPAN,4700,Spanish Culture & Civilization,035932,"Valverde,Fernando",001,13124,College & Graduate Arts & Sci,3.70,27,2,12,9,2,1,0,0,0,0,1
