Term Desc,Subject,Catalog Number,Class Title,Course ID,Primary Instructor Name,Class Section,Class Num,Class Academic Group,Course GPA,# of Students,A+,A,A-,B+,B,B-,C+,C,C-,DFW
2022 Fall,DRAM,2110,Lighting Technology,007209,"Kennedy,R.",001,10379,College & Graduate Arts & Sci,3.92,19,0,15,3,1,0,0,0,0,0,0
2022 Fall,GERM,1020,Elementary German,015643,"Trice,Ruth",002,10519,College & Graduate Arts & Sci,3.76,10,0,2,8,0,0,0,0,0,0,0
2022 Fall,GERM,2010,Intermediate German,015678,"Schenberg,Cora",002,10522,College & Graduate Arts & Sci,3.92,19,5,10,3,1,0,0,0,0,0,0
2022 Fall,SOC,3120,Sociology Research Workshop,035380,"Skubby,David",100,10811,College & Graduate Arts & Sci,3.32,55,3,12,12,7,12,2,3,3,0,1
2022 Fall,SPAN,2010,Intermediate Spanish,035853,"Colon,Daniel",009,10826,College & Graduate Arts & Sci,3.69,19,0,6,9,3,1,0,0,0,0,0
2022 Fall,FREN,3034,Adv Oral Expression in French,014360,"Saunders,Gladys",001,14065,College & Graduate Arts & Sci,3.67,14,1,6,3,2,1,1,0,0,0,0
2022 Fall,COMM,3020,Behavior Issues in Mktg & Mgmt,006454,"Ballinger,Gary Andrew",001,14636,McIntire School of Commerce,3.57,46,0,10,18,13,4,1,0,0,0,0
2022 Fall,EDLF,7602,History of American Education,009732,"Alridge,Derrick",1,15439,School of Education and HumanDev,3.68,8,0,5,1,0,1,1,0,0,0,0
2022 Fall,APMA,1110,Single Variable Calculus II,001140,"Pisano,Stacie",004,15526,Engineering & Applied Science,3.51,33,2,12,5,5,7,0,0,1,1,0
2022 Fall,GCOM,7010,Global Strategy and Systems,038175,"Harris,Ira",002,14679,McIntire School of Commerce,3.50,52,0,8,15,26,2,1,0,0,0,0
2022 Fall,GCOM,7710,Corporate Valuation & Finance,038182,"Erwin,Gayle",1,14711,McIntire School of Commerce,3.64,29,0,7,13,8,1,0,0,0,0,0
2022 Fall,NUCO,4420,Professional Nursing,042017,"Toll,Crystal",002,17505,School of Nursing,3.84,12,1,6,4,1,0,0,0,0,0,0
2022 Fall,EDIS,3011,Classroom & Behavior Managemnt,045918,"Cook,Lysandra",002,15282,School of Education and HumanDev,3.98,16,2,13,1,0,0,0,0,0,0,0
2022 Fall,PLAN,3813,Community-Engaged Methods,046273,"Wilson,Barbara",001,10236,School of Architecture,3.70,12,0,8,2,1,0,0,0,0,1,0
2022 Fall,KINE,2000,Intro to Kinesiology,042094,"Saliba,Susan",1,14918,School of Education and HumanDev,3.77,68,0,39,16,9,3,1,0,0,0,0
2022 Fall,ENWR,1510,Writing and Critical Inquiry,013432,"David,Monica",071,13323,College & Graduate Arts & Sci,3.77,18,1,7,7,3,0,0,0,0,0,0
2022 Fall,COMM,3020,Behavior Issues in Mktg & Mgmt,006454,"Foutz,Ying Natasha Zhang",008,14639,McIntire School of Commerce,3.50,43,0,7,15,13,8,0,0,0,0,0
2022 Fall,COMM,3020,Behavior Issues in Mktg & Mgmt,006454,"Ballinger,Gary Andrew",002,14642,McIntire School of Commerce,3.64,48,1,13,21,6,7,0,0,0,0,0
2022 Fall,COMM,3110,Intermediate Accounting I,006461,"Wang,Bingyun",800,14672,McIntire School of Commerce,3.72,24,0,9,10,4,1,0,0,0,0,0
2022 Fall,EDLF,7810,Legal & Educ Policy Context,009813,...,500,15383,School of Education and HumanDev,3.98,17,4,12,1,0,0,0,0,0,0,0
2022 Fall,KOR,2010,Intermediate Korean I,020866,"Han,Rosa",002,11032,College & Graduate Arts & Sci,3.61,17,0,4,9,1,2,1,0,0,0,0
2022 Fall,EDIS,5820,Assessment Of & For Learning,045053,"Hale,Jessica",001,15113,School of Education and HumanDev,3.80,23,1,13,6,1,2,0,0,0,0,0
2022 Fall,STS,4500,STS and Engineering Practice,036749,"Laugelli,Benjamin",010,15654,Engineering & Applied Science,3.86,30,9,11,7,3,0,0,0,0,0,0
2022 Fall,MATH,1310,Calculus I,022953,"Scheckelhoff,Kristen",600,10595,College & Graduate Arts & Sci,3.55,21,7,4,2,6,0,0,1,0,0,1
2022 Fall,MAE,3310,Aerospace Structures,022585,"Momot,Michael",001,15592,Engineering & Applied Science,3.51,108,9,29,28,11,20,7,3,0,1,0
2022 Fall,SYS,6001,Intro Systems Analysis&Design,036947,"Scherer,William",001,15627,Engineering & Applied Science,3.67,43,3,13,16,5,6,0,0,0,0,0
2022 Fall,STAT,3250,Data Analysis with Python,044090,"Lee,James",002,18331,College & Graduate Arts & Sci,3.82,38,0,25,9,2,0,2,0,0,0,0
2022 Fall,MATH,1310,Calculus I,022953,"Traaseth,Alec",300,10592,College & Graduate Arts & Sci,3.68,18,5,7,1,2,2,0,0,1,0,0
2022 Fall,SPAN,2010,Intermediate Spanish,035853,"Badang,Germain",002,10823,College & Graduate Arts & Sci,3.57,18,0,1,12,3,2,0,0,0,0,0
2022 Fall,MDST,8212,Social Studies of Media & Tech,046706,"Nemer,David",001,19648,College & Graduate Arts & Sci,4.00,7,2,5,0,0,0,0,0,0,0,0
2022 Fall,EGMT,1540,Ethical Engagement,044515,"Arthur-Montagne,Jacqueline",204,12349,College & Graduate Arts & Sci,3.98,37,5,31,0,1,0,0,0,0,0,0
2022 Fall,COMM,3010,Strategy and Systems,006453,"Oliver,Abbie Griffith",007,14633,McIntire School of Commerce,3.58,47,0,3,30,13,0,0,1,0,0,0
2022 Fall,EDIS,7025,Teachers as Leaders,044865,"Wheelock,Matthew",500,15368,School of Education and HumanDev,3.96,23,0,20,3,0,0,0,0,0,0,0
2022 Fall,EDIS,7751,Literacy Leadership Coaching,041923,"Austin,Ottilie",500,15377,School of Education and HumanDev,3.94,21,0,18,2,1,0,0,0,0,0,0
2022 Fall,ASTR,1210,Intro Sky and Solar System,003045,"Pryal,Matthew",005,14282,College & Graduate Arts & Sci,3.78,137,3,69,46,13,4,1,0,1,0,0
2022 Fall,COMM,2730,Personal Finance,006451,"Kelly,Dorothy",001,14627,McIntire School of Commerce,3.69,41,0,26,6,2,4,1,0,1,1,0
2022 Fall,EDLF,5160,Life Span Development,043142,"Smith,Ray",500,15389,School of Education and HumanDev,3.57,34,0,23,4,3,1,0,0,0,1,2
2022 Fall,ENWR,2700,News Writing,013457,"Sweeney,Kate",002,10888,College & Graduate Arts & Sci,3.85,15,0,9,5,1,0,0,0,0,0,0
2022 Fall,PHIL,7500,First Year Seminar,030209,"Ott,Walter",001,10903,College & Graduate Arts & Sci,3.74,5,0,2,2,1,0,0,0,0,0,0
2022 Fall,MATH,1140,Financial Mathematics,022937,"Nabb,Keith",002,11824,College & Graduate Arts & Sci,3.48,38,8,6,7,7,5,3,0,2,0,0
2022 Fall,STAT,2020,Statistics for Biologists,039999,"Ferrara,Maria",001,11851,College & Graduate Arts & Sci,3.72,109,13,47,22,15,8,3,1,0,0,0
2022 Fall,MATH,5653,Number Theory,023153,"Ono,Ken",001,12458,College & Graduate Arts & Sci,3.78,6,1,3,1,0,1,0,0,0,0,0
2022 Fall,ENTP,1010,Intro to Entrepreneurship,043881,"Zorychta,Alexander",001,14714,McIntire School of Commerce,3.91,55,2,41,10,1,1,0,0,0,0,0
2022 Fall,RUSS,1010,First-Year Russian I,034614,"Borovskaya-Ellis,Anna",001,10782,College & Graduate Arts & Sci,3.82,13,0,10,1,0,2,0,0,0,0,0
2022 Fall,PORT,1110,Beginning Intensive Portuguese,032102,"Feitosa,Lilian",001,10758,College & Graduate Arts & Sci,3.59,19,0,7,8,1,1,1,0,0,1,0
2022 Fall,ENWR,1520,Writing & Community Engagement,045365,"Stephenson,Sarah",001,12947,College & Graduate Arts & Sci,3.98,18,7,10,1,0,0,0,0,0,0,0
2022 Fall,COLA,1500,College Advising Seminars,006376,"Shuve,Karl",008,12509,College & Graduate Arts & Sci,4.00,20,4,16,0,0,0,0,0,0,0,0
2022 Fall,LATI,2010,Intermediate Latin I,021133,"Cvjeticanin,Jovan",002,10569,College & Graduate Arts & Sci,3.71,17,7,3,2,3,1,1,0,0,0,0
2022 Fall,SPAN,2010,Intermediate Spanish,035853,"Badang,Germain",011,10829,College & Graduate Arts & Sci,3.54,20,0,1,14,3,1,0,0,1,0,0
2022 Fall,CHEM,5210,Advanced Physical Chemistry I,005773,"Herbst,Eric",001,10364,College & Graduate Arts & Sci,3.70,12,1,3,5,3,0,0,0,0,0,0
2022 Fall,ASTR,3410,Archaeo-Astronomy,003081,"Chevalier,Roger",001,11731,College & Graduate Arts & Sci,3.78,20,0,8,10,2,0,0,0,0,0,0
2022 Fall,STAT,2120,Intro to Statistical Analysis,036655,"Weinstock,Justin",001,10838,College & Graduate Arts & Sci,3.66,141,8,74,20,12,17,5,2,2,0,1
2022 Fall,COMM,3010,Strategy and Systems,006453,"Oliver,Abbie Griffith",008,14630,McIntire School of Commerce,3.61,45,0,3,30,11,1,0,0,0,0,0
2022 Fall,CHIN,3010,Pre-Advanced Chinese I,006059,"Zhao,Ran",001,10376,College & Graduate Arts & Sci,3.85,15,0,12,1,0,2,0,0,0,0,0
2022 Fall,PSYC,2410,Abnormal Psychology,032566,"Emery,Robert",001,10764,College & Graduate Arts & Sci,3.64,401,81,131,59,71,25,22,8,4,0,0
2022 Fall,PLAN,5401,Mod for Higher Density Housing,043452,"Moomaw,Suzanne",001,19684,School of Architecture,3.85,12,0,6,6,0,0,0,0,0,0,0
2022 Fall,MAE,3420,Computational Methods in MAE,022586,"Dong,Haibo",001,16363,Engineering & Applied Science,3.73,41,5,20,7,5,1,2,1,0,0,0
2022 Fall,STAT,2120,Intro to Statistical Analysis,036655,"Weinstock,Justin",002,10839,College & Graduate Arts & Sci,3.66,188,3,98,36,18,19,9,3,1,1,0
2022 Fall,SPAN,2010,Intermediate Spanish,035853,"Sotelo-Padron,MAR",008,10820,College & Graduate Arts & Sci,3.86,17,0,9,8,0,0,0,0,0,0,0
2022 Fall,BIOL,4810,DMP Seminar- Biology Research,003643,"Wormington,Mike",001,11726,College & Graduate Arts & Sci,3.96,19,7,11,0,1,0,0,0,0,0,0
2022 Fall,BIMS,8995,Topical Research,042296,"Paschal,Bryce",003,19289,Medical School - BIMS/PHS,3.96,8,2,5,1,0,0,0,0,0,0,0
2022 Fall,POTR,4270,The Civilization of Brazil,032131,"Carter,Eli",001,13817,College & Graduate Arts & Sci,3.71,14,0,5,7,1,0,1,0,0,0,0
2022 Fall,ARH,1010,History of Architecture I,001844,"Reilly,Lisa",100,10001,School of Architecture,3.42,128,0,12,48,41,16,9,2,0,0,0
2022 Fall,ENGR,1410,Synthesis Design I,012396,"Bailey,Reid",001,15589,Engineering & Applied Science,3.85,32,1,20,9,1,0,1,0,0,0,0
2022 Fall,MAE,4120,Air Breathing Propulsion,022598,"Ma,Lin",001,15595,Engineering & Applied Science,3.39,34,3,9,1,9,10,0,0,2,0,0
2022 Fall,DRAM,1010,How Theatre Works,007177,"Garey,Cady",002,12974,College & Graduate Arts & Sci,3.65,42,0,12,19,6,5,0,0,0,0,0
2022 Fall,KOR,1010,Elementary Korean I,020864,"CHOI,YOON HWA",002,12988,College & Graduate Arts & Sci,3.90,16,5,7,3,1,0,0,0,0,0,0
2022 Fall,PLAN,3811,Gender & Built Environment,044147,"Sewell,Jessica",001,10064,School of Architecture,3.90,22,0,16,5,1,0,0,0,0,0,0
2022 Fall,CHIN,1010,Elementary Chinese,006047,"Wang,Jun",003,10373,College & Graduate Arts & Sci,3.92,16,3,10,2,1,0,0,0,0,0,0
2022 Fall,ECON,2060,American Economic History,007880,"Thomas,Mark",001,11696,College & Graduate Arts & Sci,3.07,76,0,8,12,13,22,13,2,2,2,2
2022 Fall,BIOL,3030,Biochemistry,003656,"Deppmann,Christopher",100,14454,College & Graduate Arts & Sci,3.84,217,57,94,40,17,6,2,1,0,0,0
2022 Fall,ITAL,1010,Elementary Italian I,020555,"Kaneda,Hiromi",002,10548,College & Graduate Arts & Sci,3.97,23,9,13,0,1,0,0,0,0,0,0
2022 Fall,EDHS,4810,Personal Adjustment,009132,"Rambo,Tim",1,14948,School of Education and HumanDev,3.79,37,3,23,6,1,2,1,0,1,0,0
2022 Fall,EDHS,3850,Intro to Counseling,043204,"Flora,Amanda",1,14954,School of Education and HumanDev,3.98,24,0,22,2,0,0,0,0,0,0,0
2022 Fall,ARTH,4591,Seminar in the History of Art,002569,"Fiorani,Francesca",003,12539,College & Graduate Arts & Sci,3.91,13,0,9,4,0,0,0,0,0,0,0
2022 Fall,ENWR,1510,Writing and Critical Inquiry,013432,"Ceraso,Stephanie",068,13036,College & Graduate Arts & Sci,3.98,18,4,13,1,0,0,0,0,0,0,0
2022 Fall,FREN,1010,Elementary French I,014273,"Fieger,Lindsay",002,12227,College & Graduate Arts & Sci,3.44,13,0,3,4,4,1,0,0,0,1,0
2022 Fall,PHAR,9002,Principles of Pharmacology II,042341,"Creutz,Carl",001,19248,Medical School - BIMS/PHS,3.90,6,3,1,2,0,0,0,0,0,0,0
2022 Fall,EGMT,1530,Engaging Differences,044514,"McMillen,Christian",203,12352,College & Graduate Arts & Sci,3.91,32,18,10,2,0,1,1,0,0,0,0
2022 Fall,PHYS,8240,Advanced General Relativity,045555,"Yagi,Kento",001,13003,College & Graduate Arts & Sci,3.60,9,1,4,1,1,0,2,0,0,0,0
2022 Fall,CJ,5610,Constitutional Law & Policing,039972,"Pettry,Michael T",01,21677,Continuing & Prof Studies,3.88,13,3,6,3,1,0,0,0,0,0,0
2022 Fall,CHEM,1411,Intro College Chem I Lab,005986,"Morkowchuk,Lisa",001,12935,College & Graduate Arts & Sci,3.75,24,17,2,2,0,0,1,1,0,1,0
2022 Fall,HBIO,4998,Thesis Rsrch in Human Biol I,017974,"Timko,Michael",001,10537,College & Graduate Arts & Sci,3.99,21,1,19,1,0,0,0,0,0,0,0
2022 Fall,LAW,9365,"Reparations: Ident, Law, & Pol",046749,"Gulati,Gaurang",1,20599,School of Law,3.45,12,0,0,6,4,2,0,0,0,0,0
2022 Fall,PLCP,4500,Special Topics,031707,"Waldner,David",001,13793,College & Graduate Arts & Sci,3.75,13,0,6,5,1,1,0,0,0,0,0
2022 Fall,MATH,1210,A survey of Calculus I,022944,"Saad,Hasan",700,10586,College & Graduate Arts & Sci,3.48,24,0,8,7,2,2,4,1,0,0,0
2022 Fall,GETR,3393,Serial Media,046161,"Schmid,Marcel",001,14400,College & Graduate Arts & Sci,3.93,30,0,23,7,0,0,0,0,0,0,0
2022 Fall,COMM,3030,Quantitative & Finan Analysis,006455,"Baglioni Jr.,Anthony John",002,14645,McIntire School of Commerce,3.47,43,1,7,10,18,7,0,0,0,0,0
2022 Fall,MUSI,2340,Learn to Groove,039726,"Jospe,Robert",001,12959,College & Graduate Arts & Sci,4.00,19,3,16,0,0,0,0,0,0,0,0
2022 Fall,ECON,3720,Introduction to Econometrics,007939,"Farmer,Leland",101,11454,College & Graduate Arts & Sci,3.29,13,1,3,2,2,1,3,0,0,1,0
2022 Fall,MAE,4610,ME Design I,022602,"Garner,Gavin",002,16200,Engineering & Applied Science,3.94,26,2,19,5,0,0,0,0,0,0,0
2022 Fall,COMM,1800,Foundations of Commerce,006438,"Hoopes,Charlotte",003,14723,McIntire School of Commerce,3.67,149,10,67,31,18,15,5,0,2,1,0
2022 Fall,ECON,4390,Economics of Advertising,007973,"Anderson,Simon",001,12254,College & Graduate Arts & Sci,3.46,10,0,2,2,4,2,0,0,0,0,0
2022 Fall,MUSI,4509,Cultural & Historical Studies,024847,"Maus,Fred",001,13480,College & Graduate Arts & Sci,3.67,12,1,10,0,0,0,0,0,0,0,1
2022 Fall,EDHS,2250,Stress and Anxiety Management,044538,"Cholewa,Blaire",1,15060,School of Education and HumanDev,3.95,59,26,25,7,1,0,0,0,0,0,0
2022 Fall,EDLF,7605,Anthropology of Education,009735,"Hoffman,Diane",1,15066,School of Education and HumanDev,3.21,18,2,3,2,2,7,1,0,0,0,1
2022 Fall,COMM,3110,Intermediate Accounting I,006461,"McDermott,Katie",300,14652,McIntire School of Commerce,3.73,28,2,12,8,3,3,0,0,0,0,0
2022 Fall,ASL,1010,Elem Amer Sign Language I,002999,"Devito,Rocco",002,10846,College & Graduate Arts & Sci,3.50,17,0,2,8,3,4,0,0,0,0,0
2022 Fall,EDIS,5770,Soc/Em Issues in Talent Dev,045469,"Dmitrieva,Svetlana",500,15365,School of Education and HumanDev,3.98,12,4,7,1,0,0,0,0,0,0,0
2022 Fall,ENWR,1505,Writing & Critical Inquiry S1,013428,"Kostelnik,Kate",005,12950,College & Graduate Arts & Sci,3.71,11,0,5,4,0,2,0,0,0,0,0
2022 Fall,ARCH,5500,Special Topics in Architecture,001621,"Putalik,Erin",002,20039,School of Architecture,3.68,6,0,2,3,0,1,0,0,0,0,0
2022 Fall,HIUS,2001,American History to 1865,019527,"Taylor,Alan",100,10545,College & Graduate Arts & Sci,3.53,55,0,16,19,11,7,1,0,0,0,1
2022 Fall,NUCO,2210,Foundations of Nursing CARE,043099,"Logan,Jeongok",003,17412,School of Nursing,3.85,23,0,14,8,0,1,0,0,0,0,0
2022 Fall,COLA,1500,College Advising Seminars,006376,"Neumann,Brian",024,11720,College & Graduate Arts & Sci,3.90,15,2,8,5,0,0,0,0,0,0,0
2022 Fall,CHE,6625,Transport Processes,005513,"Lazzara,Matthew",001,16220,Engineering & Applied Science,3.28,21,0,4,1,6,8,2,0,0,0,0
2022 Fall,ENTP,1010,Intro to Entrepreneurship,043881,"Zorychta,Alexander",005,19651,McIntire School of Commerce,3.66,43,0,19,12,6,3,3,0,0,0,0
2022 Fall,BIOL,4070,Developmental Biology Lab,003594,"Arrigo,Angelo",001,10849,College & Graduate Arts & Sci,4.00,19,4,15,0,0,0,0,0,0,0,0
2022 Fall,ENWR,1510,Writing and Critical Inquiry,013432,"Gelly,Piers",029,10879,College & Graduate Arts & Sci,3.97,18,0,16,2,0,0,0,0,0,0,0
2022 Fall,CHEM,1411,Intro College Chem I Lab,005986,"Morkowchuk,Lisa",038,12209,College & Graduate Arts & Sci,3.79,21,15,0,4,0,1,0,0,0,1,0
2022 Fall,PHIL,1730,Intro to Moral & Pol Phil,030030,"Anderson,Joseph",100,12476,College & Graduate Arts & Sci,3.54,52,1,14,18,7,9,1,2,0,0,0
2022 Fall,CHEM,2311,Org Chem Lab I Non Chem Major,043154,"Chruma,Jason",009,12554,College & Graduate Arts & Sci,3.87,17,0,11,5,1,0,0,0,0,0,0
2022 Fall,FREN,5585,Topics in Civ/Cultural Studies,014449,"Roger,Philippe",001,12809,College & Graduate Arts & Sci,3.85,6,0,3,3,0,0,0,0,0,0,0
2022 Fall,GCOM,7020,Strategic Cost Management,015390,"Roberts,Andrea",001,14673,McIntire School of Commerce,3.50,57,1,9,16,26,4,1,0,0,0,0
2022 Fall,ENWR,1510,Writing and Critical Inquiry,013432,"Kravetz,Rachel",026,10876,College & Graduate Arts & Sci,3.65,17,0,2,12,2,1,0,0,0,0,0
2022 Fall,CHEM,3410,Phys Chem - Quantum Theory,005731,"Harrison,Allan",200,11967,College & Graduate Arts & Sci,3.33,50,4,3,19,7,5,9,1,1,1,0
2022 Fall,ENGL,8540,Studies in 19th-C Literature,012806,"Booth,Alison",001,18244,College & Graduate Arts & Sci,3.79,13,1,8,1,2,1,0,0,0,0,0
2022 Fall,LAR,5290,Green Infrastructure: Cities,020925,"Firehock,Karen",001,10031,School of Architecture,3.88,5,0,3,2,0,0,0,0,0,0,0
2022 Fall,MSE,2090,Intro to Materials Science,024402,"Balachandran,Prasanna",001,15604,Engineering & Applied Science,3.64,62,2,18,23,13,4,2,0,0,0,0
2022 Fall,CHE,4474,"Proc Synth, Modl and Contrl",005464,"Anderson,Eric",001,16974,Engineering & Applied Science,3.84,40,0,33,1,1,4,1,0,0,0,0
2022 Fall,SPAN,1060,Accelerated Elementary Spanish,035820,"Young,Sara",008,11728,College & Graduate Arts & Sci,3.79,12,0,6,5,0,1,0,0,0,0,0
2022 Fall,ITAL,2010,Intermediate Italian I,020567,"Kaneda,Hiromi",003,10554,College & Graduate Arts & Sci,4.00,19,10,9,0,0,0,0,0,0,0,0
2022 Fall,STAT,4630,Statistical Machine Learning,044234,"Woo,Jeffrey",001,12803,College & Graduate Arts & Sci,3.78,74,1,36,25,10,2,0,0,0,0,0
2022 Fall,MATH,1210,A survey of Calculus I,022944,"Gagne,Matthew",900,10583,College & Graduate Arts & Sci,3.71,30,0,19,3,4,2,1,1,0,0,0
2022 Fall,MDST,3402,War and the Media,023533,"Williams,Bruce",001,20149,College & Graduate Arts & Sci,3.77,18,0,12,3,0,2,1,0,0,0,0
2022 Fall,CS,3240,Advanced Software Development,006903,"Sherriff,Mark",002,19660,Engineering & Applied Science,3.81,105,0,63,33,3,3,1,2,0,0,0
2022 Fall,PLAN,6120,Digital Tech for Plan II GIS,045554,"Wilson,Bev",001,10257,School of Architecture,3.84,19,7,7,2,2,1,0,0,0,0,0
2022 Fall,COMM,3110,Intermediate Accounting I,006461,"Wang,Bingyun",700,14657,McIntire School of Commerce,3.61,26,0,11,7,3,3,1,1,0,0,0
2022 Fall,SARC,1500,SARC Seminars,044199,"Waldman,Peter",001,10242,School of Architecture,4.00,18,10,8,0,0,0,0,0,0,0,0
2022 Fall,PLCP,3630,Politics in India and Pakistan,031697,"Echeverri-Gent,John",001,11977,College & Graduate Arts & Sci,3.37,61,0,4,18,27,7,4,0,1,0,0
2022 Fall,COLA,1500,College Advising Seminars,006376,"Dave,Shilpa",032,11987,College & Graduate Arts & Sci,3.97,18,0,16,2,0,0,0,0,0,0,0
2022 Fall,ITAL,1010,Elementary Italian I,020555,"Bonino,Nicole",004,11958,College & Graduate Arts & Sci,3.89,22,5,10,6,1,0,0,0,0,0,0
2022 Fall,MAE,2320,Dynamics,022576,"Momot,Michael",001,16929,Engineering & Applied Science,3.46,19,1,6,5,3,0,2,1,0,1,0
2022 Fall,FREN,1010,Elementary French I,014273,"Namur,Francois",001,11935,College & Graduate Arts & Sci,3.45,13,0,3,5,0,3,2,0,0,0,0
2022 Fall,ECON,3030,Money and Banking,007910,"Doyle,Carter",300,12161,College & Graduate Arts & Sci,3.73,77,12,28,19,9,9,0,0,0,0,0
2022 Fall,STS,4500,STS and Engineering Practice,036749,"Norton,Peter",001,15651,Engineering & Applied Science,3.90,29,0,23,3,3,0,0,0,0,0,0
2022 Fall,CJ,3670,Effective Writing,006191,"Lewis,Cynthia L.",01,21665,Continuing & Prof Studies,4.00,20,15,5,0,0,0,0,0,0,0,0
2022 Fall,KOR,2010,Intermediate Korean I,020866,"Han,Rosa",001,12104,College & Graduate Arts & Sci,3.43,15,0,7,4,1,0,2,0,0,0,1
2022 Fall,LAW,6108,Civ Rts & Antidiscrim Law,046751,"Milligan,Joy",1,20596,School of Law,3.40,5,0,0,2,2,1,0,0,0,0,0
2022 Fall,STAT,3220,Intro to Regression Analysis,040001,"Varanyak,Krista",001,12125,College & Graduate Arts & Sci,3.91,73,7,48,15,3,0,0,0,0,0,0
2022 Fall,COMM,4710,Intermediate Investments,006538,"Sandas,Patrik",001,14663,McIntire School of Commerce,3.55,27,0,8,5,11,3,0,0,0,0,0
2022 Fall,EDIS,7072,Performance Improvement,043408,"Aziz,Dawn",501,15418,School of Education and HumanDev,3.93,15,7,6,1,1,0,0,0,0,0,0
2022 Fall,SPAN,2010,Intermediate Spanish,035853,"Soto,Patricio Arriagada",007,11961,College & Graduate Arts & Sci,3.62,13,0,3,6,3,1,0,0,0,0,0
2022 Fall,EDLF,7813,Leadership for EdTech,042239,"Dexter,Sara",500,15386,School of Education and HumanDev,3.94,14,0,11,3,0,0,0,0,0,0,0
2022 Fall,ENWR,1510,Writing and Critical Inquiry,013432,"D'Errico,Jon",035,10885,College & Graduate Arts & Sci,3.89,17,0,12,4,1,0,0,0,0,0,0
2022 Fall,ENWR,1510,Writing and Critical Inquiry,013432,"Tschurr,Henry",018,12050,College & Graduate Arts & Sci,3.97,18,1,15,2,0,0,0,0,0,0,0
2022 Fall,SPAN,1060,Accelerated Elementary Spanish,035820,"Street,Matthew",006,11693,College & Graduate Arts & Sci,3.57,13,3,5,1,0,2,1,0,1,0,0
2022 Fall,EDHS,3120,Abnormal Psychology,043641,"Carter,Lauren",1,14982,School of Education and HumanDev,4.00,19,14,5,0,0,0,0,0,0,0,0
2022 Fall,RELC,3222,From Jefferson to King,041421,"Hadley,Mark",001,18036,College & Graduate Arts & Sci,3.73,17,0,9,4,2,2,0,0,0,0,0
2022 Fall,EDIS,5138,Advanced Topics in ABA,046007,"Ingvarsson,Einar",500,15421,School of Education and HumanDev,3.56,12,3,3,1,2,1,2,0,0,0,0
2022 Fall,CHEM,1411,Intro College Chem I Lab,005986,"Morkowchuk,Lisa",064,13344,College & Graduate Arts & Sci,3.96,22,15,4,3,0,0,0,0,0,0,0
2022 Fall,GNUR,6050,Theoretical Foundation of Nurs,016925,"Campbell,Cathy",001,17454,School of Nursing,4.00,32,8,24,0,0,0,0,0,0,0,0
2022 Fall,COMM,4559,New Course: COMM,040853,"Gong,Jing",002,19654,McIntire School of Commerce,3.89,17,1,10,6,0,0,0,0,0,0,0
2022 Fall,APMA,1110,Single Variable Calculus II,001140,"Abramenko,Monika",002,15529,Engineering & Applied Science,3.34,34,1,7,10,2,8,3,1,1,1,0
2022 Fall,PSYC,3480,Adolesc: Theory & Development,032575,"Allen,Joseph",001,18346,College & Graduate Arts & Sci,3.61,190,7,77,35,39,22,7,3,0,0,0
2022 Fall,SOC,2052,Sociology of the Family,035342,"Wilcox,William",100,10803,College & Graduate Arts & Sci,3.70,174,18,55,64,22,10,4,1,0,0,0
2022 Fall,CHEM,2410,Organic Chemistry I,005698,"Hsu,Ku-Lung",300,12095,College & Graduate Arts & Sci,3.16,84,2,8,21,18,12,9,5,5,4,0
2022 Fall,CHEM,1411,Intro College Chem I Lab,005986,"Morkowchuk,Lisa",077,13355,College & Graduate Arts & Sci,3.57,19,13,1,1,0,0,1,0,1,2,0
2022 Fall,AMST,3559,New Course: AMST,038536,"Grandison,K. Ian",001,20155,College & Graduate Arts & Sci,3.60,13,1,2,6,3,0,1,0,0,0,0
2022 Fall,COMM,3030,Quantitative & Finan Analysis,006455,"Erwin,Gayle R",005,14648,McIntire School of Commerce,3.66,42,0,16,13,10,2,1,0,0,0,0
2022 Fall,ENWR,1510,Writing and Critical Inquiry,013432,"Kravetz,Rachel",014,10867,College & Graduate Arts & Sci,3.62,17,0,4,9,2,1,1,0,0,0,0
2022 Fall,GCOM,7030,Financial Accounting,038176,"Koch,Adam",001,14674,McIntire School of Commerce,3.49,54,2,14,11,10,16,1,0,0,0,0
2022 Fall,GNUR,6641,FNP Seminar A,044787,"Eastham,Linda",001,17457,School of Nursing,3.79,16,1,9,3,2,1,0,0,0,0,0
2022 Fall,SOC,4980,Distinguished Majors Thesis,035523,"Gorman,Elizabeth",001,13033,College & Graduate Arts & Sci,3.96,15,0,13,2,0,0,0,0,0,0,0
2022 Fall,PHIL,3720,Contemporary Ethics,030137,"Stangl,Rebecca",001,14027,College & Graduate Arts & Sci,3.74,28,0,15,6,5,2,0,0,0,0,0
2022 Fall,DANC,2220,Modern/Contemporary I,007227,"Mata,Kim",001,11510,College & Graduate Arts & Sci,3.71,10,1,6,2,0,0,0,0,0,1,0
2022 Fall,CHEM,1410,Intro College Chemistry I,005649,"Columbus,Linda",100,14137,College & Graduate Arts & Sci,3.40,203,1,38,63,38,45,7,6,4,0,1
2022 Fall,ANTH,4591,Majors Seminar,000804,"Fontanilla,Julia Alejandra Morales",003,14174,College & Graduate Arts & Sci,3.93,16,1,11,4,0,0,0,0,0,0,0
2022 Fall,PSYC,2600,Intro to Social Psychology,032521,"Mazurek,Christopher",001,10761,College & Graduate Arts & Sci,3.50,313,0,67,129,50,41,19,2,3,0,2
2022 Fall,SPAN,1060,Accelerated Elementary Spanish,035820,"Young,Sara",001,12749,College & Graduate Arts & Sci,3.81,10,1,4,4,1,0,0,0,0,0,0
2022 Fall,EGMT,1530,Engaging Differences,044514,"Walsh,David",215,17951,College & Graduate Arts & Sci,3.90,31,0,24,5,1,1,0,0,0,0,0
2022 Fall,EDIS,5856,Content Area Sem: Soc Studies,045069,"Yonas,Anna",1,15116,School of Education and HumanDev,3.96,22,0,19,3,0,0,0,0,0,0,0
2022 Fall,PHYS,2010,Principles of Physics 1,030809,"Sundararajan,Jency",003,14285,College & Graduate Arts & Sci,3.70,91,1,44,24,9,9,4,0,0,0,0
2022 Fall,PSPM,5030,Intro to Project Mgmt,029786,"Kropp,Edward",701,20716,Continuing & Prof Studies,3.68,24,0,14,7,1,1,0,0,0,0,1
2022 Fall,BIOL,4910,Life Sciences Research,043055,"Kawasaki,Masashi",001,11899,College & Graduate Arts & Sci,3.98,114,71,39,3,0,1,0,0,0,0,0
2022 Fall,ENGL,4580,Seminar in Literary Criticism,011550,"Felski,Rita",001,18250,College & Graduate Arts & Sci,3.44,14,1,3,6,3,0,0,0,0,0,1
2022 Fall,ARAD,3100,Prin & Prac in Arts Administrn,001346,"Sampson,George",001,11821,College & Graduate Arts & Sci,3.94,86,0,74,10,1,0,1,0,0,0,0
2022 Fall,COMM,4720,Adv Corp Finance: Val & Restr,006541,"Schenone,Carola",003,19642,McIntire School of Commerce,4.00,20,9,11,0,0,0,0,0,0,0,0
2022 Fall,STS,4500,STS and Engineering Practice,036749,"Earle,Joshua",015,16378,Engineering & Applied Science,3.89,27,0,24,0,0,3,0,0,0,0,0
2022 Fall,CHEM,1411,Intro College Chem I Lab,005986,"Morkowchuk,Lisa",056,13338,College & Graduate Arts & Sci,3.98,24,18,4,2,0,0,0,0,0,0,0
2022 Fall,EDLF,4080,U.S. Education Policy,043600,"Wyckoff,James",1,14975,School of Education and HumanDev,3.75,17,0,7,7,3,0,0,0,0,0,0
2022 Fall,ENWR,1510,Writing and Critical Inquiry,013432,"Driver,Keith",062,12233,College & Graduate Arts & Sci,3.95,18,1,14,3,0,0,0,0,0,0,0
2022 Fall,CHEM,1411,Intro College Chem I Lab,005986,"Morkowchuk,Lisa",042,12574,College & Graduate Arts & Sci,3.97,23,18,3,2,0,0,0,0,0,0,0
2022 Fall,CHEM,1500,Chemistry for Health Sciences,043753,"Pu,Lin",001,12047,College & Graduate Arts & Sci,3.31,35,0,13,2,6,6,3,2,3,0,0
2022 Fall,APMA,2120,Multivariable Calculus,001144,"Mahmood,Asif",001,15532,Engineering & Applied Science,3.45,33,2,10,5,7,5,2,1,0,1,0
2022 Fall,LPPS,5330,Education and Conflict,046708,"Mohamed,Naseemah",001,19687,Batten Leadership & Public Pol,3.79,9,0,4,4,1,0,0,0,0,0,0
2022 Fall,EDIS,4330,Teaching Science Elementary,046130,"Tai,Robert",1,15433,School of Education and HumanDev,3.94,31,23,5,1,1,1,0,0,0,0,0
2022 Fall,MATH,1210,A survey of Calculus I,022944,"Sonkin,Dmitriy",100,10578,College & Graduate Arts & Sci,3.72,26,0,19,3,0,1,1,0,2,0,0
2022 Fall,LAW,8000,Advanced Legal Research,021685,"Radthorne,Daniel",2,20201,School of Law,3.54,18,0,2,8,7,1,0,0,0,0,0
2022 Fall,COMM,4310,Global Marketing,006515,"Kozlenkova,Irina",002,19640,McIntire School of Commerce,3.70,17,0,4,10,3,0,0,0,0,0,0
2022 Fall,EGMT,1510,Engaging Aesthetics,044512,"Puri,Michael",101,12260,College & Graduate Arts & Sci,3.96,36,0,33,2,0,1,0,0,0,0,0
2022 Fall,HIST,4501,Major Seminar,019210,"Hitchcock,William",001,18208,College & Graduate Arts & Sci,3.85,11,1,7,2,0,1,0,0,0,0,0
2022 Fall,PLAP,2250,American Political Tradition,031555,"Lykins,Max",001,12131,College & Graduate Arts & Sci,3.63,16,0,6,4,4,2,0,0,0,0,0
2022 Fall,CHIN,2020,Intermediate Chinese,006054,"Wang,Rui",001,12830,College & Graduate Arts & Sci,3.79,13,0,9,1,2,1,0,0,0,0,0
2022 Fall,CE,3300,Structural Mechanics,004450,"Ozbulut,Osman",001,15633,Engineering & Applied Science,3.88,19,2,11,5,1,0,0,0,0,0,0
2022 Fall,EDLF,6080,Education Policy,042736,"Bassok,Daphna",1,15125,School of Education and HumanDev,3.80,8,0,6,1,0,0,1,0,0,0,0
2022 Fall,SOC,4054,Political Sociology,035488,"Mullins,Ian",001,13412,College & Graduate Arts & Sci,3.81,21,3,15,0,0,1,1,1,0,0,0
2022 Fall,EVSC,3601,Physical Hydrology Laboratory,014095,"Reidenbach,Matthew",002,12818,College & Graduate Arts & Sci,3.89,14,0,11,2,0,1,0,0,0,0,0
2022 Fall,PLPT,3020,Modern Political Thought,031927,"Phulwani,Vijay",100,14119,College & Graduate Arts & Sci,3.60,87,0,22,34,23,7,0,1,0,0,0
2022 Fall,EDLF,7604,Sociology of Education,009734,"Trang,Amy Nga",500,15395,School of Education and HumanDev,3.65,27,2,8,9,4,4,0,0,0,0,0
2022 Fall,BME,3310,Biomed Sys Analysis & Design,004066,"Dolatshahi,Sepideh",001,15639,Engineering & Applied Science,3.72,60,9,21,17,6,5,2,0,0,0,0
2022 Fall,MATH,2310,Calculus III,023024,"Qi,You",500,12068,College & Graduate Arts & Sci,3.50,32,2,11,7,2,4,4,2,0,0,0
2022 Fall,RELG,1500,Intro Sem Religious Studies,034137,"Hoehler-Fatton,Cynthia",001,13976,College & Graduate Arts & Sci,3.59,14,0,6,2,3,3,0,0,0,0,0
2022 Fall,HIME,2559,New Course: HIME,039267,"Kahlenberg,Caroline",001,18412,College & Graduate Arts & Sci,3.90,21,2,12,7,0,0,0,0,0,0,0
2022 Fall,HIST,3281,Genocide,019169,"Rossman,Jeffrey",100,12461,College & Graduate Arts & Sci,3.50,84,0,26,28,6,17,4,2,0,0,1
2022 Fall,EGMT,1540,Ethical Engagement,044515,"Fraser,Cassandra",102,12920,College & Graduate Arts & Sci,3.89,34,1,22,10,1,0,0,0,0,0,0
2022 Fall,EDHS,2895,Mental Health and Schools,042737,"Nguyen,Amanda",1,14915,School of Education and HumanDev,3.91,34,0,29,3,0,2,0,0,0,0,0
2022 Fall,SARC,6710,Design Computation 1,045092,"Baharlou,Ehsan",100,10103,School of Architecture,3.82,35,3,16,12,4,0,0,0,0,0,0
2022 Fall,PHYS,2030,Princip of Physics 1 Workshop,030811,"Bychkov,Maxim Aleksandrovich",010,10912,College & Graduate Arts & Sci,4.00,12,7,5,0,0,0,0,0,0,0,0
2022 Fall,ASL,2010,Intermed Amer Sign Language I,003001,"Jennings-arey,Rhonda",003,12782,College & Graduate Arts & Sci,3.65,13,0,6,5,1,0,0,0,0,1,0
2022 Fall,EGMT,1510,Engaging Aesthetics,044512,"Skwiat,Matthew",211,17897,College & Graduate Arts & Sci,3.92,35,0,27,7,1,0,0,0,0,0,0
2022 Fall,ECON,4365,Global Financial Markets,044412,"Fostel,Ana",100,18152,College & Graduate Arts & Sci,3.69,38,6,11,10,7,4,0,0,0,0,0
2022 Fall,ENCW,2600,Fiction Writing,013455,"Cart,Katherine",005,12962,College & Graduate Arts & Sci,3.98,14,3,10,1,0,0,0,0,0,0,0
2022 Fall,ENWR,1510,Writing and Critical Inquiry,013432,"Ireland,Casey",043,11011,College & Graduate Arts & Sci,3.85,17,0,11,4,2,0,0,0,0,0,0
2022 Fall,LATI,2020,Intermediate Latin II,021134,"Celotto,Giulio",002,10572,College & Graduate Arts & Sci,3.57,15,1,5,4,1,2,2,0,0,0,0
2022 Fall,CHEM,2810,Principles Org & Bioorg Chem,005711,"Serbulea,Laura",100,10352,College & Graduate Arts & Sci,3.62,65,0,30,12,12,6,4,1,0,0,0
2022 Fall,PHYS,5630,Computational Physics I,030897,"Chern,Gia-Wei",001,10731,College & Graduate Arts & Sci,3.43,18,1,6,3,2,3,2,0,0,1,0
2022 Fall,PHYS,2030,Princip of Physics 1 Workshop,030811,"Bychkov,Maxim Aleksandrovich",017,14495,College & Graduate Arts & Sci,4.00,15,9,6,0,0,0,0,0,0,0,0
2022 Fall,STAT,3220,Intro to Regression Analysis,040001,"Varanyak,Krista",003,13424,College & Graduate Arts & Sci,3.94,72,3,55,14,0,0,0,0,0,0,0
2022 Fall,COMM,3030,Quantitative & Finan Analysis,006455,"Erwin,Gayle R",006,14651,McIntire School of Commerce,3.60,37,0,11,12,10,3,1,0,0,0,0
2022 Fall,EVSC,4010,Introduction to Remote Sensing,013930,"Yang,Xi",100,13303,College & Graduate Arts & Sci,3.62,16,4,2,3,6,1,0,0,0,0,0
2022 Fall,ENCW,2300,Poetry Writing,013450,"Martinez,Lucas",003,12839,College & Graduate Arts & Sci,3.92,15,0,11,4,0,0,0,0,0,0,0
2022 Fall,EVSC,4080,Quantitative Methods,044994,"Wiberg,Patricia",001,12821,College & Graduate Arts & Sci,3.79,14,0,9,4,0,0,0,1,0,0,0
2022 Fall,COMM,4710,Intermediate Investments,006538,"Sandas,Patrik",002,14666,McIntire School of Commerce,3.47,14,0,4,3,5,1,0,0,1,0,0
2022 Fall,AMST,3630,Vietnam War Lit & Film,044175,"Chong,Sylvia",001,14063,College & Graduate Arts & Sci,3.74,27,3,17,3,3,0,0,0,0,0,1
2022 Fall,RELB,3495,Early Buddhism,045352,"Braun,Erik",001,13367,College & Graduate Arts & Sci,3.75,20,0,9,8,1,2,0,0,0,0,0
2022 Fall,CHEM,1410,Intro College Chemistry I,005649,"Welch,Kevin",400,14152,College & Graduate Arts & Sci,3.64,373,30,154,85,57,30,5,5,2,0,5
2022 Fall,PHS,3050,Fundamentals Public Health,041885,"Hornsby,Paige",001,18241,College & Graduate Arts & Sci,3.72,69,2,28,23,14,1,1,0,0,0,0
2022 Fall,GSGS,3100,Conceptions of the Global,046260,"Tidey,Sylvia",001,18945,College & Graduate Arts & Sci,3.98,19,10,8,1,0,0,0,0,0,0,0
2022 Fall,ENWR,1510,Writing and Critical Inquiry,013432,"Maunsell,Matthias",007,10861,College & Graduate Arts & Sci,3.78,18,0,6,11,1,0,0,0,0,0,0
2022 Fall,ENWR,1510,Writing and Critical Inquiry,013432,"Berenato,Thomas",032,10882,College & Graduate Arts & Sci,3.75,18,0,3,15,0,0,0,0,0,0,0
2022 Fall,EGMT,1520,Empirical Engagement,044513,"Connelly,Jessica",101,12263,College & Graduate Arts & Sci,3.95,60,37,20,1,1,0,0,0,0,1,0
2022 Fall,EDIS,5410,Young Adult Literature,009456,"Johnson,Wintre",500,15356,School of Education and HumanDev,3.81,7,1,5,0,0,0,1,0,0,0,0
2022 Fall,MATH,1220,A Survey of Calculus II,022945,"Dimou,Evangelos",500,11666,College & Graduate Arts & Sci,3.42,32,0,12,5,5,3,5,1,0,1,0
2022 Fall,PLCP,3330,Politics of Latin America,044401,"Wellbeloved,Elizabeth A.",501,17972,College & Graduate Arts & Sci,4.00,10,6,4,0,0,0,0,0,0,0,0
2022 Fall,WGS,2100,Gender and Sexuality Studies,036786,"Hagerman,Bonnie",200,14350,College & Graduate Arts & Sci,3.88,100,22,64,10,2,0,0,0,0,0,2
2022 Fall,APMA,2130,Ordinary Differentl Equations,001145,"Fernando,Thiwanka",001,15535,Engineering & Applied Science,3.46,37,0,11,7,12,3,3,0,0,0,1
2022 Fall,ANTH,3280,Intro to Native Studies,046071,"Jernigan,Kasey",001,13865,College & Graduate Arts & Sci,3.94,19,8,7,4,0,0,0,0,0,0,0
2022 Fall,ENWR,1505,Writing & Critical Inquiry S1,013428,"Chantell,Claire",001,10855,College & Graduate Arts & Sci,3.87,13,0,11,0,1,1,0,0,0,0,0
2022 Fall,HIEA,1501,Intro Sem in East Asian Hist,018286,"Stolz,Robert",003,18090,College & Graduate Arts & Sci,3.77,15,0,5,9,1,0,0,0,0,0,0
2022 Fall,ACCT,3020,Intro Acct II,045931,"Brooks,Gary",701,20698,Continuing & Prof Studies,3.76,14,2,8,1,0,3,0,0,0,0,0
2022 Fall,MUEN,3645,Bluegrass Workshop,043009,"Will,Richard",001,12173,College & Graduate Arts & Sci,3.92,15,0,11,4,0,0,0,0,0,0,0
2022 Fall,AMST,3559,New Course: AMST,038536,"Nguyen,Patricia",003,20242,College & Graduate Arts & Sci,3.98,14,3,10,1,0,0,0,0,0,0,0
2022 Fall,ENWR,1510,Writing and Critical Inquiry,013432,"Barry,Rebecca",050,12122,College & Graduate Arts & Sci,3.95,18,2,13,3,0,0,0,0,0,0,0
2022 Fall,ECE,6501,Topics: Elect & Computer Engr,007731,"Bowers,Steven",007,18963,Engineering & Applied Science,3.82,14,0,7,6,1,0,0,0,0,0,0
2022 Fall,EDHS,7270,Research in Counseling,009210,"Cholewa,Blaire",001,14856,School of Education and HumanDev,3.94,26,9,12,5,0,0,0,0,0,0,0
2022 Fall,NUIP,4430,Intro Stats in Hlth Care Res,042514,"Byon,Ha Do",001,17373,School of Nursing,3.74,20,5,8,3,0,3,1,0,0,0,0
2022 Fall,ENGL,5830,World Religions & Literatures,044818,"Hart,Kevin",001,20083,College & Graduate Arts & Sci,4.00,8,2,6,0,0,0,0,0,0,0,0
2022 Fall,ENWR,1510,Writing and Critical Inquiry,013432,"Chery,Arselyne",019,10870,College & Graduate Arts & Sci,3.58,18,0,4,9,4,0,0,0,1,0,0
2022 Fall,STAT,2020,Statistics for Biologists,039999,"Ferrara,Maria",003,12146,College & Graduate Arts & Sci,3.65,103,17,35,22,8,14,6,0,1,0,0
2022 Fall,WGS,2700,Men and Masculinities,041671,"Speidel,Lisa",001,11749,College & Graduate Arts & Sci,3.89,60,0,55,0,4,0,0,0,0,0,1
2022 Fall,CHEM,1411,Intro College Chem I Lab,005986,"Morkowchuk,Lisa",059,13341,College & Graduate Arts & Sci,3.97,23,19,2,2,0,0,0,0,0,0,0
2022 Fall,STAT,1601,Intro Data Science with R,045055,"Afriyie,Prince",002,12565,College & Graduate Arts & Sci,3.53,87,10,15,35,9,8,3,6,1,0,0
2022 Fall,EDIS,3020,The Exceptional Learner,009391,"Kunemund,Rachel",502,20287,School of Education and HumanDev,3.87,27,10,13,0,2,2,0,0,0,0,0
2022 Fall,ENWR,2520,Special Topics in Writing,013448,"Sullivan,Patricia",005,13904,College & Graduate Arts & Sci,3.96,16,0,14,2,0,0,0,0,0,0,0
2022 Fall,ECON,3010,Intermediate Microeconomics,007908,"Kloosterman,Andrew",400,11996,College & Graduate Arts & Sci,3.39,69,2,21,8,10,18,7,2,1,0,0
2022 Fall,SPAN,2020,Advanced Intermediate Spanish,035854,"Florez-Murillo,David",014,11669,College & Graduate Arts & Sci,3.85,20,0,11,8,1,0,0,0,0,0,0
2022 Fall,CHEM,1411,Intro College Chem I Lab,005986,"Morkowchuk,Lisa",039,12571,College & Graduate Arts & Sci,3.78,21,14,4,1,0,0,0,0,1,1,0
2022 Fall,PSYC,1010,Introductory Psychology,032423,"Dodson,Chad",001,11616,College & Graduate Arts & Sci,3.32,246,3,55,57,36,53,22,6,4,4,6
2022 Fall,EDIS,4120,Char of Ind w/Intellectual Dis,044944,"Gentry,Roberta",500,15344,School of Education and HumanDev,3.94,16,5,10,0,0,1,0,0,0,0,0
2022 Fall,EDIS,5143,Transition Planning Spec Ed,045415,"Gentry,Roberta",500,15353,School of Education and HumanDev,3.96,8,4,3,1,0,0,0,0,0,0,0
2022 Fall,PSYC,4155,Autism: From Neurons to Neighb,044109,"Jaswal,Vikram",001,12851,College & Graduate Arts & Sci,3.80,23,3,14,4,0,0,1,0,1,0,0
2022 Fall,CHEM,4411,Biological Chemistry Lab I,005757,"Price,Carol",102,12560,College & Graduate Arts & Sci,3.39,14,0,4,5,2,1,0,0,0,2,0
2022 Fall,CE,5340,Advanced Structures,045190,"Gomez,Jose",001,16614,Engineering & Applied Science,4.00,10,3,7,0,0,0,0,0,0,0,0
2022 Fall,GCNL,5180,Synthesis Practicum,015379,"Drake,Emily",001,17352,School of Nursing,3.94,49,0,40,8,1,0,0,0,0,0,0
2022 Fall,CHEM,5220,Advanced Physical Chemistry II,005774,"DuBay,Kateri",001,11970,College & Graduate Arts & Sci,3.40,5,0,1,1,1,2,0,0,0,0,0
2022 Fall,SPAN,2010,Intermediate Spanish,035853,"Morales,Josue",016,12002,College & Graduate Arts & Sci,3.72,17,0,4,11,2,0,0,0,0,0,0
2022 Fall,ARTS,2370,Intro to Cinematography I,002893,"Everson,Kevin",001,11637,College & Graduate Arts & Sci,3.95,12,2,8,2,0,0,0,0,0,0,0
2022 Fall,CS,6501,Spec Top: Computer Science,006981,"Zhang,Shangtong",006,19017,Engineering & Applied Science,3.87,34,1,25,3,5,0,0,0,0,0,0
2022 Fall,BIOL,2100,IntroBio w/Lab:Cell & Genetics,003470,"Kittlesen,David",002,10340,College & Graduate Arts & Sci,3.37,331,56,53,60,53,38,38,14,9,9,1
2022 Fall,CHEM,2410,Organic Chemistry I,005698,"Frantz,Alicia",100,10349,College & Graduate Arts & Sci,3.18,268,0,42,45,46,71,26,27,9,1,1
2022 Fall,ENWR,2510,Advanced Writing Seminar,013441,"Parks,Stephen",006,14134,College & Graduate Arts & Sci,4.00,17,4,13,0,0,0,0,0,0,0,0
2022 Fall,COLA,1500,College Advising Seminars,006376,"Hagerman,Bonnie",019,11610,College & Graduate Arts & Sci,3.96,17,8,8,0,1,0,0,0,0,0,0
2022 Fall,CE,5020,Geographic Information Systems,004577,"Miller,John",001,16149,Engineering & Applied Science,3.93,18,0,16,1,0,1,0,0,0,0,0
2022 Fall,FREN,3032,"Text, Image, Culture",014358,"Ferguson,Gary",003,11863,College & Graduate Arts & Sci,3.76,14,1,6,4,3,0,0,0,0,0,0
2022 Fall,LAR,7210,EcoTech III,042664,"Seibert,Matthew",001,10100,School of Architecture,3.52,36,0,1,23,5,7,0,0,0,0,0
2022 Fall,ENWR,1510,Writing and Critical Inquiry,013432,"James,Katherine",067,12304,College & Graduate Arts & Sci,3.98,17,10,6,1,0,0,0,0,0,0,0
2022 Fall,PLAC,5250,Applied Real Estate,045477,"Moomaw,Suzanne",001,10177,School of Architecture,3.84,12,0,7,4,1,0,0,0,0,0,0
2022 Fall,ECON,4820,Experimental Economics,007985,"Holt,Charles",001,11902,College & Graduate Arts & Sci,3.93,44,7,29,7,0,1,0,0,0,0,0
2022 Fall,ENCW,2600,Fiction Writing,013455,"English,Coby-Dillon",001,12845,College & Graduate Arts & Sci,3.98,15,13,1,1,0,0,0,0,0,0,0
2022 Fall,MATH,1220,A Survey of Calculus II,022945,"Tuominen,Miika",900,18765,College & Graduate Arts & Sci,3.42,19,0,7,2,3,4,2,1,0,0,0
2022 Fall,STAT,1602,Intro Data Science with Python,045052,"Helman,Jesse",002,13919,College & Graduate Arts & Sci,3.76,82,0,40,32,4,5,0,0,0,1,0
2022 Fall,CHEM,1411,Intro College Chem I Lab,005986,"Morkowchuk,Lisa",045,13329,College & Graduate Arts & Sci,3.92,24,18,3,2,0,0,1,0,0,0,0
2022 Fall,CHE,4448,Bioseparations Engineering,005467,"Carta,Giorgio",001,16608,Engineering & Applied Science,3.76,14,0,8,3,2,1,0,0,0,0,0
2022 Fall,ECE,3750,ECE Fundamentals III,007679,"Crockett,Caroline",001,16229,Engineering & Applied Science,3.61,48,0,27,4,7,5,3,1,1,0,0
2022 Fall,EDHS,8680,Cognitive Neuroscience,045948,"Brenner,Laurie",1,15291,School of Education and HumanDev,3.74,5,0,3,1,0,1,0,0,0,0,0
2022 Fall,DS,2002,Data Science Systems,046059,"Tupitza,Jon",002,19023,School of Data Science,3.92,38,9,22,5,1,1,0,0,0,0,0
2022 Fall,DS,6300,Theory I: Prob & Stoch Process,046804,"Stewart,Thomas G.",001,21512,School of Data Science,3.17,6,0,3,1,1,0,0,0,0,0,1
2022 Fall,HIAF,2001,Early African History,018133,"Fleur,James La",100,13711,College & Graduate Arts & Sci,3.43,51,1,10,20,8,6,3,1,1,0,1
2022 Fall,ENWR,1510,Writing and Critical Inquiry,013432,"Driver,Keith",070,12366,College & Graduate Arts & Sci,3.80,16,1,11,3,0,0,0,0,0,1,0
2022 Fall,EDHS,7210,Intro Profession of Counseling,009204,"Williams,Derick",001,14778,School of Education and HumanDev,3.99,31,20,10,1,0,0,0,0,0,0,0
2022 Fall,EGMT,1520,Empirical Engagement,044513,"Kucenas,Sarah",100,13907,College & Graduate Arts & Sci,3.97,27,0,24,3,0,0,0,0,0,0,0
2022 Fall,EGMT,1530,Engaging Differences,044514,"Reid,Sean",115,17942,College & Graduate Arts & Sci,3.89,35,0,30,1,2,1,1,0,0,0,0
2022 Fall,COMM,4380,Consumer Behav & Mktg Strategy,006522,"Cheema,Amar",002,14697,McIntire School of Commerce,3.44,36,1,5,9,12,9,0,0,0,0,0
2022 Fall,USEM,1570,University Seminar,037196,"Palmer,Michael",002,17685,Executive VP & Provost,3.92,13,2,10,0,0,1,0,0,0,0,0
2022 Fall,COMM,4680,Entrepreneurship,006531,"Ransler,Charles",002,14751,McIntire School of Commerce,3.90,32,0,23,8,1,0,0,0,0,0,0
2022 Fall,EDLF,3150,Intro Chld Growth & Developmnt,009660,"Sweeney,Beverly",001,14790,School of Education and HumanDev,3.94,40,9,28,1,0,2,0,0,0,0,0
2022 Fall,EDLF,5330,Quan Methods & Data Analysis I,009718,"Bartanen,Brendan",001,14793,School of Education and HumanDev,3.47,21,1,8,2,5,3,0,1,0,1,0
2022 Fall,GCOM,7320,Accounting Policy,015399,"Lefanowicz,Craig",1,14706,McIntire School of Commerce,3.61,29,0,10,8,7,4,0,0,0,0,0
2022 Fall,CE,5500,Special Topics in CE,044375,"Band,Lawrence",001,18990,Engineering & Applied Science,3.43,7,0,1,2,2,2,0,0,0,0,0
2022 Fall,PHYS,2030,Princip of Physics 1 Workshop,030811,"Khan,Md. Nazmun Sadat",007,10909,College & Graduate Arts & Sci,3.62,24,0,3,16,3,1,1,0,0,0,0
2022 Fall,ENWR,2510,Advanced Writing Seminar,013441,"Carey,Tamika",002,12298,College & Graduate Arts & Sci,3.73,15,0,3,11,1,0,0,0,0,0,0
2022 Fall,BME,6550,Spec Topics: Biomedical Engr,004145,"Rosen,Jonathan",001,16667,Engineering & Applied Science,4.00,10,6,4,0,0,0,0,0,0,0,0
2022 Fall,PHYS,1429,Intro Physics 1 Workshop,031036,"Panjsheeri,Zaki",003,11857,College & Graduate Arts & Sci,3.50,23,0,1,14,6,1,0,0,1,0,0
2022 Fall,LPPS,3240,Terrorism and Counterterrorism,041550,"Moy,Daniel",001,17259,Batten Leadership & Public Pol,3.29,40,1,3,10,10,10,5,0,1,0,0
2022 Fall,EGMT,1540,Ethical Engagement,044515,"Arthur-Montagne,Jacqueline",104,13567,College & Graduate Arts & Sci,3.99,34,24,9,1,0,0,0,0,0,0,0
2022 Fall,PHIL,3330,Philosophy of Mind,030130,"Langsam,Harold",001,12482,College & Graduate Arts & Sci,3.02,23,0,1,5,6,3,6,0,1,0,1
2022 Fall,ITAL,1010,Elementary Italian I,020555,"Bonino,Nicole",005,10551,College & Graduate Arts & Sci,3.90,19,2,12,4,1,0,0,0,0,0,0
2022 Fall,LAR,6710,Media I,045168,"Wettstein,Emily",100,10112,School of Architecture,3.68,19,0,3,13,3,0,0,0,0,0,0
2022 Fall,ARCH,1020,Lessons in Making,001472,"Iliescu,Sanda",100,10055,School of Architecture,3.86,120,45,29,38,7,1,0,0,0,0,0
2022 Fall,EDIS,2800,P-12 Educational Contexts,045916,"Missett,Tracy",1,15279,School of Education and HumanDev,4.00,19,5,14,0,0,0,0,0,0,0,0
2022 Fall,ARAB,1010,Elementary Arabic I,001279,"Mohamed,Suad",002,10317,College & Graduate Arts & Sci,3.88,11,0,8,2,1,0,0,0,0,0,0
2022 Fall,EDLF,7403,Survey Design & Inst Construct,009729,"Soland,Jim",1,15267,School of Education and HumanDev,3.85,28,0,19,7,0,2,0,0,0,0,0
2022 Fall,ENWR,1510,Writing and Critical Inquiry,013432,"Fowler,Charity",040,11008,College & Graduate Arts & Sci,3.78,18,7,4,4,1,2,0,0,0,0,0
2022 Fall,BIOL,8260,Writing in Science,044450,"Guler,Jennifer",001,14445,College & Graduate Arts & Sci,3.89,14,3,7,3,1,0,0,0,0,0,0
2022 Fall,SPAN,2020,Advanced Intermediate Spanish,035854,"Hogg,Jennifer",016,12038,College & Graduate Arts & Sci,3.77,19,2,4,12,1,0,0,0,0,0,0
2022 Fall,CHEM,1411,Intro College Chem I Lab,005986,"Morkowchuk,Lisa",074,13352,College & Graduate Arts & Sci,3.76,23,10,6,4,0,0,2,1,0,0,0
2022 Fall,ENGL,3660,Modern Poetry,041008,"Edmundson,Mark",001,18135,College & Graduate Arts & Sci,3.68,19,1,11,1,4,0,1,1,0,0,0
2022 Fall,LAW,7092,Intl Trade Law and Policy,040064,"Verdier,Pierre-Hugues",1,19955,School of Law,3.44,21,0,3,6,7,5,0,0,0,0,0
2022 Fall,PLIR,4320,Religion and War,041955,"Furia,Peter",001,12869,College & Graduate Arts & Sci,3.87,15,0,10,4,1,0,0,0,0,0,0
2022 Fall,CHEM,1411,Intro College Chem I Lab,005986,"Morkowchuk,Lisa",023,10978,College & Graduate Arts & Sci,3.89,24,20,0,2,1,0,1,0,0,0,0
2022 Fall,RELA,3890,Christianity in Africa,033814,"Hoehler-Fatton,Cynthia",101,18039,College & Graduate Arts & Sci,3.67,11,0,4,4,2,1,0,0,0,0,0
2022 Fall,MAE,6592,Spec Topcs in Mech & Aero Engr,022685,"Seabrook,Bryn",601,20331,Engineering & Applied Science,4.00,11,3,8,0,0,0,0,0,0,0,0
2022 Fall,GERM,1010,Elementary German,015642,"Neuhaus,Christina",001,10516,College & Graduate Arts & Sci,3.89,14,1,9,3,1,0,0,0,0,0,0
2022 Fall,EDLF,2080,Fundamentals of Statistics,044842,"Hull,Michael",1,15101,School of Education and HumanDev,3.76,35,14,8,8,2,1,0,1,1,0,0
2022 Fall,COMM,3220,DB Mgmt Sys & Bus Intellignce,006500,"Sarker,Suprateek",003,14754,McIntire School of Commerce,3.86,35,0,25,7,1,2,0,0,0,0,0
2022 Fall,CS,2120,Discrete Math and Theory 1,046227,"Sullivan,Kevin",002,17010,Engineering & Applied Science,3.83,78,8,54,10,1,0,3,1,0,0,1
2022 Fall,SPAN,3010,Grammar and Composition I,035893,"Acevedo-Reyes,Manuel",005,18217,College & Graduate Arts & Sci,3.96,16,3,11,2,0,0,0,0,0,0,0
2022 Fall,GCNL,5240,Leadership Seminar,015369,"Anderson,Joel",001,17355,School of Nursing,3.95,52,11,33,8,0,0,0,0,0,0,0
2022 Fall,CS,3330,Computer Architecture,006902,"Reiss,Charles",001,15568,Engineering & Applied Science,3.43,158,3,41,39,35,19,10,4,6,0,1
2022 Fall,GETR,3464,Stories of Love and Adventure,045859,"McDonald,William",002,21315,College & Graduate Arts & Sci,3.64,30,0,16,7,4,2,0,0,0,0,1
2022 Fall,RELH,2090,Hinduism,034386,"Nemec,John",100,18051,College & Graduate Arts & Sci,3.96,108,0,96,11,1,0,0,0,0,0,0
2022 Fall,COMM,4790,Fundamentals of R.E. Analysis,006542,"Korgaonkar,Sanket",002,14737,McIntire School of Commerce,3.79,17,0,9,5,3,0,0,0,0,0,0
2022 Fall,SYS,4050,Risk Analysis,045929,"Lambert,James",001,16877,Engineering & Applied Science,3.80,49,19,21,4,1,1,1,1,0,0,1
2022 Fall,AMST,3790,Moving On: Migration in/to US,046682,"Goff,Lisa",001,19599,College & Graduate Arts & Sci,3.87,18,3,10,3,2,0,0,0,0,0,0
2022 Fall,SPAN,2010,Intermediate Spanish,035853,"Neff,Kate",006,11842,College & Graduate Arts & Sci,3.86,20,2,10,7,1,0,0,0,0,0,0
2022 Fall,SPAN,2020,Advanced Intermediate Spanish,035854,"Hervas,Maria Jose Jorquera",019,12752,College & Graduate Arts & Sci,3.88,20,0,13,6,1,0,0,0,0,0,0
2022 Fall,EVSC,3301,Atmosphere & Weather Lab,014096,"Crowe,David",002,10481,College & Graduate Arts & Sci,4.00,13,8,5,0,0,0,0,0,0,0,0
2022 Fall,PHYS,7610,Quantum Theory I,030943,"Pesin,Dmytro",001,10734,College & Graduate Arts & Sci,3.27,22,0,4,4,4,6,2,2,0,0,0
2022 Fall,LAR,7500,Special Tops in Landscape Arch,045643,"Hawkins,Chloe",005,10281,School of Architecture,3.57,11,0,2,4,5,0,0,0,0,0,0
2022 Fall,EDLF,8665,Contemp Issues in Higher Ed,009801,"Pusser,Brian",1,15270,School of Education and HumanDev,3.96,8,1,6,1,0,0,0,0,0,0,0
2022 Fall,ECON,4030,Market Design,046168,"Johnson,Terence",001,18149,College & Graduate Arts & Sci,3.90,57,7,37,9,3,1,0,0,0,0,0
2022 Fall,EVSC,1010,Intro Environmental Sciences,013836,"Smith,Thomas",001,10466,College & Graduate Arts & Sci,3.82,290,27,164,63,24,5,4,1,1,0,1
2022 Fall,LPPA,3640,Resrch Methods & Data Analysis,042161,"Player,Daniel",200,18571,Batten Leadership & Public Pol,3.57,41,0,15,11,4,9,2,0,0,0,0
2022 Fall,DANC,1400,How Dance Matters,007179,"Schetlick,Kathryn",001,10948,College & Graduate Arts & Sci,3.76,19,0,11,6,1,0,0,0,1,0,0
2022 Fall,PLCP,2500,Special Topics,039020,"Miller,Rachel Nottingham",502,19014,College & Graduate Arts & Sci,3.64,25,2,6,9,6,2,0,0,0,0,0
2022 Fall,FREN,2020,Intermediate French II,014316,"Hapgood,Pascale",002,10501,College & Graduate Arts & Sci,3.72,15,0,6,6,2,1,0,0,0,0,0
2022 Fall,FREN,2020,Intermediate French II,014316,"Chiron,Emma",003,10504,College & Graduate Arts & Sci,3.82,15,0,11,1,2,1,0,0,0,0,0
2022 Fall,ENGL,3001,Hist of Lit in English I,011976,"Holsinger,Bruce",100,10454,College & Graduate Arts & Sci,3.80,178,0,121,35,10,5,1,1,5,0,0
2022 Fall,GCOM,7800,Adv Enterprise Architecture,015434,"Grazioli,Stefano",001,14691,McIntire School of Commerce,3.45,31,1,5,6,14,4,1,0,0,0,0
2022 Fall,ECON,2010,Principles of Econ: Microecon,007876,"Elzinga,Kenneth",090,10385,College & Graduate Arts & Sci,3.37,373,2,47,143,70,63,28,8,5,3,4
2022 Fall,LAW,6007,Torts,021571,"Kendrick,Leslie",EG,20030,School of Law,3.40,64,0,7,16,28,9,4,0,0,0,0
2022 Fall,COMM,3110,Intermediate Accounting I,006461,"McDermott,Katie",400,14653,McIntire School of Commerce,3.49,31,0,8,8,7,6,2,0,0,0,0
2022 Fall,CLAS,2300,Ancient Rome at the Movies,045902,"Hays,Gregory",001,13486,College & Graduate Arts & Sci,3.73,19,0,8,7,3,1,0,0,0,0,0
2022 Fall,GCOM,7400,Leading for Success in Acct,039676,"Roberts,Andrea",001,14685,McIntire School of Commerce,3.84,60,0,36,19,4,1,0,0,0,0,0
2022 Fall,COMM,4690,Global Management,006532,"Seaborn,Paul",001,14688,McIntire School of Commerce,3.72,38,0,7,28,3,0,0,0,0,0,0
2022 Fall,ASTR,1290,Black Holes,044559,"Davis,Shane",001,12292,College & Graduate Arts & Sci,3.76,117,26,49,21,10,9,1,0,0,0,1
2022 Fall,EGMT,1540,Ethical Engagement,044515,"Bernard,Benjamin",206,14267,College & Graduate Arts & Sci,3.90,31,0,26,3,0,1,1,0,0,0,0
2022 Fall,APMA,3080,Linear Algebra,001151,"Li,Meiqin",004,16161,Engineering & Applied Science,3.61,29,8,8,5,3,2,2,0,0,0,1
2022 Fall,STS,2500,S & T in Soc & Global Context,036734,"Davis,William",005,18972,Engineering & Applied Science,3.35,25,2,3,2,8,10,0,0,0,0,0
2022 Fall,ARAB,1010,Elementary Arabic I,001279,"Humeidan,Bilal",004,11818,College & Graduate Arts & Sci,3.59,11,0,4,4,1,0,2,0,0,0,0
2022 Fall,ARTR,3350,Intro to Arab Women's Lit,038074,"Al-Samman,Hanadi",001,12221,College & Graduate Arts & Sci,3.94,15,2,10,3,0,0,0,0,0,0,0
2022 Fall,NUIP,2420,Pathophysiology I,043234,"Apple,Ashley",001,17480,School of Nursing,3.86,85,26,36,16,4,2,0,0,1,0,0
2022 Fall,AAS,3500,Intermediate Seminar in AAS,039376,"Fields,Kimberly",003,12800,College & Graduate Arts & Sci,3.61,15,0,4,7,2,1,1,0,0,0,0
2022 Fall,MAE,2040,Computer Aided Design,046331,"Morgan,Neal",001,16983,Engineering & Applied Science,3.57,24,4,5,4,7,3,1,0,0,0,0
2022 Fall,PHS,3102,Intro PH: Pop. Data Analysis,042649,"Balkrishnan,Rajesh",001,14234,College & Graduate Arts & Sci,3.98,26,9,15,2,0,0,0,0,0,0,0
2022 Fall,COMM,1800,Foundations of Commerce,006438,"Hoopes,Charlotte",001,14700,McIntire School of Commerce,3.73,156,13,82,31,11,9,4,2,3,1,0
2022 Fall,COMM,4310,Global Marketing,006515,"Kozlenkova,Irina",001,14660,McIntire School of Commerce,3.68,34,0,9,17,7,1,0,0,0,0,0
2022 Fall,MAE,2040,Computer Aided Design,046331,"Morgan,Neal",004,16986,Engineering & Applied Science,3.44,21,1,2,8,4,4,2,0,0,0,0
2022 Fall,EDLF,3170,Introduction to Adolescence,044395,"Smith,Naila",1,15075,School of Education and HumanDev,3.73,23,0,9,10,3,1,0,0,0,0,0
2022 Fall,DS,4002,Data Science Project Course,046061,"Alonzi,Loreto",001,20174,School of Data Science,4.00,22,3,19,0,0,0,0,0,0,0,0
2022 Fall,EDIS,3060,Poverty and the Young Child,045749,"Leach,Allison",500,15463,School of Education and HumanDev,3.93,24,15,5,3,1,0,0,0,0,0,0
2022 Fall,SPAN,3050,Spanish for Medical Profession,039916,"Opere,Alicia Lopez",001,12098,College & Graduate Arts & Sci,3.91,17,3,9,5,0,0,0,0,0,0,0
2022 Fall,ACCT,5470,Forensic Accounting,044657,"Hood,Michael",701,20707,Continuing & Prof Studies,3.67,19,2,9,3,2,1,1,1,0,0,0
2022 Fall,EDIS,6200,Principles of Curric Design,045847,"Isley,Deanna",500,15380,School of Education and HumanDev,3.87,24,0,16,7,0,1,0,0,0,0,0
2022 Fall,CE,2030,Mgmt of Eng & Construct Projct,046267,"Heydarian,Arsalan",001,16959,Engineering & Applied Science,3.85,51,1,34,11,3,2,0,0,0,0,0
2022 Fall,STS,4500,STS and Engineering Practice,036749,"Jacques,Richard",023,20134,Engineering & Applied Science,3.99,30,10,19,1,0,0,0,0,0,0,0
2022 Fall,CHEM,4440,Biochemistry for Pre-Health,046085,"Samonina,Jelena",100,13636,College & Graduate Arts & Sci,3.51,141,22,40,29,18,11,9,6,1,4,1
2022 Fall,PSYC,3400,Personality Psychology,032506,"Horn,Erin",001,14077,College & Graduate Arts & Sci,3.65,110,2,39,40,14,11,3,1,0,0,0
2022 Fall,MATH,1310,Calculus I,022953,"Lazreq,Dounia",900,12452,College & Graduate Arts & Sci,3.75,12,5,3,1,2,0,1,0,0,0,0
2022 Fall,STS,4500,STS and Engineering Practice,036749,"Wayland,Kent",018,16025,Engineering & Applied Science,3.93,26,0,23,2,0,0,1,0,0,0,0
2022 Fall,GETR,3392,Fairy Tales,045570,"Schmid,Marcel",001,14131,College & Graduate Arts & Sci,3.93,27,0,21,6,0,0,0,0,0,0,0
2022 Fall,KINE,5725,Interventions in AT,044586,"Saliba,Susan",1,15502,School of Education and HumanDev,3.73,21,0,11,4,5,1,0,0,0,0,0
2022 Fall,ENGL,5559,New Course: ENGL,045439,"Kinney,James",001,18286,College & Graduate Arts & Sci,3.89,11,0,7,4,0,0,0,0,0,0,0
2022 Fall,ARH,8601,Historic Preservation: Theory,044747,"Johnston,Andrew",001,10088,School of Architecture,3.91,11,2,7,1,1,0,0,0,0,0,0
2022 Fall,COMM,4710,Intermediate Investments,006538,"Kulkarni,Sheisha",005,14732,McIntire School of Commerce,3.50,32,3,7,5,12,4,0,0,1,0,0
2022 Fall,BME,2000,Biomed Engr Design & Discovery,004058,"Guilford,William",001,16357,Engineering & Applied Science,3.88,69,43,15,5,0,5,0,0,1,0,0
2022 Fall,SOC,4280,Soc of Mental Health & Illness,044174,"Skubby,David",001,13747,College & Graduate Arts & Sci,3.52,17,0,8,2,0,5,2,0,0,0,0
2022 Fall,ENWR,1510,Writing and Critical Inquiry,013432,"Correll,Allison",058,12230,College & Graduate Arts & Sci,3.51,18,0,2,8,5,3,0,0,0,0,0
2022 Fall,COLA,1500,College Advising Seminars,006376,"Maxwell,Cliff",035,12005,College & Graduate Arts & Sci,3.98,18,15,2,1,0,0,0,0,0,0,0
2022 Fall,ANTH,2589,Topics in Archaeology,041141,"Alconini,Sonia",001,18424,College & Graduate Arts & Sci,3.92,28,15,8,3,2,0,0,0,0,0,0
2022 Fall,GCOM,7381,"Ethics in Bus, Acct, and Audit",015405,"Martin,Roger",001,20168,McIntire School of Commerce,3.70,19,0,8,5,6,0,0,0,0,0,0
2022 Fall,ECON,2020,Principles of Econ: Macroecon,007877,"Doyle,Carter",200,10433,College & Graduate Arts & Sci,3.40,197,0,29,65,42,44,10,5,2,0,0
2022 Fall,CHEM,1411,Intro College Chem I Lab,005986,"Morkowchuk,Lisa",053,13335,College & Graduate Arts & Sci,3.93,22,19,1,1,0,0,1,0,0,0,0
2022 Fall,ECON,3020,Intermediate Macroeconomics,007909,"Westerfield,Maria",300,12518,College & Graduate Arts & Sci,3.51,70,7,13,18,19,7,4,2,0,0,0
2022 Fall,PSLP,5300,Foundations of Leadership,044292,"Brown,Santarvis",701,20713,Continuing & Prof Studies,3.81,27,22,3,0,0,1,0,0,0,0,1
2022 Fall,COMM,4681,Entrepreneurship Trck Capstone,040148,"Martin,Eric",001,14742,McIntire School of Commerce,3.98,28,0,26,2,0,0,0,0,0,0,0
2022 Fall,ASTR,1210,Intro Sky and Solar System,003045,"Murphy,Edward",001,10334,College & Graduate Arts & Sci,3.52,240,7,82,60,46,24,10,4,2,0,5
2022 Fall,COMM,4741,Foundations of Global Commerce,006535,"Maillet,Peter",001,14694,McIntire School of Commerce,3.56,35,0,7,15,9,3,0,1,0,0,0
2022 Fall,PLAC,4010,Neighborhood Planning Studio,031122,"Roettger,Betsy",001,10070,School of Architecture,3.73,20,0,12,5,1,0,1,0,1,0,0
2022 Fall,CHEM,2311,Org Chem Lab I Non Chem Major,043154,"Chruma,Jason",008,12527,College & Graduate Arts & Sci,3.66,31,0,16,8,2,3,0,1,1,0,0
2022 Fall,ISSS,3416,Social Psychology,044518,"Bryce,Margaret",101,20623,Continuing & Prof Studies,3.40,22,1,6,5,2,4,3,0,0,1,0
2022 Fall,ACCT,5140,Cost Accounting,045934,"Achilles,Wendy",701,20704,Continuing & Prof Studies,3.50,10,0,7,1,0,0,0,1,0,0,1
2022 Fall,GCOM,7040,Marketing & QA,037978,"Mittal,Chiraag",002,14682,McIntire School of Commerce,3.61,57,0,17,22,9,7,2,0,0,0,0
2022 Fall,LAW,8802,Grad Legal Research/Writing I,021830,"Moran,Karen",2,20662,School of Law,3.38,12,0,2,3,4,2,0,1,0,0,0
2022 Fall,EGMT,1530,Engaging Differences,044514,"Flood,Liza",101,12269,College & Graduate Arts & Sci,3.90,35,0,30,2,1,1,1,0,0,0,0
2022 Fall,MATH,1320,Calculus II,022954,"Gates,Zach",200,10604,College & Graduate Arts & Sci,3.53,22,4,4,3,7,2,2,0,0,0,0
2022 Fall,ECE,4991,MDE - Capstone Design,042263,"Powell,Harry",001,16028,Engineering & Applied Science,3.90,22,9,7,5,1,0,0,0,0,0,0
2022 Fall,GCOM,7380,Data Mgt & Analytics for Accts,044316,"Liang,Yi",001,14717,McIntire School of Commerce,3.86,30,1,18,9,2,0,0,0,0,0,0
2022 Fall,EDIS,5025,"Curric, Instruct & Assessment",044060,"Jewett,Anne",500,15347,School of Education and HumanDev,3.93,23,0,18,5,0,0,0,0,0,0,0
2022 Fall,ENWR,1510,Writing and Critical Inquiry,013432,"Shaman,Cory",010,10864,College & Graduate Arts & Sci,3.90,16,0,12,3,1,0,0,0,0,0,0
2022 Fall,SYS,6581,Selected Topics in Sys Engr,036978,"Campbell,Brad",007,16688,Engineering & Applied Science,4.00,5,2,3,0,0,0,0,0,0,0,0
2022 Fall,EDHS,2450,Intro Communication Disorders,044546,"Robey,Randall",1,15063,School of Education and HumanDev,3.97,61,51,6,2,2,0,0,0,0,0,0
2022 Fall,STAT,1100,Chance: Intro to Statistics,036650,"Qi,Mingyu",002,12239,College & Graduate Arts & Sci,3.96,41,0,35,6,0,0,0,0,0,0,0
2022 Fall,JAPN,3050,Fund Comprehend Adv Japanese,045855,"Kawai,Mieko",001,13492,College & Graduate Arts & Sci,3.50,11,0,4,3,1,0,3,0,0,0,0
2022 Fall,ENWR,1510,Writing and Critical Inquiry,013432,"Rawson,Eric",045,11932,College & Graduate Arts & Sci,3.49,16,0,2,9,2,1,1,1,0,0,0
2022 Fall,APMA,2130,Ordinary Differentl Equations,001145,"Morris,Diana",005,15660,Engineering & Applied Science,3.61,37,2,16,7,3,5,4,0,0,0,0
2022 Fall,COMM,4263,Intro to Cybersecurity,045369,"Lewis,Bryan",001,14734,McIntire School of Commerce,3.75,30,0,10,16,4,0,0,0,0,0,0
2022 Fall,PHYS,2419,Intro Physics 2 Workshop,031079,"Ahuja,Sonakshi",002,10713,College & Graduate Arts & Sci,3.25,17,0,0,5,6,4,1,1,0,0,0
2022 Fall,SYS,4021,Linear Statistical Models,036910,"Barnes,Laura",001,15613,Engineering & Applied Science,3.63,55,4,23,12,6,7,1,1,0,1,0
2022 Fall,EDIS,5422,Cross-Cultural Education,043455,"Amato,Wendy Warford",502,15416,School of Education and HumanDev,3.97,19,0,17,2,0,0,0,0,0,0,0
2022 Fall,SPAN,4700,Spanish Culture & Civilization,035932,"Opere,Fernando",001,18319,College & Graduate Arts & Sci,3.75,23,1,7,12,3,0,0,0,0,0,0
2022 Fall,EGMT,1540,Ethical Engagement,044515,"Owensby,Brian",109,13913,College & Graduate Arts & Sci,3.79,34,0,20,9,2,3,0,0,0,0,0
2022 Fall,ASL,1010,Elem Amer Sign Language I,002999,"Eshgi,Maher",004,12485,College & Graduate Arts & Sci,3.08,14,0,3,1,1,3,4,1,1,0,0
2022 Fall,COMM,4720,Adv Corp Finance: Val & Restr,006541,"Marston,Felicia",002,14720,McIntire School of Commerce,3.65,19,0,4,11,2,2,0,0,0,0,0
2022 Fall,GCOM,7060,Financial Management,038177,"McCartney,William",003,14748,McIntire School of Commerce,3.65,33,0,11,12,8,1,1,0,0,0,0
2022 Fall,ISIN,4510,Sp Tps Conduct Inquiry: So Sci,043255,"Floyd,Richard",102,20617,Continuing & Prof Studies,3.25,15,0,2,6,3,1,1,0,1,0,1
2022 Fall,GNUR,8270,DNP Seminar III,045527,"Degennaro,Regina",001,17502,School of Nursing,4.00,18,11,7,0,0,0,0,0,0,0,0
2022 Fall,ENWR,1505,Writing & Critical Inquiry S1,013428,"Thomas,Rebecca",010,20875,College & Graduate Arts & Sci,3.44,13,0,6,0,2,2,3,0,0,0,0
2022 Fall,ARCH,7010,Foundation Studio III,001680,"Dobrowolski,Devin",004,10118,School of Architecture,3.70,12,0,7,3,0,1,0,1,0,0,0
2022 Fall,NUCO,3610,Maternal/Child Nursing,043226,"Kastello,Jennifer",001,17388,School of Nursing,3.78,46,0,18,24,3,1,0,0,0,0,0
2022 Fall,EGMT,1540,Ethical Engagement,044515,"Wolfson,Alexander",100,12266,College & Graduate Arts & Sci,3.94,28,2,24,0,1,1,0,0,0,0,0
2022 Fall,ECON,8220,International Finance,008060,"Wincoop,Eric Van",001,20125,College & Graduate Arts & Sci,3.43,8,0,2,2,2,0,2,0,0,0,0
2022 Fall,BUS,5010,Cybersecurity Management,004336,"Lantzy,James",701,20728,Continuing & Prof Studies,3.34,5,1,2,0,0,1,0,0,0,1,0
2022 Fall,ENWR,1510,Writing and Critical Inquiry,013432,"Voight,Valerie",074,12980,College & Graduate Arts & Sci,3.80,18,0,12,3,1,2,0,0,0,0,0
2022 Fall,PLAN,2110,Digital Visualization,031273,"Walker,Richard",001,10022,School of Architecture,3.83,21,0,16,3,1,0,0,0,1,0,0
2022 Fall,ENGL,2527,Shakespeare,012510,"Maus,Katharine",001,18292,College & Graduate Arts & Sci,3.47,17,0,1,10,2,2,2,0,0,0,0
2022 Fall,EDHS,8090,Disorders of Language I,009256,"Hilton,Jane",001,14784,School of Education and HumanDev,3.92,32,0,29,1,0,1,1,0,0,0,0
2022 Fall,ISHU,3193,Writing About the Environment,042407,"Matthews,Charlotte",101,20611,Continuing & Prof Studies,3.66,21,12,0,5,0,2,0,1,1,0,0
2022 Fall,GNUR,5390,Intro. to U.S. Healthcare,043722,"Mayes,Rick",001,17415,School of Nursing,3.86,45,1,27,14,3,0,0,0,0,0,0
2022 Fall,PSPS,6000,Transform Ldrshp in Chng Times,046466,"Gustafson,Bryon Gordon",580,20638,Continuing & Prof Studies,3.99,33,1,31,1,0,0,0,0,0,0,0
2022 Fall,ARCH,7250,Environmental Systems,001693,"Field,Eric",001,10094,School of Architecture,3.65,46,0,18,15,7,3,3,0,0,0,0
2022 Fall,PERS,1010,Elementary Persian I,029842,"Mohit,Mahshad",001,14006,College & Graduate Arts & Sci,3.91,19,0,13,6,0,0,0,0,0,0,0
2022 Fall,ENWR,2520,Special Topics in Writing,013448,"Rawson,Eric",008,20881,College & Graduate Arts & Sci,3.71,14,0,4,8,1,1,0,0,0,0,0
2022 Fall,EGMT,1540,Ethical Engagement,044515,"Ferguson,Andrew",205,13916,College & Graduate Arts & Sci,4.00,70,8,62,0,0,0,0,0,0,0,0
2022 Fall,EDIS,3020,The Exceptional Learner,009391,"Collins,Lauren",500,15472,School of Education and HumanDev,3.87,28,6,18,0,1,3,0,0,0,0,0
2022 Fall,CHEM,1411,Intro College Chem I Lab,005986,"Morkowchuk,Lisa",066,13346,College & Graduate Arts & Sci,3.99,23,18,4,1,0,0,0,0,0,0,0
2022 Fall,CHEM,1411,Intro College Chem I Lab,005986,"Morkowchuk,Lisa",013,11794,College & Graduate Arts & Sci,3.92,24,19,3,1,0,0,0,1,0,0,0
2022 Fall,LAW,9308,Libralsm and Conservtsm,045185,"Schragger,Richard",1,20722,School of Law,3.44,9,0,1,3,3,2,0,0,0,0,0
2022 Fall,GCOM,7320,Accounting Policy,015399,"Lefanowicz,Craig",2,14707,McIntire School of Commerce,3.63,30,0,11,6,12,1,0,0,0,0,0
2022 Fall,PHYS,2030,Princip of Physics 1 Workshop,030811,"Giorgadze,Niko",013,10915,College & Graduate Arts & Sci,3.45,20,0,2,10,3,4,0,0,1,0,0
2022 Fall,PLAP,4500,Special Topics,031588,"Hawkins,Larycia",004,20128,College & Graduate Arts & Sci,3.67,14,3,8,2,0,0,0,0,0,0,1
2022 Fall,EGMT,1510,Engaging Aesthetics,044512,"Wylie,William",202,12542,College & Graduate Arts & Sci,3.92,36,32,1,2,0,0,0,0,0,1,0
2022 Fall,LAW,6105,Federal Courts,021652,"Ahdout,Payvand",2,20656,School of Law,3.69,14,0,8,2,1,3,0,0,0,0,0
2022 Fall,LAW,9008,Children and the Law,040031,"Block,Andrew",1,20899,School of Law,3.45,12,0,0,6,4,2,0,0,0,0,0
2022 Fall,ENGL,3510,Studies in Medieval Literature,045451,"Kinney,Clare",001,18271,College & Graduate Arts & Sci,3.67,20,0,9,5,4,1,1,0,0,0,0
2022 Fall,ENWR,1530,Writing & Crit Inquiry Lecture,046624,"Luftig,Victor",100,18367,College & Graduate Arts & Sci,3.66,55,0,12,33,7,2,0,1,0,0,0
2022 Fall,BME,2104,Cell & Molecular for Engineers,004061,"Zunder,Eli",001,16360,Engineering & Applied Science,3.46,54,0,18,12,8,8,5,2,1,0,0
2022 Fall,ENWR,1510,Writing and Critical Inquiry,013432,"Norviel,Jordan",085,20776,College & Graduate Arts & Sci,3.90,18,0,12,6,0,0,0,0,0,0,0
2022 Fall,PLAP,2250,American Political Tradition,031555,"Pontuso,James",002,12628,College & Graduate Arts & Sci,3.69,17,0,6,7,3,1,0,0,0,0,0
2022 Fall,ENGL,3971,History of Drama I,012157,"Parker,John",001,18289,College & Graduate Arts & Sci,3.65,20,1,10,2,4,1,2,0,0,0,0
2022 Fall,SYS,2001,Systems Engineering Concepts,036895,"Alemazkoor,Negin",001,15610,Engineering & Applied Science,3.93,60,36,19,2,1,1,0,0,1,0,0
2022 Fall,HIEU,3141,Romans to Normans (43-1066),018443,"Kershaw,Paul",100,18226,College & Graduate Arts & Sci,3.72,34,0,17,14,2,0,0,0,0,0,1
2022 Fall,CHEM,1411,Intro College Chem I Lab,005986,"Morkowchuk,Lisa",048,13332,College & Graduate Arts & Sci,3.86,23,18,1,2,0,0,2,0,0,0,0
2022 Fall,MATH,3351,Elementary Linear Algebra,023081,"Balderrama,William",003,13246,College & Graduate Arts & Sci,3.67,10,0,5,2,1,2,0,0,0,0,0
2022 Fall,PHIL,3010,Darwin and Philosophy,044113,"Eaker,Erin",001,14024,College & Graduate Arts & Sci,3.55,23,0,12,4,3,3,0,0,0,0,1
2022 Fall,RELJ,3170,Modern Jewish Thought,042626,"Biemann,Asher",001,11815,College & Graduate Arts & Sci,3.92,29,1,20,8,0,0,0,0,0,0,0
2022 Fall,MUSI,2350,Technosonics: Digital Music,024769,"Dahl,Luke",100,13465,College & Graduate Arts & Sci,3.88,222,1,163,44,7,5,2,0,0,0,0
2022 Fall,PHYS,1425,Intro Physics 1 for Engineers,031032,"Zheng,Xiaochao",001,11699,College & Graduate Arts & Sci,3.42,78,5,12,21,20,12,6,1,0,0,1
2022 Fall,LAW,8003,Civil Rights Litigation,021613,"Jeffries,John",1,19961,School of Law,3.61,62,0,16,28,10,6,2,0,0,0,0
2022 Fall,CHEM,1411,Intro College Chem I Lab,005986,"Morkowchuk,Lisa",020,10975,College & Graduate Arts & Sci,3.83,24,18,2,2,0,0,1,0,0,1,0
2022 Fall,PHYS,2030,Princip of Physics 1 Workshop,030811,"Coleman,Campbell",003,10906,College & Graduate Arts & Sci,3.74,26,0,12,11,1,1,0,1,0,0,0
2022 Fall,EGMT,1520,Empirical Engagement,044513,"Niblo,Jessica",109,12343,College & Graduate Arts & Sci,3.94,34,2,26,5,1,0,0,0,0,0,0
2022 Fall,FREN,3035,Business French,043755,"Simotas,Spyridon",001,13311,College & Graduate Arts & Sci,3.88,10,0,6,4,0,0,0,0,0,0,0
2022 Fall,ISSS,4610,Economics of Climate Change,040293,"Wilson,Andrew",101,20629,Continuing & Prof Studies,3.52,13,0,7,4,0,1,0,0,0,0,1
2022 Fall,EDIS,6200,Principles of Curric Design,045847,"Rehm,Sasha",501,15457,School of Education and HumanDev,3.65,23,2,13,3,2,1,0,0,1,0,1
2022 Fall,MATH,7340,Complex Analysis I,023223,"Humphries,Peter Christopher Leslie",001,11803,College & Graduate Arts & Sci,3.60,16,4,5,1,3,2,0,0,1,0,0
2022 Fall,CHEM,1411,Intro College Chem I Lab,005986,"Morkowchuk,Lisa",005,10966,College & Graduate Arts & Sci,3.96,22,18,1,3,0,0,0,0,0,0,0
2022 Fall,PSYC,4200,Neural Mechanisms of Behavior,032616,"Ribic,Adema",001,11463,College & Graduate Arts & Sci,3.96,15,8,5,2,0,0,0,0,0,0,0
2022 Fall,EVSC,3600,Physical Hydrology,013915,"Reidenbach,Matthew",001,10475,College & Graduate Arts & Sci,3.36,42,2,11,6,9,8,2,1,1,2,0
2022 Fall,PHYS,5720,Intro Nuclear & Particle Phys,030901,"Pocanic,Dinko",001,10939,College & Graduate Arts & Sci,3.56,17,0,5,6,1,5,0,0,0,0,0
2022 Fall,EVSC,3200,Fundamentals of Ecology,013913,"Elsherbini,Jemima",001,10469,College & Graduate Arts & Sci,3.35,100,1,14,29,20,27,4,3,1,0,1
2022 Fall,FREN,2010,Intermediate French I,014315,"Hall,Elizabeth",004,10495,College & Graduate Arts & Sci,3.84,18,0,11,5,2,0,0,0,0,0,0
2022 Fall,FREN,2010,Intermediate French I,014315,"Hall,Elizabeth",003,10498,College & Graduate Arts & Sci,3.81,20,0,11,6,3,0,0,0,0,0,0
2022 Fall,ACCT,5330,Acct for Non-Bus Organizations,000193,"Burke,Megan",701,20761,Continuing & Prof Studies,3.28,5,0,2,1,0,0,1,0,1,0,0
2022 Fall,COLA,1500,College Advising Seminars,006376,"Murphy,Edward",004,10960,College & Graduate Arts & Sci,3.96,16,5,9,2,0,0,0,0,0,0,0
2022 Fall,EDIS,7230,Curriculum Gifted & Talented,009710,"Adams,Cheryll",500,20266,School of Education and HumanDev,3.84,14,4,8,0,0,1,1,0,0,0,0
2022 Fall,APMA,2120,Multivariable Calculus,001144,"Hosseinianfar,Hamid",007,21120,Engineering & Applied Science,3.86,42,14,17,5,5,1,0,0,0,0,0
2022 Fall,ARTS,2220,Introduction to New Media I,002858,"Moyer,Lydia",001,11645,College & Graduate Arts & Sci,3.97,11,1,9,1,0,0,0,0,0,0,0
2022 Fall,ECON,4340,Theory of Financial Markets,007968,"Burton,Edwin",001,10439,College & Graduate Arts & Sci,3.62,103,1,66,0,0,35,0,0,0,0,1
2022 Fall,ARCH,3120,Theories of Architecture,001526,"Diamond,Alissa",001,10115,School of Architecture,3.81,91,0,52,31,5,2,0,0,0,1,0
2022 Fall,LAR,7010,Foundation Studio III,020954,"Bohannon,Cermetrius",001,10121,School of Architecture,3.47,12,0,0,5,7,0,0,0,0,0,0
2022 Fall,ARTH,2151,Early Christian &Byzantine Art,002457,"Kondyli,Foteini",001,18849,College & Graduate Arts & Sci,3.76,36,2,25,5,2,0,0,1,0,0,1
2022 Fall,PHYS,2419,Intro Physics 2 Workshop,031079,"Ahuja,Sonakshi",009,10719,College & Graduate Arts & Sci,3.73,23,0,7,13,2,1,0,0,0,0,0
2022 Fall,STS,2850,Government & Entrepreneurship,043894,"Cheng,James",001,16521,Engineering & Applied Science,3.94,38,1,30,7,0,0,0,0,0,0,0
2022 Fall,PLAP,4180,Pol Advertising and Democracy,039589,"Freedman,Paul",001,12607,College & Graduate Arts & Sci,3.84,14,0,8,5,1,0,0,0,0,0,0
2022 Fall,ENCW,2600,Fiction Writing,013455,"Holmstrom,Kathryn",003,12848,College & Graduate Arts & Sci,3.93,15,7,6,1,1,0,0,0,0,0,0
2022 Fall,LAW,9068,Historic Preservation Law,021980,"Wenger,Larry",1,21010,School of Law,3.43,9,0,1,2,5,1,0,0,0,0,0
2022 Fall,ARTS,2630,Life Drawing I,002874,"Taylor,Jackson",001,14228,College & Graduate Arts & Sci,3.85,13,10,2,0,0,0,0,0,1,0,0
2022 Fall,ENGR,1624,Introduction to Engineering,045087,"Maiti,Deepyaman",008,16473,Engineering & Applied Science,3.98,43,4,38,0,1,0,0,0,0,0,0
2022 Fall,CHEM,1411,Intro College Chem I Lab,005986,"Morkowchuk,Lisa",036,11797,College & Graduate Arts & Sci,3.91,20,15,2,2,0,0,1,0,0,0,0
2022 Fall,ECON,8170,Industrial Organization I,008057,"Anderson,Simon",001,10448,College & Graduate Arts & Sci,3.38,8,0,1,2,2,3,0,0,0,0,0
2022 Fall,EGMT,1510,Engaging Aesthetics,044512,"Halvorson-Taylor,Martien",109,13456,College & Graduate Arts & Sci,3.74,34,0,18,11,1,1,3,0,0,0,0
2022 Fall,SPAN,2020,Advanced Intermediate Spanish,035854,"Garcia,Laura Aguilar",010,11002,College & Graduate Arts & Sci,3.71,16,0,4,11,0,0,1,0,0,0,0
2022 Fall,SPAN,2020,Advanced Intermediate Spanish,035854,"Hogg,Jennifer",007,10999,College & Graduate Arts & Sci,3.65,20,0,6,9,3,1,1,0,0,0,0
2022 Fall,ARTS,2000,Intro to Studio Art,045397,"Williamson,Marisa",006,12857,College & Graduate Arts & Sci,3.97,18,0,16,2,0,0,0,0,0,0,0
2022 Fall,ENCW,2300,Poetry Writing,013450,"Butler,Sebastien",005,13513,College & Graduate Arts & Sci,4.00,13,3,10,0,0,0,0,0,0,0,0
2022 Fall,PSED,1080,Foundations in Business,046786,"Fairchild,Tierney",B550,21620,Continuing & Prof Studies,3.34,17,1,0,8,1,3,4,0,0,0,0
2022 Fall,PSYC,2150,Introduction to Cognition,032487,"Willingham,Daniel",001,13326,College & Graduate Arts & Sci,3.26,339,12,46,63,78,68,48,12,8,3,1
2022 Fall,GNUR,6730,"Genetics, Embryology & Dev Phy",044650,"Kelly,Tracy",001,17451,School of Nursing,3.77,7,0,3,3,1,0,0,0,0,0,0
2022 Fall,CS,8501,Spec Topics Computer Science,040739,"Ji,Yangfeng",001,20275,Engineering & Applied Science,3.91,28,15,10,0,2,1,0,0,0,0,0
2022 Fall,ARCH,3010,Foundation Studio IV,001517,"Jarabo,Marta",008,21394,School of Architecture,3.61,13,1,2,7,1,1,1,0,0,0,0
2022 Fall,EVSC,5020,GIS Methods,014008,"Porter,John",100,10484,College & Graduate Arts & Sci,3.59,8,3,2,0,1,0,2,0,0,0,0
2022 Fall,LPPP,6500,Topics in Public Policy,041388,"Claibourn,Michele",006,17289,Batten Leadership & Public Pol,3.87,7,0,4,3,0,0,0,0,0,0,0
2022 Fall,GNUR,6251,Bio Basis of Mental Health,017010,"Westphal,Richard",001,17331,School of Nursing,3.85,12,2,4,6,0,0,0,0,0,0,0
2022 Fall,LAW,9081,Trial Advocacy,022023,"Livingston,Ronald",2,20269,School of Law,3.50,10,0,0,5,5,0,0,0,0,0,0
2022 Fall,PHS,7051,"Policy Dev, Analysis& Advocacy",045006,"Zelle,Heather",002,18466,Medical School - BIMS/PHS,3.93,18,0,14,4,0,0,0,0,0,0,0
2022 Fall,CS,3205,HCI in Software Development,006898,"Apostolellis,Panagiotis",001,16095,Engineering & Applied Science,3.52,45,1,9,15,15,3,1,0,0,1,0
2022 Fall,MATH,1310,Calculus I,022953,"Wills,Michael",950,13931,College & Graduate Arts & Sci,3.57,21,2,9,3,5,0,0,1,0,0,1
2022 Fall,STAT,3280,Data Visual and Management,045458,"Gade,Noah",001,13922,College & Graduate Arts & Sci,3.75,77,3,43,14,9,7,0,0,1,0,0
2022 Fall,ARCH,6231,Building Workshop I,040965,"Robles,Ines Martin",001,10032,School of Architecture,3.84,34,8,13,9,4,0,0,0,0,0,0
2022 Fall,ASL,1010,Elem Amer Sign Language I,002999,"Devito,Rocco",003,11703,College & Graduate Arts & Sci,3.35,15,0,3,4,2,2,4,0,0,0,0
2022 Fall,ARCH,2710,CAAD 3D Geometrical Mod & Vis,042203,"Mark,Earl",100,10038,School of Architecture,3.68,78,3,38,12,12,12,1,0,0,0,0
2022 Fall,AAS,2224,Black Fem & Masc in US Media,042659,"Shutt,Lisa",001,12150,College & Graduate Arts & Sci,3.71,16,0,9,3,1,3,0,0,0,0,0
2022 Fall,EVSC,3201,Fundamentals of Ecology Lab,014094,"Pace,Michael",006,11744,College & Graduate Arts & Sci,3.90,10,0,8,1,1,0,0,0,0,0,0
2022 Fall,ITAL,2010,Intermediate Italian I,020567,"Bonino,Nicole",004,12748,College & Graduate Arts & Sci,3.88,18,5,9,3,0,0,1,0,0,0,0
2022 Fall,SPAN,2020,Advanced Intermediate Spanish,035854,"Hogg,Jennifer",018,12751,College & Graduate Arts & Sci,3.62,17,0,3,9,4,1,0,0,0,0,0
2022 Fall,LAR,6010,Foundation Studio I,020950,"Cho,Leena",001,10020,School of Architecture,3.45,11,0,2,2,5,2,0,0,0,0,0
2022 Fall,ARCH,3010,Foundation Studio IV,001517,"Small,Ben",002,10193,School of Architecture,3.67,11,2,4,2,1,1,1,0,0,0,0
2022 Fall,PLAC,5240,Collaborative Planning,031134,"Dukes,E Franklin",001,10178,School of Architecture,3.81,16,2,6,7,0,1,0,0,0,0,0
2022 Fall,COLA,1500,College Advising Seminars,006376,"Gilboa,Zvi",039,12181,College & Graduate Arts & Sci,3.98,14,4,9,1,0,0,0,0,0,0,0
2022 Fall,PHYS,2419,Intro Physics 2 Workshop,031079,"Chen,Gene",014,11701,College & Graduate Arts & Sci,3.47,15,0,3,5,4,1,2,0,0,0,0
2022 Fall,CHEM,5410,Adv Biological Chemistry I,005801,"Cafiso,David",001,10365,College & Graduate Arts & Sci,3.60,25,2,8,6,4,4,1,0,0,0,0
2022 Fall,ENWR,1510,Writing and Critical Inquiry,013432,"Curley,Anastatia",063,12234,College & Graduate Arts & Sci,3.91,18,2,14,0,1,1,0,0,0,0,0
2022 Fall,ARCH,7240,Intro to Structural Design,045085,"Hays,Benjamin",100,10101,School of Architecture,3.42,37,0,5,13,9,6,4,0,0,0,0
2022 Fall,LAR,6010,Foundation Studio I,020950,"Seibert,Matthew",002,10120,School of Architecture,3.43,10,0,2,2,4,1,1,0,0,0,0
2022 Fall,RUTR,3350,19th-Cent Russian Literature,034788,"Stuart,Madelyn",001,11706,College & Graduate Arts & Sci,3.81,15,3,5,5,2,0,0,0,0,0,0
2022 Fall,LAR,7010,Foundation Studio III,020954,"Hinch,Rebecca",003,10184,School of Architecture,3.40,12,0,0,3,9,0,0,0,0,0,0
2022 Fall,ARCH,2010,Foundation Studio II,001493,"Chen,Cheng",105,10203,School of Architecture,3.91,11,1,8,1,1,0,0,0,0,0,0
2022 Fall,ARTH,1505,Art and the Modern World,040669,"Fordham,Douglas",100,12538,College & Graduate Arts & Sci,3.56,104,0,25,49,20,6,1,1,0,0,2
2022 Fall,PLAN,6070,Planning Theory and Practice,031389,"Diamond,Alissa",001,10093,School of Architecture,3.85,27,3,13,10,0,1,0,0,0,0,0
2022 Fall,STAT,3120,Intro Mathematical Statistics,040000,"Ross,Richard",001,11793,College & Graduate Arts & Sci,3.80,51,5,28,9,7,0,2,0,0,0,0
2022 Fall,ARCH,7010,Foundation Studio III,001680,"Ozburn,Oz",005,10153,School of Architecture,3.49,12,0,4,1,4,3,0,0,0,0,0
2022 Fall,ARCH,2150,Global Sustainability,041467,"Crisman,Phoebe",001,10090,School of Architecture,3.90,107,16,70,16,2,1,1,1,0,0,0
2022 Fall,LAR,7010,Foundation Studio III,020954,"Luegering,Michael",002,10150,School of Architecture,3.44,11,0,1,2,8,0,0,0,0,0,0
2022 Fall,PLAN,5040,Planning in Government,042585,"Cockrell,William",001,10132,School of Architecture,3.12,6,0,3,1,0,1,0,0,0,0,1
2022 Fall,ARCH,2010,Foundation Studio II,001493,"Olivari,Brittany",101,10199,School of Architecture,3.47,12,0,2,4,3,3,0,0,0,0,0
2022 Fall,FREN,3028,Language House Conversation,043549,"Namur,Francois",001,12061,College & Graduate Arts & Sci,3.97,10,8,1,1,0,0,0,0,0,0,0
2022 Fall,ARCH,5717,Mapping as Critical Practice,045875,"Dobrowolski,Devin",001,10181,School of Architecture,3.58,20,3,4,3,8,2,0,0,0,0,0
2022 Fall,STAT,3080,From Data to Knowledge,040829,"Martinet,Gretchen",002,12240,College & Graduate Arts & Sci,3.71,84,0,24,48,8,4,0,0,0,0,0
2022 Fall,PLAN,5220,Real Estate Finance Fundmntals,045476,"Petrus,Michael",001,10179,School of Architecture,3.69,25,0,6,14,5,0,0,0,0,0,0
2022 Fall,ANTH,3290,Biopolitics,045108,"Zigon,Jarrett",001,12558,College & Graduate Arts & Sci,3.82,56,14,24,13,2,2,0,0,0,0,1
2022 Fall,ALAR,8010,Research Studio 1,042199,"Baharlou,Ehsan",002,10219,School of Architecture,3.90,6,3,1,2,0,0,0,0,0,0,0
2022 Fall,STAT,6120,Linear Models,041041,"Yu,Shan",001,12151,College & Graduate Arts & Sci,3.55,30,4,8,4,6,8,0,0,0,0,0
2022 Fall,ENWR,1510,Writing and Critical Inquiry,013432,"Shaman,Cory",061,12232,College & Graduate Arts & Sci,3.93,18,0,14,4,0,0,0,0,0,0,0
2022 Fall,CHEM,1411,Intro College Chem I Lab,005986,"Morkowchuk,Lisa",021,10976,College & Graduate Arts & Sci,3.95,24,17,4,2,1,0,0,0,0,0,0
2022 Fall,PLAN,5740,Transportation Planning&Policy,031367,"Mondschein,Andrew",001,10258,School of Architecture,3.85,17,0,15,0,0,0,2,0,0,0,0
2022 Fall,ARH,8001,Methods in Architectural Hist,002034,"Lao,Ingrid",001,10017,School of Architecture,3.94,10,0,8,2,0,0,0,0,0,0,0
2022 Fall,ECON,3720,Introduction to Econometrics,007939,"Michener,Ronald",300,12072,College & Graduate Arts & Sci,3.33,21,1,7,2,2,6,0,1,1,1,0
2022 Fall,PLAN,1010,Intro to Urban & Environ Plan,031254,"Beatley,Timothy",001,10015,School of Architecture,3.66,210,0,81,60,52,17,0,0,0,0,0
2022 Fall,PHYS,2030,Princip of Physics 1 Workshop,030811,"Ashbahian,Danielle",011,10913,College & Graduate Arts & Sci,3.69,25,0,8,12,3,2,0,0,0,0,0
2022 Fall,PHYS,1660,Practical Computing,043759,"Wright,Bryan",001,12064,College & Graduate Arts & Sci,3.92,13,0,11,1,1,0,0,0,0,0,0
2022 Fall,ARCH,3010,Foundation Studio IV,001517,"Waldman,Peter",006,10207,School of Architecture,3.79,12,3,2,6,1,0,0,0,0,0,0
2022 Fall,STAT,1100,Chance: Intro to Statistics,036650,"Chan,Ga Ming Angus",001,12078,College & Graduate Arts & Sci,3.59,42,4,16,8,5,7,1,0,0,0,1
2022 Fall,HIUS,2061,American Economic History,019531,"Thomas,Mark",001,12540,College & Graduate Arts & Sci,3.16,54,0,7,7,19,12,2,4,1,1,1
2022 Fall,ARCH,6010,Foundation Studio I,001668,"Dripps,Robin",001,10024,School of Architecture,3.81,11,0,4,7,0,0,0,0,0,0,0
2022 Fall,ASTR,1210,Intro Sky and Solar System,003045,"Evans,Aaron",002,12092,College & Graduate Arts & Sci,3.87,120,57,37,15,2,7,2,0,0,0,0
2022 Fall,MATH,4140,Math of Derivative Securities,023122,"Gromoll,Christian",001,12093,College & Graduate Arts & Sci,3.63,15,4,3,3,2,2,1,0,0,0,0
2022 Fall,ECON,3020,Intermediate Macroeconomics,007909,"Mcgee,Christopher",401,12105,College & Graduate Arts & Sci,3.61,27,0,12,8,2,3,1,0,0,1,0
2022 Fall,PLPT,4305,American Political Thought,041876,"Savage,James",001,12870,College & Graduate Arts & Sci,3.71,10,0,7,1,0,0,2,0,0,0,0
2022 Fall,ALAR,8010,Research Studio 1,042199,"Orff,Kate",005,10222,School of Architecture,3.59,8,1,1,3,2,1,0,0,0,0,0
2022 Fall,ALAR,8010,Research Studio 1,042199,"Aranguren,Maria Gonzalez",007,10224,School of Architecture,3.43,6,0,1,1,3,1,0,0,0,0,0
2022 Fall,ALAR,8010,Research Studio 1,042199,"Cantrell,Bradley",009,10226,School of Architecture,3.52,13,0,1,6,5,1,0,0,0,0,0
2022 Fall,ALAR,8010,Research Studio 1,042199,"Fard,Ali",011,10228,School of Architecture,3.54,5,2,1,0,0,1,1,0,0,0,0
2022 Fall,PLAN,5205,Real Estate Affordable Housing,046198,"Chapman,Tim",001,10198,School of Architecture,3.97,10,4,5,1,0,0,0,0,0,0,0
2022 Fall,ECON,3010,Intermediate Microeconomics,007908,"Santugini,Marc",100,11995,College & Graduate Arts & Sci,3.48,50,8,11,12,7,6,2,3,0,0,1
2022 Fall,ARCH,7120,20th-21st c History of Ideas,001688,"Last,Nana",001,10102,School of Architecture,3.73,47,0,17,23,4,3,0,0,0,0,0
2022 Fall,ENWR,1510,Writing and Critical Inquiry,013432,"Jacob,Sam",056,12226,College & Graduate Arts & Sci,3.97,18,0,16,2,0,0,0,0,0,0,0
2022 Fall,ARTS,2712,Intro Oil-Based Paint,002882,"Marlatt,Megan",001,10330,College & Graduate Arts & Sci,3.91,13,2,7,4,0,0,0,0,0,0,0
2022 Fall,CHEM,1411,Intro College Chem I Lab,005986,"Morkowchuk,Lisa",030,10985,College & Graduate Arts & Sci,3.87,24,15,5,2,0,0,2,0,0,0,0
2022 Fall,CHEM,1411,Intro College Chem I Lab,005986,"Morkowchuk,Lisa",008,10969,College & Graduate Arts & Sci,3.86,16,10,2,3,0,0,1,0,0,0,0
2022 Fall,FREN,1020,Elementary French II,014274,"Cordova,Kelley",002,10492,College & Graduate Arts & Sci,3.89,11,1,6,4,0,0,0,0,0,0,0
2022 Fall,FREN,1020,Elementary French II,014274,"Rey,Cecile",001,10491,College & Graduate Arts & Sci,3.73,10,0,7,0,1,2,0,0,0,0,0
2022 Fall,ECON,2010,Principles of Econ: Microecon,007876,"Santugini,Marc",300,11847,College & Graduate Arts & Sci,3.62,207,19,77,27,60,13,7,3,1,0,0
2022 Fall,PHYS,1429,Intro Physics 1 Workshop,031036,"Ashbahian,Danielle",001,11855,College & Graduate Arts & Sci,3.35,17,0,0,9,3,2,2,1,0,0,0
2022 Fall,ECON,4720,Econometric Methods,007983,"Kosenkova,Lidia",100,11747,College & Graduate Arts & Sci,3.57,16,0,4,6,4,1,1,0,0,0,0
2022 Fall,MATH,2315,Adv Calculus and Lin Alg I,023415,"Foldes,Juraj",100,11870,College & Graduate Arts & Sci,3.37,24,2,6,6,4,0,4,0,0,0,2
2022 Fall,MATH,1190,A Survey of Calc I w Algebra,023387,"Demers,Matthew",200,12676,College & Graduate Arts & Sci,3.13,31,0,10,1,3,5,6,1,5,0,0
2022 Fall,FREN,1050,Accelerated Elementary French,014277,"Simotas,Spyridon",003,10963,College & Graduate Arts & Sci,3.55,10,0,1,6,1,2,0,0,0,0,0
2022 Fall,ENWR,1510,Writing and Critical Inquiry,013432,"Slansky,Alex",028,10878,College & Graduate Arts & Sci,3.86,18,7,8,2,0,0,0,0,1,0,0
2022 Fall,SOC,2595,Special Topics in Sociology,041382,"Vickerman,Milton",100,12217,College & Graduate Arts & Sci,3.65,25,0,18,2,3,0,0,0,1,0,1
2022 Fall,PLCP,1010,Intro to Comparative Politics,031680,"Waldner,David",100,10741,College & Graduate Arts & Sci,3.51,166,0,19,73,53,16,5,0,0,0,0
2022 Fall,CHIN,1010,Elementary Chinese,006047,"Wang,Jun",004,11712,College & Graduate Arts & Sci,4.00,12,3,9,0,0,0,0,0,0,0,0
2022 Fall,EVSC,2801,Fundamentals of Geology Lab,014091,"Nelson,MacKenzie",100,10468,College & Graduate Arts & Sci,3.91,13,5,4,4,0,0,0,0,0,0,0
2022 Fall,CHEM,1411,Intro College Chem I Lab,005986,"Morkowchuk,Lisa",004,10965,College & Graduate Arts & Sci,3.94,20,16,0,4,0,0,0,0,0,0,0
2022 Fall,CHEM,1411,Intro College Chem I Lab,005986,"Morkowchuk,Lisa",006,10967,College & Graduate Arts & Sci,3.71,18,11,1,2,1,0,3,0,0,0,0
2022 Fall,EVHY,7630,Land-Atmosphere Interaction,013792,"Scanlon,Todd",001,10465,College & Graduate Arts & Sci,3.66,5,3,0,0,1,1,0,0,0,0,0
2022 Fall,MDST,2000,Introduction to Media Studies,023487,"Williams,Bruce",100,10630,College & Graduate Arts & Sci,3.71,225,0,86,105,25,3,2,2,0,0,2
2022 Fall,FREN,2010,Intermediate French I,014315,"Quere,Melanie",002,10499,College & Graduate Arts & Sci,3.63,12,0,6,2,3,0,0,1,0,0,0
2022 Fall,BIOL,3050,Introduction to Neurobiology,003543,"Branham,Kendall",001,10342,College & Graduate Arts & Sci,3.41,170,4,16,81,28,23,8,1,2,6,1
2022 Fall,ENWR,1510,Writing and Critical Inquiry,013432,"Berenato,Thomas",054,12225,College & Graduate Arts & Sci,3.77,18,0,4,14,0,0,0,0,0,0,0
2022 Fall,CHEM,1411,Intro College Chem I Lab,005986,"Morkowchuk,Lisa",003,10964,College & Graduate Arts & Sci,3.87,21,13,2,5,0,0,1,0,0,0,0
2022 Fall,CHEM,4411,Biological Chemistry Lab I,005757,"Price,Carol",103,12561,College & Graduate Arts & Sci,3.35,15,0,4,2,3,5,0,0,1,0,0
2022 Fall,FREN,3031,Finding Your Voice in French,014357,"Ogden,Amy",001,10508,College & Graduate Arts & Sci,3.57,13,0,6,2,1,3,1,0,0,0,0
2022 Fall,MATH,3310,Basic Real Analysis,023072,"Mazzoli,Filippo",100,10619,College & Graduate Arts & Sci,3.47,26,5,6,6,3,3,1,1,0,0,1
2022 Fall,ARTS,2610,Drawing I,002836,"Schoyer,Elizabeth",001,10326,College & Graduate Arts & Sci,3.95,18,3,12,3,0,0,0,0,0,0,0
2022 Fall,CHEM,1411,Intro College Chem I Lab,005986,"Morkowchuk,Lisa",040,12572,College & Graduate Arts & Sci,3.93,18,13,1,4,0,0,0,0,0,0,0
2022 Fall,CHEM,1411,Intro College Chem I Lab,005986,"Morkowchuk,Lisa",014,11795,College & Graduate Arts & Sci,3.81,24,16,5,2,0,0,0,0,0,0,1
2022 Fall,MATH,3100,Introduction to Probability,023058,"Slonim,Daniel",003,11871,College & Graduate Arts & Sci,3.49,11,2,2,3,0,3,0,1,0,0,0
2022 Fall,PHIL,2660,Philosophy of Religion,030098,"Merricks,Trenton",100,11846,College & Graduate Arts & Sci,3.58,50,0,15,17,12,3,2,1,0,0,0
2022 Fall,CHEM,1411,Intro College Chem I Lab,005986,"Morkowchuk,Lisa",041,12573,College & Graduate Arts & Sci,3.87,23,19,1,2,0,0,0,0,0,1,0
2022 Fall,RUTR,2740,Tolstoy in Translation,034785,"Herman,David",001,12793,College & Graduate Arts & Sci,3.52,34,0,4,14,13,3,0,0,0,0,0
2022 Fall,ARCH,1010,Lessons of the Lawn,001471,"Waldman,Peter",100,10073,School of Architecture,3.72,89,13,40,9,19,6,2,0,0,0,0
2022 Fall,DANC,2300,Dance Improvisation,007225,"Schetlick,Kathryn",001,10946,College & Graduate Arts & Sci,3.83,11,0,6,4,1,0,0,0,0,0,0
2022 Fall,ARCH,5715,Elements of Design,045503,"Clark,William",001,10137,School of Architecture,3.91,14,4,7,2,1,0,0,0,0,0,0
2022 Fall,EVSC,3300,Atmosphere and Weather,013917,"Pusede,Sally",001,10477,College & Graduate Arts & Sci,3.58,51,0,29,5,1,10,4,0,2,0,0
2022 Fall,EVSC,2801,Fundamentals of Geology Lab,014091,"Flournoy,Ariana",200,10467,College & Graduate Arts & Sci,3.87,14,0,8,6,0,0,0,0,0,0,0
2022 Fall,COLA,1500,College Advising Seminars,006376,"Rotich,Anne",023,12614,College & Graduate Arts & Sci,4.00,16,3,13,0,0,0,0,0,0,0,0
2022 Fall,MATH,4310,Introduction to Real Analysis,023135,"Hayes,Benjamin",001,12035,College & Graduate Arts & Sci,3.74,18,9,3,2,2,1,0,1,0,0,0
2022 Fall,FREN,3031,Finding Your Voice in French,014357,"Krueger,Cheryl",004,10509,College & Graduate Arts & Sci,3.84,14,0,9,4,0,1,0,0,0,0,0
2022 Fall,CHIN,2010,Intermediate Chinese,006053,"Wang,Rui",002,12829,College & Graduate Arts & Sci,3.76,14,0,10,2,1,0,0,0,1,0,0
2022 Fall,ARCH,2010,Foundation Studio II,001493,"Strange,Clayton",106,10270,School of Architecture,3.39,11,0,1,3,5,1,1,0,0,0,0
2022 Fall,FREN,3032,"Text, Image, Culture",014358,"McLean,Miller",001,10511,College & Graduate Arts & Sci,3.89,15,0,11,3,1,0,0,0,0,0,0
2022 Fall,CHEM,4411,Biological Chemistry Lab I,005757,"Price,Carol",101,12559,College & Graduate Arts & Sci,3.58,11,1,2,4,2,2,0,0,0,0,0
2022 Fall,SOC,1010,Introductory Sociology,035243,"Foster,B.",100,10796,College & Graduate Arts & Sci,3.96,292,89,174,24,3,1,0,0,1,0,0
2022 Fall,RUSS,3010,Third-Year Russian I,034652,"Borovskaya-Ellis,Anna",001,12575,College & Graduate Arts & Sci,3.82,18,0,12,4,0,2,0,0,0,0,0
2022 Fall,CHEM,2410,Organic Chemistry I,005698,"Frantz,Alicia",200,12259,College & Graduate Arts & Sci,3.31,90,0,19,16,19,23,7,2,3,1,0
2022 Fall,DRAM,1020,Speaking in Public,007178,"Close,Tovah",003,12663,College & Graduate Arts & Sci,3.77,15,1,5,8,0,1,0,0,0,0,0
2022 Fall,CHEM,1411,Intro College Chem I Lab,005986,"Morkowchuk,Lisa",022,10977,College & Graduate Arts & Sci,3.86,21,6,12,1,0,0,2,0,0,0,0
2022 Fall,DRAM,2210,Scenic Technology,007216,"Will,Richard",001,11898,College & Graduate Arts & Sci,3.91,18,4,11,1,2,0,0,0,0,0,0
2022 Fall,ENWR,1510,Writing and Critical Inquiry,013432,"D'Errico,Jon",012,10866,College & Graduate Arts & Sci,3.64,17,0,5,9,2,0,0,0,1,0,0
2022 Fall,PHYS,2419,Intro Physics 2 Workshop,031079,"Hagemeier,Andrew",011,10721,College & Graduate Arts & Sci,3.57,19,0,0,15,1,3,0,0,0,0,0
2022 Fall,DRAM,1020,Speaking in Public,007178,"Close,Tovah",002,12662,College & Graduate Arts & Sci,3.91,16,2,12,0,2,0,0,0,0,0,0
2022 Fall,BIOL,3410,Human Anatomy and Physiology I,043173,"Massey,Ann",100,11915,College & Graduate Arts & Sci,3.60,312,21,115,68,56,30,13,4,1,3,1
2022 Fall,GERM,1010,Elementary German,015642,"Froehlich,Pauline",004,10517,College & Graduate Arts & Sci,3.88,16,5,6,4,1,0,0,0,0,0,0
2022 Fall,MDST,2690,Sports Journalism,044470,"Clay,Anna",001,12665,College & Graduate Arts & Sci,3.74,27,0,12,9,6,0,0,0,0,0,0
2022 Fall,FREN,3031,Finding Your Voice in French,014357,"Levine,Alison",002,10510,College & Graduate Arts & Sci,3.41,16,0,2,6,3,3,2,0,0,0,0
2022 Fall,CHEM,2410,Organic Chemistry I,005698,"Serbulea,Laura L",600,11867,College & Graduate Arts & Sci,3.79,30,2,18,6,2,1,0,0,1,0,0
2022 Fall,MATH,2310,Calculus III,023024,"Tsai,Wei-Lun",400,11868,College & Graduate Arts & Sci,3.79,31,0,17,9,4,1,0,0,0,0,0
2022 Fall,ECON,2010,Principles of Econ: Microecon,007876,"Elzinga,Kenneth",091,10413,College & Graduate Arts & Sci,3.41,370,4,53,147,71,38,40,10,0,4,3
2022 Fall,PHYS,2030,Princip of Physics 1 Workshop,030811,"R,Reshma Menon",015,10917,College & Graduate Arts & Sci,3.44,22,0,8,6,0,5,2,0,0,0,1
2022 Fall,EVSC,3201,Fundamentals of Ecology Lab,014094,"O'Donnell,Kelsey",001,10471,College & Graduate Arts & Sci,3.90,12,0,8,4,0,0,0,0,0,0,0
2022 Fall,CHEM,1411,Intro College Chem I Lab,005986,"Morkowchuk,Lisa",018,10973,College & Graduate Arts & Sci,3.87,22,11,8,2,0,0,0,0,0,1,0
2022 Fall,SPAN,2020,Advanced Intermediate Spanish,035854,"Arevalo,Gabriela Dongo",002,10995,College & Graduate Arts & Sci,3.62,17,0,3,10,3,0,1,0,0,0,0
2022 Fall,BIOL,3010,Genetics and Molecular Biology,003526,"Parichy,David",001,10341,College & Graduate Arts & Sci,3.44,315,14,93,78,36,46,24,6,10,6,2
2022 Fall,ASTR,1220,Intro Stars Galaxies Universe,003047,"Johnson,Bradley",002,10335,College & Graduate Arts & Sci,3.71,108,7,56,19,13,10,0,0,2,0,1
2022 Fall,ANTH,3010,Theory & History Anthropology,000708,"Roy,Sayantan Saha",001,10311,College & Graduate Arts & Sci,3.52,24,0,4,15,3,1,0,0,0,0,1
2022 Fall,PLPT,7000,Intro to Political Theory,031952,"Rubenstein,Jennifer",001,12873,College & Graduate Arts & Sci,3.85,6,0,3,3,0,0,0,0,0,0,0
2022 Fall,LAR,7500,Special Tops in Landscape Arch,045643,"Davis,Brian",002,10190,School of Architecture,3.51,15,0,6,2,3,2,2,0,0,0,0
2022 Fall,COLA,1500,College Advising Seminars,006376,"Samonina,Jelena",028,11743,College & Graduate Arts & Sci,3.89,17,9,5,2,0,0,1,0,0,0,0
2022 Fall,ENWR,1510,Writing and Critical Inquiry,013432,"Liu,Wei",047,12119,College & Graduate Arts & Sci,4.00,18,6,12,0,0,0,0,0,0,0,0
2022 Fall,CHEM,1411,Intro College Chem I Lab,005986,"Morkowchuk,Lisa",035,11796,College & Graduate Arts & Sci,3.79,20,12,3,2,0,1,2,0,0,0,0
2022 Fall,PLAC,5800,Green Infrastructure: Cities,031145,"Firehock,Karen",001,10021,School of Architecture,3.84,13,2,4,7,0,0,0,0,0,0,0
2022 Fall,SARC,6101,"Buildings, Cities, Narratives",045562,"Li,Shiqiao",001,10140,School of Architecture,3.73,37,0,13,17,7,0,0,0,0,0,0
2022 Fall,ARCH,3010,Foundation Studio IV,001517,"Bachman,JT",005,10206,School of Architecture,3.52,13,1,3,4,2,1,2,0,0,0,0
2022 Fall,FREN,2010,Intermediate French I,014315,"Quere,Melanie",005,10497,College & Graduate Arts & Sci,3.59,15,0,9,0,5,0,0,0,0,0,1
2022 Fall,ENCW,4550,Topics in Literary Prose,043441,"Alameddine,Rabih",001,11965,College & Graduate Arts & Sci,3.88,13,0,9,3,1,0,0,0,0,0,0
2022 Fall,CHEM,3410,Phys Chem - Quantum Theory,005731,"Egorov,Sergei",100,11966,College & Graduate Arts & Sci,3.36,47,0,3,19,8,13,2,2,0,0,0
2022 Fall,FREN,2010,Intermediate French I,014315,"Nicewonger,Ashton",001,12228,College & Graduate Arts & Sci,3.79,16,0,10,3,2,1,0,0,0,0,0
2022 Fall,ENWR,1510,Writing and Critical Inquiry,013432,"Waterman,Andie",039,11888,College & Graduate Arts & Sci,3.87,18,0,13,3,2,0,0,0,0,0,0
2022 Fall,SPAN,2010,Intermediate Spanish,035853,"Barlow,Jennifer",015,11729,College & Graduate Arts & Sci,3.37,17,0,3,9,2,0,2,0,0,0,1
2022 Fall,ASTR,1220,Intro Stars Galaxies Universe,003047,"Kallivayalil,Nitya",001,11820,College & Graduate Arts & Sci,3.88,130,37,66,14,6,5,2,0,0,0,0
2022 Fall,PHS,4050,Public Health Policy,043758,"Quissell,Kathryn",001,12048,College & Graduate Arts & Sci,3.97,57,0,52,5,0,0,0,0,0,0,0
2022 Fall,SPAN,2010,Intermediate Spanish,035853,"Fernandez,Carlos Velazco",017,12003,College & Graduate Arts & Sci,3.69,17,1,5,7,3,1,0,0,0,0,0
2022 Fall,SPAN,1060,Accelerated Elementary Spanish,035820,"Young,Sara",009,11960,College & Graduate Arts & Sci,3.88,12,0,7,5,0,0,0,0,0,0,0
2022 Fall,EGMT,1510,Engaging Aesthetics,044512,"Flood,Liza",201,12541,College & Graduate Arts & Sci,3.91,35,0,29,4,1,0,1,0,0,0,0
2022 Fall,CHEM,2311,Org Chem Lab I Non Chem Major,043154,"Chruma,Jason",001,11909,College & Graduate Arts & Sci,3.71,10,0,3,5,2,0,0,0,0,0,0
2022 Fall,ECON,8350,Advanced Macroeconomic Theory,008065,"Korinek,Anton",001,10947,College & Graduate Arts & Sci,3.83,6,0,4,1,1,0,0,0,0,0,0
2022 Fall,CHEM,5110,Organic Chemistry III,005768,"Hilinski,Michael",001,10949,College & Graduate Arts & Sci,3.34,26,1,6,8,2,4,1,0,4,0,0
2022 Fall,PHYS,2010,Principles of Physics 1,030809,"Bychkov,Maksim",004,11907,College & Graduate Arts & Sci,3.51,19,1,7,4,3,0,2,2,0,0,0
2022 Fall,STAT,2020,Statistics for Biologists,039999,"Ferrara,Maria",002,11934,College & Graduate Arts & Sci,3.75,117,22,39,35,13,3,4,1,0,0,0
2022 Fall,ARCH,3010,Foundation Studio IV,001517,"Phinney,Lucia",003,10204,School of Architecture,3.56,13,0,3,4,5,1,0,0,0,0,0
2022 Fall,CHEM,2311,Org Chem Lab I Non Chem Major,043154,"Chruma,Jason",010,12528,College & Graduate Arts & Sci,3.65,11,1,3,4,2,0,1,0,0,0,0
2022 Fall,CHEM,1411,Intro College Chem I Lab,005986,"Morkowchuk,Lisa",027,10982,College & Graduate Arts & Sci,3.83,23,13,5,4,0,0,0,0,0,0,1
2022 Fall,MATH,4110,Intro to Stochastic Processes,023119,"Do,Yen",001,12034,College & Graduate Arts & Sci,3.69,16,1,9,3,0,2,0,0,1,0,0
2022 Fall,SPAN,4500,Spec Topics Sem: Literature,035967,"Pellon,Gustavo",001,11963,College & Graduate Arts & Sci,3.81,22,2,6,14,0,0,0,0,0,0,0
2022 Fall,PHYS,7410,Electricity and Magnetism I,042834,"Paschke,Kent",001,11835,College & Graduate Arts & Sci,3.25,22,0,3,4,5,5,4,1,0,0,0
2022 Fall,COLA,1500,College Advising Seminars,006376,"Lyons,Shawn",013,11694,College & Graduate Arts & Sci,3.70,15,0,4,8,3,0,0,0,0,0,0
2022 Fall,ARCH,2010,Foundation Studio II,001493,"Somers,Schaeffer",104,10202,School of Architecture,3.83,12,0,8,2,2,0,0,0,0,0,0
2022 Fall,CHEM,1811,Principles Chem Structure Lab,006007,"Zhang,Sen",001,11864,College & Graduate Arts & Sci,3.96,19,1,17,0,1,0,0,0,0,0,0
2022 Fall,COLA,1500,College Advising Seminars,006376,"Ramirez-Weaver,Eric",030,11903,College & Graduate Arts & Sci,4.00,16,4,12,0,0,0,0,0,0,0,0
2022 Fall,ENWR,1510,Writing and Critical Inquiry,013432,"Cavens,Derek",044,11904,College & Graduate Arts & Sci,3.35,15,0,2,3,7,0,3,0,0,0,0
2022 Fall,STAT,3080,From Data to Knowledge,040829,"Martinet,Gretchen",001,12168,College & Graduate Arts & Sci,3.61,48,0,11,24,8,3,1,1,0,0,0
2022 Fall,ARCH,3010,Foundation Studio IV,001517,"McQuistion,Lauren",004,10205,School of Architecture,3.45,13,0,1,7,2,1,2,0,0,0,0
2022 Fall,ENWR,1510,Writing and Critical Inquiry,013432,"Horn,Jana",046,11933,College & Graduate Arts & Sci,3.95,18,2,13,3,0,0,0,0,0,0,0
2022 Fall,COLA,1500,College Advising Seminars,006376,"Davis,Matthew",018,11695,College & Graduate Arts & Sci,3.68,13,1,7,0,3,2,0,0,0,0,0
2022 Fall,CHEM,2311,Org Chem Lab I Non Chem Major,043154,"Chruma,Jason",007,12526,College & Graduate Arts & Sci,3.67,31,1,13,10,3,3,0,0,1,0,0
2022 Fall,KOR,1010,Elementary Korean I,020864,"CHOI,YOON HWA",001,10936,College & Graduate Arts & Sci,3.67,16,4,5,2,3,0,2,0,0,0,0
2022 Fall,ECON,3020,Intermediate Macroeconomics,007909,"Mcgee,Christopher",400,11697,College & Graduate Arts & Sci,3.55,52,1,21,12,5,6,5,1,1,0,0
2022 Fall,HIEA,2031,Modern China,018288,"Reed,Bradly",100,11686,College & Graduate Arts & Sci,3.52,109,0,24,37,30,12,6,0,0,0,0
2022 Fall,COLA,1500,College Advising Seminars,006376,"Mattes,Armin",017,12180,College & Graduate Arts & Sci,3.84,14,0,9,3,2,0,0,0,0,0,0
2022 Fall,PLAN,5892,Psychology of Environ & Space,044397,"Roe,Jennifer",001,10096,School of Architecture,3.96,15,0,13,2,0,0,0,0,0,0,0
2022 Fall,PHYS,2030,Princip of Physics 1 Workshop,030811,"Gundlapalli,Rithvik",014,10916,College & Graduate Arts & Sci,3.51,13,0,1,9,1,1,0,0,1,0,0
2022 Fall,PHYS,1429,Intro Physics 1 Workshop,031036,"Gundlapalli,Rithvik",005,11859,College & Graduate Arts & Sci,3.56,18,1,4,6,4,2,1,0,0,0,0
2022 Fall,CHEM,5260,Introduction to Astrochemistry,042627,"Garrod,Rob",001,11971,College & Graduate Arts & Sci,3.50,8,1,1,3,2,0,0,1,0,0,0
2022 Fall,WGS,3305,Issues in LGBTQ Studies,042714,"Gonzales,Isabel",001,11826,College & Graduate Arts & Sci,3.76,19,0,12,4,1,0,2,0,0,0,0
2022 Fall,SPAN,3300,Texts and Interpretation,035904,"Fernandez,Jesus Jativa",004,11801,College & Graduate Arts & Sci,3.74,14,2,8,2,1,0,0,0,0,1,0
2022 Fall,ECON,3030,Money and Banking,007910,"Doyle,Carter",301,12033,College & Graduate Arts & Sci,3.86,82,6,45,26,4,1,0,0,0,0,0
2022 Fall,SPAN,1060,Accelerated Elementary Spanish,035820,"Street,Matthew",007,11727,College & Graduate Arts & Sci,3.52,13,2,2,5,1,1,1,1,0,0,0
2022 Fall,EGMT,1510,Engaging Aesthetics,044512,"Skwiat,Matthew",207,12879,College & Graduate Arts & Sci,3.80,35,0,24,5,4,1,0,1,0,0,0
2022 Fall,ECON,4440,Economic Inequality,044128,"Harrigan,James",100,12886,College & Graduate Arts & Sci,3.34,18,0,4,5,3,2,3,0,0,1,0
2022 Fall,EVSC,2801,Fundamentals of Geology Lab,014091,"Lepp,Allison",300,12673,College & Graduate Arts & Sci,3.68,13,0,2,9,2,0,0,0,0,0,0
2022 Fall,ARTH,4591,Seminar in the History of Art,002569,"Dakouri-Hild,Anastasia",002,12877,College & Graduate Arts & Sci,3.90,10,3,5,1,1,0,0,0,0,0,0
2022 Fall,CHEM,7031,The Art of Scientific Writing,044323,"Gunnoe,Thomas",001,12193,College & Graduate Arts & Sci,3.91,18,2,12,3,1,0,0,0,0,0,0
2022 Fall,HIEA,1501,Intro Sem in East Asian Hist,018286,"Zhang,Cong",001,11576,College & Graduate Arts & Sci,3.65,10,0,2,6,1,1,0,0,0,0,0
2022 Fall,RUTR,2350,Russian and East European Film,040715,"Stepanic,Stanley",001,12792,College & Graduate Arts & Sci,3.78,45,12,15,12,2,3,0,0,1,0,0
2022 Fall,ENWR,1510,Writing and Critical Inquiry,013432,"Liu,Wei",060,12231,College & Graduate Arts & Sci,4.00,18,5,13,0,0,0,0,0,0,0,0
2022 Fall,EGMT,1510,Engaging Aesthetics,044512,"Parker,Deborah",108,12872,College & Graduate Arts & Sci,3.90,29,0,21,7,1,0,0,0,0,0,0
2022 Fall,SPAN,2010,Intermediate Spanish,035853,"Barlow,Jennifer",013,10819,College & Graduate Arts & Sci,3.72,20,0,5,12,3,0,0,0,0,0,0
2022 Fall,SPAN,2010,Intermediate Spanish,035853,"Badang,Germain",001,10824,College & Graduate Arts & Sci,3.58,14,0,1,11,0,0,2,0,0,0,0
2022 Fall,STAT,5430,Stat Comp with Python and R,040821,"Brown,Taylor",001,11850,College & Graduate Arts & Sci,3.51,31,0,5,18,4,1,1,0,1,0,1
2022 Fall,COLA,1500,College Advising Seminars,006376,"Davis,Matthew",007,12508,College & Graduate Arts & Sci,3.92,11,0,8,3,0,0,0,0,0,0,0
2022 Fall,SPAN,2020,Advanced Intermediate Spanish,035854,"Arevalo,Gabriela Dongo",001,11962,College & Graduate Arts & Sci,3.54,14,0,2,9,1,0,1,1,0,0,0
2022 Fall,EGMT,1530,Engaging Differences,044514,"Smith,Wendy",104,12272,College & Graduate Arts & Sci,3.92,35,3,23,9,0,0,0,0,0,0,0
2022 Fall,HIND,1010,Elementary Hindi-Urdu I,018890,"Nasir,Abdul",002,12437,College & Graduate Arts & Sci,3.82,20,0,12,5,3,0,0,0,0,0,0
2022 Fall,SPAN,3300,Texts and Interpretation,035904,"Sprague,Paula",005,11930,College & Graduate Arts & Sci,3.82,16,1,12,2,0,0,0,0,0,1,0
2022 Fall,CHIN,2010,Intermediate Chinese,006053,"Chen,Shu-Chen",001,11713,College & Graduate Arts & Sci,3.98,15,1,13,1,0,0,0,0,0,0,0
2022 Fall,CHEM,2311,Org Chem Lab I Non Chem Major,043154,"Chruma,Jason",004,11912,College & Graduate Arts & Sci,3.79,36,0,21,9,4,2,0,0,0,0,0
2022 Fall,GERM,3000,Advanced German,015707,"Schmid,Marcel",001,11829,College & Graduate Arts & Sci,3.88,13,1,10,1,0,0,1,0,0,0,0
2022 Fall,ENWR,1510,Writing and Critical Inquiry,013432,"pardes,Gahl Pratt",003,12534,College & Graduate Arts & Sci,3.93,17,0,13,4,0,0,0,0,0,0,0
2022 Fall,ENWR,1510,Writing and Critical Inquiry,013432,"Turner,Rianna",005,12535,College & Graduate Arts & Sci,3.91,17,0,12,5,0,0,0,0,0,0,0
2022 Fall,CHEM,1411,Intro College Chem I Lab,005986,"Morkowchuk,Lisa",019,10974,College & Graduate Arts & Sci,3.93,23,19,2,1,0,0,1,0,0,0,0
2022 Fall,ELA,2610,Lbrl Arts Health Professions,044617,"Sauerwein,Kimberly",001,12553,College & Graduate Arts & Sci,3.88,29,0,23,5,0,0,0,0,1,0,0
2022 Fall,MATH,1220,A Survey of Calculus II,022945,"Tralle,Wojciech",300,12198,College & Graduate Arts & Sci,3.33,23,1,7,4,2,5,0,1,3,0,0
2022 Fall,STAT,5170,Applied Time Series,036677,"Spitzner,Dan",001,11852,College & Graduate Arts & Sci,3.46,32,0,7,10,7,7,0,0,0,1,0
2022 Fall,EVSC,2220,Conserv Ecol-Biodivrs & Beyond,013901,"Lerdau,Manuel",001,12213,College & Graduate Arts & Sci,3.59,86,1,29,23,20,11,1,1,0,0,0
2022 Fall,CHEM,2311,Org Chem Lab I Non Chem Major,043154,"Chruma,Jason",003,11911,College & Graduate Arts & Sci,3.87,36,1,24,8,2,1,0,0,0,0,0
2022 Fall,CHEM,1411,Intro College Chem I Lab,005986,"Morkowchuk,Lisa",028,10983,College & Graduate Arts & Sci,3.97,23,14,7,2,0,0,0,0,0,0,0
2022 Fall,ASL,2010,Intermed Amer Sign Language I,003001,"Jennings-arey,Rhonda",004,11802,College & Graduate Arts & Sci,3.44,14,0,5,4,0,1,3,1,0,0,0
2022 Fall,LAR,6210,EcoTech I,041736,"Cho,Leena",001,10182,School of Architecture,3.38,22,0,1,5,13,3,0,0,0,0,0
2022 Fall,DRAM,1010,How Theatre Works,007177,"Garey,Cady",001,10378,College & Graduate Arts & Sci,3.69,48,1,16,22,5,3,0,1,0,0,0
2022 Fall,ANTH,2280,Medical Anthropology,000655,"Fontanilla,Julia Alejandra Morales",100,11913,College & Graduate Arts & Sci,3.97,116,7,99,8,2,0,0,0,0,0,0
2022 Fall,ARCH,2010,Foundation Studio II,001493,"Victorio,Timothy",103,10201,School of Architecture,3.63,10,0,3,3,4,0,0,0,0,0,0
2022 Fall,CHEM,2311,Org Chem Lab I Non Chem Major,043154,"Chruma,Jason",006,12258,College & Graduate Arts & Sci,3.84,30,1,19,6,3,1,0,0,0,0,0
2022 Fall,MATH,4770,General Topology,044247,"Bergner,Julie",001,12238,College & Graduate Arts & Sci,3.64,12,1,6,2,1,1,0,0,1,0,0
2022 Fall,MATH,3350,Applied Linear Algebra,042858,"Holt,Jeffrey",002,12674,College & Graduate Arts & Sci,3.67,40,1,17,11,6,4,0,1,0,0,0
2022 Fall,FREN,2010,Intermediate French I,014315,"Jaye,Eren",006,10496,College & Graduate Arts & Sci,3.75,18,0,7,8,3,0,0,0,0,0,0
2022 Fall,CHEM,1411,Intro College Chem I Lab,005986,"Morkowchuk,Lisa",037,12208,College & Graduate Arts & Sci,3.87,23,16,2,3,1,0,1,0,0,0,0
2022 Fall,MATH,1190,A Survey of Calc I w Algebra,023387,"Demers,Matthew",100,11822,College & Graduate Arts & Sci,3.19,29,0,9,5,4,1,5,1,3,0,1
2022 Fall,GERM,1010,Elementary German,015642,"Hiss,Helga",003,10518,College & Graduate Arts & Sci,3.80,13,3,7,1,0,1,1,0,0,0,0
2022 Fall,ARCH,6010,Foundation Studio I,001668,"Schumann,Kyle",003,10274,School of Architecture,3.89,12,2,7,2,1,0,0,0,0,0,0
2022 Fall,SPAN,2010,Intermediate Spanish,035853,"Jarque,Esperanza Gorriz",010,11843,College & Graduate Arts & Sci,3.71,18,0,6,10,0,1,1,0,0,0,0
2022 Fall,SPAN,3410,Survey Span Lit II (1700-Pres),035909,"Valverde,Fernando",001,12591,College & Graduate Arts & Sci,3.88,13,2,9,1,0,0,1,0,0,0,0
2022 Fall,ARAB,2010,Intermediate Arabic I,001284,"Maanaki,Bilal",003,11129,College & Graduate Arts & Sci,3.68,11,0,3,6,1,1,0,0,0,0,0
2022 Fall,MATH,1140,Financial Mathematics,022937,"Carawan,Tanner",001,12277,College & Graduate Arts & Sci,3.40,34,0,9,7,7,5,5,0,1,0,0
2022 Fall,SOC,5030,Classical Sociological Theory,035526,"Parham,Angel",001,10933,College & Graduate Arts & Sci,3.88,5,0,3,2,0,0,0,0,0,0,0
2022 Fall,SPAN,2010,Intermediate Spanish,035853,"Jarque,Esperanza Gorriz",005,10827,College & Graduate Arts & Sci,3.77,15,0,5,9,1,0,0,0,0,0,0
2022 Fall,AMST,1050,Slavery and Its Legacies,044616,"Daacke,Kirt von",001,12784,College & Graduate Arts & Sci,3.92,52,0,41,9,2,0,0,0,0,0,0
2022 Fall,PLAP,3370,Wksp Cntmp Amer Elect Politics,031571,"Sabato,Larry",001,12132,College & Graduate Arts & Sci,3.96,15,0,13,2,0,0,0,0,0,0,0
2022 Fall,BIOL,2100,IntroBio w/Lab:Cell & Genetics,003470,"Kittlesen,David",001,10935,College & Graduate Arts & Sci,3.36,333,40,48,94,41,36,43,14,4,9,4
2022 Fall,RELG,4500,Majors Seminar,034232,"Shuve,Karl",001,11814,College & Graduate Arts & Sci,3.82,10,1,3,6,0,0,0,0,0,0,0
2022 Fall,SPAN,2020,Advanced Intermediate Spanish,035854,"Arevalo,Gabriela Dongo",020,12753,College & Graduate Arts & Sci,3.51,18,1,0,10,5,1,1,0,0,0,0
2022 Fall,ARAB,3010,Advanced Arabic I,001294,"Humeidan,Bilal",001,10321,College & Graduate Arts & Sci,3.46,10,0,3,2,3,1,0,1,0,0,0
2022 Fall,PHIL,1000,Introduction to Philosophy,029990,"Payton,Dee",100,12644,College & Graduate Arts & Sci,3.65,114,19,44,22,8,13,3,2,2,0,1
2022 Fall,CHEM,4090,Analytical Chemistry,005783,"Pompano,Rebecca",001,12097,College & Graduate Arts & Sci,3.81,23,0,19,0,0,3,1,0,0,0,0
2022 Fall,ECON,4300,Public Choice,007928,"Coppock,Lee",002,12883,College & Graduate Arts & Sci,3.38,29,4,6,5,0,10,2,0,2,0,0
2022 Fall,ENWR,1510,Writing and Critical Inquiry,013432,"Greenblatt,Caroline",001,10859,College & Graduate Arts & Sci,3.87,18,4,10,2,1,1,0,0,0,0,0
2022 Fall,PSYC,3006,Res Methods & Data Analysis II,032540,"Schmidt,Karen",001,10763,College & Graduate Arts & Sci,3.81,101,0,48,46,6,1,0,0,0,0,0
2022 Fall,CHEM,5310,Adv Inorganic Chemistry I,005780,"Gunnoe,Thomas",001,12648,College & Graduate Arts & Sci,3.19,16,1,4,1,0,6,2,0,2,0,0
2022 Fall,FREN,2020,Intermediate French II,014316,"Chiron,Emma",004,10502,College & Graduate Arts & Sci,3.88,11,0,8,2,1,0,0,0,0,0,0
2022 Fall,FREN,2020,Intermediate French II,014316,"Harper,Elizabeth",005,10505,College & Graduate Arts & Sci,3.61,16,0,9,3,0,3,0,0,0,1,0
2022 Fall,PHYS,2419,Intro Physics 2 Workshop,031079,"Baskaran,Sajeevan",005,10716,College & Graduate Arts & Sci,3.56,16,0,4,4,7,1,0,0,0,0,0
2022 Fall,CLAS,2010,Greek Civilization,006297,"Dillery,John",100,11458,College & Graduate Arts & Sci,3.59,87,5,36,23,8,8,2,1,1,2,1
2022 Fall,GERM,2020,Intermediate German,015679,"Neuhaus,Christina",001,12689,College & Graduate Arts & Sci,3.81,12,1,6,3,2,0,0,0,0,0,0
2022 Fall,CHEM,1411,Intro College Chem I Lab,005986,"Morkowchuk,Lisa",015,10970,College & Graduate Arts & Sci,3.66,21,15,2,0,0,0,2,0,0,2,0
2022 Fall,CHEM,1411,Intro College Chem I Lab,005986,"Morkowchuk,Lisa",016,10971,College & Graduate Arts & Sci,3.85,23,15,3,4,0,0,0,0,0,1,0
2022 Fall,ALAR,8010,Research Studio 1,042199,"Li,Shiqiao",006,10223,School of Architecture,3.70,9,0,4,2,3,0,0,0,0,0,0
2022 Fall,CHEM,1411,Intro College Chem I Lab,005986,"Morkowchuk,Lisa",007,10968,College & Graduate Arts & Sci,3.84,19,17,0,0,0,0,1,1,0,0,0
2022 Fall,CHEM,1411,Intro College Chem I Lab,005986,"Morkowchuk,Lisa",017,10972,College & Graduate Arts & Sci,3.96,22,16,3,3,0,0,0,0,0,0,0
2022 Fall,ECON,7710,Econometrics I,008042,"Nekipelov,Denis",100,10446,College & Graduate Arts & Sci,3.47,18,2,3,5,2,4,2,0,0,0,0
2022 Fall,SWAH,2010,Intermediate Swahili I,036873,"Rotich,Anne",001,12167,College & Graduate Arts & Sci,3.28,10,1,2,3,0,2,1,0,0,0,1
2022 Fall,FREN,2020,Intermediate French II,014316,"Bartz,Ninon",006,10500,College & Graduate Arts & Sci,3.65,14,0,6,4,1,3,0,0,0,0,0
2022 Fall,BIOL,4900,Independent Study in Biology,040718,"Kozminski,Keith",003,12079,College & Graduate Arts & Sci,4.00,12,5,7,0,0,0,0,0,0,0,0
2022 Fall,MATH,3250,Ordinary Differential Equatns,023068,"Abdesselam,Abdelmalek",200,10616,College & Graduate Arts & Sci,3.73,32,14,8,2,5,1,1,0,0,1,0
2022 Fall,KOR,3010,Advanced Korean I,020868,"Han,Rosa",001,10937,College & Graduate Arts & Sci,3.63,16,2,5,4,2,2,1,0,0,0,0
2022 Fall,MUSI,2600,Jazz Improvisation,024777,"Dearth,John",001,11474,College & Graduate Arts & Sci,3.83,15,0,9,5,0,1,0,0,0,0,0
2022 Fall,ENWR,2700,News Writing,013457,"Sweeney,Kate",001,10887,College & Graduate Arts & Sci,3.89,14,0,9,5,0,0,0,0,0,0,0
2022 Fall,ENWR,2800,Public Speaking,045101,"Nabi,Jason",002,12579,College & Graduate Arts & Sci,3.74,16,0,7,6,2,1,0,0,0,0,0
2022 Fall,MATH,1320,Calculus II,022954,"Zhang,Yuan",100,10606,College & Graduate Arts & Sci,3.44,19,2,4,2,6,2,3,0,0,0,0
2022 Fall,CHEM,1411,Intro College Chem I Lab,005986,"Morkowchuk,Lisa",010,11861,College & Graduate Arts & Sci,3.96,20,14,3,3,0,0,0,0,0,0,0
2022 Fall,EVSC,1450,"Climate Change, You and CO2",043431,"Fitzsimmons,Ian",001,12214,College & Graduate Arts & Sci,3.71,266,3,138,63,25,26,8,3,0,0,0
2022 Fall,STAT,2120,Intro to Statistical Analysis,036655,"Weinstock,Justin",003,11819,College & Graduate Arts & Sci,3.66,157,6,83,23,17,20,4,1,2,0,1
2022 Fall,SARC,1500,SARC Seminars,044199,"Small,Ben",002,10243,School of Architecture,3.44,18,0,6,2,4,4,2,0,0,0,0
2022 Fall,PLAN,5500,Special Topics in Planning,031328,"Jafari,Ghazal",002,10277,School of Architecture,3.73,6,0,3,2,0,1,0,0,0,0,0
2022 Fall,PLAC,5863,Climate Adaptation Planning,046272,"Wilson,Bev",001,10235,School of Architecture,3.94,14,3,8,3,0,0,0,0,0,0,0
2022 Fall,PLAN,6813,Community-Engaged Methods,046274,"Wilson,Barbara",001,10237,School of Architecture,3.94,10,3,5,2,0,0,0,0,0,0,0
2022 Fall,LAR,7500,Special Tops in Landscape Arch,045643,"Mitchell,Scott",006,10282,School of Architecture,3.79,8,0,5,1,2,0,0,0,0,0,0
2022 Fall,MATH,1310,Calculus I,022953,"James,Daniel",500,10594,College & Graduate Arts & Sci,3.65,26,9,7,3,4,1,0,0,1,1,0
2022 Fall,ECON,7010,Microeconomic Theory I,008020,"Troyan,Peter",100,10442,College & Graduate Arts & Sci,3.43,18,0,6,2,4,3,3,0,0,0,0
2022 Fall,PSYC,2700,Intro to Child Psychology,032516,"Lillard,Angeline",001,11462,College & Graduate Arts & Sci,3.68,203,0,142,7,1,44,0,0,9,0,0
2022 Fall,ENWR,2520,Special Topics in Writing,013448,"Constantine,Margaret",004,12590,College & Graduate Arts & Sci,3.83,12,0,5,7,0,0,0,0,0,0,0
2022 Fall,MATH,3350,Applied Linear Algebra,042858,"Holt,Jeffrey",001,12456,College & Graduate Arts & Sci,3.82,38,1,24,6,6,1,0,0,0,0,0
2022 Fall,MATH,3000,Transition to Higher Math,023049,"Abramenko,Peter",100,12454,College & Graduate Arts & Sci,3.00,22,2,5,1,1,5,3,2,0,2,1
2022 Fall,ENWR,1510,Writing and Critical Inquiry,013432,"Francis,Jacob",073,12699,College & Graduate Arts & Sci,3.98,17,12,4,1,0,0,0,0,0,0,0
2022 Fall,SOC,3410,Race and Ethnic Relations,035402,"Buckelew,Rose",100,12172,College & Graduate Arts & Sci,3.79,28,13,7,2,3,2,1,0,0,0,0
2022 Fall,STAT,1601,Intro Data Science with R,045055,"Afriyie,Prince",001,12564,College & Graduate Arts & Sci,3.58,79,10,17,27,11,8,3,2,1,0,0
2022 Fall,RELC,2360,Elements of Christian Thought,033965,"Jones,Paul",100,12235,College & Graduate Arts & Sci,3.68,54,0,15,30,4,4,1,0,0,0,0
2022 Fall,HIEU,2071,Early Mod Eur and the World,018394,"Lambert,Erin",100,12781,College & Graduate Arts & Sci,3.76,54,0,24,24,1,5,0,0,0,0,0
2022 Fall,GSSJ,3010,Global Security and Justice,043544,"Furia,Peter",001,11994,College & Graduate Arts & Sci,3.96,20,1,16,3,0,0,0,0,0,0,0
2022 Fall,CHEM,1811,Principles Chem Structure Lab,006007,"Zhang,Sen",003,11866,College & Graduate Arts & Sci,3.86,19,5,9,2,3,0,0,0,0,0,0
2022 Fall,CHEM,1811,Principles Chem Structure Lab,006007,"Zhang,Sen",002,11865,College & Graduate Arts & Sci,3.85,22,2,13,4,3,0,0,0,0,0,0
2022 Fall,PHYS,2030,Princip of Physics 1 Workshop,030811,"Beauch,Duncan",002,10905,College & Graduate Arts & Sci,3.67,21,0,6,12,2,0,0,0,1,0,0
2022 Fall,ASL,3010,Conversational ASL,003005,"Propp,Gregory",001,11841,College & Graduate Arts & Sci,3.88,10,0,6,4,0,0,0,0,0,0,0
2022 Fall,SPAN,1060,Accelerated Elementary Spanish,035820,"Colon,Daniel",004,11798,College & Graduate Arts & Sci,3.37,11,0,1,4,2,3,1,0,0,0,0
2022 Fall,CHEM,1411,Intro College Chem I Lab,005986,"Morkowchuk,Lisa",033,10986,College & Graduate Arts & Sci,3.86,23,16,1,4,1,0,1,0,0,0,0
2022 Fall,ECON,7020,Macroeconomic Theory I,008021,"Young,Eric",100,10444,College & Graduate Arts & Sci,3.41,17,0,3,4,4,6,0,0,0,0,0
2022 Fall,CHEM,4320,Inorganic Chemistry,005754,"Machan,Charles",001,11745,College & Graduate Arts & Sci,3.46,80,1,15,25,24,7,6,1,1,0,0
2022 Fall,ASL,3450,Comp Linguistics: ASL & Engl,003008,"Jennings-arey,Rhonda",001,12783,College & Graduate Arts & Sci,3.85,17,0,11,4,2,0,0,0,0,0,0
2022 Fall,CHEM,1411,Intro College Chem I Lab,005986,"Morkowchuk,Lisa",009,11860,College & Graduate Arts & Sci,3.99,24,20,3,1,0,0,0,0,0,0,0
2022 Fall,PLAP,7500,Topics in Am Politics,041274,"Lawless,Jennifer",001,12868,College & Graduate Arts & Sci,3.96,7,1,5,1,0,0,0,0,0,0,0
2022 Fall,PLAP,4500,Special Topics,031588,"Ceaser,James",002,12866,College & Graduate Arts & Sci,3.47,13,0,5,5,2,0,0,0,0,0,1
2022 Fall,MATH,3340,Complex Variables,023074,"Imbrie,John",001,11890,College & Graduate Arts & Sci,3.45,17,3,4,2,4,2,0,0,2,0,0
2022 Fall,MUSI,1310,Basic Musical Skills,024703,"Rous,Benjamin",001,10691,College & Graduate Arts & Sci,3.84,43,4,26,8,2,3,0,0,0,0,0
2022 Fall,PHIL,2110,Hist of Phil: Anc & Medieval,030056,"Tanner,Travis",100,10699,College & Graduate Arts & Sci,3.74,44,0,19,20,1,1,3,0,0,0,0
2022 Fall,ENWR,1505,Writing & Critical Inquiry S1,013428,"Coyoca,David",006,11486,College & Graduate Arts & Sci,4.00,11,3,8,0,0,0,0,0,0,0,0
2022 Fall,BIOL,3000,Cell Biology,003525,"Heckle,Lindsay",001,11489,College & Graduate Arts & Sci,3.32,274,8,99,17,23,85,9,6,23,0,4
2022 Fall,MDST,3559,New Course: MDST,039189,"Wellmon,Michael",003,20120,College & Graduate Arts & Sci,3.88,14,0,12,0,1,1,0,0,0,0,0
2022 Fall,FREN,1010,Elementary French I,014273,"Rey,Cecile",003,10490,College & Graduate Arts & Sci,3.32,16,0,4,5,3,2,1,0,0,0,1
2022 Fall,FREN,1050,Accelerated Elementary French,014277,"Simotas,Spyridon",002,10493,College & Graduate Arts & Sci,3.51,11,0,5,0,2,4,0,0,0,0,0
2022 Fall,CELL,8101,Intro to Animal Dev,042506,"Sutherland,Ann",001,19282,Medical School - BIMS/PHS,4.00,5,2,3,0,0,0,0,0,0,0,0
2022 Fall,EGMT,1510,Engaging Aesthetics,044512,"Robbins,Christa",115,17893,College & Graduate Arts & Sci,3.84,34,0,29,2,0,2,0,0,0,0,1
2022 Fall,EGMT,1510,Engaging Aesthetics,044512,"Hendrickson,Caleb",209,17895,College & Graduate Arts & Sci,3.95,35,0,32,2,0,1,0,0,0,0,0
2022 Fall,EGMT,1520,Empirical Engagement,044513,"Heller,Natasha",207,17924,College & Graduate Arts & Sci,3.95,35,0,31,3,0,1,0,0,0,0,0
2022 Fall,APMA,1110,Single Variable Calculus II,001140,"Li,Meiqin",001,15528,Engineering & Applied Science,3.83,38,19,11,4,1,1,1,0,0,1,0
2022 Fall,APMA,2130,Ordinary Differentl Equations,001145,"Spencer,Julie",004,15533,Engineering & Applied Science,3.53,39,3,9,11,9,3,3,0,1,0,0
2022 Fall,ASTR,1210,Intro Sky and Solar System,003045,"Li,Zhi-Yun",003,11751,College & Graduate Arts & Sci,3.50,106,19,23,20,21,10,6,3,2,1,1
2022 Fall,LAW,8659,Drug Prod Liablty Litigtn: P&P,040061,"Grossi,Peter",1,19859,School of Law,3.51,17,0,0,9,8,0,0,0,0,0,0
2022 Fall,ISCP,4991,Capstone Project II,020318,"Plunkett,Ann Marie Harkins",101,20610,Continuing & Prof Studies,3.86,14,3,10,0,0,0,0,0,1,0,0
2022 Fall,ECON,3720,Introduction to Econometrics,007939,"Farmer,Leland",100,11782,College & Graduate Arts & Sci,3.31,47,4,10,6,7,10,6,2,1,1,0
2022 Fall,PHYS,2010,Principles of Physics 1,030809,"Sundararajan,Jency",002,10709,College & Graduate Arts & Sci,3.65,85,2,47,21,3,3,2,3,1,1,2
2022 Fall,APMA,2130,Ordinary Differentl Equations,001145,"Guadagni,Gianluca",002,15534,Engineering & Applied Science,3.48,35,2,10,8,6,4,4,0,0,1,0
2022 Fall,BIOL,4190,Biological Clocks,003606,"Provencio,Ignacio",001,17732,College & Graduate Arts & Sci,3.42,19,2,1,7,3,3,3,0,0,0,0
2022 Fall,PHS,3620,Built Environ & Health Impact,042697,"Somers,Schaeffer",001,17733,College & Graduate Arts & Sci,3.98,38,1,35,2,0,0,0,0,0,0,0
2022 Fall,PLAD,2222,Research Methods,040882,"Zhirkov,Kirill",001,17734,College & Graduate Arts & Sci,3.83,28,0,12,16,0,0,0,0,0,0,0
2022 Fall,LAW,7686,Mueller Rpt/Role Spec.Counsel,041897,"Goldstein,Andrew",1,20911,School of Law,3.41,16,0,1,5,7,3,0,0,0,0,0
2022 Fall,LATI,1010,Elementary Latin I,021103,"Corbeill,Anthony",100,10564,College & Graduate Arts & Sci,3.71,42,4,18,12,4,2,1,0,0,1,0
2022 Fall,PLAN,3020,Planning in Government,046299,"Cockrell,William",001,19556,School of Architecture,3.65,41,1,17,15,1,5,0,0,2,0,0
2022 Fall,LAW,6105,Federal Courts,021652,"Bayefsky,Rachel",1,19872,School of Law,3.67,68,0,9,47,12,0,0,0,0,0,0
2022 Fall,ANTH,3152,Rainforest Peoples,000759,"Mentore,George",001,20220,College & Graduate Arts & Sci,3.37,13,0,2,4,2,3,2,0,0,0,0
2022 Fall,ENWR,1505,Writing & Critical Inquiry S1,013428,"Thomas,Rebecca",011,20876,College & Graduate Arts & Sci,3.74,10,0,8,1,0,0,0,0,0,1,0
2022 Fall,CE,6500,Special Topics in CE,004607,"Duran,Diana Franco",006,17008,Engineering & Applied Science,4.00,5,3,2,0,0,0,0,0,0,0,0
2022 Fall,LPPS,3370,Trauma & US Public School Syst,045514,"Roorbach,Kristen",001,17286,Batten Leadership & Public Pol,3.91,32,0,26,4,1,1,0,0,0,0,0
2022 Fall,SPAN,3010,Grammar and Composition I,035893,"Poveda,Esther",001,10831,College & Graduate Arts & Sci,3.74,16,0,5,9,2,0,0,0,0,0,0
2022 Fall,ENWR,1510,Writing and Critical Inquiry,013432,"Park,Hyeona",022,10872,College & Graduate Arts & Sci,3.78,17,2,6,7,1,1,0,0,0,0,0
2022 Fall,ENWR,1510,Writing and Critical Inquiry,013432,"Horn,Jana",024,10874,College & Graduate Arts & Sci,3.96,17,1,14,2,0,0,0,0,0,0,0
2022 Fall,COMM,4559,New Course: COMM,040853,"Wilhelm,William",001,19649,McIntire School of Commerce,3.56,12,2,3,3,2,1,0,0,1,0,0
2022 Fall,CS,4740,Cloud Computing,043033,"Magee,Neal",001,20041,Engineering & Applied Science,3.85,79,20,31,20,7,1,0,0,0,0,0
2022 Fall,ENWR,1510,Writing and Critical Inquiry,013432,"Boateng,Nana",031,10881,College & Graduate Arts & Sci,3.85,16,0,8,8,0,0,0,0,0,0,0
2022 Fall,MDST,7409,Content Analysis,046702,"Driscoll,Kevin",001,19610,College & Graduate Arts & Sci,3.76,9,0,3,5,1,0,0,0,0,0,0
2022 Fall,EGMT,1510,Engaging Aesthetics,044512,"Halvorson-Taylor,Martien",210,17896,College & Graduate Arts & Sci,3.86,34,0,23,8,2,1,0,0,0,0,0
2022 Fall,PHYS,2415,Intro Physics 2 for Engineers,031076,"Chatterjee,Utpal",001,10711,College & Graduate Arts & Sci,3.24,80,1,10,15,19,16,15,3,0,1,0
2022 Fall,CS,2120,Discrete Math and Theory 1,046227,"Orrico,Elizabeth",003,17011,Engineering & Applied Science,3.69,129,4,64,35,8,10,3,3,1,0,1
2022 Fall,STS,4500,STS and Engineering Practice,036749,"Norton,Peter",003,15653,Engineering & Applied Science,3.77,26,0,19,0,3,4,0,0,0,0,0
2022 Fall,EGMT,1540,Ethical Engagement,044515,"Teets,Sarah",112,17959,College & Graduate Arts & Sci,3.93,35,7,24,2,1,1,0,0,0,0,0
2022 Fall,PHIL,2500,Survey on a PhilosophicalTopic,043637,"Irving,Zachary",200,12483,College & Graduate Arts & Sci,3.53,96,3,24,25,25,15,4,0,0,0,0
2022 Fall,PHYS,2419,Intro Physics 2 Workshop,031079,"Fan,Yunhao",007,10718,College & Graduate Arts & Sci,3.53,19,1,3,6,7,1,1,0,0,0,0
2022 Fall,EGMT,1520,Empirical Engagement,044513,"Greenland,Fiona",202,17914,College & Graduate Arts & Sci,3.96,34,1,28,5,0,0,0,0,0,0,0
2022 Fall,EGMT,1540,Ethical Engagement,044515,"Elia,Matt",213,17969,College & Graduate Arts & Sci,3.95,34,6,24,3,1,0,0,0,0,0,0
2022 Fall,PHYS,2010,Principles of Physics 1,030809,"Sundararajan,Jency",001,10708,College & Graduate Arts & Sci,3.57,67,12,25,13,3,3,6,0,3,1,1
2022 Fall,LAW,6106,Federal Income Tax,021658,"Yale,Ethan",1,19757,School of Law,3.50,60,2,19,10,12,9,8,0,0,0,0
2022 Fall,AMST,3559,New Course: AMST,038536,"Ngo,Fiona",004,20585,College & Graduate Arts & Sci,3.81,12,5,5,0,0,1,1,0,0,0,0
2022 Fall,LAW,9328,Critical Race Theory,045631,"Johnson,Alex",1,20867,School of Law,3.39,13,0,1,7,4,0,0,0,0,0,1
2022 Fall,LAW,7017,Con Law II: Religious Liberty,021626,"Schwartzman,Micah",1,19784,School of Law,3.64,73,0,21,31,14,7,0,0,0,0,0
2022 Fall,PSYC,7710,Quantitative Methods I,032791,"Golino,Hudson",100,10768,College & Graduate Arts & Sci,3.68,17,2,6,5,1,2,1,0,0,0,0
2022 Fall,CS,6501,Spec Top: Computer Science,006981,"Fletcher,Tom",002,16919,Engineering & Applied Science,3.83,20,1,13,4,0,1,1,0,0,0,0
2022 Fall,LAW,9306,Securities Litigtn & Enforcemt,045176,"Gilman,Charles",1,19861,School of Law,3.54,5,0,1,2,1,1,0,0,0,0,0
2022 Fall,ACCT,5210,Introductory Auditing,000190,"Evans,Richard",701,20705,Continuing & Prof Studies,3.03,14,0,0,3,3,4,2,1,0,1,0
2022 Fall,DRAM,2310,Costume Technology,007220,"Linton,Marcy",001,18498,College & Graduate Arts & Sci,3.96,15,4,9,2,0,0,0,0,0,0,0
2022 Fall,STS,2500,S & T in Soc & Global Context,036734,"Wellbeloved,Elizabeth A.",501,17879,Engineering & Applied Science,4.00,10,3,7,0,0,0,0,0,0,0,0
2022 Fall,PHS,7000,Intro Biostat,030364,"Chernyavskiy,Pavel",001,18455,Medical School - BIMS/PHS,3.69,55,6,22,11,12,0,4,0,0,0,0
2022 Fall,BIOL,3450,Biodiversity and Conservation,003565,"Manson,Jessamyn",001,12244,College & Graduate Arts & Sci,3.51,92,2,23,29,20,11,2,4,1,0,0
2022 Fall,LAW,8000,Advanced Legal Research,021685,"Ward,Latia",1,19759,School of Law,3.58,15,0,9,1,0,3,1,1,0,0,0
2022 Fall,LAW,9111,Sexuality and the Law,022296,"Cahn,Naomi",1,20690,School of Law,3.54,7,0,2,3,0,1,1,0,0,0,0
2022 Fall,CJ,5890,Law Enforcement ExecEssentials,044117,"Kilbride,Kenneth",01,21681,Continuing & Prof Studies,3.97,34,2,29,3,0,0,0,0,0,0,0
2022 Fall,KINE,3420,Contemporary Health Issues,009125,"Edwards,David",2,14990,School of Education and HumanDev,3.94,59,0,50,7,2,0,0,0,0,0,0
2022 Fall,EDLF,2050,What the Innovators Do,043697,"Kim,Chi",1,14992,School of Education and HumanDev,3.95,88,27,53,6,0,0,2,0,0,0,0
2022 Fall,ENGL,3545,American Lit before 1900,045474,"Olwell,Victoria",001,19721,College & Graduate Arts & Sci,3.53,26,0,7,9,5,3,1,1,0,0,0
2022 Fall,DRAM,3430,Improvisation,007265,"Dalton,Dave",001,20122,College & Graduate Arts & Sci,3.95,12,3,7,2,0,0,0,0,0,0,0
2022 Fall,COMM,3200,Project & Product Management,006498,"Leopold,Jeffrey",003,14752,McIntire School of Commerce,3.71,36,0,14,15,5,1,1,0,0,0,0
2022 Fall,LAW,7060,Land Use Law,021698,"O'Neill,Moira",1,20259,School of Law,3.43,20,0,2,6,8,4,0,0,0,0,0
2022 Fall,COMM,4522,Topics in BA,046287,"Li,Jingjing",001,14757,McIntire School of Commerce,3.89,21,1,16,2,1,1,0,0,0,0,0
2022 Fall,COMM,4522,Topics in BA,046287,"Li,Jingjing",002,14758,McIntire School of Commerce,3.86,37,2,27,6,0,0,1,0,1,0,0
2022 Fall,COMM,2020,Intro Management Accounting,006441,"Mitchell,Jill",100,14760,McIntire School of Commerce,3.69,64,16,19,15,6,3,3,0,1,1,0
2022 Fall,SPAN,3010,Grammar and Composition I,035893,"Martin,Daniel Doncel",008,19560,College & Graduate Arts & Sci,3.87,16,0,9,7,0,0,0,0,0,0,0
2022 Fall,EDIS,7760,Reading w/ Special Populations,046720,"Pearson,Emma",500,20221,School of Education and HumanDev,3.90,17,0,15,0,1,1,0,0,0,0,0
2022 Fall,CHEM,5740,Analytical Chem: Separations,042349,"Landers,James",001,17722,College & Graduate Arts & Sci,3.64,8,1,2,3,0,2,0,0,0,0,0
2022 Fall,CHIN,3010,Pre-Advanced Chinese I,006059,"Wang,Jun",002,10375,College & Graduate Arts & Sci,3.93,18,10,5,2,1,0,0,0,0,0,0
2022 Fall,ASTR,3150,Intro Interstellar Medium,046264,"Cleeves,Ilse",001,17798,College & Graduate Arts & Sci,3.87,29,10,12,5,0,1,1,0,0,0,0
2022 Fall,ASTR,5630,Extragalactic Astronomy,003115,"Klypin,Anatoly",001,17799,College & Graduate Arts & Sci,3.78,12,1,6,3,1,1,0,0,0,0,0
2022 Fall,CE,6290,Hydroinformatics,046715,"Goodall,Jonathan",001,20057,Engineering & Applied Science,3.90,6,0,4,2,0,0,0,0,0,0,0
2022 Fall,ARCH,7010,Foundation Studio III,001680,"Jull,Matthew",002,10116,School of Architecture,3.65,11,0,2,6,3,0,0,0,0,0,0
2022 Fall,ACCT,5700,Federal Accounting,045936,"Hutton,Leon",701,20708,Continuing & Prof Studies,3.92,13,7,4,1,1,0,0,0,0,0,0
2022 Fall,USEM,1570,University Seminar,037196,"Heil,Ethan",004,17686,Executive VP & Provost,3.89,17,0,11,6,0,0,0,0,0,0,0
2022 Fall,EGMT,1510,Engaging Aesthetics,044512,"Wylie,William",102,12261,College & Graduate Arts & Sci,4.00,35,13,22,0,0,0,0,0,0,0,0
2022 Fall,PHYS,1010,The Physical Universe,030772,"Liyanage,Nilanga",001,10706,College & Graduate Arts & Sci,3.32,38,7,3,5,11,8,2,0,1,0,1
2022 Fall,LAW,7071,Professional Responsibility,021935,"Sachs,Benjamin",1,19842,School of Law,3.56,100,0,28,30,29,6,7,0,0,0,0
2022 Fall,ANTH,1010,Introduction to Anthropology,000600,"Handler,Richard",003,20916,College & Graduate Arts & Sci,3.68,33,1,10,16,4,1,0,0,1,0,0
2022 Fall,EDLF,2080,Fundamentals of Statistics,044842,"Hull,Michael",3,15103,School of Education and HumanDev,3.86,16,10,1,4,0,1,0,0,0,0,0
2022 Fall,JAPN,2010,Second-Year Japanese I,020742,"Ito,Takuya",002,10559,College & Graduate Arts & Sci,3.77,14,1,7,4,1,0,1,0,0,0,0
2022 Fall,HIUS,3071,The Coming of the Civil War,019569,"Varon,Elizabeth",100,12099,College & Graduate Arts & Sci,3.65,51,0,11,27,11,2,0,0,0,0,0
2022 Fall,ARAB,1010,Elementary Arabic I,001279,"Maanaki,Bilal",001,11643,College & Graduate Arts & Sci,3.71,16,0,7,5,3,1,0,0,0,0,0
2022 Fall,ACCT,5450,Federal Taxation I,045935,"Hutchinson,Harvey",701,20706,Continuing & Prof Studies,3.87,10,2,5,2,1,0,0,0,0,0,0
2022 Fall,SPAN,2020,Advanced Intermediate Spanish,035854,"Park,Sara",012,11667,College & Graduate Arts & Sci,3.72,19,0,7,10,0,1,1,0,0,0,0
2022 Fall,ANTH,4591,Majors Seminar,000804,"Mentore,George",001,12472,College & Graduate Arts & Sci,3.78,10,0,5,4,0,1,0,0,0,0,0
2022 Fall,ISCP,3991,Capstone Project I,043821,"May,Julia S",101,20609,Continuing & Prof Studies,3.79,28,1,12,13,1,0,1,0,0,0,0
2022 Fall,RELC,3030,Jesus and the Gospels,033973,"Holste,Jonathan",100,20593,College & Graduate Arts & Sci,3.77,19,1,10,4,3,1,0,0,0,0,0
2022 Fall,LAW,6002,Contracts,021553,"Cohen,George",A,19748,School of Law,3.39,31,1,6,4,11,5,4,0,0,0,0
2022 Fall,STAT,6190,Intro to Math Statistics,036679,"Li,Tianxi",001,11556,College & Graduate Arts & Sci,3.80,31,1,15,11,4,0,0,0,0,0,0
2022 Fall,BME,4550,Spec Topics: Biomedical Engr,004090,"Helmke,Brian",003,19736,Engineering & Applied Science,3.69,22,1,12,7,1,0,0,0,0,0,1
2022 Fall,NUCO,3110,Adult-Gero Nursing,043224,"Hundt,Elizabeth",001,17386,School of Nursing,3.87,90,1,53,33,3,0,0,0,0,0,0
2022 Fall,DRAM,1020,Speaking in Public,007178,"Kelly,Colleen",001,12336,College & Graduate Arts & Sci,3.85,15,2,11,0,0,1,1,0,0,0,0
2022 Fall,ENGL,2508,Studies in Fiction,012491,"Kempf-Harris,Zoe",003,20889,College & Graduate Arts & Sci,3.79,14,0,8,4,1,1,0,0,0,0,0
2022 Fall,EVSC,3020,GIS Methods,013919,"Porter,John",100,10482,College & Graduate Arts & Sci,3.53,49,1,11,13,18,4,2,0,0,0,0
2022 Fall,PLCP,3500,Topics in Comp Politics,041289,"Schoppa,Len",001,17776,College & Graduate Arts & Sci,3.65,22,3,9,1,6,2,1,0,0,0,0
2022 Fall,MATH,1210,A survey of Calculus I,022944,"Sonkin,Dmitriy",200,10579,College & Graduate Arts & Sci,3.54,29,0,11,8,2,5,2,0,1,0,0
2022 Fall,DS,6400,Machine Learning I,046805,"Stewart,Thomas G.",001,21511,School of Data Science,3.49,9,0,4,1,1,1,2,0,0,0,0
2022 Fall,SYS,6003,Optimizatn Models & Methods I,036949,"Riggs,Robert",600,17006,Engineering & Applied Science,3.72,13,0,7,3,2,0,1,0,0,0,0
2022 Fall,CS,2120,Discrete Math and Theory 1,046227,"Brunelle,Nathan",004,17012,Engineering & Applied Science,3.70,134,3,69,32,11,13,3,1,2,0,0
2022 Fall,MAE,4610,ME Design I,022602,"Sun,Sarah",005,17030,Engineering & Applied Science,4.00,16,5,11,0,0,0,0,0,0,0,0
2022 Fall,EVSC,7072,Life in Graduate School,046670,"Simkins,Lauren",001,19572,College & Graduate Arts & Sci,3.97,10,2,7,1,0,0,0,0,0,0,0
2022 Fall,APMA,2120,Multivariable Calculus,001144,"Hellings,Christian",002,15530,Engineering & Applied Science,3.72,41,4,19,8,6,2,1,1,0,0,0
2022 Fall,LAW,9074,Legis Drafting & Public Policy,022000,"Hallock,David",1,19773,School of Law,3.41,9,0,2,2,2,2,1,0,0,0,0
2022 Fall,MDST,3000,Theory and Criticism of Media,023501,"Bodroghkozy,Aniko",001,10896,College & Graduate Arts & Sci,3.71,10,0,4,4,1,1,0,0,0,0,0
2022 Fall,CHEM,2311,Org Chem Lab I Non Chem Major,043154,"Chruma,Jason",014,13059,College & Graduate Arts & Sci,3.81,31,0,15,13,3,0,0,0,0,0,0
2022 Fall,ANTH,2800,Introduction to Archaeology,000698,"Trella,Phillip",100,10310,College & Graduate Arts & Sci,3.68,53,6,18,16,7,3,2,1,0,0,0
2022 Fall,LPPS,3050,Intro to Soc Entrepreneurship,042310,"Mulloth,Balashankar",002,17258,Batten Leadership & Public Pol,3.52,49,0,6,19,20,4,0,0,0,0,0
2022 Fall,EGMT,1530,Engaging Differences,044514,"Calamita,Francesca",213,17949,College & Graduate Arts & Sci,3.87,34,0,31,0,1,0,1,0,0,1,0
2022 Fall,UD,8611,Urban Analysis and Technology,046664,"Dobrowolski,Devin",001,19577,School of Architecture,3.76,12,1,4,5,2,0,0,0,0,0,0
2022 Fall,EGMT,1540,Ethical Engagement,044515,"Bernard,Benjamin",103,12268,College & Graduate Arts & Sci,3.92,22,0,20,0,1,1,0,0,0,0,0
2022 Fall,LAW,6000,Civil Procedure,021550,"Woolhandler,Nettie",BH,19799,School of Law,3.40,65,0,3,15,42,5,0,0,0,0,0
2022 Fall,LPPS,3050,Intro to Soc Entrepreneurship,042310,"Mulloth,Balashankar",001,17237,Batten Leadership & Public Pol,3.61,41,0,6,22,12,1,0,0,0,0,0
2022 Fall,LATI,1030,Fundamentals of Latin,021105,"Celotto,Giulio",001,10568,College & Graduate Arts & Sci,3.69,16,0,9,4,1,0,1,1,0,0,0
2022 Fall,PSHM,4050,Diversity in Health Care,043948,"Jackson,Kevin",101,20812,Continuing & Prof Studies,3.89,11,0,7,4,0,0,0,0,0,0,0
2022 Fall,ISLS,3000,Transformations: Liberal Arts,044252,"Henry,Robert",103,20904,Continuing & Prof Studies,3.71,18,0,13,4,0,0,0,0,0,0,1
2022 Fall,SPAN,2020,Advanced Intermediate Spanish,035854,"Hervas,Maria Jose Jorquera",025,20834,College & Graduate Arts & Sci,3.92,18,2,11,5,0,0,0,0,0,0,0
2022 Fall,GSVS,2050,Sustainable Energy Systems,044233,"Groves,James",001,12507,College & Graduate Arts & Sci,3.45,28,1,11,4,4,4,1,1,1,1,0
2022 Fall,SYS,6005,Stochastic Modeling I,036950,"Iqbal,Tariq",600,17007,Engineering & Applied Science,3.72,6,0,4,0,1,1,0,0,0,0,0
2022 Fall,BME,8783,Advanced MRI,039531,"Miller,G",001,20229,Engineering & Applied Science,3.90,6,1,3,2,0,0,0,0,0,0,0
2022 Fall,EGMT,1530,Engaging Differences,044514,"Calamita,Francesca",114,17941,College & Graduate Arts & Sci,3.75,34,1,19,9,2,2,0,0,0,1,0
2022 Fall,APMA,2130,Ordinary Differentl Equations,001145,"Dizaji,Farzad Shafiei",003,15536,Engineering & Applied Science,3.59,29,2,11,4,6,4,2,0,0,0,0
2022 Fall,CE,5400,Traffic Operations,004579,"Park,B. Brian",001,15553,Engineering & Applied Science,3.82,5,0,2,3,0,0,0,0,0,0,0
2022 Fall,EDIS,5030,Design Effec Lrn Exp & Environ,009426,"Pease,Jennifer",1,15100,School of Education and HumanDev,3.80,15,5,9,0,0,0,0,0,0,0,1
2022 Fall,FREN,3031,Finding Your Voice in French,014357,"Levine,Alison",003,10507,College & Graduate Arts & Sci,3.64,17,0,5,7,3,2,0,0,0,0,0
2022 Fall,GERM,2010,Intermediate German,015678,"Trice,Ruth",001,10521,College & Graduate Arts & Sci,3.44,10,3,3,0,0,1,2,0,1,0,0
2022 Fall,ENWR,1510,Writing and Critical Inquiry,013432,"Fowler,Charity",016,12315,College & Graduate Arts & Sci,3.89,18,11,5,0,0,2,0,0,0,0,0
2022 Fall,PLCP,4500,Special Topics,031707,"Carter,Chris",006,17912,College & Graduate Arts & Sci,3.47,15,0,7,3,3,1,0,0,0,0,1
2022 Fall,MAE,4650,Aircraft Design I,037544,"Quinlan,Jesse",001,15650,Engineering & Applied Science,4.00,18,2,16,0,0,0,0,0,0,0,0
2022 Fall,COMM,3230,Managing Innovation,045750,"Martin,Eric",002,14753,McIntire School of Commerce,3.76,35,0,18,11,4,1,1,0,0,0,0
2022 Fall,ARCH,7010,Foundation Studio III,001680,"Berman,Ila",003,10117,School of Architecture,3.75,12,0,9,0,1,1,1,0,0,0,0
2022 Fall,CHE,2215,Material and Energy Balances,005438,"Letteri,Rachel",001,15573,Engineering & Applied Science,3.45,42,0,16,8,7,6,2,0,2,0,1
2022 Fall,LAW,6107,International Law,021673,"Stephan,Paul",1,19875,School of Law,3.49,20,0,5,3,9,3,0,0,0,0,0
2022 Fall,LAW,7035,Foreign Relations Law,021783,"Eichensehr,Kristen",1,20576,School of Law,3.54,25,0,6,5,13,1,0,0,0,0,0
2022 Fall,MAE,3230,Thermal Fluids Laboratory,045222,"Smith,Natasha",002,17032,Engineering & Applied Science,3.90,21,3,13,4,0,1,0,0,0,0,0
2022 Fall,CHEM,2311,Org Chem Lab I Non Chem Major,043154,"Chruma,Jason",020,13704,College & Graduate Arts & Sci,3.92,22,0,16,6,0,0,0,0,0,0,0
2022 Fall,CE,6500,Special Topics in CE,004607,"Gomez,Jose",601,20117,Engineering & Applied Science,4.00,5,3,2,0,0,0,0,0,0,0,0
2022 Fall,ASTR,2110,Intro to Astrophysics I,003064,"Skrutskie,Michael",100,10336,College & Graduate Arts & Sci,3.36,32,0,4,10,4,12,2,0,0,0,0
2022 Fall,ANTH,3010,Theory & History Anthropology,000708,"Roy,Sayantan Saha",002,18372,College & Graduate Arts & Sci,3.65,25,0,7,11,5,2,0,0,0,0,0
2022 Fall,LASE,2510,Topics in the Liberal Arts,046450,"Gleek,Charlie",006,20915,College & Graduate Arts & Sci,3.78,24,3,14,3,1,2,0,1,0,0,0
2022 Fall,BME,2102,Physiology II,004060,"Barker,Shannon",001,16872,Engineering & Applied Science,3.95,72,46,18,6,1,1,0,0,0,0,0
2022 Fall,EDLF,7404,Qualitative Analysis,009730,"Heinecke,Walter",001,14794,School of Education and HumanDev,3.90,10,0,8,1,1,0,0,0,0,0,0
2022 Fall,SPAN,2010,Intermediate Spanish,035853,"Richey,Matthew",003,10825,College & Graduate Arts & Sci,3.84,17,1,8,7,1,0,0,0,0,0,0
2022 Fall,ENWR,1510,Writing and Critical Inquiry,013432,"Thompson,Natalie",036,10886,College & Graduate Arts & Sci,3.91,18,4,10,3,1,0,0,0,0,0,0
2022 Fall,MATH,1190,A Survey of Calc I w Algebra,023387,"Phillips,Donnelly",300,21278,College & Graduate Arts & Sci,3.11,16,0,4,2,2,1,3,2,2,0,0
2022 Fall,EVSC,4230,Marine Environmnts & Organisms,013936,"Smith,David",001,10483,College & Graduate Arts & Sci,3.25,21,1,4,3,4,4,2,2,1,0,0
2022 Fall,EDIS,3013,Positive Behavior in ECE,045468,"Clayback,Kelsey",500,17795,School of Education and HumanDev,3.67,20,7,8,0,1,3,0,0,0,0,1
2022 Fall,ASTR,5340,Introductory Radio Astronomy,003103,"Braatz,James",001,17797,College & Graduate Arts & Sci,3.24,7,1,1,0,0,4,1,0,0,0,0
2022 Fall,PHYS,7010,Theoretical Mechanics I,030887,"Heeck,Julian",001,10730,College & Graduate Arts & Sci,3.63,23,5,6,5,2,3,2,0,0,0,0
2022 Fall,GNUR,5110,History and Race,045616,"Tobbell,Dominique",001,20228,School of Nursing,3.71,7,0,4,1,1,1,0,0,0,0,0
2022 Fall,ASL,1010,Elem Amer Sign Language I,002999,"Propp,Gregory",001,10845,College & Graduate Arts & Sci,3.50,16,0,4,4,5,2,1,0,0,0,0
2022 Fall,FREN,3585,Topics in Cultural Studies,014370,"Krueger,Cheryl",001,17807,College & Graduate Arts & Sci,3.89,16,1,12,1,2,0,0,0,0,0,0
2022 Fall,EVGE,5840,Sediment Processes & Environmt,013764,"Wiberg,Patricia",001,19734,College & Graduate Arts & Sci,3.56,9,0,5,1,1,1,0,0,1,0,0
2022 Fall,LAW,6000,Civil Procedure,021550,"Rutherglen,George",FG,19854,School of Law,3.40,63,0,10,16,18,15,3,1,0,0,0
2022 Fall,CS,2120,Discrete Math and Theory 1,046227,"Orrico,Elizabeth",001,17009,Engineering & Applied Science,3.74,131,1,82,20,13,9,4,0,1,0,1
2022 Fall,HEBR,2010,Intermediate Modern Hebrew I,017986,"Gilboa,Zvi",001,11644,College & Graduate Arts & Sci,3.98,13,1,11,1,0,0,0,0,0,0,0
2022 Fall,STS,4500,STS and Engineering Practice,036749,"Norton,Peter",002,15652,Engineering & Applied Science,3.80,25,0,15,5,5,0,0,0,0,0,0
2022 Fall,MATH,2310,Calculus III,023024,"Olsen,William",300,10611,College & Graduate Arts & Sci,3.06,12,0,3,1,1,3,1,0,3,0,0
2022 Fall,BIOL,4270,Animal Behavior Laboratory,003614,"Cole,James",001,14034,College & Graduate Arts & Sci,4.00,18,2,16,0,0,0,0,0,0,0,0
2022 Fall,PHYS,2419,Intro Physics 2 Workshop,031079,"Chen,Gene",004,10715,College & Graduate Arts & Sci,3.18,20,0,0,2,10,5,3,0,0,0,0
2022 Fall,MDST,2508,Topics in Media Practice,044925,"Clay,Anna",001,12441,College & Graduate Arts & Sci,3.75,10,0,5,4,0,0,1,0,0,0,0
2022 Fall,LAW,8015,Partnership Tax,021760,"Yale,Ethan",1,19827,School of Law,3.50,20,0,7,5,5,2,0,0,0,0,1
2022 Fall,PHYS,3650,Quantum Physics I,030871,"Arnold,Peter",001,10728,College & Graduate Arts & Sci,3.34,34,2,7,4,8,6,6,0,1,0,0
2022 Fall,PHYS,2030,Princip of Physics 1 Workshop,030811,"Watkins,Dima",001,10904,College & Graduate Arts & Sci,3.51,23,0,5,8,4,6,0,0,0,0,0
2022 Fall,CHE,6615,Advanced Thermodynamics,005511,"Choi,Joshua",600,17048,Engineering & Applied Science,3.41,8,0,2,2,3,0,0,0,1,0,0
2022 Fall,ENGL,2506,Studies in Poetry,012488,"Loeb,Hannah",004,20888,College & Graduate Arts & Sci,3.79,17,0,10,4,2,1,0,0,0,0,0
2022 Fall,DRAM,2020,Acting I,007200,"Clifford,John",001,12309,College & Graduate Arts & Sci,3.95,12,0,10,2,0,0,0,0,0,0,0
2022 Fall,LAW,6007,Torts,021571,"Cope,Kevin",B,19837,School of Law,3.40,32,0,5,7,12,6,2,0,0,0,0
2022 Fall,ARH,5500,Sel Top: Architectural History,037378,"Putalik,Erin",001,20040,School of Architecture,3.88,5,0,3,2,0,0,0,0,0,0,0
2022 Fall,MATH,1210,A survey of Calculus I,022944,"Kurtz,Brianna",300,10582,College & Graduate Arts & Sci,3.46,34,0,13,5,8,4,0,3,1,0,0
2022 Fall,MATH,2310,Calculus III,023024,"Uraltsev,Gennady",100,10610,College & Graduate Arts & Sci,3.44,26,0,9,6,4,3,2,0,1,1,0
2022 Fall,APMA,3100,Probability,001152,"Shen,Cong",001,15542,Engineering & Applied Science,3.32,31,0,7,8,5,9,0,0,0,1,1
2022 Fall,LAW,7197,Taboo Trades,046383,"Krawiec,Kimberly",1,20691,School of Law,3.41,11,0,0,3,8,0,0,0,0,0,0
2022 Fall,SPAN,3010,Grammar and Composition I,035893,"Poveda,Esther",002,10830,College & Graduate Arts & Sci,3.62,16,1,5,4,4,2,0,0,0,0,0
2022 Fall,LAW,6002,Contracts,021553,"Harrison,John",BE,19749,School of Law,3.40,70,0,6,16,36,11,1,0,0,0,0
2022 Fall,JAPN,3010,Third-Year Japanese I,020746,"Kawai,Mieko",001,10561,College & Graduate Arts & Sci,3.70,13,0,7,3,1,1,1,0,0,0,0
2022 Fall,ITAL,2010,Intermediate Italian I,020567,"Annunziato,Sarah",005,19558,College & Graduate Arts & Sci,3.66,13,0,6,2,4,1,0,0,0,0,0
2022 Fall,KINE,5740,Assess & Interven of Injury II,044714,"Cross,Kevin",1,15305,School of Education and HumanDev,3.41,21,0,3,8,3,4,3,0,0,0,0
2022 Fall,EGMT,1520,Empirical Engagement,044513,"Kucenas,Sarah",201,17913,College & Graduate Arts & Sci,3.89,36,0,25,9,2,0,0,0,0,0,0
2022 Fall,PLIR,4500,Special Topics,031830,"Lynch,Allen",001,17793,College & Graduate Arts & Sci,3.85,15,3,6,5,1,0,0,0,0,0,0
2022 Fall,PHYS,3310,Statistical Physics,030862,"Poon,Joseph",001,10726,College & Graduate Arts & Sci,3.27,40,3,9,6,6,7,3,1,3,2,0
2022 Fall,SPAN,1060,Accelerated Elementary Spanish,035820,"Segura,Eliud Encarnacion",002,10818,College & Graduate Arts & Sci,3.62,10,0,2,6,0,2,0,0,0,0,0
2022 Fall,CS,4501,Spec Top: Computer Science,006942,"Davidson,Jack",003,16819,Engineering & Applied Science,3.49,39,0,12,13,3,5,5,0,0,1,0
2022 Fall,ACCT,5110,Intermediate Accounting I,045932,"Hutton,Leon",701,20703,Continuing & Prof Studies,3.65,24,0,13,3,5,2,0,0,1,0,0
2022 Fall,CS,4501,Spec Top: Computer Science,006942,"Wang,Hongning",008,20055,Engineering & Applied Science,3.98,19,17,1,1,0,0,0,0,0,0,0
2022 Fall,LAW,6000,Civil Procedure,021550,"Mitchell,Paul",E,19746,School of Law,3.40,31,0,2,7,18,4,0,0,0,0,0
2022 Fall,PHYS,2419,Intro Physics 2 Workshop,031079,"Ahuja,Sonakshi",001,10712,College & Graduate Arts & Sci,3.41,19,0,0,6,12,1,0,0,0,0,0
2022 Fall,EGMT,1530,Engaging Differences,044514,"Kuin,Inger Neeltje Irene",103,12271,College & Graduate Arts & Sci,3.92,36,5,25,4,1,1,0,0,0,0,0
2022 Fall,LAW,9213,Compar Gender Equality,042812,"Versteeg,Emiliana",1,20896,School of Law,3.43,12,0,1,3,7,1,0,0,0,0,0
2022 Fall,RUSS,1010,First-Year Russian I,034614,"Borovskaya-Ellis,Anna",002,10781,College & Graduate Arts & Sci,3.95,20,0,17,3,0,0,0,0,0,0,0
2022 Fall,ASL,2010,Intermed Amer Sign Language I,003001,"Eshgi,Maher",002,10847,College & Graduate Arts & Sci,3.39,15,0,5,2,4,1,1,2,0,0,0
2022 Fall,EDLF,3491,Inequality in US Social Policy,046703,"Bell,Bethany",1,19650,School of Education and HumanDev,4.00,13,9,4,0,0,0,0,0,0,0,0
2022 Fall,SATR,3000,Wmn Wrtng in Ind&Pak: '47-pres,034856,"Farooqi,Mehr",001,17805,College & Graduate Arts & Sci,3.78,17,0,7,9,0,1,0,0,0,0,0
2022 Fall,KINE,4000,Practicum in Kinesiology,009122,"Fines,Abby",001,14947,School of Education and HumanDev,3.99,21,15,5,1,0,0,0,0,0,0,0
2022 Fall,UD,8010,Urban Design Foundation Studio,046663,"El Khafif,Mona",001,19576,School of Architecture,3.92,11,0,8,3,0,0,0,0,0,0,0
2022 Fall,MDST,3505,Diversity & Identity in Media,042979,"Goin,Keara",001,13644,College & Graduate Arts & Sci,3.93,28,0,23,4,1,0,0,0,0,0,0
2022 Fall,MISC,3010,Unit Trng & Warfighting Functn,024256,"Rademacher,Isaac",001,17648,Executive VP & Provost,4.00,16,7,9,0,0,0,0,0,0,0,0
2022 Fall,LPPP,3255,Comparative Policy History,042165,"Johannessen,Peter",002,17249,Batten Leadership & Public Pol,3.77,44,9,12,16,5,2,0,0,0,0,0
2022 Fall,ENWR,1510,Writing and Critical Inquiry,013432,"Preslar,Kaylin",033,10883,College & Graduate Arts & Sci,4.00,18,2,16,0,0,0,0,0,0,0,0
2022 Fall,DS,6002,Ethics of Big Data I,043459,"Cummings,Lauren Rene",001,17696,School of Data Science,3.97,60,35,21,2,2,0,0,0,0,0,0
2022 Fall,DS,3001,Foundations of ML,045203,"Wright,Brian",002,17697,School of Data Science,3.84,50,0,39,4,3,3,0,1,0,0,0
2022 Fall,BIOL,4045,Neurodegenerative Diseases,046686,"Bloom,George",001,19578,College & Graduate Arts & Sci,3.75,25,0,11,9,5,0,0,0,0,0,0
2022 Fall,EGMT,1530,Engaging Differences,044514,"Linton,Marcy",211,17947,College & Graduate Arts & Sci,3.97,35,0,32,3,0,0,0,0,0,0,0
2022 Fall,ENWR,1510,Writing and Critical Inquiry,013432,"Maunsell,Matthias",015,10868,College & Graduate Arts & Sci,3.80,18,0,6,12,0,0,0,0,0,0,0
2022 Fall,LPPP,3255,Comparative Policy History,042165,"Johannessen,Peter",001,17245,Batten Leadership & Public Pol,3.66,34,3,6,15,10,0,0,0,0,0,0
2022 Fall,SPAN,3020,Grammar and Composition II,035894,"Silva,Sergio",001,10833,College & Graduate Arts & Sci,3.96,16,4,10,2,0,0,0,0,0,0,0
2022 Fall,EGMT,1520,Empirical Engagement,044513,"McBrien,Justin",212,17929,College & Graduate Arts & Sci,4.00,33,3,30,0,0,0,0,0,0,0,0
2022 Fall,COLA,1500,College Advising Seminars,006376,"Kubik,Marianne",001,10958,College & Graduate Arts & Sci,3.94,15,3,9,3,0,0,0,0,0,0,0
2022 Fall,GNUR,6058,"Nursng, Ethics & Hthcare Arena",016894,"Hurst,Ashley",001,17328,School of Nursing,3.90,50,0,34,15,1,0,0,0,0,0,0
2022 Fall,PST,4850,PST Core Seminar I,032367,"Reed,Isaac",001,10920,College & Graduate Arts & Sci,3.93,21,5,11,5,0,0,0,0,0,0,0
2022 Fall,GNUR,6031,Transition to Adv Practice,016923,"Blair,Ann McQueen",001,17329,School of Nursing,4.00,32,17,15,0,0,0,0,0,0,0,0
2022 Fall,AMST,3323,Hemispheric Latinx Lit&Culture,044626,"Lamas,Carmen",001,18507,College & Graduate Arts & Sci,3.97,19,1,16,2,0,0,0,0,0,0,0
2022 Fall,ALAR,5401,Urban Analysis,045863,"Fard,Ali",001,20173,School of Architecture,3.70,15,0,4,8,3,0,0,0,0,0,0
2022 Fall,LAW,6003,Criminal Law,021556,"Jeffries,John",AB,19752,School of Law,3.34,63,0,6,15,24,11,7,0,0,0,0
2022 Fall,LAW,6007,Torts,021571,"Armacost,Barbara",AJ,19758,School of Law,3.39,63,0,6,17,25,12,3,0,0,0,0
2022 Fall,LAW,7019,Criminal Investigation,021639,"Coughlin,Anne",1,19846,School of Law,3.53,66,1,14,17,29,4,0,0,1,0,0
2022 Fall,KINE,3410,Exercise Physiology,009117,"Angadi,Siddhartha",002,14989,School of Education and HumanDev,3.33,13,0,0,8,1,1,2,0,1,0,0
2022 Fall,MAE,6080,Constitutive Modeling Biosys,022647,"Kerrigan,Jason",001,19732,Engineering & Applied Science,4.00,12,7,5,0,0,0,0,0,0,0,0
2022 Fall,LAW,7090,Regulatn of Political Process,040076,"Ross,Bertrall",1,20581,School of Law,3.50,19,1,6,2,6,3,0,0,1,0,0
2022 Fall,EDLF,6030,Student Affairs in Higher Ed,009793,"Leffers,Robert",1,14978,School of Education and HumanDev,3.88,10,0,6,4,0,0,0,0,0,0,0
2022 Fall,ECON,3110,Mathematical Microeconomics,007918,"Engers,Maxim",100,17842,College & Graduate Arts & Sci,3.61,19,1,7,3,5,3,0,0,0,0,0
2022 Fall,LAW,7779,Topics in Priv Co Acq (SC),045154,"Denison,Thomas",1,19836,School of Law,3.46,16,0,0,8,6,2,0,0,0,0,0
2022 Fall,COMM,3700,Markets and Investing,046289,"Finley,Edward",001,14755,McIntire School of Commerce,3.53,25,0,7,6,9,1,2,0,0,0,0
2022 Fall,GSVS,2150,Global Sustainability,043975,"Crisman,Phoebe",001,12484,College & Graduate Arts & Sci,3.98,43,8,32,3,0,0,0,0,0,0,0
2022 Fall,MUEN,3650,University Singers,024591,"Slon,Michael",001,10669,College & Graduate Arts & Sci,3.96,71,0,67,2,1,0,1,0,0,0,0
2022 Fall,COMM,4644,Persuasion & Influence,046711,"Allison,Kiera",001,19722,McIntire School of Commerce,3.56,21,0,6,6,6,2,1,0,0,0,0
2022 Fall,PSYC,2005,Rsch Methods & Data Analysis I,032539,"Mason,Chandra",001,10762,College & Graduate Arts & Sci,3.65,109,48,13,13,17,11,3,1,3,0,0
2022 Fall,PSYC,4640,Psychology of Emotions,046681,"Wood,Adrienne",001,19568,College & Graduate Arts & Sci,3.92,23,6,12,4,1,0,0,0,0,0,0
2022 Fall,LPPL,7410,Psychology for Leadership,041246,"Converse,Benjamin",001,19573,Batten Leadership & Public Pol,3.67,50,0,20,15,10,5,0,0,0,0,0
2022 Fall,CJ,3125,Applying Drug Enf Strategies,046792,"Highsmith,James",01,21714,Continuing & Prof Studies,3.57,10,0,4,2,2,1,1,0,0,0,0
2022 Fall,EDLF,7300,Foundations of Ed Research,009717,"Grammer,Jennie",001,15106,School of Education and HumanDev,3.91,22,18,3,0,0,0,0,0,1,0,0
2022 Fall,EDIS,5011,Classroom Management,043584,"Cook,Lysandra",001,15435,School of Education and HumanDev,4.00,23,7,16,0,0,0,0,0,0,0,0
2022 Fall,COMM,3020,Behavior Issues in Mktg & Mgmt,006454,"Davis,Derick Francis",004,14640,McIntire School of Commerce,3.59,43,0,8,19,13,3,0,0,0,0,0
2022 Fall,APMA,3080,Linear Algebra,001151,"Li,Meiqin",005,16848,Engineering & Applied Science,3.67,28,8,9,2,3,4,2,0,0,0,0
2022 Fall,CHEM,1411,Intro College Chem I Lab,005986,"Morkowchuk,Lisa",034,10987,College & Graduate Arts & Sci,3.83,17,11,1,4,0,0,0,1,0,0,0
2022 Fall,ASL,2010,Intermed Amer Sign Language I,003001,"Eshgi,Maher",001,10848,College & Graduate Arts & Sci,3.25,11,0,1,3,2,4,0,0,1,0,0
2022 Fall,EDIS,4040,Intro Psychoeducational Assess,044991,"Ratliff-Black,Marie",1,15126,School of Education and HumanDev,3.71,15,5,8,1,0,0,0,0,0,0,1
2022 Fall,CS,4630,Defense Against the Dark Arts,038715,"Hassan,Wajih Ul",001,19555,Engineering & Applied Science,3.48,34,5,10,8,1,2,5,1,1,1,0
2022 Fall,MDST,3410,Media Ethics,023520,"Wright,Allison",001,19739,College & Graduate Arts & Sci,3.92,28,19,8,0,0,0,0,0,0,1,0
2022 Fall,SPAN,2010,Intermediate Spanish,035853,"Colon,Daniel",004,10822,College & Graduate Arts & Sci,3.66,19,0,6,8,3,2,0,0,0,0,0
2022 Fall,AMST,4462,Harlem Stories,043497,"Shukla,Sandhya",001,21171,College & Graduate Arts & Sci,3.33,12,0,7,0,0,2,0,0,3,0,0
2022 Fall,LPPL,3210,Behavioral Sci:Civic Leadershp,042166,"Chou,Eileen",001,17232,Batten Leadership & Public Pol,3.72,69,0,30,24,10,4,1,0,0,0,0
2022 Fall,LASE,2515,A&S Skills AcceleratorCatalyst,046611,"Patterson,Brenda",003,17718,College & Graduate Arts & Sci,3.74,12,2,3,6,0,0,1,0,0,0,0
2022 Fall,SPAN,2020,Advanced Intermediate Spanish,035854,"Valverde,Fernando",027,21147,College & Graduate Arts & Sci,3.76,16,0,7,7,1,1,0,0,0,0,0
2022 Fall,LPPP,6500,Topics in Public Policy,041388,"Felder,Adam",007,17291,Batten Leadership & Public Pol,3.96,21,0,18,3,0,0,0,0,0,0,0
2022 Fall,MISC,1010,"Leadrshp, Army & Crit Thinking",024240,"Rademacher,Isaac",001,17644,Executive VP & Provost,4.00,13,8,5,0,0,0,0,0,0,0,0
2022 Fall,RELG,7130,American Spirituality,044074,"Hedstrom,Matthew",001,18038,College & Graduate Arts & Sci,3.86,10,0,8,0,2,0,0,0,0,0,0
2022 Fall,PSYC,3310,RM: R Applications in Psych,045373,"Meyer,M. Joseph",001,12849,College & Graduate Arts & Sci,3.94,46,28,14,2,1,0,1,0,0,0,0
2022 Fall,SOC,2820,Sociology of Ignorance,046732,"Mullins,Ian",001,20580,College & Graduate Arts & Sci,3.98,32,4,27,0,1,0,0,0,0,0,0
2022 Fall,LPPS,6320,Elections and Policy,046724,"Martin,Paul",001,20226,Batten Leadership & Public Pol,3.93,9,0,7,2,0,0,0,0,0,0,0
2022 Fall,CJ,5720,Seminar in Managing LE Image,043266,"White,Kenneth D",03,21699,Continuing & Prof Studies,4.00,20,14,6,0,0,0,0,0,0,0,0
2022 Fall,SPAN,3300,Texts and Interpretation,035904,"Sprague,Paula",008,20938,College & Graduate Arts & Sci,3.94,10,0,8,2,0,0,0,0,0,0,0
2022 Fall,LPPA,6100,Economics of Public Policy I,032139,"Mbiti,Isaac",200,17214,Batten Leadership & Public Pol,3.64,38,0,15,11,6,6,0,0,0,0,0
2022 Fall,LPPA,6150,Res Methods & Data Analysis I,032141,"Wu,Derek",100,17220,Batten Leadership & Public Pol,3.55,49,0,17,8,16,7,1,0,0,0,0
2022 Fall,LAW,9034,Transactional Approach to M&A,040041,"Lyons,Peter",1,20344,School of Law,3.51,11,0,3,2,4,2,0,0,0,0,0
2022 Fall,LPPL,7025,Values-Based Leadership,042195,"Adams,Gabrielle",001,17275,Batten Leadership & Public Pol,3.72,43,1,15,18,8,1,0,0,0,0,0
2022 Fall,NUCO,2210,Foundations of Nursing CARE,043099,"Johnson,Lee",002,17411,School of Nursing,3.93,29,0,22,7,0,0,0,0,0,0,0
2022 Fall,USEM,1570,University Seminar,037196,"Boitnott,Amy",003,17687,Executive VP & Provost,4.00,18,14,4,0,0,0,0,0,0,0,0
2022 Fall,PLAN,5621,Informal Urbanism,046746,"Guerra,Vanessa",001,20346,School of Architecture,3.79,10,0,3,7,0,0,0,0,0,0,0
2022 Fall,MDST,3704,Games and Play,044889,"Williams,Tyler",001,20964,College & Graduate Arts & Sci,3.74,17,0,5,10,2,0,0,0,0,0,0
2022 Fall,GBAC,7206,Leadership I,045279,"Carfagno,Kerrie",001,21004,McIntire Darden Grad Business,3.52,57,0,6,28,17,4,1,1,0,0,0
2022 Fall,EGMT,1510,Engaging Aesthetics,044512,"Dobryden,Paul",205,12647,College & Graduate Arts & Sci,3.85,34,0,21,11,1,1,0,0,0,0,0
2022 Fall,LASE,3510,Topics in the Liberal Arts,046610,"Flood,David",001,17712,College & Graduate Arts & Sci,3.82,18,2,10,3,2,1,0,0,0,0,0
2022 Fall,RELC,3790,Augustine of Hippo,034017,"Hart,Kevin",101,18037,College & Graduate Arts & Sci,3.84,10,0,6,3,1,0,0,0,0,0,0
2022 Fall,LAW,7765,European Data Protection (SC),044460,"Audit,Pierre-Emmanuel Jean Marie",1,21017,School of Law,3.46,10,0,2,2,4,2,0,0,0,0,0
2022 Fall,LAW,9337,Adv Top in Fed Courts,045980,"RE,RICHARD",1,19990,School of Law,3.78,8,0,2,6,0,0,0,0,0,0,0
2022 Fall,MAE,2100,Thermodynamics,022573,"Chelliah,Harsha",001,18982,Engineering & Applied Science,3.47,43,2,13,8,9,3,7,0,1,0,0
2022 Fall,AAS,2657,"Routes, Writing, Reggae",044899,"Hamilton,Njelle",001,19009,College & Graduate Arts & Sci,3.88,14,6,5,1,2,0,0,0,0,0,0
2022 Fall,LAW,9015,Franchise Law,022334,"Dienelt,John",1,20274,School of Law,3.42,5,0,0,3,1,0,1,0,0,0,0
2022 Fall,AAS,3559,New Course: AAS,038532,"Wade,Ashleigh",001,20991,College & Graduate Arts & Sci,3.74,10,0,7,2,0,0,0,0,1,0,0
2022 Fall,PSYC,5332,Quantified Cognition,045688,"Sederberg,Per",001,18815,College & Graduate Arts & Sci,3.83,23,3,9,10,0,1,0,0,0,0,0
2022 Fall,MSE,6120,Characterization of Materials,037554,"Fitz-Gerald,James",001,18907,Engineering & Applied Science,4.00,31,4,27,0,0,0,0,0,0,0,0
2022 Fall,MATH,1220,A Survey of Calculus II,022945,"Dimou,Evangelos",600,18762,College & Graduate Arts & Sci,3.44,30,0,12,1,8,8,0,0,0,0,1
2022 Fall,SPAN,2010,Intermediate Spanish,035853,"Wellbeloved,Elizabeth A.",501,17880,College & Graduate Arts & Sci,3.84,10,0,6,3,1,0,0,0,0,0,0
2022 Fall,ENGL,3220,The Seventeenth Century,012899,"Rush,Rebecca",001,18282,College & Graduate Arts & Sci,3.72,19,0,5,12,1,1,0,0,0,0,0
2022 Fall,LAW,7087,Sports Law,021751,"Levine,Sarah",1,20922,School of Law,3.42,18,0,3,4,7,3,1,0,0,0,0
2022 Fall,ENCW,2300,Poetry Writing,013450,"Baban,Hajjar",007,18737,College & Graduate Arts & Sci,3.93,14,0,12,1,1,0,0,0,0,0,0
2022 Fall,LPPP,2200,Introduction to Public Policy,042084,"Johannessen,Peter",100,17222,Batten Leadership & Public Pol,3.64,191,16,29,98,33,12,2,1,0,0,0
2022 Fall,GNUR,6010,Advanced Pathophysiology,016929,"Quatrara,Beth",001,17330,School of Nursing,3.73,51,4,20,17,6,3,1,0,0,0,0
2022 Fall,LAW,7026,Sports and Games,021776,"RE,RICHARD",1,20597,School of Law,3.52,41,0,1,22,17,1,0,0,0,0,0
2022 Fall,LPPS,3340,H4D:Defense Innovatn&PrblmSolv,045490,"Robinson,John",001,17282,Batten Leadership & Public Pol,3.58,27,0,6,10,9,2,0,0,0,0,0
2022 Fall,ARH,5201,Art and Architecture of Venice,043368,"Shenouda,Monica",001,20170,School of Architecture,3.38,16,1,3,6,3,2,0,0,0,0,1
2022 Fall,ENWR,1510,Writing and Critical Inquiry,013432,"Cavens,Derek",081,20772,College & Graduate Arts & Sci,3.65,17,0,6,6,3,2,0,0,0,0,0
2022 Fall,PLAP,3310,American Presidency,031568,"Milkis,Sidney",001,17744,College & Graduate Arts & Sci,3.45,27,0,5,8,7,5,2,0,0,0,0
2022 Fall,ENWR,2520,Special Topics in Writing,013448,"Natishan,Kate",007,20880,College & Graduate Arts & Sci,3.94,16,4,10,1,1,0,0,0,0,0,0
2022 Fall,ARH,5613,Gaudi's Legacy,044590,"Bailo Esteve,Manuel",501,17977,School of Architecture,3.90,14,10,2,0,2,0,0,0,0,0,0
2022 Fall,HIEU,3312,"Europe at War, 1939-45",046089,"Hitchcock,William",100,18182,College & Graduate Arts & Sci,3.78,113,23,45,28,9,4,3,0,0,1,0
2022 Fall,LPPP,3620,Engaging Policy Communities,046654,"Martin,Paul",001,18898,Batten Leadership & Public Pol,3.72,45,0,13,25,7,0,0,0,0,0,0
2022 Fall,LAW,7639,Chinese Law (SC),040166,"Gounaris,Nestor",1,20998,School of Law,3.49,16,0,4,3,8,0,0,1,0,0,0
2022 Fall,JPTR,3210,The Tale of Genji,020823,"Heldt,Gustav",001,17980,College & Graduate Arts & Sci,3.28,11,0,3,4,2,0,1,0,0,0,1
2022 Fall,ENGL,2506,Studies in Poetry,012488,"Sophronius,Jeddie",005,21047,College & Graduate Arts & Sci,4.00,11,6,5,0,0,0,0,0,0,0,0
2022 Fall,PSYC,4420,RM: Brain Mapping with MRI,046315,"Horn,John Van",001,14185,College & Graduate Arts & Sci,3.90,26,1,16,9,0,0,0,0,0,0,0
2022 Fall,ECON,4365,Global Financial Markets,044412,"Fostel,Ana",101,18153,College & Graduate Arts & Sci,3.70,34,5,9,12,6,1,1,0,0,0,0
2022 Fall,CS,6501,Spec Top: Computer Science,006981,"Doryab,Afsaneh",004,17083,Engineering & Applied Science,3.59,16,0,3,8,4,0,1,0,0,0,0
2022 Fall,EDIS,3015,Intro Curriculum Instr Assess,045915,"Leigh,Katie",002,19628,School of Education and HumanDev,3.97,18,0,16,2,0,0,0,0,0,0,0
2022 Fall,SPAN,3010,Grammar and Composition I,035893,"Poveda,Esther",004,12492,College & Graduate Arts & Sci,3.81,16,0,7,8,1,0,0,0,0,0,0
2022 Fall,PLAN,5611,Barcelona Urban History,044591,"Bailo Esteve,Manuel",501,17976,School of Architecture,3.84,14,4,7,1,0,2,0,0,0,0,0
2022 Fall,EVHY,5700,Forest Hydrology,013786,"Band,Lawrence",100,18035,College & Graduate Arts & Sci,3.71,10,1,3,4,1,1,0,0,0,0,0
2022 Fall,SPAN,3400,Surv Span Lt I (Mid Ages-1700),035908,"Cohn,Adam",001,12493,College & Graduate Arts & Sci,3.88,21,0,14,6,1,0,0,0,0,0,0
2022 Fall,EDLF,3220,What is Education For?,044841,"Saavedra,David",1,15464,School of Education and HumanDev,3.93,22,13,5,3,1,0,0,0,0,0,0
2022 Fall,GCNL,5210,Leadership in Healthcare Syst,015367,"Olson,Thomas",001,17325,School of Nursing,3.98,37,0,34,3,0,0,0,0,0,0,0
2022 Fall,LAW,9500,Tax Treaties & Other Intl Top,043871,"Mason,Ruth",1,19881,School of Law,3.55,15,0,1,10,2,1,1,0,0,0,0
2022 Fall,EDIS,7700,Reading Found Diverse Learners,009522,"Thacker-Gwaltney,Susan Frances",501,21009,School of Education and HumanDev,3.97,18,0,16,2,0,0,0,0,0,0,0
2022 Fall,CS,6316,Machine Learning,006975,"Zhang,Aidong",001,18809,Engineering & Applied Science,3.78,55,6,26,14,5,3,1,0,0,0,0
2022 Fall,LPPL,6050,Leadership in the Public Arena,040971,"Pennock,Andrew",100,18913,Batten Leadership & Public Pol,3.83,42,0,26,11,4,1,0,0,0,0,0
2022 Fall,MAE,4270,Experimental Robotics,046517,"Furukawa,Tomonari",001,18983,Engineering & Applied Science,3.85,14,5,6,0,3,0,0,0,0,0,0
2022 Fall,EDLF,7815,Ldshp Equity Dverse Population,046606,"White,Tinkhani Ushe",500,18814,School of Education and HumanDev,4.00,19,13,6,0,0,0,0,0,0,0,0
2022 Fall,ALAR,8100,Thesis I,000313,"Last,Nana",001,18823,School of Architecture,3.78,12,0,7,2,3,0,0,0,0,0,0
2022 Fall,PHS,7470,Mngt & Quality in HC Orgs,030390,"Bolmey,Armando",001,18399,Medical School - BIMS/PHS,4.00,26,4,22,0,0,0,0,0,0,0,0
2022 Fall,MATH,1320,Calculus II,022954,"Rolf,Jim",500,12858,College & Graduate Arts & Sci,3.68,21,2,9,3,6,0,0,1,0,0,0
2022 Fall,EGMT,1530,Engaging Differences,044514,"Levenson,Michael H",502,20349,College & Graduate Arts & Sci,3.89,17,0,11,6,0,0,0,0,0,0,0
2022 Fall,ENWR,3660,Travel Writing,044572,"Stephenson,Sarah",001,17991,College & Graduate Arts & Sci,3.59,15,0,7,2,4,1,0,1,0,0,0
2022 Fall,MATH,3354,Survey of Algebra,023084,"Qi,You",002,12865,College & Graduate Arts & Sci,3.89,15,2,9,3,1,0,0,0,0,0,0
2022 Fall,EAST,1200,East Asian Calligraphy,046736,"Zhao,Ran",001,20354,College & Graduate Arts & Sci,3.95,19,0,16,3,0,0,0,0,0,0,0
2022 Fall,GBAC,7203,Enterprise Analytics IV,045274,"Popescu,Dana",001,21001,McIntire Darden Grad Business,3.46,57,2,8,11,28,8,0,0,0,0,0
2022 Fall,ARCH,5500,Special Topics in Architecture,001621,"Aranguren,Maria Gonzalez",004,20869,School of Architecture,3.88,12,2,5,5,0,0,0,0,0,0,0
2022 Fall,CHE,3321,Trans Proc I:Momentum Trnsfr,005448,"Ford,Roseanne",001,15576,Engineering & Applied Science,3.45,34,0,12,6,4,5,7,0,0,0,0
2022 Fall,LAW,8640,Enviro and Comm Eng Clinic,042757,"Jaffe,Cale",1,19793,School of Law,3.73,8,0,2,5,1,0,0,0,0,0,0
2022 Fall,LAW,9239,BigLaw Prof (and Bus) of Law,043824,"Duncan,Robert",1,19794,School of Law,3.48,19,0,3,5,9,2,0,0,0,0,0
2022 Fall,ENGL,2599,Special Topics,012514,"Ireland,Casey",013,20895,College & Graduate Arts & Sci,3.68,18,0,10,2,4,1,1,0,0,0,0
2022 Fall,SYS,6050,Risk Analysis,036967,"Lambert,James",001,20972,Engineering & Applied Science,3.95,6,2,3,1,0,0,0,0,0,0,0
2022 Fall,ARCH,5500,Special Topics in Architecture,001621,"Goldman,Melissa",006,21257,School of Architecture,3.96,15,0,13,2,0,0,0,0,0,0,0
2022 Fall,ECE,6642,Optoelectronic Devices,007720,"Campbell,Joe",001,19045,Engineering & Applied Science,3.69,10,3,0,6,0,0,1,0,0,0,0
2022 Fall,ARTS,2000,Intro to Studio Art,045397,"Taylor,Jackson",002,12853,College & Graduate Arts & Sci,4.00,19,11,8,0,0,0,0,0,0,0,0
2022 Fall,ECON,4220,Intr Finance & Macroeconomics,007962,"Wincoop,Eric Van",001,18151,College & Graduate Arts & Sci,3.55,51,4,11,14,12,9,1,0,0,0,0
2022 Fall,PC,5060,Fed Acquisition Case Studies,029789,"Ruth,Justin",701,20768,Continuing & Prof Studies,3.39,13,0,5,4,1,2,0,0,0,0,1
2022 Fall,PC,5020,Adv Cost & Price Analysis,029785,"Eller,Thomas",701,20709,Continuing & Prof Studies,3.71,12,0,6,4,0,1,1,0,0,0,0
2022 Fall,CELL,5950,Jrnl Survey in Cell & Dev Biol,005250,"Dwyer,Noelle",001,19265,Medical School - BIMS/PHS,4.00,16,14,2,0,0,0,0,0,0,0,0
2022 Fall,NUIP,2430,Pharmacology I,043235,"Coyne,Bethany",001,18111,School of Nursing,3.57,25,0,8,9,3,3,1,1,0,0,0
2022 Fall,EDIS,6220,Assessment of Curriculum: K-12,045848,"Falls,Melanie",501,15506,School of Education and HumanDev,3.97,21,5,14,2,0,0,0,0,0,0,0
2022 Fall,GCNL,5110,Adults & Older Adults,015372,"Roberts,Sarah",001,17326,School of Nursing,3.81,37,0,17,17,3,0,0,0,0,0,0
2022 Fall,LAW,6100,Accounting/Financial Statemnts,021684,"Franks,Harry",1,19747,School of Law,3.42,29,1,5,5,10,6,2,0,0,0,0
2022 Fall,ARTH,1500,Intro Seminars in Art History,042566,"Smith,Tyler Jo",001,18837,College & Graduate Arts & Sci,3.63,14,0,4,6,2,2,0,0,0,0,0
2022 Fall,MDST,3490,Comedy & Humor Across Media,046537,"Rao,Pallavi",001,18861,College & Graduate Arts & Sci,3.87,28,0,18,9,0,1,0,0,0,0,0
2022 Fall,LPPL,6050,Leadership in the Public Arena,040971,"Pennock,Andrew",200,18914,Batten Leadership & Public Pol,3.83,41,0,26,10,3,2,0,0,0,0,0
2022 Fall,SPAN,3010,Grammar and Composition I,035893,"Cohn,Adam",007,12967,College & Graduate Arts & Sci,3.93,16,0,12,4,0,0,0,0,0,0,0
2022 Fall,MSE,6592,Topics in Material Science,024433,"Ihlefeld,Jon",001,18909,Engineering & Applied Science,3.73,6,2,1,2,0,1,0,0,0,0,0
2022 Fall,AAS,2500,Topics in Africana Studies,046413,"Pendergrass,Sabrina",001,19010,College & Graduate Arts & Sci,3.85,15,1,10,2,1,1,0,0,0,0,0
2022 Fall,PC,5050,Sem for Acquisition Personnel,029788,"McKeen,Peter",750,21244,Continuing & Prof Studies,3.95,12,1,9,2,0,0,0,0,0,0,0
2022 Fall,EDLF,8822,Decision-making in Education,043642,"Dexter,Sara",500,18723,School of Education and HumanDev,3.96,15,1,12,2,0,0,0,0,0,0,0
2022 Fall,ENGL,3900,Medical Narratives,013038,"Brickhouse,Anna",001,18742,College & Graduate Arts & Sci,4.00,24,8,16,0,0,0,0,0,0,0,0
2022 Fall,CS,2100,Data Structures and Algo 1,046225,"Horton,Tom",002,18789,Engineering & Applied Science,3.89,137,64,54,5,7,5,1,0,1,0,0
2022 Fall,STS,2500,S & T in Soc & Global Context,036734,"Berne,Rosalyn",004,18971,Engineering & Applied Science,3.40,23,0,6,3,4,10,0,0,0,0,0
2022 Fall,MAE,6870,Applied Engineering Optics,022684,"Dedic,Chloe",001,18987,Engineering & Applied Science,3.80,18,1,9,5,3,0,0,0,0,0,0
2022 Fall,GCCS,3010,"Global Commerce:Concepts,Cases",045924,"Goldblatt,Laura Emily",001,13534,College & Graduate Arts & Sci,3.63,22,0,6,10,4,1,1,0,0,0,0
2022 Fall,ASTR,1290,Black Holes,044559,"Pryal,Matthew",002,17996,College & Graduate Arts & Sci,3.76,130,27,56,30,10,1,2,1,1,0,2
2022 Fall,DS,6040,Bayesian Machine Learning,045445,"Brown,Donald E",001,17695,School of Data Science,3.76,63,10,29,12,4,6,2,0,0,0,0
2022 Fall,SPAN,3300,Texts and Interpretation,035904,"Sprague,Paula",006,13437,College & Graduate Arts & Sci,3.98,15,1,13,1,0,0,0,0,0,0,0
2022 Fall,PHYS,2030,Princip of Physics 1 Workshop,030811,"Sousa,Gabriel Lucas Andrade de",009,10911,College & Graduate Arts & Sci,3.27,23,0,2,10,2,3,3,2,1,0,0
2022 Fall,EGMT,1540,Ethical Engagement,044515,"Goldblatt,Laura",202,12348,College & Graduate Arts & Sci,3.85,32,3,16,11,2,0,0,0,0,0,0
2022 Fall,CHE,4450,Energy Science & Technologies,043220,"Epling,William",001,16846,Engineering & Applied Science,3.83,16,0,12,1,2,1,0,0,0,0,0
2022 Fall,ECON,4559,New Course: ECON,038667,"Sekhri,Sheetal",200,21290,College & Graduate Arts & Sci,3.62,28,1,9,8,7,2,1,0,0,0,0
2022 Fall,COMM,4680,Entrepreneurship,006531,"Ransler,Charles",001,14662,McIntire School of Commerce,3.87,32,0,19,12,1,0,0,0,0,0,0
2022 Fall,LPPA,3640,Resrch Methods & Data Analysis,042161,"Myung,Noah",300,18572,Batten Leadership & Public Pol,3.69,50,1,26,9,7,5,1,1,0,0,0
2022 Fall,GCNL,5020,Principles of Pharmacology,042836,"Epstein,Beth",001,17374,School of Nursing,3.65,37,0,13,14,7,2,0,1,0,0,0
2022 Fall,MATH,1220,A Survey of Calculus II,022945,"Cernekova,Kristina",700,18763,College & Graduate Arts & Sci,3.28,13,0,4,1,3,3,0,1,0,1,0
2022 Fall,MATH,1220,A Survey of Calculus II,022945,"Cernekova,Kristina",800,18764,College & Graduate Arts & Sci,3.43,27,1,7,5,4,6,4,0,0,0,0
2022 Fall,MATH,2310,Calculus III,023024,"Uraltsev,Gennady",200,18769,College & Graduate Arts & Sci,3.64,17,4,2,6,3,1,1,0,0,0,0
2022 Fall,APMA,3100,Probability,001152,"Hellings,Christian",004,16849,Engineering & Applied Science,3.46,27,3,3,9,6,4,1,0,0,1,0
2022 Fall,PLPT,4500,Special Topics,031937,"Zaffini,Sarita",005,18872,College & Graduate Arts & Sci,3.73,13,0,5,6,1,1,0,0,0,0,0
2022 Fall,MATH,1320,Calculus II,022954,"Rolf,Jim",600,12860,College & Graduate Arts & Sci,3.38,17,0,5,4,3,1,2,1,1,0,0
2022 Fall,DS,6040,Bayesian Machine Learning,045445,"Basener,William F",002,20953,School of Data Science,3.71,37,25,6,1,2,0,0,0,0,0,3
2022 Fall,DS,6050,Deep Learning,046347,"Adewole,Sodiq Opeyemi",001,20954,School of Data Science,3.92,54,18,27,7,1,0,0,1,0,0,0
2022 Fall,PLAP,4450,Virginia Elections & Politics,031615,"Kromkowski,Charles",001,17756,College & Graduate Arts & Sci,3.44,10,0,2,4,2,1,0,0,1,0,0
2022 Fall,CHEM,1411,Intro College Chem I Lab,005986,"Morkowchuk,Lisa",065,13345,College & Graduate Arts & Sci,3.97,23,18,3,2,0,0,0,0,0,0,0
2022 Fall,ANTH,2590,Social & Cultural Anthropology,041001,"Zafar,Uzma",001,18938,College & Graduate Arts & Sci,3.58,27,4,10,5,5,1,1,0,0,0,1
2022 Fall,ALAR,5201,Building and Landscape Systems,045864,"Sherman,William",001,20169,School of Architecture,3.61,15,2,4,4,1,4,0,0,0,0,0
2022 Fall,EGMT,1520,Empirical Engagement,044513,"Stern,Jessie",211,17928,College & Graduate Arts & Sci,3.87,34,20,8,4,0,1,0,0,0,1,0
2022 Fall,MDST,2200,Introduction to Film,040732,"Marshall,Matthew",001,12816,College & Graduate Arts & Sci,3.96,234,33,187,6,5,3,0,0,0,0,0
2022 Fall,BME,4414,Biomaterials,004075,"Griffin,Donald",001,15644,Engineering & Applied Science,3.69,40,0,17,13,5,5,0,0,0,0,0
2022 Fall,RELG,2300,Religious Ethics & Moral Probs,034161,"Mathewes,Charles",100,18046,College & Graduate Arts & Sci,3.73,29,5,8,11,2,3,0,0,0,0,0
2022 Fall,MATH,7410,Functional Analysis I,023228,"Hayes,Benjamin",001,18775,College & Graduate Arts & Sci,3.77,7,4,1,1,0,0,1,0,0,0,0
2022 Fall,CS,4501,Spec Top: Computer Science,006942,"Elbaum,Sebastian",005,18805,Engineering & Applied Science,3.64,28,6,9,5,1,4,3,0,0,0,0
2022 Fall,NUCO,2330,Health Assessment,029379,"Hallowell,Sara",001,17377,School of Nursing,3.94,88,0,73,14,1,0,0,0,0,0,0
2022 Fall,LPPL,4660,Value & Bias in Public Policy,042085,"Trawalter,Sophie",002,17302,Batten Leadership & Public Pol,3.60,43,0,10,16,15,2,0,0,0,0,0
2022 Fall,BME,6310,Computation & Modeling in BME,004127,"Meyer,Craig",001,15647,Engineering & Applied Science,3.60,25,5,8,4,2,4,1,0,1,0,0
2022 Fall,HIAF,1501,Intro Sem in African History,018130,"Fleur,James La",001,18084,College & Graduate Arts & Sci,3.78,13,0,8,3,1,0,1,0,0,0,0
2022 Fall,BIMS,8382,Practical Biomed Statistics II,044058,"Jones,Marieke",001,20819,Medical School - BIMS/PHS,3.84,16,5,6,3,1,1,0,0,0,0,0
2022 Fall,ARTH,1559,New Course in ARTH,043045,"Fiorani,Francesca",100,18844,College & Graduate Arts & Sci,3.60,42,0,14,15,7,3,2,0,1,0,0
2022 Fall,FREN,3048,Filmmaking in French,046641,"Dia,Mamadou",001,19032,College & Graduate Arts & Sci,3.95,12,0,10,2,0,0,0,0,0,0,0
2022 Fall,ENWR,1510,Writing and Critical Inquiry,013432,"pardes,Gahl Pratt",038,11005,College & Graduate Arts & Sci,3.79,17,0,8,7,2,0,0,0,0,0,0
2022 Fall,AMST,2559,New Course: AMST,038535,"Proenza-Coles,Christina",002,21054,College & Graduate Arts & Sci,3.52,22,0,10,5,2,2,1,0,1,1,0
2022 Fall,MAE,6100,Thermomechanics,022648,"Esfarjani,Keivan",001,16838,Engineering & Applied Science,3.61,14,3,3,4,1,1,2,0,0,0,0
2022 Fall,ARTS,2000,Intro to Studio Art,045397,"Hogg,Anna",004,12855,College & Graduate Arts & Sci,3.81,18,7,6,1,3,1,0,0,0,0,0
2022 Fall,RELC,2245,Global Christianity,040767,"Henry,James",100,12475,College & Graduate Arts & Sci,3.83,50,0,31,14,4,0,1,0,0,0,0
2022 Fall,SYS,6060,Autonomous Mobile Robots,046716,"Bezzo,Nicola",001,20056,Engineering & Applied Science,3.56,5,0,1,3,0,0,1,0,0,0,0
2022 Fall,LAW,6003,Criminal Law,021556,"Stevenson,Megan",CF,19753,School of Law,3.40,62,0,4,19,25,14,0,0,0,0,0
2022 Fall,STAT,1601,Intro Data Science with R,045055,"Afriyie,Prince",003,12645,College & Graduate Arts & Sci,3.54,81,5,20,29,8,10,7,1,1,0,0
2022 Fall,EGMT,1520,Empirical Engagement,044513,"Maloni,Sara",210,17927,College & Graduate Arts & Sci,3.96,34,20,10,4,0,0,0,0,0,0,0
2022 Fall,KINE,3400,Nutrition,009128,"Kranz,Sibylle",2,15249,School of Education and HumanDev,3.96,133,92,32,3,5,1,0,0,0,0,0
2022 Fall,BIOL,4270,Animal Behavior Laboratory,003614,"Cole,James",002,14192,College & Graduate Arts & Sci,4.00,17,3,14,0,0,0,0,0,0,0,0
2022 Fall,RELB,2054,Tibetan Buddhism Introduction,033840,"Schaeffer,Kurtis",100,18065,College & Graduate Arts & Sci,3.86,267,111,103,32,6,6,5,1,1,0,2
2022 Fall,GNUR,5270,Care Environment Management II,016899,"Ridge,Richard",001,17354,School of Nursing,3.92,52,4,34,14,0,0,0,0,0,0,0
2022 Fall,LPPL,7410,Psychology for Leadership,041246,"Converse,Benjamin",002,19574,Batten Leadership & Public Pol,3.64,42,0,16,11,10,5,0,0,0,0,0
2022 Fall,PHIL,2500,Survey on a PhilosophicalTopic,043637,"Harris,Kimberly",300,18582,College & Graduate Arts & Sci,3.76,11,4,4,1,0,1,1,0,0,0,0
2022 Fall,NUIP,4430,Intro Stats in Hlth Care Res,042514,"Toll,Crystal",002,17450,School of Nursing,3.71,15,1,8,2,1,3,0,0,0,0,0
2022 Fall,DRAM,3730,Screenwriting,007238,"Grissom,Doug",001,12823,College & Graduate Arts & Sci,3.87,10,0,8,1,0,1,0,0,0,0,0
2022 Fall,LPPL,2100,The Resilient Student,045390,"Davis,Timothy",100,17266,Batten Leadership & Public Pol,3.69,152,0,43,84,15,6,4,0,0,0,0
2022 Fall,ECON,3010,Intermediate Microeconomics,007908,"Westerfield,Maria",500,19052,College & Graduate Arts & Sci,3.38,53,2,9,15,12,5,6,3,0,1,0
2022 Fall,SOC,2900,Economy & Society,040817,"Wang,Yingyao",001,18818,College & Graduate Arts & Sci,3.83,30,0,18,9,2,1,0,0,0,0,0
2022 Fall,HIEU,2122,France in C20 1871-present,046262,"Sessions,Jennifer",001,18108,College & Graduate Arts & Sci,3.55,26,0,3,13,7,3,0,0,0,0,0
2022 Fall,ARTH,3861,Chinese Art,002546,"Wong,Dorothy",001,18859,College & Graduate Arts & Sci,3.44,39,1,5,14,9,8,1,0,1,0,0
2022 Fall,HILA,2001,"Colonial Latin Am, 1500-1824",018770,"Klubock,Thomas",100,18118,College & Graduate Arts & Sci,3.64,57,3,18,21,7,6,1,0,0,1,0
2022 Fall,DS,6013,DS Capstone Work II,043919,"Gedeck,Peter",001,20951,School of Data Science,4.00,23,13,10,0,0,0,0,0,0,0,0
2022 Fall,LAW,7106,Law of the Police I,041686,"Harmon,Rachel",1,19956,School of Law,3.64,34,1,8,13,11,1,0,0,0,0,0
2022 Fall,HIEU,3812,Marx,018509,"Megill,Allan",001,18109,College & Graduate Arts & Sci,3.49,30,2,13,4,4,4,1,0,1,0,1
2022 Fall,ENWR,1520,Writing & Community Engagement,045365,"Stephenson,Sarah",002,12948,College & Graduate Arts & Sci,4.00,18,9,9,0,0,0,0,0,0,0,0
2022 Fall,HIEA,1501,Intro Sem in East Asian Hist,018286,"Seeley,Joseph",002,18086,College & Graduate Arts & Sci,3.88,17,0,10,7,0,0,0,0,0,0,0
2022 Fall,EGMT,1510,Engaging Aesthetics,044512,"Levenson,Michael H",502,20348,College & Graduate Arts & Sci,3.86,17,0,9,8,0,0,0,0,0,0,0
2022 Fall,NUIP,2060,Human Physiology & Anatomy I,042610,"Connelly,Christine",001,17369,School of Nursing,3.68,65,16,22,10,7,6,2,0,1,1,0
2022 Fall,ISHU,3623,Studio Art Seminar: Painting,041208,"Andrews,George",101,20613,Continuing & Prof Studies,3.92,22,18,2,0,1,1,0,0,0,0,0
2022 Fall,CS,6354,Computer Architecture,006983,"Venkat,Ashish",001,16233,Engineering & Applied Science,3.70,34,1,13,11,7,2,0,0,0,0,0
2022 Fall,ENGL,2507,Studies in Drama,012489,"Robinson,Mary Ruth",001,20887,College & Graduate Arts & Sci,3.91,11,3,6,1,1,0,0,0,0,0,0
2022 Fall,EDLF,7150,Educational Psychology,009702,"Palacios,Natalia",001,14792,School of Education and HumanDev,3.89,19,0,17,0,0,2,0,0,0,0,0
2022 Fall,BME,6550,Spec Topics: Biomedical Engr,004145,"Hastings,Nikki",005,21086,Engineering & Applied Science,3.88,8,3,4,0,0,1,0,0,0,0,0
2022 Fall,CHEM,1411,Intro College Chem I Lab,005986,"Morkowchuk,Lisa",063,13343,College & Graduate Arts & Sci,3.88,24,16,2,5,0,0,1,0,0,0,0
2022 Fall,LPPP,3250,Global Development Policy,041846,"Straight,Katie",001,18911,Batten Leadership & Public Pol,3.83,35,0,23,8,2,1,1,0,0,0,0
2022 Fall,MAE,6592,Spec Topcs in Mech & Aero Engr,022685,"Chang,Qing",002,18986,Engineering & Applied Science,3.97,11,5,5,1,0,0,0,0,0,0,0
2022 Fall,LPPS,4735,Exp Social Entrepreneurship,042312,"Mahoney,Christine",001,17299,Batten Leadership & Public Pol,3.75,20,4,8,2,5,1,0,0,0,0,0
2022 Fall,NUCO,2210,Foundations of Nursing CARE,043099,"Jones,Randy",001,17410,School of Nursing,3.83,30,0,20,8,1,0,0,0,1,0,0
2022 Fall,RELG,2559,New Course: RELG,039192,"Flake,Kathleen",100,18160,College & Graduate Arts & Sci,3.79,16,0,5,11,0,0,0,0,0,0,0
2022 Fall,SYS,6581,Selected Topics in Sys Engr,036978,"Rogers,Courtney",004,16836,Engineering & Applied Science,3.96,8,3,4,1,0,0,0,0,0,0,0
2022 Fall,SLAV,5100,Old Church Slavonic,045248,"Elson,Mark",001,18100,College & Graduate Arts & Sci,3.70,11,0,7,1,0,3,0,0,0,0,0
2022 Fall,RELA,2800,Intro to Yoruba Religions,033818,"Ogunnaike,Oludamini",100,18061,College & Graduate Arts & Sci,3.89,18,0,13,4,1,0,0,0,0,0,0
2022 Fall,CHEM,1411,Intro College Chem I Lab,005986,"Morkowchuk,Lisa",067,13347,College & Graduate Arts & Sci,3.84,22,17,0,4,0,0,0,0,0,1,0
2022 Fall,CE,4991,Civil Engr Design & Practice,004506,"Burden,Lindsay",001,18989,Engineering & Applied Science,3.90,41,8,25,5,1,2,0,0,0,0,0
2022 Fall,EDHS,2450,Intro Communication Disorders,044546,"Robey,Randall",002,20873,School of Education and HumanDev,3.99,25,22,2,1,0,0,0,0,0,0,0
2022 Fall,GERM,2020,Intermediate German,015679,"Schenberg,Cora",002,10523,College & Graduate Arts & Sci,3.91,15,3,9,2,1,0,0,0,0,0,0
2022 Fall,RELJ,3320,Judaism: Medicine and Healing,034498,"Ochs,Vanessa",100,18059,College & Graduate Arts & Sci,3.99,21,1,19,1,0,0,0,0,0,0,0
2022 Fall,STAT,2120,Intro to Statistical Analysis,036655,"Ross,Richard",200,21012,College & Graduate Arts & Sci,3.52,37,0,11,11,9,3,1,1,1,0,0
2022 Fall,DS,2003,Communicating with Data,046060,"Kupperman,Natalie",002,19026,School of Data Science,3.95,36,0,30,6,0,0,0,0,0,0,0
2022 Fall,CJ,5720,Seminar in Managing LE Image,043266,"White,Kenneth D",02,21679,Continuing & Prof Studies,4.00,16,12,4,0,0,0,0,0,0,0,0
2022 Fall,ITAL,3010,Advanced Italian I,020580,"Annunziato,Sarah",001,13516,College & Graduate Arts & Sci,3.94,10,0,8,2,0,0,0,0,0,0,0
2022 Fall,NUCO,2210,Foundations of Nursing CARE,043099,"Apple,Ashley",004,17995,School of Nursing,3.93,29,0,22,7,0,0,0,0,0,0,0
2022 Fall,MDST,3105,Latina/o Media Studies,039987,"Goin,Keara",001,18880,College & Graduate Arts & Sci,3.83,27,0,20,4,0,2,1,0,0,0,0
2022 Fall,NUCO,2440,Case-Based Learning,043223,"Bragg,Sharon",001,18112,School of Nursing,3.89,24,1,14,9,0,0,0,0,0,0,0
2022 Fall,HIST,3559,New Course: HIST,039302,"Dubois,Laurent",001,18207,College & Graduate Arts & Sci,3.88,32,4,17,10,1,0,0,0,0,0,0
2022 Fall,LAW,6103,Corporations,021636,"Kordana,Kevin",1,19870,School of Law,3.48,78,0,2,38,30,8,0,0,0,0,0
2022 Fall,GNUR,8130,Stat Mthd Health Care Rsch I,017049,"Byon,Ha Do",001,18441,School of Nursing,4.00,6,3,3,0,0,0,0,0,0,0,0
2022 Fall,PLAP,1010,Intro to American Politics,031551,"Ceaser,James",100,17737,College & Graduate Arts & Sci,3.68,104,0,55,22,15,8,0,2,1,1,0
2022 Fall,PSYC,3415,RM: Developmental Psychology,046308,"Jaswal,Vikram",001,14184,College & Graduate Arts & Sci,3.82,19,1,14,0,2,2,0,0,0,0,0
2022 Fall,ENGL,2560,Contemporary Literature,012508,"Curley,Anastatia",001,18315,College & Graduate Arts & Sci,3.85,20,0,17,0,0,3,0,0,0,0,0
2022 Fall,BIOL,4070,Developmental Biology Lab,003594,"Arrigo,Angelo",002,10850,College & Graduate Arts & Sci,3.80,20,2,17,0,0,0,0,0,0,0,1
2022 Fall,CJ,5020,Behav Analysis as Decsn-Supprt,045229,"Dover,Thomas J.",01,21685,Continuing & Prof Studies,4.00,16,13,3,0,0,0,0,0,0,0,0
2022 Fall,LAW,6007,Torts,021571,"White,George",C,19838,School of Law,3.36,31,0,1,8,15,7,0,0,0,0,0
2022 Fall,SYS,6001,Intro Systems Analysis&Design,036947,"Scherer,William",600,17069,Engineering & Applied Science,3.42,24,1,4,9,6,3,0,0,0,0,1
2022 Fall,ENWR,2800,Public Speaking,045101,"Nabi,Jason",001,12578,College & Graduate Arts & Sci,3.78,16,0,8,6,1,1,0,0,0,0,0
2022 Fall,BIOL,4130,Population Ecol & Consv Biol,003600,"Manson,Jessamyn",001,17726,College & Graduate Arts & Sci,3.50,37,0,9,12,6,8,2,0,0,0,0
2022 Fall,RELG,2650,"Religion, Ethics & Health Care",034173,"Flores,Nichole",100,18023,College & Graduate Arts & Sci,3.85,172,5,115,42,3,4,2,0,0,0,1
2022 Fall,BIMS,6000,Integrative Biosciences,042268,"Kashatus,David",001,19287,Medical School - BIMS/PHS,3.55,51,5,13,11,9,12,1,0,0,0,0
2022 Fall,LAW,7196,Repugnant Transactions,046382,"Krawiec,Kimberly",1,19960,School of Law,3.43,36,0,5,10,14,5,2,0,0,0,0
2022 Fall,STS,1500,Sci Tech & Contemp Issues,036732,"Laugelli,Benjamin",003,17068,Engineering & Applied Science,3.95,131,99,22,5,3,1,0,1,0,0,0
2022 Fall,EGMT,1520,Empirical Engagement,044513,"Greenland,Fiona",203,17915,College & Graduate Arts & Sci,3.96,33,2,28,2,1,0,0,0,0,0,0
2022 Fall,APMA,2120,Multivariable Calculus,001144,"Hellings,Christian",004,15531,Engineering & Applied Science,3.22,32,2,5,5,5,8,4,1,1,0,1
2022 Fall,PHYS,1050,How Things Work,030776,"Neu,Chris",001,10707,College & Graduate Arts & Sci,3.49,35,0,12,12,1,4,3,1,2,0,0
2022 Fall,PHYS,2030,Princip of Physics 1 Workshop,030811,"Coleman,Campbell",004,10907,College & Graduate Arts & Sci,3.91,26,0,18,8,0,0,0,0,0,0,0
2022 Fall,LAW,6002,Contracts,021553,"Johnston,Jason",CJ,19750,School of Law,3.34,68,2,2,11,39,13,0,1,0,0,0
2022 Fall,PHYS,5170,Introduction to Cosmology,046209,"Vaman,Diana",001,14170,College & Graduate Arts & Sci,3.75,22,6,8,3,1,4,0,0,0,0,0
2022 Fall,PHYS,3430,Electricity and Magnetism II,030866,"Schauss,Peter",001,10727,College & Graduate Arts & Sci,3.12,27,2,2,6,4,6,2,1,1,3,0
2022 Fall,HIEA,2011,Hist of Chinese Civilization,018287,"Zhang,Cong",001,13725,College & Graduate Arts & Sci,3.44,26,0,7,9,5,3,1,0,0,0,1
2022 Fall,COMM,2010,Intro to Financial Accounting,006440,"Mitchell,Jill",100,19662,McIntire School of Commerce,3.59,637,116,196,110,78,78,35,11,10,2,1
2022 Fall,STAT,3080,From Data to Knowledge,040829,"Femia,Isabella",003,12460,College & Graduate Arts & Sci,3.73,37,1,15,15,3,2,1,0,0,0,0
2022 Fall,ECON,2010,Principles of Econ: Microecon,007876,"Doyle,Carter",400,20820,College & Graduate Arts & Sci,3.47,71,0,21,22,12,5,6,3,0,2,0
2022 Fall,MAE,6020,Continuum Mechanics,022642,"Kent,Richard",001,15940,Engineering & Applied Science,3.44,16,1,4,3,4,2,1,0,1,0,0
2022 Fall,LAW,7030,Family Law,021650,"Strauss,Gregg",1,19951,School of Law,3.39,12,0,1,4,4,2,1,0,0,0,0
2022 Fall,SPAN,3000,Phonetics,035892,"Mendoza,Omar Velazquez",001,17902,College & Graduate Arts & Sci,3.98,18,1,16,1,0,0,0,0,0,0,0
2022 Fall,PHYS,2419,Intro Physics 2 Workshop,031079,"Fan,Yunhao",003,10714,College & Graduate Arts & Sci,3.62,19,0,4,8,7,0,0,0,0,0,0
2022 Fall,LAW,7024,Banking & Financial Institutns,040097,"Kitch,Edmund",1,19950,School of Law,3.40,11,0,0,5,3,3,0,0,0,0,0
2022 Fall,EGMT,1510,Engaging Aesthetics,044512,"Robbins,Christa",213,17901,College & Graduate Arts & Sci,4.00,30,7,23,0,0,0,0,0,0,0,0
2022 Fall,GCOM,7654,Res & Writ Global Bus Thesis I,044190,"Burroughs,James",001,14766,McIntire School of Commerce,3.73,29,0,7,19,3,0,0,0,0,0,0
2022 Fall,LAW,7022,Employment Discrimination,021642,"Rutherglen,George",1,19873,School of Law,3.52,15,0,1,8,4,2,0,0,0,0,0
2022 Fall,LAW,8018,Trusts and Estates,021754,"Cahn,Naomi",1,19868,School of Law,3.47,44,0,3,20,14,5,2,0,0,0,0
2022 Fall,ANTH,4591,Majors Seminar,000804,"Fraser,Gertrude",002,12473,College & Graduate Arts & Sci,3.24,11,2,2,1,4,0,1,0,0,0,1
2022 Fall,PHYS,2419,Intro Physics 2 Workshop,031079,"Ahuja,Sonakshi",006,10717,College & Graduate Arts & Sci,3.46,22,2,2,8,5,2,3,0,0,0,0
2022 Fall,SPAN,4050,Economy of Latin America,041522,"Wellbeloved,Elizabeth A.",501,17868,College & Graduate Arts & Sci,3.44,11,2,2,2,1,1,3,0,0,0,0
2022 Fall,ENGL,3540,Studies in Nineteenth-Century,012784,"Tucker,Herbert",001,18174,College & Graduate Arts & Sci,3.44,13,0,4,3,2,2,1,1,0,0,0
2022 Fall,ENGL,2508,Studies in Fiction,012491,"Zenz,Robert",004,20890,College & Graduate Arts & Sci,3.46,16,0,4,5,3,2,1,1,0,0,0
2022 Fall,PLAP,4850,Constitutional Law & Theory,031621,"Vradenburgh,Holly",001,20245,College & Graduate Arts & Sci,3.86,14,2,7,4,1,0,0,0,0,0,0
2022 Fall,ISBU,3840,International Business,020288,"Hulburt,John",101,20607,Continuing & Prof Studies,3.70,21,7,8,3,2,0,0,0,0,0,1
2022 Fall,CJ,5200,Psychology of Leadership,042279,"Coleman,Marian Elizabeth",01,21675,Continuing & Prof Studies,3.99,31,22,8,1,0,0,0,0,0,0,0
2022 Fall,CJ,5290,Emotional Intelligence,041302,"Coleman,Marian Elizabeth",01,21676,Continuing & Prof Studies,4.00,31,29,2,0,0,0,0,0,0,0,0
2022 Fall,PHYS,3110,Widely Applied Physics,030854,"Vucelja,Marija",001,10723,College & Graduate Arts & Sci,3.88,17,6,8,1,1,1,0,0,0,0,0
2022 Fall,EDLF,8382,Introduction to Ed Inquiry,044849,"Meyers,Coby",501,15409,School of Education and HumanDev,3.75,15,2,6,5,0,1,1,0,0,0,0
2022 Fall,LPPP,5540,Applied Policy Clinics,044651,"Lehmann,Brooke",001,17281,Batten Leadership & Public Pol,3.80,5,2,1,1,1,0,0,0,0,0,0
2022 Fall,LAW,9081,Trial Advocacy,022023,"Cook,John",1,19777,School of Law,3.51,9,0,1,3,5,0,0,0,0,0,0
2022 Fall,PSYC,4500,Spec Tops: Psychology,032600,"Guarnera,Lucy",002,20084,College & Graduate Arts & Sci,3.74,22,0,8,11,2,1,0,0,0,0,0
2022 Fall,BME,6550,Spec Topics: Biomedical Engr,004145,"Rohde,Gustavo",004,21131,Engineering & Applied Science,3.82,5,0,2,3,0,0,0,0,0,0,0
2022 Fall,HIUS,3652,Afro-American Hist since 1865,019624,"Gaines,Kevin",001,18710,College & Graduate Arts & Sci,3.64,28,0,7,12,8,1,0,0,0,0,0
2022 Fall,CS,2100,Data Structures and Algo 1,046225,"Basit,Nada",003,18790,Engineering & Applied Science,3.89,155,70,58,13,7,2,5,0,0,0,0
2022 Fall,DS,5001,Exploratory Text Analytics,045703,"Mallikarjun,Sreekanth",001,20948,School of Data Science,3.90,16,0,12,3,1,0,0,0,0,0,0
2022 Fall,LAW,6002,Contracts,021553,"Geis,George",DF,19751,School of Law,3.40,69,0,3,19,39,7,1,0,0,0,0
2022 Fall,SPAN,2010,Intermediate Spanish,035853,"Richey,Matthew",018,21124,College & Graduate Arts & Sci,3.89,17,0,11,6,0,0,0,0,0,0,0
2022 Fall,PLAN,3011,Race and the American City,045892,"Sewell,Jessica",100,19582,School of Architecture,3.90,22,0,16,5,1,0,0,0,0,0,0
2022 Fall,MATH,3100,Introduction to Probability,023058,"Petrov,Leonid",001,10614,College & Graduate Arts & Sci,3.67,30,1,15,7,2,3,0,2,0,0,0
2022 Fall,HIUS,4501,Seminar United States History,019633,"Varon,Elizabeth",003,19689,College & Graduate Arts & Sci,3.93,12,0,9,3,0,0,0,0,0,0,0
2022 Fall,CHEM,1810,Principles of Chem Structure,005666,"Harman,Walter",100,10347,College & Graduate Arts & Sci,3.79,88,14,40,22,7,2,2,0,0,1,0
2022 Fall,LPPL,3450,Resilient Leadership for Teams,044867,"Davis,Timothy",100,17308,Batten Leadership & Public Pol,3.58,23,0,3,13,4,3,0,0,0,0,0
2022 Fall,MUSI,2559,New Course: MUSI,040725,"Armstrong,JoVia",100,21247,College & Graduate Arts & Sci,3.98,12,7,4,1,0,0,0,0,0,0,0
2022 Fall,LAW,6101,Corporate Finance,021635,"Franks,Harry",1,19795,School of Law,3.47,33,3,6,9,3,7,5,0,0,0,0
2022 Fall,WGS,3500,Research and Methods in WGS,041823,"Meyer,Doug",002,19701,College & Graduate Arts & Sci,3.64,10,0,2,5,3,0,0,0,0,0,0
2022 Fall,MDST,3307,Animated Media,046532,"Williams,Tyler",001,20996,College & Graduate Arts & Sci,3.56,14,0,3,6,2,3,0,0,0,0,0
2022 Fall,EGMT,1540,Ethical Engagement,044515,"Elia,Matt",214,17970,College & Graduate Arts & Sci,3.99,32,4,27,1,0,0,0,0,0,0,0
2022 Fall,EGMT,1540,Ethical Engagement,044515,"Henry,James",207,17963,College & Graduate Arts & Sci,3.87,35,0,27,4,3,0,1,0,0,0,0
2022 Fall,ANTH,5541,Topics in Linguistics,041157,"Danziger,Eve",200,18474,College & Graduate Arts & Sci,3.68,8,0,2,4,2,0,0,0,0,0,0
2022 Fall,CJ,4730,Forensic Sci for Admin & Mgrs,006238,"McGinnis Jr.,Charles Edward",02,21673,Continuing & Prof Studies,3.93,23,8,10,5,0,0,0,0,0,0,0
2022 Fall,PHYS,2660,Fund of Scientific Computing,030845,"Hirosky,Robert",100,18893,College & Graduate Arts & Sci,3.22,33,0,11,3,4,9,2,0,2,1,1
2022 Fall,CHEM,1411,Intro College Chem I Lab,005986,"Morkowchuk,Lisa",012,12256,College & Graduate Arts & Sci,3.93,23,13,5,5,0,0,0,0,0,0,0
2022 Fall,LPPA,3640,Resrch Methods & Data Analysis,042161,"Player,Daniel",100,17230,Batten Leadership & Public Pol,3.66,54,0,25,15,4,7,3,0,0,0,0
2022 Fall,KINE,3400,Nutrition,009128,"Kranz,Sibylle",1,14949,School of Education and HumanDev,3.96,34,23,9,1,0,1,0,0,0,0,0
2022 Fall,SPAN,2020,Advanced Intermediate Spanish,035854,"Scida,Emily",026,21125,College & Graduate Arts & Sci,3.78,16,0,4,12,0,0,0,0,0,0,0
2022 Fall,GCOM,7230,Data Mgmt for Decision Making,043909,"Liang,Yi",002,21208,McIntire School of Commerce,3.97,23,0,21,2,0,0,0,0,0,0,0
2022 Fall,PSHM,4900,Capstone I: Health Sci Mgmt,044695,"Kronenburg,Maria",101,20810,Continuing & Prof Studies,3.78,10,0,4,5,1,0,0,0,0,0,0
2022 Fall,EDLF,8382,Introduction to Ed Inquiry,044849,"Spicer,David Eddy",500,21118,School of Education and HumanDev,3.60,13,0,5,4,2,0,2,0,0,0,0
2022 Fall,DS,6002,Ethics of Big Data I,043459,"Cummings,Lauren Rene",002,21117,School of Data Science,4.00,29,18,11,0,0,0,0,0,0,0,0
2022 Fall,ARCH,5420,Digital Animation & Strytellng,001610,"Mark,Earl",001,18927,School of Architecture,3.66,19,1,8,3,5,2,0,0,0,0,0
2022 Fall,ENCW,2560,Intro Fiction Writing - Themed,044166,"Livingood,James",001,18733,College & Graduate Arts & Sci,3.85,14,0,7,7,0,0,0,0,0,0,0
2022 Fall,MAE,6870,Applied Engineering Optics,022684,"Dedic,Chloe",600,20334,Engineering & Applied Science,3.57,6,0,1,3,1,1,0,0,0,0,0
2022 Fall,MUSI,2110,Listen to Everyday Life,024754,"Kisliuk,Michelle",001,19594,College & Graduate Arts & Sci,3.97,20,3,15,2,0,0,0,0,0,0,0
2022 Fall,PHYS,1429,Intro Physics 1 Workshop,031036,"Khan,Md. Nazmun Sadat",004,11858,College & Graduate Arts & Sci,3.36,20,0,1,6,7,6,0,0,0,0,0
2022 Fall,EDIS,5025,"Curric, Instruct & Assessment",044060,"Allen,Amanda Massie",502,15411,School of Education and HumanDev,3.95,19,0,17,1,1,0,0,0,0,0,0
2022 Fall,ASL,3220,Coda Literature,045143,"Propp,Gregory",001,18701,College & Graduate Arts & Sci,3.78,21,0,11,6,4,0,0,0,0,0,0
2022 Fall,NUCO,4420,Professional Nursing,042017,"Whitlow,Malinda",001,17414,School of Nursing,4.00,22,14,8,0,0,0,0,0,0,0,0
2022 Fall,LAW,7648,Federal Sentencing (SC),040438,"Underhill,Stefan",1,19819,School of Law,3.61,11,0,4,3,2,2,0,0,0,0,0
2022 Fall,BIMS,8380,Practical Biomed Statistics I,024120,"Jones,Marieke",001,19307,Medical School - BIMS/PHS,3.88,24,0,16,7,1,0,0,0,0,0,0
2022 Fall,LAW,8807,PT Externship: Directed Study,042592,"Ryan,A.",1,19788,School of Law,3.68,8,0,3,3,1,1,0,0,0,0,0
2022 Fall,ARCH,5605,Urban Materiality,044589,"Bailo Esteve,Manuel",501,17978,School of Architecture,4.00,14,6,8,0,0,0,0,0,0,0,0
2022 Fall,LAW,9018,Wine and the Law,040034,"Genesen,Tracy",1,20723,School of Law,3.39,14,0,2,2,7,3,0,0,0,0,0
2022 Fall,ENGL,2599,Special Topics,012514,"Kravetz,Rachel",012,20894,College & Graduate Arts & Sci,3.57,13,0,5,3,2,2,1,0,0,0,0
2022 Fall,MATH,1210,A survey of Calculus I,022944,"Kurtz,Brianna",600,12373,College & Graduate Arts & Sci,3.51,33,0,14,5,6,3,3,1,1,0,0
2022 Fall,EDIS,3020,The Exceptional Learner,009391,"Hua,Youjia",503,20842,School of Education and HumanDev,3.51,26,0,10,7,2,2,4,0,1,0,0
2022 Fall,ENGL,2508,Studies in Fiction,012491,"Kuhn,Mary",002,18293,College & Graduate Arts & Sci,3.73,15,0,10,2,2,0,0,0,1,0,0
2022 Fall,EGMT,1520,Empirical Engagement,044513,"Niblo,Jessica",205,17919,College & Graduate Arts & Sci,3.81,35,4,24,4,2,0,0,0,0,0,1
2022 Fall,LING,4650,Linguistic Typology,046680,"Mirzayan,Armik",100,19602,College & Graduate Arts & Sci,3.77,11,2,3,5,0,1,0,0,0,0,0
2022 Fall,ENWR,1510,Writing and Critical Inquiry,013432,"Adams,Hodges",059,12372,College & Graduate Arts & Sci,3.96,17,0,15,2,0,0,0,0,0,0,0
2022 Fall,EGMT,1540,Ethical Engagement,044515,"Teets,Sarah",113,17960,College & Graduate Arts & Sci,3.83,34,2,26,3,1,0,1,0,0,0,1
2022 Fall,MATH,1210,A survey of Calculus I,022944,"Gates,Zach",960,11671,College & Graduate Arts & Sci,3.44,18,0,4,6,0,7,1,0,0,0,0
2022 Fall,LAW,7642,After Dobbs (SC),040174,"Cahn,Naomi",1,21228,School of Law,3.53,16,0,0,9,7,0,0,0,0,0,0
2022 Fall,ARTH,2053,Greek Art and Archaeology,002453,"Smith,Tyler Jo",100,13449,College & Graduate Arts & Sci,3.44,47,0,11,16,7,7,3,1,2,0,0
2022 Fall,HISA,3004,India's Partition,042998,"Nair,Neeti",001,19563,College & Graduate Arts & Sci,3.77,21,1,10,6,3,1,0,0,0,0,0
2022 Fall,PHYS,1660,Practical Computing,043759,"Wright,Bryan",002,12386,College & Graduate Arts & Sci,3.87,10,0,8,1,0,1,0,0,0,0,0
2022 Fall,MATH,3250,Ordinary Differential Equatns,023068,"Abdesselam,Abdelmalek",100,10615,College & Graduate Arts & Sci,3.68,37,12,11,5,2,4,1,1,1,0,0
2022 Fall,DS,5110,Big Data Systems,046303,"Tashman,Adam Paul",001,20950,School of Data Science,3.85,11,1,6,3,1,0,0,0,0,0,0
2022 Fall,NASC,2100,Leadership and Management,025314,"Funk,Patrick",002,17664,Executive VP & Provost,3.91,17,1,12,3,1,0,0,0,0,0,0
2022 Fall,PSYC,3439,RM: Social Psychology,046314,"Brown-Iannuzzi,Jazmin",001,18347,College & Graduate Arts & Sci,3.99,40,0,38,2,0,0,0,0,0,0,0
2022 Fall,CJ,4730,Forensic Sci for Admin & Mgrs,006238,"McGinnis Jr.,Charles Edward",01,21672,Continuing & Prof Studies,3.93,24,9,9,6,0,0,0,0,0,0,0
2022 Fall,LAW,6000,Civil Procedure,021550,"Collins,Michael",AC,19745,School of Law,3.40,63,0,2,20,32,8,1,0,0,0,0
2022 Fall,MATH,7751,Algebra I,023231,"Rapinchuk,Andrei",001,10625,College & Graduate Arts & Sci,3.94,17,4,11,1,1,0,0,0,0,0,0
2022 Fall,PLIR,3500,Special Topics,031819,"White,Jerry",101,20194,College & Graduate Arts & Sci,3.60,28,0,12,6,6,1,2,1,0,0,0
2022 Fall,LPPA,6150,Res Methods & Data Analysis I,032141,"Wu,Derek",200,17216,Batten Leadership & Public Pol,3.57,42,0,14,11,8,8,1,0,0,0,0
2022 Fall,SPAN,2010,Intermediate Spanish,035853,"Jarque,Esperanza Gorriz",014,10821,College & Graduate Arts & Sci,3.76,18,0,7,9,1,1,0,0,0,0,0
2022 Fall,ANTH,2590,Social & Cultural Anthropology,041001,"Durham,Deborah",002,21073,College & Graduate Arts & Sci,3.76,38,0,23,8,3,2,2,0,0,0,0
2022 Fall,PHYS,2410,Introductory Physics 2,046320,"Jones,Robert",001,18892,College & Graduate Arts & Sci,3.35,25,1,4,8,3,4,2,3,0,0,0
2022 Fall,GBAC,7205,Data Analytics I,045278,"Albert,Michael",001,21003,McIntire Darden Grad Business,3.40,57,2,5,17,21,9,2,0,0,0,1
2022 Fall,PLIR,3760,Russia/USSR in World Affairs,031821,"Lynch,Allen",001,17791,College & Graduate Arts & Sci,3.68,110,0,44,36,20,8,2,0,0,0,0
2022 Fall,BUS,5040,Creat & Conduct Secur Assess,004339,"Wojcik,Michael",701,20729,Continuing & Prof Studies,3.82,5,0,2,3,0,0,0,0,0,0,0
2022 Fall,BIOL,4660,Biomedical Science Techniques,043425,"Guler,Ali",001,17719,College & Graduate Arts & Sci,3.97,37,2,31,4,0,0,0,0,0,0,0
2022 Fall,ECE,6501,Topics: Elect & Computer Engr,007731,"Zhang,Miaomiao",001,16951,Engineering & Applied Science,3.84,14,0,9,4,0,1,0,0,0,0,0
2022 Fall,ENGL,2527,Shakespeare,012510,"Voight,Valerie",003,20893,College & Graduate Arts & Sci,3.86,17,0,9,8,0,0,0,0,0,0,0
2022 Fall,SPAN,2020,Advanced Intermediate Spanish,035854,"Florez-Murillo,David",015,11670,College & Graduate Arts & Sci,3.85,19,2,13,3,0,0,0,0,1,0,0
2022 Fall,SYS,6021,Statistical Modeling I,036958,"Barnes,Laura",600,21088,Engineering & Applied Science,3.74,5,1,2,1,0,1,0,0,0,0,0
2022 Fall,DS,5100,Programming for Data Science,046284,"Alvarado,Rafael Candido",001,20949,School of Data Science,3.77,32,1,17,8,4,1,1,0,0,0,0
2022 Fall,FREN,2010,Intermediate French I,014315,"Cordova,Kelley",007,21199,College & Graduate Arts & Sci,3.74,14,0,11,1,0,0,1,0,1,0,0
2022 Fall,LAW,9077,Asian Amer and the Law,022002,"Law,David",1,20930,School of Law,3.47,12,0,1,4,6,1,0,0,0,0,0
2022 Fall,FREN,3043,French-Speaking World III,014368,"Blatt,Ari",001,12480,College & Graduate Arts & Sci,3.91,16,0,11,5,0,0,0,0,0,0,0
2022 Fall,PLAN,6011,Race and the American City,045893,"Sewell,Jessica",100,19584,School of Architecture,3.95,18,0,15,3,0,0,0,0,0,0,0
2022 Fall,LAW,8651,Emerg Growth/Venture Captl:P&P,022181,"Lincoln,Michael",1,19761,School of Law,3.48,48,0,2,18,28,0,0,0,0,0,0
2022 Fall,EDLF,8382,Introduction to Ed Inquiry,044849,"Lovette,Gail",502,18874,School of Education and HumanDev,3.81,14,4,5,3,1,1,0,0,0,0,0
2022 Fall,EGMT,1530,Engaging Differences,044514,"McMillen,Christian",102,12270,College & Graduate Arts & Sci,3.96,35,0,30,5,0,0,0,0,0,0,0
2022 Fall,KINE,5720,Assessment and Intervention I,044585,"Higgins,Michael",1,15068,School of Education and HumanDev,3.48,21,0,1,12,3,4,1,0,0,0,0
2022 Fall,MAE,6993,Independent Study: Interm Levl,022686,"Forman,Jason",008,20958,Engineering & Applied Science,4.00,7,3,4,0,0,0,0,0,0,0,0
2022 Fall,STS,6592,Engineering & Sociotechnical,046717,"Seabrook,Bryn",001,20058,Engineering & Applied Science,3.93,9,3,4,2,0,0,0,0,0,0,0
2022 Fall,PHYS,2419,Intro Physics 2 Workshop,031079,"Chen,Gene",012,10722,College & Graduate Arts & Sci,3.52,16,0,6,3,4,0,3,0,0,0,0
2022 Fall,ENGL,2599,Special Topics,012514,"Cavens,Derek",14,21015,College & Graduate Arts & Sci,3.23,12,0,5,4,0,0,0,0,2,0,1
2022 Fall,ANTH,2590,Social & Cultural Anthropology,041001,"Durham,Deborah",003,21074,College & Graduate Arts & Sci,3.88,34,0,23,9,2,0,0,0,0,0,0
2022 Fall,HIAF,3112,African Environmental History,044498,"Fleur,James La",001,13715,College & Graduate Arts & Sci,3.91,20,2,12,6,0,0,0,0,0,0,0
2022 Fall,NASC,3100,Naval Ships Systems I,025295,"Masters,Andrew",001,18953,Executive VP & Provost,3.89,17,0,12,4,1,0,0,0,0,0,0
2022 Fall,MDST,3742,"Athletes, Activism, & Media",046696,"Clay,Anna",001,19596,College & Graduate Arts & Sci,3.71,28,0,9,15,2,1,1,0,0,0,0
2022 Fall,ENWR,1510,Writing and Critical Inquiry,013432,"Hadley,Henrietta",087,20781,College & Graduate Arts & Sci,3.86,17,0,12,3,2,0,0,0,0,0,0
2022 Fall,NUIP,4430,Intro Stats in Hlth Care Res,042514,"Hinton,Ivora",004,19702,School of Nursing,3.91,13,4,5,4,0,0,0,0,0,0,0
2022 Fall,MDST,3111,Food Media and Popular Culture,046697,"Rao,Pallavi",001,19595,College & Graduate Arts & Sci,3.90,30,1,22,5,2,0,0,0,0,0,0
2022 Fall,CHEM,2311,Org Chem Lab I Non Chem Major,043154,"Chruma,Jason",011,13056,College & Graduate Arts & Sci,3.88,36,0,26,9,0,0,0,1,0,0,0
2022 Fall,HIST,5559,New Course: HIST,039304,"Dierksheide,Christa",001,19659,College & Graduate Arts & Sci,3.62,6,0,2,2,1,1,0,0,0,0,0
2022 Fall,MAE,6592,Spec Topcs in Mech & Aero Engr,022685,"Sun,Sarah",005,19590,Engineering & Applied Science,3.96,16,2,12,2,0,0,0,0,0,0,0
2022 Fall,ANTH,2410,Sociolinguistics,000748,"Lefkowitz,Daniel",100,18420,College & Graduate Arts & Sci,3.83,52,0,40,5,2,3,1,1,0,0,0
2022 Fall,LAW,9298,Appellate Practice,044750,"Stetson,Cate",1,19986,School of Law,3.49,18,1,5,4,6,0,0,0,2,0,0
2022 Fall,LPPP,3620,Engaging Policy Communities,046654,"Martin,Paul",002,18899,Batten Leadership & Public Pol,3.69,49,0,13,28,4,4,0,0,0,0,0
2022 Fall,EDHS,3080,Innovations: Informal Learning,045391,"Comazzi,John",1,19049,School of Education and HumanDev,3.75,11,5,3,0,2,0,1,0,0,0,0
2022 Fall,LAW,8026,Taking Effective Depositions,043842,"Bognar,Ellen",1,19880,School of Law,3.47,23,0,0,11,10,2,0,0,0,0,0
2022 Fall,ENWR,1510,Writing and Critical Inquiry,013432,"Baban,Hajjar",078,13040,College & Graduate Arts & Sci,3.78,18,0,11,3,3,1,0,0,0,0,0
2022 Fall,WGS,3897,Gender Violence & Soc Justice,043611,"Speidel,Lisa",001,13463,College & Graduate Arts & Sci,3.92,29,0,26,0,2,1,0,0,0,0,0
2022 Fall,COMM,4710,Intermediate Investments,006538,"Kulkarni,Sheisha",003,14665,McIntire School of Commerce,3.33,29,0,1,8,13,4,3,0,0,0,0
2022 Fall,GBAC,7207,Leadership II,045280,"Laseter,Timothy",001,21005,McIntire Darden Grad Business,3.44,57,1,8,12,28,6,2,0,0,0,0
2022 Fall,ENGL,2599,Special Topics,012514,"VanHoose,Michael",010,20886,College & Graduate Arts & Sci,3.95,12,1,9,2,0,0,0,0,0,0,0
2022 Fall,MATH,1210,A survey of Calculus I,022944,"Kurtz,Brianna",500,18772,College & Graduate Arts & Sci,3.60,34,0,17,5,7,1,2,1,1,0,0
2022 Fall,ENGR,2595,Special Topics in Engineering,038375,"Guilford,William",001,21177,Engineering & Applied Science,3.91,25,14,8,2,0,0,0,1,0,0,0
2022 Fall,CHEM,1411,Intro College Chem I Lab,005986,"Morkowchuk,Lisa",025,10980,College & Graduate Arts & Sci,3.97,21,17,2,2,0,0,0,0,0,0,0
2022 Fall,CHEM,1411,Intro College Chem I Lab,005986,"Morkowchuk,Lisa",026,10981,College & Graduate Arts & Sci,3.93,24,13,5,6,0,0,0,0,0,0,0
2022 Fall,ENGL,4901,The Bible: Part 1,046690,"Cushman,Stephen",001,19600,College & Graduate Arts & Sci,3.89,14,0,12,1,0,0,1,0,0,0,0
2022 Fall,ANTH,5470,Language and Identity,000856,"Wendte,Nathan",001,19601,College & Graduate Arts & Sci,3.88,8,0,6,1,1,0,0,0,0,0,0
2022 Fall,CHEM,1411,Intro College Chem I Lab,005986,"Morkowchuk,Lisa",024,10979,College & Graduate Arts & Sci,3.83,23,14,3,4,0,0,2,0,0,0,0
2022 Fall,CHEM,5340,Nanomaterials,044283,"Zhu,Huiyuan",001,20941,College & Graduate Arts & Sci,3.88,12,4,3,5,0,0,0,0,0,0,0
2022 Fall,MATH,1310,Calculus I,022953,"Buckland,Amelia",400,10593,College & Graduate Arts & Sci,3.78,24,11,6,1,4,1,1,0,0,0,0
2022 Fall,ENWR,1510,Writing and Critical Inquiry,013432,"Haines,Rachel",042,11010,College & Graduate Arts & Sci,3.81,17,0,10,5,1,1,0,0,0,0,0
2022 Fall,PHYS,2030,Princip of Physics 1 Workshop,030811,"Giorgadze,Niko",012,10914,College & Graduate Arts & Sci,3.91,24,2,16,5,1,0,0,0,0,0,0
2022 Fall,LAR,7110,Theorizing Landscape Arch,020917,"Meyer,Elizabeth",002,10110,School of Architecture,3.64,36,3,5,17,11,0,0,0,0,0,0
2022 Fall,ANTH,3480,Language and Prehistory,000755,"Danziger,Eve",100,18443,College & Graduate Arts & Sci,3.11,32,0,3,3,11,9,4,1,0,0,1
2022 Fall,COMM,3330,Mkt Research & Analytic Tech,006475,"Burroughs,James",002,20803,McIntire School of Commerce,3.71,29,0,10,13,5,1,0,0,0,0,0
2022 Fall,CHEM,2311,Org Chem Lab I Non Chem Major,043154,"Chruma,Jason",005,12257,College & Graduate Arts & Sci,3.73,34,0,18,8,4,4,0,0,0,0,0
2022 Fall,MAE,2300,Statics,022574,"Xu,Baoxing",001,15590,Engineering & Applied Science,3.66,51,17,12,9,9,0,0,3,0,0,1
2022 Fall,EDIS,8060,Advanced Instruction Seminar,045989,"Lovette,Gail",500,15406,School of Education and HumanDev,3.91,11,6,3,1,1,0,0,0,0,0,0
2022 Fall,SOC,4559,New Course: SOC,040344,"Hunter,James",003,18817,College & Graduate Arts & Sci,2.80,10,0,0,1,2,0,4,3,0,0,0
2022 Fall,CHEM,5440,Interface of Chem & Biology,045884,"Stains,Cliff",001,13485,College & Graduate Arts & Sci,3.76,20,4,6,6,3,1,0,0,0,0,0
2022 Fall,LPPS,3460,Intro Policy & Legisl Process,045188,"Lehmann,Brooke",001,17288,Batten Leadership & Public Pol,3.77,11,0,5,5,0,1,0,0,0,0,0
2022 Fall,GBAC,7200,Enterprise Analytics I,045272,"Carfagno,Kerrie",001,20997,McIntire Darden Grad Business,3.86,57,4,31,20,1,0,1,0,0,0,0
2022 Fall,GBAC,7201,Enterprise Analytics II,015394,"Harris,Jared",001,20999,McIntire Darden Grad Business,3.69,57,0,11,38,6,2,0,0,0,0,0
2022 Fall,GBAC,7202,Enterprise Analytics III,045275,"Lipson,Marc",001,21000,McIntire Darden Grad Business,3.48,57,3,8,11,28,7,0,0,0,0,0
2022 Fall,PLAP,3500,Spec Tops: American Politics,039393,"Potter,Rachel",100,17748,College & Graduate Arts & Sci,3.63,73,6,26,19,14,3,2,1,1,1,0
2022 Fall,MATH,3354,Survey of Algebra,023084,"Gazaki,Evangelia",001,10622,College & Graduate Arts & Sci,3.48,32,2,9,10,6,1,2,1,0,0,1
2022 Fall,CS,2130,Computer Systems and Org 1,046226,"Hott,Robbie",001,19682,Engineering & Applied Science,3.41,201,5,45,45,47,36,15,3,4,0,1
2022 Fall,ARCH,4010,Research Studio,001546,"Fard,Ali",011,10217,School of Architecture,3.70,10,0,6,1,1,2,0,0,0,0,0
2022 Fall,KINE,7400,Interven in Cardiac Rehab,039787,"Weltman,Arthur",001,14818,School of Education and HumanDev,3.83,6,1,4,0,0,1,0,0,0,0,0
2022 Fall,ENWR,1510,Writing and Critical Inquiry,013432,"Cozzio,Viola",008,10862,College & Graduate Arts & Sci,4.00,18,4,14,0,0,0,0,0,0,0,0
2022 Fall,LAW,7085,Social Science in Law,021746,"Monahan,John",1,19952,School of Law,3.44,16,0,2,6,4,3,1,0,0,0,0
2022 Fall,SATR,2110,Cult. Tr: TravWriting in SAsia,034855,"Farooqi,Mehr",001,19703,College & Graduate Arts & Sci,3.78,19,2,6,9,2,0,0,0,0,0,0
2022 Fall,EGMT,1540,Ethical Engagement,044515,"Henry,James",107,17957,College & Graduate Arts & Sci,3.95,34,0,30,3,1,0,0,0,0,0,0
2022 Fall,MATH,1210,A survey of Calculus I,022944,"Gagne,Matthew",800,10580,College & Graduate Arts & Sci,3.52,29,0,10,6,6,5,1,1,0,0,0
2022 Fall,SYS,5581,Topics in Systems Engineering,040876,"Lidbetter,Thomas",001,21083,Engineering & Applied Science,3.57,6,2,0,3,0,0,0,1,0,0,0
2022 Fall,FREN,4031,Writing With Style,014402,"Ferguson,Gary",001,17808,College & Graduate Arts & Sci,3.79,14,3,5,3,3,0,0,0,0,0,0
2022 Fall,AAS,1010,African-Amer & African Stds I,000083,"Gaines,Kevin",100,10303,College & Graduate Arts & Sci,3.61,179,5,65,62,25,11,7,0,1,0,3
2022 Fall,NUCO,4110,Complex and Transitional Care,043227,"Craig,Sarah",001,17423,School of Nursing,3.96,83,17,56,10,0,0,0,0,0,0,0
2022 Fall,ENGL,2599,Special Topics,012514,"Katz,Eyal Handelsman",006,20882,College & Graduate Arts & Sci,3.99,20,11,8,1,0,0,0,0,0,0,0
2022 Fall,KINE,5430,Advanced Exercise Physiology,009219,"Weltman,Arthur",001,14816,School of Education and HumanDev,3.80,10,5,3,0,1,0,1,0,0,0,0
2022 Fall,LAW,7059,Labor Law,021679,"Barr,John",1,20929,School of Law,3.47,15,1,3,3,3,4,1,0,0,0,0
2022 Fall,ISLS,3000,Transformations: Liberal Arts,044252,"Horton,David",102,20902,Continuing & Prof Studies,3.42,20,0,10,3,1,3,0,0,2,0,1
2022 Fall,PHYS,1429,Intro Physics 1 Workshop,031036,"Panjsheeri,Zaki",006,21232,College & Graduate Arts & Sci,3.60,21,0,3,13,3,1,1,0,0,0,0
2022 Fall,NESC,4265,Developmental Neurobiology,045480,"Liu,Xiaorong",001,14050,College & Graduate Arts & Sci,3.79,37,9,17,3,4,4,0,0,0,0,0
2022 Fall,CS,3102,Theory of Computation,006897,"Brunelle,Nathan",001,19740,Engineering & Applied Science,3.77,87,10,54,10,6,2,1,2,0,0,2
2022 Fall,LAW,8013,Mergers and Acquisitions,021590,"Hwang,Cathy",1,20670,School of Law,3.50,64,0,6,22,35,1,0,0,0,0,0
2022 Fall,LNGS,3250,Intro to Linguistic Theory,022530,"Elson,Mark",001,10576,College & Graduate Arts & Sci,3.37,27,0,9,2,6,6,2,1,1,0,0
2022 Fall,LPPS,3295,Global Humanitarin Crises Resp,044451,"Gelsdorf,Kirsten",001,17306,Batten Leadership & Public Pol,3.88,143,5,96,34,4,4,0,0,0,0,0
2022 Fall,ANTH,1010,Introduction to Anthropology,000600,"Apone,Rachel",001,10309,College & Graduate Arts & Sci,3.94,22,1,19,1,0,1,0,0,0,0,0
2022 Fall,SOC,5320,Sociology of Gender,041837,"Pugh,Allison",001,18535,College & Graduate Arts & Sci,3.78,9,0,5,2,2,0,0,0,0,0,0
2022 Fall,LPPA,6100,Economics of Public Policy I,032139,"Mbiti,Isaac",100,17218,Batten Leadership & Public Pol,3.50,41,0,10,14,5,9,3,0,0,0,0
2022 Fall,EDIS,5600,Tchg Social Stds in Sec Sch I,009468,"Hover,Stephanie van",001,15289,School of Education and HumanDev,3.94,22,0,19,2,1,0,0,0,0,0,0
2022 Fall,EDIS,5013,Teaching SEL,045080,"Nicholas-Stokes,Pamela",500,15420,School of Education and HumanDev,3.91,17,1,13,2,0,1,0,0,0,0,0
2022 Fall,ENGL,3924,Vietnam War Lit & Film,044122,"Chong,Sylvia",001,19587,College & Graduate Arts & Sci,3.85,13,0,10,1,1,1,0,0,0,0,0
2022 Fall,ANTH,2541,Topics in Linguistics,041155,"Wendte,Nathan",100,18449,College & Graduate Arts & Sci,3.72,25,0,18,4,1,1,0,0,0,0,1
2022 Fall,STAT,6021,Linear Models for Data Science,043281,"Woo,Yong Ming Jeffrey",001,21097,College & Graduate Arts & Sci,3.54,35,5,14,6,3,2,3,0,0,1,1
2022 Fall,ENWR,1510,Writing and Critical Inquiry,013432,"Bennington,Kathryn Selestial",501,20351,College & Graduate Arts & Sci,4.00,18,8,10,0,0,0,0,0,0,0,0
2022 Fall,ENGL,3825,Desktop Publishing,043442,"Livingood,James",001,20901,College & Graduate Arts & Sci,3.93,18,1,13,4,0,0,0,0,0,0,0
2022 Fall,EGMT,1540,Ethical Engagement,044515,"Lee,Seung-Hun",111,17958,College & Graduate Arts & Sci,3.75,35,6,11,13,3,0,2,0,0,0,0
2022 Fall,PSHM,3010,Intro to Health Care Mgmnt,043305,"Kronenburg,Maria",101,20631,Continuing & Prof Studies,3.81,16,0,7,8,1,0,0,0,0,0,0
2022 Fall,CHEM,1411,Intro College Chem I Lab,005986,"Morkowchuk,Lisa",076,13354,College & Graduate Arts & Sci,3.68,20,13,2,2,0,0,1,0,0,2,0
2022 Fall,PHIL,3500,Seminar in Philosophy,040315,"Irving,Zachary",001,18609,College & Graduate Arts & Sci,3.61,16,1,4,6,2,3,0,0,0,0,0
2022 Fall,PLAN,6110,Digital Tech for Plan I 2D/3D,045553,"Leibowitz,Gordon",001,20765,School of Architecture,3.67,13,1,4,4,3,1,0,0,0,0,0
2022 Fall,ARCH,3010,Foundation Studio IV,001517,"Aranguren,Maria Gonzalez",007,20782,School of Architecture,3.72,12,2,3,4,3,0,0,0,0,0,0
2022 Fall,MDST,2508,Topics in Media Practice,044925,"Morimoto,Lori",002,14370,College & Graduate Arts & Sci,4.00,16,7,9,0,0,0,0,0,0,0,0
2022 Fall,ISSS,4131,Mental Health Disorders,041488,"Rasmussen,Alan",101,20627,Continuing & Prof Studies,3.97,30,17,11,1,1,0,0,0,0,0,0
2022 Fall,CHEM,3811,Physical Chemistry I Lab,005740,"Lehmann,Kevin",100,10354,College & Graduate Arts & Sci,3.51,40,5,9,8,9,6,1,2,0,0,0
2022 Fall,MAE,2040,Computer Aided Design,046331,"Morgan,Neal",002,16984,Engineering & Applied Science,3.49,23,2,5,5,5,5,0,1,0,0,0
2022 Fall,ANTH,7400,Linguistic Anthropology,000937,"Lefkowitz,Daniel",100,18472,College & Graduate Arts & Sci,3.62,6,0,1,3,2,0,0,0,0,0,0
2022 Fall,PSYC,4500,Spec Tops: Psychology,032600,"Golino,Mariana",001,18348,College & Graduate Arts & Sci,3.88,25,3,18,3,0,0,0,0,1,0,0
2022 Fall,PHIL,3180,Nietzsche,030119,"Yates,Christopher",1,19591,College & Graduate Arts & Sci,3.68,26,0,14,5,5,1,0,0,0,1,0
2022 Fall,DS,1002,Programming for Data Science,046058,"Kupperman,Natalie",001,17704,School of Data Science,3.96,43,0,39,3,1,0,0,0,0,0,0
2022 Fall,ACCT,5120,Intermediate Accounting II,045933,"Yuan,Charlie",701,20766,Continuing & Prof Studies,3.54,18,1,8,4,3,1,0,0,0,0,1
2022 Fall,LAW,7144,Negotiation,043847,"Spellman,Barbara",1,19958,School of Law,3.34,28,0,4,6,11,5,0,0,2,0,0
2022 Fall,BIOL,3559,New Course: BIOL,038576,"Massey,Ann",001,19542,College & Graduate Arts & Sci,3.96,39,10,24,5,0,0,0,0,0,0,0
2022 Fall,ANTH,2620,"Sex, Gender and Culture",000767,"Fontanilla,Julia Alejandra Morales",001,18450,College & Graduate Arts & Sci,3.71,34,2,16,9,3,3,0,0,1,0,0
2022 Fall,SLAV,2360,Dracula,035128,"Stepanic,Stanley",001,11659,College & Graduate Arts & Sci,3.95,183,98,63,15,5,2,0,0,0,0,0
2022 Fall,CJ,3660,Concepts in LE Wellness,039969,"Draper,Sarah",01,21704,Continuing & Prof Studies,3.99,29,14,14,1,0,0,0,0,0,0,0
2022 Fall,CHEM,2311,Org Chem Lab I Non Chem Major,043154,"Chruma,Jason",013,13058,College & Graduate Arts & Sci,3.84,31,0,17,12,2,0,0,0,0,0,0
2022 Fall,SPAN,2010,Intermediate Spanish,035853,"Barlow,Jennifer",012,10828,College & Graduate Arts & Sci,3.82,17,0,7,10,0,0,0,0,0,0,0
2022 Fall,CHE,3316,Chem Thermo & Staged Oper,005446,"Taite,Lakeshia",001,15575,Engineering & Applied Science,3.22,34,0,9,3,5,7,6,2,2,0,0
2022 Fall,MATH,4040,Discrete Mathematics,023091,"Wang,Weiqiang",001,10623,College & Graduate Arts & Sci,3.01,16,0,4,0,4,1,4,0,0,3,0
2022 Fall,ECON,4010,Game Theory,007943,"Engers,Maxim",100,11979,College & Graduate Arts & Sci,3.62,25,1,9,5,8,1,1,0,0,0,0
2022 Fall,CS,6762,"SP,ML and Control",046326,"Lin,Felix",001,16979,Engineering & Applied Science,3.99,33,3,29,1,0,0,0,0,0,0,0
2022 Fall,EDIS,3060,Poverty and the Young Child,045749,"Mateus,Deiby Mayaris Cubides",501,20181,School of Education and HumanDev,3.76,22,10,6,3,1,0,1,0,0,1,0
2022 Fall,LAW,6104,Evidence,021648,"Barzun,Charles",1,19756,School of Law,3.58,46,1,9,18,13,4,1,0,0,0,0
2022 Fall,ENWR,1510,Writing and Critical Inquiry,013432,"Rawson,Eric",020,10871,College & Graduate Arts & Sci,3.66,17,0,4,9,3,1,0,0,0,0,0
2022 Fall,BIOL,4280,Genetics of Behavior,042552,"Hirsh,Jay",001,14067,College & Graduate Arts & Sci,3.48,18,0,6,5,1,2,4,0,0,0,0
2022 Fall,PLIR,2020,Foreign Policies of the Powers,031798,"Owen,John",100,17783,College & Graduate Arts & Sci,3.38,146,3,17,39,46,27,10,3,1,0,0
2022 Fall,SPAN,3010,Grammar and Composition I,035893,"Familia,Yafrainy",006,11776,College & Graduate Arts & Sci,3.76,16,0,7,6,3,0,0,0,0,0,0
2022 Fall,BIOL,4150,Evolution of Sex,042108,"Cox,Robert",001,14055,College & Graduate Arts & Sci,3.35,34,1,6,9,7,5,3,1,2,0,0
2022 Fall,PLCP,4500,Special Topics,031707,"Reifsnyder,Daniel",003,17780,College & Graduate Arts & Sci,3.61,14,0,1,9,4,0,0,0,0,0,0
2022 Fall,PHIL,2420,Introduction to Symbolic Logic,030082,"Cameron,Ross",100,14020,College & Graduate Arts & Sci,3.43,66,4,14,16,14,11,5,1,0,0,1
2022 Fall,PLCP,3120,Pol Econ of the Welfare State,041343,"Schwartz,Mark",100,17768,College & Graduate Arts & Sci,3.56,107,3,22,42,28,10,1,0,0,0,1
2022 Fall,RELG,1010,Intro Western Religious Trads,034138,"Warren,Heather",100,10772,College & Graduate Arts & Sci,3.77,220,0,131,59,16,10,1,0,0,1,2
2022 Fall,FREN,2020,Intermediate French II,014316,"Hill,Andrew Rivard",007,10503,College & Graduate Arts & Sci,3.64,17,0,7,6,1,1,2,0,0,0,0
2022 Fall,CJ,5140,National Sec & Intel for LE,045809,"Anglin,Adrian Christian",01,21695,Continuing & Prof Studies,4.00,17,3,14,0,0,0,0,0,0,0,0
2022 Fall,SPAN,2020,Advanced Intermediate Spanish,035854,"Park,Sara",013,11668,College & Graduate Arts & Sci,3.63,18,0,1,14,2,1,0,0,0,0,0
2022 Fall,CS,3710,Intro to Cybersecurity,045511,"Shand,William",002,16818,Engineering & Applied Science,3.85,118,36,49,22,4,5,1,0,0,1,0
2022 Fall,CHEM,1811,Principles Chem Structure Lab,006007,"Zhang,Sen",004,17725,College & Graduate Arts & Sci,3.84,20,2,13,1,4,0,0,0,0,0,0
2022 Fall,PLCP,4150,Comparative Public Policy,031703,"Schoppa,Len",001,17777,College & Graduate Arts & Sci,3.90,10,1,7,1,1,0,0,0,0,0,0
2022 Fall,EGMT,1530,Engaging Differences,044514,"Reid,Sean",207,17943,College & Graduate Arts & Sci,3.83,26,0,24,1,0,0,0,0,0,0,1
2022 Fall,MATH,7820,Differential Topology,023240,"Krushkal,Slava",001,11488,College & Graduate Arts & Sci,3.57,20,3,5,4,3,4,1,0,0,0,0
2022 Fall,PSHM,1010,Explorations in Health Care,044696,"Medico,Tegan Jean",560,21328,Continuing & Prof Studies,3.77,22,6,6,7,0,3,0,0,0,0,0
2022 Fall,LAW,9326,Housing Law & Poverty Seminar,045626,"Leiter-White,Robin",1,19853,School of Law,3.56,15,0,3,6,5,0,1,0,0,0,0
2022 Fall,CHEM,5350,Main Group Inorganic Chemistry,044920,"Gilliard,Robert",001,17723,College & Graduate Arts & Sci,3.18,13,1,2,1,4,1,2,0,2,0,0
2022 Fall,CS,1112,Introduction to Programming,007058,"Cohoon,Jim",001,15560,Engineering & Applied Science,3.78,127,5,64,38,13,5,1,1,0,0,0
2022 Fall,MATH,1310,Calculus I,022953,"Chasteen-Boyd,David",200,10591,College & Graduate Arts & Sci,3.85,23,13,6,0,3,0,1,0,0,0,0
2022 Fall,LAW,8004,Con Law II: Speech and Press,021629,"Schauer,Frederick",1,19962,School of Law,3.45,56,0,10,14,19,12,1,0,0,0,0
2022 Fall,CHEM,3610,Physical Chemistry - Engineers,005734,"Harrison,Allan",100,11991,College & Graduate Arts & Sci,3.39,17,0,3,5,5,1,2,1,0,0,0
2022 Fall,EDIS,5139,Supervision and Management,046122,"Wine,Byron",501,15422,School of Education and HumanDev,3.75,8,3,1,2,2,0,0,0,0,0,0
2022 Fall,CJ,5290,Emotional Intelligence,041302,"Coleman,Marian Elizabeth",02,21710,Continuing & Prof Studies,4.00,26,19,7,0,0,0,0,0,0,0,0
2022 Fall,CJ,3490,Lgl Issues Impact Law Enf Ops,039968,"Pettry,Michael T",01,21713,Continuing & Prof Studies,3.79,14,2,7,2,2,1,0,0,0,0,0
2022 Fall,MUSI,3050,Music and Discourse,024790,"DeVeaux,Scott",001,13049,College & Graduate Arts & Sci,3.69,21,0,7,11,1,0,2,0,0,0,0
2022 Fall,GNUR,8220,Philosophy of Nurs Knowledge,017047,"Malpass,Jessica",001,17413,School of Nursing,3.73,6,1,1,3,1,0,0,0,0,0,0
2022 Fall,LAW,7112,Energy Regulation and Policy,041697,"Gocke,Alison",1,20857,School of Law,3.43,26,0,2,9,10,5,0,0,0,0,0
2022 Fall,RELG,5801,Crafting a Research Project,044807,"Alexander,Elizabeth",001,12377,College & Graduate Arts & Sci,3.73,6,1,2,2,0,1,0,0,0,0,0
2022 Fall,MAE,3610,Aerospace Materials,022587,"Wadley,Haydn",001,15593,Engineering & Applied Science,3.29,43,2,3,11,12,8,4,2,0,1,0
2022 Fall,EDIS,5409,Children's Lit - LMS,043575,"Schnoor,Diane",500,15355,School of Education and HumanDev,4.00,10,8,2,0,0,0,0,0,0,0,0
2022 Fall,MATH,1210,A survey of Calculus I,022944,"Ure,Charlotte",930,10587,College & Graduate Arts & Sci,3.41,14,0,5,3,1,2,2,0,1,0,0
2022 Fall,LAW,7009,Criminal Procedure Survey,021819,"Harmon,Rachel",1,19871,School of Law,3.57,51,2,11,16,17,3,2,0,0,0,0
2022 Fall,ENCW,3610,Intermediate Fiction Writing,013477,"Marcom,Micheline",001,13029,College & Graduate Arts & Sci,3.95,12,0,10,2,0,0,0,0,0,0,0
2022 Fall,PSYC,4500,Spec Tops: Psychology,032600,"Carroll,Christina",003,20250,College & Graduate Arts & Sci,3.91,15,6,7,0,2,0,0,0,0,0,0
2022 Fall,AMST,3280,Intro to Native Studies,046072,"Jernigan,Kasey",001,14062,College & Graduate Arts & Sci,3.98,25,12,11,2,0,0,0,0,0,0,0
2022 Fall,LAW,6003,Criminal Law,021556,"Coughlin,Anne",HJ,19755,School of Law,3.40,63,0,7,15,28,11,2,0,0,0,0
2022 Fall,MAE,3710,Mechanical Systems,022591,"Russell,Shawn",001,15594,Engineering & Applied Science,3.35,59,0,16,12,10,9,6,4,1,1,0
2022 Fall,GNUR,6054,Rsch & Biostats Proc Hlth Care,016931,"Evans,Emily",002,17416,School of Nursing,3.93,12,1,8,3,0,0,0,0,0,0,0
2022 Fall,PSPS,6010,Constitutional Framework of PS,046293,"Johnson,Carolyn Hess",581,21102,Continuing & Prof Studies,3.90,20,0,16,2,2,0,0,0,0,0,0
2022 Fall,APMA,3100,Probability,001152,"Ryals,Megan",006,18973,Engineering & Applied Science,3.22,29,0,3,6,9,5,5,0,0,0,1
2022 Fall,CS,5012,Foundations Computer Science,043283,"Nguyen,Phong",001,19027,Engineering & Applied Science,3.84,63,14,34,6,6,0,2,1,0,0,0
2022 Fall,ECE,3430,Intro Embedded Computer Systms,042681,"Delong,Todd",001,18885,Engineering & Applied Science,3.77,35,17,12,1,1,1,2,0,0,0,1
2022 Fall,MAE,2030,Intro to Aerospace Engineering,046330,"Arney,Dale",001,16982,Engineering & Applied Science,3.72,85,10,34,22,10,7,1,0,1,0,0
2022 Fall,CS,3330,Computer Architecture,006902,"Reiss,Charles",002,16258,Engineering & Applied Science,3.46,91,5,31,14,13,16,5,3,4,0,0
2022 Fall,USEM,1580,University Seminar,037198,"Thomas,Mark",002,18937,Executive VP & Provost,3.35,10,0,1,5,1,1,1,0,1,0,0
2022 Fall,STAT,3220,Intro to Regression Analysis,040001,"Varanyak,Krista",002,12126,College & Graduate Arts & Sci,3.96,76,1,68,5,2,0,0,0,0,0,0
2022 Fall,CS,6501,Spec Top: Computer Science,006981,"Behl,Madhur",005,19016,Engineering & Applied Science,3.76,11,1,4,4,2,0,0,0,0,0,0
2022 Fall,CHEM,2311,Org Chem Lab I Non Chem Major,043154,"Chruma,Jason",012,13057,College & Graduate Arts & Sci,3.82,32,0,19,10,2,0,1,0,0,0,0
2022 Fall,CS,2100,Data Structures and Algo 1,046225,"Stone,Derrick",001,18788,Engineering & Applied Science,3.83,245,135,60,21,9,10,6,1,1,0,2
2022 Fall,HIEA,3171,Meiji Japan,041010,"Stolz,Robert",001,18106,College & Graduate Arts & Sci,3.81,15,0,7,7,1,0,0,0,0,0,0
2022 Fall,LPPS,6080,Education Policy,043470,"Bassok,Daphna",001,17262,Batten Leadership & Public Pol,3.88,8,0,6,1,1,0,0,0,0,0,0
2022 Fall,EGMT,1510,Engaging Aesthetics,044512,"Parker,Deborah",110,17885,College & Graduate Arts & Sci,3.96,35,0,30,5,0,0,0,0,0,0,0
2022 Fall,ENGL,5900,Counterpoint Seminar,012847,"Griffin,Cristina",001,18896,College & Graduate Arts & Sci,3.96,14,0,12,2,0,0,0,0,0,0,0
2022 Fall,EVSC,4995,Supervised Research,013985,"Epstein,Howard",010,11315,College & Graduate Arts & Sci,4.00,14,3,11,0,0,0,0,0,0,0,0
2022 Fall,ARTS,2000,Intro to Studio Art,045397,"Chan,Amy",001,12852,College & Graduate Arts & Sci,3.93,20,0,18,0,2,0,0,0,0,0,0
2022 Fall,DRAM,1020,Speaking in Public,007178,"Garey,Cady",004,12820,College & Graduate Arts & Sci,3.88,16,0,11,4,1,0,0,0,0,0,0
2022 Fall,PHIL,1410,Forms of Reasoning,030021,"Anderson,Joseph",001,13016,College & Graduate Arts & Sci,3.72,29,0,13,12,1,2,0,1,0,0,0
2022 Fall,SPAN,4420,Spanish Contemporary Poetry,035965,"Opere,Fernando",001,18499,College & Graduate Arts & Sci,3.76,22,0,8,12,1,1,0,0,0,0,0
2022 Fall,PSYC,2005,Rsch Methods & Data Analysis I,032539,"Clark,Jason",002,12840,College & Graduate Arts & Sci,3.34,61,4,16,10,9,11,5,2,3,0,1
2022 Fall,GNUR,6315,AGAC Seminar II,017000,"Esquivel,Jill",001,17498,School of Nursing,3.60,37,0,4,23,7,3,0,0,0,0,0
2022 Fall,ARTH,3062,Pompeii,002505,"Kreindler,Kate",001,18856,College & Graduate Arts & Sci,3.84,56,3,39,4,9,0,1,0,0,0,0
2022 Fall,AAS,2500,Topics in Africana Studies,046413,"Rotich,Anne",002,19013,College & Graduate Arts & Sci,3.57,20,0,7,6,3,3,0,1,0,0,0
2022 Fall,STAT,3480,Nonparametric Statistics,043752,"Ross,Richard",001,12996,College & Graduate Arts & Sci,3.91,59,0,49,6,2,2,0,0,0,0,0
2022 Fall,EDIS,7072,Performance Improvement,043408,"Aziz,Dawn",500,15369,School of Education and HumanDev,3.44,16,7,3,2,0,1,1,0,1,0,1
2022 Fall,EDIS,7700,Reading Found Diverse Learners,009522,"Gray,Julie",500,15374,School of Education and HumanDev,3.91,21,0,18,2,0,0,1,0,0,0,0
2022 Fall,MDST,2710,Screenwriting,041013,"Cribben,Patrick",001,18633,College & Graduate Arts & Sci,3.82,10,0,4,6,0,0,0,0,0,0,0
2022 Fall,AMST,4559,New Course: American Studies,038537,"Kong-Chow,Janet",002,18683,College & Graduate Arts & Sci,3.78,13,3,6,2,0,1,1,0,0,0,0
2022 Fall,MDST,4510,Capstone Topics,045773,"Bodroghkozy,Aniko",004,19614,College & Graduate Arts & Sci,3.56,12,0,4,3,2,3,0,0,0,0,0
2022 Fall,MATH,1220,A Survey of Calculus II,022945,"Castano,Alejandro De Las Penas",100,10588,College & Graduate Arts & Sci,3.06,12,1,1,2,1,2,2,2,1,0,0
2022 Fall,PSPA,5000,Intro to Public Administration,039947,"Greene,Celeste",701,20714,Continuing & Prof Studies,3.84,14,4,6,3,0,0,1,0,0,0,0
2022 Fall,STAT,3250,Data Analysis with Python,044090,"Holt,Jeffrey",001,18330,College & Graduate Arts & Sci,3.84,96,1,67,14,9,4,1,0,0,0,0
2022 Fall,CS,4501,Spec Top: Computer Science,006942,"Wang,Tianhao",006,18806,Engineering & Applied Science,3.74,23,14,2,2,0,4,1,0,0,0,0
2022 Fall,LAW,7773,Inside the Boardroom (SC),044704,"Kimmel,Roger",1,20859,School of Law,3.46,5,0,0,2,3,0,0,0,0,0,0
2022 Fall,APMA,1090,Single Variable Calculus I,001138,"Ma,Hui",003,16967,Engineering & Applied Science,3.68,39,6,4,25,1,1,1,0,1,0,0
2022 Fall,PLAP,3140,Mass Media & American Politics,031561,"Freedman,Paul",100,13272,College & Graduate Arts & Sci,3.66,107,0,52,24,19,8,0,0,3,1,0
2022 Fall,CJ,3720,Contemp Issues in Police Media,006195,"Jones,Stephen D",01,21691,Continuing & Prof Studies,3.95,13,0,11,2,0,0,0,0,0,0,0
2022 Fall,CJ,5720,Seminar in Managing LE Image,043266,"Pennybacker,Gail Lyn",05,21711,Continuing & Prof Studies,4.00,21,14,7,0,0,0,0,0,0,0,0
2022 Fall,CJ,5690,Adv Comm for LE Executives,046814,"Lewis,Cynthia L.",01,21732,Continuing & Prof Studies,4.00,25,14,11,0,0,0,0,0,0,0,0
2022 Fall,GREE,2010,Intermediate Greek I,017183,"Kuin,Inger Neeltje Irene",001,10533,College & Graduate Arts & Sci,3.55,14,0,5,5,2,0,0,2,0,0,0
2022 Fall,RELC,3620,Modern Theology,042698,"Barnett,Victoria",001,19742,College & Graduate Arts & Sci,3.95,12,2,8,2,0,0,0,0,0,0,0
2022 Fall,ARCH,4100,Design Research Seminar,042374,"Comazzi,John",001,10082,School of Architecture,3.91,65,46,8,7,1,3,0,0,0,0,0
2022 Fall,DS,2003,Communicating with Data,046060,"Corliss,Bruce",001,17705,School of Data Science,3.73,46,0,12,29,5,0,0,0,0,0,0
2022 Fall,ENGL,2599,Special Topics,012514,"Wall,Cynthia",002,18299,College & Graduate Arts & Sci,3.58,18,3,4,2,7,2,0,0,0,0,0
2022 Fall,LAR,7500,Special Tops in Landscape Arch,045643,"Cantrell,Bradley",001,10183,School of Architecture,3.48,18,0,2,6,8,2,0,0,0,0,0
2022 Fall,MDST,3883,Superhero Media,046692,"Duncan,Sean",001,19597,College & Graduate Arts & Sci,3.70,10,0,6,1,2,0,1,0,0,0,0
2022 Fall,STAT,3110,Foundations of Statistics,044444,"Celum,Connor",002,12802,College & Graduate Arts & Sci,3.42,36,2,10,5,7,8,2,1,0,1,0
2022 Fall,ENGL,2599,Special Topics,012514,"Watts,Courtney",007,20883,College & Graduate Arts & Sci,3.75,19,4,5,7,1,2,0,0,0,0,0
2022 Fall,GCOM,7832,IT Intl Project Management,042885,"Grazioli,Stefano",001,21646,McIntire School of Commerce,3.73,11,0,5,3,3,0,0,0,0,0,0
2022 Fall,KINE,5485,Life Cycle Nutrition,044388,"Kranz,Sibylle",1,15059,School of Education and HumanDev,3.96,17,14,1,2,0,0,0,0,0,0,0
2022 Fall,ENCW,2300,Poetry Writing,013450,"James,Katherine",006,18736,College & Graduate Arts & Sci,3.89,14,2,9,2,0,1,0,0,0,0,0
2022 Fall,COMM,4351,Mktg Analytics for Big Data,046288,"Foutz,Natasha",001,14756,McIntire School of Commerce,3.76,36,0,14,17,5,0,0,0,0,0,0
2022 Fall,ANTH,2285,Development & Humanitarianism,043961,"Tidey,Sylvia",001,18451,College & Graduate Arts & Sci,3.71,34,5,12,12,2,1,0,1,1,0,0
2022 Fall,MATH,1210,A survey of Calculus I,022944,"Gagne,Matthew",920,10584,College & Graduate Arts & Sci,3.41,29,0,8,5,9,1,5,1,0,0,0
2022 Fall,LAW,6102,Administrative Law,021597,"Duffy,John",1,19783,School of Law,3.53,29,0,8,9,5,6,1,0,0,0,0
2022 Fall,PLAD,2500,Special Topics,040272,"Mershon,Carol",001,13737,College & Graduate Arts & Sci,3.64,21,0,4,13,1,3,0,0,0,0,0
2022 Fall,MATH,8852,Representation Theory,023259,"Petrov,Leonid",001,18779,College & Graduate Arts & Sci,3.66,5,1,1,1,2,0,0,0,0,0,0
2022 Fall,EDIS,5422,Cross-Cultural Education,043455,"Hemmler,Vonna",501,15358,School of Education and HumanDev,3.90,23,0,18,4,0,1,0,0,0,0,0
2022 Fall,MAE,3210,Fluid Mechanics,022582,"Quinn,Daniel",001,15591,Engineering & Applied Science,3.43,109,5,22,29,18,24,7,1,2,1,0
2022 Fall,MATH,1310,Calculus I,022953,"Tikhonov,Mikhail",100,10590,College & Graduate Arts & Sci,3.94,16,5,9,1,1,0,0,0,0,0,0
2022 Fall,EDLF,7601,Social Foundations of ED,009731,"Shaffer,Sharon",500,15393,School of Education and HumanDev,3.53,28,2,8,7,3,5,3,0,0,0,0
2022 Fall,EGMT,1540,Ethical Engagement,044515,"Henry,James",105,12356,College & Graduate Arts & Sci,3.94,35,0,29,5,1,0,0,0,0,0,0
2022 Fall,MATH,1210,A survey of Calculus I,022944,"Cernekova,Kristina",940,10585,College & Graduate Arts & Sci,3.75,12,0,7,2,2,1,0,0,0,0,0
2022 Fall,CHEM,1410,Intro College Chemistry I,005649,"Welch,Kevin",600,14153,College & Graduate Arts & Sci,3.68,331,20,153,67,46,25,15,3,2,0,0
2022 Fall,EGMT,1540,Ethical Engagement,044515,"Bernard,Benjamin",200,12347,College & Graduate Arts & Sci,3.96,29,0,25,4,0,0,0,0,0,0,0
2022 Fall,EDLF,7603,Philosophy of Education,009733,"Paxton,Benjamin",500,15394,School of Education and HumanDev,3.98,26,2,22,2,0,0,0,0,0,0,0
2022 Fall,ENCW,2200,Intro to Creative Nonfiction,040481,"Martin-Beecher,Anna",001,20927,College & Graduate Arts & Sci,4.00,14,3,11,0,0,0,0,0,0,0,0
2022 Fall,LAW,8002,Bankruptcy (Law & Business),021606,"Hynes,Richard",1,19882,School of Law,3.53,17,0,4,5,5,3,0,0,0,0,0
2022 Fall,SOC,2230,Criminology,035322,"Buckelew,Rose",100,18538,College & Graduate Arts & Sci,3.85,224,41,128,35,8,8,2,0,1,0,1
2022 Fall,ECE,6501,Topics: Elect & Computer Engr,007731,"Fletcher,Tom",006,16630,Engineering & Applied Science,3.48,5,1,1,1,0,1,1,0,0,0,0
2022 Fall,EGMT,1530,Engaging Differences,044514,"Saraf,Ishani",202,12351,College & Graduate Arts & Sci,3.90,33,0,29,1,2,0,0,1,0,0,0
2022 Fall,ALAR,8010,Research Studio 1,042199,"Bailo Esteve,Manuel",501,17984,School of Architecture,3.89,9,4,3,1,1,0,0,0,0,0,0
2022 Fall,EDLF,7630,Ed in Multicultural Societies,045079,"Hoffman,Diane",500,15396,School of Education and HumanDev,3.93,23,0,18,5,0,0,0,0,0,0,0
2022 Fall,AMST,3471,American Cinema,046318,"Chong,Sylvia",001,14464,College & Graduate Arts & Sci,3.78,37,8,17,4,5,1,2,0,0,0,0
2022 Fall,ISHU,4350,The Films of Stanley Kubrick,040284,"Moon,Hyeyon",101,21046,Continuing & Prof Studies,3.68,17,0,7,7,0,2,1,0,0,0,0
2022 Fall,GNUR,6630,Women & Children PC Practicum,044778,"Boitnott,Amy",001,17458,School of Nursing,3.73,8,0,2,5,1,0,0,0,0,0,0
2022 Fall,APMA,2120,Multivariable Calculus,001144,"Mahmood,Asif",005,16038,Engineering & Applied Science,3.73,37,6,16,5,6,3,1,0,0,0,0
2022 Fall,HIEA,2101,Modern Korean History,018295,"Seeley,Joseph",100,18092,College & Graduate Arts & Sci,3.92,58,0,45,11,2,0,0,0,0,0,0
2022 Fall,LAW,7179,Race and Criminal Justice,045598,"Bowers,Josh",1,19879,School of Law,3.54,10,0,5,3,1,0,0,0,0,0,1
2022 Fall,PLAP,4500,Special Topics,031588,"Kromkowski,Charles",003,13285,College & Graduate Arts & Sci,3.88,12,1,6,5,0,0,0,0,0,0,0
2022 Fall,LAW,6007,Torts,021571,"Strauss,Gregg",D,19839,School of Law,3.40,32,1,1,9,14,7,0,0,0,0,0
2022 Fall,CJ,5720,Seminar in Managing LE Image,043266,"White,Kenneth D",01,21678,Continuing & Prof Studies,3.97,21,19,1,0,1,0,0,0,0,0,0
2022 Fall,EDIS,7220,Intro to Gifted,009709,"Dmitrieva,Svetlana",500,15370,School of Education and HumanDev,3.92,21,5,14,1,0,0,1,0,0,0,0
2022 Fall,COMM,4710,Intermediate Investments,006538,"Kulkarni,Sheisha",004,14664,McIntire School of Commerce,3.35,27,1,1,6,13,4,2,0,0,0,0
2022 Fall,CS,3100,Data Structures and Algo 2,046228,"Floryan,Mark",001,19655,Engineering & Applied Science,3.50,147,0,55,25,30,29,1,2,1,4,0
2022 Fall,CS,3100,Data Structures and Algo 2,046228,"Floryan,Mark",002,19656,Engineering & Applied Science,3.49,132,0,55,19,30,14,2,4,2,6,0
2022 Fall,ENGR,1624,Introduction to Engineering,045087,"Barker,Shannon",014,19716,Engineering & Applied Science,3.99,36,21,14,1,0,0,0,0,0,0,0
2022 Fall,LAR,6110,History of Landscape Design I,020909,"Lee,Michael",001,10111,School of Architecture,3.32,20,0,3,6,2,4,5,0,0,0,0
2022 Fall,PHIL,2500,Survey on a PhilosophicalTopic,043637,"Stangl,Rebecca",100,12481,College & Graduate Arts & Sci,3.56,50,0,12,21,8,8,0,0,1,0,0
2022 Fall,PSHM,4750,Organiz Behavior & Leadership,045162,"Oliver,Stephen",101,20634,Continuing & Prof Studies,3.80,10,1,6,1,1,1,0,0,0,0,0
2022 Fall,SEC,3030,Human Factors Cyber Security,045342,"Holbert,Derek",701,20745,Continuing & Prof Studies,3.83,15,1,8,5,0,1,0,0,0,0,0
2022 Fall,SOC,2280,Medical Sociology,045905,"Aviles,Natalie",100,13487,College & Graduate Arts & Sci,3.92,57,5,42,8,1,0,0,1,0,0,0
2022 Fall,PLPT,3010,Ancient & Medieval Pol Theory,031926,"Klosko,George",100,17757,College & Graduate Arts & Sci,3.44,48,0,7,17,12,9,2,1,0,0,0
2022 Fall,CJ,5660,Adv Concept of Wellness in LE,041450,"Draper,Sarah",01,21683,Continuing & Prof Studies,4.00,18,9,9,0,0,0,0,0,0,0,0
2022 Fall,STAT,3220,Intro to Regression Analysis,040001,"Varanyak,Krista",004,21006,College & Graduate Arts & Sci,3.78,25,0,15,4,6,0,0,0,0,0,0
2022 Fall,LPPS,5360,Imagining Equitable Policy,046352,"Claibourn,Michele",001,17314,Batten Leadership & Public Pol,3.97,18,0,16,2,0,0,0,0,0,0,0
2022 Fall,HIST,5559,New Course: HIST,039304,"Nicoletti,Cynthia",002,21091,College & Graduate Arts & Sci,3.81,7,0,4,2,1,0,0,0,0,0,0
2022 Fall,CHE,6625,Transport Processes,005513,"Lazzara,Matthew",600,20945,Engineering & Applied Science,3.39,12,0,5,1,0,4,1,1,0,0,0
2022 Fall,NUCO,4310,Mental Health Nursing,043228,"Hart,Ginny",001,17424,School of Nursing,3.98,39,0,36,3,0,0,0,0,0,0,0
2022 Fall,LAW,9053,Hallmks of Distinguished Advoc,021945,"Shadel,Molly",1,20936,School of Law,3.57,12,0,0,8,4,0,0,0,0,0,0
2022 Fall,PHYS,1559,New Course: PHYS,039720,"Group,Robert",001,18894,College & Graduate Arts & Sci,3.67,35,7,19,1,0,4,0,3,0,1,0
2022 Fall,COMM,3010,Strategy and Systems,006453,"Maurer,Christopher Scott",004,14632,McIntire School of Commerce,3.52,47,0,7,17,21,0,2,0,0,0,0
2022 Fall,ISBU,4680,Entrepreneurship,037517,"Green,Kay",101,20608,Continuing & Prof Studies,3.38,13,0,11,0,0,0,0,0,0,0,2
2022 Fall,EVSC,5040,Messy Data,045457,"Castorani,Max",100,18005,College & Graduate Arts & Sci,3.95,12,3,7,2,0,0,0,0,0,0,0
2022 Fall,AMST,3300,Introduction to Latinx Studies,000474,"Cacho,Lisa",001,18570,College & Graduate Arts & Sci,3.82,25,16,5,0,1,0,3,0,0,0,0
2022 Fall,ENGL,2506,Studies in Poetry,012488,"Davis,Matthew",003,20123,College & Graduate Arts & Sci,3.59,16,0,6,5,3,1,0,0,1,0,0
2022 Fall,EGMT,1530,Engaging Differences,044514,"Smith,Wendy",204,12353,College & Graduate Arts & Sci,3.95,35,13,20,1,0,0,1,0,0,0,0
2022 Fall,MATH,1210,A survey of Calculus I,022944,"Ure,Charlotte",950,13925,College & Graduate Arts & Sci,3.72,33,0,20,5,5,0,2,1,0,0,0
2022 Fall,SPAN,4510,Spec Topics Sem: Literature,035968,"Valverde,Fernando",001,18318,College & Graduate Arts & Sci,3.88,22,3,13,4,2,0,0,0,0,0,0
2022 Fall,GERM,3559,New Course: GERM,039211,"Gutterman,Julia",001,18678,College & Graduate Arts & Sci,4.00,14,2,12,0,0,0,0,0,0,0,0
2022 Fall,ENGL,3560,Studies in Mod & Contemp Lit,039235,"Chakravorty,Mrinalini",002,18139,College & Graduate Arts & Sci,3.27,15,1,5,2,1,3,2,0,0,0,1
2022 Fall,HIST,2212,Maps in World History,044403,"Edelson,S.",100,18177,College & Graduate Arts & Sci,3.70,56,6,17,20,8,5,0,0,0,0,0
2022 Fall,PHIL,2820,Phil of Health & Health Care,046586,"Barnes,Elizabeth",100,18599,College & Graduate Arts & Sci,3.70,113,0,49,36,16,12,0,0,0,0,0
2022 Fall,AAS,2500,Topics in Africana Studies,046413,"Richardson,Liana",003,19015,College & Graduate Arts & Sci,3.67,24,2,8,7,4,3,0,0,0,0,0
2022 Fall,HIST,3501,Introductory History Workshop,046540,"Eschen,Penny Von",002,18595,College & Graduate Arts & Sci,3.86,14,5,8,0,0,0,0,0,1,0,0
2022 Fall,LATI,5060,Roman Comedy,021194,"Miller,John",001,18344,College & Graduate Arts & Sci,3.81,7,0,4,2,1,0,0,0,0,0,0
2022 Fall,CS,2130,Computer Systems and Org 1,046226,"Hott,Robbie",002,19683,Engineering & Applied Science,3.33,88,4,10,28,14,21,6,3,0,0,2
2022 Fall,HIST,1501,Introductory Sem in History,019008,"Thomas,Mark",003,21210,College & Graduate Arts & Sci,3.57,12,0,2,6,2,2,0,0,0,0,0
2022 Fall,CJ,5720,Seminar in Managing LE Image,043266,"Pennybacker,Gail Lyn",04,21700,Continuing & Prof Studies,4.00,21,13,8,0,0,0,0,0,0,0,0
2022 Fall,CJ,5740,Emerging Tech Influence on PS,046525,"Lehman,Matthew D",01,21718,Continuing & Prof Studies,4.00,8,4,4,0,0,0,0,0,0,0,0
2022 Fall,CJ,5210,Cont Iss Challenging LE Execs,006261,"Anglin,Adrian Christian",01,21697,Continuing & Prof Studies,4.00,34,7,27,0,0,0,0,0,0,0,0
2022 Fall,CJ,3150,Intro National Security LE,046524,"Anglin,Adrian Christian",02,21721,Continuing & Prof Studies,4.00,18,2,16,0,0,0,0,0,0,0,0
2022 Fall,CJ,5125,Executive Response Drug Crimes,046791,"Highsmith,James",01,21723,Continuing & Prof Studies,3.76,10,2,5,0,2,1,0,0,0,0,0
2022 Fall,CJ,5720,Seminar in Managing LE Image,043266,"Pennybacker,Gail Lyn",06,21717,Continuing & Prof Studies,4.00,21,16,5,0,0,0,0,0,0,0,0
2022 Fall,LAW,7679,Parent Choice in K-12 Ed (SC),041717,"Robinson,Gerard",1,20993,School of Law,3.45,11,0,0,4,7,0,0,0,0,0,0
2022 Fall,ENGL,2508,Studies in Fiction,012491,"Kuhn,Mary",005,21014,College & Graduate Arts & Sci,3.87,19,0,11,8,0,0,0,0,0,0,0
2022 Fall,ARCH,3240,Intro to Structural Design,001531,"Hays,Benjamin",100,10108,School of Architecture,3.45,80,0,18,24,14,16,7,1,0,0,0
2022 Fall,ENGL,8820,Critical Methods,040734,"Ogden,Emily",001,21077,College & Graduate Arts & Sci,3.85,8,0,4,4,0,0,0,0,0,0,0
2022 Fall,APMA,2120,Multivariable Calculus,001144,"Mahmood,Asif",003,16058,Engineering & Applied Science,3.59,41,6,18,7,1,5,2,0,0,1,1
2022 Fall,LAW,7799,Topics in Pub Eq Inv (SC),045599,"Wilson,Barney",1,19848,School of Law,3.50,6,0,1,2,2,1,0,0,0,0,0
2022 Fall,ECE,6502,Spec Top:Elect & Computer Engr,007732,"Hassanzadeh,Farzad",001,16853,Engineering & Applied Science,3.90,9,4,2,3,0,0,0,0,0,0,0
2022 Fall,GNUR,6056,Health Policy,016935,"Acquaviva,Kimberly",001,17462,School of Nursing,4.00,12,10,2,0,0,0,0,0,0,0,0
2022 Fall,ENGL,4270,Shakespeare Seminar,037464,"Parker,John",001,18284,College & Graduate Arts & Sci,3.61,11,0,3,4,3,1,0,0,0,0,0
2022 Fall,MAE,6120,Microscale Heat Transfer,022650,"Hopkins,Patrick",001,20285,Engineering & Applied Science,3.78,16,1,10,3,0,0,2,0,0,0,0
2022 Fall,EDIS,5428,ESL Methods PreK-12,045531,"Ford,Karen Lee",501,15465,School of Education and HumanDev,3.90,20,9,8,1,1,1,0,0,0,0,0
2022 Fall,NURS,1010,Nursing First Year Seminar,045508,"Carroll,Theresa",001,17481,School of Nursing,3.99,22,14,7,1,0,0,0,0,0,0,0
2022 Fall,GNUR,8670,Resilient Leadership,045530,"Ridge,Richard",001,17482,School of Nursing,4.00,13,8,5,0,0,0,0,0,0,0,0
2022 Fall,CS,4710,Artificial Intelligence,006916,"Feng,Lu",001,16156,Engineering & Applied Science,3.98,67,0,63,3,1,0,0,0,0,0,0
2022 Fall,PSPS,6040,Create & Sustain Comm Dialogue,046294,"McElvain,James Patrick",580,21101,Continuing & Prof Studies,3.90,21,0,16,4,0,1,0,0,0,0,0
2022 Fall,NESC,7010,Foundations of Neuroimmunology,044042,"Harris,Tajie",001,19362,Medical School - BIMS/PHS,3.92,9,1,7,0,1,0,0,0,0,0,0
2022 Fall,BME,4550,Spec Topics: Biomedical Engr,004090,"Fallahi-Sichani,Mohammad",001,16976,Engineering & Applied Science,3.77,55,6,19,22,7,1,0,0,0,0,0
2022 Fall,MSE,2500,Special Topics in MSE,041924,"Green,David",001,16945,Engineering & Applied Science,3.89,37,0,29,5,2,1,0,0,0,0,0
2022 Fall,LAW,6007,Torts,021571,"Duffy,John",F,20653,School of Law,3.40,31,0,3,9,11,7,1,0,0,0,0
2022 Fall,LAW,6007,Torts,021571,"Abraham,Kenneth",HI,20654,School of Law,3.40,64,0,4,14,41,3,2,0,0,0,0
2022 Fall,ECON,5090,Mathematical Economics I,007998,"Aman-Rana,Shan",100,10440,College & Graduate Arts & Sci,3.92,20,13,5,1,0,0,1,0,0,0,0
2022 Fall,APMA,3120,Statistics,001154,"Lark,James",001,15546,Engineering & Applied Science,3.47,32,1,12,4,5,6,3,0,0,1,0
2022 Fall,CE,2010,Civil Engineering Techniques,004429,"Smith,Brian",001,15549,Engineering & Applied Science,3.64,45,0,29,5,3,4,2,0,1,0,1
2022 Fall,LAW,6000,Civil Procedure,021550,"Frost,Amanda",DI,19800,School of Law,3.30,65,0,5,17,18,17,7,1,0,0,0
2022 Fall,CHE,6605,Research Methods,046040,"Davis,Robert",001,16966,Engineering & Applied Science,3.96,16,0,14,2,0,0,0,0,0,0,0
2022 Fall,MAE,2040,Computer Aided Design,046331,"Morgan,Neal",005,16987,Engineering & Applied Science,3.67,26,7,6,6,5,0,0,2,0,0,0
2022 Fall,EDIS,2010,Teaching as a Profession,009383,"Chabalengula,Vivien",004,18381,School of Education and HumanDev,3.87,30,1,26,0,0,1,1,1,0,0,0
2022 Fall,ARTH,2271,Northern Renaissance Art,002466,"Goedde,Lawrence",001,13450,College & Graduate Arts & Sci,3.59,46,0,16,14,8,5,3,0,0,0,0
2022 Fall,ARTH,3591,Art History Colloquium,042072,"Kreindler,Kate",002,13453,College & Graduate Arts & Sci,3.89,12,0,9,2,1,0,0,0,0,0,0
2022 Fall,PHS,3130,Intro to Hlth Resrch Methods,043175,"Pannone,Aaron",001,19744,College & Graduate Arts & Sci,3.87,31,10,20,0,0,0,0,0,0,0,1
2022 Fall,MAE,2020,Intro to Mechanical Engrng,046329,"Zhu,Joseph",001,16981,Engineering & Applied Science,3.61,94,2,24,45,9,10,1,1,2,0,0
2022 Fall,EDIS,5820,Assessment Of & For Learning,045053,"Hock,Michelle",002,15470,School of Education and HumanDev,3.75,21,1,5,14,0,1,0,0,0,0,0
2022 Fall,APMA,3140,App Partial Differentl Equatns,001155,"Morris,Diana",002,16850,Engineering & Applied Science,3.58,35,2,17,5,1,6,2,1,0,1,0
2022 Fall,COMM,4522,Topics in BA,046287,"Li,Jingjing",003,19641,McIntire School of Commerce,3.81,38,3,23,4,7,1,0,0,0,0,0
2022 Fall,GDS,3100,Development on the Ground,039954,"Edmunds,David",001,11016,College & Graduate Arts & Sci,3.90,26,3,16,6,1,0,0,0,0,0,0
2022 Fall,APMA,1110,Single Variable Calculus II,001140,"Pisano,Stacie",003,15525,Engineering & Applied Science,3.50,33,3,8,9,4,5,3,0,1,0,0
2022 Fall,GNUR,5010,Introduction to Telehealth,043818,"Schweickert,Patty",001,17417,School of Nursing,3.81,17,4,7,3,2,1,0,0,0,0,0
2022 Fall,PHYS,2030,Princip of Physics 1 Workshop,030811,"Sousa,Gabriel Lucas Andrade de",005,10908,College & Graduate Arts & Sci,3.68,24,0,5,14,5,0,0,0,0,0,0
2022 Fall,COMM,3110,Intermediate Accounting I,006461,"McDermott,Katie",500,14655,McIntire School of Commerce,3.71,28,0,11,11,4,2,0,0,0,0,0
2022 Fall,GNUR,8250,Applied Stats for Clin Prac,044796,"Byon,Ha Do",001,17455,School of Nursing,3.91,13,5,4,4,0,0,0,0,0,0,0
2022 Fall,ECE,6852,Linear State Space Control Sys,007715,"Lin,Zongli",001,15585,Engineering & Applied Science,3.47,10,2,3,1,0,2,1,1,0,0,0
2022 Fall,LAW,6003,Criminal Law,021556,"Bonnie,Richard",EI,19981,School of Law,3.33,63,1,10,12,19,12,6,1,2,0,0
2022 Fall,STAT,3120,Intro Mathematical Statistics,040000,"Ross,Richard",003,13423,College & Graduate Arts & Sci,3.62,25,4,9,4,2,4,1,1,0,0,0
2022 Fall,APMA,1110,Single Variable Calculus II,001140,"Dizaji,Farzad Shafiei",005,15527,Engineering & Applied Science,3.38,32,1,8,3,8,8,4,0,0,0,0
2022 Fall,GCOM,7380,Data Mgt & Analytics for Accts,044316,"Liang,Yi",002,19643,McIntire School of Commerce,3.93,30,1,22,7,0,0,0,0,0,0,0
2022 Fall,GCOM,7410,Tax Research,015406,"Porter,Susan",001,19644,McIntire School of Commerce,3.72,15,0,5,7,3,0,0,0,0,0,0
2022 Fall,CS,4414,Operating Systems,006914,"Skadron,Kevin",001,15569,Engineering & Applied Science,3.56,93,10,27,19,19,13,2,1,1,0,1
2022 Fall,STAT,3110,Foundations of Statistics,044444,"Li,Yifan",003,13422,College & Graduate Arts & Sci,3.76,45,2,27,8,2,5,0,0,1,0,0
2022 Fall,LAW,9295,Fed Crim Pre-Trial&Trial Prac,044736,"Quagliana,Rhonda",1,19812,School of Law,3.53,12,0,0,7,5,0,0,0,0,0,0
2022 Fall,NUIP,4610,Leadershp/Mgt in Hlth Care Sys,029457,"Crandall,Mary",001,17452,School of Nursing,3.94,20,12,7,0,0,0,1,0,0,0,0
2022 Fall,HIUS,7031,Colonial British America,019704,"Edelson,S.",001,18260,College & Graduate Arts & Sci,3.80,9,0,3,6,0,0,0,0,0,0,0
2022 Fall,ANTH,3390,Pregnancy Birthing Post-Partum,045760,"Fraser,Gertrude",001,20203,College & Graduate Arts & Sci,3.73,52,14,16,16,3,0,1,0,1,0,1
2022 Fall,ECE,3103,Solid State Devices,007675,"Yi,Xu",001,16157,Engineering & Applied Science,3.73,17,5,5,3,2,1,1,0,0,0,0
2022 Fall,CS,2150,Program & Data Representation,006881,"Bloomfield,Aaron",001,15567,Engineering & Applied Science,3.30,50,3,18,7,4,8,2,2,4,0,2
2022 Fall,BME,3080,Biomed IDEAS Lab I,004070,"Allen,Timothy",100,15640,Engineering & Applied Science,3.80,95,3,56,21,9,5,1,0,0,0,0
2022 Fall,LAW,7140,History of American Federalism,043280,"Nicoletti,Cynthia",1,20648,School of Law,3.51,18,2,4,3,8,0,0,0,0,0,1
2022 Fall,ENGL,4580,Seminar in Literary Criticism,011550,"Fraiman,Susan",002,18251,College & Graduate Arts & Sci,3.59,16,5,4,4,2,0,0,0,0,0,1
2022 Fall,GBAC,7204,Customer Analytics I: Pricing,045276,"Ruggiano,Marc",001,21002,McIntire Darden Grad Business,3.45,57,0,9,12,28,8,0,0,0,0,0
2022 Fall,GSVS,3310,Sustainability Policy,046683,"Phillips,Spencer",001,19646,College & Graduate Arts & Sci,3.93,43,20,17,5,0,0,1,0,0,0,0
2022 Fall,CHE,6615,Advanced Thermodynamics,005511,"Choi,Joshua",001,15578,Engineering & Applied Science,3.52,21,3,6,2,3,6,1,0,0,0,0
2022 Fall,HIST,2002,Global History Since 1760,041863,"Zelikow,Philip",100,18166,College & Graduate Arts & Sci,3.55,32,0,7,10,12,3,0,0,0,0,0
2022 Fall,LAW,6000,Civil Procedure,021550,"Solum,Lawrence",J,19898,School of Law,3.40,31,1,4,7,9,8,2,0,0,0,0
2022 Fall,PHYS,8630,Introduction to Field Theory,030958,"Pham,Hung",001,10735,College & Graduate Arts & Sci,3.66,24,2,10,3,6,3,0,0,0,0,0
2022 Fall,AMST,5559,New Course: AMST,045674,"Hale,Grace",001,18509,College & Graduate Arts & Sci,3.80,5,0,3,1,1,0,0,0,0,0,0
2022 Fall,APMA,1090,Single Variable Calculus I,001138,"Fernando,Thiwanka",001,15884,Engineering & Applied Science,2.97,26,0,2,1,8,7,2,2,4,0,0
2022 Fall,CHE,4475,Intro to Process Safety,046275,"Unnerstall,Ronald",001,16975,Engineering & Applied Science,3.86,42,0,23,19,0,0,0,0,0,0,0
2022 Fall,STS,4810,New Product Development,037153,"Archer,Rob",001,15631,Engineering & Applied Science,3.81,46,1,19,24,2,0,0,0,0,0,0
2022 Fall,ENGL,2502,Masterpieces of English Lit,012478,"O'Brien,John",001,18302,College & Graduate Arts & Sci,3.59,20,0,5,7,6,2,0,0,0,0,0
2022 Fall,CS,3240,Advanced Software Development,006903,"McBurney,Paul",001,15991,Engineering & Applied Science,3.73,118,1,56,39,15,2,3,1,1,0,0
2022 Fall,GREE,1010,Elementary Greek,017175,"Petrovic,Andrej",100,10530,College & Graduate Arts & Sci,3.69,14,3,6,2,1,1,0,0,1,0,0
2022 Fall,NUIP,4311,RNs in Complex Systems,045256,"Coyne,Bethany",002,17479,School of Nursing,3.92,39,0,30,8,1,0,0,0,0,0,0
2022 Fall,CS,6501,Spec Top: Computer Science,006981,"Campbell,Brad",013,16505,Engineering & Applied Science,3.93,18,5,9,4,0,0,0,0,0,0,0
2022 Fall,LAW,6002,Contracts,021553,"Gulati,Gaurang",H,20651,School of Law,3.36,32,0,2,9,13,6,2,0,0,0,0
2022 Fall,APMA,3140,App Partial Differentl Equatns,001155,"Morris,Diana",001,15548,Engineering & Applied Science,3.46,37,1,14,6,3,8,3,0,1,1,0
2022 Fall,ENGR,1520,Explorations in Engineering,012250,"Groves,James Frederick",560,21329,Engineering & Applied Science,3.58,39,2,17,8,6,3,2,0,0,0,1
2022 Fall,NUCO,3310,Pediatric Nursing,043225,"Boitnott,Amy",001,17387,School of Nursing,3.60,42,0,7,24,5,6,0,0,0,0,0
2022 Fall,STS,4500,STS and Engineering Practice,036749,"Jacques,Richard",024,20135,Engineering & Applied Science,3.91,31,11,15,2,3,0,0,0,0,0,0
2022 Fall,CHEM,2410,Organic Chemistry I,005698,"Samonina,Jelena",400,13085,College & Graduate Arts & Sci,3.40,173,26,37,37,18,24,10,9,7,2,3
2022 Fall,AMST,2001,Intro to American Studies,039700,"Hale,Grace",100,10991,College & Graduate Arts & Sci,3.74,228,11,132,40,16,22,1,3,1,2,0
2022 Fall,HIME,1501,Intro Sem in Middle East Hist,018856,"Kahlenberg,Caroline",001,18486,College & Graduate Arts & Sci,3.83,15,0,10,3,1,1,0,0,0,0,0
2022 Fall,CS,6111,Cloud Computing,045684,"Shen,Haiying",001,16972,Engineering & Applied Science,3.78,65,13,23,18,6,5,0,0,0,0,0
2022 Fall,MAE,6592,Spec Topcs in Mech & Aero Engr,022685,"Seabrook,Bryn",006,20059,Engineering & Applied Science,3.96,8,3,4,1,0,0,0,0,0,0,0
2022 Fall,LAW,9361,Sep of Powers in Fed Cts Sem,046389,"Ahdout,Payvand",1,19979,School of Law,3.57,11,0,3,3,4,1,0,0,0,0,0
2022 Fall,HR,5020,Staffing and Career Management,019926,"Coleman,Eric",701,20733,Continuing & Prof Studies,3.88,15,0,9,6,0,0,0,0,0,0,0
2022 Fall,SEC,3010,Securing the Cyber World,045340,"Jones,Angel",701,20744,Continuing & Prof Studies,3.95,26,5,18,2,1,0,0,0,0,0,0
2022 Fall,LAW,7098,Public Interest Law & Advocacy,041119,"Kim,Annie",1,20727,School of Law,3.47,12,0,0,5,7,0,0,0,0,0,0
2022 Fall,PSPM,5230,Leadership & Proj Team Mgmt,029799,"Powers,Michael",701,20718,Continuing & Prof Studies,3.14,18,0,5,7,1,1,0,1,1,0,2
2022 Fall,ISLS,3620,Arts of Africa,043629,"May,Julia",101,20622,Continuing & Prof Studies,3.54,18,0,3,8,6,0,0,1,0,0,0
2022 Fall,CHEM,1411,Intro College Chem I Lab,005986,"Morkowchuk,Lisa",057,13339,College & Graduate Arts & Sci,3.95,24,20,0,4,0,0,0,0,0,0,0
2022 Fall,SOC,3710,Organizations,039525,"Gorman,Elizabeth",001,18526,College & Graduate Arts & Sci,3.31,24,0,5,3,5,7,4,0,0,0,0
2022 Fall,MUSI,3390,Intro to Music & Computers,024809,"Zaccagnini,Michele",100,18676,College & Graduate Arts & Sci,3.84,23,0,15,5,3,0,0,0,0,0,0
2022 Fall,RELC,5665,Freedom,044354,"Jones,Paul",001,18041,College & Graduate Arts & Sci,3.72,15,0,7,5,1,2,0,0,0,0,0
2022 Fall,ISSS,4000,The Great War: Life & Lit,020481,"Plunkett,Ann Marie",101,20625,Continuing & Prof Studies,3.51,21,0,7,10,0,2,1,0,0,0,1
2022 Fall,CS,1110,Introduction to Programming,006846,"Morrison,Briana",004,16484,Engineering & Applied Science,3.68,104,16,43,18,12,7,5,1,2,0,0
2022 Fall,STS,2500,S & T in Soc & Global Context,036734,"Davis,William",003,16938,Engineering & Applied Science,3.41,31,2,5,7,7,9,0,0,0,1,0
2022 Fall,LAW,9076,Natural Resources Law & Policy,021787,"Szeptycki,Leon",1,19995,School of Law,3.49,16,0,3,4,7,2,0,0,0,0,0
2022 Fall,STAT,1601,Intro Data Science with R,045055,"Afriyie,Prince",004,21031,College & Graduate Arts & Sci,3.59,39,6,9,11,6,5,1,0,1,0,0
2022 Fall,PSYC,4500,Spec Tops: Psychology,032600,"Li,Yanbin",005,20252,College & Graduate Arts & Sci,3.81,17,8,4,3,0,1,1,0,0,0,0
2022 Fall,STS,2050,Sustainable Energy Systems,045394,"Groves,James",001,16957,Engineering & Applied Science,3.32,43,1,9,14,6,7,1,1,2,0,2
2022 Fall,STS,4600,Engr Ethcs Prof Responsibility,036750,"Neeley,Kathryn",002,19006,Engineering & Applied Science,3.29,19,1,1,5,8,1,1,1,0,1,0
2022 Fall,ECON,3010,Intermediate Microeconomics,007908,"Santugini,Marc",099,19051,College & Graduate Arts & Sci,3.48,62,6,12,19,9,8,4,4,0,0,0
2022 Fall,LAW,7176,Intro to American Law for LLMs,045604,"Rosenberg,Ronald",1,19895,School of Law,3.35,22,0,2,6,7,6,0,1,0,0,0
2022 Fall,GCOM,7290,Frontiers in Biotechnology I,046773,"Hastings,Nikki",001,20937,McIntire School of Commerce,3.71,7,1,2,2,2,0,0,0,0,0,0
2022 Fall,ARH,7701,Early American Architecture,002025,"Nelson,Louis",001,18813,School of Architecture,3.64,10,0,7,0,0,1,2,0,0,0,0
2022 Fall,LPPS,3310,Police-Community Relations,045492,"Williams,Brian",001,17283,Batten Leadership & Public Pol,3.85,22,0,11,11,0,0,0,0,0,0,0
2022 Fall,SPAN,4040,Translation Spanish to English,035927,"Cohn,Adam",004,13897,College & Graduate Arts & Sci,3.97,18,2,14,2,0,0,0,0,0,0,0
2022 Fall,SYS,3023,Human Machine Interface,036903,"Gerling,Gregory",001,15612,Engineering & Applied Science,3.75,61,4,28,18,4,6,1,0,0,0,0
2022 Fall,GSVS,4100,Evidence for Policy,046684,"Phillips,Spencer",001,19607,College & Graduate Arts & Sci,3.91,10,1,6,3,0,0,0,0,0,0,0
2022 Fall,CS,4720,Mobile Application Development,041616,"Sherriff,Mark",001,16926,Engineering & Applied Science,3.78,60,2,37,13,5,0,2,0,0,0,1
2022 Fall,CHEM,1411,Intro College Chem I Lab,005986,"Morkowchuk,Lisa",068,13348,College & Graduate Arts & Sci,3.90,22,16,2,3,0,0,1,0,0,0,0
2022 Fall,MSE,2090,Intro to Materials Science,024402,"Burns,James",002,15603,Engineering & Applied Science,3.48,29,3,9,6,4,2,1,3,1,0,0
2022 Fall,ISHU,4190,Writing Strategies,020363,"Henry,Robert",101,20614,Continuing & Prof Studies,3.89,17,0,14,2,0,0,1,0,0,0,0
2022 Fall,DS,6030,Statistical Learning,046346,"Porter,Michael David",001,17706,School of Data Science,3.97,62,0,59,1,1,1,0,0,0,0,0
2022 Fall,CS,6501,Spec Top: Computer Science,006981,"Zhang,Miaomiao",010,16921,Engineering & Applied Science,3.93,14,0,12,1,1,0,0,0,0,0,0
2022 Fall,HIST,3352,The First World War,043411,"Zelikow,Philip",100,18200,College & Graduate Arts & Sci,3.47,43,0,13,10,8,8,2,2,0,0,0
2022 Fall,AAS,2224,Black Fem & Masc in US Media,042659,"Shutt,Lisa",002,19001,College & Graduate Arts & Sci,3.73,18,0,8,7,2,0,1,0,0,0,0
2022 Fall,EGMT,1530,Engaging Differences,044514,"Seitz,James",206,13912,College & Graduate Arts & Sci,3.96,36,0,33,2,0,1,0,0,0,0,0
2022 Fall,ISSS,4300,America in the 1960's,040292,"Haury,Clifford",101,20628,Continuing & Prof Studies,3.55,23,0,10,7,0,2,2,1,1,0,0
2022 Fall,KINE,3601,Musculoskeletal Anatomy Lab I,042824,"Donahue,Catherine",1,14931,School of Education and HumanDev,3.86,20,0,13,5,2,0,0,0,0,0,0
2022 Fall,CS,2910,CS Education Practicum,044243,"Basit,Nada",001,16288,Engineering & Applied Science,3.98,134,79,52,0,0,2,1,0,0,0,0
2022 Fall,KINE,2000,Intro to Kinesiology,042094,"Saliba,Susan",2,14945,School of Education and HumanDev,3.58,63,0,31,14,4,9,2,1,1,0,1
2022 Fall,EDIS,3011,Classroom & Behavior Managemnt,045918,"Aigotti,Susan",001,15281,School of Education and HumanDev,3.96,17,4,11,2,0,0,0,0,0,0,0
2022 Fall,STS,4600,Engr Ethcs Prof Responsibility,036750,"Neeley,Kathryn",001,15609,Engineering & Applied Science,3.55,13,0,3,5,2,3,0,0,0,0,0
2022 Fall,CE,3050,Intro to Green Engineering,042099,"Clarens,Andres",001,18988,Engineering & Applied Science,3.67,23,1,7,8,6,1,0,0,0,0,0
2022 Fall,HIME,2001,Making of the Islamic World,018857,"White,Joshua",100,18128,College & Graduate Arts & Sci,3.66,43,0,21,10,6,4,0,2,0,0,0
2022 Fall,CHEM,1411,Intro College Chem I Lab,005986,"Morkowchuk,Lisa",069,13349,College & Graduate Arts & Sci,3.96,24,18,3,3,0,0,0,0,0,0,0
2022 Fall,MAE,4610,ME Design I,022602,"Momot,Michael",004,16962,Engineering & Applied Science,3.91,14,2,8,4,0,0,0,0,0,0,0
2022 Fall,ENGL,3570,Studies in American Literature,011360,"Cushman,Stephen",001,18136,College & Graduate Arts & Sci,3.64,28,0,11,5,11,1,0,0,0,0,0
2022 Fall,LAW,7202,"Poverty,Law &Access to Justice",046385,"Cahn,Naomi",1,20720,School of Law,3.39,19,0,1,5,11,1,1,0,0,0,0
2022 Fall,HIST,1501,Introductory Sem in History,019008,"Singerman,David",001,14372,College & Graduate Arts & Sci,3.93,15,4,10,0,0,1,0,0,0,0,0
2022 Fall,ANTH,3275,Anthropology of Corporation,045907,"Bashkow,Ira",100,18425,College & Graduate Arts & Sci,3.87,56,3,31,20,2,0,0,0,0,0,0
2022 Fall,EDIS,6880,Masters Comp in Curric & Inst,045850,"Jewett,Anne",501,18127,School of Education and HumanDev,4.00,10,2,8,0,0,0,0,0,0,0,0
2022 Fall,ENGL,3500,Studies in English Literature,045449,"Pasanek,Brad",001,18303,College & Graduate Arts & Sci,3.96,31,17,10,4,0,0,0,0,0,0,0
2022 Fall,PHS,7201,Health Care Financial Mngt,044921,"Howell,Edward",001,18453,Medical School - BIMS/PHS,3.60,9,1,2,3,1,2,0,0,0,0,0
2022 Fall,ENGL,3271,Shakespeare Histories Comedies,012901,"Maus,Katharine",100,13663,College & Graduate Arts & Sci,3.54,41,1,10,17,4,5,3,0,1,0,0
2022 Fall,CS,5012,Foundations Computer Science,043283,"Malitsky,Yuri",002,19033,Engineering & Applied Science,3.49,33,12,9,2,4,3,0,0,0,1,2
2022 Fall,STAT,6130,Applied Multivariate Stats,036673,"Li,Tianxi",001,13923,College & Graduate Arts & Sci,3.78,25,1,10,11,3,0,0,0,0,0,0
2022 Fall,ECE,2330,Digital Logic Design,007674,"Delong,Todd",001,16223,Engineering & Applied Science,3.69,55,30,9,5,6,2,1,0,0,0,2
2022 Fall,APMA,2130,Ordinary Differentl Equations,001145,"Williams,Robert",006,16080,Engineering & Applied Science,3.54,26,0,10,4,6,4,2,0,0,0,0
2022 Fall,LAW,9352,Transactions: Drafting & Negot,046443,"Lewis,Clare",1,19998,School of Law,3.53,16,0,4,6,1,5,0,0,0,0,0
2022 Fall,PSHM,4020,Management of Health Care Orgs,045019,"Kronenburg,Maria",101,20632,Continuing & Prof Studies,3.81,14,0,5,9,0,0,0,0,0,0,0
2022 Fall,EGMT,1510,Engaging Aesthetics,044512,"Skwiat,Matthew",111,17887,College & Graduate Arts & Sci,3.97,36,0,32,4,0,0,0,0,0,0,0
2022 Fall,MICR,8402,Microbial Path Proposal Prep,042344,"Derre,Isabelle",001,19118,Medical School - BIMS/PHS,4.00,6,2,4,0,0,0,0,0,0,0,0
2022 Fall,SYS,3021,Deterministic Decision Models,036902,"Riggs,Robert",001,15611,Engineering & Applied Science,3.85,69,0,46,16,5,2,0,0,0,0,0
2022 Fall,CS,6501,Spec Top: Computer Science,006981,"Bezzo,Nicola",012,16866,Engineering & Applied Science,3.76,8,2,2,3,0,1,0,0,0,0,0
2022 Fall,EDLF,7610,Rsch High Ed Ath Admin,009789,"Steinmetz,Christian",001,14995,School of Education and HumanDev,3.71,30,0,15,9,2,2,2,0,0,0,0
2022 Fall,LAW,9294,Drug Prod Liability Litgn Sem,044731,"Grossi,Peter",1,19892,School of Law,3.50,8,0,0,4,4,0,0,0,0,0,0
2022 Fall,MAE,2040,Computer Aided Design,046331,"Morgan,Neal",003,16985,Engineering & Applied Science,3.57,23,6,4,5,4,2,0,1,1,0,0
2022 Fall,CS,6501,Spec Top: Computer Science,006981,"Wang,Tianhao",009,21261,Engineering & Applied Science,3.93,16,10,2,4,0,0,0,0,0,0,0
2022 Fall,EGMT,1540,Ethical Engagement,044515,"Brewer,Talbot",201,13914,College & Graduate Arts & Sci,3.74,34,0,14,13,7,0,0,0,0,0,0
2022 Fall,GNUR,8650,Info Sys & Patient Care Tech,017041,"Cieslowski,Bethany",001,17335,School of Nursing,3.92,12,1,9,1,1,0,0,0,0,0,0
2022 Fall,ANTH,3450,Native American Languages,000752,"Mirzayan,Armik",001,18467,College & Graduate Arts & Sci,3.93,29,4,20,4,1,0,0,0,0,0,0
2022 Fall,LAW,9081,Trial Advocacy,022023,"Stolpe,Kristin",4,20271,School of Law,3.50,8,0,0,4,4,0,0,0,0,0,0
2022 Fall,RELC,1220,Early Christianity & N Testmnt,033953,"Spittler,Janet",100,13944,College & Graduate Arts & Sci,3.89,273,0,210,47,10,3,2,0,0,1,0
2022 Fall,MATH,1310,Calculus I,022953,"James,Daniel",700,10603,College & Graduate Arts & Sci,3.87,23,10,9,0,3,1,0,0,0,0,0
2022 Fall,EDIS,2800,P-12 Educational Contexts,045916,"Missett,Tracy",2,15280,School of Education and HumanDev,3.76,15,1,7,4,2,1,0,0,0,0,0
2022 Fall,LAW,9287,Law and Economics Colloquium,044727,"Cope,Kevin",1,20666,School of Law,3.43,9,0,0,3,6,0,0,0,0,0,0
2022 Fall,LAW,7192,Law and Ethics of Biotech,046008,"Riley,Margaret",1,20668,School of Law,3.43,15,0,0,5,10,0,0,0,0,0,0
2022 Fall,NUIP,4311,RNs in Complex Systems,045256,"Hallowell,Sara",001,17478,School of Nursing,3.99,43,2,39,2,0,0,0,0,0,0,0
2022 Fall,EDIS,3221,Intro to Reading Foundations,045883,"Hall,Colby",1,15284,School of Education and HumanDev,3.91,15,0,13,0,2,0,0,0,0,0,0
2022 Fall,STS,4500,STS and Engineering Practice,036749,"Laugelli,Benjamin",021,16651,Engineering & Applied Science,3.90,26,13,7,5,0,1,0,0,0,0,0
2022 Fall,RELH,3105,Hinduism and Ecology,044881,"Allen,Michael",001,18020,College & Graduate Arts & Sci,3.94,16,0,13,3,0,0,0,0,0,0,0
2022 Fall,EDIS,4350,Interaction with Intention,045392,"Leach,Allison",500,15458,School of Education and HumanDev,3.73,11,5,3,1,0,1,0,1,0,0,0
2022 Fall,RELJ,2031,Intro Jewish Life America,046640,"Ochs,Vanessa",100,18490,College & Graduate Arts & Sci,3.92,29,5,20,2,1,1,0,0,0,0,0
2022 Fall,SPAN,4520,Spec Topics Sem: Cult & Civil,035969,"Rogers,Charlotte",002,18494,College & Graduate Arts & Sci,3.84,22,0,17,4,0,0,0,0,0,1,0
2022 Fall,SPAN,4040,Translation Spanish to English,035927,"Wellbeloved,Elizabeth A.",501,17933,College & Graduate Arts & Sci,3.23,11,0,2,4,0,3,0,0,1,1,0
2022 Fall,SPAN,4700,Spanish Culture & Civilization,035932,"Wellbeloved,Elizabeth A.",501,17935,College & Graduate Arts & Sci,3.57,11,0,3,3,4,1,0,0,0,0,0
2022 Fall,ENGR,1410,Synthesis Design I,012396,"Bailey,Reid",002,20855,Engineering & Applied Science,3.96,33,3,26,4,0,0,0,0,0,0,0
2022 Fall,LATI,3070,Livy,021149,"Miller,John",001,18147,College & Graduate Arts & Sci,3.56,14,0,8,3,0,1,0,0,1,1,0
2022 Fall,PSPS,6030,Dev & Imp Systems of Emer Prep,046292,"Hoover,Mark",580,20641,Continuing & Prof Studies,3.93,23,0,19,3,1,0,0,0,0,0,0
2022 Fall,APMA,1090,Single Variable Calculus I,001138,"Ma,Hui",004,17077,Engineering & Applied Science,3.60,36,8,5,17,1,1,1,2,0,0,1
2022 Fall,EDLF,3420,Athletics in the University,043147,"Caruccio,Julie",1,14950,School of Education and HumanDev,3.78,30,2,18,4,3,2,1,0,0,0,0
2022 Fall,ECON,8710,Cross Section Econometrics,008072,"Kosenkova,Lidia",001,13998,College & Graduate Arts & Sci,3.61,15,0,2,9,3,1,0,0,0,0,0
2022 Fall,HIUS,3131,America in the Gilded Age,019575,"Janney,Caroline",100,18218,College & Graduate Arts & Sci,3.68,46,0,16,22,3,4,0,0,1,0,0
2022 Fall,RELG,3255,"Ethics, Literature, & Religion",044560,"Geddes,Jennifer",001,18013,College & Graduate Arts & Sci,3.87,16,0,9,7,0,0,0,0,0,0,0
2022 Fall,PHIL,7540,Ethics Topic,043308,"Brewer,Talbot",001,18614,College & Graduate Arts & Sci,3.74,5,0,2,2,1,0,0,0,0,0,0
2022 Fall,CS,1110,Introduction to Programming,006846,"Pettit,Raymond",001,16003,Engineering & Applied Science,3.69,235,19,112,42,30,18,6,5,3,0,0
2022 Fall,GSVS,4559,New Course: GSVS,043647,"Phillips,Spencer",001,18454,College & Graduate Arts & Sci,3.97,10,4,5,1,0,0,0,0,0,0,0
2022 Fall,SOC,4078,Racism and Democracy,046733,"Mullins,Ian",001,20577,College & Graduate Arts & Sci,3.96,22,3,16,3,0,0,0,0,0,0,0
2022 Fall,SYS,6581,Selected Topics in Sys Engr,036978,"Bolton,Matthew",600,19005,Engineering & Applied Science,3.88,14,0,12,0,1,1,0,0,0,0,0
2022 Fall,LAW,9354,Privacy Law & Theory Seminar,046378,"Citron,Danielle",1,19972,School of Law,3.50,14,0,3,4,5,1,1,0,0,0,0
2022 Fall,WGS,3500,Research and Methods in WGS,041823,"Hagerman,Bonnie",001,19700,College & Graduate Arts & Sci,3.42,15,2,3,2,4,3,0,0,0,1,0
2022 Fall,URDU,1559,New Course in Urdu,044337,"Chaussee,Griffith",001,19705,College & Graduate Arts & Sci,3.74,11,0,7,3,0,0,0,0,1,0,0
2022 Fall,CHEM,1411,Intro College Chem I Lab,005986,"Morkowchuk,Lisa",058,13340,College & Graduate Arts & Sci,3.74,22,13,3,4,0,0,1,0,0,0,1
2022 Fall,LAW,6104,Evidence,021648,"Schauer,Frederick",2,20655,School of Law,3.49,67,0,7,29,22,7,1,1,0,0,0
2022 Fall,LAW,9282,Constitutional Law & Economics,044661,"Gilbert,Michael",1,20657,School of Law,3.51,15,0,0,8,7,0,0,0,0,0,0
2022 Fall,LAW,7811,Deals,045996,"Hwang,Cathy",1,20659,School of Law,3.47,16,0,1,5,10,0,0,0,0,0,0
2022 Fall,ENGR,1624,Introduction to Engineering,045087,"Williams,Keith",006,16471,Engineering & Applied Science,3.99,47,22,24,1,0,0,0,0,0,0,0
2022 Fall,LPPP,7559,New Course: PPOL,044184,"DeLozier,Elana",001,20339,Batten Leadership & Public Pol,3.88,12,0,7,5,0,0,0,0,0,0,0
2022 Fall,CHEM,1411,Intro College Chem I Lab,005986,"Morkowchuk,Lisa",080,13358,College & Graduate Arts & Sci,3.95,17,12,2,3,0,0,0,0,0,0,0
2022 Fall,LAW,6003,Criminal Law,021556,"Brown,Darryl",DG,19754,School of Law,3.38,64,0,4,12,42,4,2,0,0,0,0
2022 Fall,CS,1110,Introduction to Programming,006846,"Morrison,Briana",002,16231,Engineering & Applied Science,3.61,127,10,52,25,24,5,4,5,0,0,2
2022 Fall,CHEM,4410,Biological Chemistry I,005755,"Grisham,Charles",001,10360,College & Graduate Arts & Sci,3.54,92,2,29,20,17,24,0,0,0,0,0
2022 Fall,MAE,4620,ME Design II,037541,"Garner,Gavin",001,16380,Engineering & Applied Science,3.94,26,2,19,5,0,0,0,0,0,0,0
2022 Fall,EDIS,3040,Foundations of Early Child Edu,042221,"Neesen,Kathy",500,15341,School of Education and HumanDev,3.94,22,9,12,0,0,0,1,0,0,0,0
2022 Fall,APMA,2130,Ordinary Differentl Equations,001145,"Spencer,Julie",007,16167,Engineering & Applied Science,3.59,33,8,7,6,6,3,2,0,1,0,0
2022 Fall,CHEM,2411,Organic Chemistry I Laboratory,006015,"Chruma,Jason",100,10351,College & Graduate Arts & Sci,3.81,137,42,61,10,8,14,1,0,0,1,0
2022 Fall,JAPN,2010,Second-Year Japanese I,020742,"Ito,Takuya",001,13267,College & Graduate Arts & Sci,3.63,16,2,5,4,2,2,1,0,0,0,0
2022 Fall,LAW,7082,Secured Transactions,021616,"Walt,Steven",1,20675,School of Law,3.41,16,0,2,3,8,3,0,0,0,0,0
2022 Fall,MDST,4510,Capstone Topics,045773,"Etem,Julide",005,20329,College & Graduate Arts & Sci,4.00,15,2,13,0,0,0,0,0,0,0,0
2022 Fall,MDST,3510,Topics in Media Research,045771,"Williams,Tyler",004,20786,College & Graduate Arts & Sci,3.70,28,0,11,11,3,3,0,0,0,0,0
2022 Fall,SOC,3640,Human Society in History,043077,"Kumar,Krishan",001,18527,College & Graduate Arts & Sci,3.53,19,0,5,8,0,4,2,0,0,0,0
2022 Fall,APMA,3120,Statistics,001154,"Lark,James",002,15547,Engineering & Applied Science,3.46,25,2,7,4,3,5,4,0,0,0,0
2022 Fall,LAW,7187,Law of Pub-Priv Partnerships,045970,"Martin,George",1,19876,School of Law,3.39,13,0,0,3,10,0,0,0,0,0,0
2022 Fall,ENWR,1510,Writing and Critical Inquiry,013432,"Hadley,Henrietta",088,20783,College & Graduate Arts & Sci,3.97,18,0,16,2,0,0,0,0,0,0,0
2022 Fall,CS,3140,Software Dev Essentials,046231,"McBurney,Paul",001,18802,Engineering & Applied Science,3.66,128,4,52,38,20,7,5,1,0,0,1
2022 Fall,CS,4501,Spec Top: Computer Science,006942,"Bloomfield,Aaron",004,18804,Engineering & Applied Science,3.63,54,3,25,10,7,4,2,2,1,0,0
2022 Fall,LAW,7626,Oral Presentat Outside Ct (SC),040080,"Shadel,Molly",2,20672,School of Law,3.53,7,0,0,4,3,0,0,0,0,0,0
2022 Fall,ISIN,4520,Sp Tps Conduct Inquiry: HU,043256,"Horton,David",102,20619,Continuing & Prof Studies,3.48,20,1,10,2,2,1,0,2,2,0,0
2022 Fall,CLAS,2300,Ancient Rome at the Movies,045902,"Hays,Gregory",002,20646,College & Graduate Arts & Sci,3.61,14,0,2,8,3,1,0,0,0,0,0
2022 Fall,PLCP,4220,Comp Budgeting & Econ Pol,031717,"Savage,James",001,12490,College & Graduate Arts & Sci,3.33,11,0,6,0,2,2,0,0,0,0,1
2022 Fall,ISLS,3000,Transformations: Liberal Arts,044252,"Matthews,Charlotte",101,20620,Continuing & Prof Studies,3.78,20,1,12,5,0,0,1,1,0,0,0
2022 Fall,ENGL,2599,Special Topics,012514,"Webb-Destefano,Kathryn",008,20884,College & Graduate Arts & Sci,4.00,20,3,17,0,0,0,0,0,0,0,0
2022 Fall,SOC,4057,Family Policy,035491,"Wilcox,William",001,18528,College & Graduate Arts & Sci,3.74,16,1,5,8,1,1,0,0,0,0,0
2022 Fall,LAW,9327,Law & Social Science Colloqium,045629,"Mitchell,Paul",1,20667,School of Law,3.40,12,0,0,3,9,0,0,0,0,0,0
2022 Fall,SOC,4140,Sociology of Consumption,035451,"Makarova,Ekaterina",001,18530,College & Graduate Arts & Sci,3.73,18,0,8,7,1,2,0,0,0,0,0
2022 Fall,SOC,4720,Nations and Nationalism,045757,"Kumar,Krishan",001,18531,College & Graduate Arts & Sci,3.62,16,0,5,7,1,2,1,0,0,0,0
2022 Fall,MDST,3662,Disability and Media,045708,"Ellcessor,Elizabeth",001,18638,College & Graduate Arts & Sci,3.81,57,15,25,4,11,2,0,0,0,0,0
2022 Fall,LAW,7135,Law and Economics,043248,"Fischman,Joshua",1,20665,School of Law,3.38,12,0,2,2,5,2,1,0,0,0,0
2022 Fall,KINE,3430,Phys Activ Health Disparities,046562,"Swift,Damon",1,18977,School of Education and HumanDev,3.85,13,2,7,2,2,0,0,0,0,0,0
2022 Fall,SOC,4780,The Politics of Data,046545,"Sullivan,Teresa",001,18529,College & Graduate Arts & Sci,3.82,18,5,8,2,1,2,0,0,0,0,0
2022 Fall,PHS,7090,Health Care Economics,030370,"Wanchek,Tanya",001,18459,Medical School - BIMS/PHS,3.92,25,0,18,7,0,0,0,0,0,0,0
2022 Fall,SYS,6005,Stochastic Modeling I,036950,"Iqbal,Tariq",001,15629,Engineering & Applied Science,3.79,21,0,15,1,3,2,0,0,0,0,0
2022 Fall,STS,4500,STS and Engineering Practice,036749,"Baritaud,Catherine",004,16814,Engineering & Applied Science,3.56,16,0,4,5,6,0,1,0,0,0,0
2022 Fall,ISSS,3870,Eportfolios,045466,"Firdyiwek,Yitna",101,20624,Continuing & Prof Studies,3.87,12,1,7,3,1,0,0,0,0,0,0
2022 Fall,PSLP,5320,Organizational Leadership,044293,"Ratican,Sean",701,20760,Continuing & Prof Studies,3.51,26,7,12,0,1,2,1,1,0,0,2
2022 Fall,ARH,3701,Early American Architecture,001898,"Nelson,Louis",001,18812,School of Architecture,3.55,31,0,9,10,4,7,1,0,0,0,0
2022 Fall,CE,5020,Geographic Information Systems,004577,"Miller,John",600,16988,Engineering & Applied Science,3.74,10,1,4,3,1,1,0,0,0,0,0
2022 Fall,PSPS,6040,Create & Sustain Comm Dialogue,046294,"McElvain,James Patrick",581,20642,Continuing & Prof Studies,3.90,27,0,18,9,0,0,0,0,0,0,0
2022 Fall,COMM,3110,Intermediate Accounting I,006461,"Backof,Ann",100,14656,McIntire School of Commerce,3.65,30,0,11,11,4,3,1,0,0,0,0
2022 Fall,ENWR,1510,Writing and Critical Inquiry,013432,"Hager,Stephen",086,20777,College & Graduate Arts & Sci,3.91,18,0,15,2,0,1,0,0,0,0,0
2022 Fall,MDST,3504,Topics in Global Media,042990,"Morimoto,Lori",003,18644,College & Graduate Arts & Sci,3.98,25,13,10,2,0,0,0,0,0,0,0
2022 Fall,ANTH,3360,The Museum in Modern Culture,000742,"Handler,Richard",001,18461,College & Graduate Arts & Sci,3.49,29,0,9,7,11,1,0,0,0,0,1
2022 Fall,ARCH,5423,Grasshopper Spatial Practice,045059,"Phinney,Lucia",001,20778,School of Architecture,3.61,15,0,5,5,3,1,1,0,0,0,0
2022 Fall,PSPM,5200,"Proj Sched, Cost & Budg Contrl",029796,"Yates,William",701,20717,Continuing & Prof Studies,3.76,16,5,6,3,0,1,0,0,1,0,0
2022 Fall,PHS,7450,Hlth Inform:DB/Data Life Cycle,030389,"Lyman,Jason",001,18462,Medical School - BIMS/PHS,3.74,16,3,2,9,2,0,0,0,0,0,0
2022 Fall,LAW,7067,National Security Law,021732,"Deeks,Ashley",1,20671,School of Law,3.54,68,5,8,20,29,5,1,0,0,0,0
2022 Fall,APMA,2120,Multivariable Calculus,001144,"Ryals,Megan",006,19635,Engineering & Applied Science,3.63,42,4,14,9,10,4,0,1,0,0,0
2022 Fall,ANTH,7450,Native American Languages,000941,"Mirzayan,Armik",100,18468,College & Graduate Arts & Sci,4.00,5,2,3,0,0,0,0,0,0,0,0
2022 Fall,LAW,7071,Professional Responsibility,021935,"Mitchell,Paul",2,20673,School of Law,3.59,100,0,23,34,39,4,0,0,0,0,0
2022 Fall,CE,3710,Intro to Geotechnical Engrg,004449,"Burden,Lindsay",001,16091,Engineering & Applied Science,3.81,35,0,26,0,8,1,0,0,0,0,0
2022 Fall,APMA,3100,Probability,001152,"Ryals,Megan",005,19630,Engineering & Applied Science,3.28,25,0,6,3,8,4,0,2,2,0,0
2022 Fall,LAW,9025,"Prop, Police Power, and Emerg",040053,"Mahoney,Julia",1,20647,School of Law,3.53,15,0,2,6,6,1,0,0,0,0,0
2022 Fall,PSHM,4650,American Health Care,039931,"Erath,Mark",101,20633,Continuing & Prof Studies,4.00,12,8,4,0,0,0,0,0,0,0,0
2022 Fall,MATH,3351,Elementary Linear Algebra,023081,"Morse,Jennifer",001,10621,College & Graduate Arts & Sci,3.33,10,0,5,1,1,1,0,0,1,0,1
2022 Fall,LPPL,3210,Behavioral Sci:Civic Leadershp,042166,"Chou,Eileen",002,17238,Batten Leadership & Public Pol,3.70,64,2,30,15,9,7,1,0,0,0,0
2022 Fall,LAW,9280,Rule of Law and its Threats,044665,"Barzun,Charles",1,20674,School of Law,3.59,16,2,1,7,3,3,0,0,0,0,0
2022 Fall,PHS,7051,"Policy Dev, Analysis& Advocacy",045006,"Balkrishnan,Rajesh",001,18460,Medical School - BIMS/PHS,3.93,20,2,13,5,0,0,0,0,0,0,0
2022 Fall,CHIN,3050,Reading China,006061,"Zhao,Ran",001,20644,College & Graduate Arts & Sci,3.93,12,0,9,3,0,0,0,0,0,0,0
2022 Fall,LATI,1030,Fundamentals of Latin,021105,"Celotto,Giulio",002,10990,College & Graduate Arts & Sci,3.85,19,0,12,5,2,0,0,0,0,0,0
2022 Fall,LAW,7203,Law & Artificial Intelligence,046750,"Solum,Lawrence",1,20598,School of Law,3.52,20,0,4,6,8,1,1,0,0,0,0
2022 Fall,PHS,7050,PH Law/Ethics,030367,"Bernheim,Ruth",001,18464,Medical School - BIMS/PHS,3.99,30,12,17,1,0,0,0,0,0,0,0
2022 Fall,LAW,7653,Leadershp/Team Management (SC),041095,"Donovan,Jim",1,20262,School of Law,3.46,28,0,0,14,10,4,0,0,0,0,0
2022 Fall,SOC,3490,Cities and Cultures,037662,"Makarova,Ekaterina",001,18525,College & Graduate Arts & Sci,3.59,30,0,10,11,4,2,2,1,0,0,0
2022 Fall,PSPS,6050,Stewardship PA & Managing HC,046295,"Farr,Murray Jay",581,20643,Continuing & Prof Studies,3.95,23,0,19,4,0,0,0,0,0,0,0
2022 Fall,MDST,3230,Basic Multimedia Reporting,044566,"Sweeney,Kate",001,20981,College & Graduate Arts & Sci,3.83,14,0,6,8,0,0,0,0,0,0,0
2022 Fall,GNUR,5240,Ethics and Clinical Practice,044692,"Hurst,Ashley",001,17453,School of Nursing,3.93,23,0,20,2,0,1,0,0,0,0,0
2022 Fall,MUSI,3559,New Course: MUSI,040894,"Miller,Karl",001,18671,College & Graduate Arts & Sci,3.77,24,1,17,4,0,0,1,0,0,0,1
2022 Fall,MATH,3310,Basic Real Analysis,023072,"Lu,Kang",200,10620,College & Graduate Arts & Sci,3.56,16,2,3,7,1,2,0,0,0,1,0
2022 Fall,PSPA,5040,Ethics,041407,"Toppin,Sheila",701,20715,Continuing & Prof Studies,3.35,12,0,5,5,0,0,0,0,0,1,1
2022 Fall,STS,2830,Startup Ops for Entrepreneurs,043893,"Prpich,George",001,16867,Engineering & Applied Science,3.89,34,0,26,6,0,2,0,0,0,0,0
2022 Fall,EDIS,5000,The Exceptional Learner,009423,"Cook,Bryan",500,15345,School of Education and HumanDev,3.81,21,3,14,3,0,0,0,0,0,0,1
2022 Fall,PHS,7385,Env Hlth: Epidem Perspectives,042273,"Wells,Kristen",001,18465,Medical School - BIMS/PHS,4.00,18,16,2,0,0,0,0,0,0,0,0
2022 Fall,EDHS,1120,Found of Community Engagement,043507,"Cole,Rose",1,14999,School of Education and HumanDev,4.00,40,4,36,0,0,0,0,0,0,0,0
2022 Fall,LAW,7042,Immigr Law and Policy Lecture,021665,"Frost,Amanda",1,20663,School of Law,3.41,11,0,1,2,7,1,0,0,0,0,0
2022 Fall,ISIN,4520,Sp Tps Conduct Inquiry: HU,043256,"Wright,Luke",101,20618,Continuing & Prof Studies,3.28,18,0,2,5,4,4,1,2,0,0,0
2022 Fall,PLAP,3400,American Political Economy,044879,"Pivonka,Evan",001,12488,College & Graduate Arts & Sci,3.85,32,0,20,9,3,0,0,0,0,0,0
2022 Fall,ITTR,3685,Italy on Screen,045860,"Calamita,Francesca",001,20615,College & Graduate Arts & Sci,3.90,22,0,16,5,1,0,0,0,0,0,0
2022 Fall,EDIS,5060,Math Instruction Special Ed,009429,"Gelman,Jennifer",500,15351,School of Education and HumanDev,3.91,28,1,23,2,0,2,0,0,0,0,0
2022 Fall,EGMT,1520,Empirical Engagement,044513,"Heller,Natasha",104,13458,College & Graduate Arts & Sci,3.91,35,2,28,1,4,0,0,0,0,0,0
2022 Fall,APMA,3110,Applied Stats & Probability,001153,"Koenig,Gary",003,15545,Engineering & Applied Science,3.57,35,4,11,7,5,3,5,0,0,0,0
2022 Fall,STS,4500,STS and Engineering Practice,036749,"Seabrook,Bryn",013,16027,Engineering & Applied Science,3.87,28,2,14,12,0,0,0,0,0,0,0
2022 Fall,COMM,3110,Intermediate Accounting I,006461,"Backof,Ann",200,14654,McIntire School of Commerce,3.69,26,0,12,6,6,2,0,0,0,0,0
2022 Fall,COMM,3200,Project & Product Management,006498,"Leopold,Jeffrey",002,14719,McIntire School of Commerce,3.76,38,0,17,15,5,1,0,0,0,0,0
2022 Fall,COMM,4620,Strategic Leadership,045370,"Zhao,Emma",002,14744,McIntire School of Commerce,3.88,39,3,25,8,2,1,0,0,0,0,0
2022 Fall,MDST,3650,Shooting the Western,042874,"Little,William",001,13646,College & Graduate Arts & Sci,3.66,27,1,10,8,5,2,1,0,0,0,0
2022 Fall,PHYS,2030,Princip of Physics 1 Workshop,030811,"Khan,Md. Nazmun Sadat",008,10910,College & Graduate Arts & Sci,3.68,25,0,9,9,6,1,0,0,0,0,0
2022 Fall,EDIS,5730,Diag & Remediation I: PreK-2,009475,"Hayes,Latisha L.",501,15363,School of Education and HumanDev,3.95,12,0,10,2,0,0,0,0,0,0,0
2022 Fall,PHAR,9001,Principles of Pharmacology I,042342,"Creutz,Carl",001,19247,Medical School - BIMS/PHS,3.71,7,2,3,0,0,2,0,0,0,0,0
2022 Fall,FREN,2020,Intermediate French II,014316,"Lee,Loren",008,13668,College & Graduate Arts & Sci,3.94,16,2,11,3,0,0,0,0,0,0,0
2022 Fall,BUS,5100,"Cyber Law, Regulation and Eth",042721,"Broz,Kristen",701,20731,Continuing & Prof Studies,3.76,14,0,11,1,0,0,1,1,0,0,0
2022 Fall,EDIS,5422,Cross-Cultural Education,043455,"Cranford,Sara",500,15357,School of Education and HumanDev,3.90,23,10,10,1,0,2,0,0,0,0,0
2022 Fall,ANTH,3840,Archaeology of the Middle East,000790,"Wattenmaker,Patricia",001,18469,College & Graduate Arts & Sci,3.49,20,2,3,6,4,3,2,0,0,0,0
2022 Fall,PHIL,3620,Science Fiction & Philosophy,045756,"Cameron,Ross",001,18612,College & Graduate Arts & Sci,3.77,29,0,17,6,5,0,1,0,0,0,0
2022 Fall,EGMT,1520,Empirical Engagement,044513,"Mclaren,John",215,17932,College & Graduate Arts & Sci,3.81,36,0,25,4,5,2,0,0,0,0,0
2022 Fall,CS,3140,Software Dev Essentials,046231,"Nguyen,Rich",002,18803,Engineering & Applied Science,3.65,64,3,32,11,5,7,4,2,0,0,0
2022 Fall,LAW,6002,Contracts,021553,"Kordana,Kevin",I,20652,School of Law,3.40,32,0,1,7,23,1,0,0,0,0,0
2022 Fall,ECON,4420,Macroeconomic Policy,007976,"Leeper,Eric",001,18154,College & Graduate Arts & Sci,3.51,37,5,10,8,2,9,1,0,2,0,0
2022 Fall,LAW,9283,Constitutionalism and Culture,044662,"Howard,A. E.",1,19806,School of Law,3.71,17,0,7,5,5,0,0,0,0,0,0
2022 Fall,ENGL,8830,Feminist Theory,011586,"Fraiman,Susan",001,18249,College & Graduate Arts & Sci,3.89,11,1,6,4,0,0,0,0,0,0,0
2022 Fall,MICR,8401,Microbial Pathogenesis,024112,"Criss,Alison",001,19127,Medical School - BIMS/PHS,4.00,5,2,3,0,0,0,0,0,0,0,0
2022 Fall,EDIS,5040,Assessment Evaluation Spec Ed,009427,"Pollitt,Daniel",500,15349,School of Education and HumanDev,3.37,12,2,3,0,1,3,3,0,0,0,0
2022 Fall,SYS,6581,Selected Topics in Sys Engr,036978,"Hayes,Roy",006,16656,Engineering & Applied Science,3.63,6,0,2,3,0,0,1,0,0,0,0
2022 Fall,ECE,6502,Spec Top:Elect & Computer Engr,007732,"Lee,Kyusang",002,16858,Engineering & Applied Science,4.00,11,2,9,0,0,0,0,0,0,0,0
2022 Fall,SOC,2442,Systems of Inequality,040429,"Arnold,Colin",100,18515,College & Graduate Arts & Sci,3.64,29,0,13,9,2,3,1,0,1,0,0
2022 Fall,COMM,3030,Quantitative & Finan Analysis,006455,"White,Mark A",004,14650,McIntire School of Commerce,3.49,39,0,5,17,10,5,2,0,0,0,0
2022 Fall,MATH,1320,Calculus II,022954,"Branman,Beth",400,13105,College & Graduate Arts & Sci,3.49,21,1,9,2,4,2,0,2,1,0,0
2022 Fall,HIUS,3501,Introductory History Workshop,046577,"Kang,S. Deborah",001,18495,College & Graduate Arts & Sci,3.76,16,0,7,7,1,1,0,0,0,0,0
2022 Fall,SPAN,3020,Grammar and Composition II,035894,"Silva,Sergio",002,13097,College & Graduate Arts & Sci,3.96,16,2,12,2,0,0,0,0,0,0,0
2022 Fall,PPL,2010,"Morality, Law and the State",032134,"Phulwani,Vijay",001,12888,College & Graduate Arts & Sci,3.84,22,0,10,12,0,0,0,0,0,0,0
2022 Fall,EDLF,6010,Higher Ed Finance & Budget,009795,"Leffers,Robert",1,15083,School of Education and HumanDev,3.78,34,0,18,9,7,0,0,0,0,0,0
2022 Fall,LAW,8802,Grad Legal Research/Writing I,021830,"Moran,Karen",1,19809,School of Law,3.38,25,0,3,7,9,4,1,1,0,0,0
2022 Fall,MATH,1320,Calculus II,022954,"McCarthy,Matthew",300,10605,College & Graduate Arts & Sci,3.46,19,0,4,3,10,1,1,0,0,0,0
2022 Fall,BME,4350,BME Data Science,046421,"Civelek,Mete",001,19632,Engineering & Applied Science,3.82,31,7,14,6,1,3,0,0,0,0,0
2022 Fall,EDHS,5230,"Women, Work, and Wellness",044577,"Flora,Amanda",1,15086,School of Education and HumanDev,3.90,33,0,31,1,0,0,0,0,0,0,1
2022 Fall,EDIS,5221,Reading Foundations,009443,"Thacker-Gwaltney,Susan",500,15354,School of Education and HumanDev,3.71,25,0,14,6,2,2,0,0,1,0,0
2022 Fall,FREN,5540,Topics in 18th-Century Lit,039242,"Tsien,Jennifer",1,19028,College & Graduate Arts & Sci,3.81,7,1,4,1,0,1,0,0,0,0,0
2022 Fall,KINE,5270,PE for Children with Autism,043792,"Block,Martin",1,15058,School of Education and HumanDev,3.84,10,7,1,1,0,0,1,0,0,0,0
2022 Fall,EDIS,6220,Assessment of Curriculum: K-12,045848,"Falls,Melanie",500,15379,School of Education and HumanDev,3.94,21,5,15,0,0,0,1,0,0,0,0
2022 Fall,COMM,4790,Fundamentals of R.E. Analysis,006542,"Korgaonkar,Sanket",003,14746,McIntire School of Commerce,3.54,20,0,4,8,5,2,1,0,0,0,0
2022 Fall,CE,6500,Special Topics in CE,004607,"Pennetti,Cody",600,18995,Engineering & Applied Science,3.50,6,0,4,0,0,1,0,0,1,0,0
2022 Fall,FREN,3051,Hist & Civ of France: Rev-1945,014375,"Horne,Janet",001,19030,College & Graduate Arts & Sci,3.96,17,2,13,2,0,0,0,0,0,0,0
2022 Fall,ARTH,2451,"Modern Art, 1900-1945",002478,"Turner,Elizabeth",100,13885,College & Graduate Arts & Sci,3.68,70,1,25,31,9,3,0,0,0,0,1
2022 Fall,APMA,3150,From Data to Knowledge,044104,"Guadagni,Gianluca",001,16221,Engineering & Applied Science,3.75,42,3,17,14,5,3,0,0,0,0,0
2022 Fall,KINE,5495,Human Physiology,044649,"Allen,Jason",1,15073,School of Education and HumanDev,3.81,7,3,3,0,0,0,1,0,0,0,0
2022 Fall,ARTS,2610,Drawing I,002836,"Schoyer,Elizabeth",002,14094,College & Graduate Arts & Sci,4.00,15,4,11,0,0,0,0,0,0,0,0
2022 Fall,MDST,3504,Topics in Global Media,042990,"Driscoll,Kevin",002,13890,College & Graduate Arts & Sci,3.78,29,1,15,9,2,1,1,0,0,0,0
2022 Fall,EDIS,5080,Differentiating Instruction,045846,"Moran,Melinda",500,15378,School of Education and HumanDev,3.76,17,1,11,1,2,1,1,0,0,0,0
2022 Fall,LATI,3100,Vergil,021152,"Myers,Karen",001,18091,College & Graduate Arts & Sci,3.51,14,0,5,4,3,0,1,0,0,1,0
2022 Fall,ECE,4209,RF Circuit Dsgn & Wireless Sys,007687,"Weikle,Robert",001,15993,Engineering & Applied Science,3.54,14,4,3,2,2,1,0,2,0,0,0
2022 Fall,EVAT,5320,Mountain Meteorology,039705,"Wekker,Stephan De",001,18000,College & Graduate Arts & Sci,3.67,9,2,3,2,1,0,0,1,0,0,0
2022 Fall,ECE,3209,Electromagnetic Fields,007677,"Barker,N.",001,16153,Engineering & Applied Science,3.39,23,0,7,5,2,5,3,0,0,1,0
2022 Fall,ECE,4440,Embedded System Design,007696,"Powell,Harry",001,16154,Engineering & Applied Science,3.93,56,27,21,4,4,0,0,0,0,0,0
2022 Fall,NUCO,2130,Therapeutic Prin of Nrsg Care,029370,"Logan,Jeongok",001,17343,School of Nursing,3.76,109,12,47,33,7,8,1,1,0,0,0
2022 Fall,RUTR,2460,Russian Culture,034780,"Clowes,Edith",001,13113,College & Graduate Arts & Sci,3.53,15,0,5,5,0,3,2,0,0,0,0
2022 Fall,ENGL,3310,18th-Century Women Writers,011645,"Hurley,Alison",001,18296,College & Graduate Arts & Sci,3.38,26,0,4,11,4,2,3,1,0,1,0
2022 Fall,GETR,3464,Stories of Love and Adventure,045859,"McDonald,William",001,18665,College & Graduate Arts & Sci,3.87,30,0,21,6,3,0,0,0,0,0,0
2022 Fall,ENWR,1510,Writing and Critical Inquiry,013432,"Jennings,Chandler",080,20771,College & Graduate Arts & Sci,3.90,18,0,12,6,0,0,0,0,0,0,0
2022 Fall,MAE,4690,Spacecraft Design I,042022,"Goyne,Chris",001,15989,Engineering & Applied Science,3.99,29,22,6,1,0,0,0,0,0,0,0
2022 Fall,LASE,3510,Topics in the Liberal Arts,046610,"LaFleur,Jennifer",006,18484,College & Graduate Arts & Sci,3.36,11,0,5,2,2,1,0,0,0,0,1
2022 Fall,ANTH,3240,The Anthropology of Food,041611,"Jernigan,Kasey",100,13396,College & Graduate Arts & Sci,3.91,58,47,1,8,0,1,0,1,0,0,0
2022 Fall,COMM,3010,Strategy and Systems,006453,"Maurer,Christopher Scott",003,14629,McIntire School of Commerce,3.67,45,0,13,19,13,0,0,0,0,0,0
2022 Fall,GNUR,8240,DNP Seminar I,043777,"Quatrara,Beth",001,17499,School of Nursing,3.98,12,3,8,1,0,0,0,0,0,0,0
2022 Fall,ENGR,1624,Introduction to Engineering,045087,"Herrera,Daniel",004,16469,Engineering & Applied Science,3.96,43,23,17,2,0,1,0,0,0,0,0
2022 Fall,NUIP,3430,Pharmacology II,043239,"Kastello,Jennifer",001,17500,School of Nursing,3.60,86,1,29,27,13,13,3,0,0,0,0
2022 Fall,PSYC,2600,Intro to Social Psychology,032521,"MacCormack,Jennifer",002,12345,College & Graduate Arts & Sci,3.86,364,92,170,69,21,6,4,1,1,0,0
2022 Fall,RELG,5559,New Course: RELG,039670,"Salomon,Noah",001,20241,College & Graduate Arts & Sci,3.60,5,1,0,2,2,0,0,0,0,0,0
2022 Fall,STS,2730,Engineers & Art of the Deal,043897,"Whitfield,Milton",001,16222,Engineering & Applied Science,3.65,45,0,9,25,9,2,0,0,0,0,0
2022 Fall,ENGR,1624,Introduction to Engineering,045087,"Maiti,Deepyaman",007,16472,Engineering & Applied Science,3.88,46,2,37,3,1,1,1,1,0,0,0
2022 Fall,COMM,3010,Strategy and Systems,006453,"Nelson,Russell R",001,14628,McIntire School of Commerce,3.45,44,1,5,10,23,4,1,0,0,0,0
2022 Fall,ENGR,1624,Introduction to Engineering,045087,"Sun,Tao",015,16480,Engineering & Applied Science,3.91,45,6,34,2,2,0,0,0,1,0,0
2022 Fall,KOR,1010,Elementary Korean I,020864,"CHOI,YOON HWA",003,14402,College & Graduate Arts & Sci,3.76,18,4,7,3,3,0,1,0,0,0,0
2022 Fall,ENWR,1510,Writing and Critical Inquiry,013432,"Correll,Allison",066,12303,College & Graduate Arts & Sci,3.60,17,0,3,9,3,2,0,0,0,0,0
2022 Fall,KINE,5480,Exercise Interven in Disease,009285,"Swift,Damon",001,14786,School of Education and HumanDev,3.72,13,0,9,0,2,1,1,0,0,0,0
2022 Fall,ENWR,1510,Writing and Critical Inquiry,013432,"David,Monica",064,12302,College & Graduate Arts & Sci,3.91,18,1,13,3,1,0,0,0,0,0,0
2022 Fall,EVSC,2801,Fundamentals of Geology Lab,014091,"Garcia,Santiago Munevar",400,14263,College & Graduate Arts & Sci,3.58,13,0,4,3,5,1,0,0,0,0,0
2022 Fall,CS,4620,Compilers,006935,"Dwyer,Matthew",001,16352,Engineering & Applied Science,3.79,34,10,14,5,3,0,1,0,0,1,0
2022 Fall,EDIS,3452,Designing Games for Learning,044153,"Wilkens,Kim",1,15035,School of Education and HumanDev,3.99,26,4,21,1,0,0,0,0,0,0,0
2022 Fall,KINE,3601,Musculoskeletal Anatomy Lab I,042824,"Donahue,Catherine",3,15174,School of Education and HumanDev,3.46,14,0,3,4,2,5,0,0,0,0,0
2022 Fall,BME,8995,M.E. Supervsd Project Research,004175,"Rosen,Jonathan",001,16683,Engineering & Applied Science,3.90,9,4,2,3,0,0,0,0,0,0,0
2022 Fall,COMM,3030,Quantitative & Finan Analysis,006455,"Fraser Gasman,Cynthia",007,14649,McIntire School of Commerce,3.54,40,0,7,16,13,3,1,0,0,0,0
2022 Fall,LPPL,7025,Values-Based Leadership,042195,"Adams,Gabrielle",002,17276,Batten Leadership & Public Pol,3.78,31,1,15,10,4,1,0,0,0,0,0
2022 Fall,PHS,3186,Comp. Health Care Systems,042686,"Quissell,Kathryn",001,14235,College & Graduate Arts & Sci,3.94,28,2,20,6,0,0,0,0,0,0,0
2022 Fall,STAT,7995,Statistical Consulting,036712,"Kafadar,Karen",001,18336,College & Graduate Arts & Sci,3.62,33,10,7,6,2,4,4,0,0,0,0
2022 Fall,CHEM,1411,Intro College Chem I Lab,005986,"Morkowchuk,Lisa",073,13351,College & Graduate Arts & Sci,3.67,22,17,0,3,0,0,0,0,0,1,1
2022 Fall,LPPS,3330,Education and Conflict,046707,"Mohamed,Naseemah",001,19686,Batten Leadership & Public Pol,3.77,16,0,5,10,1,0,0,0,0,0,0
2022 Fall,MSE,3050,Thermodymanics of Materials,024405,"Zhigilei,Leonid",001,16826,Engineering & Applied Science,3.74,28,7,7,9,2,2,1,0,0,0,0
2022 Fall,ENWR,1510,Writing and Critical Inquiry,013432,"Chakrabarti,Ankita",083,20774,College & Graduate Arts & Sci,3.96,16,0,14,2,0,0,0,0,0,0,0
2022 Fall,MDST,3510,Topics in Media Research,045771,"Morimoto,Lori",002,13653,College & Graduate Arts & Sci,3.98,30,16,12,2,0,0,0,0,0,0,0
2022 Fall,COMM,3030,Quantitative & Finan Analysis,006455,"White,Mark A",003,14646,McIntire School of Commerce,3.63,42,0,10,18,13,1,0,0,0,0,0
2022 Fall,ENWR,1510,Writing and Critical Inquiry,013432,"Catlett,Lucy",084,20775,College & Graduate Arts & Sci,3.95,18,0,15,3,0,0,0,0,0,0,0
2022 Fall,STAT,7200,Intro to Advanced Probability,036703,"Brown,Taylor",001,18335,College & Graduate Arts & Sci,3.69,9,0,5,0,4,0,0,0,0,0,0
2022 Fall,STS,2500,S & T in Soc & Global Context,036734,"Wylie,Caitlin",002,16815,Engineering & Applied Science,3.69,27,0,15,5,4,1,1,1,0,0,0
2022 Fall,BME,2220,Biomechanics,004068,"Hu,Xiao",001,16359,Engineering & Applied Science,3.80,70,1,38,21,8,2,0,0,0,0,0
2022 Fall,SOC,4180,American Dream and Its Limits,046734,"Vickerman,Milton",001,20579,College & Graduate Arts & Sci,3.76,16,0,8,5,2,1,0,0,0,0,0
2022 Fall,RELG,2820,Jerusalem,044564,"Andruss,Jessica",001,13978,College & Graduate Arts & Sci,3.67,26,0,7,13,4,2,0,0,0,0,0
2022 Fall,PHYS,2415,Intro Physics 2 for Engineers,031076,"Norum,Blaine",002,10950,College & Graduate Arts & Sci,3.17,45,3,3,8,9,12,5,3,0,1,1
2022 Fall,ALAR,8010,Research Studio 1,042199,"Clark,William",003,10220,School of Architecture,3.88,6,3,2,0,1,0,0,0,0,0,0
2022 Fall,EGMT,1530,Engaging Differences,044514,"Kuin,Inger Neeltje Irene",107,12919,College & Graduate Arts & Sci,3.95,35,4,27,3,0,1,0,0,0,0,0
2022 Fall,GSMS,3010,Global Middle East &South Asia,044594,"Farmer,Tessa",001,12305,College & Graduate Arts & Sci,3.72,13,0,9,2,1,0,0,0,0,1,0
2022 Fall,ARTS,2000,Intro to Studio Art,045397,"Cheung,Conrad",005,12856,College & Graduate Arts & Sci,3.86,13,0,7,6,0,0,0,0,0,0,0
2022 Fall,EGMT,1540,Ethical Engagement,044515,"Fraser,Cassandra",101,12267,College & Graduate Arts & Sci,3.76,35,1,16,13,3,1,1,0,0,0,0
2022 Fall,ENWR,3900,Career-Based Writing/Rhetoric,040841,"Casteen,John",001,12275,College & Graduate Arts & Sci,3.63,15,0,4,6,4,1,0,0,0,0,0
2022 Fall,PSYC,3240,Animal Minds,032492,"Meliza,Daniel",001,12843,College & Graduate Arts & Sci,3.43,66,0,20,18,8,10,8,0,1,0,1
2022 Fall,ENCW,2600,Fiction Writing,013455,"Buford,Nial",002,12846,College & Graduate Arts & Sci,3.91,14,0,10,4,0,0,0,0,0,0,0
2022 Fall,PHYS,1110,Energy this World & Elsewhere,030782,"Dukes,E",001,12279,College & Graduate Arts & Sci,3.57,26,2,10,5,2,4,2,1,0,0,0
2022 Fall,GDS,3010,Global Development Theory I,039893,"Edmunds,David",001,11015,College & Graduate Arts & Sci,3.69,27,3,11,10,2,0,0,0,0,0,1
2022 Fall,SOC,3820,Social Movements,035428,"Slez,Adam",001,12487,College & Graduate Arts & Sci,3.80,32,2,21,5,1,1,1,0,1,0,0
2022 Fall,ARCH,2010,Foundation Studio II,001493,"Sturgeon,Kyle",102,10200,School of Architecture,3.62,11,0,2,6,2,1,0,0,0,0,0
2022 Fall,CHEM,1411,Intro College Chem I Lab,005986,"Morkowchuk,Lisa",029,10984,College & Graduate Arts & Sci,3.73,23,15,4,1,0,0,1,0,0,2,0
2022 Fall,PSYC,3160,Cognitive Neuroscience,045356,"Long,Nicole",001,12842,College & Graduate Arts & Sci,3.22,50,1,5,14,10,7,5,6,1,1,0
2022 Fall,MUSI,4545,Computer Applications in Music,024873,"Dahl,Luke",001,12931,College & Graduate Arts & Sci,3.71,10,0,5,3,1,0,1,0,0,0,0
2022 Fall,ENWR,2520,Special Topics in Writing,013448,"Parks,Stephen",003,12952,College & Graduate Arts & Sci,3.96,16,6,8,2,0,0,0,0,0,0,0
2022 Fall,ARTH,4591,Seminar in the History of Art,002569,"Skerritt,Henry",004,12963,College & Graduate Arts & Sci,3.82,10,1,3,6,0,0,0,0,0,0,0
2022 Fall,MDST,3050,History of Media,023526,"Goin,Keara",001,12817,College & Graduate Arts & Sci,3.83,79,0,52,19,3,2,3,0,0,0,0
2022 Fall,PSYC,2200,Survey Neural Basis of Behav,032491,"Clabough,Erin",001,12844,College & Graduate Arts & Sci,3.63,266,10,104,72,40,27,8,2,2,0,1
2022 Fall,EGMT,1520,Empirical Engagement,044513,"Goldblatt,Laura",105,13020,College & Graduate Arts & Sci,3.88,66,3,48,8,6,0,1,0,0,0,0
2022 Fall,CS,4774,Machine Learning,045513,"Nguyen,Rich",001,16618,Engineering & Applied Science,3.82,113,45,34,16,11,6,1,0,0,0,0
2022 Fall,LAW,7740,Advis Brd Debt Restruct (SC),043819,"Kaufman,Peter",1,19807,School of Law,3.40,10,0,1,3,3,3,0,0,0,0,0
2022 Fall,CHEM,1411,Intro College Chem I Lab,005986,"Morkowchuk,Lisa",075,13353,College & Graduate Arts & Sci,3.88,16,12,1,2,0,0,1,0,0,0,0
2022 Fall,GCOM,7050,Organizational Behavior,037979,"Zhao,Emma",001,14676,McIntire School of Commerce,3.62,55,1,19,12,20,2,1,0,0,0,0
2022 Fall,CE,4210,Stormwater Management,037395,"Culver,Teresa",001,16592,Engineering & Applied Science,3.74,14,2,4,5,3,0,0,0,0,0,0
2022 Fall,GCOM,7641,Communicating Eff as Acct Prof,039826,"Pentz,Marcia",2,14709,McIntire School of Commerce,3.76,30,0,14,10,6,0,0,0,0,0,0
2022 Fall,EDHS,4010,Tech Apps Special Populations,042944,"Appert,Christine",1,14917,School of Education and HumanDev,3.96,20,9,8,3,0,0,0,0,0,0,0
2022 Fall,PSYC,5326,The Neurosci of Soc Relations,043416,"Coan,James",001,20254,College & Graduate Arts & Sci,4.00,25,16,9,0,0,0,0,0,0,0,0
2022 Fall,ENGR,1624,Introduction to Engineering,045087,"Anderson,Eric",013,19715,Engineering & Applied Science,3.92,46,2,38,4,0,0,2,0,0,0,0
2022 Fall,WGS,2125,Race& Pwr in Gender& Sexuality,046589,"Chin,Matthew",100,18378,College & Graduate Arts & Sci,3.95,40,8,29,2,0,0,1,0,0,0,0
2022 Fall,EVSC,3201,Fundamentals of Ecology Lab,014094,"Heffernan,Elise",005,10474,College & Graduate Arts & Sci,3.72,14,1,9,2,0,0,1,0,1,0,0
2022 Fall,COMM,4643,Adv Business Speaking,006544,"Pentz,Marcia",001,14735,McIntire School of Commerce,3.92,25,1,17,7,0,0,0,0,0,0,0
2022 Fall,GCOM,7060,Financial Management,038177,"McCartney,William",001,14677,McIntire School of Commerce,3.52,39,0,10,12,9,5,3,0,0,0,0
2022 Fall,COMM,4620,Strategic Leadership,045370,"Zhao,Emma",001,14736,McIntire School of Commerce,3.93,38,4,28,4,2,0,0,0,0,0,0
2022 Fall,APMA,3120,Statistics,001154,"Lark,James",003,16496,Engineering & Applied Science,3.58,18,2,6,4,3,0,2,1,0,0,0
2022 Fall,RELC,3245,"Religion, Law, and Culture",043973,"Flake,Kathleen",001,14259,College & Graduate Arts & Sci,3.88,18,0,14,3,0,0,1,0,0,0,0
2022 Fall,LPPP,6500,Topics in Public Policy,041388,"Pai,Jieun",004,18943,Batten Leadership & Public Pol,3.73,12,2,4,3,2,1,0,0,0,0,0
2022 Fall,ENTP,1010,Intro to Entrepreneurship,043881,"Zorychta,Alexander",002,14715,McIntire School of Commerce,3.92,56,0,47,7,1,0,0,1,0,0,0
2022 Fall,LPPA,7220,Adv Topics Impact Evaluation,045119,"Player,Daniel",001,17254,Batten Leadership & Public Pol,3.87,10,0,7,2,1,0,0,0,0,0,0
2022 Fall,CS,3250,Software Testing,045512,"Praphamontripong,Upsorn",001,16617,Engineering & Applied Science,3.80,115,17,58,23,6,8,2,1,0,0,0
2022 Fall,COMM,5130,Advanced Financial Accounting,006554,"YU,Yingri",001,14704,McIntire School of Commerce,3.24,21,0,3,7,1,4,4,0,2,0,0
2022 Fall,ANTH,3590,Social & Cultural Anthropology,041002,"Benitez,Ernesto",001,14433,College & Graduate Arts & Sci,3.86,28,10,14,1,0,2,0,1,0,0,0
2022 Fall,ARTH,2052,Ancient Egypt,039561,"Dakouri-Hild,Anastasia",001,18848,College & Graduate Arts & Sci,3.68,53,7,21,12,4,6,2,0,1,0,0
2022 Fall,GCOM,7040,Marketing & QA,037978,"Mittal,Chiraag",001,14675,McIntire School of Commerce,3.64,52,1,13,21,15,2,0,0,0,0,0
2022 Fall,STS,4500,STS and Engineering Practice,036749,"Forelle,MC",016,16591,Engineering & Applied Science,3.85,28,7,13,5,2,0,1,0,0,0,0
2022 Fall,STS,4500,STS and Engineering Practice,036749,"Baritaud,Catherine",005,15935,Engineering & Applied Science,3.52,20,0,3,10,2,4,1,0,0,0,0
2022 Fall,EDLF,3160,Intro to Educ Psychology,009661,"Grammer,Jennie",001,14791,School of Education and HumanDev,3.83,28,10,10,4,2,1,1,0,0,0,0
2022 Fall,STS,4500,STS and Engineering Practice,036749,"Baritaud,Catherine",006,15936,Engineering & Applied Science,3.58,20,0,4,10,2,4,0,0,0,0,0
2022 Fall,BME,6101,Physiology I for Engineers,004122,"Allen,Timothy",001,16042,Engineering & Applied Science,3.80,26,6,11,4,3,2,0,0,0,0,0
2022 Fall,ENTP,1010,Intro to Entrepreneurship,043881,"Zorychta,Alexander",003,14716,McIntire School of Commerce,3.78,49,1,24,17,4,3,0,0,0,0,0
2022 Fall,STS,2760,Tech&Policy:Intent Meets Proc,043899,"Whitfield,Milton",001,16589,Engineering & Applied Science,3.83,34,0,24,9,0,0,0,0,0,0,1
2022 Fall,COMM,4660,Mgmt Consulting & Advisory Svc,006529,"Seaborn,Paul",001,14733,McIntire School of Commerce,3.54,33,0,3,18,7,5,0,0,0,0,0
2022 Fall,EDHS,7680,Psychopathology,009241,"Sturek,Jennifer",001,14782,School of Education and HumanDev,3.92,30,8,17,3,2,0,0,0,0,0,0
2022 Fall,MESA,2559,New Course: MESA,041732,"Sunya,Samhita",001,17819,College & Graduate Arts & Sci,3.83,56,11,36,3,1,1,1,1,2,0,0
2022 Fall,COMM,5140,AcctforDecision Making&Control,006550,"Roberts,Andrea",001,14713,McIntire School of Commerce,3.67,22,0,9,7,3,3,0,0,0,0,0
2022 Fall,COMM,5130,Advanced Financial Accounting,006554,"YU,Yingri",002,14705,McIntire School of Commerce,3.64,17,3,5,6,0,1,1,0,1,0,0
2022 Fall,EDLF,7130,College Student Development,009723,"Steinmetz,Christian",1,14952,School of Education and HumanDev,3.83,21,0,17,1,1,0,2,0,0,0,0
2022 Fall,CS,1111,Introduction to Programming,007055,"Apostolellis,Panagiotis",001,16181,Engineering & Applied Science,3.79,76,10,42,11,8,2,1,2,0,0,0
2022 Fall,ENGL,3480,The English Novel II,012776,"Arata,Stephen",001,19615,College & Graduate Arts & Sci,3.60,29,0,9,9,7,4,0,0,0,0,0
2022 Fall,ENGL,3500,Studies in English Literature,045449,"Martens,Lorna",002,19717,College & Graduate Arts & Sci,3.45,10,0,1,5,2,0,2,0,0,0,0
2022 Fall,EDLF,5310,Data Mgmt Social Science Rsch,042734,"Miller,Luke",1,14904,School of Education and HumanDev,3.70,22,0,6,13,2,0,1,0,0,0,0
2022 Fall,PHS,7010,Fundamentals of Epidemiology,030365,"Eby,Jean",001,18398,Medical School - BIMS/PHS,3.70,53,6,20,13,8,4,2,0,0,0,0
2022 Fall,SPAN,2020,Advanced Intermediate Spanish,035854,"Hervas,Maria Jose Jorquera",003,10996,College & Graduate Arts & Sci,3.79,18,3,7,7,0,0,0,1,0,0,0
2022 Fall,CE,3712,Intro Geotechnical Engr Lab,004708,"Burden,Lindsay",001,16092,Engineering & Applied Science,3.77,12,0,8,0,4,0,0,0,0,0,0
2022 Fall,LAW,9364,Race and Slavery UVA N Grounds,046712,"Dierksheide,Christa",1,20237,School of Law,3.38,8,0,0,3,4,0,1,0,0,0,0
2022 Fall,LPPL,4660,Value & Bias in Public Policy,042085,"Trawalter,Sophie",001,17223,Batten Leadership & Public Pol,3.56,32,0,8,11,8,4,1,0,0,0,0
2022 Fall,PLPT,3200,African-Amer Political Thought,031931,"Balfour,Lawrie",100,13809,College & Graduate Arts & Sci,3.69,46,0,21,13,8,1,3,0,0,0,0
2022 Fall,GCOM,7230,Data Mgmt for Decision Making,043909,"Kitchens,Brent",001,21207,McIntire School of Commerce,3.63,23,0,8,7,6,1,1,0,0,0,0
2022 Fall,MATH,1140,Financial Mathematics,022937,"Liles,Louisa",003,18773,College & Graduate Arts & Sci,3.86,38,4,27,3,1,2,0,1,0,0,0
2022 Fall,CHTR,3850,Chinese Documentary and Film,042183,"Laughlin,Charles",001,17908,College & Graduate Arts & Sci,3.88,29,5,12,12,0,0,0,0,0,0,0
2022 Fall,MATH,4220,PDEs and Applied Math,023129,"Grujic,Zoran",001,12457,College & Graduate Arts & Sci,3.47,26,1,8,6,4,4,1,0,2,0,0
2022 Fall,LAW,7031,Federal Criminal Law,021655,"Brown,Darryl",1,20661,School of Law,3.59,15,0,0,11,4,0,0,0,0,0,0
2022 Fall,CE,6030,Green Engineering,004589,"Peterson,Lisa",001,18991,Engineering & Applied Science,3.92,12,4,5,3,0,0,0,0,0,0,0
2022 Fall,GNUR,6054,Rsch & Biostats Proc Hlth Care,016931,"Evans,Emily",001,17461,School of Nursing,3.76,8,0,3,4,1,0,0,0,0,0,0
2022 Fall,MSP,3501,Exploring the Middle Ages,024481,"McGrady,Deborah",001,13601,College & Graduate Arts & Sci,3.83,11,0,7,3,0,1,0,0,0,0,0
2022 Fall,SPAN,3430,Latin Amer Lit II (1900-Pres),035911,"Pellon,Gustavo",002,12969,College & Graduate Arts & Sci,3.44,17,0,4,8,3,1,0,0,0,0,1
2022 Fall,LPPS,7050,National Security Process,042086,"Robinson,John",001,17284,Batten Leadership & Public Pol,3.63,13,0,3,7,1,2,0,0,0,0,0
2022 Fall,ENGL,4510,Seminar in Medieval Literature,012686,"Fowler,Elizabeth",001,18273,College & Graduate Arts & Sci,3.87,10,0,7,2,1,0,0,0,0,0,0
2022 Fall,ARTS,2000,Intro to Studio Art,045397,"Hogg,Anna",003,12854,College & Graduate Arts & Sci,3.86,18,5,8,3,1,1,0,0,0,0,0
2022 Fall,CHEM,1411,Intro College Chem I Lab,005986,"Morkowchuk,Lisa",050,13334,College & Graduate Arts & Sci,3.74,22,11,4,4,0,0,2,0,1,0,0
2022 Fall,PHYS,2010,Principles of Physics 1,030809,"Grouchy,Rebecca D.",500,12357,College & Graduate Arts & Sci,3.83,29,4,16,5,3,0,1,0,0,0,0
2022 Fall,LAW,6002,Contracts,021553,"Johnson,Alex",G,19899,School of Law,3.40,32,1,4,8,10,7,1,1,0,0,0
2022 Fall,LASE,3510,Topics in the Liberal Arts,046610,"Flood,David",002,17713,College & Graduate Arts & Sci,3.87,17,1,10,5,1,0,0,0,0,0,0
2022 Fall,CS,4501,Spec Top: Computer Science,006942,"Evans,David",002,16629,Engineering & Applied Science,3.95,45,4,37,2,1,1,0,0,0,0,0
2022 Fall,EVAT,5300,Introduction to Climatology,013715,"Grise,Kevin",001,12444,College & Graduate Arts & Sci,3.85,15,2,10,1,1,0,1,0,0,0,0
2022 Fall,CHEM,2311,Org Chem Lab I Non Chem Major,043154,"Chruma,Jason",015,13060,College & Graduate Arts & Sci,3.84,35,0,22,11,0,1,1,0,0,0,0
2022 Fall,ENGL,4560,Seminar Modern & Contemp Lit,012608,"Olwell,Victoria",002,18141,College & Graduate Arts & Sci,3.74,18,0,6,10,1,1,0,0,0,0,0
2022 Fall,CE,6030,Green Engineering,004589,"Peterson,Lisa",600,18992,Engineering & Applied Science,3.83,11,6,2,2,0,0,1,0,0,0,0
2022 Fall,PHIL,3810,"Sex, Sexuality, and Gender",044630,"Barnes,Elizabeth",001,14029,College & Graduate Arts & Sci,3.73,28,0,10,13,4,1,0,0,0,0,0
2022 Fall,EGMT,1520,Empirical Engagement,044513,"Maloni,Sara",209,17926,College & Graduate Arts & Sci,3.85,34,3,19,10,1,0,1,0,0,0,0
2022 Fall,ECE,3501,Special Topics ECE,040913,"Beling,Andreas",001,16615,Engineering & Applied Science,3.93,18,5,9,4,0,0,0,0,0,0,0
2022 Fall,NUCO,4210,Public Health Nursing,043229,"Mitchell,Emma",001,17425,School of Nursing,3.94,44,0,36,7,1,0,0,0,0,0,0
2022 Fall,PLCP,4500,Special Topics,031707,"Carter,Chris",005,17910,College & Graduate Arts & Sci,3.76,14,0,11,1,0,1,0,0,1,0,0
2022 Fall,FREN,3585,Topics in Cultural Studies,014370,"McGrady,Deborah",002,19617,College & Graduate Arts & Sci,3.92,11,0,8,3,0,0,0,0,0,0,0
2022 Fall,SLTR,3300,Facing Evil in 20th Century,042456,"Tolczyk,Dariusz",001,14073,College & Graduate Arts & Sci,3.88,27,0,16,11,0,0,0,0,0,0,0
2022 Fall,ENGL,5559,New Course: ENGL,045439,"Fowler,Elizabeth",002,18287,College & Graduate Arts & Sci,3.83,11,0,6,4,1,0,0,0,0,0,0
2022 Fall,LPPS,6710,Congress 101,041276,"Warburg,Gerald",001,18959,Batten Leadership & Public Pol,3.67,18,0,8,5,3,1,1,0,0,0,0
2022 Fall,ISIN,4510,Sp Tps Conduct Inquiry: So Sci,043255,"Corlett,David",101,20616,Continuing & Prof Studies,3.41,19,0,8,5,2,1,1,0,1,0,1
2022 Fall,LAW,9182,International Law/Use of Force,042306,"Deeks,Ashley",1,20664,School of Law,3.53,15,0,2,6,6,1,0,0,0,0,0
2022 Fall,COMM,1800,Foundations of Commerce,006438,"Hoopes,Charlotte",002,14701,McIntire School of Commerce,3.70,157,15,66,32,28,9,6,1,0,0,0
2022 Fall,LAW,6109,Corporations (Law & Business),021836,"Barzuza,Michal",1,19897,School of Law,3.46,44,0,4,19,13,6,1,1,0,0,0
2022 Fall,ASTR,1210,Intro Sky and Solar System,003045,"Pryal,Matthew",004,14281,College & Graduate Arts & Sci,3.72,49,1,20,18,6,3,1,0,0,0,0
2022 Fall,LING,3400,Structure of English,000747,"Crabtree,Janay",100,18405,College & Graduate Arts & Sci,3.66,25,0,10,8,4,2,1,0,0,0,0
2022 Fall,SPAN,4530,Spec Topics Seminar: Language,035970,"Mendoza,Omar Velazquez",002,18317,College & Graduate Arts & Sci,3.97,21,3,16,2,0,0,0,0,0,0,0
2022 Fall,PLCP,4250,Politics of Economic Reform,031720,"Echeverri-Gent,John",001,13792,College & Graduate Arts & Sci,3.50,14,0,4,3,4,2,1,0,0,0,0
2022 Fall,GCOM,7030,Financial Accounting,038176,"Koch,Adam",002,14681,McIntire School of Commerce,3.50,55,0,17,12,9,15,2,0,0,0,0
2022 Fall,COMM,3020,Behavior Issues in Mktg & Mgmt,006454,"Lehman,David W",006,14637,McIntire School of Commerce,3.61,45,0,6,26,11,2,0,0,0,0,0
2022 Fall,GCOM,7010,Global Strategy and Systems,038175,"Harris,Ira",001,14671,McIntire School of Commerce,3.51,49,2,6,13,27,1,0,0,0,0,0
2022 Fall,SOC,2680,Introduction to Demography,046154,"Sullivan,Teresa",001,13739,College & Graduate Arts & Sci,4.00,24,11,13,0,0,0,0,0,0,0,0
2022 Fall,MDST,8000,"Media, Culture & Technology",038974,"Swartz,Lana",001,13662,College & Graduate Arts & Sci,3.93,14,3,9,1,1,0,0,0,0,0,0
2022 Fall,SPAN,2020,Advanced Intermediate Spanish,035854,"Florez-Murillo,David",011,11003,College & Graduate Arts & Sci,3.86,17,1,8,8,0,0,0,0,0,0,0
2022 Fall,COMM,3030,Quantitative & Finan Analysis,006455,"Fraser Gasman,Cynthia",008,14644,McIntire School of Commerce,3.54,37,0,13,7,9,6,2,0,0,0,0
2022 Fall,SPAN,3040,Business Spanish,035896,"Wellbeloved,Elizabeth A.",501,17909,College & Graduate Arts & Sci,3.52,11,0,4,2,2,2,1,0,0,0,0
2022 Fall,PSYC,4100,Neuro of Emotion/Motivation,046687,"Williams,Cedric",001,19571,College & Graduate Arts & Sci,3.50,26,3,8,4,3,5,2,0,1,0,0
2022 Fall,HIEU,2031,Ancient Greece,018390,"Lendon,Jon",100,10541,College & Graduate Arts & Sci,3.56,36,2,13,9,2,6,3,0,1,0,0
2022 Fall,COMM,5140,AcctforDecision Making&Control,006550,"Roberts,Andrea",002,14718,McIntire School of Commerce,3.37,16,0,1,4,7,4,0,0,0,0,0
2022 Fall,ENGL,3572,African-American Lit & Culture,011386,"Ross,Marlon",001,18314,College & Graduate Arts & Sci,3.60,12,0,1,8,2,1,0,0,0,0,0
2022 Fall,PHS,7180,The Practice of Public Health,030375,"Bernheim,Ruth",001,20239,Medical School - BIMS/PHS,3.99,48,0,46,2,0,0,0,0,0,0,0
2022 Fall,MDST,4670,Screening White Supremacy,045396,"Little,William",001,13649,College & Graduate Arts & Sci,3.63,16,0,8,3,2,2,0,1,0,0,0
2022 Fall,CHEM,5430,Nanoscale Imaging,038339,"Gahlmann,Andreas",001,17724,College & Graduate Arts & Sci,3.83,12,4,5,1,1,1,0,0,0,0,0
2022 Fall,ASTR,5010,Astrophysical Processes,039698,"Arras,Phil",001,10994,College & Graduate Arts & Sci,3.68,8,2,3,1,0,1,1,0,0,0,0
2022 Fall,GCOM,7641,Communicating Eff as Acct Prof,039826,"Pentz,Marcia",1,14708,McIntire School of Commerce,3.76,30,0,13,12,5,0,0,0,0,0,0
2022 Fall,CJ,5125,Executive Response Drug Crimes,046791,"Highsmith,James",02,21727,Continuing & Prof Studies,3.85,15,2,8,3,2,0,0,0,0,0,0
2022 Fall,CJ,5660,Adv Concept of Wellness in LE,041450,"Draper,Sarah",02,21728,Continuing & Prof Studies,4.00,24,11,13,0,0,0,0,0,0,0,0
2022 Fall,STS,4500,STS and Engineering Practice,036749,"Earle,Joshua",022,16090,Engineering & Applied Science,3.93,29,0,27,0,0,2,0,0,0,0,0
2022 Fall,PHS,7170,SAS and Data Mngt in Pop Hlth,030374,"Pannone,Aaron",001,18463,Medical School - BIMS/PHS,3.85,56,25,16,11,0,1,2,1,0,0,0
2022 Fall,ENWR,1510,Writing and Critical Inquiry,013432,"Sophronius,Jeddie",037,11004,College & Graduate Arts & Sci,3.95,17,1,13,3,0,0,0,0,0,0,0
2022 Fall,PSYC,4645,Psychology of Inequality,046309,"Brown-Iannuzzi,Jazmin",001,14392,College & Graduate Arts & Sci,3.95,11,0,9,2,0,0,0,0,0,0,0
2022 Fall,MATH,4651,Advanced Linear Algebra,023151,"Gazaki,Evangelia",001,10624,College & Graduate Arts & Sci,3.67,19,2,8,3,4,0,2,0,0,0,0
2022 Fall,BME,4063,Biomed Engr Capstone Design I,004083,"Allen,Timothy",001,15646,Engineering & Applied Science,3.96,113,5,99,6,1,2,0,0,0,0,0
2022 Fall,ENGL,2506,Studies in Poetry,012488,"Rush,Rebecca",001,18291,College & Graduate Arts & Sci,3.64,16,0,5,9,0,1,0,0,1,0,0
2022 Fall,SPAN,2020,Advanced Intermediate Spanish,035854,"Garcia,Laura Aguilar",004,10997,College & Graduate Arts & Sci,3.76,16,0,8,5,2,1,0,0,0,0,0
2022 Fall,GNUR,6025,Advanced Health Assessment,016901,"Eastham,Linda",001,17473,School of Nursing,3.82,25,1,13,9,1,1,0,0,0,0,0
2022 Fall,COMM,3030,Quantitative & Finan Analysis,006455,"Baglioni Jr.,Anthony John",001,14647,McIntire School of Commerce,3.40,41,0,6,7,20,7,1,0,0,0,0
2022 Fall,CHE,4491,Chemical Engineering Lab II,005481,"Prpich,George",101,15655,Engineering & Applied Science,3.24,13,0,1,3,2,5,2,0,0,0,0
2022 Fall,MDST,4510,Capstone Topics,045773,"Rao,Pallavi",002,14284,College & Graduate Arts & Sci,3.82,21,1,11,7,1,1,0,0,0,0,0
2022 Fall,PSED,1080,Foundations in Business,046786,"Fairchild,Tierney",D550,21619,Continuing & Prof Studies,3.75,12,2,5,2,2,1,0,0,0,0,0
2022 Fall,PORT,2050,Intensive Portuguese,045572,"Feitosa,Lilian",001,13511,College & Graduate Arts & Sci,3.71,11,1,5,3,0,1,1,0,0,0,0
2022 Fall,BIOL,5070,Prac Aspects Light Microscopy,003662,"Periasamy,Ammasi",001,14088,College & Graduate Arts & Sci,3.86,5,1,3,0,1,0,0,0,0,0,0
2022 Fall,CS,4750,Database Systems,006934,"Praphamontripong,Upsorn",001,16189,Engineering & Applied Science,3.84,131,36,56,21,12,4,2,0,0,0,0
2022 Fall,SPAN,2020,Advanced Intermediate Spanish,035854,"Garcia,Laura Aguilar",008,11000,College & Graduate Arts & Sci,3.54,17,0,3,9,3,0,1,1,0,0,0
2022 Fall,ITAL,1010,Elementary Italian I,020555,"Kaneda,Hiromi",003,10549,College & Graduate Arts & Sci,4.00,20,6,14,0,0,0,0,0,0,0,0
2022 Fall,EVSC,1080,Resources and the Environment,013861,"Ferenbaugh,Joy",001,13301,College & Graduate Arts & Sci,3.52,121,13,43,18,17,16,9,0,2,2,1
2022 Fall,GCOM,7050,Organizational Behavior,037979,"Zhao,Emma",002,14683,McIntire School of Commerce,3.57,58,2,10,22,18,6,0,0,0,0,0
2022 Fall,EGMT,1510,Engaging Aesthetics,044512,"Dobryden,Paul",103,12262,College & Graduate Arts & Sci,3.79,34,0,23,7,1,2,0,0,0,1,0
2022 Fall,MUSI,2307,Play Guitar! Level 1,045484,"Rosensky,Michael",001,13624,College & Graduate Arts & Sci,3.83,16,0,8,7,1,0,0,0,0,0,0
2022 Fall,STS,4500,STS and Engineering Practice,036749,"Forelle,MC",019,16026,Engineering & Applied Science,3.87,28,16,8,2,0,0,1,1,0,0,0
2022 Fall,STS,4500,STS and Engineering Practice,036749,"Wayland,Kent",020,16089,Engineering & Applied Science,3.90,26,0,20,4,2,0,0,0,0,0,0
2022 Fall,NUIP,2080,Microbiology for Health Scienc,042612,"Connelly,Christine",001,17375,School of Nursing,3.68,57,4,22,17,6,5,3,0,0,0,0
2022 Fall,COMM,4720,Adv Corp Finance: Val & Restr,006541,"Schenone,Carola",004,14747,McIntire School of Commerce,3.59,17,2,2,7,4,2,0,0,0,0,0
2022 Fall,EDIS,7852,Seminar: Reading Research,039488,"Cohen,Julie",1,15132,School of Education and HumanDev,3.85,8,1,3,4,0,0,0,0,0,0,0
2022 Fall,BIOL,1040,The DNA Revolution,043971,"Taylor,Douglas",001,13414,College & Graduate Arts & Sci,3.61,174,3,74,46,6,32,10,2,0,1,0
2022 Fall,NUIP,2240,Lifespan Development,029449,"Williams,Ishan",001,17339,School of Nursing,3.76,91,0,42,37,9,2,0,0,1,0,0
2022 Fall,COMM,4790,Fundamentals of R.E. Analysis,006542,"Korgaonkar,Sanket",001,14668,McIntire School of Commerce,3.64,22,0,8,7,5,1,1,0,0,0,0
2022 Fall,LAW,7501,Spec Topics Short Course (SC),046387,"Teichman,Doron",1,20256,School of Law,3.54,5,0,1,2,1,1,0,0,0,0,0
2022 Fall,EGMT,1530,Engaging Differences,044514,"Walsh,David",214,17950,College & Graduate Arts & Sci,3.84,31,0,20,7,4,0,0,0,0,0,0
2022 Fall,KINE,2850,Medical Terminology,042975,"Golden,Dana",3,15085,School of Education and HumanDev,3.99,89,0,87,1,1,0,0,0,0,0,0
2022 Fall,MUSI,3310,Theory I,024801,"Golter,Samuel",002,13676,College & Graduate Arts & Sci,3.90,15,0,10,5,0,0,0,0,0,0,0
2022 Fall,EDHS,7230,Theories & Tech of Counseling,009206,"Taylor,Julia",001,14779,School of Education and HumanDev,3.90,30,0,26,2,0,1,1,0,0,0,0
2022 Fall,ANTH,2160,Culture & Environment,045704,"Igoe,Jim",001,13864,College & Graduate Arts & Sci,3.64,25,2,5,11,4,3,0,0,0,0,0
2022 Fall,GCOM,7263,Intro to Cybersecurity,045614,"Lewis,Bryan",001,14738,McIntire School of Commerce,3.42,12,0,0,5,5,2,0,0,0,0,0
2022 Fall,MATH,3351,Elementary Linear Algebra,023081,"Morse,Jennifer",002,12341,College & Graduate Arts & Sci,3.36,14,0,3,6,2,0,0,2,0,1,0
2022 Fall,EDIS,6880,Masters Comp in Curric & Inst,045850,"Jewett,Anne",500,15423,School of Education and HumanDev,3.81,21,3,15,2,0,0,0,0,0,0,1
2022 Fall,ASTR,3480,Introduction to Cosmology,003087,"Whittle,Mark",001,13843,College & Graduate Arts & Sci,3.71,25,4,13,3,2,0,2,0,0,1,0
2022 Fall,EGMT,1520,Empirical Engagement,044513,"Niblo,Jessica",204,17917,College & Graduate Arts & Sci,3.86,35,5,21,6,2,0,0,1,0,0,0
2022 Fall,COMM,3410,Commercial Law I,006470,"Moore,Sherri",002,14731,McIntire School of Commerce,3.55,252,0,48,122,42,20,18,1,1,0,0
2022 Fall,MSE,3060,Structures/Defects of Material,024406,"Ma,Ji",001,15885,Engineering & Applied Science,3.78,26,3,11,8,3,0,1,0,0,0,0
2022 Fall,GCOM,7451,Federal Taxation,046002,"Porter,Susan",001,14749,McIntire School of Commerce,3.32,12,1,1,2,5,2,0,0,1,0,0
2022 Fall,JPTR,3010,Survey of Trad. Japanese Lit,020827,"Heldt,Gustav",001,13656,College & Graduate Arts & Sci,3.74,17,0,6,8,3,0,0,0,0,0,0
2022 Fall,GCOM,7650,Internat'l Corp Govern & Strat,044192,"Cowen,Amanda",001,14762,McIntire School of Commerce,3.49,29,0,5,8,12,4,0,0,0,0,0
2022 Fall,MUSI,2340,Learn to Groove,039726,"Jospe,Robert",002,12960,College & Graduate Arts & Sci,3.95,20,4,14,1,1,0,0,0,0,0,0
2022 Fall,CHEM,1410,Intro College Chemistry I,005649,"Stains,Marilyne",200,14141,College & Graduate Arts & Sci,3.61,340,17,114,95,55,40,16,0,3,0,0
2022 Fall,ECON,3430,Sustainability Economics,045903,"Shobe,William",100,13501,College & Graduate Arts & Sci,3.47,141,5,34,46,18,21,9,2,3,3,0
2022 Fall,EGMT,1520,Empirical Engagement,044513,"Williams,Jennie",200,17911,College & Graduate Arts & Sci,3.97,34,0,31,3,0,0,0,0,0,0,0
2022 Fall,AMST,2559,New Course: AMST,038535,"Aiken,Guy",001,18686,College & Graduate Arts & Sci,3.71,15,0,10,1,2,1,0,1,0,0,0
2022 Fall,ECON,8210,International Trade Theory,008059,"Mclaren,John",001,18225,College & Graduate Arts & Sci,3.63,8,0,2,3,3,0,0,0,0,0,0
2022 Fall,HIST,3501,Introductory History Workshop,046540,"Lambert,Erin",001,18581,College & Graduate Arts & Sci,3.65,17,0,11,4,1,0,0,0,0,0,1
2022 Fall,WGS,3900,"Gender, Sexuality & Islam",046211,"Moqaddam,Maryam Zehtabi Sabeti",001,13819,College & Graduate Arts & Sci,3.89,26,9,9,7,1,0,0,0,0,0,0
2022 Fall,CE,6500,Special Topics in CE,004607,"Campbell,Brad",002,16689,Engineering & Applied Science,3.82,5,1,1,3,0,0,0,0,0,0,0
2022 Fall,EDHS,2840,Intro to Youth & Social Innov,044391,"Levy,Melissa",1,15061,School of Education and HumanDev,3.97,52,39,10,2,1,0,0,0,0,0,0
2022 Fall,HIST,2213,Rule of Law,046170,"Bishara,Fahad",100,18188,College & Graduate Arts & Sci,3.65,99,0,30,39,24,5,1,0,0,0,0
2022 Fall,EDHS,2230,Drug Awareness,044847,"Pleszkoch,Elisabeth",1,15124,School of Education and HumanDev,3.82,63,0,44,12,2,0,5,0,0,0,0
2022 Fall,STS,4500,STS and Engineering Practice,036749,"Foley,Rider",014,15934,Engineering & Applied Science,3.73,26,0,19,0,0,7,0,0,0,0,0
2022 Fall,ECON,4350,Corporate Finance,007969,"Mcgee,Christopher",200,18340,College & Graduate Arts & Sci,3.43,72,1,13,20,18,14,5,1,0,0,0
2022 Fall,EDLF,7808,Strat Align of Plan & Resource,009751,"Nichols,Richard",500,15340,School of Education and HumanDev,3.93,15,1,12,1,1,0,0,0,0,0,0
2022 Fall,MAE,3230,Thermal Fluids Laboratory,045222,"Smith,Natasha",001,16594,Engineering & Applied Science,3.90,106,32,56,10,3,5,0,0,0,0,0
2022 Fall,RELG,3559,New Course: RELG,039193,"Marsh,Charles",002,18162,College & Graduate Arts & Sci,3.95,18,0,15,3,0,0,0,0,0,0,0
2022 Fall,EDLF,7807,LEAD I,009747,"Spicer,David Eddy",500,15339,School of Education and HumanDev,3.94,10,0,8,2,0,0,0,0,0,0,0
2022 Fall,STS,4500,STS and Engineering Practice,036749,"Forelle,MC",009,16005,Engineering & Applied Science,3.75,26,6,13,4,1,0,1,0,0,0,1
2022 Fall,ENGR,1624,Introduction to Engineering,045087,"Williams,Keith",009,16474,Engineering & Applied Science,3.91,42,9,26,5,0,1,1,0,0,0,0
2022 Fall,ENGR,1624,Introduction to Engineering,045087,"Maiti,Deepyaman",010,16475,Engineering & Applied Science,4.00,37,5,32,0,0,0,0,0,0,0,0
2022 Fall,KINE,2850,Medical Terminology,042975,"Golden,Dana",1,15001,School of Education and HumanDev,3.99,97,0,94,3,0,0,0,0,0,0,0
2022 Fall,ECE,6501,Topics: Elect & Computer Engr,007731,"Shukla,Nikhil",004,16613,Engineering & Applied Science,3.70,23,2,6,10,4,1,0,0,0,0,0
2022 Fall,LPPA,3640,Resrch Methods & Data Analysis,042161,"Myung,Noah",400,18573,Batten Leadership & Public Pol,3.56,47,0,18,10,9,6,3,1,0,0,0
2022 Fall,EDIS,7700,Reading Found Diverse Learners,009522,"Pearson,Emma Peworchik",502,15479,School of Education and HumanDev,3.59,13,0,11,0,0,0,1,0,0,0,1
2022 Fall,COMM,3020,Behavior Issues in Mktg & Mgmt,006454,"Lehman,David W",005,14641,McIntire School of Commerce,3.59,43,0,4,26,11,2,0,0,0,0,0
2022 Fall,NUCO,4420,Professional Nursing,042017,"Wiersma,Gretchen",003,17518,School of Nursing,3.77,10,0,8,1,0,0,0,0,1,0,0
2022 Fall,ENGL,2508,Studies in Fiction,012491,"Arata,Stephen",001,18159,College & Graduate Arts & Sci,3.54,18,0,8,5,2,1,1,0,0,0,1
2022 Fall,STAT,4630,Statistical Machine Learning,044234,"Woo,Jeffrey",002,12804,College & Graduate Arts & Sci,3.77,75,4,36,21,10,4,0,0,0,0,0
2022 Fall,RELH,3725,Travel Writing and India,042866,"Nemec,John",001,18058,College & Graduate Arts & Sci,3.82,27,0,16,7,4,0,0,0,0,0,0
2022 Fall,EDIS,5012,Mindfulness for Teachers,044537,"Nicholas-Stokes,Pamela",500,15346,School of Education and HumanDev,3.72,18,5,11,0,0,1,0,0,0,0,1
2022 Fall,EDIS,5133,Principles of ABA,045102,"Matthews,Katherine",500,15352,School of Education and HumanDev,3.75,8,0,6,0,0,2,0,0,0,0,0
2022 Fall,MUSI,3570,Music Cultures,040905,"Lobley,Noel",001,14253,College & Graduate Arts & Sci,3.91,22,6,12,3,0,1,0,0,0,0,0
2022 Fall,PHIL,3150,17th Century Philosophy,030116,"Secada,Jorge",001,14025,College & Graduate Arts & Sci,3.63,16,1,3,7,4,1,0,0,0,0,0
2022 Fall,KINE,2850,Medical Terminology,042975,"Golden,Dana",2,15027,School of Education and HumanDev,3.95,43,0,40,1,1,1,0,0,0,0,0
2022 Fall,EDLF,3240,Educ Multicultural Societies,044021,"Sung,Jieun",001,15033,School of Education and HumanDev,3.99,31,3,27,1,0,0,0,0,0,0,0
2022 Fall,CS,4501,Spec Top: Computer Science,006942,"Sun,Yixin",001,16620,Engineering & Applied Science,3.61,59,4,24,12,11,4,2,0,1,0,1
2022 Fall,KINE,3601,Musculoskeletal Anatomy Lab I,042824,"Donahue,Catherine",2,15173,School of Education and HumanDev,3.88,18,0,12,5,1,0,0,0,0,0,0
2022 Fall,PHIL,3640,Political Philosophy,030092,"Motchoulski,Alexander",001,14026,College & Graduate Arts & Sci,3.84,25,6,10,7,0,2,0,0,0,0,0
2022 Fall,EDIS,5030,Design Effec Lrn Exp & Environ,009426,"Pease,Jennifer",2,15182,School of Education and HumanDev,3.97,30,20,8,1,1,0,0,0,0,0,0
2022 Fall,BIOC,8150,Biochemical Literature,003292,"Wotton,David",001,19131,Medical School - BIMS/PHS,3.96,14,3,9,2,0,0,0,0,0,0,0
2022 Fall,KINE,3210,Kines Individuals Disabilities,009099,"Fines,Abby",001,14812,School of Education and HumanDev,3.85,54,1,31,18,4,0,0,0,0,0,0
2022 Fall,COMM,3110,Intermediate Accounting I,006461,"Wang,Bingyun",600,14658,McIntire School of Commerce,3.77,26,2,9,12,2,1,0,0,0,0,0
2022 Fall,LATI,5559,New Course: LATI,038613,"Corbeill,Anthony",001,18183,College & Graduate Arts & Sci,3.83,7,0,3,4,0,0,0,0,0,0,0
2022 Fall,ENGL,4560,Seminar Modern & Contemp Lit,012608,"Edmundson,Mark",003,18142,College & Graduate Arts & Sci,3.76,15,1,7,4,2,1,0,0,0,0,0
2022 Fall,NUIP,4610,Leadershp/Mgt in Hlth Care Sys,029457,"Toll,Crystal",002,17524,School of Nursing,3.81,12,0,9,2,0,0,0,1,0,0,0
2022 Fall,EDIS,5075,Online and Blended Learning,043011,"O'Neil,Colleen",500,15412,School of Education and HumanDev,3.49,15,8,3,0,0,1,2,0,0,0,1
2022 Fall,APMA,3080,Linear Algebra,001151,"Abramenko,Monika",003,15539,Engineering & Applied Science,3.53,24,2,9,2,3,7,0,1,0,0,0
2022 Fall,PC,5040,Advanced Contract Management,029787,"Drummond,Kevin",750,20711,Continuing & Prof Studies,3.74,17,0,10,4,0,2,1,0,0,0,0
2022 Fall,APMA,1090,Single Variable Calculus I,001138,"Fernando,Thiwanka",002,16463,Engineering & Applied Science,3.43,31,1,6,9,3,10,1,1,0,0,0
2022 Fall,GERM,2010,Intermediate German,015678,"Schenberg,Cora",004,18688,College & Graduate Arts & Sci,3.94,16,2,11,3,0,0,0,0,0,0,0
2022 Fall,EDIS,4100,Char of Ind w/Emot & Behav Dis,044942,"Gentry,Roberta",500,15342,School of Education and HumanDev,4.00,24,17,7,0,0,0,0,0,0,0,0
2022 Fall,EDIS,3221,Intro to Reading Foundations,045883,"Hall,Colby",2,15318,School of Education and HumanDev,3.84,18,0,13,3,0,2,0,0,0,0,0
2022 Fall,EDIS,8855,Critical Race Theory in Educ,043212,"Trent,Stanley",1,15064,School of Education and HumanDev,3.91,7,0,5,2,0,0,0,0,0,0,0
2022 Fall,EDIS,5310,Differentiation Reading Instr,009451,"Hayes,Latisha",1,15322,School of Education and HumanDev,3.97,20,0,18,2,0,0,0,0,0,0,0
2022 Fall,ENGR,1624,Introduction to Engineering,045087,"Louis,Garrick",003,16468,Engineering & Applied Science,3.97,23,4,17,2,0,0,0,0,0,0,0
2022 Fall,PC,5040,Advanced Contract Management,029787,"Falcone,Ronald",701,20710,Continuing & Prof Studies,3.92,17,0,14,2,1,0,0,0,0,0,0
2022 Fall,CS,6501,Spec Top: Computer Science,006981,"Heo,Seongkook",001,16588,Engineering & Applied Science,3.75,69,1,37,21,7,2,0,0,0,0,1
2022 Fall,EDHS,7120,Prevention Intervention Assess,041987,"Traub,Jaimee",1,14883,School of Education and HumanDev,3.96,32,0,29,2,1,0,0,0,0,0,0
2022 Fall,STS,4500,STS and Engineering Practice,036749,"Foley,Rider",017,15937,Engineering & Applied Science,3.70,27,0,19,0,0,8,0,0,0,0,0
2022 Fall,IT,3400,Database Mgmt & Bus Intelligen,042443,"Al-Ghandour,Majed",701,20738,Continuing & Prof Studies,3.79,12,0,7,4,0,0,1,0,0,0,0
2022 Fall,MAE,2300,Statics,022574,"Pindera,Marek-Jerzy",002,16362,Engineering & Applied Science,3.55,42,8,12,4,4,12,1,1,0,0,0
2022 Fall,EDHS,2250,Stress and Anxiety Management,044538,"Knape,Erin",2,15179,School of Education and HumanDev,3.95,27,17,7,2,1,0,0,0,0,0,0
2022 Fall,CE,2300,Statics,004438,"Pindera,Marek-Jerzy",001,16118,Engineering & Applied Science,3.37,43,4,9,8,6,11,1,1,2,1,0
2022 Fall,SPAN,2020,Advanced Intermediate Spanish,035854,"Park,Sara",006,10998,College & Graduate Arts & Sci,3.71,20,0,5,14,0,0,0,1,0,0,0
2022 Fall,EDHS,4020,Clinical Phonetics,044114,"Hoffman,LaVae",1,15026,School of Education and HumanDev,3.41,29,0,13,3,2,5,4,1,0,0,1
2022 Fall,KINE,3630,Emergency Medical Care,009126,"Thompson,Xavier",1,14884,School of Education and HumanDev,3.92,32,0,25,6,1,0,0,0,0,0,0
2022 Fall,EVSC,4250,Ecosystem Ecology,013938,"Pace,Michael",001,13832,College & Graduate Arts & Sci,3.69,16,0,8,3,3,2,0,0,0,0,0
2022 Fall,EDIS,5025,"Curric, Instruct & Assessment",044060,"Baran Jr.,John Charles",503,15415,School of Education and HumanDev,3.93,19,2,14,2,1,0,0,0,0,0,0
2022 Fall,MSE,6010,Elec & Crystal Struc of Matls,024419,"Reinke,Petra",001,15606,Engineering & Applied Science,3.77,19,2,8,5,4,0,0,0,0,0,0
2022 Fall,GNUR,6054,Rsch & Biostats Proc Hlth Care,016931,"Drake,Emily",003,17493,School of Nursing,3.94,38,1,31,5,1,0,0,0,0,0,0
2022 Fall,LAW,9340,"Corps, Investors, and ESG",045986,"Barzuza,Michal",1,20658,School of Law,3.39,14,0,1,5,4,3,1,0,0,0,0
2022 Fall,CHE,4491,Chemical Engineering Lab II,005481,"Prpich,George",102,15656,Engineering & Applied Science,3.84,12,2,5,4,1,0,0,0,0,0,0
2022 Fall,EDLF,5410,Strat in Higher Ed & Athletics,044393,"Starsia,Gerald",1,15082,School of Education and HumanDev,3.68,12,0,4,5,2,1,0,0,0,0,0
2022 Fall,ENCW,3350,Intermediate Nonfiction,043439,"Alison,Jane",001,18157,College & Graduate Arts & Sci,3.96,14,1,11,2,0,0,0,0,0,0,0
2022 Fall,ENGL,8380,18th-Century Prose Fiction,011668,"Wall,Cynthia",001,18297,College & Graduate Arts & Sci,3.84,14,2,6,5,1,0,0,0,0,0,0
2022 Fall,ANTH,2430,Languages of the World,000670,"Dobrin,Lise",001,13608,College & Graduate Arts & Sci,3.68,52,5,18,14,9,5,1,0,0,0,0
2022 Fall,ISLS,3210,Metaphor: Making a Final Unity,020412,"Matthews,Charlotte",101,20621,Continuing & Prof Studies,3.89,23,13,6,2,1,0,1,0,0,0,0
2022 Fall,ECON,8991,Research Methods,008078,"Mortimer,Julie",002,14478,College & Graduate Arts & Sci,3.95,13,0,11,2,0,0,0,0,0,0,0
2022 Fall,EDLF,5470,Motivtn in Achievement Contxts,009676,"Hofkens,Tara",001,14813,School of Education and HumanDev,3.76,16,3,8,2,1,0,2,0,0,0,0
2022 Fall,KINE,4400,Nutrition & the Athlete,044197,"Bird,Randy",1,15036,School of Education and HumanDev,3.68,49,5,16,18,4,5,0,0,0,1,0
2022 Fall,MESA,3111,Film Festivals,045035,"Sunya,Samhita",001,13494,College & Graduate Arts & Sci,3.86,27,2,18,5,0,1,1,0,0,0,0
2022 Fall,EDIS,5000,The Exceptional Learner,009423,"Myers-Mitchell,H. Nicole",501,15507,School of Education and HumanDev,3.44,19,0,9,3,1,5,0,0,0,0,1
2022 Fall,KINE,3630,Emergency Medical Care,009126,"Thompson,Xavier",2,15028,School of Education and HumanDev,3.93,23,0,18,5,0,0,0,0,0,0,0
2022 Fall,ANTH,2400,Language and Culture,000667,"Wendte,Nathan",100,13551,College & Graduate Arts & Sci,3.86,59,0,48,7,2,1,0,0,0,0,1
2022 Fall,SPAN,4530,Spec Topics Seminar: Language,035970,"Rini,Joel",001,13830,College & Graduate Arts & Sci,3.99,22,13,8,1,0,0,0,0,0,0,0
2022 Fall,CHEM,1411,Intro College Chem I Lab,005986,"Morkowchuk,Lisa",054,13336,College & Graduate Arts & Sci,3.96,24,20,1,3,0,0,0,0,0,0,0
2022 Fall,GCOM,7350,Auditing and Data Analytics,015402,"Backof,Ann",001,14761,McIntire School of Commerce,3.75,26,0,14,5,7,0,0,0,0,0,0
2022 Fall,SYS,6021,Statistical Modeling I,036958,"Barnes,Laura",001,16000,Engineering & Applied Science,3.61,24,0,6,12,2,3,1,0,0,0,0
2022 Fall,EDHS,8350,SC Leadership & Consultation,044326,"Williams,Joseph",1,15206,School of Education and HumanDev,4.00,26,17,9,0,0,0,0,0,0,0,0
2022 Fall,EDIS,5428,ESL Methods PreK-12,045531,"Chang-Bacon,Chris",001,15201,School of Education and HumanDev,3.44,7,0,4,2,0,0,0,0,0,0,1
2022 Fall,KINE,6710,Admin Strat in Ath Training,044801,"Madrak,Emily",1,15109,School of Education and HumanDev,3.88,12,0,10,0,2,0,0,0,0,0,0
2022 Fall,CHEM,2311,Org Chem Lab I Non Chem Major,043154,"Chruma,Jason",016,13061,College & Graduate Arts & Sci,3.77,26,0,12,10,3,1,0,0,0,0,0
2022 Fall,WGS,3125,Transnational Feminism,040835,"Moqaddam,Maryam Zehtabi Sabeti",001,13821,College & Graduate Arts & Sci,3.90,29,4,20,3,1,0,1,0,0,0,0
2022 Fall,GCOM,7060,Financial Management,038177,"McCartney,William",002,14684,McIntire School of Commerce,3.56,39,0,15,10,3,8,3,0,0,0,0
2022 Fall,COMM,2730,Personal Finance,006451,"Kelly,Dorothy",002,14745,McIntire School of Commerce,3.84,45,0,31,7,6,1,0,0,0,0,0
2022 Fall,STAT,1602,Intro Data Science with Python,045052,"Campbell,Sydney",001,13918,College & Graduate Arts & Sci,3.91,84,0,67,13,3,0,1,0,0,0,0
2022 Fall,EDLF,5160,Life Span Development,043142,"Sweeney,Beverly",1,15065,School of Education and HumanDev,3.95,35,2,28,4,1,0,0,0,0,0,0
2022 Fall,ARTH,3591,Art History Colloquium,042072,"Ramirez-Weaver,Eric",001,13553,College & Graduate Arts & Sci,3.58,12,1,8,1,1,0,0,0,0,0,1
2022 Fall,COMM,3330,Mkt Research & Analytic Tech,006475,"Kim,Christine",001,14692,McIntire School of Commerce,3.84,22,6,11,2,1,1,1,0,0,0,0
2022 Fall,GCOM,7655,Global Market Res & Analytics,044810,"Kozlenkova,Irina",001,14767,McIntire School of Commerce,3.27,29,0,5,10,7,0,1,0,6,0,0
2022 Fall,APMA,3080,Linear Algebra,001151,"Abramenko,Monika",001,15537,Engineering & Applied Science,3.60,35,3,12,8,6,3,2,1,0,0,0
2022 Fall,FREN,4585,Adv Topics Cultural Studies,014411,"Blatt,Ari",001,13671,College & Graduate Arts & Sci,3.92,15,0,11,4,0,0,0,0,0,0,0
2022 Fall,ENWR,1510,Writing and Critical Inquiry,013432,"Hager,Stephen",072,12686,College & Graduate Arts & Sci,3.85,17,0,11,4,2,0,0,0,0,0,0
2022 Fall,MUSI,2342,Learn to Groove Int,041028,"Jospe,Robert",001,12961,College & Graduate Arts & Sci,4.00,10,3,7,0,0,0,0,0,0,0,0
2022 Fall,APMA,3501,Spec Topics in APMA,040943,"Ryals,Megan",001,16383,Engineering & Applied Science,3.96,14,3,9,2,0,0,0,0,0,0,0
2022 Fall,STS,4500,STS and Engineering Practice,036749,"Wayland,Kent",007,15931,Engineering & Applied Science,3.76,21,0,12,4,4,1,0,0,0,0,0
2022 Fall,ENGR,1624,Introduction to Engineering,045087,"Williams,Keith",011,16476,Engineering & Applied Science,3.96,46,9,31,6,0,0,0,0,0,0,0
2022 Fall,EDIS,7710,Read & Writ Acros Contnt Areas,040109,"Austin,Ottilie",500,15375,School of Education and HumanDev,3.92,24,0,19,4,1,0,0,0,0,0,0
2022 Fall,EGMT,1540,Ethical Engagement,044515,"Elia,Matt",208,17964,College & Graduate Arts & Sci,3.93,27,7,18,0,0,2,0,0,0,0,0
2022 Fall,APMA,3100,Probability,001152,"Ma,Hui",002,15540,Engineering & Applied Science,3.38,28,1,6,6,5,3,7,0,0,0,0
2022 Fall,LAW,7125,Practical Trust/Estate Admin,042755,"Murphy,Stephen",1,19786,School of Law,3.57,11,0,3,3,4,1,0,0,0,0,0
2022 Fall,CE,3210,Fluid Mechanics,004448,"Lakshmi,Venkataraman",001,15888,Engineering & Applied Science,3.84,34,7,20,0,5,2,0,0,0,0,0
2022 Fall,APMA,3110,Applied Stats & Probability,001153,"Maiti,Deepyaman",002,15543,Engineering & Applied Science,3.52,37,5,9,8,6,5,2,1,1,0,0
2022 Fall,SYS,6003,Optimizatn Models & Methods I,036949,"Riggs,Robert",001,15628,Engineering & Applied Science,3.87,21,0,13,7,1,0,0,0,0,0,0
2022 Fall,STAT,3130,Dsgn & Analy of Sample Surveys,036663,"Spitzner,Dan",001,18329,College & Graduate Arts & Sci,3.54,23,0,5,8,7,2,1,0,0,0,0
2022 Fall,CS,1110,Introduction to Programming,006846,"Pettit,Raymond",003,16405,Engineering & Applied Science,3.74,124,13,61,18,19,11,1,1,0,0,0
2022 Fall,CHEM,1410,Intro College Chemistry I,005649,"Morkowchuk,Lisa",300,14144,College & Graduate Arts & Sci,3.55,96,1,34,23,22,10,4,0,1,0,1
2022 Fall,ENGL,4545,Sem in American Literature,045453,"Ogden,Emily",002,18729,College & Graduate Arts & Sci,3.63,13,0,6,4,0,1,2,0,0,0,0
2022 Fall,DRAM,8501,Special Topics,041983,"Close,Tovah",001,13849,College & Graduate Arts & Sci,3.85,8,0,4,4,0,0,0,0,0,0,0
2022 Fall,CHE,4491,Chemical Engineering Lab II,005481,"Prpich,George",103,16218,Engineering & Applied Science,3.65,11,2,2,4,1,2,0,0,0,0,0
2022 Fall,PHIL,8570,Metaphysic Topic,043319,"Merricks,Trenton",001,13620,College & Graduate Arts & Sci,3.87,7,0,4,3,0,0,0,0,0,0,0
2022 Fall,PHIL,3730,Ancient Ethics,030138,"McCready-Flora,Ian",001,14028,College & Graduate Arts & Sci,3.72,19,1,8,5,4,1,0,0,0,0,0
2022 Fall,SOC,2320,Gender & Society,035328,"Moore,Abigail",100,13403,College & Graduate Arts & Sci,3.66,31,0,10,13,6,1,1,0,0,0,0
2022 Fall,BME,3240,Biotransport,004069,"Highley,Chris",001,16358,Engineering & Applied Science,3.75,40,0,18,15,5,2,0,0,0,0,0
2022 Fall,EDIS,5730,Diag & Remediation I: PreK-2,009475,"Gray,Julie",502,15364,School of Education and HumanDev,3.75,18,0,11,4,1,0,2,0,0,0,0
2022 Fall,MDST,3502,Special Topics in Film Genre,039989,"Marshall,Matthew",001,14371,College & Graduate Arts & Sci,3.96,43,4,34,4,1,0,0,0,0,0,0
2022 Fall,CHE,6665,Tech for Chem Engr Anal & Des,005521,"Paolucci,Chris",001,16462,Engineering & Applied Science,3.44,16,1,5,2,3,1,4,0,0,0,0
2022 Fall,STS,4500,STS and Engineering Practice,036749,"Seabrook,Bryn",012,15933,Engineering & Applied Science,3.96,27,0,23,4,0,0,0,0,0,0,0
2022 Fall,ANTH,3589,Topics in Archaeology,041142,"Saunders,Jennifer",001,18470,College & Graduate Arts & Sci,3.81,29,11,12,5,0,0,0,0,0,0,1
2022 Fall,ECE,2630,ECE Fundamentals I,007672,"Barnes,Adam",001,15581,Engineering & Applied Science,3.64,78,13,23,20,8,10,2,1,1,0,0
2022 Fall,STS,4500,STS and Engineering Practice,036749,"Wylie,Caitlin",008,15932,Engineering & Applied Science,3.74,23,2,13,3,1,3,1,0,0,0,0
2022 Fall,ECE,6501,Topics: Elect & Computer Engr,007731,"Bezzo,Nicola",002,16240,Engineering & Applied Science,3.51,12,2,2,3,2,1,2,0,0,0,0
2022 Fall,CHEM,2311,Org Chem Lab I Non Chem Major,043154,"Chruma,Jason",017,13062,College & Graduate Arts & Sci,3.91,28,2,21,3,1,1,0,0,0,0,0
2022 Fall,STS,1500,Sci Tech & Contemp Issues,036732,"Laugelli,Benjamin",002,16043,Engineering & Applied Science,3.94,140,90,31,14,2,2,1,0,0,0,0
2022 Fall,KINE,5260,APE:Phys & Sensory Impaired,009287,"Block,Martin",1,15446,School of Education and HumanDev,3.86,9,5,3,0,0,0,1,0,0,0,0
2022 Fall,EDLF,7140,LEAD II: Professional Learning,009701,...,500,15381,School of Education and HumanDev,3.87,17,4,8,4,0,1,0,0,0,0,0
2022 Fall,DRAM,2620,Sound Design,007233,"Rasbury,Michael",002,13855,College & Graduate Arts & Sci,3.92,13,1,10,1,1,0,0,0,0,0,0
2022 Fall,SOC,3700,Health and Society,043187,"Skubby,David",100,13626,College & Graduate Arts & Sci,3.61,32,0,17,7,4,1,0,0,1,2,0
2022 Fall,CS,1010,Intro to Information Tech,006852,"Stone,Derrick",001,16351,Engineering & Applied Science,3.88,70,28,33,2,1,4,0,2,0,0,0
2022 Fall,EDIS,7000,Intro to Instructional Design,009689,"Resig,Jess",500,15366,School of Education and HumanDev,3.99,22,3,18,1,0,0,0,0,0,0,0
2022 Fall,COMM,4371,Brand Consulting & Comm,006696,"Heilman,Carrie",001,14661,McIntire School of Commerce,3.97,30,0,27,3,0,0,0,0,0,0,0
2022 Fall,CHEM,1411,Intro College Chem I Lab,005986,"Morkowchuk,Lisa",046,13330,College & Graduate Arts & Sci,3.96,23,16,4,3,0,0,0,0,0,0,0
2022 Fall,PLPT,4500,Special Topics,031937,"Rubenstein,Jennifer",004,14212,College & Graduate Arts & Sci,3.67,13,1,5,3,2,2,0,0,0,0,0
2022 Fall,MATH,1210,A survey of Calculus I,022944,"Gates,Zach",970,14505,College & Graduate Arts & Sci,3.68,16,0,7,5,2,1,1,0,0,0,0
2022 Fall,HIUS,5559,New Course: HIUS,039313,"Hale,Grace",001,18411,College & Graduate Arts & Sci,4.00,7,3,4,0,0,0,0,0,0,0,0
2022 Fall,PHYS,5880,Intro to Quantum Computing,044831,"Klich,Israel",001,13425,College & Graduate Arts & Sci,3.56,18,0,4,7,4,3,0,0,0,0,0
2022 Fall,CLAS,3260,Rituals in Ancient Greece,045800,"Petrovic,Ivana",001,17998,College & Graduate Arts & Sci,3.99,28,5,22,1,0,0,0,0,0,0,0
2022 Fall,GCOM,7790,Enterprise Architecture,015433,"Grazioli,Stefano",001,14690,McIntire School of Commerce,3.45,31,1,5,6,14,4,1,0,0,0,0
2022 Fall,COMM,3420,Commercial Law II,006471,"Moore,Sherri",001,14689,McIntire School of Commerce,3.51,47,0,10,21,4,8,2,2,0,0,0
2022 Fall,ENGR,1624,Introduction to Engineering,045087,"Williams,Keith",012,16477,Engineering & Applied Science,3.88,43,3,36,2,1,0,0,0,0,0,1
2022 Fall,EDLF,6040,Intercollegiate Athletic Admin,046181,"Pusser,Brian",1,15428,School of Education and HumanDev,3.80,13,0,7,4,2,0,0,0,0,0,0
2022 Fall,EGMT,1520,Empirical Engagement,044513,"Pfister,Olivier",208,17925,College & Graduate Arts & Sci,3.96,28,1,26,0,0,1,0,0,0,0,0
2022 Fall,CS,3710,Intro to Cybersecurity,045511,"Orebaugh,Angela",001,16616,Engineering & Applied Science,3.88,161,5,110,37,6,1,2,0,0,0,0
2022 Fall,EDHS,7060,Articulation & Phonology,009189,"Dubay,Michaela",001,14775,School of Education and HumanDev,3.95,31,0,27,3,1,0,0,0,0,0,0
2022 Fall,COMM,4741,Foundations of Global Commerce,006535,"Maillet,Peter",002,14695,McIntire School of Commerce,3.56,21,0,8,5,3,3,2,0,0,0,0
2022 Fall,GCOM,7020,Strategic Cost Management,015390,"Roberts,Andrea",002,14680,McIntire School of Commerce,3.45,58,0,7,15,30,5,1,0,0,0,0
2022 Fall,COMM,4380,Consumer Behav & Mktg Strategy,006522,"Cheema,Amar",001,14686,McIntire School of Commerce,3.42,37,1,5,10,9,12,0,0,0,0,0
2022 Fall,PLPT,4500,Special Topics,031937,"Henry,Daniel",002,13621,College & Graduate Arts & Sci,4.00,11,2,9,0,0,0,0,0,0,0,0
2022 Fall,GCOM,7653,Doing Business: US,044193,"Elliott,Christopher",001,14765,McIntire School of Commerce,3.63,29,1,6,13,7,2,0,0,0,0,0
2022 Fall,COMM,3020,Behavior Issues in Mktg & Mgmt,006454,"Davis,Derick Francis",003,14643,McIntire School of Commerce,3.71,43,1,13,20,8,1,0,0,0,0,0
2022 Fall,COMM,3220,DB Mgmt Sys & Bus Intellignce,006500,"Sarker,Suprateek",001,14687,McIntire School of Commerce,3.83,37,0,24,9,2,1,1,0,0,0,0
2022 Fall,COMM,3220,DB Mgmt Sys & Bus Intellignce,006500,"Grazioli,Stefano",002,14693,McIntire School of Commerce,3.59,36,1,11,7,15,1,1,0,0,0,0
2022 Fall,EDIS,5025,"Curric, Instruct & Assessment",044060,"Woodward,Tyler",501,15348,School of Education and HumanDev,3.57,17,10,2,1,1,1,1,0,0,0,1
2022 Fall,EDIS,7720,Understanding the Code,009524,"Thacker-Gwaltney,Susan",500,15376,School of Education and HumanDev,3.93,15,0,13,1,1,0,0,0,0,0,0
2022 Fall,PHIL,1410,Forms of Reasoning,030021,"Anderson,Joseph",002,14001,College & Graduate Arts & Sci,3.91,23,0,16,7,0,0,0,0,0,0,0
2022 Fall,EDHS,3110,Understanding Autism,044840,"Bohac,Genevieve",001,15273,School of Education and HumanDev,3.71,24,5,14,3,0,0,0,0,1,0,1
2022 Fall,EDIS,7250,Models&Strategies Tchg Gifted,009712,"Sullivan,Melissa",500,15371,School of Education and HumanDev,3.39,12,2,3,3,2,1,0,0,0,0,1
2022 Fall,MESA,3110,Sustainable Environments ME&SA,044884,"Farmer,Tessa",001,13493,College & Graduate Arts & Sci,3.86,22,0,16,3,3,0,0,0,0,0,0
2022 Fall,MAE,4610,ME Design I,022602,"Furukawa,Tomonari",001,15596,Engineering & Applied Science,3.94,10,1,7,2,0,0,0,0,0,0,0
2022 Fall,EDIS,7010,Computer Courseware Tools,009690,"DeJaegher,Crystal",500,15367,School of Education and HumanDev,3.94,10,3,5,2,0,0,0,0,0,0,0
2022 Fall,KINE,3410,Exercise Physiology,009117,"Angadi,Siddhartha",001,14774,School of Education and HumanDev,3.49,85,0,9,44,18,7,4,2,1,0,0
2022 Fall,PSYC,4250,Brain Systs Involved in Memory,032620,"Williams,Cedric",001,14078,College & Graduate Arts & Sci,3.64,22,3,11,3,3,1,0,0,0,0,1
2022 Fall,EDHS,4050,Introduction to Audiology,044392,"Turner,Cassandra",1,15062,School of Education and HumanDev,3.80,33,0,16,14,2,1,0,0,0,0,0
2022 Fall,GCOM,7830,IT Project Management,015437,"Nelson,Russell",001,14769,McIntire School of Commerce,3.59,20,0,6,6,5,3,0,0,0,0,0
2022 Fall,EDIS,5330,Science in Elementary School,009453,"Tai,Robert",001,14789,School of Education and HumanDev,4.00,28,18,10,0,0,0,0,0,0,0,0
2022 Fall,MSE,3670,Elec Opticl & Magn Behav Matls,024408,"McDonnell,Stephen",001,15605,Engineering & Applied Science,3.36,12,3,0,1,3,4,1,0,0,0,0
2022 Fall,STAT,5330,Data Mining,040819,"Yu,Shan",001,13517,College & Graduate Arts & Sci,3.75,24,4,9,5,5,1,0,0,0,0,0
2022 Fall,COMM,4720,Adv Corp Finance: Val & Restr,006541,"Marston,Felicia",001,14667,McIntire School of Commerce,3.76,16,2,6,5,2,1,0,0,0,0,0
2022 Fall,STS,1500,Sci Tech & Contemp Issues,036732,"Laugelli,Benjamin",001,16002,Engineering & Applied Science,3.89,134,76,40,12,0,3,1,0,0,1,1
2022 Fall,KINE,3600,Musculoskeletal Anatomy,009105,"Higgins,Michael",001,14773,School of Education and HumanDev,3.39,79,0,16,24,15,10,9,3,2,0,0
2022 Fall,COMM,3720,Intermediate Corporate Finance,006484,"Schenone,Carola",001,14659,McIntire School of Commerce,3.61,30,3,8,11,4,1,2,0,1,0,0
2022 Fall,BME,2315,Computational BME,004067,"Guadagni,Gianluca",001,15887,Engineering & Applied Science,3.63,56,0,28,11,4,9,3,1,0,0,0
2022 Fall,EDLF,7805,Cultivating Profess Capacity,009745,"Baptist,June",500,15441,School of Education and HumanDev,3.83,15,7,3,4,0,0,1,0,0,0,0
2022 Fall,EDLF,7330,Single-Subject Research,009720,"Hua,Youjia",500,15391,School of Education and HumanDev,3.57,10,0,6,1,0,2,0,0,1,0,0
2022 Fall,COMM,3020,Behavior Issues in Mktg & Mgmt,006454,"Foutz,Ying Natasha Zhang",007,14638,McIntire School of Commerce,3.52,40,0,4,17,16,3,0,0,0,0,0
2022 Fall,COMM,3010,Strategy and Systems,006453,"Marcel,Jeremy J",005,14635,McIntire School of Commerce,3.65,41,0,9,21,10,1,0,0,0,0,0
2022 Fall,EDLF,2070,Effective Altruism,046408,"Jones,Jason",1,15480,School of Education and HumanDev,3.91,10,0,7,3,0,0,0,0,0,0,0
2022 Fall,HILA,3051,Modern Central America,018783,"Sweeney,Lean",001,14324,College & Graduate Arts & Sci,3.97,39,26,11,1,0,1,0,0,0,0,0
2022 Fall,MSE,6230,Thermodynamics of Materials,024426,"Zhou,Bicheng",001,15886,Engineering & Applied Science,3.73,16,3,5,4,3,1,0,0,0,0,0
2022 Fall,COMM,3010,Strategy and Systems,006453,"Nelson,Russell R",002,14634,McIntire School of Commerce,3.48,44,1,9,9,17,7,1,0,0,0,0
2022 Fall,EDHS,2240,Substance Abuse,009090,"Pleszkoch,Elisabeth",001,14771,School of Education and HumanDev,3.57,43,0,24,5,7,2,3,0,1,0,1
2022 Fall,CHEM,3721,Analytical Chemistry Lab,005686,"Venton,Jill",100,13899,College & Graduate Arts & Sci,3.46,17,0,4,7,0,4,1,1,0,0,0
2022 Fall,ENTP,1010,Intro to Entrepreneurship,043881,"Ransler,Charles",004,14743,McIntire School of Commerce,3.87,55,1,38,12,2,1,1,0,0,0,0
2022 Fall,RELB,2900,Buddhist Meditation Traditions,044558,"Braun,Erik",100,13938,College & Graduate Arts & Sci,3.52,23,0,8,5,5,3,1,1,0,0,0
2022 Fall,EDIS,5470,ESL Assess & Curriculum Design,009460,"Salerno,April",500,15360,School of Education and HumanDev,3.96,23,0,21,1,1,0,0,0,0,0,0
2022 Fall,EDIS,3012,Mindfulness & Development,044838,"Min,Helen",002,15313,School of Education and HumanDev,3.99,29,7,21,1,0,0,0,0,0,0,0
2022 Fall,COMM,3200,Project & Product Management,006498,"Leopold,Jeffrey",001,14698,McIntire School of Commerce,3.73,39,0,10,24,5,0,0,0,0,0,0
2022 Fall,ENWR,1510,Writing and Critical Inquiry,013432,"Boivin,Amanda",053,13322,College & Graduate Arts & Sci,3.92,18,0,13,5,0,0,0,0,0,0,0
2022 Fall,ENGL,4561,Modern Lit & Culture Seminar,012610,"Chakravorty,Mrinalini",001,18143,College & Graduate Arts & Sci,3.51,16,1,4,8,2,0,0,0,0,0,1
2022 Fall,CHEM,1411,Intro College Chem I Lab,005986,"Morkowchuk,Lisa",043,13327,College & Graduate Arts & Sci,4.00,23,20,3,0,0,0,0,0,0,0,0
2022 Fall,ENGL,9580,Adv Studies in Critical Theory,011602,"Felski,Rita",001,18246,College & Graduate Arts & Sci,3.92,11,1,7,3,0,0,0,0,0,0,0
2022 Fall,CHE,2246,Introduction to Biotechnology,005440,"Berger,Bryan",001,16485,Engineering & Applied Science,3.59,21,0,6,7,5,3,0,0,0,0,0
2022 Fall,GCOM,7651,Strategic Leadership,044194,"Seaborn,Paul",001,14763,McIntire School of Commerce,3.72,29,0,6,20,3,0,0,0,0,0,0
2022 Fall,CHEM,1411,Intro College Chem I Lab,005986,"Morkowchuk,Lisa",002,12936,College & Graduate Arts & Sci,3.96,22,17,2,3,0,0,0,0,0,0,0
2022 Fall,CHEM,4411,Biological Chemistry Lab I,005757,"Price,Carol",105,12937,College & Graduate Arts & Sci,3.47,13,0,4,3,3,0,3,0,0,0,0
2022 Fall,APMA,3110,Applied Stats & Probability,001153,"Spencer,Julie",001,15544,Engineering & Applied Science,3.56,44,4,21,5,3,5,3,1,1,0,1
2022 Fall,EDLF,2080,Fundamentals of Statistics,044842,"Hull,Michael",2,15102,School of Education and HumanDev,3.67,10,4,1,2,1,2,0,0,0,0,0
2022 Fall,MICR,8042,Advanced Topics in Cancer,038109,"Gioeli,Daniel",001,19095,Medical School - BIMS/PHS,3.78,12,3,4,3,1,1,0,0,0,0,0
2022 Fall,PHIL,1410,Forms of Reasoning,030021,"Anderson,Joseph",003,13318,College & Graduate Arts & Sci,3.88,26,0,19,5,1,1,0,0,0,0,0
2022 Fall,ENGL,5810,Books as Physical Objects,011566,"Meulen,David Vander",001,13807,College & Graduate Arts & Sci,3.69,7,0,2,4,0,1,0,0,0,0,0
2022 Fall,SYS,3055,Sys Engr Design Colloquium I,036905,"Riggs,Robert",001,15637,Engineering & Applied Science,3.95,62,0,57,3,1,0,1,0,0,0,0
2022 Fall,CS,6190,Computer Science Perspectives,006996,"Dwarkadas,Sandhya",001,15634,Engineering & Applied Science,3.86,71,0,60,4,3,2,0,0,1,1,0
2022 Fall,BME,2101,Physiology I for Engineers,004059,"Helmke,Brian",001,15638,Engineering & Applied Science,3.28,61,1,10,11,15,11,10,1,1,1,0
2022 Fall,EDLF,7812,Ldshp for Continuous Improve,042238,"Spicer,David Eddy",500,15385,School of Education and HumanDev,3.67,10,0,7,1,0,1,0,0,1,0,0
2022 Fall,EVSC,7010,Introduction to Remote Sensing,014035,"Yang,Xi",100,13307,College & Graduate Arts & Sci,3.53,7,0,1,3,2,1,0,0,0,0,0
2022 Fall,WGS,2600,Human Sexualities,045710,"Speidel,Lisa",001,13315,College & Graduate Arts & Sci,3.93,59,0,53,0,6,0,0,0,0,0,0
2022 Fall,EDLF,7806,Family & Community Engagement,009746,"Allen,Ben",500,15382,School of Education and HumanDev,3.65,13,1,8,1,0,1,1,0,1,0,0
2022 Fall,CHEM,1411,Intro College Chem I Lab,005986,"Morkowchuk,Lisa",070,13350,College & Graduate Arts & Sci,3.90,24,18,1,4,0,0,1,0,0,0,0
2022 Fall,ENGL,8500,Studies in English Literature,046042,"Ganguly,Debjani",001,18248,College & Graduate Arts & Sci,3.86,14,0,9,4,1,0,0,0,0,0,0
2022 Fall,COMM,3010,Strategy and Systems,006453,"Marcel,Jeremy J",006,14631,McIntire School of Commerce,3.64,43,0,8,23,11,1,0,0,0,0,0
2022 Fall,GCOM,7250,Product & Project Management,040143,"Maurer,Chris",1,14710,McIntire School of Commerce,3.62,35,1,7,16,8,3,0,0,0,0,0
2022 Fall,ENGR,1624,Introduction to Engineering,045087,"Anderson,Eric",001,16466,Engineering & Applied Science,3.96,44,1,39,3,1,0,0,0,0,0,0
2022 Fall,CHEM,1411,Intro College Chem I Lab,005986,"Morkowchuk,Lisa",049,13333,College & Graduate Arts & Sci,3.66,21,11,4,2,0,1,1,0,1,1,0
2022 Fall,PHYS,5310,Optics,030890,"Sackett,Cass",001,14169,College & Graduate Arts & Sci,3.13,13,1,2,2,3,2,1,0,0,1,1
2022 Fall,ENGR,1624,Introduction to Engineering,045087,"Shafiee-Jood,Majid",002,16467,Engineering & Applied Science,3.97,45,29,13,2,1,0,0,0,0,0,0
2022 Fall,MATH,7600,Homological Algebra,023236,"Abramenko,Peter",001,13928,College & Graduate Arts & Sci,3.78,6,0,4,1,0,1,0,0,0,0,0
2022 Fall,EDLF,8385,Survey Inquiry for Practice,044852,"Mangino,Anthony",500,15425,School of Education and HumanDev,3.96,25,22,1,1,1,0,0,0,0,0,0
2022 Fall,CHEM,1411,Intro College Chem I Lab,005986,"Morkowchuk,Lisa",078,13356,College & Graduate Arts & Sci,3.92,21,16,3,1,0,0,1,0,0,0,0
2022 Fall,RUTR,2370,Fairy Tales,044615,"Dianina,Katia",001,14511,College & Graduate Arts & Sci,3.88,16,3,9,2,2,0,0,0,0,0,0
2022 Fall,ENGR,1624,Introduction to Engineering,045087,"Barker,Shannon",005,16470,Engineering & Applied Science,4.00,35,27,8,0,0,0,0,0,0,0,0
2022 Fall,COMM,4780,Institutional Investment Mgmt,043380,"Finley,Edward",001,14768,McIntire School of Commerce,3.50,14,0,3,4,5,1,1,0,0,0,0
2022 Fall,COMM,5700,Financial Trading,006559,"Webb,Robert",001,14696,McIntire School of Commerce,3.65,26,2,5,13,4,1,1,0,0,0,0
2022 Fall,ARTS,2110,Introduction to Photography I,002865,"Scheuren,James",002,14343,College & Graduate Arts & Sci,3.75,11,3,2,5,0,0,1,0,0,0,0
2022 Fall,EDHS,4300,Psycholinguistics & Communictn,042430,"Loncke,Filip",1,14896,School of Education and HumanDev,3.73,119,1,59,39,6,11,1,1,1,0,0
2022 Fall,HIEU,3321,Scientifc Revolution 1450-1700,018461,"Parshall,Karen",001,13261,College & Graduate Arts & Sci,3.01,18,0,1,6,3,2,3,0,2,0,1
2022 Fall,PHIL,3110,Plato,030112,"McCready-Flora,Ian",001,13264,College & Graduate Arts & Sci,3.57,21,2,5,5,5,4,0,0,0,0,0
2022 Fall,COMM,3410,Commercial Law I,006470,"Moore,Sherri",001,14730,McIntire School of Commerce,3.58,203,0,40,103,32,20,5,1,1,1,0
2022 Fall,MATH,1150,The Shape of Space,022938,"Choi,Kyong Mi",001,13244,College & Graduate Arts & Sci,3.85,17,2,12,1,0,1,1,0,0,0,0
2022 Fall,STAT,4800,Advanced Sports Analytics I,045718,"Rodu,Jordan",001,13920,College & Graduate Arts & Sci,3.98,35,0,33,2,0,0,0,0,0,0,0
2022 Fall,APMA,1110,Single Variable Calculus II,001140,"Dizaji,Farzad Shafiei",006,16421,Engineering & Applied Science,3.50,32,1,13,4,9,2,2,0,0,0,1
2022 Fall,MATH,1220,A Survey of Calculus II,022945,"Castro,Valentina Zapata",200,13245,College & Graduate Arts & Sci,3.60,27,3,10,5,2,5,1,1,0,0,0
2022 Fall,EGMT,1530,Engaging Differences,044514,"Linton,Marcy",111,14349,College & Graduate Arts & Sci,3.99,35,12,22,1,0,0,0,0,0,0,0
2022 Fall,GCOM,7652,Business Analytics,044191,"Landgraf,Polina",001,14764,McIntire School of Commerce,3.54,29,0,6,10,10,2,1,0,0,0,0
2022 Fall,DRAM,2020,Acting I,007200,"Kelly,Colleen",007,13428,College & Graduate Arts & Sci,3.74,14,0,11,1,0,1,0,0,0,1,0
2022 Fall,CHTR,3010,Traditional Chinese Lit,006137,"Kinney,Anne",001,13258,College & Graduate Arts & Sci,3.86,23,1,15,4,3,0,0,0,0,0,0
2022 Fall,SPAN,3050,Spanish for Medical Profession,039916,"Opere,Alicia Lopez",002,14322,College & Graduate Arts & Sci,3.83,16,3,4,9,0,0,0,0,0,0,0
2022 Fall,PSYC,4310,Cognitive Aging,046311,"Golino,Mariana",001,14178,College & Graduate Arts & Sci,3.97,26,19,4,3,0,0,0,0,0,0,0
2022 Fall,ECON,3720,Introduction to Econometrics,007939,"Ruediger,Stefan",200,13993,College & Graduate Arts & Sci,3.54,78,1,20,19,25,13,0,0,0,0,0
2022 Fall,EDIS,4345,Tchng Social Studies Elem,046132,"Nussbaum,Ben",2,15434,School of Education and HumanDev,3.94,30,9,18,2,0,0,1,0,0,0,0
2022 Fall,MUSI,3310,Theory I,024801,"DeVeaux,Scott",001,13478,College & Graduate Arts & Sci,3.61,15,0,4,6,3,2,0,0,0,0,0
2022 Fall,COMM,3230,Managing Innovation,045750,"Martin,Eric",001,14741,McIntire School of Commerce,3.78,39,0,19,15,3,2,0,0,0,0,0
2022 Fall,CHEM,2311,Org Chem Lab I Non Chem Major,043154,"Chruma,Jason",019,13703,College & Graduate Arts & Sci,3.84,34,1,23,7,1,0,2,0,0,0,0
2022 Fall,AAS,3500,Intermediate Seminar in AAS,039376,"Richardson,Liana",002,13992,College & Graduate Arts & Sci,3.69,14,2,3,5,4,0,0,0,0,0,0
2022 Fall,MUSI,3370,Songwriting,024807,"Harris,Corey",001,13479,College & Graduate Arts & Sci,4.00,28,20,8,0,0,0,0,0,0,0,0
2022 Fall,EVSC,2800,Fundamentals of Geology,013912,"Mckenzie,Marion",001,13302,College & Graduate Arts & Sci,3.74,80,8,37,21,5,6,1,1,1,0,0
2022 Fall,CHEM,2811,Org/Biochem Lab Accelerated,006024,"Serbulea,Laura",100,13550,College & Graduate Arts & Sci,3.76,54,0,32,12,5,3,1,1,0,0,0
2022 Fall,PLPT,4500,Special Topics,031937,"Charette,Danielle",001,13568,College & Graduate Arts & Sci,3.60,10,0,4,2,2,2,0,0,0,0,0
2022 Fall,EDHS,7040,Cognitive Linguistic Develop,041985,"Hoffman,LaVae",1,14882,School of Education and HumanDev,3.50,32,0,8,11,4,6,3,0,0,0,0
2022 Fall,CHEM,1411,Intro College Chem I Lab,005986,"Morkowchuk,Lisa",055,13337,College & Graduate Arts & Sci,4.00,23,21,2,0,0,0,0,0,0,0,0
2022 Fall,CHEM,1411,Intro College Chem I Lab,005986,"Morkowchuk,Lisa",047,13331,College & Graduate Arts & Sci,3.82,23,19,0,2,0,0,1,0,0,1,0
2022 Fall,FREN,2020,Intermediate French II,014316,"Bellal,Katia",001,13310,College & Graduate Arts & Sci,3.85,11,0,8,2,0,1,0,0,0,0,0
2022 Fall,CHEM,1411,Intro College Chem I Lab,005986,"Morkowchuk,Lisa",060,13342,College & Graduate Arts & Sci,3.85,23,14,4,3,0,0,2,0,0,0,0
2022 Fall,ARTH,4591,Seminar in the History of Art,002569,"Turner,Elizabeth",005,14222,College & Graduate Arts & Sci,3.42,12,1,3,5,2,0,0,0,0,0,1
2022 Fall,ENWR,2510,Advanced Writing Seminar,013441,"Carey,Tamika",001,13321,College & Graduate Arts & Sci,3.78,15,0,4,11,0,0,0,0,0,0,0
2022 Fall,PLAP,4360,Campaigns and Elections,031593,"Sabato,Larry",001,13484,College & Graduate Arts & Sci,3.81,15,0,7,7,1,0,0,0,0,0,0
2022 Fall,PSYC,3990,RM: Grp Process & Facilitatn I,045941,"Nagel,Alison",001,13602,College & Graduate Arts & Sci,3.95,31,0,27,3,1,0,0,0,0,0,0
2022 Fall,SPAN,4040,Translation Spanish to English,035927,"Cobb,Erica",003,13896,College & Graduate Arts & Sci,3.94,19,0,15,4,0,0,0,0,0,0,0
2022 Fall,PLIR,1010,International Relations,031795,"Furia,Peter",100,13795,College & Graduate Arts & Sci,3.82,222,13,122,68,12,3,1,1,1,0,1
2022 Fall,ENWR,2520,Special Topics in Writing,013448,"D'Errico,Jon",006,13905,College & Graduate Arts & Sci,3.92,15,0,11,4,0,0,0,0,0,0,0
2022 Fall,CHEM,1411,Intro College Chem I Lab,005986,"Morkowchuk,Lisa",044,13328,College & Graduate Arts & Sci,3.82,22,13,4,3,0,0,1,1,0,0,0
