Term Desc,Subject,Catalog Number,Class Title,Course ID,Primary Instructor Name,Class Section,Class Num,Class Academic Group,Course GPA,# of Students,A+,A,A-,B+,B,B-,C+,C,C-,DFW
2024 Fall,PHYS,5630,Computational Physics I,030897,"Hirosky,Robert",001,10379,College & Graduate Arts & Sci,3.69,20,0,10,6,2,1,0,0,1,0,0
2024 Fall,COLA,1500,College Advising Seminars,006376,"Murphy,Edward",004,10566,College & Graduate Arts & Sci,3.95,18,4,11,3,0,0,0,0,0,0,0
2024 Fall,PHYS,2030,Princip of Physics 1 Workshop,030811,"Bychkov,Maksim",006,10528,College & Graduate Arts & Sci,3.85,26,1,17,6,0,2,0,0,0,0,0
2024 Fall,GCOM,7050,Organizational Behavior,037979,"Zhao,Emma",002,14636,McIntire School of Commerce,3.79,65,0,37,16,11,1,0,0,0,0,0
2024 Fall,CS,1111,Introduction to Programming,007055,"Khargonkar,Arohi",001,16078,Engineering & Applied Science,3.37,76,0,39,9,9,7,1,0,2,3,6
2024 Fall,CJ,5710,Conflict Res for Law Enf Execs,040130,"Craig,Amy L",02,21533,Continuing & Prof Studies,4.00,21,12,9,0,0,0,0,0,0,0,0
2024 Fall,KOR,2010,Intermediate Korean I,020866,"Han,Rosa",001,11505,College & Graduate Arts & Sci,3.54,18,2,4,6,3,1,1,0,1,0,0
2024 Fall,GETR,3392,Fairy Tales,045570,"Schmid,Marcel",001,12660,College & Graduate Arts & Sci,3.98,28,4,22,2,0,0,0,0,0,0,0
2024 Fall,EGMT,1520,Empirical Engagement,044513,"Simkins,Lauren",201,12908,College & Graduate Arts & Sci,3.89,18,12,2,3,0,1,0,0,0,0,0
2024 Fall,COMM,4643,Adv Business Speaking,006544,"Pentz,Marcia",001,14679,McIntire School of Commerce,3.93,25,0,19,6,0,0,0,0,0,0,0
2024 Fall,LATI,2020,Intermediate Latin II,021134,"Basile,Camilla",002,10236,College & Graduate Arts & Sci,3.34,13,1,3,2,1,3,2,1,0,0,0
2024 Fall,COMM,4380,Consumer Behav & Mktg Strategy,006522,"Cheema,Amar",001,14639,McIntire School of Commerce,3.38,41,1,6,9,12,9,4,0,0,0,0
2024 Fall,COMM,3420,Commercial Law II,006471,"Moore,Sherri",001,14642,McIntire School of Commerce,3.54,79,0,18,34,17,6,2,0,1,0,1
2024 Fall,ENWR,1510,Writing and Critical Inquiry,013432,"Airy,Kaitlyn",050,11513,College & Graduate Arts & Sci,3.98,18,1,16,1,0,0,0,0,0,0,0
2024 Fall,BME,3310,Biomed Sys Analysis & Design,004066,"Dolatshahi,Sepideh",001,15654,Engineering & Applied Science,3.53,66,7,34,7,5,5,2,0,1,2,3
2024 Fall,AMST,2001,Intro to American Studies,039700,"Hamilton,Jack",100,10595,College & Graduate Arts & Sci,3.52,235,10,117,35,16,25,6,7,11,3,5
2024 Fall,SYS,2001,Systems Engineering Concepts,036895,"Bailey,Reid",001,15627,Engineering & Applied Science,3.45,87,2,19,28,19,13,1,2,0,2,1
2024 Fall,KINE,2000,Intro to Kinesiology,042094,"Saliba,Susan",100,14874,School of Education and HumanDev,3.74,149,0,94,24,18,5,3,2,3,0,0
2024 Fall,COMM,4720,Adv Corp Finance: Val & Restr,006541,"Healy,Brian",001,14621,McIntire School of Commerce,3.58,38,0,14,7,11,5,1,0,0,0,0
2024 Fall,SARC,1500,SARC Seminars,044199,"Sturgeon,Kyle",001,14474,School of Architecture,3.92,96,84,0,10,0,1,0,0,0,0,1
2024 Fall,SOC,8051,Sociology of Work,037664,"Sarioglu,Esra",001,19631,College & Graduate Arts & Sci,3.70,12,1,3,5,3,0,0,0,0,0,0
2024 Fall,EVSC,4010,Introduction to Remote Sensing,013930,"Yang,Xi",100,12346,College & Graduate Arts & Sci,3.74,20,0,15,2,0,1,0,1,1,0,0
2024 Fall,GCOM,7020,Strategic Cost Management,015390,"Roberts,Andrea",002,14633,McIntire School of Commerce,3.53,65,0,12,20,28,5,0,0,0,0,0
2024 Fall,EDIS,6220,Assessment of Curriculum: K-12,045848,"Falls,Melanie",501,15368,School of Education and HumanDev,3.77,24,2,15,3,0,2,2,0,0,0,0
2024 Fall,MATH,4140,Math of Derivative Securities,023122,"Gromoll,Christian",001,11496,College & Graduate Arts & Sci,3.06,14,0,4,1,3,1,1,2,1,0,1
2024 Fall,EGMT,1530,Engaging Differences,044514,"Mehfoud,Lauren",214,12929,College & Graduate Arts & Sci,3.90,35,0,31,2,0,1,0,0,1,0,0
2024 Fall,EVSC,3100,Env and Clim Justice,047344,"Nyelele,Charity",001,20405,College & Graduate Arts & Sci,3.65,30,0,9,15,3,0,3,0,0,0,0
2024 Fall,GCOM,7010,Global Strategy and Systems,038175,"Harris,Ira C",001,14624,McIntire School of Commerce,3.45,65,0,7,15,40,3,0,0,0,0,0
2024 Fall,EDIS,5140,Instruct & Collab Special Ed,009436,"Morano,Stephanie",500,15514,School of Education and HumanDev,4.00,21,11,10,0,0,0,0,0,0,0,0
2024 Fall,PSYC,3480,Adolesc: Theory & Development,032575,"Allen,Joseph",001,13805,College & Graduate Arts & Sci,3.59,149,6,44,51,23,12,10,2,1,0,0
2024 Fall,GCOM,7030,Financial Accounting,038176,"Koch,Adam",001,14627,McIntire School of Commerce,3.48,65,1,18,14,12,17,3,0,0,0,0
2024 Fall,EDIS,2800,P-12 Educational Contexts,045916,"Reist,Kayla",001,15193,School of Education and HumanDev,4.00,16,2,14,0,0,0,0,0,0,0,0
2024 Fall,ASTR,1210,Intro Sky and Solar System,003045,"Pryal,Matthew",003,12714,College & Graduate Arts & Sci,3.34,133,0,32,38,16,22,10,6,5,2,2
2024 Fall,PHS,3050,Fundamentals Public Health,041885,"Hornsby,Paige",001,12986,College & Graduate Arts & Sci,3.85,72,7,35,25,5,0,0,0,0,0,0
2024 Fall,CHEM,1410,Intro College Chemistry I,005649,"Morkowchuk,Lisa",300,12669,College & Graduate Arts & Sci,3.37,106,0,32,31,13,12,4,4,5,1,4
2024 Fall,SPAN,4402,Don Quixote,035946,"Padron,Ricardo",001,14048,College & Graduate Arts & Sci,3.46,12,1,4,4,0,1,0,0,1,1,0
2024 Fall,MATH,2310,Calculus III,023024,"Dimou,Evangelos",500,11472,College & Graduate Arts & Sci,3.23,36,4,8,7,4,4,6,0,0,0,3
2024 Fall,COLA,1500,College Advising Seminars,006376,"Neumann,Brian",038,11484,College & Graduate Arts & Sci,3.68,18,5,6,6,0,0,0,0,0,0,1
2024 Fall,EVSC,3201,Fundamentals of Ecology Lab,014094,"Loner,Will",004,10155,College & Graduate Arts & Sci,3.69,15,0,9,4,1,0,0,0,0,0,1
2024 Fall,CHEM,1411,Intro College Chem I Lab,005986,"Morkowchuk,Lisa",004,10569,College & Graduate Arts & Sci,3.72,23,13,1,6,0,1,1,0,0,1,0
2024 Fall,APMA,3120,Statistics,001154,"Lark,James",002,15583,Engineering & Applied Science,3.13,38,0,11,7,6,3,2,3,2,1,3
2024 Fall,SARC,6710,Design Computation 1,045092,"Phinney,Lucia",001,14403,School of Architecture,3.73,23,0,6,15,1,1,0,0,0,0,0
2024 Fall,EDIS,5221,Reading & Writing Foundations,009443,"Hayes,Latisha",500,15258,School of Education and HumanDev,3.47,12,0,8,1,1,0,1,0,0,0,1
2024 Fall,PHIL,3620,Science Fiction & Philosophy,045756,"Cameron,Ross",001,19237,College & Graduate Arts & Sci,3.86,29,3,18,4,4,0,0,0,0,0,0
2024 Fall,MATH,1310,Calculus I,022953,"Eriksson,Holden",500,10254,College & Graduate Arts & Sci,3.00,27,4,7,2,3,2,1,2,1,2,3
2024 Fall,PHYS,2419,Intro Physics 2 Workshop,031079,"Bychkov,Maksim",002,10364,College & Graduate Arts & Sci,3.61,24,0,17,3,1,0,0,1,1,0,1
2024 Fall,BIOL,3050,Introduction to Neurobiology,003543,"Condron,Barry",001,10037,College & Graduate Arts & Sci,3.23,276,6,59,65,61,18,11,6,34,9,7
2024 Fall,ITAL,1010,Elementary Italian I,020555,"Bonino,Nicole",001,10215,College & Graduate Arts & Sci,3.97,19,9,8,2,0,0,0,0,0,0,0
2024 Fall,GBAC,7203,Enterprise Decision Analysis,045274,"Popescu,Dana",001,18334,McIntire Darden Grad Business,3.50,58,3,9,12,28,6,0,0,0,0,0
2024 Fall,MATH,1310,Calculus I,022953,"Nguyen,Lam",700,10263,College & Graduate Arts & Sci,3.16,27,1,7,2,5,2,3,5,1,1,0
2024 Fall,SPAN,3010,Grammar and Composition I,035893,"Park,Sara",007,13171,College & Graduate Arts & Sci,3.91,16,1,10,5,0,0,0,0,0,0,0
2024 Fall,GCOM,7060,Financial Management,038177,"Gamrat,Gretchen",001,14630,McIntire School of Commerce,3.55,43,1,15,10,7,5,5,0,0,0,0
2024 Fall,CHEM,5260,Introduction to Astrochemistry,042627,"Garrod,Rob",001,11391,College & Graduate Arts & Sci,3.52,6,1,1,2,0,1,1,0,0,0,0
2024 Fall,HIUS,4501,Seminar United States History,019633,"Milov,Sarah",002,13186,College & Graduate Arts & Sci,3.36,14,1,2,6,3,1,0,0,0,0,1
2024 Fall,PHYS,3650,Quantum Physics I,030871,"Vaman,Diana",001,10376,College & Graduate Arts & Sci,3.19,43,1,9,8,4,12,2,5,0,0,2
2024 Fall,PHYS,1429,Intro Physics 1 Workshop,031036,"Bychkov,Maksim",003,11299,College & Graduate Arts & Sci,3.85,25,2,14,7,1,1,0,0,0,0,0
2024 Fall,CHEM,4320,Inorganic Chemistry,005754,"Machan,Charles",001,11209,College & Graduate Arts & Sci,3.38,132,3,22,33,31,28,9,4,1,1,0
2024 Fall,ARH,8618,Materials and Culture,046138,"Johnston,Andrew",001,14492,School of Architecture,3.83,8,1,5,0,2,0,0,0,0,0,0
2024 Fall,CHEM,1411,Intro College Chem I Lab,005986,"Morkowchuk,Lisa",016,10575,College & Graduate Arts & Sci,3.70,24,10,7,3,0,0,3,0,0,1,0
2024 Fall,EGMT,1530,Engaging Differences,044514,"Yonnetti,Eben",211,12926,College & Graduate Arts & Sci,3.96,34,0,30,4,0,0,0,0,0,0,0
2024 Fall,APMA,3110,Applied Stats & Probability,001153,"Maiti,Deepyaman",001,15580,Engineering & Applied Science,3.33,49,2,9,14,7,7,3,5,1,1,0
2024 Fall,STS,2760,Tech&Policy:Intent Meets Proc,043899,"Louis,Garrick",001,16363,Engineering & Applied Science,3.85,11,0,7,3,1,0,0,0,0,0,0
2024 Fall,MATH,1310,Calculus I,022953,"Wang,Jing",200,10251,College & Graduate Arts & Sci,2.75,28,3,9,1,1,2,1,4,2,0,5
2024 Fall,MUSI,4559,New Course: Music,042851,"Dave,Nomi",001,19681,College & Graduate Arts & Sci,3.89,13,0,11,0,2,0,0,0,0,0,0
2024 Fall,EGMT,1540,Ethical Engagement,044515,"Heller,Natasha",125,20477,College & Graduate Arts & Sci,3.88,35,2,27,1,4,1,0,0,0,0,0
2024 Fall,DRAM,4020,Comedy as Protest,046310,"Wood,Katelyn",001,13817,College & Graduate Arts & Sci,3.63,13,0,3,8,1,0,0,1,0,0,0
2024 Fall,SPAN,2020,Advanced Intermediate Spanish,035854,"Arevalo,Gabriela Dongo",002,10598,College & Graduate Arts & Sci,3.55,15,0,1,9,3,2,0,0,0,0,0
2024 Fall,AAS,1010,African-Amer & African Stds I,000083,"Blyden,Nemata",100,10001,College & Graduate Arts & Sci,3.71,172,12,97,34,13,6,4,0,0,1,5
2024 Fall,ARAB,2010,Intermediate Arabic I,001284,"Mohamed,Suad",002,10016,College & Graduate Arts & Sci,3.58,11,0,4,3,2,1,1,0,0,0,0
2024 Fall,PSYC,2600,Intro to Social Psychology,032521,"Mazurek,Christopher",001,10406,College & Graduate Arts & Sci,3.47,333,0,102,110,47,32,10,15,8,4,5
2024 Fall,CE,5400,Traffic Operations,004579,"Park,B. Brian",001,15589,Engineering & Applied Science,3.64,10,0,2,5,3,0,0,0,0,0,0
2024 Fall,ECON,4365,Global Financial Markets,044412,"Fostel,Ana",098,12974,College & Graduate Arts & Sci,3.46,47,5,11,11,9,4,2,4,0,1,0
2024 Fall,PHIL,3110,Plato,030112,"McCready-Flora,Ian",001,19234,College & Graduate Arts & Sci,3.53,29,2,5,9,9,2,2,0,0,0,0
2024 Fall,ENGL,3500,Studies in English Literature,045449,"Grossman,Jeffrey",001,20517,College & Graduate Arts & Sci,3.69,13,1,5,3,3,1,0,0,0,0,0
2024 Fall,MUSI,3334,Musicianship II,025176,"Carter,Adam Christopher",001,11421,College & Graduate Arts & Sci,3.75,12,3,6,0,0,3,0,0,0,0,0
2024 Fall,ARH,1010,History of Architecture I,001844,"Reilly,Lisa",100,14323,School of Architecture,3.29,136,0,8,47,40,20,11,8,1,0,1
2024 Fall,LATI,2010,Intermediate Latin I,021133,"Freestone,Kelly",002,10233,College & Graduate Arts & Sci,3.25,19,0,9,4,1,0,1,0,2,0,2
2024 Fall,MATH,3350,Applied Linear Algebra,042858,"Holt,Jeffrey",002,11920,College & Graduate Arts & Sci,3.68,46,1,19,17,2,4,2,1,0,0,0
2024 Fall,DRAM,2020,Acting I,007200,"Chebli,Karim",005,12426,College & Graduate Arts & Sci,3.49,14,0,6,5,0,1,0,1,0,0,1
2024 Fall,CHE,4448,Bioseparations Engineering,005467,"Vecchiarello,Nick",001,16381,Engineering & Applied Science,3.72,13,1,6,3,1,2,0,0,0,0,0
2024 Fall,RELG,2650,"Religion, Ethics & Health Care",034173,"Hilker,Eric",100,12944,College & Graduate Arts & Sci,3.94,210,50,132,19,6,2,1,0,0,0,0
2024 Fall,EDIS,5320,Math in Elementary Schools,009452,"Talley,Italia",001,15169,School of Education and HumanDev,3.95,14,5,8,0,1,0,0,0,0,0,0
2024 Fall,LAW,8018,Trusts and Estates,021754,"Cahn,Naomi",1,18138,School of Law,3.51,63,0,7,25,27,2,2,0,0,0,0
2024 Fall,EVSC,3201,Fundamentals of Ecology Lab,014094,"O'Donnell,Kelsey",003,10154,College & Graduate Arts & Sci,3.15,12,0,4,4,0,0,1,1,1,0,1
2024 Fall,EGMT,1510,Engaging Aesthetics,044512,"Swoboda,Jessica",101,13820,College & Graduate Arts & Sci,4.00,34,10,24,0,0,0,0,0,0,0,0
2024 Fall,STAT,4996,Capstone,044441,"Ross,Richard",001,13012,College & Graduate Arts & Sci,3.95,37,1,34,0,0,2,0,0,0,0,0
2024 Fall,CHEM,1411,Intro College Chem I Lab,005986,"Morkowchuk,Lisa",044,12361,College & Graduate Arts & Sci,3.45,24,15,0,4,0,0,1,0,0,2,2
2024 Fall,ARCH,7010,Foundation Studio III,001680,"Lopez,Cesar",004,14412,School of Architecture,3.65,12,0,2,7,3,0,0,0,0,0,0
2024 Fall,BIOL,4190,Biological Clocks,003606,"Provencio,Ignacio",001,12884,College & Graduate Arts & Sci,3.39,17,0,6,3,4,1,1,0,1,1,0
2024 Fall,PLAN,6070,Planning Theory and Practice,031389,"Roberts,Andrea",001,14394,School of Architecture,3.93,23,0,20,2,0,1,0,0,0,0,0
2024 Fall,SPAN,2020,Advanced Intermediate Spanish,035854,"Moguel,Ana Piriz",005,10601,College & Graduate Arts & Sci,3.49,15,0,1,10,2,1,0,0,0,1,0
2024 Fall,CHEM,1411,Intro College Chem I Lab,005986,"Morkowchuk,Lisa",001,12110,College & Graduate Arts & Sci,3.85,24,12,6,5,0,0,0,0,1,0,0
2024 Fall,PHYS,2030,Princip of Physics 1 Workshop,030811,"Bychkov,Maksim",014,10537,College & Graduate Arts & Sci,3.93,23,3,16,3,1,0,0,0,0,0,0
2024 Fall,MAE,6410,Engineering Mathematics I,022667,"Spencer,Julie",001,17054,Engineering & Applied Science,3.74,29,12,9,1,3,2,1,1,0,0,0
2024 Fall,LAR,7210,EcoTech III,042664,"Gastinger,Breck",001,14400,School of Architecture,3.38,16,0,1,6,4,4,1,0,0,0,0
2024 Fall,COMM,4741,Foundations of Global Commerce,006535,"Maillet,Peter",001,14645,McIntire School of Commerce,3.61,29,0,13,6,3,6,1,0,0,0,0
2024 Fall,CS,3710,Intro to Cybersecurity,045511,"Orebaugh,Angela",001,16386,Engineering & Applied Science,3.93,142,1,121,14,1,3,2,0,0,0,0
2024 Fall,STS,4500,STS and Engineering Practice,036749,"Wayland,Kent",013,15956,Engineering & Applied Science,3.79,28,0,19,4,2,2,1,0,0,0,0
2024 Fall,KINE,4400,Nutrition & the Athlete,044197,"Bird,Randy",001,14979,School of Education and HumanDev,3.70,54,4,21,19,3,4,2,1,0,0,0
2024 Fall,SPAN,4040,Translation Spanish to English,035927,"Prados,Nieves Garcia",001,12113,College & Graduate Arts & Sci,3.91,18,1,13,3,1,0,0,0,0,0,0
2024 Fall,CGBM,2710,Making Financial Decisions,047004,"Murphy,Larry",001,14723,McIntire School of Commerce,3.57,48,0,5,30,8,3,1,1,0,0,0
2024 Fall,EDLF,6080,Education Policy,042736,"Bassok,Daphna",001,15060,School of Education and HumanDev,3.90,7,2,4,0,1,0,0,0,0,0,0
2024 Fall,EDIS,7852,Seminar: Reading Research,039488,"Cohen,Julie",001,15066,School of Education and HumanDev,3.94,5,1,3,1,0,0,0,0,0,0,0
2024 Fall,COMM,1800,Foundations of Commerce,006438,"Costanza,David",002,14652,McIntire School of Commerce,3.64,158,2,74,41,19,12,4,3,0,1,2
2024 Fall,ALAR,8010,Research Studio 1,042199,"Cho,Leena",009,14467,School of Architecture,3.60,9,2,0,4,2,1,0,0,0,0,0
2024 Fall,CHEM,1411,Intro College Chem I Lab,005986,"Morkowchuk,Lisa",052,12369,College & Graduate Arts & Sci,3.20,23,12,1,4,0,0,1,0,0,1,4
2024 Fall,EDHS,2450,Intro Communication Disorders,044546,"Robey,Randall",001,15006,School of Education and HumanDev,3.96,60,24,29,6,1,0,0,0,0,0,0
2024 Fall,FREN,4585,Adv Topics Cultural Studies,014411,"Boutaghou,Ferial",003,19376,College & Graduate Arts & Sci,3.95,11,1,8,2,0,0,0,0,0,0,0
2024 Fall,KINE,5745,Evidence Based Sports Med I,046455,"Hertel,Jay",001,15365,School of Education and HumanDev,3.94,20,0,16,4,0,0,0,0,0,0,0
2024 Fall,EDIS,5600,Tchg Social Stds in Sec Sch I,009468,"Hover,Stephanie van",001,15202,School of Education and HumanDev,3.89,17,0,13,3,0,1,0,0,0,0,0
2024 Fall,CHEM,3410,Phys Chem - Quantum Theory,005731,"Harrison,Allan",200,11388,College & Graduate Arts & Sci,3.37,65,3,15,18,15,6,1,2,1,2,2
2024 Fall,CE,3300,Structural Mechanics,004450,"Ozbulut,Osman",001,15648,Engineering & Applied Science,3.16,28,9,2,1,4,3,2,4,1,0,2
2024 Fall,BIOL,2100,IntroBio w/Lab:Cell & Genetics,003470,"Kittlesen,David",001,10545,College & Graduate Arts & Sci,3.16,414,39,57,83,57,45,53,31,19,13,17
2024 Fall,LAW,6003,Criminal Law,021556,"Forde-Mazrui,Kim",BH,17891,School of Law,3.40,61,2,7,15,19,14,4,0,0,0,0
2024 Fall,KINE,5740,Assess & Interven of Injury II,044714,"Cross,Kevin",001,15217,School of Education and HumanDev,3.47,18,1,3,5,5,2,2,0,0,0,0
2024 Fall,EGMT,1520,Empirical Engagement,044513,"Bultman,Rebecca",212,12917,College & Graduate Arts & Sci,3.99,34,26,7,1,0,0,0,0,0,0,0
2024 Fall,JAPN,1010,First-Year Japanese I,020740,"Marshall,Tomoko",001,12637,College & Graduate Arts & Sci,3.34,14,0,2,5,3,2,1,0,0,1,0
2024 Fall,STAT,3130,Dsgn & Analy of Sample Surveys,036663,"Weinstock,Justin",001,13009,College & Graduate Arts & Sci,3.52,79,5,29,23,3,7,5,2,2,2,1
2024 Fall,EAST,1200,East Asian Calligraphy,046736,"Chen,Shu-Chen",001,13228,College & Graduate Arts & Sci,3.96,21,13,5,3,0,0,0,0,0,0,0
2024 Fall,PHYS,3210,Classical Mechanics,030861,"Heeck,Julian",001,13790,College & Graduate Arts & Sci,3.04,54,6,7,9,6,8,5,3,5,2,3
2024 Fall,GCCS,3010,Theories and Perspectives,045924,"Goldblatt,Laura",001,12476,College & Graduate Arts & Sci,3.88,27,0,20,5,1,1,0,0,0,0,0
2024 Fall,HIST,5706,Race and Slavery UVA N Grounds,047143,"Dierksheide,Christa",001,20453,College & Graduate Arts & Sci,3.68,5,0,1,3,1,0,0,0,0,0,0
2024 Fall,SOC,4280,Soc of Mental Health & Illness,044174,"Skubby,David",001,12562,College & Graduate Arts & Sci,3.46,20,1,6,6,3,3,0,0,0,0,1
2024 Fall,PC,5060,Fed Acquisition Case Studies,029789,"Ruth,Justin",701,20734,Continuing & Prof Studies,3.15,11,0,2,6,0,0,1,0,0,1,1
2024 Fall,PHYS,1660,Practical Computing,043759,"Wright,Bryan",002,11708,College & Graduate Arts & Sci,3.83,16,0,10,5,0,0,1,0,0,0,0
2024 Fall,CE,4210,Stormwater Management,037395,"Culver,Teresa",001,16366,Engineering & Applied Science,3.87,15,5,6,3,0,1,0,0,0,0,0
2024 Fall,ASTR,1220,Intro Stars Galaxies Universe,003047,"Johnson,Bradley",002,10031,College & Graduate Arts & Sci,3.57,73,3,35,15,6,3,4,3,0,4,0
2024 Fall,DANC,1400,How Dance Matters,007179,"Wright,Emily",001,10554,College & Graduate Arts & Sci,3.62,19,0,13,2,1,2,0,0,0,0,1
2024 Fall,CHEM,1411,Intro College Chem I Lab,005986,"Morkowchuk,Lisa",024,10583,College & Graduate Arts & Sci,3.86,23,14,5,3,0,0,0,0,0,1,0
2024 Fall,PSYC,4500,Spec Tops: Psychology,032600,"Patterson,Charlotte",003,13799,College & Graduate Arts & Sci,3.36,24,0,11,2,1,7,1,1,0,0,1
2024 Fall,CJ,3660,Concepts in LE Wellness,039969,"Western,Gerald",01,17850,Continuing & Prof Studies,4.00,13,2,11,0,0,0,0,0,0,0,0
2024 Fall,PHYS,2030,Princip of Physics 1 Workshop,030811,"Bychkov,Maksim",009,10531,College & Graduate Arts & Sci,4.00,26,8,18,0,0,0,0,0,0,0,0
2024 Fall,CS,6501,Spec Top: Computer Science,006981,"Evans,David",006,16941,Engineering & Applied Science,3.79,11,0,8,1,0,2,0,0,0,0,0
2024 Fall,SARC,6101,"Buildings, Cities, Narratives",045562,"Li,Shiqiao",001,14421,School of Architecture,3.76,27,0,14,7,5,1,0,0,0,0,0
2024 Fall,ALAR,8010,Research Studio 1,042199,"Luegering,Michael",008,14466,School of Architecture,3.80,5,0,3,1,1,0,0,0,0,0,0
2024 Fall,GCOM,7320,Accounting Policy,015399,"Lefanowicz,Craig",2,14657,McIntire School of Commerce,3.65,20,0,6,9,2,3,0,0,0,0,0
2024 Fall,MATH,1210,A survey of Calculus I,022944,"Turner,Joshua",100,10242,College & Graduate Arts & Sci,2.60,33,1,4,2,4,9,1,3,1,1,7
2024 Fall,CHIN,1010,Elementary Chinese,006047,"Gao,Ying",002,10067,College & Graduate Arts & Sci,3.82,17,0,13,0,3,1,0,0,0,0,0
2024 Fall,CS,1112,Introduction to Programming,007058,"Basit,Nada",002,16929,Engineering & Applied Science,3.91,88,37,42,5,1,1,0,0,0,2,0
2024 Fall,EGMT,1530,Engaging Differences,044514,"Walsh,Meaghan",109,12161,College & Graduate Arts & Sci,3.95,35,0,31,3,0,1,0,0,0,0,0
2024 Fall,EGMT,1540,Ethical Engagement,044515,"Seidel,Sandra",113,12932,College & Graduate Arts & Sci,3.95,35,0,32,2,0,0,1,0,0,0,0
2024 Fall,ECE,2200,Applied Physics,046963,"Swami,Nathan",003,20596,Engineering & Applied Science,3.91,147,31,85,24,2,4,1,0,0,0,0
2024 Fall,MUSI,2342,Learn to Groove Int,041028,"Jospe,Robert",001,12125,College & Graduate Arts & Sci,4.00,11,4,7,0,0,0,0,0,0,0,0
2024 Fall,AAS,2500,Topics in Africana Studies,046413,"Wade,Ashleigh",004,13165,College & Graduate Arts & Sci,3.98,30,5,23,2,0,0,0,0,0,0,0
2024 Fall,ENTP,1010,Intro to Entrepreneurship,043881,"Etienne,Bevin",001,14663,McIntire School of Commerce,3.90,55,0,41,12,1,1,0,0,0,0,0
2024 Fall,ANTH,4591,Majors Seminar,000804,"Mentore,George",001,11767,College & Graduate Arts & Sci,3.62,12,0,4,4,2,2,0,0,0,0,0
2024 Fall,ITAL,1010,Elementary Italian I,020555,"Mattioli,Stella",003,11383,College & Graduate Arts & Sci,4.00,20,3,17,0,0,0,0,0,0,0,0
2024 Fall,EGMT,1540,Ethical Engagement,044515,"Braun,Erik",210,13883,College & Graduate Arts & Sci,3.93,35,0,32,1,0,1,1,0,0,0,0
2024 Fall,LAW,9331,Border Policy and Politics,045789,"Clarens,Kristin",1,18099,School of Law,3.47,18,0,3,9,4,1,0,0,0,0,1
2024 Fall,SPAN,3200,Intro Hispanic Linguistics,035891,"Rini,Joel",001,14128,College & Graduate Arts & Sci,3.88,17,5,10,0,0,2,0,0,0,0,0
2024 Fall,MAE,2100,Thermodynamics,022573,"Brown,David",001,19637,Engineering & Applied Science,2.89,63,4,2,15,5,10,12,4,5,1,5
2024 Fall,COMM,4720,Adv Corp Finance: Val & Restr,006541,"Healy,Brian",002,14669,McIntire School of Commerce,3.56,41,0,11,13,12,3,2,0,0,0,0
2024 Fall,MDST,4510,Capstone Topics,045773,"Press,Andrea",004,13385,College & Graduate Arts & Sci,3.76,20,2,10,6,1,0,0,0,0,1,0
2024 Fall,MAE,6592,Spec Topcs in Mech & Aero Engr,022685,"Kent,Richard",008,19654,Engineering & Applied Science,3.88,20,4,9,6,1,0,0,0,0,0,0
2024 Fall,STAT,3120,Intro Mathematical Statistics,040000,"Somal,Harsimran",002,12423,College & Graduate Arts & Sci,3.67,74,2,57,0,3,4,1,3,2,0,2
2024 Fall,MSE,3670,Elec Opticl & Magn Behav Matls,024408,"McDonnell,Stephen",001,15622,Engineering & Applied Science,3.61,17,5,4,3,1,2,1,1,0,0,0
2024 Fall,CHEM,2311,Org Chem Lab I Non Chem Major,043154,"Chruma,Jason",004,11350,College & Graduate Arts & Sci,3.94,36,2,27,7,0,0,0,0,0,0,0
2024 Fall,PHS,7450,Hlth Inform:DB/Data Life Cycle,030389,"Lyman,Jason",001,18346,Medical School - BIMS/PHS,3.89,11,4,3,4,0,0,0,0,0,0,0
2024 Fall,CHEM,1411,Intro College Chem I Lab,005986,"Morkowchuk,Lisa",061,12378,College & Graduate Arts & Sci,3.82,24,11,5,7,0,0,0,0,0,1,0
2024 Fall,CHEM,1411,Intro College Chem I Lab,005986,"Morkowchuk,Lisa",064,12381,College & Graduate Arts & Sci,3.58,24,16,1,4,0,0,0,1,0,0,2
2024 Fall,MUSI,3307,Play Guitar! Level 2,046568,"Rosensky,Michael Lawrence",001,19669,College & Graduate Arts & Sci,3.91,14,0,10,4,0,0,0,0,0,0,0
2024 Fall,EGMT,1510,Engaging Aesthetics,044512,"Fiorani,Francesca",106,13826,College & Graduate Arts & Sci,3.68,32,0,15,7,7,2,1,0,0,0,0
2024 Fall,COMM,4380,Consumer Behav & Mktg Strategy,006522,"Cheema,Amar",002,14648,McIntire School of Commerce,3.44,20,1,3,5,5,5,1,0,0,0,0
2024 Fall,FREN,3031,Finding Your Voice in French,014357,"Geer,Rachel",004,19222,College & Graduate Arts & Sci,3.81,15,0,8,6,0,1,0,0,0,0,0
2024 Fall,PSYC,2410,Abnormal Psychology,032566,"Clerkin,Elise",001,10409,College & Graduate Arts & Sci,3.90,196,94,78,10,9,2,1,0,0,1,1
2024 Fall,COMM,3410,Commercial Law I,006470,"Moore,Sherri",001,14674,McIntire School of Commerce,3.56,304,0,78,145,30,27,10,5,4,4,1
2024 Fall,CS,4501,Spec Top: Computer Science,006942,"Behl,Madhur",006,16398,Engineering & Applied Science,3.84,42,10,19,10,0,2,0,1,0,0,0
2024 Fall,ENWR,1510,Writing and Critical Inquiry,013432,"Churchill,Katherine",058,11604,College & Graduate Arts & Sci,3.73,17,0,7,6,4,0,0,0,0,0,0
2024 Fall,SPAN,2020,Advanced Intermediate Spanish,035854,"Barlow,Jennifer",019,13243,College & Graduate Arts & Sci,3.74,18,0,5,11,2,0,0,0,0,0,0
2024 Fall,LAW,6007,Torts,021571,"Strauss,Gregg",CE,17951,School of Law,3.40,61,2,6,15,24,10,3,0,1,0,0
2024 Fall,EGMT,1510,Engaging Aesthetics,044512,"Harper,Elizabeth",213,19388,College & Graduate Arts & Sci,3.93,13,0,10,3,0,0,0,0,0,0,0
2024 Fall,ARTS,2610,Drawing I,002836,"Taylor,Jackson",002,12643,College & Graduate Arts & Sci,4.00,14,4,10,0,0,0,0,0,0,0,0
2024 Fall,CHEM,1411,Intro College Chem I Lab,005986,"Morkowchuk,Lisa",009,11302,College & Graduate Arts & Sci,3.91,17,10,2,5,0,0,0,0,0,0,0
2024 Fall,COLA,1500,College Advising Seminars,006376,"Samonina,Jelena",035,11418,College & Graduate Arts & Sci,3.80,17,13,0,1,2,0,0,1,0,0,0
2024 Fall,STAT,1601,Intro Data Science with R,045055,"Roland,Kristen",003,11899,College & Graduate Arts & Sci,3.83,88,0,59,24,1,2,0,0,1,0,1
2024 Fall,EVSC,3200,Fundamentals of Ecology,013913,"Lovecky,Willow",001,10151,College & Graduate Arts & Sci,3.06,114,5,18,18,17,23,7,7,7,6,6
2024 Fall,EDHS,2250,Stress and Anxiety Management,044538,"Framel,Courtney",001,15003,School of Education and HumanDev,3.98,59,0,56,2,1,0,0,0,0,0,0
2024 Fall,RELB,2054,Tibetan Buddhism Introduction,033840,"Schaeffer,Kurtis",100,12956,College & Graduate Arts & Sci,3.97,236,118,102,13,2,0,0,0,1,0,0
2024 Fall,MAE,6120,Microscale Heat Transfer,022650,"Hopkins,Patrick",600,19645,Engineering & Applied Science,3.54,5,0,2,1,1,0,1,0,0,0,0
2024 Fall,AMST,3559,New Course: AMST,038536,"Dobryden,Paul",001,20165,College & Graduate Arts & Sci,3.45,13,0,8,1,0,1,2,0,0,0,1
2024 Fall,PSYC,2005,Rsch Methods & Data Analysis I,032539,"Clerkin,Elise",002,12053,College & Graduate Arts & Sci,3.83,183,64,83,15,9,3,2,5,1,0,1
2024 Fall,ALAR,8010,Research Studio 1,042199,"Clark,William",002,14460,School of Architecture,3.83,6,1,3,1,1,0,0,0,0,0,0
2024 Fall,PHYS,2030,Princip of Physics 1 Workshop,030811,"Bychkov,Maksim",011,10534,College & Graduate Arts & Sci,3.91,25,2,21,1,0,0,0,0,1,0,0
2024 Fall,LPPP,4200,Inst & Pol Context of PPol,042159,"Johannessen,Peter",001,17370,Batten Leadership & Public Pol,3.76,61,3,21,29,6,2,0,0,0,0,0
2024 Fall,EDLF,3491,Inequality in US Social Policy,046703,"Bell,Bethany",001,15404,School of Education and HumanDev,4.00,19,11,8,0,0,0,0,0,0,0,0
2024 Fall,PLPT,7000,Intro to Political Theory,031952,"Rubenstein,Jennifer",001,12077,College & Graduate Arts & Sci,3.80,5,0,3,1,1,0,0,0,0,0,0
2024 Fall,CHEM,1411,Intro College Chem I Lab,005986,"Morkowchuk,Lisa",019,10578,College & Graduate Arts & Sci,3.73,24,15,5,1,0,0,0,1,0,2,0
2024 Fall,MAE,3210,Fluid Mechanics,022582,"Loth,Eric",002,19640,Engineering & Applied Science,3.26,84,3,16,19,12,17,6,7,1,1,2
2024 Fall,ARTS,2000,Intro to Studio Art,045397,"Chan,Amy Beth",001,12062,College & Graduate Arts & Sci,3.59,14,0,8,4,0,0,0,0,0,2,0
2024 Fall,ARCH,6010,Foundation Studio I,001668,"Schumann,Kyle",002,14483,School of Architecture,3.65,11,0,4,4,2,0,1,0,0,0,0
2024 Fall,EGMT,1530,Engaging Differences,044514,"Gilboa,Zvi",106,12101,College & Graduate Arts & Sci,4.00,24,6,18,0,0,0,0,0,0,0,0
2024 Fall,ENWR,2510,Advanced Writing Seminar,013441,"Carey,Tamika",001,12355,College & Graduate Arts & Sci,3.74,16,0,5,9,2,0,0,0,0,0,0
2024 Fall,SPAN,2020,Advanced Intermediate Spanish,035854,"Barlow,Jennifer",021,19239,College & Graduate Arts & Sci,3.68,18,0,5,10,2,0,1,0,0,0,0
2024 Fall,STAT,2020,Statistics for Biologists,039999,"Ferrara,Maria",003,11533,College & Graduate Arts & Sci,3.50,79,8,32,8,11,7,7,2,2,0,2
2024 Fall,DRAM,3820,Video Design I,044178,"Villanueva,Maria",1,19242,College & Graduate Arts & Sci,3.73,12,0,7,2,1,2,0,0,0,0,0
2024 Fall,LPPS,6880,Public Opinion and Public Poli,047333,"Jardina,Ashley",001,20361,Batten Leadership & Public Pol,3.63,8,0,5,0,1,1,1,0,0,0,0
2024 Fall,HIEU,2071,Early Mod Eur and the World,018394,"Lambert,Erin",100,19379,College & Graduate Arts & Sci,3.78,58,0,47,6,0,2,0,1,0,0,2
2024 Fall,ARTS,3710,Intermediate Painting I,002912,"Rock,Neal",001,11131,College & Graduate Arts & Sci,3.58,11,0,2,5,3,1,0,0,0,0,0
2024 Fall,GNUR,6031,Transition to Adv Practice,016923,"Reyna,Barbara",001,17406,School of Nursing,3.99,22,12,9,1,0,0,0,0,0,0,0
2024 Fall,PHIL,5530,Modern History Topic,043349,"Secada,Jorge",001,13705,College & Graduate Arts & Sci,3.74,5,1,1,2,1,0,0,0,0,0,0
2024 Fall,MATH,1320,Calculus II,022954,"Cernekova,Kristina",500,12068,College & Graduate Arts & Sci,3.05,21,1,6,2,1,3,3,2,1,1,1
2024 Fall,LAR,7500,Special Tops in Landscape Arch,045643,"Wettstein,Emily",002,14498,School of Architecture,3.63,9,1,1,4,3,0,0,0,0,0,0
2024 Fall,PLAN,2110,Digital Visualization,031273,"Walker,Richard",001,14341,School of Architecture,3.75,20,2,10,3,4,0,1,0,0,0,0
2024 Fall,WGS,7500,Topics in Gender and Sexuality,044869,"Walsh,Denise",001,12461,College & Graduate Arts & Sci,3.66,14,0,6,3,4,1,0,0,0,0,0
2024 Fall,EGMT,1520,Empirical Engagement,044513,"Williams,Jennie",215,12920,College & Graduate Arts & Sci,3.92,31,24,1,5,0,1,0,0,0,0,0
2024 Fall,EGMT,1530,Engaging Differences,044514,"King,Alice",115,12923,College & Graduate Arts & Sci,3.75,34,0,19,9,4,1,0,0,1,0,0
2024 Fall,EDLF,2050,What the Innovators Do,043697,"Kim,Chi",001,14939,School of Education and HumanDev,3.96,96,56,33,6,0,0,0,0,0,1,0
2024 Fall,STAT,1601,Intro Data Science with R,045055,"Roland,Kristen",002,11836,College & Graduate Arts & Sci,3.76,90,3,43,35,2,4,2,0,0,0,1
2024 Fall,LATI,3070,Livy,021149,"Williams,David",001,19393,College & Graduate Arts & Sci,3.67,11,0,3,5,3,0,0,0,0,0,0
2024 Fall,HIUS,3501,Introductory History Workshop,046577,"Kang,S. Deborah",001,19402,College & Graduate Arts & Sci,3.93,16,0,12,4,0,0,0,0,0,0,0
2024 Fall,PHYS,1050,How Things Work,030776,"Neu,Chris",001,10358,College & Graduate Arts & Sci,3.44,64,0,17,25,5,7,4,3,1,1,1
2024 Fall,LAR,7110,Theorizing Landscape Arch,020917,"Davis,Brian",001,14406,School of Architecture,3.41,14,0,3,3,4,2,2,0,0,0,0
2024 Fall,LAW,8000,Advanced Legal Research,021685,"Radthorne,Daniel",1,17897,School of Law,3.59,18,0,4,6,8,0,0,0,0,0,0
2024 Fall,PLAC,5800,Green Infrastructure: Cities,031145,"Firehock,Karen",001,14340,School of Architecture,4.00,15,5,10,0,0,0,0,0,0,0,0
2024 Fall,SYS,4021,Linear Statistical Models,036910,"Quinn,Julianne",001,15630,Engineering & Applied Science,3.73,78,7,35,16,14,5,1,0,0,0,0
2024 Fall,SPAN,3420,"Politics, Power-Early Americas",035910,"Frost,Melissa",001,13006,College & Graduate Arts & Sci,3.93,22,6,14,1,0,0,1,0,0,0,0
2024 Fall,ARTS,2610,Drawing I,002836,"Chan,Amy",001,20213,College & Graduate Arts & Sci,3.89,14,0,9,5,0,0,0,0,0,0,0
2024 Fall,ECON,3020,Intermediate Macroeconomics,007909,"He,Chang",300,20045,College & Graduate Arts & Sci,3.07,49,3,5,6,7,12,8,3,3,1,1
2024 Fall,MATH,1210,A survey of Calculus I,022944,"Rolf,Jim",300,10245,College & Graduate Arts & Sci,2.97,36,2,6,7,3,8,2,0,3,1,4
2024 Fall,GETR,3393,Serial Media,046161,"Schmid,Marcel",001,12758,College & Graduate Arts & Sci,3.95,33,1,27,5,0,0,0,0,0,0,0
2024 Fall,CHEM,1411,Intro College Chem I Lab,005986,"Morkowchuk,Lisa",007,10572,College & Graduate Arts & Sci,3.84,22,12,4,4,0,1,1,0,0,0,0
2024 Fall,KINE,5110,Elementary Pedagogy,009108,"Block,Martin",500,15392,School of Education and HumanDev,3.98,14,12,1,1,0,0,0,0,0,0,0
2024 Fall,CHEM,1411,Intro College Chem I Lab,005986,"Morkowchuk,Lisa",067,12384,College & Graduate Arts & Sci,3.81,24,12,7,3,0,0,0,1,1,0,0
2024 Fall,MUSI,3570,Music Cultures,040905,"Lobley,Noel",001,19678,College & Graduate Arts & Sci,3.77,20,4,13,2,0,0,0,0,0,0,1
2024 Fall,MATH,1320,Calculus II,022954,"Aitzhanova,Bakhyt",100,10266,College & Graduate Arts & Sci,3.31,29,3,12,3,1,2,3,2,1,0,2
2024 Fall,ECON,7710,Econometrics I,008042,"Nekipelov,Denis",100,10136,College & Graduate Arts & Sci,3.45,17,2,2,4,5,2,2,0,0,0,0
2024 Fall,PLAN,3020,Planning in Government,046299,"Cockrell,William",001,14495,School of Architecture,3.70,61,24,16,10,4,2,2,0,0,2,1
2024 Fall,CHEM,2311,Org Chem Lab I Non Chem Major,043154,"Chruma,Jason",001,11347,College & Graduate Arts & Sci,3.60,28,0,12,7,2,6,0,1,0,0,0
2024 Fall,COMM,1800,Foundations of Commerce,006438,"Costanza,David",001,14651,McIntire School of Commerce,3.61,158,7,62,39,28,12,5,2,0,2,1
2024 Fall,MATH,4651,Advanced Linear Algebra,023151,"Gazaki,Evangelia",001,10284,College & Graduate Arts & Sci,3.27,30,1,7,6,3,5,5,2,0,0,1
2024 Fall,PST,4850,PST Core Seminar I,032367,"Reed,Isaac",001,10539,College & Graduate Arts & Sci,4.00,21,2,19,0,0,0,0,0,0,0,0
2024 Fall,EDIS,3040,Foundations of Early Child Edu,042221,"Larson,Elisa",501,15454,School of Education and HumanDev,3.58,23,6,12,0,2,0,0,0,1,1,1
2024 Fall,GCOM,7380,Data Mgt & Analytics for Accts,044316,"Liang,Yi",001,14666,McIntire School of Commerce,3.55,17,0,2,8,6,1,0,0,0,0,0
2024 Fall,MAE,2300,Statics,022574,"Liu,Leo",002,16206,Engineering & Applied Science,3.66,52,18,16,7,3,4,1,0,1,0,2
2024 Fall,PHYS,2030,Princip of Physics 1 Workshop,030811,"Bychkov,Maksim",015,12794,College & Graduate Arts & Sci,3.95,25,0,22,2,1,0,0,0,0,0,0
2024 Fall,EGMT,1510,Engaging Aesthetics,044512,"Farooqi,Mehr",221,19390,College & Graduate Arts & Sci,3.68,32,3,13,14,0,0,0,0,1,0,1
2024 Fall,PLAN,6120,Digital Tech for Plan GIS,045554,"Wilson,Bev",001,14480,School of Architecture,3.67,13,2,4,3,3,0,1,0,0,0,0
2024 Fall,EDIS,3020,The Exceptional Learner,009391,"Aigotti,Susan",502,15413,School of Education and HumanDev,3.83,30,0,21,6,0,2,1,0,0,0,0
2024 Fall,CHEM,4090,Analytical Chemistry,005783,"Frantz,Alicia",001,11499,College & Graduate Arts & Sci,3.55,36,2,19,7,0,3,1,0,2,0,2
2024 Fall,STS,4500,STS and Engineering Practice,036749,"Norton,Peter",001,15663,Engineering & Applied Science,3.63,28,2,12,5,4,3,1,1,0,0,0
2024 Fall,ANTH,1010,Introduction to Anthropology,000600,"Handler,Richard",001,10007,College & Graduate Arts & Sci,3.62,176,11,71,39,23,25,2,2,1,1,1
2024 Fall,SPAN,3010,Grammar and Composition I,035893,"Poveda,Esther",002,10460,College & Graduate Arts & Sci,3.51,14,0,4,5,2,2,0,0,1,0,0
2024 Fall,LPPA,3640,Resrch Methods & Data Analysis,042161,"Myung,Noah",002,17334,Batten Leadership & Public Pol,3.39,64,0,16,18,13,12,2,1,0,0,2
2024 Fall,STAT,3220,Intro to Regression Analysis,040001,"Varanyak,Krista",002,11516,College & Graduate Arts & Sci,3.74,71,3,31,25,8,3,0,0,0,1,0
2024 Fall,ECON,3720,Introduction to Econometrics,007939,"Rafi,Ahnaf",400,20048,College & Graduate Arts & Sci,3.29,27,3,7,4,3,2,2,4,0,2,0
2024 Fall,MATH,3000,Transition to Higher Math,023049,"Branman,Beth",100,11755,College & Graduate Arts & Sci,3.68,36,10,15,3,4,2,0,0,1,0,1
2024 Fall,MDST,3409,LGBTQ Issues in the Media,043014,"Cavalcante,Andre",001,13436,College & Graduate Arts & Sci,3.55,17,0,8,3,4,0,0,1,0,1,0
2024 Fall,LAW,8026,Taking Effective Depositions,043842,"Sajadi,Susan",1,17972,School of Law,3.58,16,0,0,11,5,0,0,0,0,0,0
2024 Fall,CHE,2215,Material and Energy Balances,005438,"Letteri,Rachel",001,15598,Engineering & Applied Science,2.64,36,0,5,3,7,1,6,5,2,0,7
2024 Fall,COGS,4970,Distinguished Major Thesis I,006374,"Dodson,Chad",001,13660,College & Graduate Arts & Sci,4.00,17,6,11,0,0,0,0,0,0,0,0
2024 Fall,EGMT,1530,Engaging Differences,044514,"Safdar,Muhammad Tayyab",123,13865,College & Graduate Arts & Sci,3.89,33,4,17,12,0,0,0,0,0,0,0
2024 Fall,CHE,6605,Research Methods,046040,"Davis,Robert",001,16631,Engineering & Applied Science,3.94,21,1,17,2,1,0,0,0,0,0,0
2024 Fall,STAT,3280,Data Visual and Management,045458,"Ross,Richard",001,12598,College & Graduate Arts & Sci,3.53,57,0,41,1,0,4,1,0,9,0,1
2024 Fall,ENWR,1510,Writing and Critical Inquiry,013432,"evans,ethan",075,12173,College & Graduate Arts & Sci,4.00,18,5,13,0,0,0,0,0,0,0,0
2024 Fall,EDIS,5710,Rdng/Wrtng Acrss Content Areas,009474,"Austin,Ottilie Fabricatore",501,20242,School of Education and HumanDev,3.95,20,0,18,1,1,0,0,0,0,0,0
2024 Fall,LPPP,5500,Short Course Topics,042124,"Stewart,Denise",003,17373,Batten Leadership & Public Pol,3.96,15,0,13,2,0,0,0,0,0,0,0
2024 Fall,EGMT,1530,Engaging Differences,044514,"Edwards,Brandon",224,19408,College & Graduate Arts & Sci,3.96,25,0,23,1,1,0,0,0,0,0,0
2024 Fall,COMM,3020,Behavior Issues in Mktg & Mgmt,006454,"Davis,Derick Francis",006,14591,McIntire School of Commerce,3.52,50,0,5,21,21,3,0,0,0,0,0
2024 Fall,COMM,3020,Behavior Issues in Mktg & Mgmt,006454,"Allison,Kiera",004,14594,McIntire School of Commerce,3.56,50,0,8,21,18,3,0,0,0,0,0
2024 Fall,ASL,2010,Intermed Amer Sign Language I,003001,"Propp,Gregory",003,12011,College & Graduate Arts & Sci,3.31,18,0,5,2,5,3,1,1,0,1,0
2024 Fall,EGMT,1510,Engaging Aesthetics,044512,"Tite,Philip",214,13895,College & Graduate Arts & Sci,3.95,32,25,5,0,1,1,0,0,0,0,0
2024 Fall,ITAL,2010,Intermediate Italian I,020567,"Mattioli,Stella",003,11981,College & Graduate Arts & Sci,3.97,20,10,9,0,1,0,0,0,0,0,0
2024 Fall,EGMT,1510,Engaging Aesthetics,044512,"Kuhn,Mary",210,13892,College & Graduate Arts & Sci,3.76,31,0,26,1,0,1,1,1,0,0,1
2024 Fall,MDST,2710,Screenwriting,041013,"Marshall,Matthew",001,13087,College & Graduate Arts & Sci,3.89,20,0,16,3,0,0,1,0,0,0,0
2024 Fall,PSYC,2600,Intro to Social Psychology,032521,"MacCormack,Jennifer",002,11681,College & Graduate Arts & Sci,3.92,371,36,261,59,10,4,1,0,0,0,0
2024 Fall,EVAT,5300,Introduction to Climatology,013715,"Davis,Robert",001,11752,College & Graduate Arts & Sci,3.54,14,0,5,4,1,2,2,0,0,0,0
2024 Fall,PLIR,1010,International Relations,031795,"Furia,Peter",100,12565,College & Graduate Arts & Sci,3.77,175,4,98,46,16,6,1,1,2,1,0
2024 Fall,EGMT,1540,Ethical Engagement,044515,"Rosenblith,Gillet",216,13904,College & Graduate Arts & Sci,3.98,35,14,19,2,0,0,0,0,0,0,0
2024 Fall,CHEM,2311,Org Chem Lab I Non Chem Major,043154,"Chruma,Jason",015,12191,College & Graduate Arts & Sci,3.59,35,1,18,9,2,2,0,0,1,1,1
2024 Fall,WGS,3125,Transnational Feminism,040835,"King,Tiffany",001,12571,College & Graduate Arts & Sci,3.62,29,4,14,3,3,4,0,0,0,0,1
2024 Fall,PSLP,5300,Foundations of Leadership,044292,"Brown,Santarvis",702,21268,Continuing & Prof Studies,3.29,8,0,4,0,1,1,0,0,2,0,0
2024 Fall,ENGR,1010,Engineering Foundations 1,046987,"Mcalister,Anne",002,17016,Engineering & Applied Science,3.97,30,0,27,3,0,0,0,0,0,0,0
2024 Fall,EDLF,3220,What is Education For?,044841,"Sung,Jieun",001,15338,School of Education and HumanDev,3.91,22,1,19,0,0,2,0,0,0,0,0
2024 Fall,EDIS,3020,The Exceptional Learner,009391,"Therrien,William",500,15344,School of Education and HumanDev,3.98,28,0,26,2,0,0,0,0,0,0,0
2024 Fall,COMM,3230,Managing Innovation,045750,"Martin,Eric",002,20119,McIntire School of Commerce,3.60,33,0,7,15,9,1,1,0,0,0,0
2024 Fall,EGMT,1510,Engaging Aesthetics,044512,"Carter,Eli",203,13886,College & Graduate Arts & Sci,3.93,32,12,19,0,0,0,0,0,0,1,0
2024 Fall,EGMT,1510,Engaging Aesthetics,044512,"Duong,Kevin",206,13889,College & Graduate Arts & Sci,3.95,31,0,28,2,0,1,0,0,0,0,0
2024 Fall,EGMT,1510,Engaging Aesthetics,044512,"Swoboda,Jessica",217,13898,College & Graduate Arts & Sci,3.96,32,7,24,0,0,0,1,0,0,0,0
2024 Fall,CHEM,2410,Organic Chemistry I,005698,"Frantz,Alicia",200,11622,College & Graduate Arts & Sci,3.20,98,1,23,20,16,13,9,1,8,4,3
2024 Fall,EGMT,1530,Engaging Differences,044514,"Wang,Tracey",101,11625,College & Graduate Arts & Sci,3.95,19,5,11,3,0,0,0,0,0,0,0
2024 Fall,FREN,2010,Intermediate French I,014315,"Brunel,Wanda",005,13271,College & Graduate Arts & Sci,3.45,17,0,5,4,4,1,2,1,0,0,0
2024 Fall,EDIS,5075,Online and Blended Learning,043011,"Woodward,Tyler",500,15306,School of Education and HumanDev,3.44,10,0,6,0,1,0,2,0,0,1,0
2024 Fall,BIOL,4080,Advanced Hormones and Behavior,003595,"Larson,Tracy",001,20180,College & Graduate Arts & Sci,3.67,34,6,16,7,1,0,0,1,2,0,1
2024 Fall,COMM,4710,Intermediate Investments,006538,"Sandas,Patrik",004,14618,McIntire School of Commerce,3.37,44,0,11,9,13,4,2,2,3,0,0
2024 Fall,EDIS,4851,Seminar: Elementary Lang Arts,046344,"Leigh,Katie",001,15329,School of Education and HumanDev,3.87,23,7,12,0,3,1,0,0,0,0,0
2024 Fall,EDLF,3895,Front Lines of Social Change I,046349,"Miller-Bryant,Jaronda",001,15335,School of Education and HumanDev,3.92,13,2,10,0,0,1,0,0,0,0,0
2024 Fall,STAT,1100,Chance: Intro to Statistics,036650,"Li,Chang",002,11610,College & Graduate Arts & Sci,3.73,28,5,13,4,2,1,3,0,0,0,0
2024 Fall,COMM,3110,Intermediate Accounting I,006461,"Backof,Ann",600,14612,McIntire School of Commerce,3.59,39,0,14,15,2,4,2,2,0,0,0
2024 Fall,RELC,5009,"Bonhoeffer, Niebuhr and King",039558,"Marsh,Charles",001,19064,College & Graduate Arts & Sci,3.91,7,0,5,2,0,0,0,0,0,0,0
2024 Fall,CHEM,1411,Intro College Chem I Lab,005986,"Morkowchuk,Lisa",036,11254,College & Graduate Arts & Sci,3.89,23,15,4,3,0,0,0,1,0,0,0
2024 Fall,EGMT,1530,Engaging Differences,044514,"Linton,Marcy",112,12746,College & Graduate Arts & Sci,3.95,35,24,10,0,0,0,0,1,0,0,0
2024 Fall,ENGR,1520,Explorations in Engineering,012250,"Groves,James Frederick",560,21096,Engineering & Applied Science,3.31,33,0,6,6,7,11,1,1,1,0,0
2024 Fall,HIEA,2091,Korean Civilization to 1900,018294,"Seeley,Joseph",100,13409,College & Graduate Arts & Sci,3.85,59,4,40,9,2,2,1,1,0,0,0
2024 Fall,CS,6501,Spec Top: Computer Science,006981,"Fletcher,Tom",013,16608,Engineering & Applied Science,3.78,20,5,7,6,0,1,0,1,0,0,0
2024 Fall,RUTR,3350,19th-Cent Russian Literature,034788,"Stuart,Madelyn",001,11182,College & Graduate Arts & Sci,3.84,17,0,9,7,1,0,0,0,0,0,0
2024 Fall,EDLF,7610,Rsch High Ed Ath Admin,009789,"Inkelas,Karen",001,14942,School of Education and HumanDev,3.87,28,2,18,5,3,0,0,0,0,0,0
2024 Fall,EDIS,5428,ESL Methods PreK-12,045531,"Salerno,April",500,15261,School of Education and HumanDev,3.77,20,0,17,2,0,0,0,0,0,0,1
2024 Fall,ARTS,2710,Intro to Water-Based Painting,002881,"Chan,Amy",001,10025,College & Graduate Arts & Sci,3.54,13,0,11,0,0,0,0,0,1,0,1
2024 Fall,EDLF,7330,Single-Subject Research,009720,"Rispoli,Mandy",500,15291,School of Education and HumanDev,3.77,19,0,14,2,1,0,1,1,0,0,0
2024 Fall,EDIS,6880,Masters Comp in Curric & Inst,045850,"Jewett,Anne",500,15311,School of Education and HumanDev,3.97,21,0,19,2,0,0,0,0,0,0,0
2024 Fall,ITAL,1010,Elementary Italian I,020555,"White,Tonya L.",501,19023,College & Graduate Arts & Sci,3.75,12,3,5,2,1,0,0,1,0,0,0
2024 Fall,EGMT,1530,Engaging Differences,044514,"Shutt,Lisa",117,13859,College & Graduate Arts & Sci,4.00,35,3,32,0,0,0,0,0,0,0,0
2024 Fall,EAST,1010,East Asian Canons and Cultures,007647,"Morse,Canaan",100,13394,College & Graduate Arts & Sci,3.72,59,0,34,14,4,3,2,0,2,0,0
2024 Fall,BIOL,3450,Biodiversity and Conservation,003565,"Manson,Jessamyn",001,11613,College & Graduate Arts & Sci,3.42,98,4,22,29,14,14,8,3,2,1,1
2024 Fall,PSYC,3235,Intro to Epigenetics,044112,"Connelly,Jessica",001,13711,College & Graduate Arts & Sci,3.87,88,1,64,16,5,1,0,0,0,1,0
2024 Fall,EVSC,5440,Dynamics of Oceans & Estuaries,014005,"Reidenbach,Matthew",001,18930,College & Graduate Arts & Sci,3.67,25,1,11,5,5,2,1,0,0,0,0
2024 Fall,CHEM,1411,Intro College Chem I Lab,005986,"Morkowchuk,Lisa",049,12366,College & Graduate Arts & Sci,3.91,22,13,6,2,0,0,1,0,0,0,0
2024 Fall,APMA,2130,Ordinary Differentl Equations,001145,"Fernando,Thiwanka",005,15669,Engineering & Applied Science,3.40,14,3,5,0,2,1,1,1,0,0,1
2024 Fall,COMM,2020,Intro Management Accounting,006441,"Mitchell,Jill",100,14697,McIntire School of Commerce,3.53,141,13,49,22,21,20,10,1,5,0,0
2024 Fall,HIEU,3462,Neighbors & Enemies in Germany,018444,"Achilles,Manuela",001,13421,College & Graduate Arts & Sci,3.89,22,0,14,8,0,0,0,0,0,0,0
2024 Fall,MAE,3230,Thermal Fluids Laboratory,045222,"Griffiths,Peter",002,20137,Engineering & Applied Science,3.49,71,12,6,25,14,9,1,1,1,2,0
2024 Fall,EDHS,7090,Disorders of Voice,009192,"Mason,Kazlin",500,14751,School of Education and HumanDev,3.80,26,0,11,13,2,0,0,0,0,0,0
2024 Fall,RELC,3115,Evangelicalism,045350,"Henry,James",001,19067,College & Graduate Arts & Sci,3.89,29,0,18,11,0,0,0,0,0,0,0
2024 Fall,GCOM,7381,"Ethics in Bus, Acct, and Audit",015405,"Martin,Roger",001,14706,McIntire School of Commerce,3.63,12,0,3,6,1,2,0,0,0,0,0
2024 Fall,MATH,1210,A survey of Calculus I,022944,"Mitchell,Susan",960,11158,College & Graduate Arts & Sci,3.33,35,2,14,4,3,4,2,2,2,0,2
2024 Fall,PHYS,2030,Princip of Physics 1 Workshop,030811,"Bychkov,Maksim",002,10525,College & Graduate Arts & Sci,3.93,24,4,17,2,0,1,0,0,0,0,0
2024 Fall,SPAN,3300,Texts and Interpretation,035904,"Sprague,Paula",002,11362,College & Graduate Arts & Sci,3.98,16,2,13,1,0,0,0,0,0,0,0
2024 Fall,CE,3030,Land Development Engineering,046394,"Pennetti,Cody",001,16667,Engineering & Applied Science,4.00,12,2,10,0,0,0,0,0,0,0,0
2024 Fall,SPAN,3410,Perspectives on Modern Spain,035909,"Fernandez,Jesus Jativa",001,11857,College & Graduate Arts & Sci,3.89,20,0,15,4,0,1,0,0,0,0,0
2024 Fall,CHEM,2811,Org/Biochem Lab Accelerated,006024,"Serbulea,Laura",100,12482,College & Graduate Arts & Sci,3.50,56,0,22,14,11,3,3,0,1,0,2
2024 Fall,CHEM,3811,Physical Chemistry I Lab,005740,"Pate,Brooks",100,10049,College & Graduate Arts & Sci,3.46,40,1,19,5,6,3,1,2,2,0,1
2024 Fall,CHEM,4410,Biological Chemistry I,005755,"Grisham,Charles",001,10055,College & Graduate Arts & Sci,3.56,98,0,39,22,20,9,6,0,1,0,1
2024 Fall,EDIS,6220,Assessment of Curriculum: K-12,045848,"Falls,Melanie",500,15279,School of Education and HumanDev,3.82,24,0,20,1,1,0,1,0,1,0,0
2024 Fall,EDLF,7805,Cultivating Profess Capacity,009745,"Beavers,Michelle",500,15323,School of Education and HumanDev,3.98,15,5,9,1,0,0,0,0,0,0,0
2024 Fall,ECE,6501,Topics: Elect & Computer Engr,007731,"Shukla,Nikhil",004,16384,Engineering & Applied Science,3.35,12,2,2,0,4,2,1,1,0,0,0
2024 Fall,ENGL,8596,Form and Theory of Poetry,043532,"Dungy,Camille",001,19988,College & Graduate Arts & Sci,3.97,9,5,3,1,0,0,0,0,0,0,0
2024 Fall,EDHS,2250,Stress and Anxiety Management,044538,"Knape,Erin",002,15110,School of Education and HumanDev,3.60,30,14,7,2,1,1,1,2,1,0,1
2024 Fall,EDIS,7000,Intro to Instructional Design,009689,"Resig,Jess",500,15267,School of Education and HumanDev,3.32,20,0,14,1,2,0,0,0,0,0,3
2024 Fall,ARCH,2010,Foundation Studio II,001493,"Stranix,Katie",104,14445,School of Architecture,3.52,13,0,2,5,5,0,1,0,0,0,0
2024 Fall,GSGS,3559,New Course: GSGS,043479,"Furia,Peter",001,19210,College & Graduate Arts & Sci,3.94,10,1,7,2,0,0,0,0,0,0,0
2024 Fall,COMM,3020,Behavior Issues in Mktg & Mgmt,006454,"Allison,Kiera",003,14597,McIntire School of Commerce,3.60,50,0,14,21,9,4,1,0,1,0,0
2024 Fall,LATI,5559,New Course: LATI,038613,"Corbeill,Anthony",001,19396,College & Graduate Arts & Sci,3.76,9,0,5,3,0,0,1,0,0,0,0
2024 Fall,NUCO,4420,Professional Nursing,042017,"Whitlow,Malinda",001,17485,School of Nursing,3.71,29,6,10,7,1,3,2,0,0,0,0
2024 Fall,ECE,2200,Applied Physics,046963,"Swami,Nathan",002,17004,Engineering & Applied Science,3.88,160,30,93,23,10,2,1,1,0,0,0
2024 Fall,COMM,3030,Quantitative & Finan Analysis,006455,"White,Mark A",003,14600,McIntire School of Commerce,3.34,50,0,5,17,14,7,3,3,1,0,0
2024 Fall,HIME,2002,Modern Middle East,018858,"Azimli,Musa",001,19420,College & Graduate Arts & Sci,3.78,60,0,27,26,5,2,0,0,0,0,0
2024 Fall,CGBM,2110,Accounting for Business,047001,"Martin,Roger",002,19955,McIntire School of Commerce,3.47,12,1,3,2,2,3,1,0,0,0,0
2024 Fall,MUSI,2600,Jazz Improvisation,024777,"Dearth,John",001,10978,College & Graduate Arts & Sci,4.00,16,2,14,0,0,0,0,0,0,0,0
2024 Fall,EDIS,5710,Rdng/Wrtng Acrss Content Areas,009474,"Austin,Ottilie",500,20278,School of Education and HumanDev,3.83,18,0,13,2,2,1,0,0,0,0,0
2024 Fall,APMA,1110,Single Variable Calculus II,001140,"Abramenko,Monika",002,15565,Engineering & Applied Science,3.22,42,3,15,0,5,6,6,0,5,1,1
2024 Fall,LPPS,6710,Congress 101,041276,"Warburg,Gerald",001,19922,Batten Leadership & Public Pol,3.41,16,0,5,5,1,3,1,0,0,0,1
2024 Fall,CS,4260,Internet Scale Applications,045510,"Stone,Derrick",001,17096,Engineering & Applied Science,3.68,80,40,18,5,6,3,4,0,2,0,2
2024 Fall,COMM,1800,Foundations of Commerce,006438,"Costanza,David",005,14729,McIntire School of Commerce,3.56,160,4,58,45,25,12,4,8,3,0,1
2024 Fall,GCNL,5180,Synthesis Practicum,015379,"Bowen,Hillary",001,17427,School of Nursing,3.99,34,7,26,1,0,0,0,0,0,0,0
2024 Fall,PHS,7000,Intro Biostat,030364,"Ghosal,Soutik",002,18715,Medical School - BIMS/PHS,3.91,7,0,5,2,0,0,0,0,0,0,0
2024 Fall,APMA,2120,Multivariable Calculus,001144,"Mahmood,Asif",001,15568,Engineering & Applied Science,3.21,45,2,11,6,9,3,6,3,3,1,1
2024 Fall,MATH,1210,A survey of Calculus I,022944,"Tralle,Wojciech",500,13111,College & Graduate Arts & Sci,2.89,32,0,7,4,2,6,5,0,3,1,4
2024 Fall,EGMT,1530,Engaging Differences,044514,"Safdar,Muhammad Tayyab",120,13862,College & Graduate Arts & Sci,3.89,35,2,20,13,0,0,0,0,0,0,0
2024 Fall,PHS,5355,Place Matters: Health Equity,044956,"Taylor,Marquita",001,20392,Medical School - BIMS/PHS,3.92,13,11,1,0,0,1,0,0,0,0,0
2024 Fall,EGMT,1510,Engaging Aesthetics,044512,"Stec,Justin",222,13901,College & Graduate Arts & Sci,3.85,31,0,22,7,0,0,2,0,0,0,0
2024 Fall,STAT,4130,Applied Multivariate Stat,046259,"Rodu,Jordan",001,19599,College & Graduate Arts & Sci,3.76,43,0,28,8,3,2,0,1,0,1,0
2024 Fall,GSSJ,3420,Migration and Social Movements,047292,"Vonk,Levi",001,19937,College & Graduate Arts & Sci,3.95,41,0,36,4,1,0,0,0,0,0,0
2024 Fall,CHEM,1411,Intro College Chem I Lab,005986,"Morkowchuk,Lisa",041,11842,College & Graduate Arts & Sci,3.70,24,13,4,5,0,0,0,0,0,1,1
2024 Fall,ENWR,1505,Writing & Critical Inquiry S1,013428,"Sullivan,Patricia",003,10481,College & Graduate Arts & Sci,3.87,10,0,7,2,1,0,0,0,0,0,0
2024 Fall,MATH,3351,Elementary Linear Algebra,023081,"Wang,Oliver",001,10281,College & Graduate Arts & Sci,3.52,34,5,13,2,3,8,2,0,0,0,1
2024 Fall,CHIN,2010,Intermediate Chinese,006053,"Wang,Jun",001,11188,College & Graduate Arts & Sci,3.98,18,11,6,1,0,0,0,0,0,0,0
2024 Fall,LAW,7005,Antitrust,021607,"Nachbar,Thomas",1,18105,School of Law,3.61,63,5,10,27,13,6,2,0,0,0,0
2024 Fall,ENCW,3310,Intermediate Poetry Writing I,013473,"Chakraborty,Sumita",002,19991,College & Graduate Arts & Sci,3.88,11,2,6,2,1,0,0,0,0,0,0
2024 Fall,MATH,4220,PDEs and Applied Math,023129,"Foldes,Juraj",001,11758,College & Graduate Arts & Sci,3.32,45,5,15,2,6,7,4,3,1,1,1
2024 Fall,GNUR,5110,History and Race,045616,"Tobbell,Dominique",001,17601,School of Nursing,3.85,8,0,4,4,0,0,0,0,0,0,0
2024 Fall,MUSI,3390,Intro to Music & Computers,024809,"Reid,Leah",100,13096,College & Graduate Arts & Sci,3.54,19,1,7,5,1,2,2,0,1,0,0
2024 Fall,COMM,3030,Quantitative & Finan Analysis,006455,"Yung,Christopher A",007,14603,McIntire School of Commerce,3.46,49,0,12,13,9,11,4,0,0,0,0
2024 Fall,COMM,3110,Intermediate Accounting I,006461,"McDermott,Katie",300,14606,McIntire School of Commerce,3.61,41,1,17,11,4,5,2,0,0,1,0
2024 Fall,LAW,9366,Law & Inequality Colloquium,046752,"Milligan,Joy",1,18117,School of Law,3.52,11,0,0,6,5,0,0,0,0,0,0
2024 Fall,STAT,2120,Intro to Statistical Analysis,036655,"Martinet,Gretchen",001,10466,College & Graduate Arts & Sci,3.44,151,0,46,47,23,12,10,2,4,4,3
2024 Fall,EGMT,1510,Engaging Aesthetics,044512,"Zaccagnini,Michele",110,13829,College & Graduate Arts & Sci,4.00,30,10,20,0,0,0,0,0,0,0,0
2024 Fall,CS,4630,Defense Against the Dark Arts,038715,"Hassan,Wajih Ul",001,16801,Engineering & Applied Science,3.23,54,2,13,6,9,8,10,2,2,1,1
2024 Fall,EDIS,5820,Assessment Of and For Learning,045053,"Moon,Tonya",001,15048,School of Education and HumanDev,3.80,28,10,7,8,0,2,1,0,0,0,0
2024 Fall,CHEM,1411,Intro College Chem I Lab,005986,"Morkowchuk,Lisa",011,13741,College & Graduate Arts & Sci,3.57,17,10,3,1,0,0,0,1,1,0,1
2024 Fall,LAW,9280,Rule of Law and its Threats,044665,"Barzun,Charles",1,20860,School of Law,3.51,18,0,5,3,7,3,0,0,0,0,0
2024 Fall,EGMT,1520,Empirical Engagement,044513,"Reilly,Bridget",220,13853,College & Graduate Arts & Sci,3.96,34,4,28,0,2,0,0,0,0,0,0
2024 Fall,ENWR,1510,Writing and Critical Inquiry,013432,"Childers,Jodie",031,10501,College & Graduate Arts & Sci,3.95,18,0,15,3,0,0,0,0,0,0,0
2024 Fall,ENWR,1510,Writing and Critical Inquiry,013432,"Tran,Davy",034,10504,College & Graduate Arts & Sci,4.00,10,7,3,0,0,0,0,0,0,0,0
2024 Fall,GNUR,8130,Stat Mthd Health Care Rsch I,017049,"Byon,Ha Do",001,17595,School of Nursing,3.81,7,1,3,2,1,0,0,0,0,0,0
2024 Fall,SPAN,2010,Intermediate Spanish,035853,"Badang,Germain",001,10454,College & Graduate Arts & Sci,3.60,16,0,2,10,2,2,0,0,0,0,0
2024 Fall,ENGL,3220,The Seventeenth Century,012899,"Rush,Rebecca",001,20030,College & Graduate Arts & Sci,3.74,17,4,1,10,2,0,0,0,0,0,0
2024 Fall,COMM,4373,SBC&C - Media Lab,043607,"Heilman,Carrie",001,14653,McIntire School of Commerce,3.91,29,6,16,6,1,0,0,0,0,0,0
2024 Fall,ECON,4210,Intl Trade: Theory & Policy,007961,"Mclaren,John",100,13486,College & Graduate Arts & Sci,3.29,23,2,2,4,5,7,2,0,1,0,0
2024 Fall,COMM,4681,Entrepreneurship Trck Capstone,040148,"Martin,Eric",001,14685,McIntire School of Commerce,3.72,25,0,12,5,8,0,0,0,0,0,0
2024 Fall,COMM,2730,Personal Finance,006451,"Kelly,Dorothy",002,14688,McIntire School of Commerce,3.94,47,0,38,9,0,0,0,0,0,0,0
2024 Fall,ENCW,2300,Poetry Writing,013450,"Zhou,Holly",005,20012,College & Graduate Arts & Sci,3.95,15,1,13,0,1,0,0,0,0,0,0
2024 Fall,CS,4620,Compilers,006935,"Dwyer,Matthew",001,16197,Engineering & Applied Science,3.71,52,5,27,9,3,2,5,1,0,0,0
2024 Fall,MDST,3505,Diversity & Identity in Media,042979,"Dave,Shilpa",002,18912,College & Graduate Arts & Sci,3.50,21,0,10,4,0,5,0,0,1,1,0
2024 Fall,EDLF,7807,LEAD I,009747,"Spicer,David Eddy",500,15243,School of Education and HumanDev,3.27,9,0,3,3,1,1,0,0,0,0,1
2024 Fall,HIUS,2061,American Economic History,019531,"Thomas,Mark",001,11818,College & Graduate Arts & Sci,3.02,32,0,3,6,7,6,4,2,3,0,1
2024 Fall,ENGL,3924,Vietnam War Lit & Film,044122,"Chong,Sylvia",001,13786,College & Graduate Arts & Sci,3.80,13,2,5,4,2,0,0,0,0,0,0
2024 Fall,CHEM,4411,Biological Chemistry Lab I,005757,"Price,Carol",103,11833,College & Graduate Arts & Sci,3.05,17,0,2,3,5,2,1,1,2,0,1
2024 Fall,RUTR,2370,Fairy Tales,044615,"Dianina,Katia",001,12800,College & Graduate Arts & Sci,3.80,23,3,15,3,0,0,1,0,0,1,0
2024 Fall,EBUS,1800,Business Fundamentals,043892,"Cheng,James",001,16983,Engineering & Applied Science,3.90,56,0,38,17,1,0,0,0,0,0,0
2024 Fall,DRAM,2020,Acting I,007200,"Lowinski,Cortney",002,11654,College & Graduate Arts & Sci,3.62,14,0,7,3,2,1,0,0,1,0,0
2024 Fall,RUTR,2400,Russian Masterpieces,034782,"Stuart,Madelyn",001,20325,College & Graduate Arts & Sci,3.93,19,6,10,2,1,0,0,0,0,0,0
2024 Fall,MUSI,2309,"Group Voice Class, Popular",046974,"O'Brien,Patricia",001,14107,College & Graduate Arts & Sci,3.77,15,0,10,1,3,1,0,0,0,0,0
2024 Fall,CHEM,2411,Organic Chemistry I Laboratory,006015,"Chruma,Jason",100,10046,College & Graduate Arts & Sci,3.54,136,9,59,21,16,23,2,1,1,0,4
2024 Fall,EGMT,1540,Ethical Engagement,044515,"Driver,Keith",124,19417,College & Graduate Arts & Sci,3.97,35,21,13,0,0,1,0,0,0,0,0
2024 Fall,NUCO,2210,Foundations of Nursing CARE,043099,"Logan,Jeongok",003,17483,School of Nursing,3.93,30,0,23,7,0,0,0,0,0,0,0
2024 Fall,GCOM,7250,Product & Project Management,040143,"Maurer,Chris",1,14660,McIntire School of Commerce,3.67,25,2,5,11,7,0,0,0,0,0,0
2024 Fall,ECE,6850,Intro to Control Systems,045743,"Lin,Zongli",001,16986,Engineering & Applied Science,3.71,26,2,12,5,3,4,0,0,0,0,0
2024 Fall,PSPS,6015,Pract App & Understand of Data,047068,"Haiman,Ben",580,20773,Continuing & Prof Studies,3.93,8,0,6,2,0,0,0,0,0,0,0
2024 Fall,GSVS,2150,Global Sustainability,043975,"Crisman,Phoebe",001,11772,College & Graduate Arts & Sci,3.83,44,1,29,11,1,1,0,0,0,0,1
2024 Fall,PLAP,3400,American Political Economy,044879,"Pivonka,Evan",001,11775,College & Graduate Arts & Sci,3.69,18,0,12,5,0,0,0,0,0,0,1
2024 Fall,LAW,8013,Mergers and Acquisitions,021590,"Barzuza,Michal",1,20851,School of Law,3.44,21,0,0,8,12,1,0,0,0,0,0
2024 Fall,ECON,4300,Public Choice,007928,"Coppock,Lee",200,20174,College & Graduate Arts & Sci,3.59,20,4,6,3,2,4,0,0,1,0,0
2024 Fall,CS,4501,Spec Top: Computer Science,006942,"Sun,Yixin",001,16389,Engineering & Applied Science,3.69,69,1,44,14,2,4,0,1,0,1,2
2024 Fall,FREN,2020,Intermediate French II,014316,"Geer,Rachel",005,10180,College & Graduate Arts & Sci,3.88,18,0,11,7,0,0,0,0,0,0,0
2024 Fall,ARCH,1010,Lessons of the Lawn,001471,"Waldman,Peter",100,14379,School of Architecture,3.64,101,19,23,32,16,6,3,1,0,0,1
2024 Fall,ISHU,3810,Ethical Issues,020349,"Wright,Luke Savin Herrick",DC02,20707,Continuing & Prof Studies,3.60,23,0,5,10,6,2,0,0,0,0,0
2024 Fall,SPAN,2020,Advanced Intermediate Spanish,035854,"Williams,Kazara",012,11155,College & Graduate Arts & Sci,3.51,17,1,1,12,2,0,0,0,0,0,1
2024 Fall,CJ,5495,CI: Executive Decision Making,047240,"Yansick,Michael",02,21515,Continuing & Prof Studies,4.00,23,7,16,0,0,0,0,0,0,0,0
2024 Fall,CASS,1010,Miller Arts Scholars Seminar,041612,"Rasbury,Michael",001,11146,College & Graduate Arts & Sci,4.00,28,20,8,0,0,0,0,0,0,0,0
2024 Fall,ENWR,1510,Writing and Critical Inquiry,013432,"Berry,Cameron",089,13642,College & Graduate Arts & Sci,3.93,18,0,15,2,1,0,0,0,0,0,0
2024 Fall,KRTR,3020,Survey Modern Korean Lit,041860,"Lee,HeeJin",001,13388,College & Graduate Arts & Sci,2.70,20,2,2,2,2,2,2,3,1,1,3
2024 Fall,COMM,3110,Intermediate Accounting I,006461,"McDermott,Katie",500,14609,McIntire School of Commerce,3.60,40,2,15,11,5,2,4,0,1,0,0
2024 Fall,ANTH,3290,Biopolitics,045108,"Zigon,Jarrett",001,11830,College & Graduate Arts & Sci,3.94,60,19,32,8,0,1,0,0,0,0,0
2024 Fall,CHEM,1411,Intro College Chem I Lab,005986,"Morkowchuk,Lisa",046,12363,College & Graduate Arts & Sci,3.97,23,20,1,2,0,0,0,0,0,0,0
2024 Fall,LAW,9086,Law Refrm&Impact Lit Seminar,022149,"Le,Chinh",1,20833,School of Law,3.54,10,0,0,6,4,0,0,0,0,0,0
2024 Fall,PHIL,3830,Philosophy of Mental Health,047302,"Barnes,Elizabeth",001,20098,College & Graduate Arts & Sci,3.60,28,0,15,3,2,6,1,1,0,0,0
2024 Fall,GCNL,5240,Leadership Seminar,015369,"Anderson,Joel",001,17430,School of Nursing,3.96,37,4,28,5,0,0,0,0,0,0,0
2024 Fall,STS,4500,STS and Engineering Practice,036749,"Laugelli,Benjamin",021,16416,Engineering & Applied Science,3.95,28,17,8,2,1,0,0,0,0,0,0
2024 Fall,EDIS,6730,Diagnosis & Remediation I,009475,"Hayes,Latisha",500,15264,School of Education and HumanDev,3.98,13,1,11,1,0,0,0,0,0,0,0
2024 Fall,PHYS,2030,Princip of Physics 1 Workshop,030811,"Bychkov,Maxim Aleksandrovich",018,20168,College & Graduate Arts & Sci,4.00,11,5,6,0,0,0,0,0,0,0,0
2024 Fall,COMM,4371,Brand Consulting & Comm,006696,"Heilman,Carrie",001,14615,McIntire School of Commerce,3.80,29,0,19,6,3,0,0,0,1,0,0
2024 Fall,GCOM,7800,Adv Enterprise Architecture,015434,"Grazioli,Stefano",001,14726,McIntire School of Commerce,3.41,26,2,1,8,10,2,3,0,0,0,0
2024 Fall,ENWR,1510,Writing and Critical Inquiry,013432,"Shaman,Cory",010,10487,College & Graduate Arts & Sci,3.93,17,0,13,4,0,0,0,0,0,0,0
2024 Fall,PSYC,2200,Survey Neural Basis of Behav,032491,"Clabough,Erin D",001,12056,College & Graduate Arts & Sci,3.24,196,0,32,49,34,36,26,7,8,0,4
2024 Fall,COMM,4351,Mktg Analytics for Big Data,046288,"Foutz,Natasha",001,14694,McIntire School of Commerce,3.67,22,0,10,5,4,3,0,0,0,0,0
2024 Fall,CHIN,3010,Pre-Advanced Chinese I,006059,"Wang,Jun",002,10070,College & Graduate Arts & Sci,3.87,10,4,3,2,1,0,0,0,0,0,0
2024 Fall,MUSI,2307,Play Guitar! Level 1,045484,"Rosensky,Michael",001,12530,College & Graduate Arts & Sci,3.34,18,1,5,3,3,1,3,0,2,0,0
2024 Fall,ARAB,1010,Elementary Arabic I,001279,"Maanaki,Bilal",004,11266,College & Graduate Arts & Sci,3.57,16,0,8,5,2,0,0,0,0,0,1
2024 Fall,KINE,3210,Kines Individuals Disabilities,009099,"Fines,Abby",001,14781,School of Education and HumanDev,3.80,22,0,13,5,4,0,0,0,0,0,0
2024 Fall,SPAN,2020,Advanced Intermediate Spanish,035854,"Arevalo,Gabriela Dongo",015,11448,College & Graduate Arts & Sci,3.67,15,0,3,10,0,2,0,0,0,0,0
2024 Fall,PSYC,3310,RM: R Applications in Psych,045373,"Meyer,M. Joseph",001,12059,College & Graduate Arts & Sci,3.82,64,5,41,12,4,1,0,0,0,0,1
2024 Fall,ECON,3010,Intermediate Microeconomics,007908,"Lin,Po",700,20508,College & Graduate Arts & Sci,3.24,41,3,10,7,3,5,5,3,4,1,0
2024 Fall,ISSS,3300,Issues: Cultural Anthropology,020458,"Wallace,Lillian",101,20704,Continuing & Prof Studies,3.96,17,6,9,2,0,0,0,0,0,0,0
2024 Fall,GCOM,7263,Cybersecurity as Business Risk,045614,"Lewis,Bryan",001,14682,McIntire School of Commerce,3.65,8,1,0,6,0,1,0,0,0,0,0
2024 Fall,ACCT,5450,Federal Taxation I,045935,"Hutchinson,Harvey",701,20725,Continuing & Prof Studies,3.83,15,3,8,2,0,2,0,0,0,0,0
2024 Fall,SPAN,2020,Advanced Intermediate Spanish,035854,"Florez-Murillo,David",008,10604,College & Graduate Arts & Sci,3.55,17,1,8,3,1,1,1,1,1,0,0
2024 Fall,GCOM,7410,Tax Research,015406,"Franks,Harry",001,14703,McIntire School of Commerce,3.58,12,0,2,5,5,0,0,0,0,0,0
2024 Fall,ARCH,3120,Theories of Architecture,001526,"Berman,Ila",001,14409,School of Architecture,3.68,85,12,16,34,20,2,1,0,0,0,0
2024 Fall,LAW,6002,Contracts,021553,"Stephan,Paul",F,20872,School of Law,3.40,32,0,1,10,17,3,1,0,0,0,0
2024 Fall,EVSC,3300,Atmosphere and Weather,013917,"Grise,Kevin",001,10159,College & Graduate Arts & Sci,3.44,74,8,30,9,7,5,6,1,4,0,4
2024 Fall,EVSC,1010,Intro Environmental Sciences,013836,"Lerdau,Manuel",001,10148,College & Graduate Arts & Sci,3.26,317,19,75,41,49,58,34,14,14,8,5
2024 Fall,BME,4063,Biomed Engr Capstone Design I,004083,"Allen,Timothy",001,15660,Engineering & Applied Science,3.98,107,10,92,3,1,1,0,0,0,0,0
2024 Fall,EGMT,1530,Engaging Differences,044514,"Bigelow,Allison",110,12705,College & Graduate Arts & Sci,3.73,27,1,18,1,4,2,0,0,0,1,0
2024 Fall,ENWR,1510,Writing and Critical Inquiry,013432,"Stephenson,Kate",003,11812,College & Graduate Arts & Sci,3.98,18,9,8,1,0,0,0,0,0,0,0
2024 Fall,EDLF,5830,College Student Experience,009790,"Inkelas,Karen",001,15466,School of Education and HumanDev,3.70,35,1,13,15,3,2,0,0,1,0,0
2024 Fall,CHEM,1411,Intro College Chem I Lab,005986,"Morkowchuk,Lisa",013,11251,College & Graduate Arts & Sci,3.84,24,19,2,1,0,0,1,0,0,1,0
2024 Fall,PSPS,6050,Stewardship PA & Managing HC,046295,"Kerner,Patrice",581,20791,Continuing & Prof Studies,3.96,28,2,24,1,1,0,0,0,0,0,0
2024 Fall,MAE,3710,Mechanical Systems,022591,"Russell,Shawn",001,15613,Engineering & Applied Science,3.51,93,0,39,22,12,6,5,3,3,3,0
2024 Fall,EDIS,3020,The Exceptional Learner,009391,"Gelman,Jennifer",503,15416,School of Education and HumanDev,3.66,30,5,19,2,1,1,0,0,0,0,2
2024 Fall,ARTH,3591,Art History Colloquium,042072,"Flores,Tatiana",001,12485,College & Graduate Arts & Sci,3.81,14,0,5,9,0,0,0,0,0,0,0
2024 Fall,CHEM,2311,Org Chem Lab I Non Chem Major,043154,"Chruma,Jason",009,11827,College & Graduate Arts & Sci,3.66,34,3,11,12,4,2,1,1,0,0,0
2024 Fall,BME,2220,Biomechanics,004068,"Sheybani,Natasha",001,16203,Engineering & Applied Science,3.36,43,8,11,8,4,4,0,3,1,2,2
2024 Fall,CGBM,2210,Digital Skills for Workplace,047002,"Kerpelman,Adam",002,14720,McIntire School of Commerce,3.71,49,1,22,19,2,1,2,2,0,0,0
2024 Fall,EVSC,4100,Mgmt of Forest Ecosystems,013943,"Nyelele,Charity",100,13519,College & Graduate Arts & Sci,3.71,19,0,7,8,3,1,0,0,0,0,0
2024 Fall,KINE,3600,Musculoskeletal Anatomy,009105,"Higgins,Michael",001,14748,School of Education and HumanDev,3.28,79,0,23,17,10,9,6,6,5,2,1
2024 Fall,EDHS,1120,Found of Community Engagement,043507,"Knight,Jennie",002,20617,School of Education and HumanDev,3.69,22,1,10,5,4,0,2,0,0,0,0
2024 Fall,ENGL,2508,Studies in Fiction,012491,"Haines,Rachel",004,20971,College & Graduate Arts & Sci,3.31,17,0,7,4,0,3,1,0,0,1,1
2024 Fall,KINE,5495,Human Physiology,044649,"Allen,Jason",001,15015,School of Education and HumanDev,3.26,12,0,2,2,1,5,2,0,0,0,0
2024 Fall,LAW,6002,Contracts,021553,"Butler,Jay",J,20875,School of Law,3.39,34,0,2,9,18,4,1,0,0,0,0
2024 Fall,LPPP,7630,Fund of Int Political Analys,047008,"DeLozier,Elana",001,17388,Batten Leadership & Public Pol,3.77,10,3,2,3,2,0,0,0,0,0,0
2024 Fall,EDLF,7605,Anthropology of Education,009735,"Hoffman,Diane",001,15009,School of Education and HumanDev,3.81,10,1,4,4,1,0,0,0,0,0,0
2024 Fall,PLAP,4360,Campaigns and Elections,031593,"Stroupe,Kenneth",001,20125,College & Graduate Arts & Sci,3.94,20,5,11,4,0,0,0,0,0,0,0
2024 Fall,ARTS,2220,Introduction to New Media I,002858,"Hogg,Anna",001,11137,College & Graduate Arts & Sci,3.80,15,4,7,2,1,0,0,1,0,0,0
2024 Fall,BIOL,4559,New Course: BIOL,038577,"Worley,Melanie",001,20544,College & Graduate Arts & Sci,3.87,17,7,6,3,0,0,1,0,0,0,0
2024 Fall,SPAN,3010,Grammar and Composition I,035893,"Soto,Patricio Arriagada",004,12980,College & Graduate Arts & Sci,3.59,12,0,3,5,3,0,1,0,0,0,0
2024 Fall,MATH,3250,Ordinary Differential Equatns,023068,"Farhat,Aseel",100,10275,College & Graduate Arts & Sci,2.97,35,0,12,3,4,3,5,0,2,2,4
2024 Fall,LASE,2515,A&S Skills AcceleratorCatalyst,046611,"Patterson,Brenda",002,13988,College & Graduate Arts & Sci,3.75,15,0,4,10,1,0,0,0,0,0,0
2024 Fall,KINE,5430,Advanced Exercise Physiology,009219,"Angadi,Siddhartha",001,14784,School of Education and HumanDev,3.39,15,0,1,8,1,3,1,1,0,0,0
2024 Fall,CHEM,1411,Intro College Chem I Lab,005986,"Morkowchuk,Lisa",058,12375,College & Graduate Arts & Sci,3.51,18,11,1,3,0,0,0,0,0,2,1
2024 Fall,GCNL,5110,Adults & Older Adults,015372,"Jaeckl,Simone",001,17403,School of Nursing,3.91,39,0,33,3,1,2,0,0,0,0,0
2024 Fall,COLA,1500,College Advising Seminars,006376,"Stephenson,Kate",034,11406,College & Graduate Arts & Sci,3.96,17,9,7,0,1,0,0,0,0,0,0
2024 Fall,NUIP,2240,Lifespan Development,029449,"Evans,Emily",001,17415,School of Nursing,3.63,93,0,35,37,9,4,5,1,0,1,1
2024 Fall,LAW,6105,Federal Courts,021652,"Jeffries,John",1,20638,School of Law,3.59,61,2,21,16,11,7,3,0,1,0,0
2024 Fall,PLAN,3811,Gender & Built Environment,044147,"Sewell,Jessica",001,14373,School of Architecture,3.84,29,0,26,2,0,0,0,0,0,0,1
2024 Fall,HIST,2212,Maps in World History,044403,"Edelson,S.",100,13498,College & Graduate Arts & Sci,3.68,53,0,21,20,7,4,0,0,1,0,0
2024 Fall,EDLF,7403,Survey Design & Inst Construct,009729,"Soland,Jim",001,15187,School of Education and HumanDev,3.69,29,0,4,21,4,0,0,0,0,0,0
2024 Fall,ACCT,5110,Intermediate Accounting I,045932,"Hutton,Leon",701,20719,Continuing & Prof Studies,3.88,10,0,6,4,0,0,0,0,0,0,0
2024 Fall,EDIS,6730,Diagnosis & Remediation I,009475,"Hauser,Lauren",505,21034,School of Education and HumanDev,3.84,12,1,7,3,0,1,0,0,0,0,0
2024 Fall,KINE,5260,APE:Phys & Sensory Impaired,009287,"Block,Martin",001,15326,School of Education and HumanDev,4.00,10,7,3,0,0,0,0,0,0,0,0
2024 Fall,COLA,1500,College Advising Seminars,006376,"Mueller,Justin",008,11794,College & Graduate Arts & Sci,3.98,19,7,11,1,0,0,0,0,0,0,0
2024 Fall,MAE,7150,Combustion,022694,"Dedic,Chloe",001,19657,Engineering & Applied Science,3.47,19,1,7,3,2,5,0,0,0,0,1
2024 Fall,PLAN,6013,Comm & Planning Analysis,046969,"Jafari,Ghazal",001,14525,School of Architecture,3.61,12,1,3,3,4,1,0,0,0,0,0
2024 Fall,STAT,3110,Foundations of Statistics,044444,"Weinstock,Justin Benjamin",001,12026,College & Graduate Arts & Sci,3.66,74,6,23,29,8,5,1,1,0,0,1
2024 Fall,ACCT,5200,Intro to Acct Info Systems,047272,"Evans,Richard",701,20722,Continuing & Prof Studies,3.87,24,0,17,6,0,0,1,0,0,0,0
2024 Fall,EDIS,7835,Global Lessons,047366,"Wheelock,Matthew",500,20575,School of Education and HumanDev,3.71,8,3,3,1,0,0,0,0,1,0,0
2024 Fall,STS,2600,Engineering Ethics,046988,"Guillen,Sergio",002,17034,Engineering & Applied Science,3.92,28,1,24,1,1,0,1,0,0,0,0
2024 Fall,CHEM,1411,Intro College Chem I Lab,005986,"Morkowchuk,Lisa",012,11619,College & Graduate Arts & Sci,3.73,14,8,0,4,0,0,2,0,0,0,0
2024 Fall,MUSI,2090,Sound Studies,044426,"Lobley,Noel",001,19666,College & Graduate Arts & Sci,3.94,20,3,13,4,0,0,0,0,0,0,0
2024 Fall,PHYS,2030,Princip of Physics 1 Workshop,030811,"Bychkov,Maksim",005,14000,College & Graduate Arts & Sci,3.83,25,0,19,4,0,0,1,1,0,0,0
2024 Fall,LAW,7686,Mueller Rpt/Role Spec.Counsel,041897,"Goldstein,Andrew",1,20656,School of Law,3.37,12,0,2,3,3,2,2,0,0,0,0
2024 Fall,CHEM,1411,Intro College Chem I Lab,005986,"Morkowchuk,Lisa",070,12387,College & Graduate Arts & Sci,3.63,23,14,3,3,0,0,0,1,1,0,1
2024 Fall,ENGL,2599,Special Topics,012514,"Chery,Arselyne",012,20899,College & Graduate Arts & Sci,3.23,18,0,2,7,3,3,2,0,0,0,1
2024 Fall,ENWR,1510,Writing and Critical Inquiry,013432,"Little,Dana",046,11365,College & Graduate Arts & Sci,3.83,18,2,14,0,0,1,0,0,1,0,0
2024 Fall,SYS,6005,Stochastic Modeling I,036950,"Iqbal,Tariq",001,15645,Engineering & Applied Science,3.71,21,0,13,1,5,1,1,0,0,0,0
2024 Fall,SPAN,2020,Advanced Intermediate Spanish,035854,"Barlow,Jennifer",020,13262,College & Graduate Arts & Sci,3.74,16,0,5,9,2,0,0,0,0,0,0
2024 Fall,PSPS,6040,Create & Sustain Comm Dialogue,046294,"Farr,Murray",580,20776,Continuing & Prof Studies,3.66,21,0,1,18,1,1,0,0,0,0,0
2024 Fall,PHIL,3010,Darwin and Philosophy,044113,"Eaker,Erin",001,12628,College & Graduate Arts & Sci,3.64,30,0,12,14,1,2,0,0,0,0,1
2024 Fall,MAE,3210,Fluid Mechanics,022582,"Quinn,Daniel",001,15610,Engineering & Applied Science,3.34,72,6,16,12,14,9,9,3,1,1,1
2024 Fall,RELG,1000,Questions in the Study of Reli,046967,"Hoehler-Fatton,Cynthia",001,14003,College & Graduate Arts & Sci,3.26,29,1,7,10,4,1,2,0,2,0,2
2024 Fall,PLPT,1010,Intro to Political Theory,031925,"Bird,Colin",100,14024,College & Graduate Arts & Sci,3.29,116,0,9,25,41,28,10,3,0,0,0
2024 Fall,STS,4500,STS and Engineering Practice,036749,"Laugelli,Benjamin",010,15666,Engineering & Applied Science,3.95,28,12,14,1,0,1,0,0,0,0,0
2024 Fall,MATH,4310,Introduction to Real Analysis,023135,"Hayes,Benjamin",001,11445,College & Graduate Arts & Sci,3.86,25,17,3,2,1,1,1,0,0,0,0
2024 Fall,EDLF,6010,Higher Ed Finance & Budget,009795,"Leffers,Robert",001,15024,School of Education and HumanDev,3.82,34,1,21,8,1,3,0,0,0,0,0
2024 Fall,LAW,9065,State Constitutionalism,021976,"Lorish,Lisa",1,20650,School of Law,3.56,15,0,4,5,4,1,1,0,0,0,0
2024 Fall,PLAP,4500,Special Topics,031588,"Zhirkov,Kirill",003,12343,College & Graduate Arts & Sci,3.92,15,3,8,4,0,0,0,0,0,0,0
2024 Fall,BME,6002,Organ Physio for Eng,047335,"Barker,Shannon",001,20371,Engineering & Applied Science,4.00,30,20,10,0,0,0,0,0,0,0,0
2024 Fall,ISIN,4510,Sp Tps Conduct Inquiry: So Sci,043255,"Corlett,David",102,20695,Continuing & Prof Studies,3.58,28,0,16,7,0,2,0,1,1,0,1
2024 Fall,LPPA,6150,Res Methods & Data Analysis I,032141,"Wu,Derek",100,17268,Batten Leadership & Public Pol,3.56,43,0,19,7,7,6,3,0,1,0,0
2024 Fall,PHYS,2010,Principles of Physics 1,030809,"Grouchy,Rebecca",007,20569,College & Graduate Arts & Sci,3.27,94,18,13,20,9,12,6,7,2,2,5
2024 Fall,EDIS,3221,Intro to Reading Foundations,045883,"Pearson,Emma",002,15225,School of Education and HumanDev,3.97,27,0,24,3,0,0,0,0,0,0,0
2024 Fall,ASL,2010,Intermed Amer Sign Language I,003001,"Eshgi,Maher",002,10475,College & Graduate Arts & Sci,3.06,16,0,5,2,2,3,1,1,0,0,2
2024 Fall,EGMT,1530,Engaging Differences,044514,"Jaswal,Vikram",205,12592,College & Graduate Arts & Sci,3.98,35,0,33,2,0,0,0,0,0,0,0
2024 Fall,ENWR,1510,Writing and Critical Inquiry,013432,"Tran,Davy",022,10495,College & Graduate Arts & Sci,3.98,13,8,4,1,0,0,0,0,0,0,0
2024 Fall,ENWR,1510,Writing and Critical Inquiry,013432,"Holmstrom,Kathryn",027,10498,College & Graduate Arts & Sci,3.96,17,3,12,2,0,0,0,0,0,0,0
2024 Fall,PSPM,5030,Intro to Project Mgmt,029786,"Parente,Susan",702,21258,Continuing & Prof Studies,3.82,14,0,9,4,0,0,1,0,0,0,0
2024 Fall,LPPL,4660,Value & Bias in Public Policy,042085,"Mckee,Stephanie",001,17271,Batten Leadership & Public Pol,3.65,55,0,13,29,9,3,1,0,0,0,0
2024 Fall,CHEM,2311,Org Chem Lab I Non Chem Major,043154,"Chruma,Jason",010,11806,College & Graduate Arts & Sci,3.75,19,1,9,7,1,0,0,0,1,0,0
2024 Fall,LPPS,3240,Terrorism and Counterterrorism,041550,"Moy,Daniel",001,17292,Batten Leadership & Public Pol,3.14,41,0,1,9,7,17,6,0,0,0,1
2024 Fall,AMST,3323,Hemispheric Latinx Lit&Culture,044626,"Lamas,Carmen",001,19426,College & Graduate Arts & Sci,3.89,15,0,13,0,1,1,0,0,0,0,0
2024 Fall,STS,4500,STS and Engineering Practice,036749,"Fitzgerald,Gerard",020,16001,Engineering & Applied Science,3.57,27,2,15,6,0,0,1,0,0,2,1
2024 Fall,LPPS,6080,Education Policy,043470,"Bassok,Daphna",001,17295,Batten Leadership & Public Pol,3.78,9,3,3,1,1,1,0,0,0,0,0
2024 Fall,MSE,2101,MSE Investigations: Properties,045586,"Floro,Jerrold",001,16557,Engineering & Applied Science,3.72,14,0,7,4,1,2,0,0,0,0,0
2024 Fall,CHIN,2020,Intermediate Chinese,006054,"Yue,Ying",002,20602,College & Graduate Arts & Sci,3.71,14,0,11,0,1,0,0,2,0,0,0
2024 Fall,ARTH,1503,Art and the Premodern World,045459,"Ramirez-Weaver,Eric",100,13456,College & Graduate Arts & Sci,3.18,46,2,8,10,6,4,8,3,4,0,1
2024 Fall,PLPT,4500,Special Topics,031937,"Phulwani,Vijay",004,20564,College & Graduate Arts & Sci,3.78,14,0,6,7,0,1,0,0,0,0,0
2024 Fall,SPAN,4559,New Course: SPAN,042071,"Sprague,Paula",001,20222,College & Graduate Arts & Sci,4.00,15,2,13,0,0,0,0,0,0,0,0
2024 Fall,SYS,4050,Risk Analysis,045929,"Lambert,James",001,16581,Engineering & Applied Science,3.64,44,1,15,18,6,0,2,1,1,0,0
2024 Fall,CHE,3321,Trans Proc I:Momentum Trnsfr,005448,"Ford,Roseanne",001,15601,Engineering & Applied Science,2.92,41,0,2,4,9,10,10,1,4,0,1
2024 Fall,BIMS,8995,Topical Research,042296,"Paschal,Bryce",002,18481,Medical School - BIMS/PHS,3.93,14,3,9,1,1,0,0,0,0,0,0
2024 Fall,EBUS,2830,Innovation New Ventures,043893,"Garland,Doug",001,16578,Engineering & Applied Science,3.94,21,0,17,4,0,0,0,0,0,0,0
2024 Fall,AMST,2130,Narratives of Girlhood,047283,"Tapia,Ruby",001,19946,College & Graduate Arts & Sci,3.95,14,2,11,0,1,0,0,0,0,0,0
2024 Fall,CS,4750,Database Systems,006934,"Datar,Shivani",001,16086,Engineering & Applied Science,3.96,137,102,28,2,1,3,1,0,0,0,0
2024 Fall,NUCO,2330,Health Assessment,029379,"Evans,Emily",001,17451,School of Nursing,4.00,94,51,42,1,0,0,0,0,0,0,0
2024 Fall,CS,4710,Artificial Intelligence,006916,"Fioretto,Ferdinando",002,17090,Engineering & Applied Science,3.85,118,0,94,8,10,2,2,1,0,1,0
2024 Fall,ENWR,1510,Writing and Critical Inquiry,013432,"Sophronius,Jeddie",007,10484,College & Graduate Arts & Sci,4.00,17,8,9,0,0,0,0,0,0,0,0
2024 Fall,SPAN,4040,Translation Spanish to English,035927,"Prados,Nieves Garcia",002,12583,College & Graduate Arts & Sci,3.92,18,1,12,5,0,0,0,0,0,0,0
2024 Fall,MDST,3510,Topics in Media Research,045771,"Williams,Bruce",002,20269,College & Graduate Arts & Sci,3.89,27,0,17,10,0,0,0,0,0,0,0
2024 Fall,WGS,4500,"Topic in Wmn, Gndr & Sexuality",043888,"Hagerman,Bonnie",001,13099,College & Graduate Arts & Sci,3.68,10,1,5,3,0,0,0,0,0,1,0
2024 Fall,EGMT,1520,Empirical Engagement,044513,"Reilly,Bridget",217,13850,College & Graduate Arts & Sci,3.95,34,1,32,0,0,0,0,1,0,0,0
2024 Fall,MAE,4610,ME Design I,022602,"Momot,Michael",002,16095,Engineering & Applied Science,3.93,29,10,15,2,2,0,0,0,0,0,0
2024 Fall,SPAN,3040,Business Spanish,035896,"Rodriguez,Maria Esparza",001,10463,College & Graduate Arts & Sci,3.93,16,0,12,4,0,0,0,0,0,0,0
2024 Fall,AAS,3853,Race and Real Estate in the US,044912,"Kahrl,Andrew",100,13922,College & Graduate Arts & Sci,3.71,148,0,85,41,9,4,4,0,1,2,2
2024 Fall,ECE,6502,Spec Top:Elect & Computer Engr,007732,"Tao,Gang",002,21271,Engineering & Applied Science,3.74,5,1,2,1,0,1,0,0,0,0,0
2024 Fall,CHEM,2410,Organic Chemistry I,005698,"Frantz,Alicia",100,10044,College & Graduate Arts & Sci,2.83,200,0,27,24,25,42,21,20,15,8,18
2024 Fall,FREN,3032,"Text, Image, Culture",014358,"Ice,Christopher",001,10187,College & Graduate Arts & Sci,4.00,18,3,15,0,0,0,0,0,0,0,0
2024 Fall,ASTR,2110,Intro to Astrophysics I,003064,"Skrutskie,Michael",100,10032,College & Graduate Arts & Sci,3.18,35,0,5,7,5,10,7,0,0,0,1
2024 Fall,CHEM,1411,Intro College Chem I Lab,005986,"Morkowchuk,Lisa",002,12111,College & Graduate Arts & Sci,3.56,23,7,8,4,0,1,0,0,0,2,1
2024 Fall,ENWR,1520,Writing & Community Engagement,045365,"Stephenson,Kate",001,12114,College & Graduate Arts & Sci,3.89,18,7,10,0,0,0,0,0,1,0,0
2024 Fall,ARTS,2000,Intro to Studio Art,045397,"Cheung,Conrad",002,12063,College & Graduate Arts & Sci,3.83,14,0,6,8,0,0,0,0,0,0,0
2024 Fall,BIOL,9910,Rotation Research,003895,"Guler,Ali",001,10039,College & Graduate Arts & Sci,3.83,23,0,18,2,2,0,0,0,1,0,0
2024 Fall,ASL,1010,Elem Amer Sign Language I,002999,"Slusser,Miranda",004,11773,College & Graduate Arts & Sci,3.49,18,2,5,6,0,3,0,0,1,1,0
2024 Fall,PHIL,1410,Forms of Reasoning,030021,"Boone,Trey",001,12157,College & Graduate Arts & Sci,3.68,118,0,63,26,10,14,2,1,1,1,0
2024 Fall,ECON,5090,Mathematical Economics I,007998,"Aman-Rana,Shan",100,10130,College & Graduate Arts & Sci,3.88,18,3,11,3,0,0,1,0,0,0,0
2024 Fall,GERM,1010,Elementary German,015642,"Schenberg,Cora",003,10193,College & Graduate Arts & Sci,3.94,16,5,8,3,0,0,0,0,0,0,0
2024 Fall,FREN,3032,"Text, Image, Culture",014358,"Lyu,Claire",002,10188,College & Graduate Arts & Sci,3.83,16,0,11,2,3,0,0,0,0,0,0
2024 Fall,MUSI,3050,Music and Discourse,024790,"DeVeaux,Scott",001,12181,College & Graduate Arts & Sci,3.56,20,0,4,9,6,0,0,0,1,0,0
2024 Fall,GSVS,2050,Sustainable Energy Systems,044233,"Groves,James",001,11792,College & Graduate Arts & Sci,3.61,35,0,21,5,3,1,1,2,1,1,0
2024 Fall,ECON,2010,Principles of Econ: Microecon,007876,"Elzinga,Kenneth",090,10078,College & Graduate Arts & Sci,3.11,471,3,44,145,88,67,42,35,14,11,22
2024 Fall,PHYS,2419,Intro Physics 2 Workshop,031079,"Bychkov,Maksim",003,10365,College & Graduate Arts & Sci,3.45,19,0,9,6,1,1,0,0,0,0,2
2024 Fall,ECON,4340,Theory of Financial Markets,007968,"Burton,Edwin",001,10129,College & Graduate Arts & Sci,3.41,138,1,52,15,0,62,5,0,2,0,1
2024 Fall,EVSC,2801,Fundamentals of Geology Lab,014091,"Limaye,Ajay",200,10149,College & Graduate Arts & Sci,4.00,12,10,2,0,0,0,0,0,0,0,0
2024 Fall,HIAF,2001,Early African History,018133,"Fleur,James La",100,12552,College & Graduate Arts & Sci,3.66,28,2,6,14,3,2,1,0,0,0,0
2024 Fall,ENWR,1510,Writing and Critical Inquiry,013432,"Carter,Tyler",005,11813,College & Graduate Arts & Sci,3.86,18,1,13,2,0,2,0,0,0,0,0
2024 Fall,PHIL,3330,Philosophy of Mind,030130,"Langsam,Harold",001,11771,College & Graduate Arts & Sci,2.99,28,0,1,4,10,7,4,0,0,0,2
2024 Fall,CHEM,1411,Intro College Chem I Lab,005986,"Morkowchuk,Lisa",038,11590,College & Graduate Arts & Sci,3.80,24,10,6,5,1,0,2,0,0,0,0
2024 Fall,GREE,1010,Elementary Greek,017175,"Petrovic,Andrej",100,10203,College & Graduate Arts & Sci,3.79,20,4,10,2,2,1,1,0,0,0,0
2024 Fall,GERM,2010,Intermediate German,015678,"Parker,Stefanie",002,10197,College & Graduate Arts & Sci,3.61,18,0,9,1,4,4,0,0,0,0,0
2024 Fall,CHEM,2410,Organic Chemistry I,005698,"Chruma,Jason",400,12210,College & Graduate Arts & Sci,3.22,123,3,30,26,13,22,12,5,5,0,7
2024 Fall,EVSC,2801,Fundamentals of Geology Lab,014091,"Limaye,Ajay",100,10150,College & Graduate Arts & Sci,3.64,11,1,5,2,2,0,0,0,1,0,0
2024 Fall,ECON,7010,Microeconomic Theory I,008020,"Troyan,Peter",100,10132,College & Graduate Arts & Sci,3.39,19,0,5,4,2,5,3,0,0,0,0
2024 Fall,EVSC,3301,Atmosphere & Weather Lab,014096,"Grise,Kevin",002,10163,College & Graduate Arts & Sci,3.44,12,0,7,1,1,1,0,1,0,0,1
2024 Fall,PPL,2010,"Morality, Law and the State",032134,"Snedegar,Justin",001,12085,College & Graduate Arts & Sci,3.90,24,5,14,3,2,0,0,0,0,0,0
2024 Fall,MATH,3350,Applied Linear Algebra,042858,"Holt,Jeffrey",001,11757,College & Graduate Arts & Sci,3.55,46,2,12,16,6,5,4,1,0,0,0
2024 Fall,MATH,1310,Calculus I,022953,"Wang,Caelan",900,11753,College & Graduate Arts & Sci,3.16,21,2,8,3,1,0,2,2,0,0,3
2024 Fall,HIEU,2031,Ancient Greece,018390,"Lendon,Jon",100,10213,College & Graduate Arts & Sci,3.42,43,0,11,10,13,5,3,0,0,0,1
2024 Fall,GERM,1010,Elementary German,015642,"Schenberg,Cora",002,10191,College & Graduate Arts & Sci,3.81,18,1,10,5,1,0,1,0,0,0,0
2024 Fall,RUTR,2350,Russian and East European Film,040715,"Stepanic,Stanley",001,12021,College & Graduate Arts & Sci,3.80,56,0,41,7,6,1,0,0,0,0,1
2024 Fall,CHEM,1810,Principles of Chem Structure,005666,"Harman,Walter",100,10042,College & Graduate Arts & Sci,3.76,107,14,51,20,14,5,2,0,1,0,0
2024 Fall,FREN,2020,Intermediate French II,014316,"Belahlou,Lila",002,10181,College & Graduate Arts & Sci,3.90,16,0,12,3,1,0,0,0,0,0,0
2024 Fall,ITAL,2010,Intermediate Italian I,020567,"Annunziato,Sarah",001,10218,College & Graduate Arts & Sci,3.64,17,2,8,3,1,1,1,0,0,1,0
2024 Fall,ECON,2020,Principles of Econ: Macroecon,007877,"Doyle,Carter",200,10125,College & Graduate Arts & Sci,3.33,198,0,43,59,29,30,18,7,7,2,3
2024 Fall,FREN,2020,Intermediate French II,014316,"Belahlou,Lila",003,10179,College & Graduate Arts & Sci,3.35,17,0,3,4,5,3,0,2,0,0,0
2024 Fall,ITAL,2010,Intermediate Italian I,020567,"Annunziato,Sarah",002,10219,College & Graduate Arts & Sci,3.89,16,1,9,6,0,0,0,0,0,0,0
2024 Fall,CHEM,1411,Intro College Chem I Lab,005986,"Morkowchuk,Lisa",037,11589,College & Graduate Arts & Sci,3.84,24,12,6,4,0,0,2,0,0,0,0
2024 Fall,LNGS,3250,Intro to Linguistic Theory,022530,"Elson,Mark",001,10240,College & Graduate Arts & Sci,3.14,35,0,6,4,5,9,7,2,2,0,0
2024 Fall,MATH,1210,A survey of Calculus I,022944,"Gomez,Kevin",800,10244,College & Graduate Arts & Sci,2.92,35,0,8,2,4,8,3,5,1,0,4
2024 Fall,ARAB,2010,Intermediate Arabic I,001284,"Mohamed,Suad",001,10017,College & Graduate Arts & Sci,3.86,11,0,6,5,0,0,0,0,0,0,0
2024 Fall,MATH,3354,Survey of Algebra,023084,"Maloni,Sara",002,12072,College & Graduate Arts & Sci,3.70,34,8,14,3,3,3,2,1,0,0,0
2024 Fall,ARTS,2000,Intro to Studio Art,045397,"Cheung,Conrad",003,12064,College & Graduate Arts & Sci,3.73,13,2,2,7,2,0,0,0,0,0,0
2024 Fall,COLA,1500,College Advising Seminars,006376,"Hagerman,Bonnie",002,12754,College & Graduate Arts & Sci,3.93,18,3,11,4,0,0,0,0,0,0,0
2024 Fall,JPTR,3010,Survey of Trad. Japanese Lit,020827,"Heldt,Gustav",001,12543,College & Graduate Arts & Sci,2.92,12,0,2,2,2,2,1,1,1,0,1
2024 Fall,MUSI,1310,Basic Musical Skills,024703,"Rous,Benjamin",001,10344,College & Graduate Arts & Sci,3.72,45,6,25,3,4,4,2,0,0,1,0
2024 Fall,MUSI,4065,The Black Voice,045502,"Carson,A.D.",001,12540,College & Graduate Arts & Sci,3.60,10,6,3,0,0,0,0,0,0,0,1
2024 Fall,DRAM,3710,Playwriting I,007280,"Grissom,Doug",001,10077,College & Graduate Arts & Sci,3.83,10,0,8,0,1,1,0,0,0,0,0
2024 Fall,MATH,1320,Calculus II,022954,"Flores,Felipe",300,10265,College & Graduate Arts & Sci,3.14,29,1,6,1,5,9,3,3,0,0,1
2024 Fall,ITAL,1010,Elementary Italian I,020555,"Bonino,Nicole",002,10216,College & Graduate Arts & Sci,3.95,21,11,8,1,1,0,0,0,0,0,0
2024 Fall,ARTS,2670,Intro to Intaglio/Mono Print,002878,"Ohira,Akemi",001,10024,College & Graduate Arts & Sci,3.83,15,1,10,2,1,0,1,0,0,0,0
2024 Fall,MATH,1210,A survey of Calculus I,022944,"Brunialti,Pedro",600,11700,College & Graduate Arts & Sci,3.30,35,2,13,6,3,5,1,2,0,0,3
2024 Fall,MATH,3351,Elementary Linear Algebra,023081,"Campbell,Jacob",002,11679,College & Graduate Arts & Sci,3.57,35,8,8,11,0,4,1,1,1,0,1
2024 Fall,ECON,8170,Industrial Organization I,008057,"Anderson,Simon",001,10138,College & Graduate Arts & Sci,3.49,9,0,1,4,2,2,0,0,0,0,0
2024 Fall,ENGL,3001,Hist of Lit in English I,011976,"Holsinger,Bruce",100,10143,College & Graduate Arts & Sci,3.67,168,14,83,32,17,7,9,1,2,1,2
2024 Fall,KOR,1010,Elementary Korean I,020864,"Chung,Juyeon",003,12760,College & Graduate Arts & Sci,3.72,10,0,2,7,1,0,0,0,0,0,0
2024 Fall,PLPT,4305,American Political Thought,041876,"Savage,James",001,12076,College & Graduate Arts & Sci,3.75,14,0,6,6,1,1,0,0,0,0,0
2024 Fall,MATH,1320,Calculus II,022954,"Chatzitheodoridis,Eleftherios",600,12070,College & Graduate Arts & Sci,3.44,22,2,10,0,3,2,2,2,0,1,0
2024 Fall,JAPN,2010,Second-Year Japanese I,020742,"Kawai,Mieko",003,10224,College & Graduate Arts & Sci,3.41,14,0,7,3,1,1,0,0,0,1,1
2024 Fall,JAPN,3010,Third-Year Japanese I,020746,"Hasegawa,Yoko",002,10226,College & Graduate Arts & Sci,3.80,10,1,5,2,2,0,0,0,0,0,0
2024 Fall,LATI,1010,Elementary Latin I,021103,"Corbeill,Anthony",100,10228,College & Graduate Arts & Sci,3.71,49,15,15,8,4,3,3,0,1,0,0
2024 Fall,MDST,2000,Introduction to Media Studies,023487,"Vaidhyanathan,Siva",100,10290,College & Graduate Arts & Sci,3.76,237,0,110,99,16,5,3,3,0,1,0
2024 Fall,GERM,2020,Intermediate German,015679,"Zuerner,Chrisann",002,10198,College & Graduate Arts & Sci,4.00,12,2,10,0,0,0,0,0,0,0,0
2024 Fall,PHYS,2030,Princip of Physics 1 Workshop,030811,"Bychkov,Maksim",004,10527,College & Graduate Arts & Sci,3.98,26,4,20,2,0,0,0,0,0,0,0
2024 Fall,CHEM,2311,Org Chem Lab I Non Chem Major,043154,"Chruma,Jason",013,12189,College & Graduate Arts & Sci,3.88,33,2,22,6,3,0,0,0,0,0,0
2024 Fall,SPAN,2010,Intermediate Spanish,035853,"Young,Sara",008,11289,College & Graduate Arts & Sci,3.64,17,0,2,13,0,1,1,0,0,0,0
2024 Fall,MATH,1320,Calculus II,022954,"Aitzhanova,Bakhyt",400,12229,College & Graduate Arts & Sci,3.19,26,3,8,2,3,5,1,1,0,1,2
2024 Fall,ENWR,1505,Writing & Critical Inquiry S1,013428,"Chantell,Claire",002,10480,College & Graduate Arts & Sci,3.69,14,7,2,2,1,0,1,1,0,0,0
2024 Fall,KOR,2010,Intermediate Korean I,020866,"Han,Rosa",002,10632,College & Graduate Arts & Sci,3.72,16,2,5,6,1,2,0,0,0,0,0
2024 Fall,COLA,1500,College Advising Seminars,006376,"Mattes,Armin",017,11561,College & Graduate Arts & Sci,3.76,17,0,10,6,0,0,0,0,0,1,0
2024 Fall,STAT,4630,Statistical Machine Learning,044234,"Yu,Shan",001,12027,College & Graduate Arts & Sci,3.79,62,10,28,13,8,2,1,0,0,0,0
2024 Fall,PHYS,5620,Solid State Physics,030900,"Teo,Chi Yan Jeffrey",001,10380,College & Graduate Arts & Sci,3.65,11,2,3,3,1,1,1,0,0,0,0
2024 Fall,ENWR,1510,Writing and Critical Inquiry,013432,"Robertson,Mason",015,10491,College & Graduate Arts & Sci,3.87,18,6,9,0,2,1,0,0,0,0,0
2024 Fall,SWAH,1010,Introductory Swahili I,036870,"Rotich,Anne",002,11447,College & Graduate Arts & Sci,3.74,16,0,12,2,0,0,1,0,0,1,0
2024 Fall,ENWR,1510,Writing and Critical Inquiry,013432,"Driver,Keith",051,11514,College & Graduate Arts & Sci,3.95,11,0,9,2,0,0,0,0,0,0,0
2024 Fall,CLAS,2010,Greek Civilization,006297,"Petrovic,Andrej",100,10963,College & Graduate Arts & Sci,3.63,113,25,44,16,8,7,5,4,1,1,2
2024 Fall,ARTH,4591,Seminar in the History of Art,002569,"Turner,Elizabeth",003,12694,College & Graduate Arts & Sci,3.35,10,1,2,5,0,1,0,0,0,0,1
2024 Fall,EGMT,1540,Ethical Engagement,044515,"Donahue-Ochoa,Tom",202,11682,College & Graduate Arts & Sci,3.92,32,4,21,6,1,0,0,0,0,0,0
2024 Fall,SPAN,3050,Spanish for Medical Profession,039916,"Opere,Alicia Lopez",001,11500,College & Graduate Arts & Sci,3.90,18,2,10,6,0,0,0,0,0,0,0
2024 Fall,CHEM,3410,Phys Chem - Quantum Theory,005731,"Egorov,Sergei",100,11387,College & Graduate Arts & Sci,3.63,45,6,22,9,4,1,0,0,1,0,2
2024 Fall,ASL,2010,Intermed Amer Sign Language I,003001,"Eshgi,Maher",001,10476,College & Graduate Arts & Sci,3.38,12,0,4,1,4,1,0,2,0,0,0
2024 Fall,PLIR,4320,Religion and War,041955,"Furia,Peter",001,12075,College & Graduate Arts & Sci,3.82,13,0,8,3,2,0,0,0,0,0,0
2024 Fall,MATH,4110,Intro to Stochastic Processes,023119,"Do,Yen",001,11444,College & Graduate Arts & Sci,3.72,19,2,10,1,3,3,0,0,0,0,0
2024 Fall,EGMT,1540,Ethical Engagement,044515,"Choi,Christopher",204,11683,College & Graduate Arts & Sci,4.00,35,29,6,0,0,0,0,0,0,0,0
2024 Fall,PSYC,2700,Intro to Child Psychology,032516,"Robertson,Zoe",001,10967,College & Graduate Arts & Sci,3.72,198,10,119,33,10,14,2,6,0,3,1
2024 Fall,PHIL,2420,Introduction to Symbolic Logic,030082,"Cameron,Ross",001,12624,College & Graduate Arts & Sci,3.01,83,6,8,17,19,8,4,3,4,6,8
2024 Fall,SOC,1010,Introductory Sociology,035243,"Polillo,Simone",100,10437,College & Graduate Arts & Sci,3.91,236,14,179,35,4,2,0,1,0,0,1
2024 Fall,COLA,1500,College Advising Seminars,006376,"Spitzner,Dan",019,11105,College & Graduate Arts & Sci,3.97,18,0,16,2,0,0,0,0,0,0,0
2024 Fall,ECON,3030,Money and Banking,007910,"Doyle,Carter",100,11443,College & Graduate Arts & Sci,3.33,71,4,17,17,6,14,4,2,3,3,1
2024 Fall,RELG,1010,Intro Western Religious Trads,034138,"Warren,Heather",100,10416,College & Graduate Arts & Sci,3.67,167,0,88,42,18,6,6,2,2,1,2
2024 Fall,ENWR,1510,Writing and Critical Inquiry,013432,"Christjohn,Zana",028,10499,College & Graduate Arts & Sci,4.00,18,16,2,0,0,0,0,0,0,0,0
2024 Fall,MATH,1190,A Survey of Calc I w Algebra,023387,"James,Daniel",100,11270,College & Graduate Arts & Sci,2.33,35,2,1,3,2,8,2,3,3,2,9
2024 Fall,SPAN,2010,Intermediate Spanish,035853,"Badang,Germain",002,10453,College & Graduate Arts & Sci,3.38,17,0,4,8,2,1,0,1,0,0,1
2024 Fall,HBIO,4950,Indep Research for Human Biol,017972,"Timko,Michael",001,10208,College & Graduate Arts & Sci,3.93,10,1,8,0,1,0,0,0,0,0,0
2024 Fall,MATH,1310,Calculus I,022953,"Cordon,Oscar Arevalo",600,10255,College & Graduate Arts & Sci,2.89,27,2,5,3,3,1,5,3,2,1,2
2024 Fall,STAT,4630,Statistical Machine Learning,044234,"Yu,Shan",002,12028,College & Graduate Arts & Sci,3.82,60,2,42,6,7,2,0,0,1,0,0
2024 Fall,PHIL,3720,Contemporary Ethics,030137,"MacKenzie,Jordan",001,12629,College & Graduate Arts & Sci,3.67,27,6,8,9,3,0,0,0,0,0,1
2024 Fall,CHEM,3721,Analytical Chemistry Lab,005686,"Venton,Jill",100,12585,College & Graduate Arts & Sci,3.74,31,0,24,2,2,2,0,0,0,0,1
2024 Fall,SOC,5100,Research Design and Methods,035533,"Slez,Adam",001,12561,College & Graduate Arts & Sci,3.91,7,0,5,2,0,0,0,0,0,0,0
2024 Fall,SOC,3410,Race and Ethnic Relations,035402,"Buckelew,Rose",100,11554,College & Graduate Arts & Sci,3.26,33,0,6,11,3,6,2,2,2,0,1
2024 Fall,SPAN,3430,Contemp Latin American Voices,035911,"Acevedo-Reyes,Manuel",001,11596,College & Graduate Arts & Sci,4.00,22,7,15,0,0,0,0,0,0,0,0
2024 Fall,MUEN,3650,University Singers,024591,"Slon,Michael",001,10323,College & Graduate Arts & Sci,3.99,79,2,75,2,0,0,0,0,0,0,0
2024 Fall,ARAB,1010,Elementary Arabic I,001279,"Maanaki,Bilal",001,11135,College & Graduate Arts & Sci,3.84,12,0,8,3,0,1,0,0,0,0,0
2024 Fall,EGMT,1520,Empirical Engagement,044513,"Niblo,Jessica",105,12159,College & Graduate Arts & Sci,3.96,35,9,23,2,1,0,0,0,0,0,0
2024 Fall,ASTR,3480,Introduction to Cosmology,003087,"Whittle,Mark",001,12573,College & Graduate Arts & Sci,3.77,38,7,19,9,1,0,1,0,0,0,1
2024 Fall,DRAM,1010,How Theatre Works,007177,"Garey,Cady",001,10073,College & Graduate Arts & Sci,3.69,48,0,17,23,4,3,0,0,1,0,0
2024 Fall,AMST,3630,Vietnam War Lit & Film,044175,"Chong,Sylvia",001,12635,College & Graduate Arts & Sci,3.46,16,0,6,2,4,2,1,0,1,0,0
2024 Fall,PHYS,2030,Princip of Physics 1 Workshop,030811,"Bychkov,Maksim",001,10524,College & Graduate Arts & Sci,3.64,26,3,16,3,1,0,0,1,1,0,1
2024 Fall,MATH,1210,A survey of Calculus I,022944,"Park,Jun",900,10246,College & Graduate Arts & Sci,3.21,34,0,13,6,5,3,0,2,0,1,4
2024 Fall,MATH,1210,A survey of Calculus I,022944,"Mitchell,Susan",940,10248,College & Graduate Arts & Sci,3.05,33,0,13,2,2,7,2,0,1,2,4
2024 Fall,BIOL,4070,Developmental Biology Lab,003594,"Keller,Raymond",001,10477,College & Graduate Arts & Sci,3.99,22,6,15,1,0,0,0,0,0,0,0
2024 Fall,SPAN,2010,Intermediate Spanish,035853,"Monteros-Freeman,Maria",003,10455,College & Graduate Arts & Sci,3.71,16,0,8,4,2,2,0,0,0,0,0
2024 Fall,DRAM,2620,Sound Design,007233,"Rasbury,Michael",002,12576,College & Graduate Arts & Sci,4.00,12,3,9,0,0,0,0,0,0,0,0
2024 Fall,CHIN,4010,Advanced Chinese I,006067,"Zhao,Ran",001,11279,College & Graduate Arts & Sci,3.94,10,0,8,2,0,0,0,0,0,0,0
2024 Fall,STAT,2120,Intro to Statistical Analysis,036655,"Martinet,Gretchen",002,10467,College & Graduate Arts & Sci,3.48,171,0,62,50,26,10,6,6,7,0,4
2024 Fall,CHEM,2810,Principles Org & Bioorg Chem,005711,"Serbulea,Laura",100,10047,College & Graduate Arts & Sci,3.27,91,3,33,8,15,13,2,6,6,1,4
2024 Fall,ENWR,1510,Writing and Critical Inquiry,013432,"Stiffler,M",011,10488,College & Graduate Arts & Sci,3.93,18,0,14,4,0,0,0,0,0,0,0
2024 Fall,MDST,2200,Introduction to Film,040732,"Etem,Julide",001,12035,College & Graduate Arts & Sci,3.48,93,1,40,29,4,5,3,3,4,0,4
2024 Fall,HBIO,4810,Capstone Sem Human Biology I,017970,"Timko,Michael",001,10509,College & Graduate Arts & Sci,3.94,22,0,19,2,1,0,0,0,0,0,0
2024 Fall,HBIO,4998,Thesis Rsrch in Human Biol I,017974,"Timko,Michael",001,10209,College & Graduate Arts & Sci,3.93,22,3,16,2,0,1,0,0,0,0,0
2024 Fall,SOC,3120,Sociology Research Workshop,035380,"Skubby,David",100,10443,College & Graduate Arts & Sci,3.28,72,1,23,10,19,5,4,4,1,1,4
2024 Fall,PHYS,2030,Princip of Physics 1 Workshop,030811,"Bychkov,Maksim",007,10529,College & Graduate Arts & Sci,3.92,25,3,17,4,1,0,0,0,0,0,0
2024 Fall,MATH,2310,Calculus III,023024,"Petrov,Leonid",100,10270,College & Graduate Arts & Sci,3.13,40,2,9,11,6,2,2,2,0,1,5
2024 Fall,MATH,1320,Calculus II,022954,"Tuominen,Miika",200,10264,College & Graduate Arts & Sci,3.00,25,2,6,1,4,6,1,1,1,0,3
2024 Fall,MATH,7340,Complex Analysis I,023223,"Humphries,Peter Christopher Leslie",001,11258,College & Graduate Arts & Sci,3.03,15,2,4,3,0,2,1,0,0,1,2
2024 Fall,DRAM,2620,Sound Design,007233,"Rasbury,Michael",001,12575,College & Graduate Arts & Sci,3.93,12,2,7,3,0,0,0,0,0,0,0
2024 Fall,PHYS,7610,Quantum Theory I,030943,"Kolomeisky,Eugene",001,10382,College & Graduate Arts & Sci,3.34,22,2,6,0,3,6,5,0,0,0,0
2024 Fall,PHYS,8630,Introduction to Field Theory,030958,"Arnold,Peter",001,10383,College & Graduate Arts & Sci,3.43,19,2,5,2,2,5,3,0,0,0,0
2024 Fall,PHIL,1000,Introduction to Philosophy,029990,"McCready-Flora,Ian",100,11898,College & Graduate Arts & Sci,3.79,110,31,41,23,9,3,1,1,0,0,1
2024 Fall,SPAN,2010,Intermediate Spanish,035853,"Young,Sara",005,10457,College & Graduate Arts & Sci,3.38,16,0,2,6,3,4,0,0,1,0,0
2024 Fall,ANTH,4591,Majors Seminar,000804,"Danziger,Eve",003,12685,College & Graduate Arts & Sci,3.75,14,0,5,7,2,0,0,0,0,0,0
2024 Fall,CHEM,1410,Intro College Chemistry I,005649,"Columbus,Linda",100,12662,College & Graduate Arts & Sci,3.48,221,21,81,35,25,24,13,11,5,4,2
2024 Fall,SPAN,2010,Intermediate Spanish,035853,"Badang,Germain",009,10459,College & Graduate Arts & Sci,3.71,15,0,4,9,1,1,0,0,0,0,0
2024 Fall,SPAN,3010,Grammar and Composition I,035893,"Poveda,Esther",001,10461,College & Graduate Arts & Sci,3.78,16,0,8,6,1,1,0,0,0,0,0
2024 Fall,GSSJ,3010,Global Security and Justice,043544,"Furia,Peter",001,11411,College & Graduate Arts & Sci,3.94,28,0,22,6,0,0,0,0,0,0,0
2024 Fall,PSYC,3006,Res Methods & Data Analysis II,032540,"Schmidt,Karen",001,10408,College & Graduate Arts & Sci,3.53,88,0,8,55,14,5,2,3,0,1,0
2024 Fall,ENWR,1505,Writing & Critical Inquiry S1,013428,"Kostelnik,Kate",005,12117,College & Graduate Arts & Sci,3.88,13,0,10,2,0,1,0,0,0,0,0
2024 Fall,STAT,2120,Intro to Statistical Analysis,036655,"Martinet,Gretchen",003,11267,College & Graduate Arts & Sci,3.46,175,1,48,61,23,19,11,2,4,4,2
2024 Fall,SLAV,2360,Dracula,035128,"Stepanic,Stanley",001,11147,College & Graduate Arts & Sci,3.81,201,1,150,31,5,4,3,2,2,0,3
2024 Fall,ENWR,1510,Writing and Critical Inquiry,013432,"Lieber,Aryeh",054,11600,College & Graduate Arts & Sci,3.91,18,0,15,1,2,0,0,0,0,0,0
2024 Fall,PHS,3186,Comp. Health Care Systems,042686,"Quissell,Kathryn",001,12698,College & Graduate Arts & Sci,3.94,20,12,4,4,0,0,0,0,0,0,0
2024 Fall,PHIL,2660,Philosophy of Religion,030098,"Merricks,Trenton",100,11291,College & Graduate Arts & Sci,3.37,38,0,12,10,7,2,2,2,1,0,2
2024 Fall,RELG,7360,Study of Religion,039597,"Andruss,Jessica",001,12409,College & Graduate Arts & Sci,3.71,8,0,5,1,1,0,1,0,0,0,0
2024 Fall,PLAP,4500,Special Topics,031588,"Ceaser,James",001,11278,College & Graduate Arts & Sci,3.85,15,0,10,3,2,0,0,0,0,0,0
2024 Fall,PSYC,1010,Introductory Psychology,032423,"Mazurek,Christopher",001,11108,College & Graduate Arts & Sci,3.31,330,2,78,116,37,35,21,10,6,9,16
2024 Fall,MATH,3340,Complex Variables,023074,"Rapinchuk,Andrei",001,11331,College & Graduate Arts & Sci,3.74,20,13,1,3,1,0,0,1,1,0,0
2024 Fall,STAT,2020,Statistics for Biologists,039999,"Ferrara,Maria",002,11366,College & Graduate Arts & Sci,3.56,114,17,35,26,14,10,3,5,1,1,2
2024 Fall,ENWR,1505,Writing & Critical Inquiry S1,013428,"Kostelnik,Kate",007,12118,College & Graduate Arts & Sci,3.55,14,0,8,0,1,3,2,0,0,0,0
2024 Fall,PHYS,3310,Statistical Physics,030862,"Lee,Seung-Hun",001,10374,College & Graduate Arts & Sci,3.22,57,2,9,17,3,8,8,4,6,0,0
2024 Fall,EVSC,3201,Fundamentals of Ecology Lab,014094,"Pace,Michael",002,10152,College & Graduate Arts & Sci,3.87,15,0,12,1,1,1,0,0,0,0,0
2024 Fall,ECON,7020,Macroeconomic Theory I,008021,"Smirnyagin,Vladimir",100,10134,College & Graduate Arts & Sci,3.32,18,0,3,3,4,6,2,0,0,0,0
2024 Fall,ENWR,2520,Special Topics in Writing,013448,"Parks,Stephen",003,12119,College & Graduate Arts & Sci,4.00,16,5,11,0,0,0,0,0,0,0,0
2024 Fall,COLA,1500,College Advising Seminars,006376,"Cobb,Erica",014,11796,College & Graduate Arts & Sci,4.00,18,7,11,0,0,0,0,0,0,0,0
2024 Fall,ENWR,1510,Writing and Critical Inquiry,013432,"Holmstrom,Kathryn",026,10497,College & Graduate Arts & Sci,4.00,18,2,16,0,0,0,0,0,0,0,0
2024 Fall,POL,1210,Intro to Polish Language,032000,"Stepanic,Stanley",001,11885,College & Graduate Arts & Sci,3.91,17,0,12,5,0,0,0,0,0,0,0
2024 Fall,MATH,1310,Calculus I,022953,"Cobhthaigh,Micheal O",100,10250,College & Graduate Arts & Sci,2.89,24,3,6,0,4,1,1,5,1,0,3
2024 Fall,MATH,1310,Calculus I,022953,"Sweeney,Nicholas",300,10252,College & Graduate Arts & Sci,2.63,24,1,3,2,4,2,1,4,1,1,5
2024 Fall,MDST,3505,Diversity & Identity in Media,042979,"Morimoto,Lori",001,12541,College & Graduate Arts & Sci,4.00,30,21,9,0,0,0,0,0,0,0,0
2024 Fall,MATH,4770,General Topology,044247,"Quigley,J.D.",001,11609,College & Graduate Arts & Sci,3.38,15,5,5,1,0,1,0,0,2,0,1
2024 Fall,SPAN,3010,Grammar and Composition I,035893,"Fernandez,Carlos Velazco",006,12127,College & Graduate Arts & Sci,3.98,16,2,13,1,0,0,0,0,0,0,0
2024 Fall,SPAN,3010,Grammar and Composition I,035893,"Morales,Josue",005,11239,College & Graduate Arts & Sci,3.48,16,0,4,6,3,1,0,2,0,0,0
2024 Fall,GERM,2020,Intermediate German,015679,"Zuerner,Chrisann",001,11934,College & Graduate Arts & Sci,3.84,19,0,13,3,3,0,0,0,0,0,0
2024 Fall,SPAN,2020,Advanced Intermediate Spanish,035854,"Park,Sara",018,11985,College & Graduate Arts & Sci,3.67,14,0,2,11,0,0,1,0,0,0,0
2024 Fall,RUTR,2460,Russian Culture,034780,"Clowes,Edith",001,12237,College & Graduate Arts & Sci,3.56,25,1,11,6,2,3,0,1,0,0,1
2024 Fall,MATH,1220,A Survey of Calculus II,022945,"Kurtz,Brianna",300,11579,College & Graduate Arts & Sci,3.59,37,3,19,5,0,4,3,2,0,1,0
2024 Fall,STAT,1601,Intro Data Science with R,045055,"Roland,Kristen",001,11835,College & Graduate Arts & Sci,3.85,92,4,55,25,6,1,1,0,0,0,0
2024 Fall,COLA,1500,College Advising Seminars,006376,"Bonino,Nicole",040,11862,College & Graduate Arts & Sci,4.00,18,14,4,0,0,0,0,0,0,0,0
2024 Fall,STAT,3080,From Data to Knowledge,040829,"Brown,Taylor",002,11611,College & Graduate Arts & Sci,3.71,135,0,73,42,10,3,2,2,1,0,2
2024 Fall,PHYS,5310,Optics,030890,"Sackett,Cass",001,12683,College & Graduate Arts & Sci,3.27,18,1,2,4,3,3,4,1,0,0,0
2024 Fall,ANTH,2800,Introduction to Archaeology,000698,"LaViolette,Adria",100,10008,College & Graduate Arts & Sci,3.69,60,13,17,15,6,7,1,1,0,0,0
2024 Fall,CHEM,2311,Org Chem Lab I Non Chem Major,043154,"Chruma,Jason",007,11804,College & Graduate Arts & Sci,3.73,36,0,17,12,5,1,0,1,0,0,0
2024 Fall,PSYC,4420,RM: Brain Mapping with MRI,046315,"Horn,John Van",001,12691,College & Graduate Arts & Sci,3.38,25,0,1,8,13,0,3,0,0,0,0
2024 Fall,CHEM,2311,Org Chem Lab I Non Chem Major,043154,"Chruma,Jason",020,12550,College & Graduate Arts & Sci,3.97,36,11,21,4,0,0,0,0,0,0,0
2024 Fall,MDST,3504,Topics in Global Media,042990,"Etem,Julide",002,12544,College & Graduate Arts & Sci,3.68,26,0,10,12,2,1,0,0,0,1,0
2024 Fall,ECON,2010,Principles of Econ: Microecon,007876,"Elzinga,Kenneth",091,10105,College & Graduate Arts & Sci,3.22,477,7,60,152,102,65,36,16,6,14,19
2024 Fall,CHEM,2311,Org Chem Lab I Non Chem Major,043154,"Chruma,Jason",008,11805,College & Graduate Arts & Sci,3.67,36,0,16,10,5,4,1,0,0,0,0
2024 Fall,ELA,2610,Lbrl Arts Health Professions,044617,"Sauerwein,Kimberly",001,11826,College & Graduate Arts & Sci,3.77,62,4,43,6,2,4,1,0,1,0,1
2024 Fall,CHEM,4411,Biological Chemistry Lab I,005757,"Price,Carol",102,11832,College & Graduate Arts & Sci,3.40,16,2,2,4,3,3,1,0,1,0,0
2024 Fall,PHIL,3810,"Sex, Sexuality, and Gender",044630,"Payton,Dee",001,12630,College & Graduate Arts & Sci,3.30,21,0,7,6,2,2,2,0,0,0,2
2024 Fall,CHEM,2410,Organic Chemistry I,005698,"Serbulea,Laura L",600,11309,College & Graduate Arts & Sci,3.77,29,2,17,5,1,2,2,0,0,0,0
2024 Fall,EVSC,3020,GIS Methods,013919,"Porter,John",100,10164,College & Graduate Arts & Sci,3.79,52,22,11,11,5,1,1,1,0,0,0
2024 Fall,EVSC,3600,Physical Hydrology,013915,"Borstlap,Hanne",001,10157,College & Graduate Arts & Sci,3.62,34,6,19,1,1,4,0,0,2,0,1
2024 Fall,CHEM,5410,Adv Biological Chemistry I,005801,"Cafiso,David",001,10060,College & Graduate Arts & Sci,3.64,23,3,7,5,4,4,0,0,0,0,0
2024 Fall,MDST,8000,"Media, Culture & Technology",038974,"Swartz,Lana",001,12546,College & Graduate Arts & Sci,3.86,16,0,12,3,0,0,1,0,0,0,0
2024 Fall,CHEM,4411,Biological Chemistry Lab I,005757,"Price,Carol",101,11831,College & Graduate Arts & Sci,3.15,15,3,2,3,0,2,3,0,0,0,2
2024 Fall,CHEM,1410,Intro College Chemistry I,005649,"Welch,Kevin",400,12673,College & Graduate Arts & Sci,3.58,388,12,166,80,56,39,17,7,7,0,4
2024 Fall,FREN,1050,Accelerated Elementary French,014277,"Same,Roxanne Ewoudou",001,10172,College & Graduate Arts & Sci,3.49,17,0,5,4,3,4,1,0,0,0,0
2024 Fall,PLCP,1010,Intro to Comparative Politics,031680,"Waldner,David",100,10389,College & Graduate Arts & Sci,3.37,109,0,11,34,31,23,8,1,1,0,0
2024 Fall,EGMT,1530,Engaging Differences,044514,"Flood,Liza",203,11685,College & Graduate Arts & Sci,3.98,34,2,30,2,0,0,0,0,0,0,0
2024 Fall,CHEM,2311,Org Chem Lab I Non Chem Major,043154,"Chruma,Jason",017,12193,College & Graduate Arts & Sci,3.91,28,2,18,8,0,0,0,0,0,0,0
2024 Fall,RUSS,3010,Third-Year Russian I,034652,"Borovskaya-Ellis,Anna",001,11844,College & Graduate Arts & Sci,3.81,12,1,8,1,1,0,1,0,0,0,0
2024 Fall,CHEM,4411,Biological Chemistry Lab I,005757,"Price,Carol",104,12112,College & Graduate Arts & Sci,3.31,18,0,6,4,0,3,3,1,0,0,1
2024 Fall,EGMT,1530,Engaging Differences,044514,"Bigelow,Allison",111,12735,College & Graduate Arts & Sci,3.57,36,3,15,10,1,3,2,0,0,1,1
2024 Fall,EGMT,1540,Ethical Engagement,044515,"Wellmon,Michael",105,11688,College & Graduate Arts & Sci,3.43,35,0,12,9,5,5,0,1,2,0,1
2024 Fall,SPAN,2020,Advanced Intermediate Spanish,035854,"Moguel,Ana Piriz",001,11384,College & Graduate Arts & Sci,3.40,12,0,2,6,3,0,0,0,0,0,1
2024 Fall,MATH,7751,Algebra I,023231,"Qi,You",001,10285,College & Graduate Arts & Sci,3.59,12,2,6,3,0,0,0,0,0,0,1
2024 Fall,ECON,8510,Topics in Growth Theory,008069,"Colmer,Jonathan",001,11881,College & Graduate Arts & Sci,4.00,8,2,6,0,0,0,0,0,0,0,0
2024 Fall,LNGS,7010,Linguistic Theory and Analysis,022535,"Elson,Mark",001,10241,College & Graduate Arts & Sci,3.60,5,0,1,2,2,0,0,0,0,0,0
2024 Fall,CHEM,2311,Org Chem Lab I Non Chem Major,043154,"Chruma,Jason",011,12187,College & Graduate Arts & Sci,3.84,34,0,24,7,2,0,0,0,1,0,0
2024 Fall,MUSI,2340,Learn to Groove,039726,"Jospe,Robert",002,12124,College & Graduate Arts & Sci,3.99,20,5,14,1,0,0,0,0,0,0,0
2024 Fall,PLAP,4500,Special Topics,031588,"Kromkowski,Charles",002,12073,College & Graduate Arts & Sci,3.32,13,0,3,3,2,2,2,0,1,0,0
2024 Fall,EGMT,1530,Engaging Differences,044514,"Walsh,Meaghan",108,12519,College & Graduate Arts & Sci,3.96,35,0,33,1,0,1,0,0,0,0,0
2024 Fall,ARAB,1010,Elementary Arabic I,001279,"Maanaki,Bilal",002,10014,College & Graduate Arts & Sci,3.86,14,0,9,4,1,0,0,0,0,0,0
2024 Fall,FREN,1010,Elementary French I,014273,"Rey,Cecile",003,10169,College & Graduate Arts & Sci,3.49,19,0,10,2,2,3,0,1,0,0,1
2024 Fall,DRAM,1020,Speaking in Public,007178,"Close,Tovah",003,11911,College & Graduate Arts & Sci,3.76,16,0,9,6,0,0,0,0,1,0,0
2024 Fall,HIND,1010,Elementary Hindi-Urdu I,018890,"Nasir,Abdul",002,11748,College & Graduate Arts & Sci,3.78,20,0,11,6,1,2,0,0,0,0,0
2024 Fall,ENWR,2510,Advanced Writing Seminar,013441,"Rawson,Eric",006,12661,College & Graduate Arts & Sci,3.96,16,2,12,2,0,0,0,0,0,0,0
2024 Fall,ECON,3020,Intermediate Macroeconomics,007909,"Young,Eric",100,11802,College & Graduate Arts & Sci,3.42,70,0,19,18,13,9,10,0,0,0,1
2024 Fall,ENWR,1510,Writing and Critical Inquiry,013432,"Barman,Shalmi",006,12120,College & Graduate Arts & Sci,3.61,17,2,6,4,2,1,1,1,0,0,0
2024 Fall,KOR,1010,Elementary Korean I,020864,"CHOI,YOON HWA",002,12141,College & Graduate Arts & Sci,3.63,15,4,6,1,1,1,1,0,0,1,0
2024 Fall,FREN,2020,Intermediate French II,014316,"Ice,Christopher",004,10182,College & Graduate Arts & Sci,3.93,18,0,16,1,0,1,0,0,0,0,0
2024 Fall,ARTH,2053,Greek Art and Archaeology,002453,"Smith,Tyler Jo",100,12428,College & Graduate Arts & Sci,3.49,53,0,18,16,9,3,4,1,1,0,1
2024 Fall,PHYS,7010,Theoretical Mechanics I,030887,"Nichols,David",001,10378,College & Graduate Arts & Sci,3.66,24,4,10,5,2,1,0,0,1,1,0
2024 Fall,MDST,2690,Sports Journalism,044470,"Clay,Anna",001,11913,College & Graduate Arts & Sci,3.64,21,0,4,13,2,1,1,0,0,0,0
2024 Fall,DRAM,1010,How Theatre Works,007177,"Garey,Cady",002,12130,College & Graduate Arts & Sci,3.60,48,0,16,23,1,4,1,1,0,2,0
2024 Fall,CHEM,1410,Intro College Chemistry I,005649,"Welch,Kevin",600,12674,College & Graduate Arts & Sci,3.52,325,9,112,83,46,38,21,8,4,1,3
2024 Fall,ENWR,1510,Writing and Critical Inquiry,013432,"Barman,Shalmi",024,10496,College & Graduate Arts & Sci,3.75,18,2,7,7,1,0,0,1,0,0,0
2024 Fall,MUSI,3310,Theory I,024801,"DeVeaux,Scott",001,12443,College & Graduate Arts & Sci,3.52,19,0,6,9,2,1,0,0,0,0,1
2024 Fall,PHYS,1429,Intro Physics 1 Workshop,031036,"Bychkov,Maksim",001,11298,College & Graduate Arts & Sci,3.67,25,0,15,5,1,1,1,1,1,0,0
2024 Fall,ASTR,1210,Intro Sky and Solar System,003045,"Murphy,Edward",001,10030,College & Graduate Arts & Sci,3.53,315,2,101,102,52,32,11,4,3,4,4
2024 Fall,ARTS,2810,Introduction to Sculpture I,002886,"Rogers,LaRissa",001,10027,College & Graduate Arts & Sci,3.87,14,0,8,6,0,0,0,0,0,0,0
2024 Fall,PSYC,3160,Cognitive Neuroscience,045356,"Long,Nicole",001,12055,College & Graduate Arts & Sci,3.17,149,3,27,28,27,25,16,9,5,4,5
2024 Fall,CHEM,1411,Intro College Chem I Lab,005986,"Morkowchuk,Lisa",051,12368,College & Graduate Arts & Sci,3.71,23,14,4,1,0,1,1,1,0,1,0
2024 Fall,DRAM,1020,Speaking in Public,007178,"Chebli,Karim",004,12039,College & Graduate Arts & Sci,3.96,16,0,14,2,0,0,0,0,0,0,0
2024 Fall,CHEM,1411,Intro College Chem I Lab,005986,"Morkowchuk,Lisa",043,12360,College & Graduate Arts & Sci,3.80,23,15,3,4,0,0,0,0,0,0,1
2024 Fall,MATH,3100,Introduction to Probability,023058,"Abdesselam,Abdelmalek",002,11756,College & Graduate Arts & Sci,3.66,31,8,7,8,2,5,0,1,0,0,0
2024 Fall,MUSI,2350,Technosonics: Digital Music,024769,"Dahl,Luke",100,12433,College & Graduate Arts & Sci,3.68,180,10,86,49,14,11,2,0,2,4,2
2024 Fall,ENWR,1510,Writing and Critical Inquiry,013432,"D'Errico,Jon",012,10489,College & Graduate Arts & Sci,3.80,18,0,14,1,1,0,2,0,0,0,0
2024 Fall,MATH,3100,Introduction to Probability,023058,"Abdesselam,Abdelmalek",001,10274,College & Graduate Arts & Sci,3.47,30,4,8,5,4,3,5,0,1,0,0
2024 Fall,MATH,3250,Ordinary Differential Equatns,023068,"Imbrie,John",200,10276,College & Graduate Arts & Sci,3.81,30,13,9,3,2,2,1,0,0,0,0
2024 Fall,CHEM,1411,Intro College Chem I Lab,005986,"Morkowchuk,Lisa",042,11843,College & Graduate Arts & Sci,3.86,23,14,5,3,0,0,0,0,0,1,0
2024 Fall,ARTS,2370,Intro to Cinematography I,002893,"Hogg,Anna",001,11129,College & Graduate Arts & Sci,3.69,15,6,7,0,1,0,0,0,0,0,1
2024 Fall,CHEM,1411,Intro College Chem I Lab,005986,"Morkowchuk,Lisa",048,12365,College & Graduate Arts & Sci,3.63,23,8,3,10,0,0,0,0,0,1,1
2024 Fall,MESA,3111,Film Festivals,045035,"Sunya,Samhita",001,12450,College & Graduate Arts & Sci,3.74,28,0,21,4,0,2,0,0,0,0,1
2024 Fall,STAT,3110,Foundations of Statistics,044444,"Weinstock,Justin Benjamin",002,12422,College & Graduate Arts & Sci,3.59,60,8,20,15,8,2,4,2,0,0,1
2024 Fall,LATI,1030,Fundamentals of Latin,021105,"Celotto,Giulio",001,10232,College & Graduate Arts & Sci,2.96,10,0,2,2,2,1,0,2,0,0,1
2024 Fall,LATI,2010,Intermediate Latin I,021133,"Huff,Meredith",001,10234,College & Graduate Arts & Sci,3.33,10,0,4,1,2,1,1,0,0,0,1
2024 Fall,WGS,2100,Gender and Sexuality Studies,036786,"Hagerman,Bonnie",100,12736,College & Graduate Arts & Sci,3.59,73,10,27,15,8,7,2,1,0,1,2
2024 Fall,FREN,3034,Adv Oral Expression in French,014360,"Rey,Cecile",001,12636,College & Graduate Arts & Sci,3.92,16,0,13,2,1,0,0,0,0,0,0
2024 Fall,BIOL,4130,Population Ecol & Consv Biol,003600,"Manson,Jessamyn",001,12883,College & Graduate Arts & Sci,3.40,37,3,14,6,4,1,3,2,2,1,1
2024 Fall,ENWR,1510,Writing and Critical Inquiry,013432,"D'Errico,Jon",035,10505,College & Graduate Arts & Sci,3.81,18,0,10,7,0,0,1,0,0,0,0
2024 Fall,MDST,3000,Theory and Criticism of Media,023501,"Bodroghkozy,Aniko",001,10515,College & Graduate Arts & Sci,3.62,12,0,2,7,2,1,0,0,0,0,0
2024 Fall,BIOL,8260,Writing in Science,044450,"Provencio,Ignacio",001,12775,College & Graduate Arts & Sci,3.77,10,6,2,0,0,1,1,0,0,0,0
2024 Fall,PLAP,7000,American Politics Core Seminar,031625,"Potter,Rachel",001,12186,College & Graduate Arts & Sci,3.63,6,0,1,4,0,1,0,0,0,0,0
2024 Fall,ARTH,2451,"Modern Art, 1900-1945",002478,"Turner,Elizabeth",100,12581,College & Graduate Arts & Sci,3.70,66,3,38,13,6,1,2,1,0,0,2
2024 Fall,JAPN,2010,Second-Year Japanese I,020742,"Kawai,Mieko",002,10223,College & Graduate Arts & Sci,3.55,15,0,6,3,4,0,1,1,0,0,0
2024 Fall,CHEM,1500,Chemistry for Health Sciences,043753,"Stelmach,Kamil",001,11452,College & Graduate Arts & Sci,3.38,39,1,15,5,6,5,5,0,0,0,2
2024 Fall,ENWR,1510,Writing and Critical Inquiry,013432,"donovan,devin",009,10486,College & Graduate Arts & Sci,3.88,16,0,12,2,2,0,0,0,0,0,0
2024 Fall,GDS,3100,Development on the Ground,039954,"Edmunds,David",001,10616,College & Graduate Arts & Sci,3.90,39,4,22,13,0,0,0,0,0,0,0
2024 Fall,PHYS,2010,Principles of Physics 1,030809,"Sundararajan,Jency",003,12716,College & Graduate Arts & Sci,3.24,110,7,37,18,9,8,8,3,8,6,6
2024 Fall,CHEM,1410,Intro College Chemistry I,005649,"Stains,Marilyne",200,12666,College & Graduate Arts & Sci,3.40,350,17,105,70,53,47,25,11,16,0,6
2024 Fall,HIAF,3112,African Environmental History,044498,"Fleur,James La",001,12556,College & Graduate Arts & Sci,3.73,20,1,8,8,2,0,0,1,0,0,0
2024 Fall,PERS,1010,Elementary Persian I,029842,"Mohit,Mahshad",001,12622,College & Graduate Arts & Sci,3.89,14,2,7,5,0,0,0,0,0,0,0
2024 Fall,PSYC,3990,RM: Grp Process & Facilitatn I,045941,"Nagel,Alison",001,12520,College & Graduate Arts & Sci,3.96,32,13,17,1,0,1,0,0,0,0,0
2024 Fall,CHEM,2311,Org Chem Lab I Non Chem Major,043154,"Chruma,Jason",019,12549,College & Graduate Arts & Sci,3.68,34,5,12,8,5,3,0,0,1,0,0
2024 Fall,ENWR,1510,Writing and Critical Inquiry,013432,"Sophronius,Jeddie",037,10606,College & Graduate Arts & Sci,4.00,18,6,12,0,0,0,0,0,0,0,0
2024 Fall,CHEM,1411,Intro College Chem I Lab,005986,"Morkowchuk,Lisa",039,11840,College & Graduate Arts & Sci,3.66,22,7,6,6,0,0,1,0,1,1,0
2024 Fall,CHEM,1411,Intro College Chem I Lab,005986,"Morkowchuk,Lisa",010,11303,College & Graduate Arts & Sci,3.84,14,7,2,4,0,1,0,0,0,0,0
2024 Fall,MATH,1210,A survey of Calculus I,022944,"Jaklitsch,Thomas",200,10243,College & Graduate Arts & Sci,3.41,34,1,12,6,4,4,4,0,2,1,0
2024 Fall,MATH,3310,Basic Real Analysis,023072,"Gazaki,Evangelia",200,10280,College & Graduate Arts & Sci,3.33,29,3,9,4,3,0,6,2,1,0,1
2024 Fall,MATH,4040,Discrete Mathematics,023091,"Abramenko,Peter",001,10283,College & Graduate Arts & Sci,3.11,27,5,5,2,2,1,2,5,5,0,0
2024 Fall,LATI,2010,Intermediate Latin I,021133,"Hamilton,Carl",003,10235,College & Graduate Arts & Sci,3.31,10,0,2,3,2,1,1,0,0,1,0
2024 Fall,LATI,2020,Intermediate Latin II,021134,"Kuin,Inger Neeltje Irene",001,10237,College & Graduate Arts & Sci,3.61,10,0,2,5,2,1,0,0,0,0,0
2024 Fall,MATH,3310,Basic Real Analysis,023072,"Mark,Thomas",100,10279,College & Graduate Arts & Sci,3.16,36,1,9,3,5,10,2,1,2,2,1
2024 Fall,MATH,3354,Survey of Algebra,023084,"Ershov,Mikhail",001,10282,College & Graduate Arts & Sci,3.35,31,3,8,6,3,6,2,1,1,0,1
2024 Fall,LATI,1030,Fundamentals of Latin,021105,"Celotto,Giulio",002,10594,College & Graduate Arts & Sci,3.59,12,2,4,4,1,0,0,0,0,0,1
2024 Fall,CHEM,1411,Intro College Chem I Lab,005986,"Morkowchuk,Lisa",022,10581,College & Graduate Arts & Sci,3.96,24,17,4,3,0,0,0,0,0,0,0
2024 Fall,ENWR,3620,Tutoring Across Cultures,045940,"Kostelnik,Kate",001,12589,College & Graduate Arts & Sci,3.74,14,2,7,2,1,1,1,0,0,0,0
2024 Fall,PHS,4050,Public Health Policy,043758,"Colvin,Chris",001,11453,College & Graduate Arts & Sci,3.98,59,35,23,0,0,0,1,0,0,0,0
2024 Fall,ENWR,1510,Writing and Critical Inquiry,013432,"Grayson,Spencer",018,11455,College & Graduate Arts & Sci,3.93,18,0,14,4,0,0,0,0,0,0,0
2024 Fall,CHEM,2410,Organic Chemistry I,005698,"Stains,Cliff",300,11497,College & Graduate Arts & Sci,2.67,126,3,20,25,11,9,14,5,10,3,26
2024 Fall,AMST,3001,Theories & Methods of Amer Std,000457,"Eschen,Penny Von",001,11540,College & Graduate Arts & Sci,3.27,22,3,8,1,1,7,0,0,2,0,0
2024 Fall,ENWR,1510,Writing and Critical Inquiry,013432,"Light,Wheeler",060,11605,College & Graduate Arts & Sci,3.94,18,0,16,1,1,0,0,0,0,0,0
2024 Fall,SPAN,2020,Advanced Intermediate Spanish,035854,"Hogg,Jennifer",011,11154,College & Graduate Arts & Sci,3.70,16,0,4,9,3,0,0,0,0,0,0
2024 Fall,ENWR,1510,Writing and Critical Inquiry,013432,"Fowler,Charity",068,12172,College & Graduate Arts & Sci,3.88,16,11,2,1,1,1,0,0,0,0,0
2024 Fall,PLCP,4500,Special Topics,031707,"Alexander,Gerard",001,12564,College & Graduate Arts & Sci,3.81,13,0,6,6,1,0,0,0,0,0,0
2024 Fall,ENWR,1505,Writing & Critical Inquiry S1,013428,"Natishan,Kate",008,12733,College & Graduate Arts & Sci,3.82,12,4,2,5,1,0,0,0,0,0,0
2024 Fall,BIOL,3030,Biochemistry,003656,"Deppmann,Christopher",100,12781,College & Graduate Arts & Sci,3.62,470,62,205,78,43,36,11,10,14,5,6
2024 Fall,HILA,3051,Modern Central America,018783,"Sweeney,Lean",001,12725,College & Graduate Arts & Sci,3.74,38,13,15,4,4,0,0,0,1,0,1
2024 Fall,PHS,3620,Built Environ & Health Impact,042697,"Somers,Schaeffer",001,12885,College & Graduate Arts & Sci,3.91,31,0,28,1,0,0,2,0,0,0,0
2024 Fall,CHEM,1411,Intro College Chem I Lab,005986,"Morkowchuk,Lisa",040,11841,College & Graduate Arts & Sci,3.73,23,10,6,4,0,0,2,0,0,1,0
2024 Fall,MDST,4510,Capstone Topics,045773,"Rao,Pallavi",003,12715,College & Graduate Arts & Sci,3.72,20,1,8,6,4,1,0,0,0,0,0
2024 Fall,CHEM,1411,Intro College Chem I Lab,005986,"Morkowchuk,Lisa",018,10577,College & Graduate Arts & Sci,3.66,24,12,5,4,0,0,1,0,0,1,1
2024 Fall,CHEM,5430,Nanoscale Imaging,038339,"Gahlmann,Andreas",001,12881,College & Graduate Arts & Sci,3.91,15,3,9,2,1,0,0,0,0,0,0
2024 Fall,CHIN,2020,Intermediate Chinese,006054,"Yue,Ying",001,12046,College & Graduate Arts & Sci,3.81,15,0,8,5,2,0,0,0,0,0,0
2024 Fall,ENWR,1510,Writing and Critical Inquiry,013432,"Modica,John",077,12175,College & Graduate Arts & Sci,3.98,18,5,12,1,0,0,0,0,0,0,0
2024 Fall,CHEM,2311,Org Chem Lab I Non Chem Major,043154,"Chruma,Jason",014,12190,College & Graduate Arts & Sci,3.69,36,1,18,8,4,4,0,0,1,0,0
2024 Fall,SPAN,2010,Intermediate Spanish,035853,"Monteros-Freeman,Maria",007,10456,College & Graduate Arts & Sci,3.66,17,1,7,5,1,1,2,0,0,0,0
2024 Fall,SPAN,3020,Elevate your Spanish,035894,"West,Rachel",001,10462,College & Graduate Arts & Sci,3.78,16,0,8,5,3,0,0,0,0,0,0
2024 Fall,DRAM,2050,Performance and/as Theory,045164,"Wood,Katelyn",001,12202,College & Graduate Arts & Sci,3.60,30,0,7,17,1,4,0,0,0,1,0
2024 Fall,PHS,3102,Intro PH: Pop. Data Analysis,042649,"Balkrishnan,Rajesh",001,12697,College & Graduate Arts & Sci,3.98,53,4,46,3,0,0,0,0,0,0,0
2024 Fall,PHYS,2030,Princip of Physics 1 Workshop,030811,"Bychkov,Maksim",025,21236,College & Graduate Arts & Sci,3.83,26,5,16,1,1,2,1,0,0,0,0
2024 Fall,PHYS,2030,Princip of Physics 1 Workshop,030811,"Bychkov,Maksim",026,21237,College & Graduate Arts & Sci,3.67,19,0,11,4,2,1,0,0,0,0,1
2024 Fall,APMA,2130,Ordinary Differentl Equations,001145,"Marley,Jennifer",001,15571,Engineering & Applied Science,3.45,42,5,12,5,7,8,2,1,1,1,0
2024 Fall,EDHS,2450,Intro Communication Disorders,044546,"Robey,Randall",002,15417,School of Education and HumanDev,3.94,51,11,29,11,0,0,0,0,0,0,0
2024 Fall,COMM,4680,Entrepreneurship,006531,"Ransler,Charles",002,20120,McIntire School of Commerce,3.64,28,0,12,7,4,4,1,0,0,0,0
2024 Fall,ENWR,1510,Writing and Critical Inquiry,013432,"Goad,Rhiannon",014,10490,College & Graduate Arts & Sci,3.60,18,0,9,5,1,1,0,0,2,0,0
2024 Fall,ENWR,1510,Writing and Critical Inquiry,013432,"Modica,John",019,10493,College & Graduate Arts & Sci,4.00,18,5,13,0,0,0,0,0,0,0,0
2024 Fall,ENGR,1010,Engineering Foundations 1,046987,"Goldschneider,Benjamin",009,17023,Engineering & Applied Science,3.91,40,0,32,6,1,1,0,0,0,0,0
2024 Fall,ENGR,1010,Engineering Foundations 1,046987,"Dufalla,Nicole",017,17031,Engineering & Applied Science,3.88,40,0,32,5,2,0,0,1,0,0,0
2024 Fall,ENGL,4540,Seminar in 19th-C Literature,012787,"Fraiman,Susan",001,19782,College & Graduate Arts & Sci,3.64,13,0,4,4,5,0,0,0,0,0,0
2024 Fall,LASE,3600,Leadership and Collaboration,047061,"Gleek,Charlie",002,19171,College & Graduate Arts & Sci,3.93,14,0,12,1,1,0,0,0,0,0,0
2024 Fall,LAW,6003,Criminal Law,021556,"Harmon,Rachel",CG,17892,School of Law,3.40,60,0,8,12,28,10,2,0,0,0,0
2024 Fall,LAW,6003,Criminal Law,021556,"Frampton,Thomas",EI,17893,School of Law,3.40,62,0,6,11,40,3,2,0,0,0,0
2024 Fall,LAW,6106,Federal Income Tax,021658,"Yale,Ethan",1,17895,School of Law,3.55,36,1,15,3,9,4,4,0,0,0,0
2024 Fall,AAS,2657,"Routes, Writing, Reggae",044899,"Hamilton,Njelle",001,19554,College & Graduate Arts & Sci,3.79,17,4,6,6,0,0,0,1,0,0,0
2024 Fall,EVGE,5850,Geochemistry,013756,"Macko,Stephen",100,11751,College & Graduate Arts & Sci,4.00,9,5,4,0,0,0,0,0,0,0,0
2024 Fall,LNGS,2240,Southern American English,022528,"Elson,Mark",001,20034,College & Graduate Arts & Sci,3.75,14,0,5,7,2,0,0,0,0,0,0
2024 Fall,STS,2600,Engineering Ethics,046988,"Seabrook,Bryn",005,17037,Engineering & Applied Science,3.92,28,0,22,5,1,0,0,0,0,0,0
2024 Fall,LASE,3600,Leadership and Collaboration,047061,"Flood,David",001,19170,College & Graduate Arts & Sci,4.00,24,2,22,0,0,0,0,0,0,0,0
2024 Fall,PLAN,5611,Barcelona Urban History,044591,"Bailo Esteve,Manuel",501,19276,School of Architecture,3.86,15,3,9,0,3,0,0,0,0,0,0
2024 Fall,LAW,7071,Professional Responsibility,021935,"Mitchell,Paul",1,17954,School of Law,3.58,120,6,18,42,47,6,1,0,0,0,0
2024 Fall,MEST,2559,New Course: MEST,042797,"Solomon,Sophia",003,20482,College & Graduate Arts & Sci,3.91,14,1,9,4,0,0,0,0,0,0,0
2024 Fall,COLA,1500,College Advising Seminars,006376,"Varanyak,Krista",001,10564,College & Graduate Arts & Sci,4.00,18,10,8,0,0,0,0,0,0,0,0
2024 Fall,AAS,2500,Topics in Africana Studies,046413,"Rotich,Anne",008,19556,College & Graduate Arts & Sci,3.41,10,0,5,1,0,2,1,0,0,1,0
2024 Fall,MSE,4592,Spec Tops: Materials Science,037755,"Miller,Cameron",004,20158,Engineering & Applied Science,3.70,10,0,5,2,2,1,0,0,0,0,0
2024 Fall,DS,2026,Computational Probability,046957,"Guadagni,Gianluca",002,19872,School of Data Science,3.51,37,0,21,3,2,3,4,1,3,0,0
2024 Fall,PHYS,2030,Princip of Physics 1 Workshop,030811,"Bychkov,Maksim",022,21030,College & Graduate Arts & Sci,3.80,26,4,17,2,0,1,1,0,0,1,0
2024 Fall,ECON,2060,American Economic History,007880,"Thomas,Mark",001,11175,College & Graduate Arts & Sci,2.91,90,0,4,11,20,24,12,7,5,4,3
2024 Fall,PHYS,1425,Intro Physics 1 for Engineers,031032,"Zheng,Xiaochao",001,11177,College & Graduate Arts & Sci,3.38,121,6,31,31,24,10,8,3,2,2,4
2024 Fall,GNUR,6056,Health Policy,016935,"Acquaviva,Kimberly",001,17528,School of Nursing,3.96,23,16,5,1,1,0,0,0,0,0,0
2024 Fall,GNUR,6632,PNP-AC Seminar II,044779,"Haizlip,Julie",001,17529,School of Nursing,3.93,8,1,5,2,0,0,0,0,0,0,0
2024 Fall,LPPS,4230,US Mental Health Policy,046185,"Lehmann,Brooke",001,19852,Batten Leadership & Public Pol,3.72,25,0,11,8,5,1,0,0,0,0,0
2024 Fall,ENGR,4880,Busi & Tech Leadership in Engr,012292,"Okita,Blair",001,17013,Engineering & Applied Science,3.96,15,7,6,2,0,0,0,0,0,0,0
2024 Fall,ENGR,1010,Engineering Foundations 1,046987,"Serrano,David Gutierrez",010,17024,Engineering & Applied Science,3.85,33,0,24,7,1,0,0,0,1,0,0
2024 Fall,CS,4457,Computer Networks,006931,"Reiss,Charles",001,19540,Engineering & Applied Science,2.93,54,8,7,9,3,7,9,1,2,2,6
2024 Fall,LAW,7690,Hlth Cr Mrktpl:Cmp/Reg/Rf (SC),041947,"McGough,Walter",1,20849,School of Law,3.55,11,0,1,5,5,0,0,0,0,0,0
2024 Fall,LPPL,2600,Foundations Behavioral Science,044753,"Scholer,Abigail",002,19445,Batten Leadership & Public Pol,3.27,42,2,10,9,4,6,6,2,2,0,1
2024 Fall,DRAM,2020,Acting I,007200,"Close,Tovah",001,11653,College & Graduate Arts & Sci,3.89,14,0,11,2,0,1,0,0,0,0,0
2024 Fall,ALAR,5203,Building Venice,047309,"Sherman,William",001,20140,School of Architecture,3.62,14,0,5,4,3,2,0,0,0,0,0
2024 Fall,CS,2130,Computer Systems and Org 1,046226,"Delong,Todd",003,19536,Engineering & Applied Science,3.38,133,13,43,20,15,23,5,3,1,4,6
2024 Fall,CS,3130,Computer Systems and Org 2,046230,"Skadron,Kevin",002,19538,Engineering & Applied Science,3.32,159,5,33,37,34,20,11,6,9,3,1
2024 Fall,SPAN,2010,Intermediate Spanish,035853,"Neff,Kate",006,11288,College & Graduate Arts & Sci,3.69,18,0,7,8,2,0,0,1,0,0,0
2024 Fall,ECON,3559,New Course: ECON,038666,"Harrington,Emma",200,20511,College & Graduate Arts & Sci,3.77,38,14,9,8,4,2,0,1,0,0,0
2024 Fall,PLAN,5421,Building Construction,047312,"ROWE,FRED",001,20206,School of Architecture,3.77,15,3,3,7,2,0,0,0,0,0,0
2024 Fall,ANTH,2559,New Course: ANTH,038539,"Marie,Aron",002,20573,College & Graduate Arts & Sci,3.57,24,3,13,1,3,0,1,1,0,1,1
2024 Fall,LING,5410,Phonology,000850,"Mirzayan,Armik",100,19610,College & Graduate Arts & Sci,3.87,10,0,8,1,0,1,0,0,0,0,0
2024 Fall,LAW,6007,Torts,021571,"Armacost,Barbara",AB,17896,School of Law,3.40,63,0,5,16,31,11,0,0,0,0,0
2024 Fall,AIRS,1100,Air Force Heritage & Values I,000289,"Bibb,Kevin",001,17739,Executive VP & Provost,4.00,24,22,2,0,0,0,0,0,0,0,0
2024 Fall,EGMT,1530,Engaging Differences,044514,"Gilboa,Zvi",107,12102,College & Graduate Arts & Sci,3.89,12,4,7,0,0,0,1,0,0,0,0
2024 Fall,ECE,2200,Applied Physics,046963,"Swami,Nathan",001,17003,Engineering & Applied Science,3.85,167,27,101,19,10,9,0,0,0,0,1
2024 Fall,CS,6434,Dependable Computing Systems,044511,"Alemzadeh,Homa",001,17011,Engineering & Applied Science,3.90,7,4,2,0,1,0,0,0,0,0,0
2024 Fall,ENGR,1010,Engineering Foundations 1,046987,"Serrano,David Gutierrez",008,17022,Engineering & Applied Science,3.85,39,0,24,13,1,0,1,0,0,0,0
2024 Fall,STS,2600,Engineering Ethics,046988,"Pappas,Jesse",007,17085,Engineering & Applied Science,3.93,28,0,24,3,0,1,0,0,0,0,0
2024 Fall,BME,2101,Physiology I for Engineers,004059,"Helmke,Brian",001,15653,Engineering & Applied Science,3.46,66,4,37,0,5,10,1,3,2,0,4
2024 Fall,SPAN,2010,Intermediate Spanish,035853,"Jarque,Esperanza Gorriz",013,11198,College & Graduate Arts & Sci,3.74,17,0,5,10,2,0,0,0,0,0,0
2024 Fall,DS,2026,Computational Probability,046957,"Stewart,Thomas",001,17700,School of Data Science,3.65,37,0,20,9,5,1,0,1,0,0,1
2024 Fall,LAW,9326,Housing Law & Poverty Seminar,045626,"Leiter-White,Robin",1,17959,School of Law,3.45,18,0,3,6,3,6,0,0,0,0,0
2024 Fall,ANTH,2400,Language and Culture,000667,"Wendte,Nathan",100,12483,College & Graduate Arts & Sci,3.85,115,0,89,16,5,3,0,0,1,0,1
2024 Fall,LAW,6107,International Law,021673,"Deeks,Ashley",1,17969,School of Law,3.50,32,2,3,10,13,2,2,0,0,0,0
2024 Fall,BIOL,8081,Advanced Ecology & Evolution 1,043126,"Bergland,Alan",001,19757,College & Graduate Arts & Sci,3.89,9,0,7,1,1,0,0,0,0,0,0
2024 Fall,SPAN,2010,Intermediate Spanish,035853,"Jarque,Esperanza Gorriz",011,10450,College & Graduate Arts & Sci,3.18,18,0,2,7,3,1,3,1,0,0,1
2024 Fall,LAW,6007,Torts,021571,"Abraham,Kenneth",FG,17953,School of Law,3.40,61,0,6,10,40,4,1,0,0,0,0
2024 Fall,ISHU,3623,Studio Art Seminar: Painting,041208,"Andrews,George",101,20692,Continuing & Prof Studies,3.97,30,23,4,3,0,0,0,0,0,0,0
2024 Fall,SPAN,2020,Advanced Intermediate Spanish,035854,"Florez-Murillo,David",003,10599,College & Graduate Arts & Sci,3.76,18,1,6,10,0,0,1,0,0,0,0
2024 Fall,ENGR,1010,Engineering Foundations 1,046987,"Starling,Anna Leyf",004,17018,Engineering & Applied Science,3.85,39,0,37,0,0,0,0,0,1,0,1
2024 Fall,ENGR,1010,Engineering Foundations 1,046987,"Goldschneider,Benjamin",007,17021,Engineering & Applied Science,3.86,40,0,29,9,0,1,0,0,1,0,0
2024 Fall,ENGL,2506,Studies in Poetry,012488,"Loeb,Hannah",001,19784,College & Graduate Arts & Sci,3.44,20,2,6,6,2,2,0,0,1,0,1
2024 Fall,RELC,3077,Liberation Theology,041854,"Jones,Paul",001,20566,College & Graduate Arts & Sci,3.62,18,0,10,5,2,0,0,0,0,0,1
2024 Fall,KINE,3601,Musculoskeletal Anatomy Lab I,042824,"Higgins,Michael",002,15105,School of Education and HumanDev,3.97,18,2,14,2,0,0,0,0,0,0,0
2024 Fall,CS,6501,Spec Top: Computer Science,006981,"Zhang,Miaomiao",005,16996,Engineering & Applied Science,3.85,15,0,12,1,0,2,0,0,0,0,0
2024 Fall,ISSS,3810,The American Presidency,020479,"Guttman,Robert",101,20705,Continuing & Prof Studies,3.53,12,0,8,1,2,0,0,0,0,0,1
2024 Fall,NESC,8080,NESC Grad Student Sem Series,029309,"Cope,Elise",001,18498,Medical School - BIMS/PHS,3.89,44,0,37,2,4,0,1,0,0,0,0
2024 Fall,EDLF,4610,Civil Rights Movement & Educ,043710,"Freeman,Trayc",001,19759,School of Education and HumanDev,3.80,16,7,4,4,0,0,0,0,1,0,0
2024 Fall,ISCP,4991,Capstone Project II,020318,"Corlett,David M",101,20690,Continuing & Prof Studies,4.00,20,6,14,0,0,0,0,0,0,0,0
2024 Fall,ARTH,2354,British Art,040813,"Fordham,Douglas",200,20798,College & Graduate Arts & Sci,3.45,49,0,11,23,7,4,0,1,0,1,2
2024 Fall,CJ,5720,Seminar in Managing LE Image,043266,"Pennybacker,Gail Lyn",04,17849,Continuing & Prof Studies,4.00,22,19,3,0,0,0,0,0,0,0,0
2024 Fall,COLA,1500,College Advising Seminars,006376,"Frost,Melissa",044,11419,College & Graduate Arts & Sci,4.00,18,3,15,0,0,0,0,0,0,0,0
2024 Fall,ENWR,1510,Writing and Critical Inquiry,013432,"evans,ethan",092,19953,College & Graduate Arts & Sci,4.00,18,3,15,0,0,0,0,0,0,0,0
2024 Fall,COMM,3720,Intermediate Corporate Finance,006484,"Schenone,Carola",002,20074,McIntire School of Commerce,3.54,13,2,2,3,4,1,1,0,0,0,0
2024 Fall,KINE,3640,Psychological Aspects of Hlth,047303,"Madrak,Emily",001,20122,School of Education and HumanDev,3.97,21,0,19,2,0,0,0,0,0,0,0
2024 Fall,EDHS,7180,Habilitative Audiology I,009201,"Buckley-ess,Nina",500,14752,School of Education and HumanDev,3.90,26,0,17,9,0,0,0,0,0,0,0
2024 Fall,ECE,2300,Applied Circuits,046962,"Barnes,Adam",001,17002,Engineering & Applied Science,3.55,84,10,29,19,12,6,4,0,1,1,2
2024 Fall,EDHS,7680,Psychopathology,009241,"Brenner,Laurie",001,14757,School of Education and HumanDev,3.91,30,0,22,7,1,0,0,0,0,0,0
2024 Fall,EDHS,8020,Augmentative & Alternate Sys,009250,"Power-deFur,Lissa",001,14758,School of Education and HumanDev,3.92,26,3,17,5,1,0,0,0,0,0,0
2024 Fall,MATH,3250,Ordinary Differential Equatns,023068,"Dimou,Evangelos",300,19560,College & Graduate Arts & Sci,3.46,14,1,3,5,2,0,2,0,1,0,0
2024 Fall,LPPP,3559,New Course in PP & Lead,044183,"Bick,Alexander",001,20221,Batten Leadership & Public Pol,3.60,22,0,6,9,4,2,1,0,0,0,0
2024 Fall,STAT,6020,Optimization and Monte Carlo,046246,"Slawski,Martin",001,20227,College & Graduate Arts & Sci,3.84,19,9,4,3,3,0,0,0,0,0,0
2024 Fall,ENGR,1010,Engineering Foundations 1,046987,"Williams,Shaylin",014,17028,Engineering & Applied Science,3.83,39,0,31,3,1,2,1,1,0,0,0
2024 Fall,GNUR,5270,Care Environment Management II,016899,"Ridge,Richard",001,17429,School of Nursing,3.99,37,25,11,1,0,0,0,0,0,0,0
2024 Fall,DS,4002,Data Science Project,046061,"Alonzi,Loreto",001,17673,School of Data Science,3.95,63,2,59,0,0,1,0,0,1,0,0
2024 Fall,MATH,1210,A survey of Calculus I,022944,"Yan,Shengkuan",700,19562,College & Graduate Arts & Sci,2.87,27,1,3,4,4,6,3,0,0,2,4
2024 Fall,PHYS,3430,Electricity and Magnetism II,030866,"Pfister,Olivier",001,10375,College & Graduate Arts & Sci,3.44,38,3,4,9,13,7,2,0,0,0,0
2024 Fall,ISIN,4520,Sp Tps Conduct Inquiry: HU,043256,"May,Julia S",DC01,20708,Continuing & Prof Studies,3.37,23,0,3,7,3,9,1,0,0,0,0
2024 Fall,SPAN,2010,Intermediate Spanish,035853,"Jarque,Esperanza Gorriz",017,19169,College & Graduate Arts & Sci,3.59,14,0,4,8,0,0,1,0,1,0,0
2024 Fall,SPAN,2010,Intermediate Spanish,035853,"Monteros-Freeman,Maria",004,10452,College & Graduate Arts & Sci,3.71,18,0,8,6,2,2,0,0,0,0,0
2024 Fall,DS,1002,Programming for Data Science,046058,"Rivera,Ali",001,17686,School of Data Science,3.95,63,35,23,2,1,2,0,0,0,0,0
2024 Fall,ENGR,1010,Engineering Foundations 1,046987,"Serrano,David Gutierrez",019,20358,Engineering & Applied Science,3.92,40,0,31,8,0,1,0,0,0,0,0
2024 Fall,GSGS,3559,New Course: GSGS,043479,"Parks,Stephen",500,20363,College & Graduate Arts & Sci,4.00,14,4,10,0,0,0,0,0,0,0,0
2024 Fall,ENWR,1510,Writing and Critical Inquiry,013432,"Rawson,Eric",020,10494,College & Graduate Arts & Sci,3.56,18,0,4,11,0,1,0,1,1,0,0
2024 Fall,ENGL,8580,Studies in Critical Theory,047067,"Olla,Nasrin",002,19841,College & Graduate Arts & Sci,3.83,7,0,3,4,0,0,0,0,0,0,0
2024 Fall,MATH,1220,A Survey of Calculus II,022945,"Hart,Mason",400,11153,College & Graduate Arts & Sci,3.61,34,1,13,10,3,5,1,0,1,0,0
2024 Fall,STAT,7200,Intro to Advanced Probability,036703,"Brown,Taylor",001,19604,College & Graduate Arts & Sci,3.66,12,0,4,7,0,0,0,0,1,0,0
2024 Fall,PLPT,4500,Special Topics,031937,"Phulwani,Vijay",002,20141,College & Graduate Arts & Sci,3.74,14,0,7,4,2,1,0,0,0,0,0
2024 Fall,ENWR,3665,Writing about the Environment,044573,"Shaman,Cory",001,11647,College & Graduate Arts & Sci,3.58,16,0,9,1,3,1,1,0,1,0,0
2024 Fall,LPPA,3640,Resrch Methods & Data Analysis,042161,"Myung,Noah",001,17278,Batten Leadership & Public Pol,3.41,37,0,12,7,8,3,4,1,1,1,0
2024 Fall,ISBU,3610,Organizational Behavior,020284,"Hulburt,John",DC01,20706,Continuing & Prof Studies,3.99,23,6,16,1,0,0,0,0,0,0,0
2024 Fall,EDHS,2840,Intro to Youth & Social Innov,044391,"Levy,Melissa",001,15004,School of Education and HumanDev,3.69,66,0,56,1,0,1,1,1,3,0,3
2024 Fall,SOC,2900,Economy & Society,040817,"Wang,Yingyao",001,19620,College & Graduate Arts & Sci,3.73,34,0,18,10,2,1,3,0,0,0,0
2024 Fall,SPAN,4615,Spanish Cinema,047349,"Amago,Samuel",001,20609,College & Graduate Arts & Sci,3.78,20,0,9,8,3,0,0,0,0,0,0
2024 Fall,ENWR,1510,Writing and Critical Inquiry,013432,"Little,Dana",036,10506,College & Graduate Arts & Sci,4.00,18,4,14,0,0,0,0,0,0,0,0
2024 Fall,ARCH,5605,Urban Materiality,044589,"Bailo Esteve,Manuel",501,19278,School of Architecture,3.88,15,3,6,6,0,0,0,0,0,0,0
2024 Fall,EDIS,5422,Cross-Cultural Education,043455,"Amato,Wendy Warford",502,19748,School of Education and HumanDev,3.68,21,1,15,1,2,1,0,0,0,0,1
2024 Fall,EDHS,1120,Found of Community Engagement,043507,"Curtis,Sabrina",001,14946,School of Education and HumanDev,3.74,40,0,32,4,0,1,1,0,0,0,2
2024 Fall,NESC,4245,Neuroscience through Nobels,045707,"Cang,Jianhua",001,19730,College & Graduate Arts & Sci,3.94,30,4,21,4,1,0,0,0,0,0,0
2024 Fall,STAT,1100,Chance: Intro to Statistics,036650,"Nguyen,Hang",004,19501,College & Graduate Arts & Sci,3.30,28,1,7,7,3,2,5,1,0,1,1
2024 Fall,CHEM,5320,Adv Inorganic Chemistry II,005781,"Pu,Lin",001,19735,College & Graduate Arts & Sci,3.38,13,0,4,1,3,3,2,0,0,0,0
2024 Fall,AMST,4559,New Course: American Studies,038537,"Coyoca,David",001,19429,College & Graduate Arts & Sci,3.41,18,0,9,3,1,3,0,0,1,0,1
2024 Fall,CGBM,2110,Accounting for Business,047001,"Martin,Roger",001,19954,McIntire School of Commerce,3.40,32,1,10,4,5,7,4,0,0,1,0
2024 Fall,ECON,4010,Game Theory,007943,"Engers,Maxim",100,11398,College & Graduate Arts & Sci,3.34,29,1,8,7,3,4,3,1,0,1,1
2024 Fall,STAT,3220,Intro to Regression Analysis,040001,"Varanyak,Krista",001,11515,College & Graduate Arts & Sci,3.75,64,2,36,16,6,3,0,0,0,0,1
2024 Fall,HIST,3281,Genocide,019169,"Rossman,Jeffrey",100,20062,College & Graduate Arts & Sci,3.58,107,9,46,22,7,12,5,1,1,2,2
2024 Fall,ENWR,1505,Writing & Critical Inquiry S1,013428,"Sullivan,Patricia",004,10482,College & Graduate Arts & Sci,3.64,12,0,7,2,1,1,0,0,1,0,0
2024 Fall,BIOL,4270,Animal Behavior Laboratory,003614,"Kawasaki,Masashi",001,12631,College & Graduate Arts & Sci,4.00,18,2,16,0,0,0,0,0,0,0,0
2024 Fall,USEM,1570,University Seminar,037196,"Heil,Ethan",003,17776,Executive VP & Provost,3.93,18,2,13,2,1,0,0,0,0,0,0
2024 Fall,NURS,1010,Nursing First Year Seminar,045508,"Carroll,Theresa",001,17544,School of Nursing,4.00,20,15,5,0,0,0,0,0,0,0,0
2024 Fall,CHEM,1411,Intro College Chem I Lab,005986,"Morkowchuk,Lisa",020,10579,College & Graduate Arts & Sci,3.86,23,14,4,3,0,1,1,0,0,0,0
2024 Fall,CJ,5495,CI: Executive Decision Making,047240,"Yansick,Michael",01,21511,Continuing & Prof Studies,4.00,21,3,18,0,0,0,0,0,0,0,0
2024 Fall,ECE,2600,Electronics,046966,"Crockett,Caroline",001,17006,Engineering & Applied Science,3.76,38,5,19,7,5,0,1,0,0,1,0
2024 Fall,ENGR,1010,Engineering Foundations 1,046987,"Tian,Jianghong",012,17026,Engineering & Applied Science,3.88,39,0,28,8,2,1,0,0,0,0,0
2024 Fall,ENGR,1010,Engineering Foundations 1,046987,"Williams,Shaylin",016,17030,Engineering & Applied Science,3.92,38,0,33,2,2,1,0,0,0,0,0
2024 Fall,AMST,3610,Asian Americans & Pop Culture,047014,"Nguyen,Patricia",001,19427,College & Graduate Arts & Sci,4.00,15,6,9,0,0,0,0,0,0,0,0
2024 Fall,CS,7457,Computer Networks,007005,"Kim,Hyojoon",001,19580,Engineering & Applied Science,3.79,16,0,11,2,2,0,1,0,0,0,0
2024 Fall,LAR,8210,Plant Craft,047300,"Hawkins,Chloe",001,20061,School of Architecture,3.79,11,1,6,2,1,1,0,0,0,0,0
2024 Fall,FREN,1010,Elementary French I,014273,"Bisson,Guillaume",002,11602,College & Graduate Arts & Sci,3.46,14,0,3,5,1,4,1,0,0,0,0
2024 Fall,ENGL,3540,Studies in Nineteenth-Century,012784,"Edmundson,Mark",001,19773,College & Graduate Arts & Sci,3.71,28,1,12,8,4,3,0,0,0,0,0
2024 Fall,ENGR,1010,Engineering Foundations 1,046987,"Dufalla,Nicole",020,20359,Engineering & Applied Science,3.80,13,0,7,4,2,0,0,0,0,0,0
2024 Fall,EDHS,4230,Child Language Disorders,046747,"Hilton,Jane",001,15414,School of Education and HumanDev,3.88,28,0,17,11,0,0,0,0,0,0,0
2024 Fall,LAW,8015,Partnership Tax,021760,"Yale,Ethan",1,17949,School of Law,3.57,22,0,9,6,3,1,2,0,1,0,0
2024 Fall,PLAP,3410,State and Local Politics,031573,"Kirkland,Justin",001,19465,College & Graduate Arts & Sci,3.87,45,0,32,10,1,1,1,0,0,0,0
2024 Fall,CS,6501,Spec Top: Computer Science,006981,"Chen,Chen",004,19577,Engineering & Applied Science,3.96,25,12,11,1,1,0,0,0,0,0,0
2024 Fall,EDLF,8382,Introduction to Ed Inquiry,044849,"Lovette,Gail",502,19799,School of Education and HumanDev,3.87,12,1,9,1,0,0,1,0,0,0,0
2024 Fall,ENGL,4500,Seminar in English Literature,045452,"Edmundson,Mark",001,19774,College & Graduate Arts & Sci,3.69,18,0,13,3,1,0,0,0,0,0,1
2024 Fall,CHEM,1411,Intro College Chem I Lab,005986,"Morkowchuk,Lisa",003,10568,College & Graduate Arts & Sci,3.40,22,12,2,4,0,0,0,0,0,2,2
2024 Fall,APMA,3150,From Data to Knowledge,044104,"Chen,Heze",002,17099,Engineering & Applied Science,3.87,38,5,24,6,1,1,1,0,0,0,0
2024 Fall,LAW,6000,Civil Procedure,021550,"Ortiz,Daniel",H,20821,School of Law,3.34,32,0,3,4,17,8,0,0,0,0,0
2024 Fall,LAW,9501,Race and Law Short Course (SC),046498,"Banks,Ralph",1,20834,School of Law,3.38,8,0,0,3,3,2,0,0,0,0,0
2024 Fall,ENGR,1010,Engineering Foundations 1,046987,"Tian,Jianghong",001,17015,Engineering & Applied Science,3.97,40,0,38,1,0,1,0,0,0,0,0
2024 Fall,ENGR,1010,Engineering Foundations 1,046987,"Mcalister,Anne",011,17025,Engineering & Applied Science,3.93,40,0,34,5,0,0,1,0,0,0,0
2024 Fall,ENWR,2800,Public Speaking,045101,"Little,Dana",001,19488,College & Graduate Arts & Sci,4.00,16,5,11,0,0,0,0,0,0,0,0
2024 Fall,BIOL,8559,New Course: BIOL,038581,"Parichy,David",001,20096,College & Graduate Arts & Sci,3.77,17,0,13,2,0,1,0,0,0,1,0
2024 Fall,BME,6001,Cell & Molec Physio for Eng,047334,"Peirce-Cottler,Shayn",001,20370,Engineering & Applied Science,4.00,35,32,3,0,0,0,0,0,0,0,0
2024 Fall,LPPP,5500,Short Course Topics,042124,"Fountain,Galen",005,17393,Batten Leadership & Public Pol,3.54,5,0,1,2,1,1,0,0,0,0,0
2024 Fall,ENGL,2599,Special Topics,012514,"Grandison,K. Ian",100,20007,College & Graduate Arts & Sci,3.82,16,4,6,4,1,1,0,0,0,0,0
2024 Fall,DS,6600,Data Eng I: Data Mgmt & Vis,046808,"Kropko,Jonathan",001,17682,School of Data Science,4.00,12,2,10,0,0,0,0,0,0,0,0
2024 Fall,LAW,9081,Trial Advocacy,022023,"Stolpe,Kristin",1,17912,School of Law,3.52,6,0,0,4,1,1,0,0,0,0,0
2024 Fall,ARCH,6231,Building Workshop I,040965,"Ismail,Mohamed",001,14348,School of Architecture,3.76,24,0,9,12,3,0,0,0,0,0,0
2024 Fall,EDHS,7210,Counseling and Ethics,009204,"Williams,Derick",001,14753,School of Education and HumanDev,4.00,22,17,5,0,0,0,0,0,0,0,0
2024 Fall,MATH,1310,Calculus I,022953,"Zou,Ruiqi",400,10253,College & Graduate Arts & Sci,3.08,27,1,7,2,5,1,4,5,0,0,2
2024 Fall,APMA,3080,Linear Algebra,001151,"Abramenko,Monika",001,15573,Engineering & Applied Science,2.98,44,1,9,6,8,3,4,6,1,2,4
2024 Fall,ECON,4440,Economic Inequality,044128,"Harrigan,James",100,12084,College & Graduate Arts & Sci,3.25,15,0,2,5,3,2,1,0,1,1,0
2024 Fall,CS,4610,Programming Languages,006915,"Pettit,Raymond",001,19541,Engineering & Applied Science,3.53,66,0,26,16,9,10,3,0,1,0,1
2024 Fall,MAE,3310,Aerospace Structures,022585,"Momot,Michael",002,20576,Engineering & Applied Science,2.93,19,3,1,3,3,3,1,0,3,0,2
2024 Fall,HIUS,3161,"Viewing AM, 1940-1980",019578,"Hamilton,Jack",100,19283,College & Graduate Arts & Sci,3.64,26,0,10,7,6,3,0,0,0,0,0
2024 Fall,ENGR,1010,Engineering Foundations 1,046987,"Williams,Shaylin",018,17032,Engineering & Applied Science,3.97,23,0,21,2,0,0,0,0,0,0,0
2024 Fall,ENWR,1505,Writing & Critical Inquiry S1,013428,"Chantell,Claire",001,10479,College & Graduate Arts & Sci,3.82,11,3,4,2,2,0,0,0,0,0,0
2024 Fall,EGMT,1540,Ethical Engagement,044515,"Wellmon,Michael",106,12431,College & Graduate Arts & Sci,3.77,35,0,25,3,4,0,2,1,0,0,0
2024 Fall,ENWR,1510,Writing and Critical Inquiry,013432,"Rawson,Eric",045,11364,College & Graduate Arts & Sci,3.69,18,0,8,6,2,1,1,0,0,0,0
2024 Fall,RELB,3150,Buddhism and Gender,033851,"Cassaniti,Julie",001,20117,College & Graduate Arts & Sci,3.86,18,0,11,6,1,0,0,0,0,0,0
2024 Fall,COLA,1500,College Advising Seminars,006376,"Ramirez-Weaver,Eric",030,11342,College & Graduate Arts & Sci,3.97,10,3,6,1,0,0,0,0,0,0,0
2024 Fall,EGMT,1530,Engaging Differences,044514,"O'Rourke,Eyleen",216,19406,College & Graduate Arts & Sci,3.77,35,6,8,17,4,0,0,0,0,0,0
2024 Fall,ISIN,4520,Sp Tps Conduct Inquiry: HU,043256,"Floyd,Richard",101,20693,Continuing & Prof Studies,3.64,26,0,15,4,3,1,1,1,1,0,0
2024 Fall,BIOL,3410,Human Anatomy and Physiology I,043173,"Massey,Ann",100,11352,College & Graduate Arts & Sci,3.22,358,23,82,69,40,54,26,20,18,14,12
2024 Fall,EDIS,5001,Legal Foundations Special Ed,045416,"Blackman,Nadiah",500,19743,School of Education and HumanDev,3.45,6,1,3,1,0,0,0,0,0,0,1
2024 Fall,ENGL,2507,Studies in Drama,012489,"Streifer,Adriana",001,19787,College & Graduate Arts & Sci,3.80,20,8,7,1,2,1,1,0,0,0,0
2024 Fall,MUSI,3559,New Course: MUSI,040894,"Armstrong,JoVia",002,19845,College & Graduate Arts & Sci,3.74,18,0,15,2,0,0,0,0,0,0,1
2024 Fall,ISSS,4000,The Great War: Life & Lit,020481,"Plunkett,Ann Marie",101,20700,Continuing & Prof Studies,3.81,25,0,12,11,2,0,0,0,0,0,0
2024 Fall,SPAN,4530,Spec Topics Seminar: Language,035970,"Ferrando,Lorena Albert",001,19183,College & Graduate Arts & Sci,3.94,15,0,12,3,0,0,0,0,0,0,0
2024 Fall,PSYC,4500,Spec Tops: Psychology,032600,"Mathews,Channing",002,19452,College & Graduate Arts & Sci,3.93,23,9,13,0,0,0,0,1,0,0,0
2024 Fall,CJ,5750,D&D in the Digital Age,047086,"Van Patten,David",C901,17827,Continuing & Prof Studies,3.76,27,0,15,6,4,2,0,0,0,0,0
2024 Fall,ENWR,1510,Writing and Critical Inquiry,013432,"Brown,Lydia",001,10483,College & Graduate Arts & Sci,3.52,18,0,5,7,1,2,3,0,0,0,0
2024 Fall,USEM,1580,University Seminar,037198,"Thomas,Mark",002,17792,Executive VP & Provost,3.68,11,0,3,6,1,1,0,0,0,0,0
2024 Fall,DS,2002,Data Science Systems,046059,"Tupitza,Jon",002,17669,School of Data Science,3.92,62,59,1,0,1,0,0,0,0,0,1
2024 Fall,BME,4414,Biomaterials,004075,"Barker,Tom",001,20224,Engineering & Applied Science,3.94,49,15,30,0,3,1,0,0,0,0,0
2024 Fall,LAW,8659,Drug Prod Liablty Litigtn: P&P,040061,"Grossi,Peter",1,17962,School of Law,3.49,19,0,0,9,10,0,0,0,0,0,0
2024 Fall,ENWR,1510,Writing and Critical Inquiry,013432,"Goad,Rhiannon",047,11512,College & Graduate Arts & Sci,3.55,17,0,6,5,3,2,0,0,1,0,0
2024 Fall,ENWR,3900,Career-Based Writing/Rhetoric,040841,"Casteen,John",001,11630,College & Graduate Arts & Sci,3.77,15,3,4,6,1,1,0,0,0,0,0
2024 Fall,ARCH,5500,Special Topics in Architecture,001621,"Spears,Andrew",003,19854,School of Architecture,3.38,12,0,3,1,4,3,1,0,0,0,0
2024 Fall,ENGR,1010,Engineering Foundations 1,046987,"Mcalister,Anne",006,17020,Engineering & Applied Science,3.94,40,0,35,3,2,0,0,0,0,0,0
2024 Fall,ECON,2010,Principles of Econ: Microecon,007876,"Kripalani,Jessica",300,11292,College & Graduate Arts & Sci,3.38,162,12,54,30,18,17,8,7,8,1,7
2024 Fall,ENGL,5559,New Course: ENGL,045439,"Booth,Alison",001,19797,College & Graduate Arts & Sci,3.91,10,2,5,3,0,0,0,0,0,0,0
2024 Fall,ALAR,8010,Research Studio 1,042199,"Bailo Esteve,Manuel",501,19275,School of Architecture,3.84,12,2,5,4,1,0,0,0,0,0,0
2024 Fall,SYS,3055,Sys Engr Design Colloquium I,036905,"Riggs,Robert",001,15652,Engineering & Applied Science,3.95,60,0,53,5,2,0,0,0,0,0,0
2024 Fall,ENWR,1510,Writing and Critical Inquiry,013432,"Airy,Kaitlyn",043,10611,College & Graduate Arts & Sci,3.92,18,2,14,0,2,0,0,0,0,0,0
2024 Fall,RELI,2070,Classical Islam,034423,"al-Rahim,Ahmed",100,13461,College & Graduate Arts & Sci,3.77,37,1,24,9,1,1,0,0,0,0,1
2024 Fall,ENGL,3480,The English Novel II,012776,"Arata,Stephen",001,19827,College & Graduate Arts & Sci,3.43,30,0,13,5,5,4,0,1,0,1,1
2024 Fall,CHEM,2311,Org Chem Lab I Non Chem Major,043154,"Chruma,Jason",016,12192,College & Graduate Arts & Sci,3.83,36,4,21,8,1,1,0,0,1,0,0
2024 Fall,COMM,3570,Topics in Finance,047304,"White,Mark",001,20093,McIntire School of Commerce,3.54,18,0,3,7,6,2,0,0,0,0,0
2024 Fall,STS,2600,Engineering Ethics,046988,"Davis,William",003,17035,Engineering & Applied Science,3.93,28,0,23,4,1,0,0,0,0,0,0
2024 Fall,ECE,4501,Special Topics: ECE,040915,"Stan,Mircea",003,17048,Engineering & Applied Science,3.90,23,1,17,4,0,1,0,0,0,0,0
2024 Fall,CS,6354,Computer Architecture,006983,"Jog,Adwait",001,17053,Engineering & Applied Science,3.65,30,1,9,13,4,2,0,1,0,0,0
2024 Fall,PSPS,6050,Stewardship PA & Managing HC,046295,"Murphy,Gregory",580,20788,Continuing & Prof Studies,3.99,32,3,28,1,0,0,0,0,0,0,0
2024 Fall,ECE,2700,Signals and Systems,046965,"Acton,Scott",001,17005,Engineering & Applied Science,3.72,44,2,29,5,0,5,0,0,3,0,0
2024 Fall,CS,3120,Discrete Math and Theory 2,046229,"Floryan,Mark",001,17014,Engineering & Applied Science,2.97,213,1,47,34,26,28,23,10,16,5,23
2024 Fall,ENGR,1010,Engineering Foundations 1,046987,"Goldschneider,Benjamin",005,17019,Engineering & Applied Science,3.65,25,0,17,2,3,2,0,0,0,0,1
2024 Fall,LAW,7022,Employment Discrimination,021642,"Rutherglen,George",1,17968,School of Law,3.45,46,0,8,15,10,10,3,0,0,0,0
2024 Fall,ENGL,3510,Studies in Medieval Literature,045451,"Watts,Courtney",001,19837,College & Graduate Arts & Sci,3.56,26,8,7,8,0,1,0,0,0,0,2
2024 Fall,EDHS,4020,Clinical Phonetics,044114,"Hoffman,LaVae",001,14973,School of Education and HumanDev,3.39,36,3,13,8,3,3,1,1,0,2,2
2024 Fall,CHEM,1411,Intro College Chem I Lab,005986,"Morkowchuk,Lisa",023,10582,College & Graduate Arts & Sci,3.98,17,11,5,1,0,0,0,0,0,0,0
2024 Fall,ISCP,3991,Capstone Project I,043821,"May,Julia S",101,20691,Continuing & Prof Studies,3.88,36,0,29,3,2,2,0,0,0,0,0
2024 Fall,SOC,4057,Family Policy,035491,"Wilcox,William",001,19532,College & Graduate Arts & Sci,3.67,18,1,8,3,4,1,1,0,0,0,0
2024 Fall,EGMT,1520,Empirical Engagement,044513,"Wrigley,Claire",113,12100,College & Graduate Arts & Sci,3.79,28,0,21,4,1,0,1,0,0,0,1
2024 Fall,ENWR,3760,Studies in Cultural Rhetoric,047224,"Carey,Tamika",001,20172,College & Graduate Arts & Sci,3.52,15,0,8,5,0,0,0,1,0,0,1
2024 Fall,ANTH,2280,Medical Anthropology,000655,"Fraser,Gertrude",100,11351,College & Graduate Arts & Sci,3.80,163,12,115,15,9,3,5,0,1,1,2
2024 Fall,ENGR,1010,Engineering Foundations 1,046987,"Starling,Anna Leyf",013,17027,Engineering & Applied Science,3.96,40,0,37,2,0,1,0,0,0,0,0
2024 Fall,STS,2600,Engineering Ethics,046988,"Davis,William",001,17033,Engineering & Applied Science,3.86,28,0,23,2,2,0,0,0,1,0,0
2024 Fall,COMM,4710,Intermediate Investments,006538,"Kulkarni,Sheisha",006,20076,McIntire School of Commerce,3.72,40,1,22,9,3,4,0,0,0,1,0
2024 Fall,LAW,8620,Patent and Licensing Clinic,022050,"Chylla,Richard",1,17966,School of Law,3.57,6,0,0,4,2,0,0,0,0,0,0
2024 Fall,SOC,2280,Medical Sociology,045905,"Aviles,Natalie",100,12445,College & Graduate Arts & Sci,3.94,118,17,88,9,1,2,1,0,0,0,0
2024 Fall,AIRS,2100,Team & Leadershp Fundamentls I,000292,"Gupton,David",001,17741,Executive VP & Provost,3.89,15,0,13,0,1,1,0,0,0,0,0
2024 Fall,PLIR,3060,Military Force Int'l Relations,031808,"Copeland,Dale",001,20142,College & Graduate Arts & Sci,3.14,28,1,5,5,5,5,3,1,0,2,1
2024 Fall,CS,3240,Software Engineering,006903,"Horton,Tom",001,15928,Engineering & Applied Science,3.77,139,4,84,36,5,3,2,2,1,1,1
2024 Fall,ISSS,4430,Developmental Psychology,041196,"Berube,Clair",101,20703,Continuing & Prof Studies,3.66,25,0,13,9,1,1,0,0,0,0,1
2024 Fall,ANTH,3559,New Course: ANTH,038540,"Jackson,Sebastian",002,20070,College & Graduate Arts & Sci,3.87,33,0,20,12,1,0,0,0,0,0,0
2024 Fall,EDIS,5409,Children's Literature,043575,"Schnoor,Diane",500,19746,School of Education and HumanDev,4.00,12,7,5,0,0,0,0,0,0,0,0
2024 Fall,COMM,4520,Topics in IT,041822,"Leidner,Dorothy",001,20179,McIntire School of Commerce,3.80,43,1,32,5,0,3,0,0,2,0,0
2024 Fall,LAW,7205,2nd Am & Gun Violence Colloq,047386,"Duffy,John",1,20835,School of Law,3.42,14,0,0,5,8,1,0,0,0,0,0
2024 Fall,BME,4550,Spec Topics: Biomedical Engr,004090,"Chen,David",003,20366,Engineering & Applied Science,3.85,11,0,7,3,1,0,0,0,0,0,0
2024 Fall,ENGL,3275,History of Drama I,012157,"Parker,John",001,19843,College & Graduate Arts & Sci,3.39,29,0,7,10,7,0,1,3,0,0,1
2024 Fall,GNUR,6054,Rsch & Biostats Proc Hlth Care,016931,"Richardson,Ginger",004,20896,School of Nursing,3.96,42,0,37,5,0,0,0,0,0,0,0
2024 Fall,CS,3240,Software Engineering,006903,"Sherriff,Mark",002,16807,Engineering & Applied Science,3.77,90,0,57,27,2,0,1,0,1,0,2
2024 Fall,SPAN,4510,Spec Topics Sem: Literature,035968,"Valverde,Fernando",001,19673,College & Graduate Arts & Sci,3.99,21,2,18,1,0,0,0,0,0,0,0
2024 Fall,CS,2130,Computer Systems and Org 1,046226,"Graham,Daniel",001,16808,Engineering & Applied Science,3.56,220,58,67,33,22,12,9,4,6,4,5
2024 Fall,AMST,3300,Introduction to Latinx Studies,000474,"Cacho,Lisa",001,19425,College & Graduate Arts & Sci,3.90,24,3,19,0,0,1,1,0,0,0,0
2024 Fall,BIOL,4585,Selected Topics in Biology,041824,"Wormington,Mike",001,19535,College & Graduate Arts & Sci,3.94,44,0,35,9,0,0,0,0,0,0,0
2024 Fall,KINE,2850,Medical Terminology,042975,"Southall,Kathryn",501,14974,School of Education and HumanDev,3.99,50,2,46,2,0,0,0,0,0,0,0
2024 Fall,ARTS,2000,Intro to Studio Art,045397,"Villanueva,Maria",004,21032,College & Graduate Arts & Sci,3.87,12,0,8,3,1,0,0,0,0,0,0
2024 Fall,AMST,2559,New Course: AMST,038535,"Coyoca,David",001,19422,College & Graduate Arts & Sci,3.09,19,0,8,1,1,3,1,1,2,1,1
2024 Fall,ENWR,1510,Writing and Critical Inquiry,013432,"Fowler,Charity",016,11657,College & Graduate Arts & Sci,3.87,18,6,9,0,2,1,0,0,0,0,0
2024 Fall,RUTR,2740,Tolstoy in Translation,034785,"Herman,David",001,19674,College & Graduate Arts & Sci,3.62,23,1,4,11,5,2,0,0,0,0,0
2024 Fall,PLIR,5500,Special Topics,042137,"Copeland,Dale",001,20127,College & Graduate Arts & Sci,3.81,7,0,4,2,1,0,0,0,0,0,0
2024 Fall,FREN,1010,Elementary French I,014273,"Swic,Gabriela",001,11367,College & Graduate Arts & Sci,3.62,18,0,10,2,1,3,2,0,0,0,0
2024 Fall,PHYS,2010,Principles of Physics 1,030809,"Grouchy,Rebecca",004,11345,College & Graduate Arts & Sci,3.07,107,14,21,15,14,9,8,5,5,4,12
2024 Fall,ENWR,1510,Writing and Critical Inquiry,013432,"Lewis,Bella",064,11649,College & Graduate Arts & Sci,3.87,18,0,16,1,0,0,0,0,1,0,0
2024 Fall,ANTH,3010,Theory & History Anthropology,000708,"Benitez,Ernesto",001,13031,College & Graduate Arts & Sci,3.72,34,14,12,0,3,2,0,2,1,0,0
2024 Fall,CS,4501,Spec Top: Computer Science,006942,"Zhang,Shangtong",004,19543,Engineering & Applied Science,3.94,69,28,33,4,3,1,0,0,0,0,0
2024 Fall,BIOL,4012,Disease Ecology and Evolution,046300,"Gibson,Amanda",001,19534,College & Graduate Arts & Sci,3.87,40,2,23,13,2,0,0,0,0,0,0
2024 Fall,CS,6501,Spec Top: Computer Science,006981,"Cheng,Zezhou",008,19578,Engineering & Applied Science,3.81,33,1,26,4,0,1,0,0,0,0,1
2024 Fall,DH,8991,Intro to Digital Humanities,045779,"Driscoll,Kevin",001,20100,College & Graduate Arts & Sci,3.91,10,0,7,3,0,0,0,0,0,0,0
2024 Fall,EBUS,2890,Driving Business Growth,043904,"Garland,Doug",001,19762,Engineering & Applied Science,3.91,22,0,20,1,0,0,0,1,0,0,0
2024 Fall,CJ,5720,Seminar in Managing LE Image,043266,"Pennybacker,Gail Lyn",03,17848,Continuing & Prof Studies,4.00,21,19,2,0,0,0,0,0,0,0,0
2024 Fall,ENGL,3545,American Lit before 1900,045474,"Olwell,Victoria",001,19790,College & Graduate Arts & Sci,3.50,22,0,3,10,3,6,0,0,0,0,0
2024 Fall,MUSI,3350,Deep Listening,045717,"Maus,Fred",001,12466,College & Graduate Arts & Sci,2.94,16,0,11,0,0,1,0,0,0,0,4
2024 Fall,CHEM,2311,Org Chem Lab I Non Chem Major,043154,"Chruma,Jason",012,12188,College & Graduate Arts & Sci,3.69,36,2,16,15,1,0,0,0,1,0,1
2024 Fall,LAW,6000,Civil Procedure,021550,"Woolhandler,Nettie",IJ,20822,School of Law,3.40,62,0,5,9,45,3,0,0,0,0,0
2024 Fall,ISLS,3000,Transformations: Liberal Arts,044252,"Henry,Robert",103,20924,Continuing & Prof Studies,3.06,14,0,7,4,0,0,0,0,0,0,3
2024 Fall,DRAM,2020,Acting I,007200,"Chebli,Karim",004,11656,College & Graduate Arts & Sci,3.48,13,1,7,0,2,0,0,2,1,0,0
2024 Fall,STAT,3120,Intro Mathematical Statistics,040000,"Somal,Harsimran",001,11250,College & Graduate Arts & Sci,3.87,75,1,67,0,0,3,0,3,1,0,0
2024 Fall,ECON,4300,Public Choice,007928,"Coppock,Lee",100,20173,College & Graduate Arts & Sci,3.80,21,4,10,3,3,0,1,0,0,0,0
2024 Fall,EDIS,6730,Diagnosis & Remediation I,009475,"Bowling,Emily Catherine Cox",502,19752,School of Education and HumanDev,3.84,14,1,8,4,0,1,0,0,0,0,0
2024 Fall,MDST,3559,New Course: MDST,039189,"Hamilton,Jack",100,20604,College & Graduate Arts & Sci,3.13,27,0,6,2,5,7,4,1,0,1,1
2024 Fall,BIOL,7240,Foundations of Neuroscience I,046714,"Deppmann,Christopher",001,20097,College & Graduate Arts & Sci,3.86,11,0,6,5,0,0,0,0,0,0,0
2024 Fall,STAT,1602,Intro Data Science with Python,045052,"Femia,Isabella",003,19504,College & Graduate Arts & Sci,3.54,35,5,13,9,3,2,0,0,1,0,2
2024 Fall,LAW,9038,Mindfulness and Legal Practice,047368,"Livermore,Michael",1,20581,School of Law,3.44,17,0,0,6,11,0,0,0,0,0,0
2024 Fall,LAW,9130,New Research in Crim Justice,040068,"Harmon,Rachel",1,20582,School of Law,3.44,11,0,2,4,1,3,1,0,0,0,0
2024 Fall,SPAN,1060,Accelerated Elementary Spanish,035820,"Street,Matthew",004,11196,College & Graduate Arts & Sci,3.73,12,2,6,3,0,0,0,0,0,1,0
2024 Fall,LAW,6104,Evidence,021648,"Brown,Darryl",1,17894,School of Law,3.48,56,0,12,9,28,7,0,0,0,0,0
2024 Fall,MDST,8991,Intro to Digital Humanities,047299,"Driscoll,Kevin",001,20099,College & Graduate Arts & Sci,3.89,8,0,5,3,0,0,0,0,0,0,0
2024 Fall,CS,3710,Intro to Cybersecurity,045511,"Bloomfield,Aaron",004,21135,Engineering & Applied Science,3.13,26,0,10,1,5,2,2,1,0,3,2
2024 Fall,NASC,4100,Naval Operations & Seamanship,025309,"Crews,Sarah",001,17771,Executive VP & Provost,4.00,15,3,12,0,0,0,0,0,0,0,0
2024 Fall,LAW,8009,Copyright Law,021643,"Oliar,Dotan",1,20850,School of Law,3.51,11,1,0,4,5,1,0,0,0,0,0
2024 Fall,MATH,2310,Calculus III,023024,"Spitz,Ben",600,19557,College & Graduate Arts & Sci,3.24,20,2,4,3,3,2,2,2,1,1,0
2024 Fall,BIMS,6000,Integrative Biosciences,042268,"Halme,Adrian",001,18479,Medical School - BIMS/PHS,3.58,72,2,28,14,10,15,3,0,0,0,0
2024 Fall,ARH,5613,Gaudi's Legacy,044590,"Bailo Esteve,Manuel",501,19277,School of Architecture,3.78,15,4,4,4,3,0,0,0,0,0,0
2024 Fall,MATH,1140,Financial Mathematics,022937,"Cernekova,Kristina",001,11632,College & Graduate Arts & Sci,3.42,39,3,18,7,3,0,2,1,0,1,4
2024 Fall,DS,2022,Systems I: Intro to Computing,047261,"Magee,Neal",001,19722,School of Data Science,3.85,37,0,24,10,2,0,1,0,0,0,0
2024 Fall,KINE,3601,Musculoskeletal Anatomy Lab I,042824,"Higgins,Michael",003,15106,School of Education and HumanDev,3.97,20,4,14,2,0,0,0,0,0,0,0
2024 Fall,LPPL,3450,Resilient Leadership for Teams,044867,"Davis,Timothy",100,17321,Batten Leadership & Public Pol,3.55,42,0,4,25,9,2,1,1,0,0,0
2024 Fall,SYS,6021,Statistical Modeling I,036958,"Chung,Seokhyun",600,16854,Engineering & Applied Science,3.65,11,1,2,5,2,1,0,0,0,0,0
2024 Fall,CS,2130,Computer Systems and Org 1,046226,"Delong,Todd",002,16809,Engineering & Applied Science,3.38,108,12,31,22,11,10,7,4,5,3,3
2024 Fall,SPAN,2020,Advanced Intermediate Spanish,035854,"Arevalo,Gabriela Dongo",013,11156,College & Graduate Arts & Sci,3.54,17,0,5,7,2,1,1,0,1,0,0
2024 Fall,LAW,7203,Law & Artificial Intelligence,046750,"Solum,Lawrence",1,20848,School of Law,3.63,19,2,2,8,6,1,0,0,0,0,0
2024 Fall,BIOL,3010,Genetics and Molecular Biology,003526,"Parichy,David",100,10036,College & Graduate Arts & Sci,3.40,341,24,110,67,31,47,25,13,13,4,7
2024 Fall,FREN,1020,Elementary French II,014274,"Zahui,Ndouba",002,10171,College & Graduate Arts & Sci,3.95,11,0,9,2,0,0,0,0,0,0,0
2024 Fall,COMM,3220,Data Mgmt for Decision Making,006500,"Gong,Jing",001,14640,McIntire School of Commerce,3.69,40,0,19,13,4,2,0,1,1,0,0
2024 Fall,GSGS,3350,Dot Orgs,047291,"Phillips,Spencer",001,19936,College & Graduate Arts & Sci,3.93,23,0,19,3,1,0,0,0,0,0,0
2024 Fall,STS,2600,Engineering Ethics,046988,"Guillen,Sergio",004,17036,Engineering & Applied Science,3.96,27,0,25,1,1,0,0,0,0,0,0
2024 Fall,LAW,6007,Torts,021571,"White,George",DI,17952,School of Law,3.40,61,0,2,20,28,10,1,0,0,0,0
2024 Fall,HIST,5002,Global History,042370,"Bishara,Fahad",001,19368,College & Graduate Arts & Sci,3.85,8,2,2,4,0,0,0,0,0,0,0
2024 Fall,HIEA,3321,China and the Cold War,043546,"Liu,Xiaoyuan",001,19370,College & Graduate Arts & Sci,3.63,46,0,14,18,12,0,1,1,0,0,0
2024 Fall,PHYS,1429,Intro Physics 1 Workshop,031036,"Bychkov,Maksim",004,11300,College & Graduate Arts & Sci,3.89,26,1,20,4,0,0,0,1,0,0,0
2024 Fall,ENCW,2300,Poetry Writing,013450,"Walker,Kamau",001,20008,College & Graduate Arts & Sci,3.80,15,3,10,0,0,1,0,0,1,0,0
2024 Fall,LAW,9279,Psychology for Lawyers,044666,"Mitchell,Paul",1,20583,School of Law,3.55,16,0,0,10,6,0,0,0,0,0,0
2024 Fall,LAR,8710,Water and the City,047281,"Davis,Brian",001,19739,School of Architecture,3.56,10,2,3,0,3,1,1,0,0,0,0
2024 Fall,GSGS,2000,Intro to Global Studies,047288,"Farmer,Tessa",001,19933,College & Graduate Arts & Sci,3.74,59,0,32,16,5,3,3,0,0,0,0
2024 Fall,BIOL,2100,IntroBio w/Lab:Cell & Genetics,003470,"Kittlesen,David",002,10035,College & Graduate Arts & Sci,3.27,381,39,69,73,53,58,37,21,12,8,11
2024 Fall,LPPS,3050,Intro to Soc Entrepreneurship,042310,"Mulloth,Balashankar",001,17280,Batten Leadership & Public Pol,3.80,38,0,18,16,4,0,0,0,0,0,0
2024 Fall,NURS,4950,Distinguished Majors Seminar I,029615,"Acquaviva,Kimberly",001,17515,School of Nursing,3.98,15,7,7,1,0,0,0,0,0,0,0
2024 Fall,CHEM,1811,Principles Chem Structure Lab,006007,"Zhang,Sen",100,11306,College & Graduate Arts & Sci,3.78,77,8,33,24,8,4,0,0,0,0,0
2024 Fall,MATH,3100,Introduction to Probability,023058,"Turner,Joshua",004,21158,College & Graduate Arts & Sci,3.79,33,6,21,0,3,2,0,0,0,0,1
2024 Fall,FREN,3585,Topics in Cultural Studies,014370,"Tsien,Jennifer",001,21193,College & Graduate Arts & Sci,3.90,17,2,12,1,2,0,0,0,0,0,0
2024 Fall,LPPS,3050,Intro to Soc Entrepreneurship,042310,"Mulloth,Balashankar",002,17291,Batten Leadership & Public Pol,3.64,26,1,6,10,9,0,0,0,0,0,0
2024 Fall,SPAN,2010,Intermediate Spanish,035853,"Colon,Daniel",018,19174,College & Graduate Arts & Sci,3.47,18,0,7,5,1,2,1,0,2,0,0
2024 Fall,SPAN,2010,Intermediate Spanish,035853,"Colon,Daniel",019,19175,College & Graduate Arts & Sci,3.61,14,0,3,8,1,1,1,0,0,0,0
2024 Fall,LASE,3602,Catalyst Capstone,047063,"Gleek,Charlie",001,19177,College & Graduate Arts & Sci,3.85,28,0,22,2,1,3,0,0,0,0,0
2024 Fall,HIST,2011,History of Human Rights,042049,"Burrill,Emily",100,19298,College & Graduate Arts & Sci,3.59,107,0,46,31,13,7,6,2,0,0,2
2024 Fall,ENCW,2600,Fiction Writing,013455,"Kim,Seonah",003,20019,College & Graduate Arts & Sci,3.83,15,2,7,5,0,1,0,0,0,0,0
2024 Fall,LAW,9023,Liberalism and its Critics,040037,"Schwartzman,Micah",1,20580,School of Law,3.55,16,0,0,10,6,0,0,0,0,0,0
2024 Fall,EGMT,1510,Engaging Aesthetics,044512,"Parker,Deborah",109,19384,College & Graduate Arts & Sci,3.91,32,6,22,3,0,0,0,0,1,0,0
2024 Fall,SPAN,1060,Accelerated Elementary Spanish,035820,"Street,Matthew",002,11256,College & Graduate Arts & Sci,3.77,13,1,2,10,0,0,0,0,0,0,0
2024 Fall,MAE,6360,Gas Dynamics,022665,"Ward,Thomas",001,20145,Engineering & Applied Science,3.68,12,0,7,2,0,2,1,0,0,0,0
2024 Fall,ENGL,2599,Special Topics,012514,"Fowler,Charity",010,20303,College & Graduate Arts & Sci,3.95,17,2,12,3,0,0,0,0,0,0,0
2024 Fall,LPPS,4735,Exp Social Entrepreneurship,042312,"Mahoney,Christine",001,17318,Batten Leadership & Public Pol,3.85,13,1,9,2,0,0,1,0,0,0,0
2024 Fall,LAW,7140,History of American Federalism,043280,"Nicoletti,Cynthia",1,20846,School of Law,3.55,26,1,4,10,9,1,0,1,0,0,0
2024 Fall,LPPL,2100,The Resilient Student,045390,"Davis,Timothy",100,17298,Batten Leadership & Public Pol,3.58,161,0,23,100,20,12,3,2,0,0,1
2024 Fall,EGMT,1520,Empirical Engagement,044513,"Bultman,Rebecca",211,12916,College & Graduate Arts & Sci,3.96,34,28,5,0,0,0,1,0,0,0,0
2024 Fall,MAE,6620,Linear State Space Systems,022672,"Lagor,Frank",001,20344,Engineering & Applied Science,3.93,9,2,5,2,0,0,0,0,0,0,0
2024 Fall,SYS,6581,Selected Topics in Sys Engr,036978,"Bolton,Matthew",002,16797,Engineering & Applied Science,3.86,14,2,8,3,0,1,0,0,0,0,0
2024 Fall,GNUR,8650,Info Sys & Patient Care Tech,017041,"Cieslowski,Bethany",001,17411,School of Nursing,3.84,33,1,28,2,1,0,0,0,0,0,1
2024 Fall,DS,1002,Programming for Data Science,046058,"Rasero,Javier",002,17687,School of Data Science,3.87,63,0,56,4,0,1,0,1,0,0,1
2024 Fall,MAE,6600,Intro to Control Systems,046704,"Lin,Zongli",001,17084,Engineering & Applied Science,3.86,12,0,9,1,2,0,0,0,0,0,0
2024 Fall,EGMT,1520,Empirical Engagement,044513,"Schoppa,Len",103,11623,College & Graduate Arts & Sci,3.90,33,2,28,1,0,1,0,0,1,0,0
2024 Fall,CS,2120,Discrete Math and Theory 1,046227,"Chandra,Rohan",004,21004,Engineering & Applied Science,2.95,46,3,9,2,8,8,8,0,1,3,4
2024 Fall,SPAN,2010,Intermediate Spanish,035853,"Young,Sara",012,10451,College & Graduate Arts & Sci,3.41,17,0,4,3,7,2,0,0,0,1,0
2024 Fall,STAT,5430,Stat Comp with Python and R,040821,"Brown,Taylor",001,11294,College & Graduate Arts & Sci,3.72,35,0,17,13,1,2,1,0,1,0,0
2024 Fall,WGS,3305,Issues in LGBTQ Studies,042714,"Chin,Matthew",001,13980,College & Graduate Arts & Sci,3.73,11,6,2,0,0,3,0,0,0,0,0
2024 Fall,CHEM,2410,Organic Chemistry I,005698,"Serbulea,Vlad",800,19980,College & Graduate Arts & Sci,3.03,96,8,26,10,9,7,10,7,4,2,13
2024 Fall,NUCO,4420,Professional Nursing,042017,"Toll,Crystal",002,17563,School of Nursing,3.18,13,1,4,4,2,0,0,0,0,0,2
2024 Fall,ENCW,4820,Poetry Program Poetics,012874,"Chakraborty,Sumita",001,19990,College & Graduate Arts & Sci,3.78,12,1,6,3,1,1,0,0,0,0,0
2024 Fall,EDLF,7813,Leadership for EdTech,042239,"Dexter,Sara",500,15286,School of Education and HumanDev,3.82,16,0,12,2,0,1,1,0,0,0,0
2024 Fall,LAW,8003,Civil Rights Litigation,021613,"Collins,Michael",1,17985,School of Law,3.73,84,0,23,50,11,0,0,0,0,0,0
2024 Fall,ASTR,1290,Black Holes,044559,"Davis,Shane",001,18923,College & Graduate Arts & Sci,3.66,137,31,52,22,16,7,1,2,1,1,4
2024 Fall,APMA,2501,Special Topics in APMA,044139,"Chen,Heze",001,21253,Engineering & Applied Science,3.94,11,9,1,0,1,0,0,0,0,0,0
2024 Fall,CE,6070,Smart & Healthy Bldgs,047398,"Campbell,Brad",001,20990,Engineering & Applied Science,3.70,9,0,5,1,2,1,0,0,0,0,0
2024 Fall,STS,2600,Engineering Ethics,046988,"Clark,Jason",011,20597,Engineering & Applied Science,3.98,28,0,26,2,0,0,0,0,0,0,0
2024 Fall,EDLF,5820,Organization & Management,009796,"Leffers,Robert",001,21137,School of Education and HumanDev,3.44,11,0,4,5,1,0,0,0,0,0,1
2024 Fall,GNUR,5390,Intro. to U.S. Healthcare,043722,"Mayes,Rick",001,17486,School of Nursing,3.86,23,1,15,5,1,1,0,0,0,0,0
2024 Fall,LPPS,7250,Lead & Nat'l Sec Challenges,047296,"Moy,Daniel",001,20170,Batten Leadership & Public Pol,3.49,15,4,4,3,2,0,1,0,0,0,1
2024 Fall,PSPS,6010,Constitutional Framework of PS,046293,"Cantil-Sakauye,Tani",581,20772,Continuing & Prof Studies,3.98,38,0,35,3,0,0,0,0,0,0,0
2024 Fall,BME,6003,Biostats & Biocomp Analysis,047336,"Naegle,Kristen",001,20372,Engineering & Applied Science,3.96,36,2,30,3,1,0,0,0,0,0,0
2024 Fall,EDIS,5040,Assessment Evaluation Spec Ed,009427,"Pollitt,Daniel",500,15253,School of Education and HumanDev,3.78,11,3,5,0,2,1,0,0,0,0,0
2024 Fall,ENGR,1410,Synthesis Design I,012396,"Bailey,Reid",001,20880,Engineering & Applied Science,3.84,18,1,10,5,2,0,0,0,0,0,0
2024 Fall,MDST,5559,New Course in Media Studies,047258,"Ellcessor,Elizabeth",001,19438,College & Graduate Arts & Sci,3.84,10,3,4,2,0,1,0,0,0,0,0
2024 Fall,EGMT,1540,Ethical Engagement,044515,"Donahue-Ochoa,Tom",103,11624,College & Graduate Arts & Sci,3.91,34,0,28,4,1,1,0,0,0,0,0
2024 Fall,LAW,7626,Oral Presentat Outside Ct (SC),040080,"Shadel,Molly",1,17974,School of Law,3.45,8,0,0,3,5,0,0,0,0,0,0
2024 Fall,ASTR,1250,Alien Worlds,044877,"Zhou,Yifan",001,18922,College & Graduate Arts & Sci,3.74,79,0,53,16,4,1,1,1,0,0,3
2024 Fall,ASTR,5340,Introductory Radio Astronomy,003103,"Braatz,James",001,18918,College & Graduate Arts & Sci,3.75,16,1,8,3,3,1,0,0,0,0,0
2024 Fall,CJ,5495,CI: Executive Decision Making,047240,"Yansick,Michael",03,21532,Continuing & Prof Studies,4.00,15,3,12,0,0,0,0,0,0,0,0
2024 Fall,DS,2004,Data Ethics,046829,"Martin,Aaron",002,17690,School of Data Science,3.96,61,0,56,3,1,1,0,0,0,0,0
2024 Fall,LPPS,3470,US Healthcare Sys:Chlngs&Oppty,045347,"Powers,Robert",001,17381,Batten Leadership & Public Pol,3.57,32,0,9,10,7,6,0,0,0,0,0
2024 Fall,ISSS,4610,Economics of Climate Change,040293,"Wilson,Andrew",101,20701,Continuing & Prof Studies,3.76,17,0,7,8,1,1,0,0,0,0,0
2024 Fall,LAW,7018,Criminal Adjudication,021637,"Frampton,Thomas",1,18110,School of Law,3.57,79,0,13,31,35,0,0,0,0,0,0
2024 Fall,LAW,7176,Intro to American Law for LLMs,045604,"Rosenberg,Ronald",1,17976,School of Law,3.35,36,0,8,4,9,12,3,0,0,0,0
2024 Fall,LAW,7197,Taboo Trades,046383,"Krawiec,Kimberly",1,18030,School of Law,3.48,12,0,0,7,3,2,0,0,0,0,0
2024 Fall,LAW,7059,Labor Law,021679,"Barr,John",1,18042,School of Law,3.36,11,0,3,2,1,4,0,1,0,0,0
2024 Fall,LAW,7092,Intl Trade Law and Policy,040064,"Verdier,Pierre-Hugues",1,17981,School of Law,3.42,11,0,1,3,5,2,0,0,0,0,0
2024 Fall,PHYS,1429,Intro Physics 1 Workshop,031036,"Bychkov,Maksim",002,13284,College & Graduate Arts & Sci,3.92,24,1,19,2,2,0,0,0,0,0,0
2024 Fall,CHEM,1411,Intro College Chem I Lab,005986,"Morkowchuk,Lisa",032,13743,College & Graduate Arts & Sci,3.94,24,18,1,5,0,0,0,0,0,0,0
2024 Fall,LPPS,5360,Imagining Equitable Policy,046352,"Claibourn,Michele",001,17325,Batten Leadership & Public Pol,3.91,14,0,11,2,1,0,0,0,0,0,0
2024 Fall,EVSC,1080,Resources and the Environment,013861,"Doney,Scott",001,18913,College & Graduate Arts & Sci,3.63,152,9,69,29,19,12,8,1,4,1,0
2024 Fall,MEST,3492,Afro-Arabs/Africans MENA,046266,"Hermes,Nizar",001,13542,College & Graduate Arts & Sci,3.80,28,0,9,19,0,0,0,0,0,0,0
2024 Fall,ECON,3030,Money and Banking,007910,"Doyle,Carter",099,11545,College & Graduate Arts & Sci,3.49,85,3,24,29,12,8,3,2,1,0,3
2024 Fall,EGMT,1540,Ethical Engagement,044515,"Walsh,David",218,13906,College & Graduate Arts & Sci,3.88,35,14,7,14,0,0,0,0,0,0,0
2024 Fall,LPPL,7410,Psychology for Leadership,041246,"Converse,Benjamin",001,19441,Batten Leadership & Public Pol,3.59,47,3,11,15,11,6,1,0,0,0,0
2024 Fall,APMA,1110,Single Variable Calculus II,001140,"Provat,Shirin",007,19589,Engineering & Applied Science,2.83,29,1,9,1,4,3,1,2,2,2,4
2024 Fall,LAW,9352,Transactions: Drafting & Negot,046443,"Lewis,Clare",1,17991,School of Law,3.47,32,0,3,8,21,0,0,0,0,0,0
2024 Fall,NUIP,2430,Pharmacology I,043235,"Coyne,Bethany",001,17591,School of Nursing,3.70,26,0,8,13,4,1,0,0,0,0,0
2024 Fall,ARTH,3591,Art History Colloquium,042072,"Wong,Dorothy",004,18968,College & Graduate Arts & Sci,3.71,13,0,3,8,2,0,0,0,0,0,0
2024 Fall,LAW,6002,Contracts,021553,"Gulati,Gaurang",B,20869,School of Law,3.35,31,0,4,6,10,10,1,0,0,0,0
2024 Fall,EDIS,4110,Char of Ind w/Lrn Disablities,044943,"Waterfield,Danielle",500,15247,School of Education and HumanDev,3.74,20,9,7,1,1,0,1,0,0,0,1
2024 Fall,CS,6501,Spec Top: Computer Science,006981,"Doryab,Afsaneh",014,16687,Engineering & Applied Science,3.78,12,5,2,3,1,1,0,0,0,0,0
2024 Fall,APMA,3100,Probability,001152,"Ma,Hui",002,15576,Engineering & Applied Science,3.07,45,2,13,10,3,2,3,2,3,3,4
2024 Fall,ENGL,4500,Seminar in English Literature,045452,"Wall,Cynthia",002,19794,College & Graduate Arts & Sci,3.52,11,0,5,1,1,3,1,0,0,0,0
2024 Fall,ENGL,2599,Special Topics,012514,"Jacob,Sam",013,20972,College & Graduate Arts & Sci,3.89,19,0,12,7,0,0,0,0,0,0,0
2024 Fall,ECE,3103,Solid State Devices,007675,"Yi,Xu",001,16057,Engineering & Applied Science,3.75,51,7,17,17,8,2,0,0,0,0,0
2024 Fall,DS,2003,Communicating with Data,046060,"Afriyie,Prince",001,17665,School of Data Science,3.89,64,10,42,7,1,4,0,0,0,0,0
2024 Fall,LAW,9303,Nonprofit Orgs: P&P,044843,"Clark,Polly",1,20939,School of Law,3.45,13,0,1,4,7,1,0,0,0,0,0
2024 Fall,PSPS,6000,Transform Ldrshp in Chng Times,046466,"Dion,Shannon",580,20768,Continuing & Prof Studies,3.94,37,0,29,8,0,0,0,0,0,0,0
2024 Fall,ISSS,3180,Critical Issues in Democracy,037520,"Guttman,Robert J",DC02,20709,Continuing & Prof Studies,3.92,23,0,17,6,0,0,0,0,0,0,0
2024 Fall,LAW,9002,Single People and the Law,022112,"Cahn,Naomi",1,20578,School of Law,3.37,15,0,0,4,10,0,1,0,0,0,0
2024 Fall,APMA,3100,Probability,001152,"Ryals,Megan",005,16802,Engineering & Applied Science,3.24,38,7,8,6,8,0,1,4,0,1,3
2024 Fall,MUSI,3020,Studies 17th- & 18th-C Music,024787,"Gordon,Bonnie",001,20159,College & Graduate Arts & Sci,3.69,20,0,16,2,0,0,0,1,0,0,1
2024 Fall,ASL,3081,Hist of Amer Deaf Community,042185,"Krentz,Christopher",001,19747,College & Graduate Arts & Sci,3.08,21,0,4,4,3,1,2,5,2,0,0
2024 Fall,EVGE,5840,Sediment Processes & Environmt,013764,"Wiberg,Patricia",001,18914,College & Graduate Arts & Sci,3.83,12,0,10,0,0,2,0,0,0,0,0
2024 Fall,DRAM,1020,Speaking in Public,007178,"Garey,Cady",5,21396,College & Graduate Arts & Sci,3.86,16,0,11,4,0,1,0,0,0,0,0
2024 Fall,ENGL,2599,Special Topics,012514,"Park,Hyeona",014,20974,College & Graduate Arts & Sci,3.81,17,0,11,3,2,1,0,0,0,0,0
2024 Fall,EDIS,5080,Differentiating Instruction,045846,"Coyne,Elizabeth",502,21136,School of Education and HumanDev,3.88,13,0,9,3,1,0,0,0,0,0,0
2024 Fall,CS,4730,Computer Game Design,041617,"Sherriff,Mark",001,19544,Engineering & Applied Science,3.69,81,1,34,28,10,5,1,2,0,0,0
2024 Fall,ANTH,5559,New Course: ANTH,038619,"Weston,Kath",001,20090,College & Graduate Arts & Sci,3.26,12,1,6,3,0,0,0,0,0,0,2
2024 Fall,DS,2004,Data Ethics,046829,"Faruqe,Farhana",001,17689,School of Data Science,3.87,60,0,55,2,0,1,0,0,0,1,1
2024 Fall,LAW,7089,Racial Justice and Law,040073,"Forde-Mazrui,Kim",1,20845,School of Law,3.39,16,0,1,5,7,2,1,0,0,0,0
2024 Fall,LPPP,5500,Short Course Topics,042124,"Felder,Adam",001,17365,Batten Leadership & Public Pol,3.88,17,0,15,1,0,0,0,1,0,0,0
2024 Fall,ENGL,8810,Criticism in Theory & Practice,011579,"Ogden,Emily",001,19829,College & Graduate Arts & Sci,3.83,12,0,5,7,0,0,0,0,0,0,0
2024 Fall,COMM,3010,Strategy and Systems,006453,"Nelson,Russell R",001,14582,McIntire School of Commerce,3.53,50,0,12,12,22,3,1,0,0,0,0
2024 Fall,SPAN,2020,Advanced Intermediate Spanish,035854,"Florez-Murillo,David",010,13534,College & Graduate Arts & Sci,3.61,17,1,4,10,0,1,0,0,0,0,1
2024 Fall,PLPT,8500,Special Topics,040870,"Espejo,Paulina Ochoa",001,19486,College & Graduate Arts & Sci,3.95,6,2,3,1,0,0,0,0,0,0,0
2024 Fall,LPPS,4735,Exp Social Entrepreneurship,042312,"Touve,David",002,17359,Batten Leadership & Public Pol,3.71,10,0,3,5,2,0,0,0,0,0,0
2024 Fall,PLCP,3500,Topics in Comp Politics,041289,"Mershon,Carol",001,19472,College & Graduate Arts & Sci,3.56,22,0,5,13,2,1,0,0,0,0,1
2024 Fall,GSGS,3118,"Space, Place & Global Dvlpmnt",047290,"Edmunds,David",001,19935,College & Graduate Arts & Sci,3.88,38,9,16,11,2,0,0,0,0,0,0
2024 Fall,STAT,3250,Data Analysis with Python,044090,"Somal,Harsimran",001,13010,College & Graduate Arts & Sci,3.90,64,0,61,0,0,0,0,2,0,0,1
2024 Fall,SYS,6050,Risk Analysis,036967,"Lambert,James",001,16846,Engineering & Applied Science,3.48,20,8,1,3,1,2,4,1,0,0,0
2024 Fall,COMM,5140,AcctforDecision Making&Control,006550,"Roberts,Andrea",001,14662,McIntire School of Commerce,3.55,33,0,6,15,7,3,2,0,0,0,0
2024 Fall,LPPL,2600,Foundations Behavioral Science,044753,"Scholer,Abigail",001,17374,Batten Leadership & Public Pol,3.39,49,1,11,14,10,5,5,1,0,1,1
2024 Fall,PLAP,3500,Spec Tops: American Politics,039393,"Potter,Rachel",100,12895,College & Graduate Arts & Sci,3.52,96,0,35,30,11,10,3,3,2,0,2
2024 Fall,EGMT,1520,Empirical Engagement,044513,"Yang,Lingyu",207,12912,College & Graduate Arts & Sci,3.98,25,0,23,2,0,0,0,0,0,0,0
2024 Fall,EGMT,1520,Empirical Engagement,044513,"Tong,Xin",118,13733,College & Graduate Arts & Sci,3.99,34,13,20,1,0,0,0,0,0,0,0
2024 Fall,STAT,1100,Chance: Intro to Statistics,036650,"Zhang,Lei",001,11482,College & Graduate Arts & Sci,3.95,26,4,19,2,1,0,0,0,0,0,0
2024 Fall,GNUR,6025,Advanced Health Assessment,016901,"Bourne,Dawn",001,17538,School of Nursing,3.84,60,1,32,24,3,0,0,0,0,0,0
2024 Fall,HR,5115,Workforce Inclusion & Equity,046713,"Oliver,Stephen",701,20748,Continuing & Prof Studies,4.00,5,2,3,0,0,0,0,0,0,0,0
2024 Fall,EGMT,1520,Empirical Engagement,044513,"Singerman,David",204,12910,College & Graduate Arts & Sci,3.97,34,23,9,1,1,0,0,0,0,0,0
2024 Fall,EDIS,8855,Critical Race Theory in Educ,043212,"Bierzynski,Danielle",500,15007,School of Education and HumanDev,3.85,13,0,11,0,0,2,0,0,0,0,0
2024 Fall,MISC,3010,Unit Trng & Warfighting Functn,024256,"EatonFerenzi,Elizabeth",001,17756,Executive VP & Provost,3.99,20,13,6,1,0,0,0,0,0,0,0
2024 Fall,EGMT,1520,Empirical Engagement,044513,"Brubaker,Evan",208,12913,College & Graduate Arts & Sci,3.96,33,0,29,4,0,0,0,0,0,0,0
2024 Fall,MICR,8042,Advanced Topics in Cancer,038109,"Gioeli,Daniel",001,18363,Medical School - BIMS/PHS,3.88,19,4,9,5,1,0,0,0,0,0,0
2024 Fall,MATH,2310,Calculus III,023024,"Spitz,Ben",400,11310,College & Graduate Arts & Sci,2.70,40,4,4,2,4,1,13,4,1,3,4
2024 Fall,CHEM,5130,Heterocyclic Chemistry,047297,"Tepe,Jetze",001,19944,College & Graduate Arts & Sci,3.49,19,4,3,2,3,7,0,0,0,0,0
2024 Fall,COLA,1500,College Advising Seminars,006376,"Smith,Connie",020,11194,College & Graduate Arts & Sci,3.96,16,0,14,2,0,0,0,0,0,0,0
2024 Fall,NESC,8010,Seminar in Neuroscience,029306,"Beenhakker,Mark",001,18497,Medical School - BIMS/PHS,3.82,46,29,8,0,4,3,2,0,0,0,0
2024 Fall,SYS,6003,Optimizatn Models & Methods I,036949,"Riggs,Robert",001,15644,Engineering & Applied Science,3.23,28,0,6,5,5,5,2,3,2,0,0
2024 Fall,EGMT,1540,Ethical Engagement,044515,"Ott,Walter",207,12933,College & Graduate Arts & Sci,3.26,34,0,4,4,14,8,2,2,0,0,0
2024 Fall,CJ,3490,Lgl Issues Impact Law Enf Ops,039968,"Pettry,Michael T",01,17854,Continuing & Prof Studies,3.97,18,7,9,2,0,0,0,0,0,0,0
2024 Fall,EBUS,4810,New Product Development,037153,"Ramakrishnan,Adarsh",001,15647,Engineering & Applied Science,3.92,58,4,42,9,3,0,0,0,0,0,0
2024 Fall,ENWR,2520,Special Topics in Writing,013448,"Modica,John",013,20885,College & Graduate Arts & Sci,4.00,16,6,10,0,0,0,0,0,0,0,0
2024 Fall,ENWR,2520,Special Topics in Writing,013448,"Carter,Tyler",014,21052,College & Graduate Arts & Sci,3.85,15,0,12,1,0,2,0,0,0,0,0
2024 Fall,LAW,7613,Glbaliztn/Prvt Dispt Res (SC),040021,"McEvoy,Timothy",1,18096,School of Law,3.50,9,0,2,1,6,0,0,0,0,0,0
2024 Fall,JPTR,3320,Cinematic Images of J Culture,044236,"Yasuda,Anri",001,19156,College & Graduate Arts & Sci,3.77,20,0,17,2,0,0,0,0,0,0,1
2024 Fall,SPAN,3300,Texts and Interpretation,035904,"Sprague,Paula",005,13539,College & Graduate Arts & Sci,3.98,15,2,12,1,0,0,0,0,0,0,0
2024 Fall,ASTR,3470,Science & Controversy,003086,"Pryal,Matthew",001,18919,College & Graduate Arts & Sci,3.80,50,2,30,8,8,2,0,0,0,0,0
2024 Fall,PHYS,2030,Princip of Physics 1 Workshop,030811,"Bychkov,Maksim",019,21027,College & Graduate Arts & Sci,3.79,23,0,15,4,1,3,0,0,0,0,0
2024 Fall,PHYS,2030,Princip of Physics 1 Workshop,030811,"Bychkov,Maksim",021,21029,College & Graduate Arts & Sci,3.90,25,4,16,3,1,1,0,0,0,0,0
2024 Fall,MAE,6270,Experimental Robotics,046516,"Furukawa,Tomonari",001,16838,Engineering & Applied Science,3.77,6,2,2,0,2,0,0,0,0,0,0
2024 Fall,MATH,4993,Independent Study,023108,"Maloni,Sara",004,12855,College & Graduate Arts & Sci,4.00,21,11,10,0,0,0,0,0,0,0,0
2024 Fall,CHEM,1411,Intro College Chem I Lab,005986,"Morkowchuk,Lisa",005,10570,College & Graduate Arts & Sci,3.60,23,13,3,4,0,0,1,0,0,0,2
2024 Fall,APMA,1090,Single Variable Calculus I,001138,"Dizaji,Farzad Shafiei",001,15846,Engineering & Applied Science,3.55,28,4,13,4,2,0,1,1,0,3,0
2024 Fall,EDIS,6730,Diagnosis & Remediation I,009475,"Hayes,Latisha L.",503,19753,School of Education and HumanDev,3.77,14,0,7,5,1,1,0,0,0,0,0
2024 Fall,SPAN,4202,Hispanic Sociolinguistics,035936,"Mendoza,Omar Velazquez",001,19677,College & Graduate Arts & Sci,3.97,22,4,16,2,0,0,0,0,0,0,0
2024 Fall,LAW,6007,Torts,021571,"Duffy,John",HJ,17999,School of Law,3.39,61,1,4,16,27,11,2,0,0,0,0
2024 Fall,EDIS,4100,Char of Ind w/Emot & Behav Dis,044942,"Waterfield,Danielle",500,15246,School of Education and HumanDev,3.58,24,10,8,1,0,1,1,2,0,0,1
2024 Fall,CLAS,3260,Rituals in Ancient Greece,045800,"Petrovic,Ivana",001,12939,College & Graduate Arts & Sci,3.80,25,4,15,2,2,0,1,1,0,0,0
2024 Fall,LPPS,7240,Impact Invest & Innov Finance,047000,"Kluge,Christine Mahoney",100,17382,Batten Leadership & Public Pol,3.58,13,1,4,6,1,0,0,0,0,0,1
2024 Fall,PHS,7470,Mngt & Quality in HC Orgs,030390,"Oliver,M",001,18339,Medical School - BIMS/PHS,4.00,29,16,13,0,0,0,0,0,0,0,0
2024 Fall,LAW,6000,Civil Procedure,021550,"Rutherglen,George",C,17927,School of Law,3.40,31,0,3,6,18,3,1,0,0,0,0
2024 Fall,NUIP,4610,Leadershp/Mgt in Hlth Care Sys,029457,"Wiersma,Gretchen",003,17590,School of Nursing,3.89,15,4,8,1,2,0,0,0,0,0,0
2024 Fall,LPPP,3620,Engaging Policy Communities,046654,"Martin,Paul",099,17336,Batten Leadership & Public Pol,3.56,45,0,9,18,14,3,0,1,0,0,0
2024 Fall,EDIS,5000,The Exceptional Learner,009423,"Cook,Bryan",500,15249,School of Education and HumanDev,3.56,21,3,7,2,2,6,1,0,0,0,0
2024 Fall,LAW,9298,Appellate Practice,044750,"Stetson,Cate",1,17990,School of Law,3.62,18,0,6,6,3,3,0,0,0,0,0
2024 Fall,CHIN,1010,Elementary Chinese,006047,"Wang,Ju Min",003,10068,College & Graduate Arts & Sci,3.51,17,0,14,1,0,0,0,0,0,0,2
2024 Fall,COMM,3010,Strategy and Systems,006453,"Maurer,Christopher Scott",003,14583,McIntire School of Commerce,3.59,50,0,8,24,17,0,1,0,0,0,0
2024 Fall,APMA,2130,Ordinary Differentl Equations,001145,"Dizaji,Farzad Shafiei",003,15572,Engineering & Applied Science,3.16,41,6,9,3,7,6,3,0,2,0,5
2024 Fall,EDIS,5041,Behav & Classroom Management,009428,"Myers-Mitchell,H. Nicole",501,15538,School of Education and HumanDev,3.89,14,10,2,1,0,0,1,0,0,0,0
2024 Fall,LPPP,4200,Inst & Pol Context of PPol,042159,"Johannessen,Peter",002,17371,Batten Leadership & Public Pol,3.66,58,3,18,22,11,1,2,0,1,0,0
2024 Fall,LPPA,3640,Resrch Methods & Data Analysis,042161,"Myung,Noah",003,17384,Batten Leadership & Public Pol,3.51,62,0,21,22,10,4,2,0,1,0,2
2024 Fall,LPPA,6150,Res Methods & Data Analysis I,032141,"Wu,Derek",200,17264,Batten Leadership & Public Pol,3.36,57,0,15,14,11,6,5,0,6,0,0
2024 Fall,LPPA,6100,Economics of Public Policy I,032139,"Mbiti,Isaac",100,17266,Batten Leadership & Public Pol,3.44,47,0,17,8,5,10,5,1,0,1,0
2024 Fall,GETR,3470,Writing & Screening Holocaust,015950,"Grossman,Jeffrey",001,19698,College & Graduate Arts & Sci,3.82,30,3,14,9,4,0,0,0,0,0,0
2024 Fall,LAW,8809,DC Externship: Directed Study,042758,"Ryan,A.",1,18859,School of Law,3.48,9,0,0,4,5,0,0,0,0,0,0
2024 Fall,LAW,9079,Law and Ldrshp in Pub Interest,022009,"Le,Chinh",1,18118,School of Law,3.48,13,0,0,6,7,0,0,0,0,0,0
2024 Fall,EGMT,1520,Empirical Engagement,044513,"Simkins,Lauren",202,12909,College & Graduate Arts & Sci,3.84,34,19,9,3,1,1,0,0,0,0,1
2024 Fall,CGBM,2310,Principles of Marketing,047003,"Mittal,Chiraag",003,19956,McIntire School of Commerce,3.37,30,0,0,13,9,6,2,0,0,0,0
2024 Fall,ASL,1010,Elem Amer Sign Language I,002999,"Propp,Gregory",001,10473,College & Graduate Arts & Sci,3.38,18,0,5,3,5,4,0,0,0,0,1
2024 Fall,CJ,5670,Terrorism/CT for LE Leaders,042371,"Bryant,James Kenneth",01,21537,Continuing & Prof Studies,3.91,7,0,5,2,0,0,0,0,0,0,0
2024 Fall,MDST,3111,Food Media and Popular Culture,046697,"Rao,Pallavi",001,13175,College & Graduate Arts & Sci,3.79,29,2,13,11,2,0,1,0,0,0,0
2024 Fall,ECE,6501,Topics: Elect & Computer Engr,007731,"Stan,Mircea",006,17049,Engineering & Applied Science,3.82,37,6,22,6,0,1,0,1,1,0,0
2024 Fall,PLAP,4450,Virginia Elections & Politics,031615,"Kromkowski,Charles",001,19468,College & Graduate Arts & Sci,3.61,14,0,3,7,2,2,0,0,0,0,0
2024 Fall,GNUR,6643,FNP Practicum I,045106,"Yost,Terri",001,17531,School of Nursing,3.73,11,0,8,1,1,0,0,0,1,0,0
2024 Fall,PLAP,3140,Mass Media & American Politics,031561,"Freedman,Paul",100,19464,College & Graduate Arts & Sci,3.44,179,0,56,44,34,25,9,5,2,0,4
2024 Fall,LING,2430,Languages of the World,000670,"Mirzayan,Armik",100,19609,College & Graduate Arts & Sci,3.74,47,4,29,4,4,2,2,1,1,0,0
2024 Fall,MDST,8212,Social Studies of Media & Tech,046706,"Nemer,David",001,18911,College & Graduate Arts & Sci,3.81,15,2,6,5,2,0,0,0,0,0,0
2024 Fall,LAW,7740,Advis Brd Debt Restruct (SC),043819,"Kaufman,Peter",1,17931,School of Law,3.47,9,0,3,0,4,2,0,0,0,0,0
2024 Fall,ASTR,5010,Astrophysical Processes,039698,"Arras,Phil",001,18921,College & Graduate Arts & Sci,3.67,12,3,4,1,1,3,0,0,0,0,0
2024 Fall,PLCP,3330,Politics of Latin America,044401,"Carter,Chris",100,19471,College & Graduate Arts & Sci,3.59,58,1,26,11,15,1,1,1,1,0,1
2024 Fall,LPPA,7220,Adv Topics Impact Evaluation,045119,"Player,Daniel",001,17290,Batten Leadership & Public Pol,3.59,17,0,8,4,2,1,1,0,1,0,0
2024 Fall,CHEM,1411,Intro College Chem I Lab,005986,"Morkowchuk,Lisa",015,10574,College & Graduate Arts & Sci,3.54,23,13,3,4,0,0,0,0,0,1,2
2024 Fall,LAW,6103,Corporations,021636,"Kordana,Kevin",1,17967,School of Law,3.51,80,1,9,28,37,5,0,0,0,0,0
2024 Fall,ECON,8210,International Trade Theory,008059,"Cosar,Kerem",001,12984,College & Graduate Arts & Sci,3.45,6,1,1,1,1,1,1,0,0,0,0
2024 Fall,EGMT,1530,Engaging Differences,044514,"Smith,Wendy",209,12924,College & Graduate Arts & Sci,4.00,35,4,31,0,0,0,0,0,0,0,0
2024 Fall,CHEM,2311,Org Chem Lab I Non Chem Major,043154,"Chruma,Jason",005,11620,College & Graduate Arts & Sci,3.66,34,0,15,12,1,4,0,2,0,0,0
2024 Fall,ECON,4820,Experimental Economics,007985,"Holt,Charles",001,19146,College & Graduate Arts & Sci,3.94,52,16,26,10,0,0,0,0,0,0,0
2024 Fall,CE,6230,Hydrology,004591,"Goodall,Jonathan",001,17079,Engineering & Applied Science,3.71,8,2,3,2,0,0,0,1,0,0,0
2024 Fall,JAPN,2601,Finding Joy in Reading Japnese,047347,"Sato,Tomomi",001,20414,College & Graduate Arts & Sci,3.71,15,4,5,1,4,0,1,0,0,0,0
2024 Fall,EGMT,1530,Engaging Differences,044514,"Yonnetti,Eben",210,12925,College & Graduate Arts & Sci,3.81,35,0,31,2,0,0,0,0,1,0,1
2024 Fall,SYS,6581,Selected Topics in Sys Engr,036978,"Bolton,Matthew",600,16798,Engineering & Applied Science,3.76,11,0,6,3,1,1,0,0,0,0,0
2024 Fall,PHS,7100,Intro US Hlth Care Pol & Sys,030371,"Wanchek,Tanya",001,18343,Medical School - BIMS/PHS,3.98,38,0,35,3,0,0,0,0,0,0,0
2024 Fall,MUSI,3310,Theory I,024801,"Slon,Michael",002,19670,College & Graduate Arts & Sci,3.37,19,0,6,1,6,4,0,2,0,0,0
2024 Fall,LAW,6002,Contracts,021553,"Francus,Michael",AC,17886,School of Law,3.39,63,0,5,16,29,12,1,0,0,0,0
2024 Fall,LAW,6002,Contracts,021553,"Johnston,Jason",G,20873,School of Law,3.40,31,1,4,9,6,9,1,1,0,0,0
2024 Fall,STS,4600,Engr Ethcs Prof Responsibility,036750,"Neeley,Kathryn",002,16799,Engineering & Applied Science,2.75,21,0,2,2,3,4,3,3,1,2,1
2024 Fall,CHEM,5224,Reaction Kinetics and Dynamics,005799,"Harrison,Allan",001,21012,College & Graduate Arts & Sci,3.83,6,2,3,0,0,1,0,0,0,0,0
2024 Fall,LAW,6003,Criminal Law,021556,"Bowers,Josh",DJ,17989,School of Law,3.40,62,0,7,16,25,12,2,0,0,0,0
2024 Fall,CS,2100,Data Structures and Algo 1,046225,"Morrison,Briana",001,16771,Engineering & Applied Science,3.48,258,40,98,32,25,27,12,3,4,8,9
2024 Fall,ECE,4209,RF Circuit Dsgn & Wireless Sys,007687,"Weikle,Robert",001,15929,Engineering & Applied Science,3.92,17,6,9,0,2,0,0,0,0,0,0
2024 Fall,ECON,8710,Cross Section Econometrics,008072,"Kosenkova,Lidia",100,19136,College & Graduate Arts & Sci,3.65,15,0,7,3,3,1,1,0,0,0,0
2024 Fall,EGMT,1540,Ethical Engagement,044515,"Brubaker,Evan",104,12495,College & Graduate Arts & Sci,3.95,33,0,31,1,0,0,1,0,0,0,0
2024 Fall,LAW,9053,Hallmks of Distinguished Advoc,021945,"Shadel,Molly",1,18043,School of Law,3.47,12,0,0,5,7,0,0,0,0,0,0
2024 Fall,ISLS,3000,Transformations: Liberal Arts,044252,"Horton,David",102,20802,Continuing & Prof Studies,3.64,17,0,6,7,1,2,1,0,0,0,0
2024 Fall,GBAC,7200,Enterprise Analytics,045272,"Du,Yuxiang",001,18332,McIntire Darden Grad Business,3.89,58,6,30,22,0,0,0,0,0,0,0
2024 Fall,SOC,3400,Gender and Sexuality,035401,"Sarioglu,Esra",001,19531,College & Graduate Arts & Sci,3.47,31,2,13,6,7,0,0,1,0,0,2
2024 Fall,PHIL,3640,Political Philosophy,030092,"Adams,Nate",002,19919,College & Graduate Arts & Sci,3.82,29,7,15,2,2,2,1,0,0,0,0
2024 Fall,EVSC,4559,New Course: EVSC,039169,"Mcglathery,Karen",002,19926,College & Graduate Arts & Sci,3.85,20,0,18,0,0,1,0,0,1,0,0
2024 Fall,CE,3100,Water for the World,004457,"Smith,James",001,19723,Engineering & Applied Science,3.68,42,1,16,17,4,2,1,0,0,1,0
2024 Fall,LPPL,7025,Values-Based Leadership,042195,"Adams,Gabrielle",001,17305,Batten Leadership & Public Pol,3.32,47,0,0,15,20,9,2,0,1,0,0
2024 Fall,LAW,7017,Con Law II:Freedom of Religion,021626,"Schwartzman,Micah",1,17915,School of Law,3.63,93,3,22,32,35,1,0,0,0,0,0
2024 Fall,PORT,1110,Beginning Intensive Portuguese,032102,"Feitosa,Lilian",001,10404,College & Graduate Arts & Sci,3.83,20,1,10,8,0,1,0,0,0,0,0
2024 Fall,LAW,6002,Contracts,021553,"Johnson,Alex",D,20870,School of Law,3.40,31,1,4,7,11,4,4,0,0,0,0
2024 Fall,DS,6200,Computation I: Fundamentals,047106,"Li,Sheng",001,17703,School of Data Science,4.00,6,3,3,0,0,0,0,0,0,0,0
2024 Fall,PHAR,9002,Principles of Pharmacology II,042341,"Biel,Cierra",001,18444,Medical School - BIMS/PHS,4.00,8,4,4,0,0,0,0,0,0,0,0
2024 Fall,EDIS,3060,Poverty and the Young Child,045749,"Hawkins,Jaime-Duke",503,15531,School of Education and HumanDev,3.63,23,8,9,1,1,1,0,2,0,0,1
2024 Fall,SOC,3700,Health and Society,043187,"Skubby,David",001,19526,College & Graduate Arts & Sci,3.35,31,1,7,8,6,5,1,1,0,1,1
2024 Fall,ASL,3450,Comp Linguistics: ASL & Engl,003008,"Sofinski,Bruce",001,19750,College & Graduate Arts & Sci,3.89,17,4,9,3,0,1,0,0,0,0,0
2024 Fall,DRAM,2020,Acting I,007200,"Lowinski,Cortney",003,11655,College & Graduate Arts & Sci,3.86,14,0,12,1,0,0,0,1,0,0,0
2024 Fall,STS,2600,Engineering Ethics,046988,"Guillen,Sergio",006,17038,Engineering & Applied Science,3.87,28,0,24,3,0,0,0,0,0,0,1
2024 Fall,ECON,3430,Sustainability Economics,045903,"Shobe,William",100,12451,College & Graduate Arts & Sci,3.56,176,20,55,43,16,27,8,0,4,1,2
2024 Fall,PORT,2050,Intensive Portuguese,045572,"Feitosa,Lilian",001,12460,College & Graduate Arts & Sci,3.59,16,4,3,6,2,0,0,0,0,0,1
2024 Fall,LAW,9316,Biotechnology and the Law,045216,"Riley,Margaret",1,20820,School of Law,3.52,17,0,0,10,6,1,0,0,0,0,0
2024 Fall,LPPS,5555,Adv Pub Pol & Lead Seminar,047210,"Bick,Alexander",001,19951,Batten Leadership & Public Pol,3.68,9,0,2,5,2,0,0,0,0,0,0
2024 Fall,ENCW,2300,Poetry Writing,013450,"Hensley,Desiree",003,20010,College & Graduate Arts & Sci,3.83,15,0,9,4,2,0,0,0,0,0,0
2024 Fall,HIST,5201,Memory & History in Caribbean,046827,"Dubois,Laurent",001,19398,College & Graduate Arts & Sci,3.95,11,2,7,2,0,0,0,0,0,0,0
2024 Fall,EGMT,1520,Empirical Engagement,044513,"Yang,Lingyu",224,13857,College & Graduate Arts & Sci,3.97,33,0,31,1,1,0,0,0,0,0,0
2024 Fall,GCOM,7790,Enterprise Architecture,015433,"Grazioli,Stefano",001,14725,McIntire School of Commerce,3.41,26,2,1,8,10,2,3,0,0,0,0
2024 Fall,STAT,1602,Intro Data Science with Python,045052,"Campbell,Sydney",004,19505,College & Graduate Arts & Sci,3.42,35,0,8,13,8,2,1,2,0,0,1
2024 Fall,EDLF,7150,Educational Psychology,009702,"Evans,Tanya",001,14766,School of Education and HumanDev,3.85,23,0,16,5,0,2,0,0,0,0,0
2024 Fall,CJ,3710,Conflict Resolution for Law En,006194,"Craig,Amy L",01,17864,Continuing & Prof Studies,4.00,13,2,11,0,0,0,0,0,0,0,0
2024 Fall,DS,2022,Systems I: Intro to Computing,047261,"Magee,Neal",002,19868,School of Data Science,3.93,37,0,31,4,2,0,0,0,0,0,0
2024 Fall,CELL,8101,Intro to Animal Dev,042506,"Sutherland,Ann",001,18475,Medical School - BIMS/PHS,3.97,9,5,3,1,0,0,0,0,0,0,0
2024 Fall,ARAB,1060,Accelerated Elementary Arabic,047343,"Humeidan,Bilal",001,20411,College & Graduate Arts & Sci,3.54,14,0,7,5,0,0,0,0,1,0,1
2024 Fall,PLAP,2250,American Political Tradition,031555,"Keiser,Kennon",002,11882,College & Graduate Arts & Sci,3.46,17,0,2,9,3,1,0,2,0,0,0
2024 Fall,SPAN,2010,Intermediate Spanish,035853,"Raczyk,Ciara",015,11417,College & Graduate Arts & Sci,3.77,18,0,9,7,0,2,0,0,0,0,0
2024 Fall,PSHM,1010,Explorations in Healthcare,044696,"Erath,Mark",EL01,20890,Continuing & Prof Studies,2.80,18,1,5,5,1,0,0,2,0,0,4
2024 Fall,HIUS,2559,New Course: HIUS,039310,"Kang,S. Deborah",001,19374,College & Graduate Arts & Sci,3.75,21,0,17,2,1,0,0,0,0,0,1
2024 Fall,CJ,3660,Concepts in LE Wellness,039969,"Western,Gerald",02,17866,Continuing & Prof Studies,4.00,11,3,8,0,0,0,0,0,0,0,0
2024 Fall,LAW,7612,Genetics and the Law (SC),021696,"Siegal,Gil",1,20395,School of Law,3.54,13,0,3,4,4,2,0,0,0,0,0
2024 Fall,ANTH,3295,Moral Experience,046534,"Zigon,Jarrett",001,13509,College & Graduate Arts & Sci,4.00,29,18,11,0,0,0,0,0,0,0,0
2024 Fall,EDIS,3060,Poverty and the Young Child,045749,"Hawkins,Jaime-Duke",501,15408,School of Education and HumanDev,3.46,23,9,4,2,5,0,1,0,0,0,2
2024 Fall,LASE,3601,Critical Inquiry,047062,"Gleek,Charlie",002,19176,College & Graduate Arts & Sci,3.88,21,2,13,5,0,1,0,0,0,0,0
2024 Fall,LPPL,3210,Behavioral Sci:Civic Leadershp,042166,"Dobson,Kyle",002,17281,Batten Leadership & Public Pol,3.70,81,0,28,38,9,5,1,0,0,0,0
2024 Fall,ENGL,3570,Studies in American Literature,011360,"Cushman,Stephen",002,19777,College & Graduate Arts & Sci,3.59,21,0,12,4,2,2,0,0,0,0,1
2024 Fall,GSGS,3117,Dynamics of Great Power,047289,"Safdar,Muhammad Tayyab",001,19934,College & Graduate Arts & Sci,3.67,19,0,6,8,4,1,0,0,0,0,0
2024 Fall,FREN,2010,Intermediate French I,014315,"Jurado,Anne",002,10175,College & Graduate Arts & Sci,3.56,16,0,5,4,5,1,1,0,0,0,0
2024 Fall,ARH,3500,Topics inArchitectural History,001883,"Johnston,Andrew",001,19494,School of Architecture,3.72,13,0,8,2,1,1,1,0,0,0,0
2024 Fall,PHYS,2010,Principles of Physics 1,030809,"Grouchy,Rebecca",005,14087,College & Graduate Arts & Sci,3.16,86,10,16,14,11,8,9,6,4,4,4
2024 Fall,DRAM,1020,Speaking in Public,007178,"Wales,Jennifer",001,11674,College & Graduate Arts & Sci,3.88,16,0,13,2,0,0,1,0,0,0,0
2024 Fall,GCOM,7830,IT Project Management,015437,"Nelson,Russell",001,14727,McIntire School of Commerce,3.53,19,2,2,7,4,4,0,0,0,0,0
2024 Fall,SYS,6021,Statistical Modeling I,036958,"Barnes,Laura",700,21060,Engineering & Applied Science,3.71,17,2,8,3,1,2,1,0,0,0,0
2024 Fall,LPPS,3340,Innovating for Defense,045490,"Robinson,John",001,17310,Batten Leadership & Public Pol,3.52,30,0,6,6,18,0,0,0,0,0,0
2024 Fall,STS,2500,S & T in Soc & Global Context,036734,"Earle,Joshua",001,19582,Engineering & Applied Science,3.38,16,0,12,0,0,1,0,0,1,0,2
2024 Fall,BME,6004,Signals & Sys Analysis Biomed,047337,"Meyer,Craig",001,20373,Engineering & Applied Science,3.95,32,9,18,5,0,0,0,0,0,0,0
2024 Fall,ANTH,5808,Method & Theory in Archaeology,000822,"Wattenmaker,Patricia",100,19272,College & Graduate Arts & Sci,3.86,9,0,6,2,1,0,0,0,0,0,0
2024 Fall,SAST,2050,Classics of Indian Literature,034845,"Cohen,Richard",001,19331,College & Graduate Arts & Sci,3.91,24,0,17,7,0,0,0,0,0,0,0
2024 Fall,RUSS,2010,Second-Year Russian I,034637,"Nikolova,Mira",002,19701,College & Graduate Arts & Sci,3.64,10,0,4,3,2,0,1,0,0,0,0
2024 Fall,COMM,3020,Behavior Issues in Mktg & Mgmt,006454,"Foutz,Ying Natasha Zhang",008,14593,McIntire School of Commerce,3.41,50,0,2,22,15,7,4,0,0,0,0
2024 Fall,DS,5100,Programming for Data Science,046284,"Alvarado,Rafael",001,19305,School of Data Science,3.61,59,3,25,19,4,3,1,1,1,1,1
2024 Fall,CJ,5710,Conflict Res for Law Enf Execs,040130,"Craig,Amy L",01,17862,Continuing & Prof Studies,4.00,18,7,11,0,0,0,0,0,0,0,0
2024 Fall,LAW,7187,Law of Pub-Priv Partnerships,045970,"Martin,George",1,17970,School of Law,3.40,15,0,1,2,12,0,0,0,0,0,0
2024 Fall,PLAP,2250,American Political Tradition,031555,"Morrison,Jeffry",003,19463,College & Graduate Arts & Sci,3.73,18,0,6,9,3,0,0,0,0,0,0
2024 Fall,GCCS,3559,New Course in GCCS,047278,"Fink,Pierre-Christian",001,19856,College & Graduate Arts & Sci,3.87,26,3,13,9,1,0,0,0,0,0,0
2024 Fall,LPPS,5335,Wicked Problem of Gun Violence,047301,"Williams,Brian",001,20139,Batten Leadership & Public Pol,4.00,25,10,15,0,0,0,0,0,0,0,0
2024 Fall,ENGL,2502,Masterpieces of English Lit,012478,"Pasanek,Brad",002,20029,College & Graduate Arts & Sci,3.64,19,5,7,5,0,0,1,0,0,0,1
2024 Fall,SPAN,4712,Travelers in Latin America,039957,"Opere,Fernando",001,19185,College & Graduate Arts & Sci,3.76,12,0,8,2,0,1,1,0,0,0,0
2024 Fall,MDST,3912,Adapting Media,047174,"Duncan,Sean",001,18927,College & Graduate Arts & Sci,3.35,15,2,7,0,2,0,0,2,1,0,1
2024 Fall,LAR,6110,History of Landscape Design I,020909,"Lee,Michael",001,14407,School of Architecture,3.41,21,0,3,5,7,6,0,0,0,0,0
2024 Fall,DS,5003,Healthcare Data Science,047408,"Wernz,Christian",001,21051,School of Data Science,3.61,11,2,7,1,0,0,0,0,0,0,1
2024 Fall,ENGL,2560,Contemporary Literature,012508,"Norviel,Jordan",001,20973,College & Graduate Arts & Sci,3.70,20,0,14,2,1,2,0,0,0,0,1
2024 Fall,ITTR,4010,Narrating (Un-)sustainability,045498,"Cesaretti,Enrico",001,19163,College & Graduate Arts & Sci,3.94,10,0,8,2,0,0,0,0,0,0,0
2024 Fall,CS,5012,Foundations Computer Science,043283,"Dahshan,Mai",001,19760,Engineering & Applied Science,3.94,68,25,36,4,2,0,0,1,0,0,0
2024 Fall,GNUR,6641,FNP Seminar A,044787,"Yost,Terri",001,17523,School of Nursing,3.93,12,0,9,3,0,0,0,0,0,0,0
2024 Fall,ENGL,2502,Masterpieces of English Lit,012478,"O'Brien,John",001,19788,College & Graduate Arts & Sci,3.63,20,0,9,6,2,1,1,0,1,0,0
2024 Fall,LAW,7030,Family Law,021650,"Cahn,Naomi",1,20843,School of Law,3.62,24,0,5,12,6,0,1,0,0,0,0
2024 Fall,ISSS,4431,Cognitive Psychology,045543,"James,Abigail",101,20907,Continuing & Prof Studies,3.12,13,0,3,5,0,1,1,1,1,0,1
2024 Fall,ACCT,5210,Introductory Auditing,000190,"Thompson,Erica",701,20723,Continuing & Prof Studies,3.80,28,5,18,0,1,3,0,0,1,0,0
2024 Fall,HIEU,3471,English Legal History to 1776,018484,"Halliday,Paul",001,19313,College & Graduate Arts & Sci,3.36,19,0,3,8,4,3,0,0,0,0,1
2024 Fall,GNUR,6730,"Genetics, Embryology & Dev Phy",044650,"Kelly,Tracy",001,17517,School of Nursing,3.82,5,0,2,3,0,0,0,0,0,0,0
2024 Fall,EDLF,6020,Diversity in Higher Ed,009767,"Steinmetz,Christian",001,19802,School of Education and HumanDev,3.95,20,0,17,3,0,0,0,0,0,0,0
2024 Fall,HIST,2214,The Cold War,045128,"Hitchcock,William",100,19345,College & Graduate Arts & Sci,3.52,113,5,30,45,10,14,2,1,3,0,3
2024 Fall,CHEM,1411,Intro College Chem I Lab,005986,"Morkowchuk,Lisa",056,12373,College & Graduate Arts & Sci,3.88,13,9,2,1,0,0,1,0,0,0,0
2024 Fall,LAW,7009,Criminal Procedure Survey,021819,"Harmon,Rachel",1,20842,School of Law,3.55,78,3,8,31,31,4,1,0,0,0,0
2024 Fall,LAW,8807,PT Externship: Directed Study,042592,"Ryan,A.",1,17919,School of Law,3.80,10,0,7,1,1,1,0,0,0,0,0
2024 Fall,PSED,1080,Foundations in Business,046786,"Temkin,Jacqueline Lauren",F550,21079,Continuing & Prof Studies,3.33,15,4,5,2,2,0,0,0,0,0,2
2024 Fall,STAT,5140,Survival Analy & Reliab Theory,036674,"Zhou,Jianhui",001,19602,College & Graduate Arts & Sci,3.74,28,3,15,3,4,2,0,1,0,0,0
2024 Fall,CHEM,1411,Intro College Chem I Lab,005986,"Morkowchuk,Lisa",055,12372,College & Graduate Arts & Sci,3.74,19,13,2,3,0,0,0,0,0,0,1
2024 Fall,ENGL,2599,Special Topics,012514,"Ogden,Emily",002,19828,College & Graduate Arts & Sci,3.70,13,0,5,5,2,1,0,0,0,0,0
2024 Fall,HIST,4501,Major Seminar,019210,"Hitchcock,William",003,20365,College & Graduate Arts & Sci,3.49,11,0,5,3,1,1,0,0,0,0,1
2024 Fall,LAW,6000,Civil Procedure,021550,"Abrokwa,Alice",FG,17960,School of Law,3.40,62,0,6,14,31,9,2,0,0,0,0
2024 Fall,ECON,3720,Introduction to Econometrics,007939,"Rafi,Ahnaf",100,20047,College & Graduate Arts & Sci,3.26,40,3,8,7,4,8,4,3,2,1,0
2024 Fall,MESA,1000,From Genghis Khan to Stalin,024011,"Lyons,Shawn",001,19627,College & Graduate Arts & Sci,3.43,16,0,4,6,2,1,2,0,0,1,0
2024 Fall,CHEM,1411,Intro College Chem I Lab,005986,"Morkowchuk,Lisa",069,12386,College & Graduate Arts & Sci,3.15,24,9,3,5,0,0,2,0,0,1,4
2024 Fall,GDS,3010,Global Development Theory I,039893,"Kruks-Wisner,Gabrielle",001,10615,College & Graduate Arts & Sci,3.84,36,4,18,13,0,0,0,0,1,0,0
2024 Fall,MATH,1310,Calculus I,022953,"Wang,Caelan",800,19564,College & Graduate Arts & Sci,3.13,28,2,8,2,3,4,4,2,1,0,2
2024 Fall,DS,2002,Data Science Systems,046059,"Williamson,Jason",001,17664,School of Data Science,3.99,66,35,28,3,0,0,0,0,0,0,0
2024 Fall,PHS,7170,SAS and Data Mngt in Pop Hlth,030374,"Lyons,Genevieve",001,18347,Medical School - BIMS/PHS,3.96,61,56,2,0,2,1,0,0,0,0,0
2024 Fall,HISA,3559,New Course: HISA,039294,"Chatterjee,Indrani",001,20194,College & Graduate Arts & Sci,3.79,11,3,4,2,1,1,0,0,0,0,0
2024 Fall,EVSC,5559,New Course: EVSC,039170,"Mooney,Chris",001,21229,College & Graduate Arts & Sci,3.58,13,0,1,8,3,1,0,0,0,0,0
2024 Fall,HIEU,2559,New Course: HIEU,039252,"Vise,Melissa",100,19356,College & Graduate Arts & Sci,3.79,15,3,3,8,1,0,0,0,0,0,0
2024 Fall,EDIS,5030,Design Effec Lrn Exp & Environ,009426,"Meadows,Tiffany",001,15039,School of Education and HumanDev,3.92,28,12,12,2,1,1,0,0,0,0,0
2024 Fall,ANTH,3679,Curating Culture,046853,"Dobrin,Lise",100,19252,College & Graduate Arts & Sci,3.51,16,0,10,3,0,1,0,0,1,0,1
2024 Fall,HIAF,3031,History of the Slave Trade,045357,"Syed,Amir",001,19369,College & Graduate Arts & Sci,3.91,34,2,25,5,2,0,0,0,0,0,0
2024 Fall,ENCW,2300,Poetry Writing,013450,"Costello,Gabriel",004,20011,College & Graduate Arts & Sci,3.65,15,4,6,1,0,2,1,1,0,0,0
2024 Fall,LAR,7010,Foundation Studio III,020954,"Bohannon,Cermetrius",001,14414,School of Architecture,3.50,14,0,2,5,6,0,1,0,0,0,0
2024 Fall,ARCH,7010,Foundation Studio III,001680,"Fard,Ali",003,14411,School of Architecture,3.59,12,0,3,5,2,2,0,0,0,0,0
2024 Fall,ECON,3720,Introduction to Econometrics,007939,"Ruediger,Stefan",500,13975,College & Graduate Arts & Sci,3.46,82,0,14,40,9,8,5,4,1,0,1
2024 Fall,GNUR,6010,Advanced Pathophysiology,016929,"Quatrara,Beth",001,17407,School of Nursing,3.68,48,0,20,15,11,0,1,1,0,0,0
2024 Fall,CS,4740,Cloud Computing,043033,"Cheng,Yue",001,19545,Engineering & Applied Science,3.62,69,37,17,3,1,3,1,1,2,0,4
2024 Fall,EDLF,7402,Program Evaluation,009728,"Budavari,Alexa",001,19804,School of Education and HumanDev,3.79,15,7,2,4,1,0,1,0,0,0,0
2024 Fall,ENCW,2600,Fiction Writing,013455,"Eisenberg,Danny",010,20026,College & Graduate Arts & Sci,3.55,15,0,7,6,0,1,0,0,0,0,1
2024 Fall,PHYS,1110,Energy this World & Elsewhere,030782,"Dukes,E",001,11633,College & Graduate Arts & Sci,3.51,36,4,13,6,5,2,3,1,0,2,0
2024 Fall,COMM,3110,Intermediate Accounting I,006461,"Koch,Adam",100,14610,McIntire School of Commerce,3.55,41,1,15,9,5,9,1,0,1,0,0
2024 Fall,ARAB,2010,Intermediate Arabic I,001284,"Humeidan,Bilal",003,10722,College & Graduate Arts & Sci,3.71,15,0,4,9,1,1,0,0,0,0,0
2024 Fall,MDST,3388,Friday Night Lights,047293,"Clay,Anna",001,19938,College & Graduate Arts & Sci,3.86,30,6,14,8,1,1,0,0,0,0,0
2024 Fall,SPAN,2020,Advanced Intermediate Spanish,035854,"Hogg,Jennifer",006,10602,College & Graduate Arts & Sci,3.37,17,0,1,10,1,2,1,1,1,0,0
2024 Fall,LASE,2510,Topics in the Liberal Arts,046450,"Mueller,Justin",001,13056,College & Graduate Arts & Sci,3.90,16,2,11,2,0,1,0,0,0,0,0
2024 Fall,MUSI,2070,Popular Musics,024750,"Miller,Karl",100,19659,College & Graduate Arts & Sci,3.79,118,25,57,24,4,3,0,3,0,1,1
2024 Fall,ENGL,4901,The Bible: Part 1,046690,"Cushman,Stephen",001,19775,College & Graduate Arts & Sci,3.71,15,0,13,1,0,0,0,0,0,0,1
2024 Fall,APMA,3140,App Partial Differentl Equatns,001155,"Fernando,Thiwanka",003,19590,Engineering & Applied Science,3.22,42,1,9,9,7,8,2,3,0,1,2
2024 Fall,PHYS,1429,Intro Physics 1 Workshop,031036,"Bychkov,Maksim",005,11301,College & Graduate Arts & Sci,3.93,23,3,16,3,1,0,0,0,0,0,0
2024 Fall,ECON,2070,Economics of Gender at Work,047223,"Miller,Amalia",100,20232,College & Graduate Arts & Sci,3.26,71,2,18,14,11,10,2,5,7,1,1
2024 Fall,SPAN,3300,Texts and Interpretation,035904,"Opere,Alicia Lopez",009,20218,College & Graduate Arts & Sci,3.81,15,1,7,6,0,1,0,0,0,0,0
2024 Fall,GNUR,8250,Applied Stats for Clin Prac,044796,"Byon,Ha Do",001,17521,School of Nursing,3.90,32,17,7,6,2,0,0,0,0,0,0
2024 Fall,PHYS,2030,Princip of Physics 1 Workshop,030811,"Bychkov,Maksim",020,21028,College & Graduate Arts & Sci,3.83,23,1,16,3,1,1,1,0,0,0,0
2024 Fall,LPPL,4660,Value & Bias in Public Policy,042085,"Mckee,Stephanie",002,17320,Batten Leadership & Public Pol,3.64,65,0,14,38,7,4,1,1,0,0,0
2024 Fall,ARTH,3525,Topics in Ren Art History,040304,"White,Tonya L.",501,19036,College & Graduate Arts & Sci,4.00,10,8,2,0,0,0,0,0,0,0,0
2024 Fall,ENGL,3570,Studies in American Literature,011360,"Rody,Caroline",003,19984,College & Graduate Arts & Sci,3.76,22,1,12,4,3,2,0,0,0,0,0
2024 Fall,PLCP,3500,Topics in Comp Politics,041289,"Solomon,Sophia",002,20393,College & Graduate Arts & Sci,3.82,33,0,21,8,2,2,0,0,0,0,0
2024 Fall,ARH,8500,Spec Tops:Architecture History,002041,"Nelson,Louis",001,18931,School of Architecture,3.69,15,0,4,9,1,0,1,0,0,0,0
2024 Fall,EGMT,1510,Engaging Aesthetics,044512,"Levenson,Michael H",501,20793,College & Graduate Arts & Sci,3.69,21,0,11,5,3,0,1,1,0,0,0
2024 Fall,APMA,3100,Probability,001152,"Maiti,Deepyaman",003,15577,Engineering & Applied Science,3.38,38,17,7,3,0,1,3,1,2,1,3
2024 Fall,PLAD,7100,Politic Rsch Quantitat Methods,031232,"Winter,Nicholas",100,19930,College & Graduate Arts & Sci,3.84,8,0,5,2,1,0,0,0,0,0,0
2024 Fall,PLAP,3500,Spec Tops: American Politics,039393,"Cary,Mary Kate",200,19466,College & Graduate Arts & Sci,3.44,468,0,112,158,61,88,25,9,7,2,6
2024 Fall,CHEM,1411,Intro College Chem I Lab,005986,"Morkowchuk,Lisa",030,10589,College & Graduate Arts & Sci,3.91,23,13,3,7,0,0,0,0,0,0,0
2024 Fall,ALAR,5403,Venice: City and Landscape,047308,"Putalik,Erin",001,20133,School of Architecture,3.64,14,0,4,5,5,0,0,0,0,0,0
2024 Fall,ECE,3660,Microelectronic Circuits,007676,"Bowers,Steven",001,19849,Engineering & Applied Science,3.54,33,5,11,5,5,3,1,0,3,0,0
2024 Fall,ANTH,2285,Development & Humanitarianism,043961,"Tidey,Sylvia",001,13053,College & Graduate Arts & Sci,3.78,116,23,46,31,5,7,3,1,0,0,0
2024 Fall,ENTP,1010,Intro to Entrepreneurship,043881,"Etienne,Bevin",003,14665,McIntire School of Commerce,3.76,55,0,22,30,1,0,1,0,0,1,0
2024 Fall,ENWR,1510,Writing and Critical Inquiry,013432,"Park,Hyeona",093,20886,College & Graduate Arts & Sci,3.84,17,3,6,7,1,0,0,0,0,0,0
2024 Fall,STAT,4170,Financial Time Series,044093,"Woo,Jeffrey",001,19600,College & Graduate Arts & Sci,3.39,60,1,26,10,3,5,7,2,4,0,2
2024 Fall,ARH,8001,Methods in Architectural Hist,002034,"Crane,Sheila",001,14338,School of Architecture,3.57,10,0,4,2,2,1,1,0,0,0,0
2024 Fall,LAW,8651,Emerg Growth/Venture Captl:P&P,022181,"Lincoln,Michael",1,17899,School of Law,3.48,50,1,2,16,31,0,0,0,0,0,0
2024 Fall,CJ,5265,Strat. Comm. for LE Execs,046944,"Jones,Stephen D",01,17865,Continuing & Prof Studies,4.00,18,2,16,0,0,0,0,0,0,0,0
2024 Fall,BIOL,1040,The DNA Revolution,043971,"Taylor,Douglas",001,12416,College & Graduate Arts & Sci,3.64,299,18,176,35,7,39,11,1,6,0,6
2024 Fall,ECON,3010,Intermediate Microeconomics,007908,"Troyan,Peter",400,20501,College & Graduate Arts & Sci,2.95,94,4,15,10,6,22,6,10,15,4,2
2024 Fall,EDLF,7300,Foundations of Ed Research,009717,"Edwards,Kelly",001,15044,School of Education and HumanDev,3.93,9,0,7,2,0,0,0,0,0,0,0
2024 Fall,ISSS,4131,Community and Mental Health,041488,"Rasmussen,Alan",101,20702,Continuing & Prof Studies,3.92,26,12,11,0,3,0,0,0,0,0,0
2024 Fall,PHAR,9001,Principles of Pharmacology I,042342,"Biel,Cierra",001,18443,Medical School - BIMS/PHS,4.00,8,4,4,0,0,0,0,0,0,0,0
2024 Fall,ISHU,1600,Acad and Prof Writing,047102,"Ach,Jada",EL01,20804,Continuing & Prof Studies,2.81,14,1,7,1,0,0,0,0,1,1,3
2024 Fall,MEST,3240,Israel/Palestine in Literature,047348,"Kahlenberg,Caroline",001,20412,College & Graduate Arts & Sci,3.87,19,0,11,8,0,0,0,0,0,0,0
2024 Fall,LASE,3601,Critical Inquiry,047062,"Flood,David",001,19173,College & Graduate Arts & Sci,3.94,20,2,15,2,1,0,0,0,0,0,0
2024 Fall,SPAN,4200,History of the Language,035925,"Rini,Joel",001,19182,College & Graduate Arts & Sci,3.92,23,8,10,4,1,0,0,0,0,0,0
2024 Fall,ANTH,3541,Topics in Linguistics,041156,"Wendte,Nathan",100,19253,College & Graduate Arts & Sci,3.88,26,0,21,3,0,1,1,0,0,0,0
2024 Fall,LAW,9281,Legal Theory Workshop Seminar,044664,"Bayefsky,Rachel",1,20861,School of Law,3.51,14,0,3,2,9,0,0,0,0,0,0
2024 Fall,FREN,2010,Intermediate French I,014315,"Jurado,Anne",001,10176,College & Graduate Arts & Sci,3.69,16,0,9,4,1,0,1,1,0,0,0
2024 Fall,ITAL,1010,Elementary Italian I,020555,"Mattioli,Stella",004,10217,College & Graduate Arts & Sci,3.96,19,4,14,0,1,0,0,0,0,0,0
2024 Fall,EDLF,3170,Introduction to Adolescence,044395,"Wood,Kathryn Leigh Keller",001,15017,School of Education and HumanDev,4.00,27,2,25,0,0,0,0,0,0,0,0
2024 Fall,ENWR,1510,Writing and Critical Inquiry,013432,"Watts,Courtney",091,19952,College & Graduate Arts & Sci,3.92,18,0,13,5,0,0,0,0,0,0,0
2024 Fall,LING,3400,Structure of English,000747,"Crabtree,Janay",100,13037,College & Graduate Arts & Sci,3.43,19,0,4,7,4,1,2,0,0,1,0
2024 Fall,STAT,5390,Exploratory Data Analysis,043506,"Kafadar,Karen",001,13708,College & Graduate Arts & Sci,3.60,14,3,4,2,0,5,0,0,0,0,0
2024 Fall,ENGL,2508,Studies in Fiction,012491,"Chakravorty,Mrinalini",002,19822,College & Graduate Arts & Sci,3.60,20,1,7,6,1,3,2,0,0,0,0
2024 Fall,ENGL,2506,Studies in Poetry,012488,"Ramazani,Jahan",003,19823,College & Graduate Arts & Sci,3.62,18,0,5,7,4,2,0,0,0,0,0
2024 Fall,STAT,5330,Data Mining,040819,"Lubberts,Zach",001,12465,College & Graduate Arts & Sci,3.82,32,4,23,3,0,1,0,0,0,0,1
2024 Fall,LAW,7019,Criminal Investigation,021639,"Coughlin,Anne",1,17957,School of Law,3.56,45,1,8,14,20,2,0,0,0,0,0
2024 Fall,MSE,6592,Topics in Material Science,024433,"Cai,Liheng",005,19801,Engineering & Applied Science,3.94,5,1,3,1,0,0,0,0,0,0,0
2024 Fall,CHEM,1411,Intro College Chem I Lab,005986,"Morkowchuk,Lisa",021,10580,College & Graduate Arts & Sci,3.80,22,14,3,3,0,0,1,0,0,1,0
2024 Fall,ANTH,7060,Diss. Research Proposal,000909,"LaViolette,Adria",100,19271,College & Graduate Arts & Sci,3.77,6,2,2,0,2,0,0,0,0,0,0
2024 Fall,MATH,1140,Financial Mathematics,022937,"Puospekaite,Zivile",004,21184,College & Graduate Arts & Sci,3.46,38,3,18,6,2,3,1,1,2,0,2
2024 Fall,LPPP,2200,Introduction to Public Policy,042084,"Johannessen,Peter",100,17270,Batten Leadership & Public Pol,3.51,219,7,38,87,43,33,6,3,0,1,1
2024 Fall,CS,5012,Foundations Computer Science,043283,"Malitsky,Yuri",002,21050,Engineering & Applied Science,3.74,38,18,11,2,3,2,1,0,0,0,1
2024 Fall,CS,3120,Discrete Math and Theory 2,046229,"Floryan,Mark",002,19537,Engineering & Applied Science,3.07,139,1,38,19,17,25,10,7,6,1,15
2024 Fall,APMA,2120,Multivariable Calculus,001144,"Hellings,Christian",007,16861,Engineering & Applied Science,2.98,45,3,11,2,7,8,2,4,1,3,4
2024 Fall,CS,4710,Artificial Intelligence,006916,"Wei,Chen-Yu",001,16056,Engineering & Applied Science,3.85,52,11,24,11,5,1,0,0,0,0,0
2024 Fall,CHIN,4830,Classical Chinese Prose,042015,"Kinney,Anne",001,19152,College & Graduate Arts & Sci,3.69,11,0,8,0,2,0,0,0,1,0,0
2024 Fall,CHTR,3010,Traditional Chinese Lit,006137,"Kinney,Anne",01,19153,College & Graduate Arts & Sci,3.90,23,1,16,5,1,0,0,0,0,0,0
2024 Fall,ECON,3010,Intermediate Microeconomics,007908,"Santugini,Marc",800,20929,College & Graduate Arts & Sci,3.14,89,14,21,10,7,11,5,8,1,1,11
2024 Fall,ENGL,2500,Intro to Literary Studies,012548,"Churchill,Katherine",001,19785,College & Graduate Arts & Sci,3.64,20,0,7,7,3,3,0,0,0,0,0
2024 Fall,ENGL,2508,Studies in Fiction,012491,"Arata,Stephen",003,19825,College & Graduate Arts & Sci,3.51,19,0,5,6,5,1,1,1,0,0,0
2024 Fall,MUSI,2340,Learn to Groove,039726,"Jospe,Robert",001,12123,College & Graduate Arts & Sci,3.90,22,3,16,1,0,2,0,0,0,0,0
2024 Fall,SPAN,2020,Advanced Intermediate Spanish,035854,"Hogg,Jennifer",004,10600,College & Graduate Arts & Sci,3.64,17,0,6,7,2,1,0,1,0,0,0
2024 Fall,CHTR,3020,Survey of Modern Chinese Lit,040532,"Morse,Canaan",001,19320,College & Graduate Arts & Sci,3.47,25,0,6,8,6,3,0,1,1,0,0
2024 Fall,CE,4991,Civil Engr Design & Practice,004506,"Burden,Lindsay",001,16791,Engineering & Applied Science,3.86,46,10,24,5,7,0,0,0,0,0,0
2024 Fall,SYS,6064,Applied Human Factors Engr,037681,"Gerling,Gregory",700,21059,Engineering & Applied Science,3.53,16,0,8,2,0,3,3,0,0,0,0
2024 Fall,KOR,1010,Elementary Korean I,020864,"Chung,Juyeon",005,19161,College & Graduate Arts & Sci,3.74,17,4,5,5,1,1,1,0,0,0,0
2024 Fall,PLAP,4180,Pol Advertising and Democracy,039589,"Freedman,Paul",001,19467,College & Graduate Arts & Sci,3.81,15,0,7,7,1,0,0,0,0,0,0
2024 Fall,CHEM,1411,Intro College Chem I Lab,005986,"Morkowchuk,Lisa",017,10576,College & Graduate Arts & Sci,3.51,23,11,7,0,0,0,1,0,0,3,1
2024 Fall,EDLF,3240,Educ Multicultural Societies,044021,"Rodrguez,Alexa",001,14976,School of Education and HumanDev,3.61,26,0,9,14,0,1,0,1,0,0,1
2024 Fall,LPPL,7025,Values-Based Leadership,042195,"Adams,Gabrielle",002,17306,Batten Leadership & Public Pol,3.39,44,0,3,16,19,3,2,0,0,0,1
2024 Fall,ENGL,2599,Special Topics,012514,"Ghaly,Adrienne",005,19835,College & Graduate Arts & Sci,3.94,20,0,16,4,0,0,0,0,0,0,0
2024 Fall,CGBM,2310,Principles of Marketing,047003,"Foutz,Natasha",004,19957,McIntire School of Commerce,3.78,30,0,17,7,5,1,0,0,0,0,0
2024 Fall,FREN,8510,Seminar in Medieval Literature,014498,"Ogden,Amy",001,19203,College & Graduate Arts & Sci,3.76,7,0,4,1,2,0,0,0,0,0,0
2024 Fall,EGMT,1530,Engaging Differences,044514,"Wang,Tracey",102,11626,College & Graduate Arts & Sci,3.97,35,3,29,3,0,0,0,0,0,0,0
2024 Fall,EDLF,5160,Life Span Development,043142,"Smith,Ray",500,15289,School of Education and HumanDev,3.88,23,3,17,0,1,2,0,0,0,0,0
2024 Fall,AAS,3500,Intermediate Seminar in AAS,039376,"Richardson,Liana",005,19587,College & Graduate Arts & Sci,3.40,12,0,4,5,1,1,0,0,0,0,1
2024 Fall,PSHM,1010,Explorations in Healthcare,044696,"Hutchinson,Mark",560,21097,Continuing & Prof Studies,3.62,19,0,9,6,0,2,0,2,0,0,0
2024 Fall,COMM,3010,Strategy and Systems,006453,"Nelson,Russell R",002,14588,McIntire School of Commerce,3.32,50,0,5,9,18,15,3,0,0,0,0
2024 Fall,SOC,4540,Topics in Politics and Society,046495,"Driscoll,Daniel",001,19606,College & Graduate Arts & Sci,3.89,20,3,14,1,0,2,0,0,0,0,0
2024 Fall,PHYS,2030,Princip of Physics 1 Workshop,030811,"Bychkov,Maksim",024,21235,College & Graduate Arts & Sci,3.85,25,2,20,0,1,1,0,0,1,0,0
2024 Fall,ASL,1010,Elem Amer Sign Language I,002999,"Slusser,Miranda",005,21116,College & Graduate Arts & Sci,3.64,18,1,4,9,3,0,0,1,0,0,0
2024 Fall,ISLS,3000,Transformations: Liberal Arts,044252,"Matthews,Charlotte",101,20696,Continuing & Prof Studies,3.70,20,2,12,2,1,1,0,1,1,0,0
2024 Fall,IT,3000,Cloud Computing Foundations,046643,"Ofarril,Roger",701,20750,Continuing & Prof Studies,3.98,15,1,13,1,0,0,0,0,0,0,0
2024 Fall,ECON,3720,Introduction to Econometrics,007939,"Farmer,Leland",301,19147,College & Graduate Arts & Sci,2.96,68,7,7,9,7,10,7,4,11,5,1
2024 Fall,EDIS,6730,Diagnosis & Remediation I,009475,"Hayes,Latisha",506,21195,School of Education and HumanDev,3.85,13,0,11,0,0,2,0,0,0,0,0
2024 Fall,ISHU,4170,African-American Novels,020362,"Horton,David",101,20782,Continuing & Prof Studies,3.63,15,2,9,2,0,0,0,0,1,0,1
2024 Fall,AAS,2500,Topics in Africana Studies,046413,"Fields,Kimberly",006,19551,College & Graduate Arts & Sci,3.00,12,3,6,0,0,0,0,0,0,0,3
2024 Fall,ECE,6501,Topics: Elect & Computer Engr,007731,"Li,Jundong",001,16984,Engineering & Applied Science,3.78,6,0,3,2,1,0,0,0,0,0,0
2024 Fall,HIST,4990,DMP-Special Seminar,037505,"Kunakhovich,Kyrill",001,13915,College & Graduate Arts & Sci,3.90,12,0,8,4,0,0,0,0,0,0,0
2024 Fall,PLAP,3370,Wksp Cntmp Amer Elect Politics,031571,"Stroupe,Kenneth",001,20126,College & Graduate Arts & Sci,3.81,15,2,6,5,2,0,0,0,0,0,0
2024 Fall,PHS,7050,PH Law/Ethics,030367,"Bernheim,Ruth",001,18348,Medical School - BIMS/PHS,3.98,33,0,31,2,0,0,0,0,0,0,0
2024 Fall,APMA,3150,From Data to Knowledge,044104,"Chen,Heze",003,19591,Engineering & Applied Science,3.90,38,2,27,6,3,0,0,0,0,0,0
2024 Fall,PHYS,2030,Princip of Physics 1 Workshop,030811,"Bychkov,Maksim",003,10526,College & Graduate Arts & Sci,3.90,24,5,17,1,0,0,0,0,1,0,0
2024 Fall,DS,7200,Distributed Computing,047110,"Tashman,Adam",001,17704,School of Data Science,3.86,14,1,9,3,0,1,0,0,0,0,0
2024 Fall,HIEA,3351,"Borders, Maps & Conflict",046735,"Seeley,Joseph",001,19939,College & Graduate Arts & Sci,3.89,21,0,18,2,0,0,0,1,0,0,0
2024 Fall,SOC,5030,Classical Sociological Theory,035526,"Hunter,James",001,10543,College & Graduate Arts & Sci,3.47,9,0,2,1,5,1,0,0,0,0,0
2024 Fall,CHEM,5720,Methods in Bioanalytical Chem,005806,"Pompano,Rebecca",001,21100,College & Graduate Arts & Sci,3.70,19,2,12,0,1,3,0,0,1,0,0
2024 Fall,SOC,1010,Introductory Sociology,035243,"Unlu,Baris",002,13622,College & Graduate Arts & Sci,3.67,35,9,14,4,6,0,0,0,0,1,1
2024 Fall,LAW,9081,Trial Advocacy,022023,"Greene,Anthony",2,18003,School of Law,3.62,11,0,1,7,3,0,0,0,0,0,0
2024 Fall,EGMT,1540,Ethical Engagement,044515,"Bernard,Benjamin",215,13903,College & Graduate Arts & Sci,3.96,29,1,26,1,0,1,0,0,0,0,0
2024 Fall,CS,4501,Spec Top: Computer Science,006942,"Meng,Yu",002,19542,Engineering & Applied Science,3.92,61,27,30,2,1,0,0,0,0,0,1
2024 Fall,MESA,2125,Gateway to Mid East & S Asia,045127,"Sunya,Samhita",001,14059,College & Graduate Arts & Sci,3.97,60,0,54,6,0,0,0,0,0,0,0
2024 Fall,ANTH,7400,Linguistic Anthropology,000937,"Dobrin,Lise",100,19629,College & Graduate Arts & Sci,3.88,10,0,6,4,0,0,0,0,0,0,0
2024 Fall,PHYS,2415,Intro Physics 2 for Engineers,031076,"Chatterjee,Utpal",002,10556,College & Graduate Arts & Sci,3.37,56,5,10,12,12,8,6,2,0,0,1
2024 Fall,PSYC,5280,Neuropsychopharmacology,046395,"Erisir,Alev",001,13717,College & Graduate Arts & Sci,3.84,25,7,9,6,3,0,0,0,0,0,0
2024 Fall,ECON,3720,Introduction to Econometrics,007939,"Farmer,Leland",300,11476,College & Graduate Arts & Sci,2.91,50,4,5,4,5,10,5,8,3,6,0
2024 Fall,APMA,3080,Linear Algebra,001151,"Abramenko,Monika",003,15575,Engineering & Applied Science,3.25,42,2,12,8,5,5,1,3,4,0,2
2024 Fall,EDLF,7130,College Student Development,009723,"Steinmetz,Christian",001,20132,School of Education and HumanDev,3.76,14,0,12,1,0,0,0,0,0,0,1
2024 Fall,PHYS,2419,Intro Physics 2 Workshop,031079,"Bychkov,Maksim",007,11178,College & Graduate Arts & Sci,3.89,12,0,10,1,0,1,0,0,0,0,0
2024 Fall,WGS,2125,Race& Pwr in Gender& Sexuality,046589,"Orsak,Sarah",100,13034,College & Graduate Arts & Sci,3.59,41,9,20,5,2,0,0,0,1,1,3
2024 Fall,ANTH,2160,Culture & Environment,045704,"Weston,Kath",100,20071,College & Graduate Arts & Sci,3.79,58,0,54,0,0,1,0,0,0,0,3
2024 Fall,COMM,3030,Quantitative & Finan Analysis,006455,"Webb,Robert I",002,14599,McIntire School of Commerce,3.53,50,1,9,17,17,5,1,0,0,0,0
2024 Fall,STAT,3220,Intro to Regression Analysis,040001,"Varanyak,Krista",003,12424,College & Graduate Arts & Sci,3.66,73,0,36,24,5,3,2,1,0,0,2
2024 Fall,LPPP,5540,Applied Policy Clinics,044651,"Lehmann,Brooke",001,19855,Batten Leadership & Public Pol,3.88,6,4,1,0,1,0,0,0,0,0,0
2024 Fall,CHEM,2311,Org Chem Lab I Non Chem Major,043154,"Chruma,Jason J",002,11348,College & Graduate Arts & Sci,3.81,28,2,18,4,1,2,1,0,0,0,0
2024 Fall,ECON,4365,Global Financial Markets,044412,"Fostel,Ana",097,20928,College & Graduate Arts & Sci,3.47,31,3,8,6,7,3,2,1,0,1,0
2024 Fall,AMST,3422,Point of View Journalism,043702,"Goff,Lisa",001,20294,College & Graduate Arts & Sci,3.84,11,0,5,6,0,0,0,0,0,0,0
2024 Fall,CJ,5720,Seminar in Managing LE Image,043266,"White,Kenneth D",02,17837,Continuing & Prof Studies,4.00,21,17,4,0,0,0,0,0,0,0,0
2024 Fall,PSYC,4970,Distinguished Major Thesis I,032669,"Dodson,Chad",001,10411,College & Graduate Arts & Sci,4.00,31,4,27,0,0,0,0,0,0,0,0
2024 Fall,CJ,5720,Seminar in Managing LE Image,043266,"White,Kenneth D",01,17836,Continuing & Prof Studies,4.00,21,19,2,0,0,0,0,0,0,0,0
2024 Fall,PSYC,2005,Rsch Methods & Data Analysis I,032539,"Perrin,Paul",001,10407,College & Graduate Arts & Sci,3.67,150,47,48,20,13,8,5,3,4,1,1
2024 Fall,LAW,7078,Remedies,021744,"Harrison,John",1,20844,School of Law,3.59,62,2,11,24,20,5,0,0,0,0,0
2024 Fall,SPAN,3010,Grammar and Composition I,035893,"Poveda,Esther",003,11779,College & Graduate Arts & Sci,3.49,16,0,4,7,1,2,1,0,1,0,0
2024 Fall,PSYC,3440,Child Psychopathology,032569,"Sequeira,Stefanie",001,19451,College & Graduate Arts & Sci,3.75,149,0,106,17,11,6,3,1,2,0,3
2024 Fall,PLCP,4220,Comp Budgeting & Econ Pol,031717,"Savage,James",001,11777,College & Graduate Arts & Sci,3.69,15,0,5,6,4,0,0,0,0,0,0
2024 Fall,CHEM,1411,Intro College Chem I Lab,005986,"Morkowchuk,Lisa",066,12383,College & Graduate Arts & Sci,3.60,24,11,5,3,2,0,0,0,0,2,1
2024 Fall,PHYS,5880,Intro to Quantum Computing,044831,"Chern,Gia-Wei",001,12425,College & Graduate Arts & Sci,3.67,15,3,4,4,2,1,1,0,0,0,0
2024 Fall,ENWR,1510,Writing and Critical Inquiry,013432,"Carter,Tyler",033,10503,College & Graduate Arts & Sci,3.78,18,1,11,2,2,2,0,0,0,0,0
2024 Fall,CJ,3710,Conflict Resolution for Law En,006194,"Craig,Amy L",02,21529,Continuing & Prof Studies,4.00,13,4,9,0,0,0,0,0,0,0,0
2024 Fall,ENWR,3640,Writing with Sound,044171,"Ceraso,Stephanie",001,12421,College & Graduate Arts & Sci,3.96,16,1,13,2,0,0,0,0,0,0,0
2024 Fall,DANC,3460,Movement & Environment(s),046740,"Schetlick,Kathryn",001,20215,College & Graduate Arts & Sci,3.91,10,0,7,3,0,0,0,0,0,0,0
2024 Fall,SPAN,3400,Spain: From Kingdom to Empire,035908,"Riva,FERNANDO",001,11780,College & Graduate Arts & Sci,3.99,22,7,14,1,0,0,0,0,0,0,0
2024 Fall,CHEM,2311,Org Chem Lab I Non Chem Major,043154,"Chruma,Jason",003,11349,College & Graduate Arts & Sci,3.88,36,4,22,7,2,1,0,0,0,0,0
2024 Fall,CHEM,1411,Intro College Chem I Lab,005986,"Morkowchuk,Lisa",034,10591,College & Graduate Arts & Sci,3.75,22,15,3,1,0,0,1,1,0,1,0
2024 Fall,PHYS,5240,Intro to General Relativity,030888,"Yagi,Kento",001,19962,College & Graduate Arts & Sci,3.41,8,2,0,1,3,1,1,0,0,0,0
2024 Fall,PSYC,4500,Spec Tops: Psychology,032600,"Golino,Mariana",004,19453,College & Graduate Arts & Sci,3.74,24,0,11,8,4,1,0,0,0,0,0
2024 Fall,ASTR,1220,Intro Stars Galaxies Universe,003047,"Mohamed,Shazrene",001,11268,College & Graduate Arts & Sci,3.61,136,8,54,38,16,14,1,0,2,0,3
2024 Fall,ECE,6163,Solid State Devices,007725,"Ghosh,Avik",001,19851,Engineering & Applied Science,3.59,19,4,2,9,1,1,0,2,0,0,0
2024 Fall,RUSS,2010,Second-Year Russian I,034637,"Beadles,Bryant",001,19692,College & Graduate Arts & Sci,3.34,10,0,4,3,1,1,0,0,0,0,1
2024 Fall,ECE,6711,Probability & Stochastic Proc,007711,"Sidiropoulos,Nikolaos",001,16992,Engineering & Applied Science,3.55,10,1,2,4,0,2,1,0,0,0,0
2024 Fall,CHEM,1411,Intro College Chem I Lab,005986,"Morkowchuk,Lisa",060,12377,College & Graduate Arts & Sci,3.95,23,14,5,4,0,0,0,0,0,0,0
2024 Fall,LPPS,5555,Adv Pub Pol & Lead Seminar,047210,"ZIMMERMAN,JANE",002,20892,Batten Leadership & Public Pol,3.82,5,0,2,3,0,0,0,0,0,0,0
2024 Fall,CHIN,1010,Elementary Chinese,006047,"Wang,Ju Min",004,11187,College & Graduate Arts & Sci,3.85,11,0,7,3,1,0,0,0,0,0,0
2024 Fall,CHEM,1411,Intro College Chem I Lab,005986,"Morkowchuk,Lisa",028,10587,College & Graduate Arts & Sci,3.84,24,11,6,6,0,0,0,0,1,0,0
2024 Fall,PSYC,4100,Neuro of Emotion/Motivation,046687,"Williams,Cedric",001,13716,College & Graduate Arts & Sci,3.59,30,3,14,4,2,4,0,1,2,0,0
2024 Fall,CS,3140,Software Dev Essentials,046231,"Stone,Derrick",002,19539,Engineering & Applied Science,3.04,140,4,31,23,14,26,11,9,6,2,14
2024 Fall,CHEM,1411,Intro College Chem I Lab,005986,"Morkowchuk,Lisa",035,11253,College & Graduate Arts & Sci,3.93,24,20,2,1,0,0,1,0,0,0,0
2024 Fall,ALAR,8010,Research Studio 1,042199,"Crespo,Luis Pancorbo",003,14461,School of Architecture,3.95,6,1,4,1,0,0,0,0,0,0,0
2024 Fall,PHIL,1740,Issues of Life and Death,030031,"Stangl,Rebecca",100,19224,College & Graduate Arts & Sci,3.45,171,0,32,49,51,31,5,2,1,0,0
2024 Fall,LAR,6010,Foundation Studio I,020950,"Seibert,Matthew",001,14339,School of Architecture,3.36,8,0,1,1,4,2,0,0,0,0,0
2024 Fall,HIUS,3652,Afro-American Hist since 1865,019624,"Gaines,Kevin",001,19360,College & Graduate Arts & Sci,3.22,27,1,9,3,5,3,1,0,3,1,1
2024 Fall,EGMT,1510,Engaging Aesthetics,044512,"Goldblatt,Laura",108,13828,College & Graduate Arts & Sci,4.00,35,4,31,0,0,0,0,0,0,0,0
2024 Fall,CHEM,1411,Intro College Chem I Lab,005986,"Morkowchuk,Lisa",057,12374,College & Graduate Arts & Sci,3.80,24,11,7,5,0,0,0,0,0,0,1
2024 Fall,LAW,8846,Trisect Fellw: Ind Stdy (YR),047128,"Duffy,John",1,21282,School of Law,3.91,8,1,5,1,1,0,0,0,0,0,0
2024 Fall,LAW,7626,Oral Presentat Outside Ct (SC),040080,"Shadel,Molly",2,18016,School of Law,3.39,9,0,0,2,7,0,0,0,0,0,0
2024 Fall,BIOL,4910,Life Sciences Research,043055,"Kawasaki,Masashi",001,11339,College & Graduate Arts & Sci,3.97,141,110,24,5,0,1,0,0,0,1,0
2024 Fall,LAW,7051,Internatl Business Transactns,021670,"Butler,Jay",1,18114,School of Law,3.48,49,0,9,9,28,3,0,0,0,0,0
2024 Fall,PHS,7051,"Policy Dev, Analysis& Advocacy",045006,"Zelle,Heather",002,18350,Medical School - BIMS/PHS,3.86,11,0,6,5,0,0,0,0,0,0,0
2024 Fall,HIEA,3171,Meiji Japan,041010,"Stolz,Robert",001,19373,College & Graduate Arts & Sci,3.65,15,0,4,6,5,0,0,0,0,0,0
2024 Fall,HIUS,3071,The Coming of the Civil War,019569,"Varon,Elizabeth",100,19341,College & Graduate Arts & Sci,3.48,52,6,14,13,10,4,2,1,0,0,2
2024 Fall,CHEM,1411,Intro College Chem I Lab,005986,"Morkowchuk,Lisa",062,12379,College & Graduate Arts & Sci,3.99,24,19,4,1,0,0,0,0,0,0,0
2024 Fall,ENWR,1510,Writing and Critical Inquiry,013432,"Hager,Stephen",501,20796,College & Graduate Arts & Sci,3.74,21,0,12,6,1,1,0,0,1,0,0
2024 Fall,ARTH,3062,Pompeii,002505,"Kreindler,Kate",001,18966,College & Graduate Arts & Sci,3.74,60,5,25,20,4,4,1,1,0,0,0
2024 Fall,CJ,5890,Law Enforcement ExecEssentials,044117,"Castillo,Angel",01,17839,Continuing & Prof Studies,3.96,15,0,13,2,0,0,0,0,0,0,0
2024 Fall,COMM,4710,Intermediate Investments,006538,"Kulkarni,Sheisha",003,14619,McIntire School of Commerce,3.76,20,0,10,7,1,2,0,0,0,0,0
2024 Fall,EDLF,7630,Ed in Multicultural Societies,045079,"Hoffman,Diane",500,15295,School of Education and HumanDev,3.80,17,0,8,8,0,1,0,0,0,0,0
2024 Fall,ECON,4400,Topics in Economic History,007974,"Thomas,Mark",001,13495,College & Graduate Arts & Sci,3.50,18,0,3,6,6,3,0,0,0,0,0
2024 Fall,MUSI,3410,Orchestration I,045130,"Rous,Benjamin",001,19672,College & Graduate Arts & Sci,3.94,16,3,11,1,1,0,0,0,0,0,0
2024 Fall,ENWR,1510,Writing and Critical Inquiry,013432,"Childers,Jodie",044,11343,College & Graduate Arts & Sci,3.74,17,1,9,4,1,0,2,0,0,0,0
2024 Fall,EGMT,1520,Empirical Engagement,044513,"Rosenblith,Gillet",114,12430,College & Graduate Arts & Sci,3.99,34,6,27,1,0,0,0,0,0,0,0
2024 Fall,ENGL,3572,African-American Lit & Culture,011386,"Ross,Marlon",001,19611,College & Graduate Arts & Sci,3.38,10,0,1,4,1,3,1,0,0,0,0
2024 Fall,STAT,6190,Intro to Math Statistics,036679,"Wang,Jingming",001,11058,College & Graduate Arts & Sci,3.33,36,3,4,7,9,7,4,1,1,0,0
2024 Fall,MATH,2315,Adv Calculus and Lin Alg I,023415,"Sherman,David",100,11312,College & Graduate Arts & Sci,3.69,18,0,9,4,2,3,0,0,0,0,0
2024 Fall,ASL,1010,Elem Amer Sign Language I,002999,"Slusser,Miranda",003,11180,College & Graduate Arts & Sci,3.24,17,1,4,3,3,2,2,0,0,1,1
2024 Fall,DRAM,2310,Costume Technology,007220,"Linton,Marcy",001,13057,College & Graduate Arts & Sci,3.89,15,0,12,2,0,1,0,0,0,0,0
2024 Fall,STS,2600,Engineering Ethics,046988,"Groves,James",012,20914,Engineering & Applied Science,3.68,28,0,12,11,3,1,0,0,0,0,1
2024 Fall,CJ,5660,Leading Through Wellness,041450,"Western,Gerald",01,21516,Continuing & Prof Studies,4.00,15,7,8,0,0,0,0,0,0,0,0
2024 Fall,HIEU,3041,The Fall of the Roman Republic,018433,"Meyer,Elizabeth",001,13413,College & Graduate Arts & Sci,3.39,30,5,4,8,2,8,1,0,1,0,1
2024 Fall,LPPA,6100,Economics of Public Policy I,032139,"Mbiti,Isaac",200,17262,Batten Leadership & Public Pol,3.26,46,0,12,7,3,12,9,1,1,1,0
2024 Fall,AAS,2500,Topics in Africana Studies,046413,"Jones,Micah",001,14157,College & Graduate Arts & Sci,3.79,11,0,7,2,1,1,0,0,0,0,0
2024 Fall,MAE,4120,Aerospace Propulsion,022598,"Ma,Lin",001,15614,Engineering & Applied Science,3.34,78,9,30,2,4,19,2,3,7,0,2
2024 Fall,CE,5020,Geographic Information Systems,004577,"Miller,John",001,16052,Engineering & Applied Science,3.61,11,0,5,2,2,1,1,0,0,0,0
2024 Fall,PSYC,3240,Animal Minds,032492,"Meliza,Daniel",001,19450,College & Graduate Arts & Sci,3.33,96,0,23,27,11,15,10,4,5,0,1
2024 Fall,ENGL,3310,18th-Century Women Writers,011645,"Hurley,Alison",001,19780,College & Graduate Arts & Sci,3.23,21,0,2,12,4,0,0,1,0,0,2
2024 Fall,ARAH,5559,New Course: ARAH,040906,"Smith,Tyler Jo",001,18952,College & Graduate Arts & Sci,3.55,11,0,4,3,1,2,1,0,0,0,0
2024 Fall,PSLP,5300,Foundations of Leadership,044292,"Degner,Kai",701,20735,Continuing & Prof Studies,3.84,21,8,9,1,0,3,0,0,0,0,0
2024 Fall,SPAN,4700,Spanish Culture & Civilization,035932,"Valverde,Fernando",001,13008,College & Graduate Arts & Sci,3.97,21,2,17,2,0,0,0,0,0,0,0
2024 Fall,NUCO,3610,Maternal/Child Nursing,043226,"Kastello,Jennifer",001,17460,School of Nursing,3.81,47,0,23,22,0,1,1,0,0,0,0
2024 Fall,ENGL,4561,Modern Lit & Culture Seminar,012610,"Chakravorty,Mrinalini",001,19821,College & Graduate Arts & Sci,3.65,11,1,4,3,1,1,1,0,0,0,0
2024 Fall,EVEC,7100,Mgmt of Forest Ecosystems,013745,"Nyelele,Charity",100,13518,College & Graduate Arts & Sci,3.81,10,0,5,4,1,0,0,0,0,0,0
2024 Fall,HIUS,4501,Seminar United States History,019633,"Varon,Elizabeth",001,12985,College & Graduate Arts & Sci,3.78,10,1,3,5,1,0,0,0,0,0,0
2024 Fall,ENGL,3825,Desktop Publishing,043442,"Livingood,James",001,20004,College & Graduate Arts & Sci,3.96,16,0,14,2,0,0,0,0,0,0,0
2024 Fall,ECON,3010,Intermediate Microeconomics,007908,"Westerfield,Maria",500,20524,College & Graduate Arts & Sci,3.08,98,6,12,14,9,21,15,14,4,3,0
2024 Fall,LPPP,6350,Politics of Public Policy,045109,"Holbein,John",001,19443,Batten Leadership & Public Pol,3.55,51,0,18,14,13,3,2,0,0,0,1
2024 Fall,NUCO,2130,Therapeutic Prin of Nrsg Care,029370,"Logan,Jeongok",001,17418,School of Nursing,3.60,120,0,28,51,28,12,1,0,0,0,0
2024 Fall,LAW,9239,BigLaw Prof (and Bus) of Law,043824,"Duncan,Robert",1,17922,School of Law,3.53,19,0,4,4,11,0,0,0,0,0,0
2024 Fall,APMA,2130,Ordinary Differentl Equations,001145,"Marley,Jennifer",002,15570,Engineering & Applied Science,3.34,46,7,14,6,4,3,3,2,5,1,1
2024 Fall,CHE,3316,Chem Thermo & Staged Oper,005446,"Anderson,Eric",001,15600,Engineering & Applied Science,3.35,41,1,8,9,15,2,3,2,0,0,1
2024 Fall,ASTR,4810,Astrophysics,003097,"Arras,Phil",001,18920,College & Graduate Arts & Sci,3.43,11,0,2,4,3,0,1,1,0,0,0
2024 Fall,PLCP,3630,Politics in India and Pakistan,031697,"Echeverri-Gent,John",001,11396,College & Graduate Arts & Sci,3.28,52,0,8,15,18,4,2,1,1,1,2
2024 Fall,CS,3205,HCI in Software Development,006898,"Morrison,Briana",001,21143,Engineering & Applied Science,3.39,80,0,22,19,16,13,5,2,0,0,3
2024 Fall,SOC,4730,"Race, Ethnicity and Nation",047295,"Unlu,Baris",001,19959,College & Graduate Arts & Sci,3.88,18,5,6,7,0,0,0,0,0,0,0
2024 Fall,EDIS,5025,"Curric, Instruct & Assessment",044060,"Allen,Amanda",501,15252,School of Education and HumanDev,3.90,17,0,14,1,2,0,0,0,0,0,0
2024 Fall,COMM,4310,Global Marketing,006515,"Kozlenkova,Irina",001,14614,McIntire School of Commerce,3.61,19,0,7,4,6,2,0,0,0,0,0
2024 Fall,CHEM,1411,Intro College Chem I Lab,005986,"Morkowchuk,Lisa",029,10588,College & Graduate Arts & Sci,3.80,24,13,4,5,0,0,1,0,1,0,0
2024 Fall,SYS,5581,Topics in Systems Engineering,040876,"Schoka,Andrew",003,20714,Engineering & Applied Science,3.80,11,2,5,3,0,0,1,0,0,0,0
2024 Fall,LAW,9232,Bioethics and the Law Seminar,043277,"Shepherd,Lois",1,18107,School of Law,3.46,15,1,1,4,6,3,0,0,0,0,0
2024 Fall,BIOC,8130,Colloquium,003290,"Smith,Jeffrey",001,18397,Medical School - BIMS/PHS,4.00,14,3,11,0,0,0,0,0,0,0,0
2024 Fall,NUIP,4610,Leadershp/Mgt in Hlth Care Sys,029457,"Toll,Crystal",002,17578,School of Nursing,3.94,10,4,4,2,0,0,0,0,0,0,0
2024 Fall,KINE,3601,Musculoskeletal Anatomy Lab I,042824,"Higgins,Michael",001,14886,School of Education and HumanDev,3.87,19,0,11,8,0,0,0,0,0,0,0
2024 Fall,EGMT,1530,Engaging Differences,044514,"Jameson-Ellsmore,Ben",223,13873,College & Graduate Arts & Sci,3.96,17,8,7,2,0,0,0,0,0,0,0
2024 Fall,CHEM,1411,Intro College Chem I Lab,005986,"Morkowchuk,Lisa",071,12388,College & Graduate Arts & Sci,3.74,24,15,5,0,0,0,3,0,0,1,0
2024 Fall,LAW,9226,Contract Theory,043260,"Cohen,George",1,20859,School of Law,3.54,9,0,2,2,5,0,0,0,0,0,0
2024 Fall,GREE,5160,Herodotus,017216,"Dillery,John",001,19386,College & Graduate Arts & Sci,3.61,10,1,2,4,1,2,0,0,0,0,0
2024 Fall,SYS,6044,Engineering Economic Systems,042542,"Lark,James",001,16967,Engineering & Applied Science,3.87,15,2,9,3,0,1,0,0,0,0,0
2024 Fall,CJ,5660,Leading Through Wellness,041450,"Western,Gerald",02,21523,Continuing & Prof Studies,4.00,25,2,23,0,0,0,0,0,0,0,0
2024 Fall,LAW,7625,Intro to Negotiation (SC),021718,"Pruett,Amy",1,20926,School of Law,3.46,18,2,3,3,2,8,0,0,0,0,0
2024 Fall,CJ,5760,Strategic Management & Comm,047192,"Lehman,Matthew D",C901,17881,Continuing & Prof Studies,3.85,29,0,21,4,3,1,0,0,0,0,0
2024 Fall,PHYS,2030,Princip of Physics 1 Workshop,030811,"Bychkov,Maksim",010,10533,College & Graduate Arts & Sci,3.85,25,3,19,0,2,0,0,0,0,1,0
2024 Fall,EDHS,4010,Tech Apps Special Populations,042944,"Appert,Christine",001,19742,School of Education and HumanDev,3.75,13,5,6,1,0,0,0,0,0,0,1
2024 Fall,GNUR,6058,"Nursng, Ethics & Hthcare Arena",016894,"Epstein,Beth",001,17405,School of Nursing,3.95,34,0,28,6,0,0,0,0,0,0,0
2024 Fall,CHE,6625,Transport Processes,005513,"Lazzara,Matthew",600,19598,Engineering & Applied Science,3.43,6,0,1,1,3,1,0,0,0,0,0
2024 Fall,DS,7700,Value II: Data and Society,047109,"Hicks,Mar",001,17705,School of Data Science,3.64,20,5,6,3,2,1,3,0,0,0,0
2024 Fall,HIUS,5000,African-American Hist to 1877,045755,"Edwards,Justene Hill",001,19383,College & Graduate Arts & Sci,3.76,7,0,5,0,1,1,0,0,0,0,0
2024 Fall,FREN,3031,Finding Your Voice in French,014357,"Krueger,Cheryl",003,10183,College & Graduate Arts & Sci,3.94,16,0,13,3,0,0,0,0,0,0,0
2024 Fall,EGMT,1540,Ethical Engagement,044515,"Ott,Walter",221,19419,College & Graduate Arts & Sci,3.33,34,0,6,5,10,10,2,1,0,0,0
2024 Fall,LAW,7145,Rules,043863,"Setear,John",1,20847,School of Law,3.43,6,0,0,2,4,0,0,0,0,0,0
2024 Fall,SYS,6060,Autonomous Mobile Robots,046716,"Bezzo,Nicola",001,16817,Engineering & Applied Science,3.78,6,2,2,1,0,1,0,0,0,0,0
2024 Fall,CHEM,1411,Intro College Chem I Lab,005986,"Morkowchuk,Lisa",065,12382,College & Graduate Arts & Sci,3.90,24,15,6,2,0,0,0,1,0,0,0
2024 Fall,EDLF,2080,Fundamentals of Statistics,044842,"Hull,Michael",001,15040,School of Education and HumanDev,3.68,49,22,11,6,4,1,1,0,2,1,1
2024 Fall,NASC,2100,Leadership and Management,025314,"Andrews,Toy",001,17770,Executive VP & Provost,3.88,11,3,5,2,1,0,0,0,0,0,0
2024 Fall,PHYS,7410,Electricity and Magnetism I,042834,"Paschke,Kent",001,11281,College & Graduate Arts & Sci,3.23,21,2,2,6,1,5,3,1,0,0,1
2024 Fall,BIOL,8050,Adv. Evolutionary Biol,042414,"Bergland,Alan",001,20883,College & Graduate Arts & Sci,3.93,9,0,7,2,0,0,0,0,0,0,0
2024 Fall,EDHS,2230,Drug Awareness,044847,"Pleszkoch,Elisabeth",001,15059,School of Education and HumanDev,3.86,71,3,54,5,4,3,2,0,0,0,0
2024 Fall,CE,5020,Geographic Information Systems,004577,"Miller,John",600,16645,Engineering & Applied Science,3.84,10,3,3,3,1,0,0,0,0,0,0
2024 Fall,EDHS,7640,Cognitive Assessment,009240,"Blodgett,Julia",001,14756,School of Education and HumanDev,3.92,11,1,7,3,0,0,0,0,0,0,0
2024 Fall,CHEM,1411,Intro College Chem I Lab,005986,"Morkowchuk,Lisa",025,10584,College & Graduate Arts & Sci,3.71,24,14,3,4,1,0,0,0,1,0,1
2024 Fall,MSE,6120,Characterization of Materials,037554,"Burns,Kory",001,19783,Engineering & Applied Science,3.55,27,0,4,13,7,2,1,0,0,0,0
2024 Fall,ALAR,8010,Research Studio 1,042199,"Robles,Ines Martin",004,14462,School of Architecture,3.85,6,2,1,3,0,0,0,0,0,0,0
2024 Fall,LAW,8017,Securities Regultn (Law & Bus),021956,"Curtis,Quinn",1,20852,School of Law,3.56,39,0,8,14,14,2,1,0,0,0,0
2024 Fall,EGMT,1540,Ethical Engagement,044515,"Kwok,Cherrie",101,19409,College & Graduate Arts & Sci,3.93,14,3,10,0,0,1,0,0,0,0,0
2024 Fall,CHEM,1411,Intro College Chem I Lab,005986,"Morkowchuk,Lisa",059,12376,College & Graduate Arts & Sci,3.74,21,13,3,3,0,0,1,0,0,0,1
2024 Fall,CHEM,1411,Intro College Chem I Lab,005986,"Morkowchuk,Lisa",063,12380,College & Graduate Arts & Sci,3.96,24,17,4,3,0,0,0,0,0,0,0
2024 Fall,STS,4500,STS and Engineering Practice,036749,"Murray,Sean",028,20978,Engineering & Applied Science,3.87,28,22,4,0,0,0,1,0,0,1,0
2024 Fall,CLAS,3210,Tragedy and Comedy,006318,"Williams,David",001,19363,College & Graduate Arts & Sci,3.56,29,0,14,4,8,2,0,0,0,0,1
2024 Fall,LPPL,7410,Psychology for Leadership,041246,"Converse,Benjamin",002,19442,Batten Leadership & Public Pol,3.39,59,0,15,11,12,12,8,1,0,0,0
2024 Fall,ENWR,1510,Writing and Critical Inquiry,013432,"Luborsky,Alexa",074,12136,College & Graduate Arts & Sci,3.89,18,1,13,3,0,1,0,0,0,0,0
2024 Fall,WGS,2700,Men and Masculinities,041671,"Speidel,Lisa",001,11213,College & Graduate Arts & Sci,3.95,60,0,57,0,0,2,1,0,0,0,0
2024 Fall,ECON,3010,Intermediate Microeconomics,007908,"Kripalani,Jessica",100,20525,College & Graduate Arts & Sci,2.93,138,10,23,17,20,17,14,12,5,5,15
2024 Fall,CHEM,1411,Intro College Chem I Lab,005986,"Morkowchuk,Lisa",033,10590,College & Graduate Arts & Sci,3.93,24,18,4,1,0,0,1,0,0,0,0
2024 Fall,ENWR,1510,Writing and Critical Inquiry,013432,"Piescik,Jasmine",053,12356,College & Graduate Arts & Sci,3.82,18,0,11,5,1,1,0,0,0,0,0
2024 Fall,CHEM,1411,Intro College Chem I Lab,005986,"Morkowchuk,Lisa",026,10585,College & Graduate Arts & Sci,3.88,24,18,1,3,1,0,1,0,0,0,0
2024 Fall,SOC,2470,Amer Society & Popular Culture,035337,"Foster,B.",100,19519,College & Graduate Arts & Sci,3.83,119,0,93,15,2,2,4,0,2,0,1
2024 Fall,PSED,1080,Foundations in Business,046786,"Jamison,Carrie Lynn",D550,20809,Continuing & Prof Studies,3.86,14,4,6,3,0,1,0,0,0,0,0
2024 Fall,NUIP,2420,Pathophysiology I,043234,"Apple,Ashley",001,17543,School of Nursing,3.69,92,7,30,35,10,7,2,1,0,0,0
2024 Fall,ENGL,8540,Studies in 19th-C Literature,012806,"Fraiman,Susan",001,19781,College & Graduate Arts & Sci,3.81,9,0,6,1,2,0,0,0,0,0,0
2024 Fall,BIOL,8240,Professional Skills I,039793,"Larson,Tracy",001,19920,College & Graduate Arts & Sci,3.63,23,4,12,3,0,0,2,0,1,0,1
2024 Fall,CHEM,1411,Intro College Chem I Lab,005986,"Morkowchuk,Lisa",053,12370,College & Graduate Arts & Sci,3.63,23,14,2,3,0,0,2,0,1,0,1
2024 Fall,MAE,4610,ME Design I,022602,"Momot,Michael",003,16630,Engineering & Applied Science,3.91,21,7,9,4,1,0,0,0,0,0,0
2024 Fall,CJ,4670,Law Enf Approaches to CT,042685,"Bryant,James Kenneth",01,21536,Continuing & Prof Studies,3.97,19,0,17,2,0,0,0,0,0,0,0
2024 Fall,CJ,5070,Managing Organizational Change,006251,"Guzman,Javier",02,21539,Continuing & Prof Studies,4.00,33,31,2,0,0,0,0,0,0,0,0
2024 Fall,ARCH,5420,Digital Animation & Strytellng,001610,"Mark,Earl",001,14494,School of Architecture,3.73,20,1,8,6,5,0,0,0,0,0,0
2024 Fall,PLAN,3011,Race and the American City,045892,"Sewell,Jessica",100,14529,School of Architecture,3.73,17,0,14,2,0,0,0,0,0,0,1
2024 Fall,GSVS,3310,Sustainability Policy,046683,"Phillips,Spencer",001,13185,College & Graduate Arts & Sci,3.91,49,6,29,14,0,0,0,0,0,0,0
2024 Fall,LAW,9119,Litigatng the 2024 Pres Elec,022312,"Ortiz,Daniel",1,20925,School of Law,3.42,10,0,1,2,6,1,0,0,0,0,0
2024 Fall,EDLF,7808,Strat Align of Plan & Resource,009751,"Stacy,Jaime",500,15244,School of Education and HumanDev,3.98,15,5,9,1,0,0,0,0,0,0,0
2024 Fall,LAW,7196,Repugnant Transactions,046382,"Krawiec,Kimberly",1,17984,School of Law,3.44,27,0,1,8,18,0,0,0,0,0,0
2024 Fall,NUCO,3110,Adult-Gero Nursing,043224,"Bragg,Sharon",001,17458,School of Nursing,3.90,89,0,64,22,3,0,0,0,0,0,0
2024 Fall,APMA,3080,Linear Algebra,001151,"Li,Meiqin",004,16060,Engineering & Applied Science,3.16,35,4,7,5,4,5,1,3,3,2,1
2024 Fall,CE,2300,Statics,004438,"Liu,Leo",001,16024,Engineering & Applied Science,3.47,27,2,13,3,2,3,1,0,0,2,1
2024 Fall,LPPS,7050,Elements of Statecraft,042086,"Robinson,John",001,17312,Batten Leadership & Public Pol,3.47,12,0,3,3,5,0,0,0,1,0,0
2024 Fall,GCOM,7020,Strategic Cost Management,015390,"Roberts,Andrea",001,14626,McIntire School of Commerce,3.55,65,0,13,23,23,6,0,0,0,0,0
2024 Fall,ECON,8150,Economics of Labor Markets,008055,"Harrington,Emma",100,13496,College & Graduate Arts & Sci,3.80,10,2,6,0,1,0,1,0,0,0,0
2024 Fall,COMM,3030,Quantitative & Finan Analysis,006455,"Erwin,Gayle R",005,14602,McIntire School of Commerce,3.57,49,0,11,22,12,2,0,1,0,1,0
2024 Fall,EGMT,1530,Engaging Differences,044514,"Jameson-Ellsmore,Ben",222,13872,College & Graduate Arts & Sci,3.95,35,7,25,1,2,0,0,0,0,0,0
2024 Fall,SPAN,2020,Advanced Intermediate Spanish,035854,"West,Rachel",014,11157,College & Graduate Arts & Sci,3.54,18,0,6,7,2,2,0,0,0,0,1
2024 Fall,PHYS,1429,Intro Physics 1 Workshop,031036,"Bychkov,Maksim",006,21284,College & Graduate Arts & Sci,3.62,22,3,14,1,1,0,1,0,1,0,1
2024 Fall,LAW,9007,An American Half-Century,022323,"Setear,John",1,20854,School of Law,3.52,16,1,3,1,11,0,0,0,0,0,0
2024 Fall,CJ,5610,Constitutional Law & Policing,039972,"Pettry,Michael T",01,17835,Continuing & Prof Studies,3.98,17,8,8,1,0,0,0,0,0,0,0
2024 Fall,WGS,4800,Queer Theory,040463,"Meyer,Doug",001,20832,College & Graduate Arts & Sci,3.53,17,0,2,7,7,1,0,0,0,0,0
2024 Fall,ENTP,1010,Intro to Entrepreneurship,043881,"Etienne,Bevin",002,14664,McIntire School of Commerce,3.83,55,0,32,18,4,0,1,0,0,0,0
2024 Fall,EGMT,1530,Engaging Differences,044514,"Wang,Tracey",219,13869,College & Graduate Arts & Sci,3.87,34,4,27,0,0,2,0,0,0,1,0
2024 Fall,SOC,2442,Systems of Inequality,040429,"Shao,Di",001,19716,College & Graduate Arts & Sci,3.81,35,0,16,17,2,0,0,0,0,0,0
2024 Fall,FREN,2010,Intermediate French I,014315,"Simotas,Spyridon",003,10173,College & Graduate Arts & Sci,3.65,18,0,11,1,3,0,3,0,0,0,0
2024 Fall,MDST,3050,History of Media,023526,"Driscoll,Kevin",001,12036,College & Graduate Arts & Sci,3.51,79,0,6,42,20,9,1,1,0,0,0
2024 Fall,SPAN,2020,Advanced Intermediate Spanish,035854,"Park,Sara",024,20634,College & Graduate Arts & Sci,3.73,16,0,5,9,1,1,0,0,0,0,0
2024 Fall,LAW,9165,Privacy Torts,041704,"Citron,Danielle",1,18103,School of Law,3.60,16,1,3,5,6,1,0,0,0,0,0
2024 Fall,CJ,3710,Conflict Resolution for Law En,006194,"Craig,Amy L",03,21535,Continuing & Prof Studies,4.00,12,4,8,0,0,0,0,0,0,0,0
2024 Fall,MISC,4010,Msn Command & Army Profession,024260,"EatonFerenzi,Elizabeth",001,17757,Executive VP & Provost,3.92,11,0,8,3,0,0,0,0,0,0,0
2024 Fall,JPTR,3210,The Tale of Genji,020823,"Heldt,Gustav",01,19158,College & Graduate Arts & Sci,3.67,15,0,7,4,2,1,1,0,0,0,0
2024 Fall,CJ,4490,Critical Incident Leadership,043130,"Dalfonzo,Vincent A",02,17844,Continuing & Prof Studies,4.00,17,2,15,0,0,0,0,0,0,0,0
2024 Fall,PHIL,1710,Human Nature,030028,"Langsam,Harold",100,13682,College & Graduate Arts & Sci,3.36,105,0,5,49,23,20,4,1,1,0,2
2024 Fall,EGMT,1530,Engaging Differences,044514,"Yonnetti,Eben",124,13866,College & Graduate Arts & Sci,3.95,35,0,32,2,0,1,0,0,0,0,0
2024 Fall,NUCO,3310,Pediatric Nursing,043225,"Boitnott,Amy",001,17459,School of Nursing,3.75,42,2,15,17,8,0,0,0,0,0,0
2024 Fall,LPPS,3370,Trauma & US Public School Syst,045514,"Roorbach,Kristen",001,17314,Batten Leadership & Public Pol,3.73,27,0,13,9,2,2,1,0,0,0,0
2024 Fall,EDLF,4080,U.S. Education Policy,043600,"Bassok,Daphna",001,14925,School of Education and HumanDev,3.51,27,0,12,4,3,4,3,0,1,0,0
2024 Fall,LPPL,3210,Behavioral Sci:Civic Leadershp,042166,"Dobson,Kyle",001,17279,Batten Leadership & Public Pol,3.84,79,2,48,24,2,2,0,1,0,0,0
2024 Fall,ISLS,3250,The Notion & the Heft of Home,040286,"Matthews,Charlotte",101,21037,Continuing & Prof Studies,3.78,22,1,12,5,2,2,0,0,0,0,0
2024 Fall,HIUS,3471,History of American Labor,019607,"Harold,Claudrena",001,19375,College & Graduate Arts & Sci,3.87,58,4,42,3,7,2,0,0,0,0,0
2024 Fall,ARTS,2110,Introduction to Photography I,002865,"Wylie,William",001,10023,College & Graduate Arts & Sci,3.86,14,4,6,3,0,1,0,0,0,0,0
2024 Fall,ENWR,1510,Writing and Critical Inquiry,013432,"Crouse,Jack",002,19940,College & Graduate Arts & Sci,3.80,16,0,10,4,0,2,0,0,0,0,0
2024 Fall,PC,5010,Procurement Policy & Practices,029784,"Fischetti,Michael",701,20732,Continuing & Prof Studies,3.00,15,0,1,4,3,4,0,1,1,0,1
2024 Fall,GCOM,7010,Global Strategy and Systems,038175,"Harris,Ira",002,14632,McIntire School of Commerce,3.42,65,0,5,17,37,3,3,0,0,0,0
2024 Fall,CHEM,1411,Intro College Chem I Lab,005986,"Morkowchuk,Lisa",054,12371,College & Graduate Arts & Sci,3.52,19,11,3,2,0,0,1,0,0,0,2
2024 Fall,ARCH,3240,Intro to Structural Design,001531,"Hays,Benjamin",100,14537,School of Architecture,3.47,78,0,22,23,14,9,6,1,2,1,0
2024 Fall,COMM,1800,Foundations of Commerce,006438,"Costanza,David",004,19918,McIntire School of Commerce,3.57,159,6,66,38,22,13,5,2,3,0,4
2024 Fall,LAW,9034,Transactional Approach to M&A,040041,"Lyons,Peter",1,18005,School of Law,3.54,15,0,4,2,9,0,0,0,0,0,0
2024 Fall,WGS,2600,Human Sexualities,045710,"Speidel,Lisa",001,12353,College & Graduate Arts & Sci,3.94,60,0,57,0,0,2,0,1,0,0,0
2024 Fall,PHS,7000,Intro Biostat,030364,"Chernyavskiy,Pavel",001,18341,Medical School - BIMS/PHS,3.69,58,0,32,12,5,6,2,0,1,0,0
2024 Fall,COMM,4710,Intermediate Investments,006538,"Sandas,Patrik",001,14617,McIntire School of Commerce,3.40,44,0,11,8,13,8,1,1,2,0,0
2024 Fall,GNUR,6251,Bio Basis of Mental Health,017010,"Moore,Lee",001,17408,School of Nursing,3.93,9,1,6,2,0,0,0,0,0,0,0
2024 Fall,GBAC,7206,Storytelling with Data,045279,"Palomba,Anthony",001,18337,McIntire Darden Grad Business,3.47,58,0,10,18,18,11,0,1,0,0,0
2024 Fall,NUIP,2080,Microbiology for Health Scienc,042612,"Haizlip,Julie",001,17449,School of Nursing,3.82,60,7,34,13,3,2,0,0,0,0,1
2024 Fall,MUSI,4509,Cultural & Historical Studies,024847,"Maus,Fred",001,19680,College & Graduate Arts & Sci,3.25,16,0,13,0,0,0,0,0,0,0,3
2024 Fall,NESC,3559,New Course: NESC,045328,"Lewis,Gwendolyn",100,19683,College & Graduate Arts & Sci,3.65,37,14,9,8,2,2,0,0,0,0,2
2024 Fall,MAE,6410,Engineering Mathematics I,022667,"Spencer,Julie",600,17115,Engineering & Applied Science,3.10,7,0,1,1,1,1,2,1,0,0,0
2024 Fall,LAW,7653,Leadershp/Team Management (SC),041095,"Donovan,Jim",1,20282,School of Law,3.49,24,0,0,13,9,2,0,0,0,0,0
2024 Fall,CHEM,1411,Intro College Chem I Lab,005986,"Morkowchuk,Lisa",072,12389,College & Graduate Arts & Sci,3.86,24,18,4,1,0,0,0,0,0,0,1
2024 Fall,ISSS,4300,America in the 1960's,040292,"Haury,Clifford",101,21036,Continuing & Prof Studies,3.59,18,0,9,4,1,2,0,2,0,0,0
2024 Fall,ECE,2410,Intro to Machine Learning,046964,"Hassanzadeh,Farzad",001,19848,Engineering & Applied Science,3.76,50,1,29,9,6,4,1,0,0,0,0
2024 Fall,MDST,2690,Sports Journalism,044470,"Clay,Anna",002,19317,College & Graduate Arts & Sci,3.79,20,0,10,7,3,0,0,0,0,0,0
2024 Fall,CS,1113,Introduction to Programming,043741,"Group,Robert",001,20568,Engineering & Applied Science,3.70,24,3,13,3,0,3,1,0,1,0,0
2024 Fall,BIOP,8050,Cellular Biophysics,046451,"Kenworthy,Anne",001,18657,Medical School - BIMS/PHS,3.90,6,1,3,2,0,0,0,0,0,0,0
2024 Fall,DS,6040,Bayesian Machine Learning,045445,"Henry,Teague",001,17661,School of Data Science,3.98,69,53,13,1,2,0,0,0,0,0,0
2024 Fall,DS,6002,Ethics of Big Data I,043459,"Faruqe,Farhana",001,17662,School of Data Science,3.98,68,0,65,2,1,0,0,0,0,0,0
2024 Fall,SYS,6050,Risk Analysis,036967,"Lambert,James",600,16851,Engineering & Applied Science,3.15,13,0,1,1,6,2,2,0,1,0,0
2024 Fall,SAST,3701,Bus & Bank in South Asia,043194,"Patel,Geeta",001,19321,College & Graduate Arts & Sci,3.99,23,12,10,1,0,0,0,0,0,0,0
2024 Fall,GCNL,5020,Principles of Pharmacology,042836,"Epstein,Beth",001,17448,School of Nursing,3.65,42,0,8,27,4,2,0,1,0,0,0
2024 Fall,PHIL,3150,17th Century Philosophy,030116,"LoLordo,Antonia",001,19235,College & Graduate Arts & Sci,3.30,27,0,8,7,4,3,0,3,1,0,1
2024 Fall,BME,6550,Spec Topics: Biomedical Engr,004145,"Civelek,Mete",002,16853,Engineering & Applied Science,3.75,8,1,6,0,0,0,0,0,1,0,0
2024 Fall,CE,3210,Fluid Mechanics,004448,"Lakshmi,Venkataraman",001,15850,Engineering & Applied Science,3.57,40,15,9,4,0,8,0,0,4,0,0
2024 Fall,ARH,8601,Historic Preservation: Theory,044747,"Johnston,Andrew",001,20310,School of Architecture,3.95,17,0,14,3,0,0,0,0,0,0,0
2024 Fall,RELB,2135,Chinese Buddhism,041853,"Rowe,Chris",001,19460,College & Graduate Arts & Sci,3.80,16,1,7,6,2,0,0,0,0,0,0
2024 Fall,GSGS,3100,Conceptions of the Global,046260,"Tidey,Sylvia",001,13163,College & Graduate Arts & Sci,3.83,27,9,14,2,0,1,0,0,0,0,1
2024 Fall,ECE,4991,MDE - Capstone Design,042263,"Barnes,Adam",001,15957,Engineering & Applied Science,3.98,26,4,20,2,0,0,0,0,0,0,0
2024 Fall,GCNL,5160,Persons w/Psychiatric Illness,015377,"Moore,Lee",001,17404,School of Nursing,3.92,38,0,28,10,0,0,0,0,0,0,0
2024 Fall,EVSC,7010,Introduction to Remote Sensing,014035,"Yang,Xi",100,12350,College & Graduate Arts & Sci,3.81,7,1,5,0,0,0,1,0,0,0,0
2024 Fall,NUCO,2210,Foundations of Nursing CARE,043099,"Jones,Randy",001,17481,School of Nursing,3.87,30,0,17,13,0,0,0,0,0,0,0
2024 Fall,NUCO,2210,Foundations of Nursing CARE,043099,"Johnson,Lee",002,17482,School of Nursing,3.97,30,1,26,3,0,0,0,0,0,0,0
2024 Fall,BIOL,4250,Human Genetics,003612,"Grainger,Robert",001,13448,College & Graduate Arts & Sci,3.55,38,4,9,10,7,4,4,0,0,0,0
2024 Fall,MAE,6720,Computational Fluid Dynamics I,022681,"Gao,Xinfeng",001,16963,Engineering & Applied Science,3.48,12,0,5,3,0,2,1,0,1,0,0
2024 Fall,HIEU,2061,The Birth of Europe,018393,"Kershaw,Paul",100,19334,College & Graduate Arts & Sci,3.70,55,0,36,5,8,4,1,0,0,0,1
2024 Fall,CHE,4561,Special Topics in Chem Engr,005470,"Bates,Jason",001,16945,Engineering & Applied Science,3.13,39,1,4,7,10,6,5,1,3,2,0
2024 Fall,SOC,2052,Sociology of the Family,035342,"Wilcox,William",100,10440,College & Graduate Arts & Sci,3.75,59,14,19,15,6,4,0,0,1,0,0
2024 Fall,MSE,3060,Structures/Defects of Material,024406,"Agnew,Sean",001,15847,Engineering & Applied Science,3.32,21,1,4,7,2,3,0,2,1,1,0
2024 Fall,SPAN,1060,Accelerated Elementary Spanish,035820,"Street,Matthew",003,11172,College & Graduate Arts & Sci,3.57,15,3,2,6,2,1,0,0,0,1,0
2024 Fall,CS,6501,Spec Top: Computer Science,006981,"Kuo,Yen-Ling",007,16942,Engineering & Applied Science,3.81,31,4,16,5,5,1,0,0,0,0,0
2024 Fall,SYS,3501,Special Topics in SIE,041296,"Barnes,Laura",001,16966,Engineering & Applied Science,3.94,46,8,32,4,2,0,0,0,0,0,0
2024 Fall,NUCO,4420,Professional Nursing,042017,"Wiersma,Gretchen",003,17573,School of Nursing,3.90,10,3,6,0,0,1,0,0,0,0,0
2024 Fall,CS,6501,Spec Top: Computer Science,006981,"Li,Jundong",009,16987,Engineering & Applied Science,3.97,9,6,2,1,0,0,0,0,0,0,0
2024 Fall,GNUR,6315,AGAC Seminar II,017000,"Lester,Elizabeth",001,17557,School of Nursing,3.79,19,1,9,6,3,0,0,0,0,0,0
2024 Fall,EDIS,8060,Advanced Instruction Seminar,045989,"Lovette,Gail",500,15301,School of Education and HumanDev,4.00,7,3,4,0,0,0,0,0,0,0,0
2024 Fall,CHEM,1411,Intro College Chem I Lab,005986,"Morkowchuk,Lisa",008,10573,College & Graduate Arts & Sci,3.78,24,17,2,4,0,0,0,0,0,0,1
2024 Fall,PLAN,3454,Intro to the Real Estate Dev,047279,"Roy,Brian",001,19737,School of Architecture,3.69,16,1,9,2,2,1,0,0,1,0,0
2024 Fall,CS,6501,Spec Top: Computer Science,006981,"Ji,Yangfeng",011,16943,Engineering & Applied Science,3.76,76,11,37,16,2,7,1,2,0,0,0
2024 Fall,STS,4500,STS and Engineering Practice,036749,"Jacques,Richard",026,20565,Engineering & Applied Science,3.94,28,0,26,0,1,1,0,0,0,0,0
2024 Fall,EGMT,1520,Empirical Engagement,044513,"Williams,Jennie",122,19436,College & Graduate Arts & Sci,3.99,32,2,29,1,0,0,0,0,0,0,0
2024 Fall,ECE,4440,Embedded System Design,007696,"Barnes,Adam",001,16054,Engineering & Applied Science,3.88,60,5,36,17,0,1,1,0,0,0,0
2024 Fall,EGMT,1520,Empirical Engagement,044513,"Chajes,Johanna",203,19437,College & Graduate Arts & Sci,4.00,33,4,29,0,0,0,0,0,0,0,0
2024 Fall,MAE,2040,Computer Aided Design,046331,"Dart,Dwight",001,16640,Engineering & Applied Science,3.80,131,45,55,14,7,4,2,1,0,1,2
2024 Fall,PLIR,2020,Foreign Policies of the Powers,031798,"Owen,John",100,19476,College & Graduate Arts & Sci,3.55,114,2,25,33,45,8,0,1,0,0,0
2024 Fall,SYS,5581,Topics in Systems Engineering,040876,"Douglass,Bruce",601,20398,Engineering & Applied Science,3.86,18,1,12,3,1,1,0,0,0,0,0
2024 Fall,MUSI,4545,Computer Applications in Music,024873,"Dahl,Luke",001,12107,College & Graduate Arts & Sci,3.91,14,0,10,4,0,0,0,0,0,0,0
2024 Fall,CS,3100,Data Structures and Algo 2,046228,"Pettit,Raymond",002,16806,Engineering & Applied Science,2.92,178,9,48,14,18,19,17,13,10,10,20
2024 Fall,STAT,1100,Chance: Intro to Statistics,036650,"Peterson,Kyle",005,19502,College & Graduate Arts & Sci,3.49,30,2,9,7,5,2,3,1,1,0,0
2024 Fall,CLAS,3300,Indo-European Linguistics,041516,"George,Coulter",001,19361,College & Graduate Arts & Sci,3.42,22,1,5,7,3,2,2,0,2,0,0
2024 Fall,COMM,5130,Advanced Financial Accounting,006554,"YU,Yingri",002,14655,McIntire School of Commerce,3.51,21,1,6,4,4,5,1,0,0,0,0
2024 Fall,LPPP,6350,Politics of Public Policy,045109,"Holbein,John",002,19444,Batten Leadership & Public Pol,3.56,32,0,10,10,6,3,3,0,0,0,0
2024 Fall,ECON,4720,Econometric Methods,007983,"Kosenkova,Lidia",100,11211,College & Graduate Arts & Sci,3.45,21,0,8,2,2,7,2,0,0,0,0
2024 Fall,GERM,2010,Intermediate German,015678,"Parker,Stefanie",003,13098,College & Graduate Arts & Sci,3.56,16,0,7,2,3,3,1,0,0,0,0
2024 Fall,CHEM,2311,Org Chem Lab I Non Chem Major,043154,"Chruma,Jason",006,11621,College & Graduate Arts & Sci,3.75,35,1,16,14,2,1,0,0,1,0,0
2024 Fall,CE,2010,Civil Engineering Techniques,004429,"Smith,Brian",001,15585,Engineering & Applied Science,3.71,55,17,23,4,2,3,3,0,2,0,1
2024 Fall,STAT,1602,Intro Data Science with Python,045052,"Zhou,Haowen",001,12596,College & Graduate Arts & Sci,3.69,39,2,23,7,2,3,0,1,0,0,1
2024 Fall,SYS,5581,Topics in Systems Engineering,040876,"Douglass,Bruce",600,20397,Engineering & Applied Science,3.83,12,0,9,1,1,1,0,0,0,0,0
2024 Fall,ECON,3110,Mathematical Microeconomics,007918,"Engers,Maxim",100,12904,College & Graduate Arts & Sci,3.55,30,3,6,10,5,4,1,1,0,0,0
2024 Fall,PLPT,3010,Ancient & Medieval Pol Theory,031926,"Bird,Colin",100,19482,College & Graduate Arts & Sci,3.54,53,0,17,13,15,5,0,3,0,0,0
2024 Fall,PHYS,2030,Princip of Physics 1 Workshop,030811,"Bychkov,Maksim",012,10535,College & Graduate Arts & Sci,3.86,26,5,17,2,0,1,0,0,1,0,0
2024 Fall,STS,4500,STS and Engineering Practice,036749,"Francisco,Pedro",004,16555,Engineering & Applied Science,4.00,28,24,4,0,0,0,0,0,0,0,0
2024 Fall,CS,6501,Spec Top: Computer Science,006981,"Ferreira,Matheus Xavier",015,20190,Engineering & Applied Science,3.60,11,1,5,0,2,3,0,0,0,0,0
2024 Fall,MAE,6080,Constitutive Modeling Biosys,022647,"Forman,Jason",001,19643,Engineering & Applied Science,3.90,7,3,3,0,1,0,0,0,0,0,0
2024 Fall,STS,4600,Engr Ethcs Prof Responsibility,036750,"Neeley,Kathryn",001,15626,Engineering & Applied Science,3.30,14,0,1,7,1,4,0,0,0,0,1
2024 Fall,EGMT,1530,Engaging Differences,044514,"King,Alice",206,12593,College & Graduate Arts & Sci,3.79,35,0,26,6,2,0,0,0,0,0,1
2024 Fall,APMA,3120,Statistics,001154,"Fernando,Anne",001,15582,Engineering & Applied Science,3.05,35,0,5,8,6,7,2,1,2,2,2
2024 Fall,PLAC,5240,Collaborative Planning,031134,"Dukes,E Franklin",001,20205,School of Architecture,3.79,13,4,6,0,2,0,1,0,0,0,0
2024 Fall,HIAF,3021,History of Southern Africa,018140,"Mason,John",001,20469,College & Graduate Arts & Sci,3.67,18,0,7,5,5,1,0,0,0,0,0
2024 Fall,NUIP,3430,Pharmacology II,043239,"Kastello,Jennifer",001,17559,School of Nursing,3.22,89,0,13,27,13,14,9,3,8,1,1
2024 Fall,GNUR,8270,DNP Seminar III,045527,"Degennaro,Regina",001,17560,School of Nursing,3.99,20,17,2,1,0,0,0,0,0,0,0
2024 Fall,EGMT,1520,Empirical Engagement,044513,"Samonina,Jelena",112,19647,College & Graduate Arts & Sci,3.84,34,30,1,0,0,2,0,0,0,0,1
2024 Fall,APMA,2120,Multivariable Calculus,001144,"Hellings,Christian",002,15566,Engineering & Applied Science,2.98,45,4,5,7,8,7,1,2,7,1,3
2024 Fall,APMA,2130,Ordinary Differentl Equations,001145,"Fernando,Anne",004,15569,Engineering & Applied Science,2.89,31,4,4,5,4,3,0,4,3,1,3
2024 Fall,CS,3100,Data Structures and Algo 2,046228,"Bloomfield,Aaron",001,16805,Engineering & Applied Science,2.88,158,3,37,15,13,26,19,14,9,6,16
2024 Fall,HIEU,3390,Nazi Germany,041962,"Achilles,Manuela",100,13422,College & Graduate Arts & Sci,3.70,41,0,19,17,2,2,0,0,0,0,1
2024 Fall,STS,4500,STS and Engineering Practice,036749,"Jacques,Richard",025,20563,Engineering & Applied Science,3.95,27,6,18,2,1,0,0,0,0,0,0
2024 Fall,CS,6501,Spec Top: Computer Science,006981,"Campbell,Brad",003,16721,Engineering & Applied Science,3.73,17,0,8,5,3,1,0,0,0,0,0
2024 Fall,PSYC,3415,RM: Developmental Psychology,046308,"Robertson,Zoe",001,19712,College & Graduate Arts & Sci,4.00,20,4,16,0,0,0,0,0,0,0,0
2024 Fall,MDST,3559,New Course: MDST,039189,"Coleman,Robin Means",002,19636,College & Graduate Arts & Sci,3.29,14,0,9,0,1,1,0,0,1,1,1
2024 Fall,APMA,2120,Multivariable Calculus,001144,"Ryals,Megan",006,16804,Engineering & Applied Science,2.85,44,1,6,6,6,5,8,4,1,1,6
2024 Fall,APMA,2120,Multivariable Calculus,001144,"Provat,Shirin",004,15567,Engineering & Applied Science,2.44,39,1,3,6,4,4,3,2,6,2,8
2024 Fall,MAE,6592,Spec Topcs in Mech & Aero Engr,022685,"Nickol,Craig",001,19646,Engineering & Applied Science,3.80,12,0,4,8,0,0,0,0,0,0,0
2024 Fall,STAT,6021,Linear Models for Data Science,043281,"Woo,Jeffrey",001,19890,College & Graduate Arts & Sci,3.66,57,0,29,18,4,1,2,1,1,0,1
2024 Fall,GSGS,2559,New Course: GSGS,043478,"Siliunas,Andreja",001,20473,College & Graduate Arts & Sci,3.79,29,0,17,8,2,1,1,0,0,0,0
2024 Fall,PLCP,4500,Special Topics,031707,"Walsh,Denise",002,12898,College & Graduate Arts & Sci,3.77,15,0,6,8,0,1,0,0,0,0,0
2024 Fall,MDST,3281,Reimagining the News,047018,"Sweeney,Kate",001,14010,College & Graduate Arts & Sci,3.93,28,3,22,0,3,0,0,0,0,0,0
2024 Fall,MATH,1220,A Survey of Calculus II,022945,"Kurtz,Brianna",200,12338,College & Graduate Arts & Sci,3.18,35,0,16,5,0,3,2,2,3,1,3
2024 Fall,PHYS,2030,Princip of Physics 1 Workshop,030811,"Bychkov,Maksim",008,10530,College & Graduate Arts & Sci,3.90,24,4,14,5,0,1,0,0,0,0,0
2024 Fall,GCNL,5210,Leadership in Healthcare Syst,015367,"Hallowell,Sara",001,17402,School of Nursing,3.99,39,1,37,1,0,0,0,0,0,0,0
2024 Fall,MAE,6120,Microscale Heat Transfer,022650,"Hopkins,Patrick",001,19639,Engineering & Applied Science,3.75,11,2,2,6,0,1,0,0,0,0,0
2024 Fall,HIEU,9030,Tutorial in Early Mod Europe,043806,"Lambert,Erin",001,20324,College & Graduate Arts & Sci,3.90,6,0,4,2,0,0,0,0,0,0,0
2024 Fall,PLAP,2250,American Political Tradition,031555,"TerBeek,Calvin",001,11518,College & Graduate Arts & Sci,3.53,16,0,5,6,2,0,2,1,0,0,0
2024 Fall,ENGL,2599,Special Topics,012514,"Stephenson,Kate",008,20003,College & Graduate Arts & Sci,3.56,17,0,5,6,2,3,1,0,0,0,0
2024 Fall,STAT,4170,Financial Time Series,044093,"Woo,Jeffrey",002,20277,College & Graduate Arts & Sci,3.28,39,3,12,6,4,7,2,1,1,1,2
2024 Fall,ECON,2070,Economics of Gender at Work,047223,"Miller,Amalia",099,20311,College & Graduate Arts & Sci,3.36,69,5,17,12,14,8,7,1,2,1,2
2024 Fall,DRAM,4750,Writing the Short Film,046937,"Grissom,Doug",001,14017,College & Graduate Arts & Sci,3.80,10,0,7,1,1,1,0,0,0,0,0
2024 Fall,CS,3710,Intro to Cybersecurity,045511,"Orebaugh,Angela",002,16556,Engineering & Applied Science,3.88,139,0,121,8,2,3,3,1,0,0,1
2024 Fall,HIME,2003,Mrkts & Making:Islamic World,045353,"Bishara,Fahad",001,20261,College & Graduate Arts & Sci,3.80,66,11,18,32,5,0,0,0,0,0,0
2024 Fall,CHEM,1411,Intro College Chem I Lab,005986,"Morkowchuk,Lisa",050,12367,College & Graduate Arts & Sci,3.54,22,12,3,3,0,0,1,0,0,2,1
2024 Fall,PLIR,4450,Clash Ideas World Pol,041610,"Owen,John",001,19479,College & Graduate Arts & Sci,3.63,15,1,3,6,4,1,0,0,0,0,0
2024 Fall,BIOL,4150,Evolution of Sex,042108,"Cox,Robert",001,19481,College & Graduate Arts & Sci,3.48,34,4,10,5,4,6,3,2,0,0,0
2024 Fall,APMA,3140,App Partial Differentl Equatns,001155,"Spencer,Julie",001,15584,Engineering & Applied Science,3.17,46,1,11,11,7,7,0,0,3,3,3
2024 Fall,APMA,1110,Single Variable Calculus II,001140,"Pisano,Stacie",004,15562,Engineering & Applied Science,2.58,42,3,4,3,6,4,6,3,4,3,6
2024 Fall,APMA,1110,Single Variable Calculus II,001140,"McMillan,Matthew",005,15563,Engineering & Applied Science,2.62,38,1,4,9,2,4,3,1,5,2,7
2024 Fall,ENWR,1505,Writing & Critical Inquiry S1,013428,"Natishan,Kate",006,10989,College & Graduate Arts & Sci,3.97,10,7,2,1,0,0,0,0,0,0,0
2024 Fall,LPPP,2700,Outdoor Leadership,047009,"Busch,Matthew",001,17387,Batten Leadership & Public Pol,3.83,12,0,9,1,1,1,0,0,0,0,0
2024 Fall,STS,4500,STS and Engineering Practice,036749,"Carrigan,Coleen",024,16824,Engineering & Applied Science,3.79,28,6,12,6,1,2,1,0,0,0,0
2024 Fall,CHEM,1411,Intro College Chem I Lab,005986,"Morkowchuk,Lisa",014,11252,College & Graduate Arts & Sci,3.99,24,20,3,1,0,0,0,0,0,0,0
2024 Fall,ECE,4501,Special Topics: ECE,040915,"Zhang,Miaomiao",001,16994,Engineering & Applied Science,3.76,11,2,5,2,1,0,1,0,0,0,0
2024 Fall,MATH,7820,Differential Topology,023240,"Krushkal,Slava",001,10991,College & Graduate Arts & Sci,3.34,13,1,4,1,1,3,2,0,1,0,0
2024 Fall,MDST,3504,Topics in Global Media,042990,"Morimoto,Lori",003,13088,College & Graduate Arts & Sci,3.96,30,15,14,0,0,0,1,0,0,0,0
2024 Fall,SAST,3300,The Pleasures of Bollywood,040844,"Patel,Geeta",001,19318,College & Graduate Arts & Sci,4.00,22,11,11,0,0,0,0,0,0,0,0
2024 Fall,APMA,1110,Single Variable Calculus II,001140,"Provat,Shirin",001,15564,Engineering & Applied Science,2.77,44,2,9,1,5,9,4,1,4,4,5
2024 Fall,PLIR,2050,Intro to Political Economy,031800,"Pandya,Sonal",100,19477,College & Graduate Arts & Sci,3.57,108,0,20,55,20,11,1,0,0,0,1
2024 Fall,EGMT,1520,Empirical Engagement,044513,"Morse,Jennifer",109,11680,College & Graduate Arts & Sci,3.86,25,6,13,3,2,0,1,0,0,0,0
2024 Fall,APMA,3110,Applied Stats & Probability,001153,"Maiti,Deepyaman",002,15579,Engineering & Applied Science,3.39,42,1,16,10,3,3,3,0,3,2,1
2024 Fall,PLCP,3120,Pol Econ of the Welfare State,041343,"Schwartz,Mark",100,12897,College & Graduate Arts & Sci,3.68,92,8,41,26,10,3,0,2,0,0,2
2024 Fall,NUIP,2060,Human Physiology & Anatomy I,042610,"Connelly,Christine",001,17443,School of Nursing,3.48,85,16,25,18,6,4,5,3,3,2,3
2024 Fall,BUS,5010,Cybersecurity Management,004336,"Jones,Angel",701,20742,Continuing & Prof Studies,3.34,10,5,2,1,0,0,0,0,0,1,1
2024 Fall,PC,5020,Adv Cost & Price Analysis,029785,"Eller,Thomas",701,20733,Continuing & Prof Studies,3.85,12,0,6,6,0,0,0,0,0,0,0
2024 Fall,ECON,3020,Intermediate Macroeconomics,007909,"He,Chang",400,20046,College & Graduate Arts & Sci,3.00,48,3,5,4,7,7,11,7,2,2,0
2024 Fall,PSPA,5020,Public Organization Mgmt,040509,"McClellan,Sara",701,20739,Continuing & Prof Studies,3.09,12,0,5,3,1,0,1,0,0,0,2
2024 Fall,PSHM,4050,Diversity in Healthcare,043948,"Jackson,Kevin",101,20712,Continuing & Prof Studies,3.29,19,0,8,5,1,1,1,0,1,0,2
2024 Fall,ACCT,5700,Federal Accounting,045936,"Hutton,Leon",701,20727,Continuing & Prof Studies,4.00,10,5,5,0,0,0,0,0,0,0,0
2024 Fall,ACCT,3020,Intro Acct II,045931,"Lahijani,Rich",701,20718,Continuing & Prof Studies,3.71,24,0,15,3,3,2,0,0,1,0,0
2024 Fall,PLAD,4500,Special Topics,044837,"Leblang,David",001,20622,College & Graduate Arts & Sci,3.78,15,6,7,0,0,1,0,0,0,1,0
2024 Fall,HR,5050,Org Change & Development,019929,"Runyon,Nicole",701,20747,Continuing & Prof Studies,3.60,15,3,9,0,1,0,1,0,0,0,1
2024 Fall,LAW,7072,Prof Resp/Public Interest Law,021739,"Jaffe,Cale",1,18121,School of Law,3.53,45,1,7,16,16,4,1,0,0,0,0
2024 Fall,BIMS,8382,Practical Biomed Statistics II,044058,"Jones,Marieke",001,18676,Medical School - BIMS/PHS,3.92,31,0,23,8,0,0,0,0,0,0,0
2024 Fall,STS,2600,Engineering Ethics,046988,"Seabrook,Bryn",013,20625,Engineering & Applied Science,3.94,24,0,19,5,0,0,0,0,0,0,0
2024 Fall,COMM,3030,Quantitative & Finan Analysis,006455,"White,Mark A",004,14604,McIntire School of Commerce,3.61,49,0,15,16,12,6,0,0,0,0,0
2024 Fall,MSE,2090,Intro to Materials Science,024402,"Kelly,Robert",001,15621,Engineering & Applied Science,3.40,34,9,9,4,3,3,1,2,0,0,3
2024 Fall,ECE,3430,Intro Embedded Computer Systms,042681,"Watson,Amanda",001,16784,Engineering & Applied Science,3.75,59,4,36,12,2,1,1,1,0,1,1
2024 Fall,LAW,6000,Civil Procedure,021550,"Mitchell,Paul",E,17884,School of Law,3.40,32,0,2,8,17,5,0,0,0,0,0
2024 Fall,LPPS,3310,Police-Community Relations,045492,"Williams,Brian",001,17311,Batten Leadership & Public Pol,4.00,26,16,10,0,0,0,0,0,0,0,0
2024 Fall,EGMT,1540,Ethical Engagement,044515,"Brewer,Talbot",223,13910,College & Graduate Arts & Sci,3.76,31,0,14,11,6,0,0,0,0,0,0
2024 Fall,CS,1110,Introduction to Programming,006846,"Khargonkar,Arohi",002,16112,Engineering & Applied Science,3.47,235,2,103,46,27,18,9,10,13,3,4
2024 Fall,COMM,3020,Behavior Issues in Mktg & Mgmt,006454,"Ballinger,Gary Andrew",002,14596,McIntire School of Commerce,3.54,50,0,10,19,14,6,0,1,0,0,0
2024 Fall,ENCW,4550,Topics in Literary Prose,043441,"Moffett,Kevin",001,19995,College & Graduate Arts & Sci,3.95,11,1,8,2,0,0,0,0,0,0,0
2024 Fall,LAW,8802,Grad Legal Research/Writing I,021830,"Moran,Karen",2,18012,School of Law,3.40,22,0,1,8,8,4,1,0,0,0,0
2024 Fall,PHYS,2030,Princip of Physics 1 Workshop,030811,"Bychkov,Maksim",023,21031,College & Graduate Arts & Sci,3.72,25,2,15,4,1,1,0,0,2,0,0
2024 Fall,DS,5110,Big Data Systems,046303,"Fox,Judy",001,19894,School of Data Science,4.00,14,11,3,0,0,0,0,0,0,0,0
2024 Fall,NUIP,4200,Pathophysiology,029460,"Roberts,Sarah",001,19895,School of Nursing,3.31,31,0,6,13,3,2,2,1,2,1,1
2024 Fall,MAE,3610,Aerospace Materials,022587,"Wadley,Haydn",001,15612,Engineering & Applied Science,3.56,74,6,9,39,8,6,3,2,0,1,0
2024 Fall,NUIP,4430,Intro Stats in Hlth Care Res,042514,"Hinton,Ivora",004,17599,School of Nursing,3.88,37,12,15,7,2,1,0,0,0,0,0
2024 Fall,NUIP,3004,Wisdom and Resilience,040624,"Degennaro,Regina",001,17535,School of Nursing,4.00,13,5,8,0,0,0,0,0,0,0,0
2024 Fall,CHE,6615,Advanced Thermodynamics,005511,"Bilodeau,Camille",001,15603,Engineering & Applied Science,3.43,21,0,7,4,3,5,0,1,1,0,0
2024 Fall,DS,7400,ML III: Deep Learning,047115,"Baek,Stephen",001,17706,School of Data Science,3.88,17,3,7,7,0,0,0,0,0,0,0
2024 Fall,EGMT,1510,Engaging Aesthetics,044512,"Stec,Justin",201,13884,College & Graduate Arts & Sci,3.79,32,1,24,5,0,0,1,0,0,0,1
2024 Fall,GREE,5559,New Course: GREE,038606,"Kuin,Inger Neeltje Irene",001,19392,College & Graduate Arts & Sci,3.82,5,1,1,3,0,0,0,0,0,0,0
2024 Fall,ECE,6642,Optoelectronic Devices,007720,"Campbell,Joe",001,20554,Engineering & Applied Science,3.65,11,2,4,2,0,2,1,0,0,0,0
2024 Fall,LAW,6000,Civil Procedure,021550,"Solum,Lawrence",A,17883,School of Law,3.40,32,0,4,14,6,3,3,0,2,0,0
2024 Fall,EDIS,6720,Understanding the Code,009524,"Rawlins,Amanda",500,15276,School of Education and HumanDev,3.68,18,1,9,4,0,2,2,0,0,0,0
2024 Fall,RELG,2713,Sensing the Sacred,042449,"Goering,Gregory",001,19082,College & Graduate Arts & Sci,3.58,20,0,5,8,4,2,1,0,0,0,0
2024 Fall,RELG,3713,Black Religion & Crim Justice,046737,"Parker,Kai",001,19087,College & Graduate Arts & Sci,3.94,30,0,24,6,0,0,0,0,0,0,0
2024 Fall,KINE,5485,Life Cycle Nutrition,044388,"Kranz,Sibylle",001,15002,School of Education and HumanDev,3.85,15,0,10,3,2,0,0,0,0,0,0
2024 Fall,EDHS,3120,Abnormal Psychology,043641,"Ferguson,Erin",001,14931,School of Education and HumanDev,3.51,15,2,8,1,1,1,1,0,0,0,1
2024 Fall,CHE,2246,Introduction to Biotechnology,005440,"Berger,Bryan",001,16288,Engineering & Applied Science,3.92,29,0,27,0,0,1,1,0,0,0,0
2024 Fall,DS,3001,Foundations of ML,045203,"Johnson,Terence",001,17691,School of Data Science,3.98,62,0,60,1,1,0,0,0,0,0,0
2024 Fall,EDLF,7140,LEAD II: Professional Learning,009701,"Beavers,Michelle",500,15281,School of Education and HumanDev,3.87,9,0,5,4,0,0,0,0,0,0,0
2024 Fall,ANTH,2270,"Race, Gender & Medical Science",000654,"Fraser,Gertrude",100,19257,College & Graduate Arts & Sci,3.58,54,0,27,15,5,4,0,0,0,0,3
2024 Fall,MAE,2300,Statics,022574,"Xu,Baoxing",001,15609,Engineering & Applied Science,3.53,94,26,28,7,14,8,2,4,0,2,3
2024 Fall,LAW,7705,Intl Dispute Settlement (SC),042432,"Gulati,Jasmeet",1,20467,School of Law,3.50,6,0,1,2,2,1,0,0,0,0,0
2024 Fall,CHE,6665,Tech for Chem Engr Anal & Des,005521,"Taylor,Phillip",001,16285,Engineering & Applied Science,3.50,21,0,5,7,6,0,2,1,0,0,0
2024 Fall,HR,5030,Strategic Compensation,019927,"Runyon,Nicole",701,20746,Continuing & Prof Studies,3.40,10,0,7,0,1,0,1,0,0,0,1
2024 Fall,PLAN,3060,"Law, Land and the Environment",031282,"Ripple,Christopher",001,19497,School of Architecture,3.30,58,3,12,14,15,6,2,0,0,4,2
2024 Fall,ACCT,5120,Intermediate Accounting II,045933,"Jones,Ambrose",701,20720,Continuing & Prof Studies,3.76,8,0,3,4,1,0,0,0,0,0,0
2024 Fall,RELB,5460,Seminar in Mahayana Buddhism,033888,"Schaeffer,Kurtis",001,20326,College & Graduate Arts & Sci,4.00,12,4,8,0,0,0,0,0,0,0,0
2024 Fall,CS,2120,Discrete Math and Theory 1,046227,"Horton,Tom",003,16657,Engineering & Applied Science,2.85,143,3,20,25,17,20,19,6,13,1,19
2024 Fall,LAW,9039,Supreme Court: October Term,040091,"Harrison,John",1,18124,School of Law,3.66,7,0,3,1,3,0,0,0,0,0,0
2024 Fall,DS,2002,Data Science Systems,046059,"Williamson,Jason",003,21134,School of Data Science,3.90,48,11,34,1,1,0,0,0,0,0,1
2024 Fall,EDIS,7250,Models&Strategies Tchg Gifted,009712,"Missett,Tracy",500,15272,School of Education and HumanDev,3.88,11,0,8,2,1,0,0,0,0,0,0
2024 Fall,APMA,3501,Spec Topics in APMA,040943,"Ryals,Megan",001,16223,Engineering & Applied Science,3.84,19,5,9,2,2,1,0,0,0,0,0
2024 Fall,LAW,7135,Law and Economics,043248,"Fischman,Joshua",1,18133,School of Law,3.48,16,0,2,5,7,2,0,0,0,0,0
2024 Fall,LAW,9011,Law & Lit: Storytelling,022329,"Kim,Annie",1,18130,School of Law,3.48,16,0,0,8,7,1,0,0,0,0,0
2024 Fall,ECON,4350,Corporate Finance,007969,"Mcgee,Christopher",100,19126,College & Graduate Arts & Sci,3.42,45,0,14,9,8,7,4,1,2,0,0
2024 Fall,MAE,3310,Aerospace Structures,022585,"Momot,Michael",001,15611,Engineering & Applied Science,2.97,147,6,26,24,10,26,15,14,13,3,10
2024 Fall,DS,6040,Bayesian Machine Learning,045445,"Brown,Taylor",002,19891,School of Data Science,3.47,38,0,14,13,4,3,2,0,0,0,2
2024 Fall,DS,6050,Deep Learning,046347,"Adewole,Sodiq Opeyemi",001,19892,School of Data Science,3.95,42,25,13,2,2,0,0,0,0,0,0
2024 Fall,RELG,2300,Religious Ethics & Moral Probs,034161,"Mathewes,Charles",001,19081,College & Graduate Arts & Sci,3.40,25,0,5,10,4,2,2,0,0,2,0
2024 Fall,ECE,6782,Mach Learning - Image Analysis,007728,"Zhang,Miaomiao",001,16985,Engineering & Applied Science,3.35,11,0,4,3,0,0,2,1,1,0,0
2024 Fall,CS,6501,Spec Top: Computer Science,006981,"Davidson,Jack",019,21261,Engineering & Applied Science,3.88,15,1,8,6,0,0,0,0,0,0,0
2024 Fall,ECON,4365,Global Financial Markets,044412,"Fostel,Ana",099,12975,College & Graduate Arts & Sci,3.53,48,4,13,13,6,7,3,2,0,0,0
2024 Fall,HIST,4890,Distinguished Majors Colloq,019214,"Kunakhovich,Kyrill",001,13914,College & Graduate Arts & Sci,3.90,18,0,12,6,0,0,0,0,0,0,0
2024 Fall,LPPP,3620,Engaging Policy Communities,046654,"Martin,Paul",098,17335,Batten Leadership & Public Pol,3.67,41,0,9,22,10,0,0,0,0,0,0
2024 Fall,EDIS,6200,Principles of Curric Design,045847,"Isley,Deanna",500,15280,School of Education and HumanDev,3.79,23,0,15,5,1,1,0,1,0,0,0
2024 Fall,PLCP,4500,Special Topics,031707,"Alexander,Gerard",004,20666,College & Graduate Arts & Sci,3.42,15,0,2,10,1,1,0,0,0,0,1
2024 Fall,LATI,3100,Vergil,021152,"Myers,Karen",001,19394,College & Graduate Arts & Sci,3.56,12,1,3,3,2,3,0,0,0,0,0
2024 Fall,EGMT,1540,Ethical Engagement,044515,"Steinmetz,Christian",114,13874,College & Graduate Arts & Sci,3.75,24,0,17,3,1,1,1,0,1,0,0
2024 Fall,RELH,3725,Travel Writing and India,042866,"Nemec,John",001,19072,College & Graduate Arts & Sci,3.72,30,1,13,8,7,1,0,0,0,0,0
2024 Fall,RELG,3559,New Course: RELG,039193,"Hadley,Mark",003,19086,College & Graduate Arts & Sci,3.77,11,0,4,6,1,0,0,0,0,0,0
2024 Fall,DRAM,4070,Hip Hop Theatre,046936,"Davis,Theresa",1,19241,College & Graduate Arts & Sci,3.33,20,2,3,1,8,4,1,0,0,1,0
2024 Fall,CJ,5710,Conflict Res for Law Enf Execs,040130,"Craig,Amy L",03,21543,Continuing & Prof Studies,4.00,28,8,20,0,0,0,0,0,0,0,0
2024 Fall,EDLF,7811,Ldship for Teaching & Learning,009818,"Stacy,Jaime",500,15284,School of Education and HumanDev,3.84,10,4,3,2,0,1,0,0,0,0,0
2024 Fall,ARCH,7240,Advanced Structural Systems,045085,"Ismail,Mohamed",100,14401,School of Architecture,3.73,49,2,16,24,4,3,0,0,0,0,0
2024 Fall,MSE,2090,Intro to Materials Science,024402,"Burns,James",002,15620,Engineering & Applied Science,3.54,58,13,18,10,4,5,2,3,2,0,1
2024 Fall,ECON,4220,Intr Finance & Macroeconomics,007962,"Wincoop,Eric Van",001,12973,College & Graduate Arts & Sci,3.54,91,3,21,36,17,4,5,4,1,0,0
2024 Fall,APMA,2120,Multivariable Calculus,001144,"Chen,Heze",005,15963,Engineering & Applied Science,3.33,47,6,8,12,4,6,5,1,4,0,1
2024 Fall,EDIS,7220,Intro to Gifted,009709,"Hock,Michelle",500,15271,School of Education and HumanDev,3.60,19,0,7,5,4,2,1,0,0,0,0
2024 Fall,RELA,2750,African Religions,033802,"Hoehler-Fatton,Cynthia",001,19056,College & Graduate Arts & Sci,3.30,22,0,5,6,2,4,3,0,1,1,0
2024 Fall,LAW,9024,Legal Storytelling,040038,"Kim,Annie",1,20855,School of Law,3.47,16,0,3,4,7,1,1,0,0,0,0
2024 Fall,LAW,9008,Children and the Law,040031,"Block,Andrew",1,18131,School of Law,3.45,14,0,0,6,7,1,0,0,0,0,0
2024 Fall,ENGR,1010,Engineering Foundations 1,046987,"Dufalla,Nicole",015,17029,Engineering & Applied Science,3.80,38,0,32,2,0,3,0,0,0,0,1
2024 Fall,EGMT,1510,Engaging Aesthetics,044512,"Dalton,Dave",204,13887,College & Graduate Arts & Sci,3.99,32,19,12,1,0,0,0,0,0,0,0
2024 Fall,MAE,4610,ME Design I,022602,"Momot,Michael",001,15615,Engineering & Applied Science,3.98,35,12,22,0,1,0,0,0,0,0,0
2024 Fall,LAW,7042,Immigr Law and Policy Lecture,021665,"Frost,Amanda",1,18013,School of Law,3.48,21,0,0,11,9,0,1,0,0,0,0
2024 Fall,HIME,3501,Introductory History Wkshp,046701,"Unlu,Baris",001,13505,College & Graduate Arts & Sci,3.95,12,7,3,2,0,0,0,0,0,0,0
2024 Fall,COMM,3030,Quantitative & Finan Analysis,006455,"Erwin,Gayle R",006,14605,McIntire School of Commerce,3.45,50,0,6,19,15,5,5,0,0,0,0
2024 Fall,CHEM,1411,Intro College Chem I Lab,005986,"Morkowchuk,Lisa",031,13742,College & Graduate Arts & Sci,3.98,24,15,7,2,0,0,0,0,0,0,0
2024 Fall,CE,3710,Intro to Geotechnical Engrg,004449,"Burden,Lindsay",001,16003,Engineering & Applied Science,3.56,42,6,22,0,6,2,1,0,4,0,1
2024 Fall,LAW,7058,LawTech Lecture,021857,"Livermore,Michael",1,20577,School of Law,3.39,20,0,2,2,15,1,0,0,0,0,0
2024 Fall,ANTH,2559,New Course: ANTH,038539,"Rosado-Ramirez,Roberto",001,19254,College & Graduate Arts & Sci,3.73,35,24,2,1,2,3,1,2,0,0,0
2024 Fall,ANTH,5475,Multimodal Interaction,044544,"Sicoli,Mark",001,19268,College & Graduate Arts & Sci,3.43,10,1,5,1,2,0,0,0,0,0,1
2024 Fall,STS,2600,Engineering Ethics,046988,"Seabrook,Bryn",010,19583,Engineering & Applied Science,3.98,27,0,25,2,0,0,0,0,0,0,0
2024 Fall,SPAN,3040,Business Spanish,035896,"Rodriguez,Maria Esparza",002,13004,College & Graduate Arts & Sci,3.95,17,0,14,3,0,0,0,0,0,0,0
2024 Fall,ENGL,2599,Special Topics,012514,"Teare,Brian",006,19847,College & Graduate Arts & Sci,3.71,19,0,7,7,5,0,0,0,0,0,0
2024 Fall,BME,4350,BME Data Science,046421,"Civelek,Mete",001,16803,Engineering & Applied Science,3.73,30,0,16,10,0,3,0,0,1,0,0
2024 Fall,APMA,3100,Probability,001152,"Ryals,Megan",001,16787,Engineering & Applied Science,2.41,39,4,6,4,4,3,2,1,2,1,12
2024 Fall,CS,3140,Software Dev Essentials,046231,"McBurney,Paul",001,16780,Engineering & Applied Science,3.17,378,9,101,63,54,53,23,28,16,13,18
2024 Fall,BIOL,4020,Computational Evolutionary Bio,003589,"Bergland,Alan",001,20166,College & Graduate Arts & Sci,3.87,11,0,9,0,2,0,0,0,0,0,0
2024 Fall,CS,2100,Data Structures and Algo 1,046225,"Datar,Shivani",002,16772,Engineering & Applied Science,3.48,138,16,55,18,16,13,8,5,1,1,5
2024 Fall,LAW,7799,Topics in Pub Eq Inv (SC),045599,"Wilson,Barney",1,20296,School of Law,3.49,11,0,3,3,1,4,0,0,0,0,0
2024 Fall,PHYS,2010,Principles of Physics 1,030809,"Sundararajan,Jency",002,10360,College & Graduate Arts & Sci,3.20,111,11,27,23,8,11,9,4,4,7,7
2024 Fall,MSE,3080,Corrosion,024403,"Scully,John",001,16969,Engineering & Applied Science,3.62,13,1,3,5,2,2,0,0,0,0,0
2024 Fall,PHIL,2110,Hist of Phil: Anc & Medieval,030056,"Secada,Jorge",100,10351,College & Graduate Arts & Sci,3.71,38,3,14,15,5,0,0,0,0,0,1
2024 Fall,STS,4500,STS and Engineering Practice,036749,"Wylie,Caitlin",023,16823,Engineering & Applied Science,3.70,28,0,15,8,2,1,1,0,0,1,0
2024 Fall,STS,4500,STS and Engineering Practice,036749,"Norton,Peter",002,15664,Engineering & Applied Science,3.64,28,4,11,2,6,4,1,0,0,0,0
2024 Fall,HIUS,7659,20th C US Cultural History,041416,"Hale,Grace",001,19364,College & Graduate Arts & Sci,3.75,10,0,5,4,0,0,1,0,0,0,0
2024 Fall,STS,2101,Social Foundations Engineering,047117,"Forelle,MC",001,19581,Engineering & Applied Science,3.94,15,0,12,3,0,0,0,0,0,0,0
2024 Fall,LPPP,4500,Topics in PPOL,042355,"Williams,Brian N",001,20685,Batten Leadership & Public Pol,3.98,14,3,10,1,0,0,0,0,0,0,0
2024 Fall,ENCW,3500,Topics in Creative Writing,047364,"Moffett,Kevin",002,20546,College & Graduate Arts & Sci,3.92,11,0,8,3,0,0,0,0,0,0,0
2024 Fall,MATH,8750,Topology of Manifolds,023273,"Maloni,Sara",001,20547,College & Graduate Arts & Sci,4.00,9,6,3,0,0,0,0,0,0,0,0
2024 Fall,PSPS,6040,Create & Sustain Comm Dialogue,046294,"Farr,Murray",581,20786,Continuing & Prof Studies,3.31,16,0,0,11,1,3,0,0,0,0,1
2024 Fall,ACCT,5330,Acct for Non-Bus Organizations,000193,"Evans,Richard",701,20724,Continuing & Prof Studies,3.78,10,0,4,5,1,0,0,0,0,0,0
2024 Fall,SEC,3010,Securing the Cyber World,045340,"Spencer,Jennie",701,20764,Continuing & Prof Studies,3.95,17,0,14,3,0,0,0,0,0,0,0
2024 Fall,BME,4390,Bioreaction Kinetics,047032,"Fallahi-Sichani,Mohammad",001,19876,Engineering & Applied Science,3.93,31,1,24,5,1,0,0,0,0,0,0
2024 Fall,CE,6215,Storm Water Management,047355,"Culver,Teresa",001,20454,Engineering & Applied Science,3.89,9,1,6,1,1,0,0,0,0,0,0
2024 Fall,RELB,2067,Buddhism and Environment,046923,"MacNee,James",001,19062,College & Graduate Arts & Sci,3.85,19,14,0,3,0,2,0,0,0,0,0
2024 Fall,PSPM,5290,Agile Project Management,043656,"Onu,Stephen",701,20763,Continuing & Prof Studies,3.82,14,0,8,5,0,1,0,0,0,0,0
2024 Fall,CS,6222,Introduction to Cryptography,045676,"Lin,Wei-Kai",001,17095,Engineering & Applied Science,3.83,17,7,3,5,2,0,0,0,0,0,0
2024 Fall,EDIS,5139,Supervision and Management,046122,"Wine,Byron",501,15310,School of Education and HumanDev,3.94,5,1,3,1,0,0,0,0,0,0,0
2024 Fall,ENWR,2510,Advanced Writing Seminar,013441,"Childers,Jodie",007,20884,College & Graduate Arts & Sci,4.00,16,5,11,0,0,0,0,0,0,0,0
2024 Fall,PSPM,5210,Project Risk Management,029797,"Powers,Michael",701,20762,Continuing & Prof Studies,3.53,19,0,12,2,2,1,0,0,1,0,1
2024 Fall,EGMT,1530,Engaging Differences,044514,"Hedstrom,Matthew",215,19405,College & Graduate Arts & Sci,3.82,33,0,23,5,2,3,0,0,0,0,0
2024 Fall,SYS,3023,Human Machine Interface,036903,"Gerling,Gregory",001,15629,Engineering & Applied Science,3.90,70,0,64,0,0,5,0,0,1,0,0
2024 Fall,NUIP,4311,RNs in Complex Systems,045256,"Johnson,Lee",001,17542,School of Nursing,3.96,111,9,92,7,3,0,0,0,0,0,0
2024 Fall,PSPM,5030,Intro to Project Mgmt,029786,"Kropp,Edward",701,20760,Continuing & Prof Studies,3.83,22,4,10,7,0,0,0,1,0,0,0
2024 Fall,CS,6316,Machine Learning,006975,"Zhang,Aidong",001,16988,Engineering & Applied Science,3.82,65,0,36,26,1,1,0,0,1,0,0
2024 Fall,GCOM,7320,Accounting Policy,015399,"Lefanowicz,Craig",1,14656,McIntire School of Commerce,3.72,17,0,6,9,0,2,0,0,0,0,0
2024 Fall,CELL,5950,Jrnl Survey in Cell & Dev Biol,005250,"Dwyer,Noelle",001,18461,Medical School - BIMS/PHS,3.93,26,9,14,1,2,0,0,0,0,0,0
2024 Fall,GERM,1010,Elementary German,015642,"Dobryden,Paul",001,10192,College & Graduate Arts & Sci,3.77,17,0,9,5,2,1,0,0,0,0,0
2024 Fall,RELC,3040,Paul: Letters and Theology,033974,"Tite,Philip",001,19071,College & Graduate Arts & Sci,3.88,17,1,14,0,0,2,0,0,0,0,0
2024 Fall,ETP,3500,Topics in ETP,047195,"Bach,Dorothe",001,20208,College & Graduate Arts & Sci,3.96,15,0,13,2,0,0,0,0,0,0,0
2024 Fall,PSPS,6005,Prac Apps of Risk Mgmt in PSO,046661,"Graham,Gordon",581,20770,Continuing & Prof Studies,3.71,11,0,4,5,1,1,0,0,0,0,0
2024 Fall,ACCT,3010,Intro Acct I,045930,"Fox,Rita",701,20717,Continuing & Prof Studies,3.85,14,2,5,7,0,0,0,0,0,0,0
2024 Fall,ANTH,3559,New Course: ANTH,038540,"Farmer,Tessa",001,19263,College & Graduate Arts & Sci,3.82,24,0,22,1,0,0,0,0,0,0,1
2024 Fall,MAE,6230,Vibrations,022658,"Kerrigan,Jason",001,20671,Engineering & Applied Science,3.87,15,5,6,3,0,1,0,0,0,0,0
2024 Fall,BME,2104,Cell & Molecular for Engineers,004061,"Zunder,Eli",001,16204,Engineering & Applied Science,3.64,62,0,33,10,10,6,2,0,0,0,1
2024 Fall,EDIS,4350,Interaction with Intention,045392,"Turnbull,Khara",500,15334,School of Education and HumanDev,3.92,19,7,9,2,0,1,0,0,0,0,0
2024 Fall,MSE,6230,Thermodynamics of Materials,024426,"Zhigilei,Leonid",001,15848,Engineering & Applied Science,3.34,10,1,1,2,2,2,2,0,0,0,0
2024 Fall,SOC,5059,Sociology of Science,035565,"Aviles,Natalie",001,19630,College & Graduate Arts & Sci,3.78,12,1,5,4,2,0,0,0,0,0,0
2024 Fall,ENGL,2506,Studies in Poetry,012488,"Adams,Hodges",004,20635,College & Graduate Arts & Sci,3.94,20,9,7,4,0,0,0,0,0,0,0
2024 Fall,GCOM,7060,Financial Management,038177,"Gamrat,Gretchen",003,20669,McIntire School of Commerce,3.71,40,2,14,14,8,2,0,0,0,0,0
2024 Fall,LAW,7825,Internal Investigations (SC),046101,"Anderson,Temi",1,20674,School of Law,3.55,17,0,2,8,6,1,0,0,0,0,0
2024 Fall,ANTH,5870,Archaeozoology,000892,"Wattenmaker,Patricia",001,20644,College & Graduate Arts & Sci,3.91,7,2,3,2,0,0,0,0,0,0,0
2024 Fall,GCOM,7380,Data Mgt & Analytics for Accts,044316,"Liang,Yi",002,14702,McIntire School of Commerce,3.62,20,0,3,12,3,2,0,0,0,0,0
2024 Fall,ASTR,1220,Intro Stars Galaxies Universe,003047,"Modjaz,Maryam",003,13441,College & Graduate Arts & Sci,3.89,136,0,108,17,5,4,2,0,0,0,0
2024 Fall,AMST,3790,Moving On: Migration in/to US,046682,"Goff,Lisa",001,13178,College & Graduate Arts & Sci,3.71,15,2,6,3,2,2,0,0,0,0,0
2024 Fall,STS,4500,STS and Engineering Practice,036749,"Laugelli,Benjamin",027,20598,Engineering & Applied Science,3.92,28,13,10,3,2,0,0,0,0,0,0
2024 Fall,ECON,4080,Law and Economics,007948,"Westerfield,Maria",001,20534,College & Graduate Arts & Sci,3.81,21,2,10,6,3,0,0,0,0,0,0
2024 Fall,MUSI,3380,Intro to Composition,024808,"Gantt,Nicole Mitchell",001,20262,College & Graduate Arts & Sci,3.97,10,2,7,1,0,0,0,0,0,0,0
2024 Fall,ARH,3608,Historic Preservation: Theory,045407,"Johnston,Andrew",001,20309,School of Architecture,3.45,11,0,6,2,2,0,0,0,0,0,1
2024 Fall,CS,6501,Spec Top: Computer Science,006981,"Lou,Chang",012,17097,Engineering & Applied Science,3.72,16,5,4,4,0,2,1,0,0,0,0
2024 Fall,MATH,1210,A survey of Calculus I,022944,"Rolf,Jim",400,13613,College & Graduate Arts & Sci,2.84,36,3,8,1,6,6,2,1,3,0,6
2024 Fall,JAPN,1010,First-Year Japanese I,020740,"Sato,Tomomi",003,10221,College & Graduate Arts & Sci,3.22,12,0,2,4,2,1,1,1,0,0,1
2024 Fall,ANTH,2410,Sociolinguistics,000748,"Lefkowitz,Daniel",001,13043,College & Graduate Arts & Sci,3.16,30,5,5,4,4,4,3,1,0,2,2
2024 Fall,DS,5001,Exploratory Text Analytics,045703,"Mallikarjun,Sree",001,19893,School of Data Science,3.96,21,0,18,3,0,0,0,0,0,0,0
2024 Fall,MUSI,1310,Basic Musical Skills,024703,"Balija,Ayn",002,13524,College & Graduate Arts & Sci,3.45,42,4,21,4,1,5,2,1,2,0,2
2024 Fall,CS,4774,Machine Learning,045513,"Nguyen,Rich",001,16388,Engineering & Applied Science,3.78,222,87,82,23,15,5,3,1,2,0,4
2024 Fall,MAE,6592,Spec Topcs in Mech & Aero Engr,022685,"Dong,Haibo",003,20681,Engineering & Applied Science,3.90,9,1,5,3,0,0,0,0,0,0,0
2024 Fall,PSYC,2150,Introduction to Cognition,032487,"Willingham,Daniel",001,12359,College & Graduate Arts & Sci,2.98,325,7,41,64,52,49,30,28,15,15,24
2024 Fall,AAS,3559,New Course: AAS,038532,"Coleman,Robin Means",002,19808,College & Graduate Arts & Sci,3.22,14,0,5,3,2,1,1,0,0,1,1
2024 Fall,APMA,6410,Engineering Mathematics I,001208,"Spencer,Julie",001,16953,Engineering & Applied Science,3.52,16,3,4,2,4,1,1,0,1,0,0
2024 Fall,RELJ,3170,Modern Jewish Thought,042626,"Biemann,Asher",001,19079,College & Graduate Arts & Sci,3.89,18,1,14,1,1,1,0,0,0,0,0
2024 Fall,ASL,2010,Intermed Amer Sign Language I,003001,"Eshgi,Maher",004,11257,College & Graduate Arts & Sci,3.32,15,0,5,3,0,2,3,2,0,0,0
2024 Fall,ANTH,3450,Native American Languages,000752,"Mirzayan,Armik",100,19251,College & Graduate Arts & Sci,3.98,29,0,27,2,0,0,0,0,0,0,0
2024 Fall,COMM,3030,Quantitative & Finan Analysis,006455,"Yung,Christopher A",008,14598,McIntire School of Commerce,3.32,50,0,7,11,11,14,7,0,0,0,0
2024 Fall,DS,6030,Statistical Learning,046346,"Porter,Michael",001,17666,School of Data Science,3.91,68,0,58,5,2,3,0,0,0,0,0
2024 Fall,ENGL,5810,Books as Physical Objects,011566,"Meulen,David Vander",001,12569,College & Graduate Arts & Sci,3.83,9,0,4,5,0,0,0,0,0,0,0
2024 Fall,COMM,5130,Advanced Financial Accounting,006554,"YU,Yingri",001,14654,McIntire School of Commerce,3.53,26,1,11,5,1,4,2,2,0,0,0
2024 Fall,EGMT,1530,Engaging Differences,044514,"King,Alice",220,13870,College & Graduate Arts & Sci,3.90,34,0,23,11,0,0,0,0,0,0,0
2024 Fall,CGBM,2210,Digital Skills for Workplace,047002,"Schuff,David",001,14719,McIntire School of Commerce,3.50,48,0,7,18,15,7,1,0,0,0,0
2024 Fall,MAE,2020,Intro to Mechanical Engrng,046329,"Zhu,Joseph",001,16638,Engineering & Applied Science,3.66,115,21,34,31,13,9,2,2,3,0,0
2024 Fall,ANTH,3490,Language and Thought,000756,"Danziger,Eve",100,19247,College & Graduate Arts & Sci,3.45,57,1,19,11,9,11,1,2,3,0,0
2024 Fall,APMA,1110,Single Variable Calculus II,001140,"McMillan,Matthew",006,16249,Engineering & Applied Science,2.82,34,2,2,7,4,6,4,2,2,0,5
2024 Fall,EDLF,7810,Legal & Educ Policy Context,009813,"Roberts,Wendell",500,15283,School of Education and HumanDev,3.95,11,2,7,2,0,0,0,0,0,0,0
2024 Fall,LAW,8802,Grad Legal Research/Writing I,021830,"Moran,Karen",1,17932,School of Law,3.39,26,0,1,11,7,5,2,0,0,0,0
2024 Fall,EVAT,5310,Tropical Meteorology,046671,"Schiro,Kathleen",001,19075,College & Graduate Arts & Sci,3.57,18,1,5,6,2,2,2,0,0,0,0
2024 Fall,EDLF,8665,Contemp Issues in Higher Ed,009801,"Pusser,Brian",001,19806,School of Education and HumanDev,3.92,15,0,11,4,0,0,0,0,0,0,0
2024 Fall,ISLS,3211,Russian Politics,041449,"Urbanovich,Yuri",101,20697,Continuing & Prof Studies,3.60,12,0,2,7,1,2,0,0,0,0,0
2024 Fall,PHS,3130,Intro to Hlth Resrch Methods,043175,"Pannone,Aaron",001,13193,College & Graduate Arts & Sci,3.87,33,23,8,1,0,0,0,0,0,0,1
2024 Fall,CS,2120,Discrete Math and Theory 1,046227,"Sullivan,Kevin",002,16656,Engineering & Applied Science,3.53,116,35,25,27,7,5,3,4,5,2,3
2024 Fall,PHYS,2419,Intro Physics 2 Workshop,031079,"Bychkov,Maksim",001,10362,College & Graduate Arts & Sci,3.65,24,2,12,6,1,2,0,0,0,0,1
2024 Fall,ECON,8310,Public Economics I,008061,"Lockwood,Lee",100,13497,College & Graduate Arts & Sci,3.61,8,0,3,1,4,0,0,0,0,0,0
2024 Fall,PSLP,5320,Organizational Leadership,044293,"Powers,Michael",701,20737,Continuing & Prof Studies,3.42,27,0,10,9,2,0,2,1,1,1,1
2024 Fall,MAE,4790,AE Design I,047356,"Goyne,Chris",001,20455,Engineering & Applied Science,3.90,81,64,10,5,0,0,0,0,0,1,1
2024 Fall,WGS,3500,Research and Methods in WGS,041823,"Hagerman,Bonnie",001,13187,College & Graduate Arts & Sci,3.29,16,0,4,2,3,5,0,1,1,0,0
2024 Fall,MAE,6020,Continuum Mechanics,022642,"Smith,Natasha",001,15894,Engineering & Applied Science,3.88,35,14,12,6,2,1,0,0,0,0,0
2024 Fall,CHE,4491,Chemical Engineering Lab II,005481,"Prpich,George",103,16106,Engineering & Applied Science,3.75,17,1,8,4,3,1,0,0,0,0,0
2024 Fall,KINE,3660,Neuroscience of Exercise,043490,"Resch,Jacob",001,19809,School of Education and HumanDev,3.48,88,1,32,20,14,11,2,6,1,0,1
2024 Fall,PHYS,2030,Princip of Physics 1 Workshop,030811,"Bychkov,Maksim",013,10536,College & Graduate Arts & Sci,3.96,25,4,18,3,0,0,0,0,0,0,0
2024 Fall,SPAN,2020,Advanced Intermediate Spanish,035854,"West,Rachel",009,10605,College & Graduate Arts & Sci,3.50,17,0,3,8,3,1,1,1,0,0,0
2024 Fall,HILA,3261,The Great Encounter,047346,"Owensby,Brian",001,20409,College & Graduate Arts & Sci,3.00,26,3,6,2,5,4,1,1,0,0,4
2024 Fall,CHEM,1411,Intro College Chem I Lab,005986,"Morkowchuk,Lisa",047,12364,College & Graduate Arts & Sci,3.78,24,17,2,4,0,0,0,0,0,0,1
2024 Fall,BIMS,8380,Practical Biomed Statistics I,024120,"Jones,Marieke",001,18496,Medical School - BIMS/PHS,3.97,40,0,36,4,0,0,0,0,0,0,0
2024 Fall,PHS,7200,Strategic Plan & Ldrshp in PH,030377,"Oliver,M",001,18711,Medical School - BIMS/PHS,3.97,21,0,19,2,0,0,0,0,0,0,0
2024 Fall,MDST,3510,Topics in Media Research,045771,"Bridges,Lauren",001,13079,College & Graduate Arts & Sci,3.57,16,0,10,4,0,0,0,1,0,0,1
2024 Fall,COMM,3110,Intermediate Accounting I,006461,"Backof,Ann",700,14611,McIntire School of Commerce,3.58,42,0,12,19,5,1,3,2,0,0,0
2024 Fall,APMA,2130,Ordinary Differentl Equations,001145,"Fernando,Thiwanka",007,16064,Engineering & Applied Science,3.60,41,8,15,6,4,3,3,0,0,1,1
2024 Fall,MDST,4660,Watching the Detectives,042873,"Little,William",001,19028,College & Graduate Arts & Sci,3.76,19,0,10,5,3,1,0,0,0,0,0
2024 Fall,GETR,3464,Stories of Love and Adventure,045859,"McDonald,William",001,13094,College & Graduate Arts & Sci,3.60,29,0,7,12,7,3,0,0,0,0,0
2024 Fall,PHYS,1660,Practical Computing,043759,"Wright,Bryan",001,11468,College & Graduate Arts & Sci,3.64,12,0,10,1,0,0,0,0,0,0,1
2024 Fall,EVSC,4559,New Course: EVSC,039169,"Mamalakis,Antonios",001,19076,College & Graduate Arts & Sci,3.85,19,3,9,5,2,0,0,0,0,0,0
2024 Fall,EDHS,7060,Articulation & Phonology,009189,"Dubay,Michaela",001,14750,School of Education and HumanDev,3.88,34,0,24,7,3,0,0,0,0,0,0
2024 Fall,EGMT,1510,Engaging Aesthetics,044512,"Farooqi,Mehr",219,13900,College & Graduate Arts & Sci,3.82,30,2,22,5,0,0,0,0,0,0,1
2024 Fall,EGMT,1530,Engaging Differences,044514,"Smith,Wendy",208,19404,College & Graduate Arts & Sci,3.98,35,3,30,2,0,0,0,0,0,0,0
2024 Fall,RELI,5425,Islamic Philosophy & Theology,044457,"Nair,Shankar",001,19074,College & Graduate Arts & Sci,3.68,9,0,2,5,2,0,0,0,0,0,0
2024 Fall,COMM,3030,Quantitative & Finan Analysis,006455,"Webb,Robert I",001,14601,McIntire School of Commerce,3.45,50,1,9,10,23,4,2,0,1,0,0
2024 Fall,EGMT,1510,Engaging Aesthetics,044512,"Carter,Eli",202,13885,College & Graduate Arts & Sci,4.00,32,12,20,0,0,0,0,0,0,0,0
2024 Fall,ECE,6501,Topics: Elect & Computer Engr,007731,"Weikle,Robert",003,15976,Engineering & Applied Science,3.33,12,2,1,3,3,1,0,0,2,0,0
2024 Fall,ASTR,3150,Intro Interstellar Medium,046264,"Cleeves,Ilse",001,12900,College & Graduate Arts & Sci,3.73,28,7,10,4,4,2,0,1,0,0,0
2024 Fall,CHEM,4440,Biochemistry for Pre-Health,046085,"Grisham,Charles",200,13666,College & Graduate Arts & Sci,3.80,47,0,35,3,1,8,0,0,0,0,0
2024 Fall,ARCH,2710,CAAD 3D Geometrical Mod & Vis,042203,"Mark,Earl",100,14354,School of Architecture,3.64,87,4,41,14,15,8,1,2,2,0,0
2024 Fall,EGMT,1520,Empirical Engagement,044513,"Morse,Jennifer",110,13728,College & Graduate Arts & Sci,3.99,34,6,27,1,0,0,0,0,0,0,0
2024 Fall,EDIS,5012,Mindfulness for Teachers,044537,"Nicholas-Stokes,Pamela",500,15250,School of Education and HumanDev,3.61,20,4,8,4,1,0,2,0,0,0,1
2024 Fall,GSVS,4100,Evidence for Policy,046684,"Phillips,Spencer",001,13179,College & Graduate Arts & Sci,3.72,18,3,5,8,1,0,0,0,1,0,0
2024 Fall,MATH,3100,Introduction to Probability,023058,"Turner,Joshua",003,11313,College & Graduate Arts & Sci,3.83,29,9,16,0,1,1,1,0,1,0,0
2024 Fall,LATI,4559,New Course: LATI,038612,"Celotto,Giulio",001,19395,College & Graduate Arts & Sci,3.95,11,1,8,2,0,0,0,0,0,0,0
2024 Fall,LAW,8000,Advanced Legal Research,021685,"Ward,Latia",2,18000,School of Law,3.61,15,2,3,2,7,1,0,0,0,0,0
2024 Fall,CS,2910,CS Education Practicum,044243,"Basit,Nada",001,16153,Engineering & Applied Science,3.99,107,91,14,2,0,0,0,0,0,0,0
2024 Fall,MATH,7410,Functional Analysis I,023228,"Hayes,Benjamin",001,13113,College & Graduate Arts & Sci,3.83,8,4,2,0,2,0,0,0,0,0,0
2024 Fall,PSPS,6010,Constitutional Framework of PS,046293,"Cantil-Sakauye,Tani",580,20771,Continuing & Prof Studies,3.99,43,15,27,1,0,0,0,0,0,0,0
2024 Fall,GBAC,7201,Enterprise Strategy,015394,"Hou,Young",001,18333,McIntire Darden Grad Business,3.46,58,2,8,11,30,7,0,0,0,0,0
2024 Fall,EGMT,1520,Empirical Engagement,044513,"Spitzner,Dan",206,12907,College & Graduate Arts & Sci,3.92,34,0,31,0,1,2,0,0,0,0,0
2024 Fall,MATH,2310,Calculus III,023024,"Petrov,Leonid",200,13109,College & Graduate Arts & Sci,3.25,40,2,12,9,5,5,0,1,2,0,4
2024 Fall,GCOM,7050,Organizational Behavior,037979,"Zhao,Emma",001,14629,McIntire School of Commerce,3.80,65,2,32,22,9,0,0,0,0,0,0
2024 Fall,CHEM,1411,Intro College Chem I Lab,005986,"Morkowchuk,Lisa",006,10571,College & Graduate Arts & Sci,3.78,22,13,3,4,0,0,1,0,0,1,0
2024 Fall,EVSC,2800,Fundamentals of Geology,013912,"Limaye,Ajay",001,12345,College & Graduate Arts & Sci,3.37,98,6,15,31,12,20,7,3,1,1,2
2024 Fall,EDIS,6730,Diagnosis & Remediation I,009475,"Hauser,Lauren Elizabeth",504,20241,School of Education and HumanDev,3.84,14,0,10,3,0,0,1,0,0,0,0
2024 Fall,GNUR,8210,Scholarly Writing,017046,"Anderson,Kelley",001,17554,School of Nursing,3.73,7,0,3,3,0,1,0,0,0,0,0
2024 Fall,LAR,6710,Media I,045168,"Wettstein,Emily",100,14408,School of Architecture,3.51,15,0,1,6,8,0,0,0,0,0,0
2024 Fall,GCOM,7040,Marketing & QA,037978,"Mittal,Chiraag",001,14628,McIntire School of Commerce,3.54,65,0,12,27,15,9,2,0,0,0,0
2024 Fall,ARCH,7120,20th-21st c History of Ideas,001688,"Last,Nana",001,14402,School of Architecture,3.32,49,0,0,12,25,12,0,0,0,0,0
2024 Fall,LAW,7071,Professional Responsibility,021935,"Shalf,Sarah",2,18017,School of Law,3.53,50,0,7,22,15,4,2,0,0,0,0
2024 Fall,FREN,2010,Intermediate French I,014315,"Bartz,Ninon",006,13677,College & Graduate Arts & Sci,3.77,15,0,8,5,1,0,1,0,0,0,0
2024 Fall,EGMT,1510,Engaging Aesthetics,044512,"Fiorani,Francesca",105,13824,College & Graduate Arts & Sci,3.67,30,0,12,8,8,2,0,0,0,0,0
2024 Fall,ASTR,1210,Intro Sky and Solar System,003045,"Pryal,Matthew",002,12713,College & Graduate Arts & Sci,3.21,102,1,20,28,15,13,8,7,4,1,5
2024 Fall,HIAF,3501,Introductory History Workshop,046576,"Fleur,James La",001,13806,College & Graduate Arts & Sci,3.97,10,2,7,1,0,0,0,0,0,0,0
2024 Fall,MATH,1210,A survey of Calculus I,022944,"Mitchell,Susan",950,12599,College & Graduate Arts & Sci,3.18,36,1,15,2,4,5,1,2,2,1,3
2024 Fall,EDIS,5422,Cross-Cultural Education,043455,"Ford,Karen",500,15259,School of Education and HumanDev,3.92,23,0,18,4,1,0,0,0,0,0,0
2024 Fall,EGMT,1510,Engaging Aesthetics,044512,"Kennedy,R.",119,13838,College & Graduate Arts & Sci,3.94,32,18,13,0,0,0,0,0,1,0,0
2024 Fall,EDHS,3110,Understanding Autism,044840,"Dubay,Michaela",001,15188,School of Education and HumanDev,3.83,28,0,21,2,3,2,0,0,0,0,0
2024 Fall,EDIS,3015,Intro Curriculum Instr Assess,045915,"McGraw,Jillian",001,15197,School of Education and HumanDev,3.83,15,0,9,4,2,0,0,0,0,0,0
2024 Fall,COMM,3200,Project & Product Management,006498,"Schuff,David",001,14649,McIntire School of Commerce,3.43,37,0,9,9,8,6,4,1,0,0,0
2024 Fall,LPPS,6810,Virginia Politics and Policy,044836,"Pennock,Andrew",001,19927,Batten Leadership & Public Pol,3.59,8,0,2,3,2,1,0,0,0,0,0
2024 Fall,EDLF,7815,Ldshp Equity Dverse Population,046606,"White,Tinkhani",500,15390,School of Education and HumanDev,4.00,7,3,4,0,0,0,0,0,0,0,0
2024 Fall,STAT,6120,Linear Models,041041,"Wang,Lingxiao",001,11538,College & Graduate Arts & Sci,3.53,32,5,9,4,6,2,6,0,0,0,0
2024 Fall,NUCO,4110,Complex Health Conditions,043227,"Craig,Sarah",001,17491,School of Nursing,3.91,110,1,92,14,1,1,0,0,0,0,1
2024 Fall,MAE,6020,Continuum Mechanics,022642,"Smith,Natasha",600,20523,Engineering & Applied Science,3.68,8,0,3,3,1,1,0,0,0,0,0
2024 Fall,PHIL,2820,Phil of Health & Health Care,046586,"Barnes,Elizabeth",100,13070,College & Graduate Arts & Sci,3.45,119,0,28,41,9,35,3,1,1,0,1
2024 Fall,GBAC,7205,Data Analytics I,045278,"Albert,Michael",001,18336,McIntire Darden Grad Business,3.46,58,3,9,12,23,9,2,0,0,0,0
2024 Fall,WGS,3500,Research and Methods in WGS,041823,"Orsak,Sarah",002,13188,College & Graduate Arts & Sci,3.55,13,2,3,4,2,0,1,0,1,0,0
2024 Fall,SYS,6005,Stochastic Modeling I,036950,"Iqbal,Tariq",600,16653,Engineering & Applied Science,3.07,9,0,2,1,3,2,0,0,0,0,1
2024 Fall,ENGL,3915,Point of View Journalism,043171,"Goff,Lisa",001,20295,College & Graduate Arts & Sci,3.59,14,0,5,7,0,0,1,0,0,1,0
2024 Fall,PSPS,6030,Dev & Imp Systems of Emer Prep,046292,"Odom,Oscar",580,20774,Continuing & Prof Studies,3.94,31,0,26,4,1,0,0,0,0,0,0
2024 Fall,EGMT,1520,Empirical Engagement,044513,"Zaccagnini,Michele",221,13854,College & Graduate Arts & Sci,3.93,34,0,31,0,2,1,0,0,0,0,0
2024 Fall,CS,6501,Spec Top: Computer Science,006981,"Bezzo,Nicola",010,16577,Engineering & Applied Science,3.65,17,4,2,6,4,0,1,0,0,0,0
2024 Fall,COMM,4741,Foundations of Global Commerce,006535,"Maillet,Peter",002,14646,McIntire School of Commerce,3.55,22,0,7,6,4,4,1,0,0,0,0
2024 Fall,PSPS,6030,Dev & Imp Systems of Emer Prep,046292,"Hoover,Mark",581,20775,Continuing & Prof Studies,3.90,41,0,28,12,1,0,0,0,0,0,0
2024 Fall,EGMT,1540,Ethical Engagement,044515,"Walsh,David",120,13878,College & Graduate Arts & Sci,3.99,35,22,12,1,0,0,0,0,0,0,0
2024 Fall,GBAC,7204,Marketing Analytics,045276,"Howard,Chuck",001,18335,McIntire Darden Grad Business,3.41,58,0,9,21,16,6,4,0,1,0,1
2024 Fall,KOR,3010,Advanced Korean I,020868,"Han,Rosa",001,10547,College & Graduate Arts & Sci,3.52,11,0,3,3,3,1,1,0,0,0,0
2024 Fall,ENGL,4560,Seminar Modern & Contemp Lit,012608,"Olwell,Victoria",001,19791,College & Graduate Arts & Sci,3.60,18,0,5,7,4,1,1,0,0,0,0
2024 Fall,LAW,9003,AI and Democracy,022203,"Ross,Bertrall",1,20579,School of Law,3.49,20,0,1,9,8,2,0,0,0,0,0
2024 Fall,CJ,5890,Law Enforcement ExecEssentials,044117,"Castillo,Angel",02,21524,Continuing & Prof Studies,3.96,21,0,18,3,0,0,0,0,0,0,0
2024 Fall,JAPN,1010,First-Year Japanese I,020740,"Marshall,Tomoko",002,10220,College & Graduate Arts & Sci,3.56,14,0,3,7,2,1,0,1,0,0,0
2024 Fall,CHEM,1411,Intro College Chem I Lab,005986,"Morkowchuk,Lisa",068,12385,College & Graduate Arts & Sci,4.00,24,22,2,0,0,0,0,0,0,0,0
2024 Fall,RELC,1220,Early Christianity & N Testmnt,033953,"Spittler,Janet",100,12602,College & Graduate Arts & Sci,3.76,299,0,223,44,5,8,5,3,2,1,8
2024 Fall,EGMT,1520,Empirical Engagement,044513,"Williams,Jennie",214,12919,College & Graduate Arts & Sci,3.95,24,19,3,1,0,1,0,0,0,0,0
2024 Fall,PHYS,2010,Principles of Physics 1,030809,"Sundararajan,Jency",001,10359,College & Graduate Arts & Sci,3.12,110,9,21,30,2,19,7,2,5,4,11
2024 Fall,EGMT,1520,Empirical Engagement,044513,"Samonina,Jelena",213,12918,College & Graduate Arts & Sci,4.00,34,30,4,0,0,0,0,0,0,0,0
2024 Fall,BIOL,4270,Animal Behavior Laboratory,003614,"Kawasaki,Masashi",002,12692,College & Graduate Arts & Sci,3.98,18,2,15,1,0,0,0,0,0,0,0
2024 Fall,BIOL,3000,Cell Biology,003525,"Wormington,Mike",100,10992,College & Graduate Arts & Sci,2.75,293,9,54,22,24,58,20,15,43,10,38
2024 Fall,SLTR,3300,Facing Evil in 20th Century,042456,"Tolczyk,Dariusz",001,12638,College & Graduate Arts & Sci,3.87,35,0,22,11,2,0,0,0,0,0,0
2024 Fall,EGMT,1530,Engaging Differences,044514,"Jameson-Ellsmore,Ben",114,12922,College & Graduate Arts & Sci,3.92,28,4,22,1,0,0,0,0,1,0,0
2024 Fall,FREN,2010,Intermediate French I,014315,"Brunel,Wanda",004,10174,College & Graduate Arts & Sci,3.19,17,0,4,3,1,4,1,4,0,0,0
2024 Fall,EGMT,1520,Empirical Engagement,044513,"Clabough,Erin",210,12915,College & Graduate Arts & Sci,3.84,34,11,17,4,0,0,0,0,1,1,0
2024 Fall,EGMT,1530,Engaging Differences,044514,"Mehfoud,Lauren",113,12921,College & Graduate Arts & Sci,4.00,35,3,32,0,0,0,0,0,0,0,0
2024 Fall,CHEM,1411,Intro College Chem I Lab,005986,"Morkowchuk,Lisa",045,12362,College & Graduate Arts & Sci,3.70,23,19,0,1,0,0,2,0,0,0,1
2024 Fall,MATH,1210,A survey of Calculus I,022944,"Buckland,Amelia",970,12796,College & Graduate Arts & Sci,3.18,28,0,7,5,4,7,1,2,0,0,2
2024 Fall,RELH,2090,Hinduism,034386,"Nemec,John",100,12952,College & Graduate Arts & Sci,3.78,107,0,47,51,6,1,1,0,1,0,0
2024 Fall,EGMT,1540,Ethical Engagement,044515,"Goldblatt,Laura",208,12934,College & Graduate Arts & Sci,3.80,33,6,21,4,0,0,0,0,1,0,1
2024 Fall,STS,4500,STS and Engineering Practice,036749,"Francisco,Pedro",006,15890,Engineering & Applied Science,3.91,28,23,2,0,2,1,0,0,0,0,0
2024 Fall,EDLF,8822,Decision-making in Education,043642,"Dexter,Sara",500,19807,School of Education and HumanDev,3.63,12,3,4,4,0,0,0,0,0,0,1
2024 Fall,COMM,4710,Intermediate Investments,006538,"Kulkarni,Sheisha",005,14676,McIntire School of Commerce,3.84,40,1,22,14,3,0,0,0,0,0,0
2024 Fall,COMM,4263,Cybersecurity as Business Risk,045369,"Lewis,Bryan",001,14678,McIntire School of Commerce,3.53,31,1,7,10,7,4,2,0,0,0,0
2024 Fall,ARCH,5150,Global Sustainability,039915,"Crisman,Phoebe",001,14393,School of Architecture,3.79,17,0,8,7,2,0,0,0,0,0,0
2024 Fall,LAW,9076,Natural Resources Law & Policy,021787,"Szeptycki,Leon",1,20913,School of Law,3.53,17,1,3,5,4,4,0,0,0,0,0
2024 Fall,PLAN,5740,Transportation Planning&Policy,031367,"Mondschein,Andrew",001,14481,School of Architecture,3.89,15,0,13,1,0,0,1,0,0,0,0
2024 Fall,GCOM,7230,Data Mgmt for Decision Making,043909,"Kitchens,Brent",001,14709,McIntire School of Commerce,3.63,23,0,9,5,7,2,0,0,0,0,0
2024 Fall,ARCH,2010,Foundation Studio II,001493,"Morrell,Lemara",106,14482,School of Architecture,3.59,13,2,3,3,3,1,1,0,0,0,0
2024 Fall,NUCO,2440,Case-Based Learning,043223,"Bourne,Dawn",001,17592,School of Nursing,4.00,26,2,24,0,0,0,0,0,0,0,0
2024 Fall,COMM,4660,Mgmt Consulting & Advisory Svc,006529,"Seaborn,Paul",001,14677,McIntire School of Commerce,3.48,25,0,4,13,6,1,0,0,0,0,1
2024 Fall,DS,1001,Foundation of Data Science,046672,"Alonzi,Loreto",100,17693,School of Data Science,3.94,208,0,200,0,0,6,0,0,1,0,1
2024 Fall,LAR,7500,Special Tops in Landscape Arch,045643,"Lee,Michael",001,20466,School of Architecture,3.63,10,0,4,2,3,1,0,0,0,0,0
2024 Fall,PLCP,2500,Special Topics,039020,"Walter,Margaret King",505,20784,College & Graduate Arts & Sci,3.65,22,0,8,6,7,1,0,0,0,0,0
2024 Fall,ARCH,7010,Foundation Studio III,001680,"Stec,Peter",002,14410,School of Architecture,3.68,13,0,3,7,3,0,0,0,0,0,0
2024 Fall,COMM,4310,Global Marketing,006515,"Kozlenkova,Irina",002,14699,McIntire School of Commerce,3.64,21,0,7,9,3,1,0,1,0,0,0
2024 Fall,ECE,2330,Digital Logic Design,007674,"Crockett,Caroline",001,16111,Engineering & Applied Science,3.80,105,1,94,2,1,0,1,1,1,1,3
2024 Fall,EGMT,1540,Ethical Engagement,044515,"Choi,Christopher",203,13881,College & Graduate Arts & Sci,4.00,34,29,5,0,0,0,0,0,0,0,0
2024 Fall,STS,2600,Engineering Ethics,046988,"Pappas,Jesse",008,17086,Engineering & Applied Science,3.88,28,0,25,1,1,0,0,0,0,1,0
2024 Fall,COMM,2010,Intro to Financial Accounting,006440,"Mitchell,Jill",100,14704,McIntire School of Commerce,3.15,674,28,134,103,95,111,76,39,62,10,16
2024 Fall,PLAN,5220,Real Estate Finance Fundmntals,045476,"ROWE,FRED",001,14433,School of Architecture,3.68,23,4,9,3,4,1,2,0,0,0,0
2024 Fall,COMM,3410,Commercial Law I,006470,"Moore,Sherri",002,14675,McIntire School of Commerce,3.50,305,0,91,113,30,31,21,8,6,3,2
2024 Fall,STS,4500,STS and Engineering Practice,036749,"Wylie,Caitlin",017,15891,Engineering & Applied Science,3.69,27,0,13,7,5,1,0,1,0,0,0
2024 Fall,SYS,6021,Statistical Modeling I,036958,"Chung,Seokhyun",001,15935,Engineering & Applied Science,3.70,19,2,9,2,3,3,0,0,0,0,0
2024 Fall,LAW,6002,Contracts,021553,"Hellman,Deborah",EH,20871,School of Law,3.40,62,0,8,15,23,15,1,0,0,0,0
2024 Fall,CS,1110,Introduction to Programming,006846,"Khargonkar,Arohi",001,15936,Engineering & Applied Science,3.36,155,0,75,23,15,11,8,5,4,2,12
2024 Fall,SYS,6003,Optimizatn Models & Methods I,036949,"Riggs,Robert",600,16652,Engineering & Applied Science,3.06,12,0,3,4,3,0,0,0,0,0,2
2024 Fall,EVAT,5320,Mountain Meteorology,039705,"Wekker,Stephan De",001,18950,College & Graduate Arts & Sci,3.64,12,3,3,2,1,3,0,0,0,0,0
2024 Fall,ALAR,8010,Research Studio 1,042199,"Khafif,Mona El",010,14468,School of Architecture,3.96,7,2,4,1,0,0,0,0,0,0,0
2024 Fall,APMA,1090,Single Variable Calculus I,001138,"McMillan,Matthew",002,16286,Engineering & Applied Science,2.96,36,2,9,9,3,3,1,0,2,1,6
2024 Fall,RELG,3630,Idolatry,042860,"Biemann,Asher",001,20138,College & Graduate Arts & Sci,3.72,17,1,7,4,5,0,0,0,0,0,0
2024 Fall,LAW,6003,Criminal Law,021556,"Brown,Darryl",AF,17890,School of Law,3.38,62,0,4,13,37,6,2,0,0,0,0
2024 Fall,ENTP,1010,Intro to Entrepreneurship,043881,"Kerpelman,Adam",005,14733,McIntire School of Commerce,3.69,55,5,37,5,2,0,1,2,0,1,2
2024 Fall,ECE,6501,Topics: Elect & Computer Engr,007731,"Fletcher,Tom",005,16399,Engineering & Applied Science,3.57,10,3,1,2,1,3,0,0,0,0,0
2024 Fall,COMM,4644,Persuasion & Influence,046711,"Allison,Kiera",001,14705,McIntire School of Commerce,3.67,15,0,7,4,2,1,1,0,0,0,0
2024 Fall,ARTH,2861,East Asian Art,002491,"Wong,Dorothy",100,18962,College & Graduate Arts & Sci,3.64,25,0,3,17,4,1,0,0,0,0,0
2024 Fall,LPPP,3620,Engaging Policy Communities,046654,"Martin,Paul",100,17366,Batten Leadership & Public Pol,3.56,39,0,9,16,10,2,1,0,1,0,0
2024 Fall,EVSC,4870,Global Biogeochemical Cycles,013977,"Richardson,Justin",001,18949,College & Graduate Arts & Sci,3.92,18,3,13,0,2,0,0,0,0,0,0
2024 Fall,BIOC,8150,Biochemical Literature,003292,"Wotton,David",001,18398,Medical School - BIMS/PHS,3.98,13,2,10,1,0,0,0,0,0,0,0
2024 Fall,APMA,3100,Probability,001152,"Maiti,Deepyaman",006,20912,Engineering & Applied Science,2.78,22,3,4,4,3,0,1,0,0,2,5
2024 Fall,GSVS,3559,New Course: GSVS,043646,"White,Mark",002,20562,College & Graduate Arts & Sci,3.69,14,0,6,4,3,1,0,0,0,0,0
2024 Fall,GNUR,8670,Resilient Leadership,045530,"Ridge,Richard",001,17545,School of Nursing,4.00,14,9,5,0,0,0,0,0,0,0,0
2024 Fall,ISBU,3451,Fundamentals of Marketing,020283,"Kenney,King",101,20687,Continuing & Prof Studies,3.43,28,5,9,7,2,1,0,2,0,0,2
2024 Fall,EDIS,5060,Math Instruction Special Ed,009429,"Morano,Stephanie",500,15255,School of Education and HumanDev,3.86,20,3,14,0,1,2,0,0,0,0,0
2024 Fall,MAE,2030,Intro to Aerospace Engineering,046330,"Scott,Ethan",001,16639,Engineering & Applied Science,3.84,87,25,42,10,7,1,1,0,0,0,1
2024 Fall,ALAR,8010,Research Studio 1,042199,"Davies,Sawyer",012,14550,School of Architecture,3.74,5,0,2,2,1,0,0,0,0,0,0
2024 Fall,COMM,3010,Strategy and Systems,006453,"Lashley,Kisha",007,14587,McIntire School of Commerce,3.61,49,0,3,34,11,1,0,0,0,0,0
2024 Fall,GNUR,8410,Grant Writing,017085,"Alhusen,Jeanne",001,17461,School of Nursing,3.89,9,2,5,1,1,0,0,0,0,0,0
2024 Fall,HILA,2001,"Colonial Latin Am, 1500-1824",018770,"Klubock,Thomas",100,12969,College & Graduate Arts & Sci,3.40,52,0,15,18,5,5,5,1,0,1,2
2024 Fall,STS,4500,STS and Engineering Practice,036749,"Fitzgerald,Gerard",016,16365,Engineering & Applied Science,3.86,28,6,13,7,1,1,0,0,0,0,0
2024 Fall,LAW,9294,Drug Prod Liability Litgn Sem,044731,"Grossi,Peter",1,17975,School of Law,3.42,11,0,0,4,6,1,0,0,0,0,0
2024 Fall,MDST,3720,Social Media and Global South,045768,"Nemer,David",001,13384,College & Graduate Arts & Sci,3.41,18,0,4,8,2,1,1,0,0,2,0
2024 Fall,MAE,3230,Thermal Fluids Laboratory,045222,"Griffiths,Peter",001,16367,Engineering & Applied Science,3.63,88,30,11,23,11,8,3,1,0,0,1
2024 Fall,ENWR,1510,Writing and Critical Inquiry,013432,"Lewis,Bella",071,12357,College & Graduate Arts & Sci,3.98,16,2,13,1,0,0,0,0,0,0,0
2024 Fall,PLCP,4500,Special Topics,031707,"Gingerich,Daniel",003,14117,College & Graduate Arts & Sci,3.48,13,0,3,7,0,0,1,2,0,0,0
2024 Fall,CE,2030,Mgmt of Eng & Construct Projct,046267,"Duran,Diana Franco",001,16629,Engineering & Applied Science,3.56,69,0,36,12,9,4,4,1,0,1,2
2024 Fall,SOC,5120,Intermediate Statistics,035535,"Gorman,Elizabeth",100,13060,College & Graduate Arts & Sci,3.34,5,0,0,2,2,0,1,0,0,0,0
2024 Fall,LAW,9081,Trial Advocacy,022023,"Cook,John",3,18004,School of Law,3.68,13,0,3,7,3,0,0,0,0,0,0
2024 Fall,LAW,6000,Civil Procedure,021550,"Frost,Amanda",BD,17926,School of Law,3.40,62,0,3,23,24,8,4,0,0,0,0
2024 Fall,MDST,3504,Topics in Global Media,042990,"Goin,Keara",001,13383,College & Graduate Arts & Sci,3.84,30,0,28,0,1,0,0,0,0,0,1
2024 Fall,EVSC,2559,New Course: EVSC,039167,"Epstein,Howard",001,20556,College & Graduate Arts & Sci,4.00,15,7,8,0,0,0,0,0,0,0,0
2024 Fall,LPPP,7559,New Course: PPOL,044184,"Bassett,Lucy",001,19924,Batten Leadership & Public Pol,3.60,9,0,3,4,1,0,0,1,0,0,0
2024 Fall,SOC,3440,Chinese Society,043558,"Wang,Yingyao",001,19617,College & Graduate Arts & Sci,3.69,34,0,16,10,3,4,1,0,0,0,0
2024 Fall,IT,3100,Architecture and Design,046646,"Ofarril,Roger",701,20751,Continuing & Prof Studies,2.59,12,0,3,1,0,2,2,1,0,1,2
2024 Fall,COMM,4720,Adv Corp Finance: Val & Restr,006541,"Schenone,Carola",003,14701,McIntire School of Commerce,3.59,36,6,12,2,8,6,2,0,0,0,0
2024 Fall,ARCH,2010,Foundation Studio II,001493,"Cleckley,Elgin",101,14442,School of Architecture,3.78,13,1,5,6,0,1,0,0,0,0,0
2024 Fall,ACCT,5470,Forensic Accounting,044657,"Hood,Michael",701,20726,Continuing & Prof Studies,3.78,11,0,3,8,0,0,0,0,0,0,0
2024 Fall,SYS,6001,Intro Systems Analysis&Design,036947,"Scherer,William",600,16681,Engineering & Applied Science,3.57,32,0,16,0,8,7,1,0,0,0,0
2024 Fall,RELC,2215,Mormonism and American Culture,043081,"Maffly-Kipp,Laurie",001,19065,College & Graduate Arts & Sci,3.66,19,0,6,9,1,3,0,0,0,0,0
2024 Fall,NUIP,4200,Pathophysiology,029460,"Wiersma,Gretchen",003,19897,School of Nursing,3.74,11,0,8,2,0,0,0,0,0,1,0
2024 Fall,FREN,8585,Seminar in Cultural,014512,"Boutaghou,Ferial",001,20553,College & Graduate Arts & Sci,3.90,6,0,4,2,0,0,0,0,0,0,0
2024 Fall,ARCH,3010,Foundation Studio IV,001517,"Goradia,Dhara",005,14449,School of Architecture,3.44,13,0,3,3,3,3,1,0,0,0,0
2024 Fall,ISIN,4510,Sp Tps Conduct Inquiry: So Sci,043255,"Schnur,Michael",101,20694,Continuing & Prof Studies,3.46,23,0,8,9,2,1,1,0,1,0,1
2024 Fall,APMA,1090,Single Variable Calculus I,001138,"Dizaji,Farzad Shafiei",005,16952,Engineering & Applied Science,3.35,32,7,13,4,1,2,0,0,0,0,5
2024 Fall,LAW,6002,Contracts,021553,"Hynes,Richard",I,20874,School of Law,3.40,32,0,2,9,15,6,0,0,0,0,0
2024 Fall,COMM,3010,Strategy and Systems,006453,"Marcel,Jeremy J",005,14589,McIntire School of Commerce,3.54,49,0,8,24,13,2,1,0,0,0,1
2024 Fall,APMA,3140,App Partial Differentl Equatns,001155,"Spencer,Julie",002,16575,Engineering & Applied Science,3.21,42,3,8,9,8,4,2,3,3,0,2
2024 Fall,COMM,4790,Fundamentals of R.E. Analysis,006542,"Korgaonkar,Sanket",002,14681,McIntire School of Commerce,3.49,37,0,7,9,16,5,0,0,0,0,0
2024 Fall,ARCH,2010,Foundation Studio II,001493,"Davies,Sawyer",103,14444,School of Architecture,3.65,14,3,3,4,2,1,1,0,0,0,0
2024 Fall,EGMT,1510,Engaging Aesthetics,044512,"O'Donoghue,Meghan",224,19391,College & Graduate Arts & Sci,3.97,30,0,28,1,1,0,0,0,0,0,0
2024 Fall,GCOM,7060,Financial Management,038177,"Gamrat,Gretchen",002,14637,McIntire School of Commerce,3.67,47,1,20,11,10,5,0,0,0,0,0
2024 Fall,COMM,4450,Federal Taxation,006512,"Franks,Harry",001,14670,McIntire School of Commerce,3.40,31,3,6,6,8,2,4,1,0,1,0
2024 Fall,ARCH,3010,Foundation Studio IV,001517,"Phinney,Lucia",002,14438,School of Architecture,3.64,14,0,5,4,4,1,0,0,0,0,0
2024 Fall,ARCH,7250,Environmental Systems,001693,"Field,Eric",001,14395,School of Architecture,3.49,51,0,5,25,12,6,3,0,0,0,0
2024 Fall,ARAB,3010,Advanced Arabic I,001294,"Mohamed,Suad",002,10550,College & Graduate Arts & Sci,3.75,13,1,6,4,0,2,0,0,0,0,0
2024 Fall,CHE,6450,Energy Science & Technologies,043221,"Epling,William",001,16572,Engineering & Applied Science,3.66,11,2,5,0,2,1,1,0,0,0,0
2024 Fall,APMA,3080,Linear Algebra,001151,"Li,Meiqin",005,16573,Engineering & Applied Science,3.10,40,5,6,5,4,5,5,3,6,0,1
2024 Fall,LAR,6010,Foundation Studio I,020950,"Kois,Sean",002,14413,School of Architecture,3.43,7,0,0,3,3,1,0,0,0,0,0
2024 Fall,PSYC,3310,RM: R Applications in Psych,045373,"Meyer,M. Joseph",002,13712,College & Graduate Arts & Sci,3.86,67,17,35,11,2,1,0,0,0,0,1
2024 Fall,LAR,6210,EcoTech I,041736,"Levy,Shanti",001,14435,School of Architecture,3.16,16,0,0,2,7,4,3,0,0,0,0
2024 Fall,PLAN,3840,Ethics of Cities & Environment,046023,"Beatley,Timothy",001,14441,School of Architecture,3.88,10,0,6,4,0,0,0,0,0,0,0
2024 Fall,COMM,3220,Data Mgmt for Decision Making,006500,"Grazioli,Stefano",002,14644,McIntire School of Commerce,3.58,40,3,13,7,7,10,0,0,0,0,0
2024 Fall,KOR,1010,Elementary Korean I,020864,"CHOI,YOON HWA",001,10546,College & Graduate Arts & Sci,3.82,16,7,3,4,1,1,0,0,0,0,0
2024 Fall,GETR,3464,Stories of Love and Adventure,045859,"McDonald,William",002,13295,College & Graduate Arts & Sci,3.61,30,0,8,9,13,0,0,0,0,0,0
2024 Fall,CHEM,5110,Organic Chemistry III,005768,"Hilinski,Michael",001,10555,College & Graduate Arts & Sci,3.30,19,0,4,3,4,5,2,0,1,0,0
2024 Fall,APMA,3100,Probability,001152,"Hellings,Christian",004,16574,Engineering & Applied Science,3.36,42,1,21,9,2,2,2,0,0,0,5
2024 Fall,COMM,3330,Mkt Research & Analytic Tech,006475,"Kozlenkova,Irina",003,14718,McIntire School of Commerce,3.63,18,0,8,5,3,1,0,0,1,0,0
2024 Fall,MATH,1190,A Survey of Calc I w Algebra,023387,"James,Daniel",300,13288,College & Graduate Arts & Sci,2.50,39,0,3,5,6,7,2,5,0,2,9
2024 Fall,CS,3710,Intro to Cybersecurity,045511,"Wang,Tianhao",003,16937,Engineering & Applied Science,3.82,138,7,107,12,0,7,0,1,2,0,2
2024 Fall,GCOM,7290,Frontiers in Biotechnology I,046773,"Hastings,Nikki",001,14708,McIntire School of Commerce,3.82,18,3,9,3,2,1,0,0,0,0,0
2024 Fall,LASE,3510,Topics in the Liberal Arts,046610,"LaFleur,Jennifer",003,19208,College & Graduate Arts & Sci,3.42,52,8,21,9,6,1,0,0,2,1,4
2024 Fall,GSGS,4150,"State, Society, & Development",046536,"Kruks-Wisner,Gabrielle",001,19217,College & Graduate Arts & Sci,3.83,15,1,8,4,2,0,0,0,0,0,0
2024 Fall,BME,2315,Computational BME,004067,"Saucerman,Jeffrey",001,15849,Engineering & Applied Science,3.87,44,8,31,3,1,0,0,0,0,0,1
2024 Fall,ARCH,2150,Global Sustainability,041467,"Crisman,Phoebe",001,14392,School of Architecture,3.81,117,2,69,36,6,1,2,0,0,0,1
2024 Fall,PSYC,4500,Spec Tops: Psychology,032600,"Grossmann,Tobias",001,13798,College & Graduate Arts & Sci,3.92,20,7,10,1,2,0,0,0,0,0,0
2024 Fall,EGMT,1540,Ethical Engagement,044515,"Brubaker,Evan",122,19416,College & Graduate Arts & Sci,3.95,34,0,31,2,0,1,0,0,0,0,0
2024 Fall,CS,6190,Computer Science Perspectives,006996,"Dwarkadas,Sandhya",001,15649,Engineering & Applied Science,3.95,106,0,91,12,3,0,0,0,0,0,0
2024 Fall,ENWR,1510,Writing and Critical Inquiry,013432,"Richardson,Sarah",082,13235,College & Graduate Arts & Sci,3.91,18,16,0,0,1,1,0,0,0,0,0
2024 Fall,EGMT,1520,Empirical Engagement,044513,"Rosenblith,Gillet",115,13730,College & Graduate Arts & Sci,3.98,34,4,28,2,0,0,0,0,0,0,0
2024 Fall,KINE,3400,Nutrition,009128,"Kranz,Sibylle",001,14900,School of Education and HumanDev,3.98,165,142,19,1,2,0,1,0,0,0,0
2024 Fall,ENGL,3560,Studies in Mod & Contemp Lit,039235,"Miller,Joshua",002,20027,College & Graduate Arts & Sci,3.71,16,0,11,2,0,1,1,1,0,0,0
2024 Fall,EDIS,5856,Content Area Sem: Soc Studies,045069,"Boyle,Dean",001,15051,School of Education and HumanDev,3.88,16,0,14,0,0,2,0,0,0,0,0
2024 Fall,STS,2050,Sustainable Energy Systems,045394,"Groves,James",001,16628,Engineering & Applied Science,3.56,10,0,5,1,2,1,0,1,0,0,0
2024 Fall,COMM,5700,Financial Trading,006559,"Webb,Robert",001,14647,McIntire School of Commerce,3.64,31,1,12,6,9,3,0,0,0,0,0
2024 Fall,BME,3080,Biomed IDEAS Lab I,004070,"Allen,Timothy",100,15655,Engineering & Applied Science,3.81,94,4,59,20,6,1,2,1,1,0,0
2024 Fall,GSGS,2400,Mass Migration & Global Devlp,047179,"Vonk,Levi",001,19216,College & Graduate Arts & Sci,3.94,75,2,62,8,3,0,0,0,0,0,0
2024 Fall,PHYS,5720,Intro Nuclear & Particle Phys,030901,"Pocanic,Dinko",001,10549,College & Graduate Arts & Sci,3.22,9,1,3,2,1,0,0,1,0,0,1
2024 Fall,PLPT,3500,Special Topics in PT,040944,"Donahue-Ochoa,Tom",002,19915,College & Graduate Arts & Sci,3.89,29,1,21,5,1,1,0,0,0,0,0
2024 Fall,PHS,3104,Intro to Epidemiology,043760,"Eby,Jean",001,19204,College & Graduate Arts & Sci,3.98,39,0,37,2,0,0,0,0,0,0,0
2024 Fall,EDHS,2240,Substance Abuse,009090,"Pleszkoch,Elisabeth",001,14747,School of Education and HumanDev,3.65,23,0,14,4,4,0,0,0,0,0,1
2024 Fall,PHIL,2060,Phil Problems in Law,030052,"Adams,Nate",100,13689,College & Graduate Arts & Sci,3.69,104,5,51,23,12,10,2,0,0,0,1
2024 Fall,SOC,3350,Drugs in American Society,047019,"Buckelew,Rose",001,19618,College & Graduate Arts & Sci,3.60,33,0,10,12,6,4,1,0,0,0,0
2024 Fall,MATH,1140,Financial Mathematics,022937,"Beamer,Zachary",003,13112,College & Graduate Arts & Sci,3.30,41,0,13,10,9,2,2,1,1,0,3
2024 Fall,COMM,3200,Project & Product Management,006498,"Schuff,David",002,14668,McIntire School of Commerce,3.50,40,0,9,15,7,4,5,0,0,0,0
2024 Fall,BIOL,4045,Neurodegenerative Diseases,046686,"Bloom,George",001,13616,College & Graduate Arts & Sci,3.80,29,1,15,9,3,1,0,0,0,0,0
2024 Fall,LAW,9025,"Prop, Police Power, and Emerg",040053,"Mahoney,Julia",1,18006,School of Law,3.59,18,0,4,7,6,1,0,0,0,0,0
2024 Fall,EDHS,4050,Introduction to Audiology,044392,"Halinski,Margaret",001,15005,School of Education and HumanDev,3.89,42,3,28,8,2,1,0,0,0,0,0
2024 Fall,GETR,3390,Nazi Germany,015971,"Achilles,Manuela",100,13676,College & Graduate Arts & Sci,3.66,18,0,5,8,4,1,0,0,0,0,0
2024 Fall,EGMT,1530,Engaging Differences,044514,"Shutt,Lisa",122,13864,College & Graduate Arts & Sci,4.00,35,20,15,0,0,0,0,0,0,0,0
2024 Fall,GSGS,4559,New Course: GSGS,043480,"Vonk,Levi",001,19218,College & Graduate Arts & Sci,4.00,20,2,18,0,0,0,0,0,0,0,0
2024 Fall,EDLF,8382,Introduction to Ed Inquiry,044849,"Webber,Krysti",500,15423,School of Education and HumanDev,3.85,11,0,7,3,1,0,0,0,0,0,0
2024 Fall,LAW,7125,Practical Trust/Estate Admin,042755,"Murphy,Stephen",1,17917,School of Law,3.40,13,0,1,3,7,2,0,0,0,0,0
2024 Fall,PHYS,2410,Introductory Physics 2,046320,"Liyanage,Nilanga",001,13157,College & Graduate Arts & Sci,3.07,29,2,8,1,3,5,3,1,5,0,1
2024 Fall,EGMT,1510,Engaging Aesthetics,044512,"Tite,Philip",114,13833,College & Graduate Arts & Sci,3.97,31,17,11,3,0,0,0,0,0,0,0
2024 Fall,STAT,2020,Statistics for Biologists,039999,"Ferrara,Maria",001,11295,College & Graduate Arts & Sci,3.73,117,14,47,30,17,6,2,1,0,0,0
2024 Fall,ARCH,4100,Design Res (Thesis) Seminar,042374,"Clark,William",001,14386,School of Architecture,3.81,46,0,26,16,1,2,1,0,0,0,0
2024 Fall,STS,4500,STS and Engineering Practice,036749,"Wayland,Kent",007,15885,Engineering & Applied Science,3.35,28,1,15,5,2,1,0,0,0,1,3
2024 Fall,KINE,3410,Exercise Physiology,009117,"Allen,Jason",001,14749,School of Education and HumanDev,3.48,66,0,29,14,5,8,5,1,1,1,2
2024 Fall,ARCH,2010,Foundation Studio II,001493,"Scott,Stacy",102,14443,School of Architecture,3.56,14,0,1,9,3,0,1,0,0,0,0
2024 Fall,LPPP,3250,Global Development Policy,041846,"ZIMMERMAN,JANE",001,19771,Batten Leadership & Public Pol,3.91,29,10,16,2,0,0,0,0,1,0,0
2024 Fall,EGMT,1530,Engaging Differences,044514,"Shutt,Lisa",121,13863,College & Graduate Arts & Sci,3.91,35,12,19,1,2,0,1,0,0,0,0
2024 Fall,MDST,3105,Latina/o Media Studies,039987,"Goin,Keara",001,13154,College & Graduate Arts & Sci,3.75,30,0,20,4,4,0,1,0,0,1,0
2024 Fall,ARCH,1020,Lessons in Making,001472,"Martinez,Isaac Mangual",100,14365,School of Architecture,3.49,97,2,25,44,10,8,2,0,2,1,3
2024 Fall,APMA,1090,Single Variable Calculus I,001138,"Ma,Hui",004,16684,Engineering & Applied Science,3.36,37,4,15,7,2,0,4,1,0,0,4
2024 Fall,EDIS,5133,Principles of ABA,045102,"Matthews,Katherine",500,15256,School of Education and HumanDev,3.86,21,0,18,1,0,0,2,0,0,0,0
2024 Fall,BME,2102,Physiology II,004060,"Barker,Shannon",001,16579,Engineering & Applied Science,3.95,72,35,29,6,1,0,1,0,0,0,0
2024 Fall,BME,4806,Biomed Applctn Genetic Engr,004073,"French,Brent",001,16059,Engineering & Applied Science,3.18,10,2,1,2,1,0,2,0,1,1,0
2024 Fall,CS,3130,Computer Systems and Org 2,046230,"Reiss,Charles",001,16931,Engineering & Applied Science,3.22,247,8,48,52,41,42,22,9,12,4,9
2024 Fall,CHE,4491,Chemical Engineering Lab II,005481,"Prpich,George",101,15667,Engineering & Applied Science,3.85,16,0,8,8,0,0,0,0,0,0,0
2024 Fall,EDIS,2010,Teaching as a Profession,009383,"Plaskon,Stephen",100,15489,School of Education and HumanDev,3.94,70,0,68,1,0,0,0,0,0,0,1
2024 Fall,STS,4500,STS and Engineering Practice,036749,"Laugelli,Benjamin",003,15665,Engineering & Applied Science,3.95,28,18,7,2,1,0,0,0,0,0,0
2024 Fall,EDIS,6710,Rdng/Wrtng Found Divrse Lrners,009522,"Thacker-Gwaltney,Susan",500,15274,School of Education and HumanDev,3.79,23,1,14,6,0,1,0,0,1,0,0
2024 Fall,MDST,3490,Comedy & Humor Across Media,046537,"Rao,Pallavi",001,13146,College & Graduate Arts & Sci,3.70,31,1,12,13,3,0,1,0,1,0,0
2024 Fall,MAE,2320,Dynamics,022576,"Chang,Qing",001,16613,Engineering & Applied Science,3.34,30,2,11,4,4,2,0,4,2,0,1
2024 Fall,KINE,3630,Emergency Medical Care,009126,"Swaim,Erin",100,15479,School of Education and HumanDev,3.65,50,11,25,3,4,0,1,2,3,0,1
2024 Fall,EDLF,3000,Research for Youth Development,043698,"Bell,Bethany",001,14941,School of Education and HumanDev,3.63,44,18,14,0,4,4,0,2,1,0,1
2024 Fall,FREN,4560,Adv Topics: 19th-C Literature,014390,"Lyu,Claire",001,19198,College & Graduate Arts & Sci,3.95,13,1,10,2,0,0,0,0,0,0,0
2024 Fall,PHIL,3640,Political Philosophy,030092,"Motchoulski,Alexander",001,19238,College & Graduate Arts & Sci,3.55,30,8,10,2,3,4,0,1,1,0,1
2024 Fall,COMM,4690,Global Management,006532,"Seaborn,Paul",001,14641,McIntire School of Commerce,3.67,40,0,8,24,7,1,0,0,0,0,0
2024 Fall,NUIP,4610,Leadershp/Mgt in Hlth Care Sys,029457,"Coyne,Bethany",001,17518,School of Nursing,3.76,18,6,5,3,2,2,0,0,0,0,0
2024 Fall,ANTH,1010,Introduction to Anthropology,000600,"Rosado-Ramirez,Roberto",002,14118,College & Graduate Arts & Sci,3.73,35,27,2,1,0,1,1,1,0,1,1
2024 Fall,STS,4500,STS and Engineering Practice,036749,"Rider,Karina",018,15954,Engineering & Applied Science,3.88,27,0,20,5,1,1,0,0,0,0,0
2024 Fall,MDST,4510,Capstone Topics,045773,"Goin,Keara",001,13386,College & Graduate Arts & Sci,3.91,15,0,12,2,1,0,0,0,0,0,0
2024 Fall,EDHS,7120,Prevention Intervention Assess,041987,"Traub,Jaimee",001,14848,School of Education and HumanDev,4.00,21,2,19,0,0,0,0,0,0,0,0
2024 Fall,LAW,6109,Corporations (Law & Business),021836,"Barzuza,Michal",1,20841,School of Law,3.43,63,0,4,22,25,12,0,0,0,0,0
2024 Fall,EDIS,7025,Teachers as Leaders,044865,"Wheelock,Matthew",500,15269,School of Education and HumanDev,3.89,12,0,9,2,1,0,0,0,0,0,0
2024 Fall,EDIS,5138,Advanced Topics in ABA,046007,"Ingvarsson,Einar",500,15309,School of Education and HumanDev,3.86,7,3,3,0,0,1,0,0,0,0,0
2024 Fall,ARH,5201,Art and Architecture of Venice,043368,"Shenouda,Monica",001,14500,School of Architecture,3.41,14,0,1,5,5,2,1,0,0,0,0
2024 Fall,LAW,6108,Civ Rts & Antidiscrim Law,046751,"Milligan,Joy",1,20837,School of Law,3.44,20,0,0,9,8,3,0,0,0,0,0
2024 Fall,APMA,2120,Multivariable Calculus,001144,"Mahmood,Asif",003,15982,Engineering & Applied Science,3.02,43,1,8,7,4,11,4,2,0,2,4
2024 Fall,ENWR,2640,Writing as Technology,044181,"Sullivan,Patricia",001,13593,College & Graduate Arts & Sci,3.91,16,0,11,5,0,0,0,0,0,0,0
2024 Fall,SOC,4230,Deviance and Social Control,035459,"Buckelew,Rose",001,13633,College & Graduate Arts & Sci,3.21,22,0,2,10,2,4,2,0,0,1,1
2024 Fall,PHS,7051,"Policy Dev, Analysis& Advocacy",045006,"Balkrishnan,Rajesh",001,18345,Medical School - BIMS/PHS,3.96,17,3,12,2,0,0,0,0,0,0,0
2024 Fall,AMST,3250,Black Protest Narrative,041878,"Ross,Marlon",001,19947,College & Graduate Arts & Sci,3.27,20,0,3,5,4,3,3,2,0,0,0
2024 Fall,EDHS,5230,"Women, Work, and Wellness",044577,"Flora,Amanda",001,15027,School of Education and HumanDev,3.78,37,0,32,1,1,1,0,0,1,0,1
2024 Fall,EDIS,5143,Transition Planning Spec Ed,045415,"Gentry,Roberta",500,15257,School of Education and HumanDev,3.60,5,2,2,0,0,0,0,0,1,0,0
2024 Fall,EGMT,1520,Empirical Engagement,044513,"Zaccagnini,Michele",223,13856,College & Graduate Arts & Sci,3.96,25,0,23,1,1,0,0,0,0,0,0
2024 Fall,ARCH,5614,Urban Strategies,045420,"Khafif,Mona El",001,14523,School of Architecture,3.73,15,3,5,5,0,0,2,0,0,0,0
2024 Fall,CJ,5290,Emotional Intelligence,041302,"Coleman,Marian Elizabeth",01,17834,Continuing & Prof Studies,3.92,29,17,10,0,0,1,1,0,0,0,0
2024 Fall,EDLF,2080,Fundamentals of Statistics,044842,"Hull,Michael",003,15042,School of Education and HumanDev,3.52,18,10,2,2,1,0,1,0,1,0,1
2024 Fall,PLAN,5614,Urban Strategies,045419,"Khafif,Mona El",001,14524,School of Architecture,3.91,7,1,4,2,0,0,0,0,0,0,0
2024 Fall,NESC,4265,Developmental Neurobiology,045480,"Liu,Xiaorong",001,19131,College & Graduate Arts & Sci,3.68,42,13,20,2,0,4,0,0,1,0,2
2024 Fall,COMM,3110,Intermediate Accounting I,006461,"McDermott,Katie",400,14607,McIntire School of Commerce,3.49,38,0,12,8,8,6,4,0,0,0,0
2024 Fall,EDIS,6200,Principles of Curric Design,045847,"McLemore,Katherine",501,15333,School of Education and HumanDev,3.62,24,0,14,6,0,2,1,0,0,0,1
2024 Fall,PLCP,4430,Politics of Corruption,031710,"Gingerich,Daniel",001,13538,College & Graduate Arts & Sci,3.49,15,0,3,5,5,1,0,1,0,0,0
2024 Fall,LAW,9365,"Reparations: Ident, Law, & Pol",046749,"Gulati,Gaurang",1,20840,School of Law,3.49,15,0,0,7,8,0,0,0,0,0,0
2024 Fall,EDIS,5011,Classroom Management,043584,"Aigotti,Susan",001,15320,School of Education and HumanDev,4.00,15,9,6,0,0,0,0,0,0,0,0
2024 Fall,APMA,1090,Single Variable Calculus I,001138,"Ma,Hui",003,16632,Engineering & Applied Science,2.74,35,2,9,6,2,2,2,2,1,1,8
2024 Fall,CHE,4474,"Proc Synth, Modl and Contrl",005464,"Anderson,Eric",001,16634,Engineering & Applied Science,3.63,42,0,11,19,9,2,0,1,0,0,0
2024 Fall,GCOM,7641,Communicating Eff as Acct Prof,039826,"Pentz,Marcia",1,14658,McIntire School of Commerce,3.74,20,0,8,8,4,0,0,0,0,0,0
2024 Fall,LAW,9317,US Refugee and Asylum Law Sem,045262,"Mazzochi,Sarah",1,20838,School of Law,3.50,6,0,0,3,3,0,0,0,0,0,0
2024 Fall,MDST,3559,New Course: MDST,039189,"Morimoto,Lori",003,19021,College & Graduate Arts & Sci,3.99,27,17,9,1,0,0,0,0,0,0,0
2024 Fall,GNUR,6630,Women & Children PC Practicum,044778,"Boitnott,Amy",001,17524,School of Nursing,3.38,8,0,1,3,2,1,0,1,0,0,0
2024 Fall,LPPS,3330,Education and Conflict,046707,"Mohamed,Naseemah",001,17356,Batten Leadership & Public Pol,3.76,12,0,6,4,1,1,0,0,0,0,0
2024 Fall,CE,2300,Statics,004438,"Xu,Baoxing",002,16205,Engineering & Applied Science,3.24,10,2,2,2,1,1,1,0,0,0,1
2024 Fall,PSHM,4020,Management of Healthcare Orgs,045019,"Mitchell,Herron",101,20711,Continuing & Prof Studies,3.69,14,9,3,1,0,0,0,0,0,0,1
2024 Fall,ENGL,2599,Special Topics,012514,"Brown,Lydia",015,21259,College & Graduate Arts & Sci,3.53,15,0,5,6,1,0,2,0,1,0,0
2024 Fall,APMA,3150,From Data to Knowledge,044104,"Li,Meiqin",001,16109,Engineering & Applied Science,3.86,35,6,19,6,3,1,0,0,0,0,0
2024 Fall,ENGL,2599,Special Topics,012514,"D'Errico,Jon",001,19779,College & Graduate Arts & Sci,3.75,20,0,10,5,5,0,0,0,0,0,0
2024 Fall,EDIS,4330,Teaching Science Elementary,046130,"Maeng,Jennifer",001,15318,School of Education and HumanDev,3.84,30,0,22,5,1,0,2,0,0,0,0
2024 Fall,EGMT,1510,Engaging Aesthetics,044512,"Dakouri-Hild,Anastasia",115,13834,College & Graduate Arts & Sci,3.87,32,6,24,1,0,0,0,0,0,0,1
2024 Fall,PSHM,3010,Intro to Healthcare Mgmnt,043305,"Erath,Mark",101,20710,Continuing & Prof Studies,3.24,16,6,3,3,0,0,1,0,1,0,2
2024 Fall,ARCH,3010,Foundation Studio IV,001517,"Waldman,Peter",001,14334,School of Architecture,3.55,15,4,2,3,3,2,0,1,0,0,0
2024 Fall,STS,4500,STS and Engineering Practice,036749,"Wayland,Kent",009,15937,Engineering & Applied Science,3.61,26,0,14,5,2,3,1,0,0,0,1
2024 Fall,PHYS,1655,Python for Scientists,046731,"Group,Robert",001,13789,College & Graduate Arts & Sci,3.73,47,0,30,7,4,3,2,0,1,0,0
2024 Fall,EDLF,8382,Introduction to Ed Inquiry,044849,"Meyers,Coby",501,15304,School of Education and HumanDev,3.34,12,2,2,4,1,2,0,0,0,0,1
2024 Fall,PSPA,5000,Intro to Public Administration,039947,"McClellan,Sara",701,20738,Continuing & Prof Studies,3.59,20,0,9,7,3,0,0,0,0,0,1
2024 Fall,EDIS,3060,Poverty and the Young Child,045749,"Turnbull,Khara",500,15337,School of Education and HumanDev,3.80,24,20,2,0,1,0,0,0,0,0,1
2024 Fall,EDIS,6730,Diagnosis & Remediation I,009475,"Buckrop,Jordan",501,15265,School of Education and HumanDev,3.91,14,0,12,1,0,1,0,0,0,0,0
2024 Fall,STAT,3280,Data Visual and Management,045458,"Ross,Richard",002,13679,College & Graduate Arts & Sci,3.44,60,0,39,4,0,3,2,0,9,2,1
2024 Fall,KINE,4000,Practicum in Kinesiology,009122,"Fines,Abby",001,14898,School of Education and HumanDev,3.95,20,4,15,0,0,1,0,0,0,0,0
2024 Fall,CS,6501,Spec Top: Computer Science,006981,"Heo,Seongkook",001,16362,Engineering & Applied Science,3.83,71,9,39,14,6,1,2,0,0,0,0
2024 Fall,MAE,3420,Computational Methods in MAE,022586,"Cui,Chen",001,16207,Engineering & Applied Science,3.61,47,21,10,3,6,3,1,0,1,0,2
2024 Fall,EDIS,4141,IEP and Transition Planning,046128,"Ruhlman,Bethany",001,15312,School of Education and HumanDev,3.85,11,6,4,0,0,0,0,1,0,0,0
2024 Fall,SOC,1220,Social Problems,035321,"Platts,Todd",001,13652,College & Graduate Arts & Sci,3.97,34,8,23,3,0,0,0,0,0,0,0
2024 Fall,KINE,2850,Medical Terminology,042975,"Southall,Kathryn",502,15026,School of Education and HumanDev,4.00,99,2,97,0,0,0,0,0,0,0,0
2024 Fall,EGMT,1530,Engaging Differences,044514,"Levenson,Michael H",501,20794,College & Graduate Arts & Sci,3.70,21,0,11,6,2,0,1,1,0,0,0
2024 Fall,EGMT,1520,Empirical Engagement,044513,"Schoppa,Len",102,13726,College & Graduate Arts & Sci,3.94,34,10,23,0,0,0,0,0,1,0,0
2024 Fall,NUCO,4210,Public Health Nursing,043229,"Apple,Ashley",001,17493,School of Nursing,3.98,62,8,50,4,0,0,0,0,0,0,0
2024 Fall,EDIS,4345,Tchng Social Studies Elem,046132,"Blatt,Aaron",001,15319,School of Education and HumanDev,3.94,25,0,22,2,0,1,0,0,0,0,0
2024 Fall,LAW,9128,Law and Organizing Seminar,040171,"Rolla,Wyatt",1,20621,School of Law,3.41,14,0,1,3,9,1,0,0,0,0,0
2024 Fall,EDIS,3045,Mathematics in Early Childhood,045741,"Kutaka,Traci",500,15507,School of Education and HumanDev,3.19,14,0,3,3,4,1,1,0,1,0,1
2024 Fall,NUCO,4310,Mental Health Nursing,043228,"Moore,Lee",001,17492,School of Nursing,3.82,47,2,21,22,0,2,0,0,0,0,0
2024 Fall,COMM,3010,Strategy and Systems,006453,"Maurer,Christopher Scott",004,14586,McIntire School of Commerce,3.52,50,0,5,19,25,1,0,0,0,0,0
2024 Fall,EGMT,1510,Engaging Aesthetics,044512,"Parker,Deborah",111,13830,College & Graduate Arts & Sci,3.93,32,0,27,3,2,0,0,0,0,0,0
2024 Fall,KINE,5480,Exercise Interven in Disease,009285,"Swift,Damon",001,14761,School of Education and HumanDev,3.85,15,1,8,5,1,0,0,0,0,0,0
2024 Fall,EDHS,3895,Peer Counseling,043205,"Mason,Michael",001,14903,School of Education and HumanDev,3.75,17,2,11,1,0,2,0,0,1,0,0
2024 Fall,EDLF,3150,Intro Chld Growth & Developmnt,009660,"Jefferson,Amy",002,15170,School of Education and HumanDev,3.93,30,8,16,5,1,0,0,0,0,0,0
2024 Fall,APMA,2130,Ordinary Differentl Equations,001145,"Marley,Jennifer",006,16000,Engineering & Applied Science,3.28,45,4,9,8,7,6,5,3,1,0,2
2024 Fall,EDIS,2010,Teaching as a Profession,009383,"Chabalengula,Vivien",200,15491,School of Education and HumanDev,3.80,26,1,23,0,0,0,1,0,0,0,1
2024 Fall,LAW,7026,Sports and Games,021776,"White,George",1,20839,School of Law,3.42,35,0,4,9,16,5,1,0,0,0,0
2024 Fall,ENGL,3271,Shakespeare Histories Comedies,012901,"Kinney,Clare",100,13757,College & Graduate Arts & Sci,3.55,48,0,16,11,13,6,1,1,0,0,0
2024 Fall,COMM,3230,Managing Innovation,045750,"Martin,Eric",001,14684,McIntire School of Commerce,3.43,35,0,5,11,13,3,2,0,1,0,0
2024 Fall,APMA,3120,Statistics,001154,"Lark,James",003,16289,Engineering & Applied Science,3.33,26,0,9,4,4,4,2,1,1,0,1
2024 Fall,EGMT,1540,Ethical Engagement,044515,"Brewer,Talbot",224,13911,College & Graduate Arts & Sci,3.78,34,0,16,14,3,0,1,0,0,0,0
2024 Fall,PHIL,7570,Metaphysics Topic,043311,"Boone,Trey",001,14079,College & Graduate Arts & Sci,3.82,5,0,2,3,0,0,0,0,0,0,0
2024 Fall,FREN,5011,Old French,037473,"Ogden,Amy",001,19201,College & Graduate Arts & Sci,4.00,6,4,2,0,0,0,0,0,0,0,0
2024 Fall,EGMT,1540,Ethical Engagement,044515,"Choi,Christopher",211,19418,College & Graduate Arts & Sci,3.93,35,30,3,0,1,0,0,1,0,0,0
2024 Fall,GCOM,7451,Federal Taxation,046002,"Franks,Harry",001,14692,McIntire School of Commerce,3.56,12,4,3,2,1,0,0,1,0,1,0
2024 Fall,EDLF,5330,Quan Methods & Data Analysis I,009718,"Bartanen,Brendan",001,14767,School of Education and HumanDev,3.46,29,4,7,7,3,3,3,0,1,0,1
2024 Fall,PSYC,4310,Cognitive Aging,046311,"Golino,Mariana",001,12686,College & Graduate Arts & Sci,3.69,25,0,10,9,3,3,0,0,0,0,0
2024 Fall,SPAN,3300,Texts and Interpretation,035904,"Cobb,Erica",004,13005,College & Graduate Arts & Sci,3.92,15,0,11,4,0,0,0,0,0,0,0
2024 Fall,CS,6762,"SP,ML and Control",046326,"Lin,Felix",001,16637,Engineering & Applied Science,3.96,46,6,36,3,0,1,0,0,0,0,0
2024 Fall,DS,6993,Independent Study,046811,"Li,Sheng",005,17714,School of Data Science,4.00,6,4,2,0,0,0,0,0,0,0,0
2024 Fall,ARCH,3010,Foundation Studio IV,001517,"Martinez,Isaac Mangual",006,14450,School of Architecture,3.60,14,2,3,4,3,1,1,0,0,0,0
2024 Fall,EDLF,5260,Cognitive Psyc and Education,044846,"Jirout,Jamie",001,15510,School of Education and HumanDev,3.92,48,4,43,0,0,0,0,0,0,0,1
2024 Fall,PLAN,6811,Gender & Built Environment,044148,"Sewell,Jessica",001,14374,School of Architecture,3.90,9,0,6,3,0,0,0,0,0,0,0
2024 Fall,EDIS,7010,Instructional Technology,009690,"DeJaegher,Crystal",500,15268,School of Education and HumanDev,3.89,14,0,10,3,1,0,0,0,0,0,0
2024 Fall,LAW,9306,Securities Litigtn & Enforcemt,045176,"Gilman,Charles",1,17964,School of Law,3.50,18,0,3,6,6,3,0,0,0,0,0
2024 Fall,EDIS,3020,The Exceptional Learner,009391,"Coleman,Olivia",501,15387,School of Education and HumanDev,3.88,30,10,16,2,0,1,0,0,1,0,0
2024 Fall,EGMT,1520,Empirical Engagement,044513,"Phillips,Amanda",124,13846,College & Graduate Arts & Sci,3.91,34,11,20,1,1,0,0,0,1,0,0
2024 Fall,ENGL,2506,Studies in Poetry,012488,"Rush,Rebecca",002,19786,College & Graduate Arts & Sci,3.87,19,1,10,8,0,0,0,0,0,0,0
2024 Fall,STS,4500,STS and Engineering Practice,036749,"Foley,Rider",014,15888,Engineering & Applied Science,3.61,28,0,18,0,0,9,0,0,1,0,0
2024 Fall,PLPT,3500,Special Topics in PT,040944,"Bird,Colin",001,14139,College & Graduate Arts & Sci,3.42,28,0,5,8,7,6,1,1,0,0,0
2024 Fall,PLAN,1010,Intro to Urban & Environ Plan,031254,"Beatley,Timothy",001,14336,School of Architecture,3.59,190,0,83,47,38,16,0,1,0,0,5
2024 Fall,SYS,3021,Deterministic Decision Models,036902,"Riggs,Robert",001,15628,Engineering & Applied Science,3.64,72,2,30,19,12,5,0,3,1,0,0
2024 Fall,SYS,6001,Intro Systems Analysis&Design,036947,"Scherer,William",001,15643,Engineering & Applied Science,3.67,38,0,25,0,4,7,2,0,0,0,0
2024 Fall,CE,4015,Construction Industry Workshop,046257,"Duran,Diana Franco",001,16627,Engineering & Applied Science,3.79,14,0,10,2,0,1,1,0,0,0,0
2024 Fall,PLPT,4200,Feminist Political Theory,031936,"Balfour,Lawrie",001,13559,College & Graduate Arts & Sci,3.77,15,1,5,7,2,0,0,0,0,0,0
2024 Fall,ENWR,2520,Special Topics in Writing,013448,"Richardson,Sarah",009,13620,College & Graduate Arts & Sci,3.83,15,12,0,2,0,0,0,0,1,0,0
2024 Fall,NUIP,4200,Pathophysiology,029460,"Toll,Crystal",002,19896,School of Nursing,3.55,13,3,6,2,0,0,1,0,0,0,1
2024 Fall,AAS,2500,Topics in Africana Studies,046413,"Smith,Alexandria",005,14159,College & Graduate Arts & Sci,3.32,12,4,2,2,0,1,2,0,0,0,1
2024 Fall,ECON,4310,Economics of the Public Sector,007965,"Lockwood,Lee",099,13489,College & Graduate Arts & Sci,3.30,47,2,13,7,5,8,7,2,2,0,1
2024 Fall,APMA,3110,Applied Stats & Probability,001153,"Koenig,Gary",003,15581,Engineering & Applied Science,3.10,42,4,14,1,4,6,2,2,2,2,5
2024 Fall,EDHS,4310,Exploring Linguistic Diversity,046980,"Loncke,Filip",001,15488,School of Education and HumanDev,3.99,35,1,33,1,0,0,0,0,0,0,0
2024 Fall,EDIS,5025,"Curric, Instruct & Assessment",044060,"Acors,Amy",503,15307,School of Education and HumanDev,3.69,17,0,10,4,0,2,0,0,1,0,0
2024 Fall,ECE,6501,Topics: Elect & Computer Engr,007731,"Shen,Cong",007,20211,Engineering & Applied Science,3.85,13,1,10,1,0,0,0,1,0,0,0
2024 Fall,HIST,3501,Introductory History Workshop,046540,"Lambert,Erin",001,13062,College & Graduate Arts & Sci,3.89,18,0,15,2,0,0,1,0,0,0,0
2024 Fall,APMA,1110,Single Variable Calculus II,001140,"Pisano,Stacie",003,15561,Engineering & Applied Science,3.12,43,6,11,5,5,5,2,1,2,2,4
2024 Fall,EGMT,1520,Empirical Engagement,044513,"Chajes,Johanna",222,13855,College & Graduate Arts & Sci,3.81,34,5,26,0,1,0,0,1,0,0,1
2024 Fall,RELC,2050,Rise of Christianity,033956,"Tite,Philip",100,13476,College & Graduate Arts & Sci,3.87,55,0,47,2,2,3,0,0,1,0,0
2024 Fall,COMM,3010,Strategy and Systems,006453,"Lashley,Kisha",008,14584,McIntire School of Commerce,3.53,50,0,3,23,24,0,0,0,0,0,0
2024 Fall,GCOM,7710,Corporate Valuation & Finance,038182,"Erwin,Gayle",1,14661,McIntire School of Commerce,3.58,44,0,12,14,12,6,0,0,0,0,0
2024 Fall,SYS,4055,Sys Engr Design Colloquium II,036915,"Riggs,Robert",001,15904,Engineering & Applied Science,3.98,79,7,66,6,0,0,0,0,0,0,0
2024 Fall,MDST,3230,Basic Multimedia Reporting,044566,"Sweeney,Kate",001,13257,College & Graduate Arts & Sci,3.71,15,0,13,1,0,0,0,0,0,0,1
2024 Fall,COMM,3020,Behavior Issues in Mktg & Mgmt,006454,"Kim,Jeehye",001,14590,McIntire School of Commerce,3.63,50,0,12,25,8,4,1,0,0,0,0
2024 Fall,COMM,4790,Fundamentals of R.E. Analysis,006542,"Korgaonkar,Sanket",003,14689,McIntire School of Commerce,3.57,27,0,7,11,4,3,2,0,0,0,0
2024 Fall,EGMT,1510,Engaging Aesthetics,044512,"Zaccagnini,Michele",107,13827,College & Graduate Arts & Sci,3.98,32,8,22,2,0,0,0,0,0,0,0
2024 Fall,EDIS,3040,Foundations of Early Child Edu,042221,"Neesen,Kathy",500,15245,School of Education and HumanDev,3.71,24,7,12,3,0,0,0,0,1,0,1
2024 Fall,CHE,4475,Intro to Process Safety,046275,"Unnerstall,Ronald",001,16635,Engineering & Applied Science,3.93,42,5,29,7,1,0,0,0,0,0,0
2024 Fall,MSE,3050,Thermodymanics of Materials,024405,"Floro,Jerrold",001,16560,Engineering & Applied Science,3.53,34,3,13,5,5,5,1,0,1,0,1
2024 Fall,COMM,3720,Intermediate Corporate Finance,006484,"Schenone,Carola",001,14613,McIntire School of Commerce,3.48,32,1,11,5,7,3,3,2,0,0,0
2024 Fall,EDIS,3011,Classroom & Behavior Managemnt,045918,"Kunemund,Rachel",001,15195,School of Education and HumanDev,4.00,18,2,16,0,0,0,0,0,0,0,0
2024 Fall,COMM,4522,Topics in BA,046287,"Li,Jingjing",001,14695,McIntire School of Commerce,3.80,42,1,22,15,2,0,2,0,0,0,0
2024 Fall,COMM,4620,Strategic Leadership,045370,"Zhao,Emma",001,14680,McIntire School of Commerce,3.84,35,5,19,7,3,0,1,0,0,0,0
2024 Fall,MDST,4510,Capstone Topics,045773,"Bodroghkozy,Aniko",002,13182,College & Graduate Arts & Sci,3.34,15,0,7,3,0,2,1,1,0,0,1
2024 Fall,ENTP,1010,Intro to Entrepreneurship,043881,"Ransler,Charles",004,14686,McIntire School of Commerce,3.74,54,0,23,24,3,1,3,0,0,0,0
2024 Fall,EDLF,3160,Intro to Educ Psychology,009661,"Rimm-Kaufman,Sara",001,14765,School of Education and HumanDev,3.63,27,2,15,5,2,1,0,0,1,0,1
2024 Fall,COMM,3330,Mkt Research & Analytic Tech,006475,"Kim,Christine",001,14643,McIntire School of Commerce,3.58,21,0,6,8,2,5,0,0,0,0,0
2024 Fall,COMM,4620,Strategic Leadership,045370,"Zhao,Emma",002,14687,McIntire School of Commerce,3.75,31,4,7,16,4,0,0,0,0,0,0
2024 Fall,COMM,3200,Project & Product Management,006498,"Schuff,David",003,14693,McIntire School of Commerce,3.60,40,0,7,21,9,2,1,0,0,0,0
2024 Fall,FREN,8540,Seminar in 18th-Century Lit,014502,"Tsien,Jennifer",001,19200,College & Graduate Arts & Sci,3.67,6,3,1,0,0,2,0,0,0,0,0
2024 Fall,ARCH,7010,Foundation Studio III,001680,"Lorenz,Esther",001,14396,School of Architecture,3.67,13,0,4,5,4,0,0,0,0,0,0
2024 Fall,CS,1112,Introduction to Programming,007058,"Basit,Nada",001,15596,Engineering & Applied Science,3.89,89,45,30,9,2,2,0,0,0,0,1
2024 Fall,KINE,5725,Interventions in AT,044586,"Saliba,Susan",001,15367,School of Education and HumanDev,3.78,18,0,11,3,3,1,0,0,0,0,0
2024 Fall,COMM,4680,Entrepreneurship,006531,"Ransler,Charles",001,14616,McIntire School of Commerce,3.74,40,0,21,10,6,2,1,0,0,0,0
2024 Fall,CHIN,3010,Pre-Advanced Chinese I,006059,"Wang,Jun",003,13398,College & Graduate Arts & Sci,4.00,10,7,3,0,0,0,0,0,0,0,0
2024 Fall,KOR,1060,Accelerated Elementary Korean,042651,"Chung,Juyeon",001,13390,College & Graduate Arts & Sci,3.41,18,3,2,5,3,2,1,1,1,0,0
2024 Fall,COMM,5140,AcctforDecision Making&Control,006550,"Roberts,Andrea",002,14667,McIntire School of Commerce,3.55,41,0,8,18,8,6,1,0,0,0,0
2024 Fall,ARAH,8051,Theory & Int Vis Arts,001382,"Getsy,David",001,13249,College & Graduate Arts & Sci,3.84,8,0,5,2,1,0,0,0,0,0,0
2024 Fall,KINE,5720,Assessment and Intervention I,044585,"Higgins,Michael",001,15011,School of Education and HumanDev,3.43,18,0,4,5,5,0,4,0,0,0,0
2024 Fall,COMM,4790,Fundamentals of R.E. Analysis,006542,"Korgaonkar,Sanket",001,14622,McIntire School of Commerce,3.45,27,0,7,5,9,5,0,0,1,0,0
2024 Fall,CHEM,4411,Biological Chemistry Lab I,005757,"Price,Carol",105,13960,College & Graduate Arts & Sci,2.93,17,0,2,3,2,2,4,1,1,1,1
2024 Fall,EGMT,1510,Engaging Aesthetics,044512,"Martello,Matthew",121,13840,College & Graduate Arts & Sci,3.98,32,1,30,0,1,0,0,0,0,0,0
2024 Fall,GCOM,7641,Communicating Eff as Acct Prof,039826,"Pentz,Marcia",2,14659,McIntire School of Commerce,3.88,17,1,9,7,0,0,0,0,0,0,0
2024 Fall,STS,4500,STS and Engineering Practice,036749,"Davis,William",012,15887,Engineering & Applied Science,3.84,28,9,11,7,0,0,0,0,0,1,0
2024 Fall,MSE,6010,Elec & Crystal Struc of Matls,024419,"Reinke,Petra",001,15623,Engineering & Applied Science,3.58,14,0,4,5,2,3,0,0,0,0,0
2024 Fall,COMM,3110,Intermediate Accounting I,006461,"Lefanowicz,Craig",200,14608,McIntire School of Commerce,3.56,41,0,16,12,3,8,1,0,0,0,1
2024 Fall,EDLF,6040,Intercollegiate Athletic Admin,046181,"Pusser,Brian",001,15315,School of Education and HumanDev,3.62,14,0,4,5,4,1,0,0,0,0,0
2024 Fall,ENWR,1510,Writing and Critical Inquiry,013432,"Zarif,Adnan",087,13239,College & Graduate Arts & Sci,3.90,18,4,8,6,0,0,0,0,0,0,0
2024 Fall,KINE,6710,Admin Strat in Ath Training,044801,"Madrak,Emily",001,15047,School of Education and HumanDev,3.97,19,0,17,2,0,0,0,0,0,0,0
2024 Fall,KINE,3430,Phys Activ Health Disparities,046562,"Swift,Damon",001,15391,School of Education and HumanDev,3.58,30,0,12,7,4,5,2,0,0,0,0
2024 Fall,GCOM,7400,Leading for Success in Acct,039676,"Roberts,Andrea",001,14638,McIntire School of Commerce,3.84,37,0,19,17,1,0,0,0,0,0,0
2024 Fall,BME,4550,Spec Topics: Biomedical Engr,004090,"Helmke,Brian",002,16663,Engineering & Applied Science,3.52,24,5,8,0,7,1,1,0,1,1,0
2024 Fall,BME,3240,Biotransport,004069,"Highley,Chris",001,16202,Engineering & Applied Science,3.98,32,0,30,2,0,0,0,0,0,0,0
2024 Fall,ECE,6501,Topics: Elect & Computer Engr,007731,"Bezzo,Nicola",002,16116,Engineering & Applied Science,3.49,9,1,1,3,1,3,0,0,0,0,0
2024 Fall,EDIS,5080,Differentiating Instruction,045846,"Moran,Melinda",500,15278,School of Education and HumanDev,3.75,13,0,8,2,2,0,1,0,0,0,0
2024 Fall,GCOM,7040,Marketing & QA,037978,"Mittal,Chiraag",002,14635,McIntire School of Commerce,3.45,65,0,2,32,19,10,2,0,0,0,0
2024 Fall,COMM,4710,Intermediate Investments,006538,"Sandas,Patrik",002,14620,McIntire School of Commerce,3.42,44,0,14,7,10,8,2,0,3,0,0
2024 Fall,EDHS,4300,Psycholinguistics & Communictn,042430,"Loncke,Filip",001,14858,School of Education and HumanDev,3.64,123,0,44,52,16,6,1,1,1,0,2
2024 Fall,CHE,4450,Energy Science & Technologies,043220,"Epling,William",001,16571,Engineering & Applied Science,3.64,16,0,6,6,1,2,1,0,0,0,0
2024 Fall,MDST,3510,Topics in Media Research,045771,"Wade,Ashleigh",003,13241,College & Graduate Arts & Sci,3.92,30,9,17,1,3,0,0,0,0,0,0
2024 Fall,AAS,2500,Topics in Africana Studies,046413,"SIWAJU,FATIMA",002,13166,College & Graduate Arts & Sci,3.45,13,3,3,3,1,0,1,0,1,1,0
2024 Fall,EDLF,5160,Life Span Development,043142,"Sweeney,Beverly",001,15008,School of Education and HumanDev,3.96,29,2,23,4,0,0,0,0,0,0,0
2024 Fall,BME,2000,Biomed Engr Design & Discovery,004058,"Guilford,William",001,16201,Engineering & Applied Science,3.82,62,3,37,16,4,1,0,0,0,0,1
2024 Fall,EDHS,2895,Mental Health and Schools,042737,"Gest,Scott",001,14873,School of Education and HumanDev,3.67,24,0,15,2,2,4,0,0,1,0,0
2024 Fall,STS,4500,STS and Engineering Practice,036749,"Foley,Rider",008,15886,Engineering & Applied Science,3.43,28,0,17,0,0,7,0,0,3,0,1
2024 Fall,GCOM,7030,Financial Accounting,038176,"Koch,Adam",002,14634,McIntire School of Commerce,3.40,65,0,18,7,14,23,3,0,0,0,0
2024 Fall,EGMT,1510,Engaging Aesthetics,044512,"Klich,Israel",218,13899,College & Graduate Arts & Sci,3.94,31,0,28,1,1,1,0,0,0,0,0
2024 Fall,COMM,3010,Strategy and Systems,006453,"Marcel,Jeremy J",006,14585,McIntire School of Commerce,3.50,50,0,4,21,21,4,0,0,0,0,0
2024 Fall,EDHS,8350,SC Leadership & Consultation,044326,"Dinwiddie,Liz",001,15135,School of Education and HumanDev,4.00,21,19,2,0,0,0,0,0,0,0,0
2024 Fall,EDIS,5025,"Curric, Instruct & Assessment",044060,"Jewett,Anne",500,15251,School of Education and HumanDev,3.86,23,0,17,4,0,2,0,0,0,0,0
2024 Fall,EDIS,5422,Cross-Cultural Education,043455,"Jones-lewis,Sherica",501,15260,School of Education and HumanDev,3.44,18,0,12,2,2,0,0,0,0,0,2
2024 Fall,EDLF,8385,Survey Inquiry for Practice,044852,"Webber,Krysti",500,15313,School of Education and HumanDev,3.82,17,1,10,3,3,0,0,0,0,0,0
2024 Fall,GCOM,7350,Auditing and Data Analytics,015402,"Backof,Ann",001,14698,McIntire School of Commerce,3.67,14,0,6,4,2,2,0,0,0,0,0
2024 Fall,ENWR,1510,Writing and Critical Inquiry,013432,"Willden,Jared",080,13233,College & Graduate Arts & Sci,3.86,17,0,13,2,1,1,0,0,0,0,0
2024 Fall,EDIS,3015,Intro Curriculum Instr Assess,045915,"Bosch,Emily",002,15403,School of Education and HumanDev,3.70,12,1,5,3,1,2,0,0,0,0,0
2024 Fall,PHS,7010,Fundamentals of Epidemiology,030365,"Eby,Jean",001,18338,Medical School - BIMS/PHS,3.84,62,0,40,14,8,0,0,0,0,0,0
2024 Fall,KINE,3420,Contemporary Health Issues,009125,"Edwards,David",001,14876,School of Education and HumanDev,3.88,110,0,89,15,2,2,1,0,0,0,1
2024 Fall,EDIS,3013,Positive Behavior in ECE,045468,"Vitiello,Ginny",500,15384,School of Education and HumanDev,2.97,23,8,4,0,0,2,1,1,2,2,3
2024 Fall,COMM,1800,Foundations of Commerce,006438,"Costa,Elaine",003,14712,McIntire School of Commerce,3.47,158,10,54,36,14,19,10,7,3,1,4
2024 Fall,EGMT,1530,Engaging Differences,044514,"Linton,Marcy",212,12927,College & Graduate Arts & Sci,3.95,35,24,9,1,0,0,1,0,0,0,0
2024 Fall,EGMT,1540,Ethical Engagement,044515,"Driver,Keith",213,12936,College & Graduate Arts & Sci,3.97,33,10,22,0,0,1,0,0,0,0,0
2024 Fall,EGMT,1520,Empirical Engagement,044513,"Castorani,Max",120,13845,College & Graduate Arts & Sci,3.97,33,3,28,1,1,0,0,0,0,0,0
2024 Fall,STS,4500,STS and Engineering Practice,036749,"Rider,Karina",019,15955,Engineering & Applied Science,3.87,28,0,18,9,0,1,0,0,0,0,0
2024 Fall,ECON,2010,Principles of Econ: Microecon,007876,"Kripalani,Jessica",400,19095,College & Graduate Arts & Sci,3.33,122,11,29,29,15,20,3,4,3,1,7
2024 Fall,MDST,3501,Spec Tops: Directors & Auteurs,039988,"Duncan,Sean",001,13818,College & Graduate Arts & Sci,3.16,13,0,2,0,6,3,0,1,1,0,0
2024 Fall,EDLF,5060,Res Mth for Ed & Human Dev,046982,"Debnam,Katrina",001,15501,School of Education and HumanDev,3.88,28,10,12,4,0,1,1,0,0,0,0
2024 Fall,DANC,1200,Intro to Movement Practices,046078,"Mata,Kim",001,13807,College & Graduate Arts & Sci,3.84,14,0,10,2,1,1,0,0,0,0,0
2024 Fall,EDLF,2080,Fundamentals of Statistics,044842,"Hull,Michael",002,15041,School of Education and HumanDev,3.83,26,14,6,2,3,0,0,1,0,0,0
2024 Fall,CHEM,5340,Nanomaterials,044283,"Zhu,Huiyuan",001,13253,College & Graduate Arts & Sci,3.85,19,6,9,0,4,0,0,0,0,0,0
2024 Fall,EDIS,5424,Second Language Acquisition,043457,"El-Bilawi,Nora",500,15388,School of Education and HumanDev,3.89,16,0,14,0,1,1,0,0,0,0,0
2024 Fall,EGMT,1520,Empirical Engagement,044513,"Tong,Xin",119,13844,College & Graduate Arts & Sci,4.00,33,7,26,0,0,0,0,0,0,0,0
2024 Fall,STS,4500,STS and Engineering Practice,036749,"Carrigan,Coleen",011,16364,Engineering & Applied Science,3.52,23,3,6,8,2,2,1,0,0,0,1
2024 Fall,EDIS,5015,Social & Emotional Learning,045888,"Gerics,Joseph",500,15296,School of Education and HumanDev,3.59,21,8,4,4,3,0,1,0,0,0,1
2024 Fall,EDLF,5310,Data Mgmt Social Science Rsch,042734,"Miller,Luke",001,14865,School of Education and HumanDev,3.31,17,0,3,8,2,0,3,0,0,0,1
2024 Fall,EGMT,1510,Engaging Aesthetics,044512,"Dalton,Dave",103,13822,College & Graduate Arts & Sci,3.99,32,27,4,1,0,0,0,0,0,0,0
2024 Fall,ARCH,3010,Foundation Studio IV,001517,"Bachman,JT",003,14447,School of Architecture,3.29,14,0,4,3,2,1,1,2,1,0,0
2024 Fall,EGMT,1530,Engaging Differences,044514,"Shukla,Sandhya",118,13860,College & Graduate Arts & Sci,3.93,35,4,29,0,0,1,1,0,0,0,0
2024 Fall,CS,2120,Discrete Math and Theory 1,046227,"Horton,Tom",001,16655,Engineering & Applied Science,2.99,142,6,33,15,21,19,13,9,8,5,13
2024 Fall,SPAN,3300,Texts and Interpretation,035904,"Prados,Nieves Garcia",006,14206,College & Graduate Arts & Sci,3.93,15,1,12,1,1,0,0,0,0,0,0
2024 Fall,CGBM,2310,Principles of Marketing,047003,"Johnson,Reeves",002,14722,McIntire School of Commerce,3.55,48,0,16,16,9,4,0,1,0,2,0
2024 Fall,ARCH,5500,Special Topics in Architecture,001621,"Bachman,JT",002,14520,School of Architecture,3.75,12,0,2,10,0,0,0,0,0,0,0
2024 Fall,GCOM,7230,Data Mgmt for Decision Making,043909,"Liang,Yi",002,14710,McIntire School of Commerce,3.65,21,0,8,6,5,2,0,0,0,0,0
2024 Fall,EDIS,5310,Differentiation Reading Instr,009451,"Hayes,Latisha",001,15229,School of Education and HumanDev,4.00,14,3,11,0,0,0,0,0,0,0,0
2024 Fall,CGBM,2710,Making Financial Decisions,047004,"Murphy,Larry",002,14724,McIntire School of Commerce,3.46,41,0,6,16,9,7,3,0,0,0,0
2024 Fall,ANTH,3152,Rainforest Peoples,000759,"Mentore,George",001,13215,College & Graduate Arts & Sci,3.43,23,0,4,8,4,4,3,0,0,0,0
2024 Fall,ASL,3010,Conversational ASL,003005,"Sofinski,Bruce",001,14204,College & Graduate Arts & Sci,3.87,14,2,6,6,0,0,0,0,0,0,0
2024 Fall,COMM,4522,Topics in BA,046287,"Li,Jingjing",002,14696,McIntire School of Commerce,3.82,36,1,21,13,0,0,0,0,0,0,1
2024 Fall,ARCH,6010,Foundation Studio I,001668,"Dripps,Robin",001,14343,School of Architecture,3.89,12,0,9,2,1,0,0,0,0,0,0
2024 Fall,EDHS,7040,Cognitive Linguistic Develop,041985,"Hoffman,LaVae",001,14847,School of Education and HumanDev,3.47,34,2,9,6,8,7,0,1,1,0,0
2024 Fall,PLAC,4010,Neighborhood Planning Studio,031122,"Jafari,Ghazal",001,14377,School of Architecture,3.69,17,1,8,3,3,1,1,0,0,0,0
2024 Fall,KINE,3620,Biomechanics/Motor Control,009106,"Kuenze,Christopher",001,15486,School of Education and HumanDev,3.27,20,0,7,2,1,7,0,0,2,1,0
2024 Fall,PLCP,4200,Comparative Legislatures,031705,"Mershon,Carol",001,13673,College & Graduate Arts & Sci,3.48,13,0,3,7,0,1,1,0,0,1,0
2024 Fall,PHYS,2030,Princip of Physics 1 Workshop,030811,"Bychkov,Maxim Aleksandrovich",017,14167,College & Graduate Arts & Sci,3.96,17,2,14,0,1,0,0,0,0,0,0
2024 Fall,EDLF,3420,Athletics in the University,043147,"Axson-Lawrence,Dashan",001,14901,School of Education and HumanDev,3.53,21,0,3,10,6,1,0,1,0,0,0
2024 Fall,EDLF,3150,Intro Chld Growth & Developmnt,009660,"Sweeney,Beverly",001,14764,School of Education and HumanDev,3.91,40,3,28,7,2,0,0,0,0,0,0
2024 Fall,ECON,4200,Antitrust Policy,007960,"Swisher,Anthony",001,13999,College & Graduate Arts & Sci,3.66,32,0,20,3,4,2,1,0,2,0,0
2024 Fall,PLAP,7500,Topics in Am Politics,041274,"Milkis,Sidney",002,13537,College & Graduate Arts & Sci,3.82,5,0,2,3,0,0,0,0,0,0,0
2024 Fall,ARCH,2010,Foundation Studio II,001493,"Cantrell,Lauren",105,14446,School of Architecture,3.44,13,1,2,3,3,3,1,0,0,0,0
2024 Fall,STS,4500,STS and Engineering Practice,036749,"Francisco,Pedro",005,15889,Engineering & Applied Science,3.97,29,21,5,3,0,0,0,0,0,0,0
2024 Fall,COMM,3020,Behavior Issues in Mktg & Mgmt,006454,"Foutz,Ying Natasha Zhang",007,14592,McIntire School of Commerce,3.67,49,0,11,27,9,2,0,0,0,0,0
2024 Fall,CGBM,2310,Principles of Marketing,047003,"Johnson,Reeves",001,14721,McIntire School of Commerce,3.61,50,0,22,11,10,3,2,1,1,0,0
2024 Fall,EGMT,1510,Engaging Aesthetics,044512,"Stec,Justin",223,13902,College & Graduate Arts & Sci,3.83,29,1,21,4,1,1,0,0,1,0,0
2024 Fall,EGMT,1520,Empirical Engagement,044513,"Yang,Lingyu",111,13729,College & Graduate Arts & Sci,3.97,34,0,32,1,1,0,0,0,0,0,0
2024 Fall,PLAP,3810,Constitutional Interpretation,031582,"Vradenburgh,Holly",001,13525,College & Graduate Arts & Sci,3.75,48,3,17,23,3,0,1,1,0,0,0
2024 Fall,EGMT,1510,Engaging Aesthetics,044512,"Duong,Kevin",205,13888,College & Graduate Arts & Sci,3.88,32,0,28,2,0,1,0,0,0,1,0
2024 Fall,CHE,6625,Transport Processes,005513,"Lazzara,Matthew",001,16108,Engineering & Applied Science,3.25,20,0,5,1,2,10,1,0,1,0,0
2024 Fall,EDIS,5041,Behav & Classroom Management,009428,"Kunemund,Rachel",500,15254,School of Education and HumanDev,3.80,22,1,19,1,0,0,0,0,0,0,1
2024 Fall,COMM,3110,Intermediate Accounting I,006461,"Backof,Ann",800,14625,McIntire School of Commerce,3.56,41,0,19,8,6,3,3,1,0,0,1
2024 Fall,COMM,3020,Behavior Issues in Mktg & Mgmt,006454,"Davis,Derick Francis",005,14595,McIntire School of Commerce,3.54,49,0,6,25,13,4,0,0,1,0,0
2024 Fall,ECE,3209,Electromagnetic Fields,007677,"Barker,N.",001,16053,Engineering & Applied Science,2.60,21,2,3,1,1,3,1,2,4,1,3
2024 Fall,COMM,2730,Personal Finance,006451,"Kelly,Dorothy",001,14581,McIntire School of Commerce,3.92,45,0,34,10,1,0,0,0,0,0,0
2024 Fall,MDST,2305,Podcasting Radio Sound,043728,"Majerczyk,Elliot",001,13942,College & Graduate Arts & Sci,3.53,12,1,6,3,1,0,0,0,0,0,1
2024 Fall,EGMT,1520,Empirical Engagement,044513,"Niblo,Jessica",106,13727,College & Graduate Arts & Sci,3.96,33,7,24,1,0,1,0,0,0,0,0
2024 Fall,ECON,4310,Economics of the Public Sector,007965,"Lockwood,Lee",100,13490,College & Graduate Arts & Sci,3.43,49,4,8,12,10,12,1,0,2,0,0
2024 Fall,ITAL,1010,Elementary Italian I,020555,"Bonino,Nicole",005,13484,College & Graduate Arts & Sci,3.98,19,9,9,1,0,0,0,0,0,0,0
2024 Fall,MDST,3402,War and the Media,023533,"Williams,Bruce",001,13200,College & Graduate Arts & Sci,3.55,31,0,17,7,4,1,0,0,0,0,2
2024 Fall,EGMT,1520,Empirical Engagement,044513,"Singerman,David",219,13852,College & Graduate Arts & Sci,3.99,34,19,14,1,0,0,0,0,0,0,0
2024 Fall,EGMT,1520,Empirical Engagement,044513,"Chajes,Johanna",116,13731,College & Graduate Arts & Sci,4.00,34,4,30,0,0,0,0,0,0,0,0
2024 Fall,AAS,3500,Intermediate Seminar in AAS,039376,"Mohamed,Naseemah",001,13935,College & Graduate Arts & Sci,3.74,11,0,6,3,1,0,1,0,0,0,0
2024 Fall,CHEM,2410,Organic Chemistry I,005698,"Samonina,Jelena",700,14092,College & Graduate Arts & Sci,2.93,129,16,15,23,14,15,11,7,7,5,16
2024 Fall,EGMT,1510,Engaging Aesthetics,044512,"Dakouri-Hild,Anastasia",215,13896,College & Graduate Arts & Sci,4.00,32,13,19,0,0,0,0,0,0,0,0
2024 Fall,PSYC,3100,Neuroscience of Behavior,045500,"Williams,Cedric",001,13710,College & Graduate Arts & Sci,2.92,54,3,6,10,8,7,2,3,9,1,5
2024 Fall,EDHS,4810,Personal Adjustment,009132,"Rambo,Tim",001,14899,School of Education and HumanDev,3.93,29,6,21,0,0,2,0,0,0,0,0
2024 Fall,KOR,1010,Elementary Korean I,020864,"CHOI,YOON HWA",004,13389,College & Graduate Arts & Sci,3.64,14,2,5,2,3,1,1,0,0,0,0
