Term Desc,Subject,Catalog Number,Class Title,Course ID,Primary Instructor Name,Class Section,Class Num,Class Academic Group,Course GPA,# of Students,A+,A,A-,B+,B,B-,C+,C,C-,DFW
2024 Spring,SPAN,2020,Advanced Intermediate Spanish,035854,"Bonino,Nicole",012,10566,College & Graduate Arts & Sci,3.63,16,0,4,9,0,2,1,0,0,0,0
2024 Spring,PHIL,1740,Issues of Life and Death,030031,"Stangl,Rebecca",100,11400,College & Graduate Arts & Sci,3.52,176,0,57,49,30,28,8,1,0,2,1
2024 Spring,CHEM,1421,Intro College Chemistry II Lab,005994,"Morkowchuk,Lisa",010,10609,College & Graduate Arts & Sci,3.90,20,10,3,7,0,0,0,0,0,0,0
2024 Spring,STAT,3280,Data Visual and Management,045458,"Ferrara,Maria",001,12657,College & Graduate Arts & Sci,3.32,62,0,32,3,0,15,0,0,9,1,2
2024 Spring,EGMT,1520,Empirical Engagement,044513,"Williams,Jennie",113,11893,College & Graduate Arts & Sci,3.96,35,8,26,0,0,0,1,0,0,0,0
2024 Spring,ENWR,1506,Writing & Critical Inquiry S2,013429,"Sullivan,Patricia",008,12660,College & Graduate Arts & Sci,3.39,11,0,3,3,2,1,0,2,0,0,0
2024 Spring,STS,4600,Engr Ethcs Prof Responsibility,036750,"Stafford,William",008,15460,Engineering & Applied Science,3.49,23,0,14,3,0,2,1,0,1,1,1
2024 Spring,MATH,7800,Algebraic Topology I,023238,"Bergner,Julie",001,10236,College & Graduate Arts & Sci,3.39,7,0,2,1,0,4,0,0,0,0,0
2024 Spring,APMA,3080,Linear Algebra,001151,"Li,Meiqin",001,15359,Engineering & Applied Science,2.99,39,9,5,3,1,9,1,3,1,3,4
2024 Spring,EVSC,3601,Physical Hydrology Laboratory,014095,"Reidenbach,Matthew",004,11032,College & Graduate Arts & Sci,3.36,11,5,3,0,0,1,0,0,1,0,1
2024 Spring,EDIS,5012,Mindfulness for Teachers,044537,"Nicholas-Stokes,Pamela",500,15122,School of Education and HumanDev,3.44,19,6,8,1,0,1,1,0,0,0,2
2024 Spring,EDIS,6200,Principles of Curric Design,045847,"Woodward,Tyler",501,15175,School of Education and HumanDev,3.39,13,0,5,4,1,2,0,0,0,0,1
2024 Spring,APMA,3080,Linear Algebra,001151,"Chen,Heze",006,19648,Engineering & Applied Science,3.11,41,7,11,2,3,3,1,7,2,1,4
2024 Spring,COMM,3040,Strategic Value Creation,006456,"Allison,Kiera",004,14474,McIntire School of Commerce,3.51,32,0,4,16,6,4,2,0,0,0,0
2024 Spring,EDIS,5340,Tchng Soc Stu in Elem School,009454,"Nussbaum,Ben",001,14633,School of Education and HumanDev,3.98,18,1,16,1,0,0,0,0,0,0,0
2024 Spring,CE,3400,Trans Infrastructure Design,004462,"Chen,Tong",001,15368,Engineering & Applied Science,3.40,10,2,1,2,2,2,0,0,1,0,0
2024 Spring,COMM,3230,Managing Innovation,045750,"Martin,Eric",002,20219,McIntire School of Commerce,3.60,22,0,4,11,5,2,0,0,0,0,0
2024 Spring,BIOL,4585,Selected Topics in Biology,041824,"Grainger,Robert",002,12929,College & Graduate Arts & Sci,3.75,27,4,12,4,5,2,0,0,0,0,0
2024 Spring,ARCH,3020,Foundation Studio V,001518,"Vanecek,Jessica Rose",004,14273,School of Architecture,3.41,12,0,3,2,4,2,0,1,0,0,0
2024 Spring,ANTH,2450,Language & Environment,047167,"Wendte,Nathan",100,20433,College & Graduate Arts & Sci,3.94,20,0,17,2,1,0,0,0,0,0,0
2024 Spring,ARCH,6020,Foundation Studio II,001669,"Stranix,Katie",001,14279,School of Architecture,3.43,24,0,3,8,8,3,2,0,0,0,0
2024 Spring,PHYS,2419,Intro Physics 2 Workshop,031079,"Bychkov,Maksim",005,11119,College & Graduate Arts & Sci,3.67,21,0,7,11,2,0,0,0,0,1,0
2024 Spring,EVSC,4991,Conserv Theory and Practice,043438,"Castorani,Max",001,11344,College & Graduate Arts & Sci,3.83,23,2,13,4,4,0,0,0,0,0,0
2024 Spring,SPAN,4500,Spec Topics Sem: Literature,035967,"Valverde,Fernando",002,13805,College & Graduate Arts & Sci,3.98,29,3,24,2,0,0,0,0,0,0,0
2024 Spring,ARCH,6261,Building Workshop II,040966,"Stec,Peter",001,14282,School of Architecture,3.60,24,1,5,10,5,3,0,0,0,0,0
2024 Spring,COMM,5160,Govt & Nonprofit Accounting,045977,"McDermott,Katie",001,14561,McIntire School of Commerce,3.85,34,0,22,9,2,1,0,0,0,0,0
2024 Spring,CHE,4476,Chemical Engineering Design,005476,"Anderson,Eric",001,15389,Engineering & Applied Science,3.69,40,0,21,9,4,3,3,0,0,0,0
2024 Spring,MAE,6430,Statistics Engrs & Scientists,022669,"Li,Meiqin",001,15917,Engineering & Applied Science,3.92,12,6,3,3,0,0,0,0,0,0,0
2024 Spring,RELC,1210,Hebrew Bible/Old Testament,033952,"Tite,Philip",100,12714,College & Graduate Arts & Sci,3.71,51,6,32,4,3,0,3,1,1,0,1
2024 Spring,GCOM,7549,Commerce in the Global Context,045947,"King,Adelaide Wilcox",002,21503,McIntire School of Commerce,3.73,18,0,7,8,2,1,0,0,0,0,0
2024 Spring,PHYS,2040,Princip of Physics 2 Workshop,030812,"Bychkov,Maksim",009,12764,College & Graduate Arts & Sci,3.86,25,0,18,5,1,0,1,0,0,0,0
2024 Spring,EDHS,2240,Substance Abuse,009090,"Pleszkoch,Elisabeth",001,14714,School of Education and HumanDev,3.40,44,2,10,14,5,5,5,0,2,0,1
2024 Spring,LPPP,7559,New Course: PPOL,044184,"Bassett,Lucy",002,20410,Batten Leadership & Public Pol,3.91,7,0,5,2,0,0,0,0,0,0,0
2024 Spring,PSYC,4435,Psychology of Misinformation,047175,"Golino,Hudson",001,20377,College & Graduate Arts & Sci,3.94,24,1,18,5,0,0,0,0,0,0,0
2024 Spring,MDST,3510,Topics in Media Research,045771,"Rao,Pallavi",002,12509,College & Graduate Arts & Sci,3.81,30,5,15,5,3,2,0,0,0,0,0
2024 Spring,COMM,3040,Strategic Value Creation,006456,"Cowen,Amanda",007,14477,McIntire School of Commerce,3.47,37,0,7,12,11,5,0,2,0,0,0
2024 Spring,LAW,7786,"Topics in Law, Med & Soc (SC)",045212,"Shepherd,Lois",1,18057,School of Law,3.43,13,0,2,3,5,3,0,0,0,0,0
2024 Spring,ASTR,1210,Intro Sky and Solar System,003045,"Li,Zhi-Yun",001,10037,College & Graduate Arts & Sci,3.33,134,21,26,22,18,16,11,11,7,0,2
2024 Spring,BIOL,2200,Intro Bio w/Lab: Orgnsm & Evol,003471,"Manson,Jessamyn",001,10043,College & Graduate Arts & Sci,3.29,415,39,81,93,58,44,40,16,16,17,11
2024 Spring,MATH,1320,Calculus II,022954,"Rolf,James Scott",200,10215,College & Graduate Arts & Sci,2.76,26,2,6,1,3,5,3,0,0,0,6
2024 Spring,CHEM,1421,Intro College Chemistry II Lab,005994,"Morkowchuk,Lisa",026,11684,College & Graduate Arts & Sci,3.76,22,11,5,3,1,0,1,0,0,1,0
2024 Spring,SPAN,2020,Advanced Intermediate Spanish,035854,"Arevalo,Gabriela Dongo",006,10563,College & Graduate Arts & Sci,3.36,18,0,1,7,4,4,2,0,0,0,0
2024 Spring,EDHS,8240,Substance Abuse Counseling,009270,"Pleszkoch,Elisabeth",001,14630,School of Education and HumanDev,3.80,27,0,13,12,1,1,0,0,0,0,0
2024 Spring,PHYS,7420,Electricity and Magnetism II,030941,"Nichols,David",001,11206,College & Graduate Arts & Sci,3.38,21,1,4,3,6,5,1,1,0,0,0
2024 Spring,MICR,8202,Integration and Divers of Immu,024116,"Elliott,Michael",001,18235,Medical School - BIMS/PHS,3.97,21,14,5,2,0,0,0,0,0,0,0
2024 Spring,COMM,3330,Mkt Research & Analytic Tech,006475,"Davis,Derick",001,14492,McIntire School of Commerce,3.88,35,15,9,9,2,0,0,0,0,0,0
2024 Spring,MICR,8040,Fundamentals in Cancer Bio,024115,"Dudley,Andrew",001,18232,Medical School - BIMS/PHS,3.78,18,3,7,4,4,0,0,0,0,0,0
2024 Spring,CHEM,2321,Org Lab II Non-Chem Maj/Min,043155,"Chruma,Jason",008,11914,College & Graduate Arts & Sci,3.70,35,0,15,13,3,2,2,0,0,0,0
2024 Spring,CHEM,1421,Intro College Chemistry II Lab,005994,"Morkowchuk,Lisa",013,10612,College & Graduate Arts & Sci,3.81,21,12,2,4,2,0,1,0,0,0,0
2024 Spring,MAE,3140,Heat and Mass Transfer,022581,"Scott,Ethan",001,15401,Engineering & Applied Science,3.74,84,30,30,6,8,3,4,0,1,2,0
2024 Spring,CHEM,5610,Teaching for the Science Class,045874,"Stains,Marilyne",001,12551,College & Graduate Arts & Sci,3.36,9,2,0,6,0,0,0,0,0,0,1
2024 Spring,EDIS,3060,Poverty and the Young Child,045749,"Turnbull,Khara Lynn Pence",503,20051,School of Education and HumanDev,3.88,23,14,5,1,2,1,0,0,0,0,0
2024 Spring,STS,4600,Engr Ethcs Prof Responsibility,036750,"Francisco,Pedro",002,15430,Engineering & Applied Science,3.85,28,16,8,2,0,0,1,0,0,1,0
2024 Spring,MATH,1140,Financial Mathematics,022937,"Baker,Charles Edmond",002,11323,College & Graduate Arts & Sci,2.91,36,2,6,6,3,3,3,6,3,1,3
2024 Spring,CJ,3670,Effective Writing,006191,"Lewis,Cynthia L.",B1,21674,Continuing & Prof Studies,4.00,13,11,2,0,0,0,0,0,0,0,0
2024 Spring,STAT,2120,Intro to Statistical Analysis,036655,"Weinstock,Justin",300,10418,College & Graduate Arts & Sci,3.47,179,0,52,55,33,18,8,7,4,1,1
2024 Spring,LPPS,3240,Terrorism and Counterterrorism,041550,"Moy,Daniel",001,16916,Batten Leadership & Public Pol,3.19,57,0,1,13,11,24,7,1,0,0,0
2024 Spring,RELI,2080,Global Islam,034424,"al-Rahim,Ahmed",001,13561,College & Graduate Arts & Sci,4.00,29,4,25,0,0,0,0,0,0,0,0
2024 Spring,BME,4380,Microbial BME,047031,"Papin,Jason",001,20422,Engineering & Applied Science,3.64,28,4,13,3,2,3,2,0,0,1,0
2024 Spring,ENGL,8500,Studies in English Literature,046042,"Booth,Alison",001,20477,College & Graduate Arts & Sci,3.90,6,0,4,2,0,0,0,0,0,0,0
2024 Spring,AAS,1020,African-Amer & African Stds II,000084,"Vinson,Robert",100,10001,College & Graduate Arts & Sci,3.66,152,7,89,20,12,10,3,3,5,1,2
2024 Spring,AMST,2500,Major Works for Amer Studies,000454,"Coyoca,David",001,20450,College & Graduate Arts & Sci,3.70,20,0,16,0,0,2,0,1,0,1,0
2024 Spring,SPAN,3010,Grammar and Composition I,035893,"Park,Sara",001,10406,College & Graduate Arts & Sci,3.89,15,0,11,3,1,0,0,0,0,0,0
2024 Spring,HIEA,2101,Modern Korean History,018295,"Seeley,Joseph",100,19234,College & Graduate Arts & Sci,3.93,117,0,101,15,0,0,0,0,0,0,1
2024 Spring,CHEM,3420,Phys Chem - Thermodynamics,005732,"Herbst,Eric",100,10061,College & Graduate Arts & Sci,2.76,108,6,16,8,9,12,12,10,18,8,9
2024 Spring,SPAN,3430,Latin Amer Lit II (1900-Pres),035911,"Rogers,Charlotte",001,10415,College & Graduate Arts & Sci,3.80,21,0,11,7,3,0,0,0,0,0,0
2024 Spring,MDST,4106,Media and the Kennedy Era,041350,"Bodroghkozy,Aniko",001,13078,College & Graduate Arts & Sci,3.53,18,0,7,8,1,0,1,0,0,0,1
2024 Spring,SOC,2470,Amer Society & Popular Culture,035337,"Platts,Todd",100,13168,College & Graduate Arts & Sci,3.73,56,17,26,3,0,5,1,1,3,0,0
2024 Spring,ARCH,2220,Principles of Tectonics,045094,"Sturgeon,Kyle",001,14323,School of Architecture,3.73,99,1,53,25,11,5,2,0,2,0,0
2024 Spring,PHS,7411,Hlth Policy Analysis: Sec Data,045367,"Zelle,Heather",001,18439,Medical School - BIMS/PHS,3.90,22,4,14,3,0,0,1,0,0,0,0
2024 Spring,LAW,7188,Privacy,045988,"Citron,Danielle",1,17867,School of Law,3.62,54,8,7,14,21,4,0,0,0,0,0
2024 Spring,MATH,5700,Introduction to Geometry,023159,"Kuhn,Nicholas",001,10233,College & Graduate Arts & Sci,3.69,14,1,6,3,2,2,0,0,0,0,0
2024 Spring,EDIS,5133,Principles of ABA,045102,"Matthews,Katherine",500,20471,School of Education and HumanDev,3.71,7,0,5,0,0,2,0,0,0,0,0
2024 Spring,PORT,2050,Intensive Portuguese,045572,"Feitosa,Lilian",001,12310,College & Graduate Arts & Sci,3.46,16,3,10,0,1,0,0,0,0,0,2
2024 Spring,KINE,3400,Nutrition,009128,"Kranz,Sibylle",001,14954,School of Education and HumanDev,3.93,170,122,26,12,7,1,2,0,0,0,0
2024 Spring,CHEM,2321,Org Lab II Non-Chem Maj/Min,043155,"Chruma,Jason",016,12539,College & Graduate Arts & Sci,3.73,27,1,19,3,2,1,0,0,0,0,1
2024 Spring,ENWR,2520,Special Topics in Writing,013448,"Kostelnik,Kate",004,12089,College & Graduate Arts & Sci,3.86,16,0,12,3,0,0,1,0,0,0,0
2024 Spring,ARCH,4020,Independent Design Res Studio,001547,"Baharlou,Ehsan",003,14276,School of Architecture,3.39,13,1,3,5,2,1,0,0,0,0,1
2024 Spring,LAR,7500,Special Tops in Landscape Arch,045643,"Lee,Michael",001,14412,School of Architecture,3.43,12,0,1,6,2,1,2,0,0,0,0
2024 Spring,CJ,5495,CI: Executive Decision Making,047240,"Yansick,Michael",B2,21677,Continuing & Prof Studies,4.00,20,3,17,0,0,0,0,0,0,0,0
2024 Spring,UD,8612,Urban Design History & Theory,046668,"Berman,Ila L",001,14394,School of Architecture,3.65,31,0,6,17,8,0,0,0,0,0,0
2024 Spring,BIOL,4910,Life Sciences Research,043055,"Kawasaki,Masashi",001,11335,College & Graduate Arts & Sci,3.98,152,108,35,8,1,0,0,0,0,0,0
2024 Spring,SOC,4510,Topics in Sociology of Work,035485,"Sarioglu,Esra",001,20599,College & Graduate Arts & Sci,3.78,24,2,11,6,5,0,0,0,0,0,0
2024 Spring,ARCH,4020,Independent Design Res Studio,001547,"Roettger,Elizabeth Louise",007,19690,School of Architecture,3.68,13,2,3,6,1,0,0,1,0,0,0
2024 Spring,COMM,3410,Commercial Law I,006470,"Moore,Sherri",001,14489,McIntire School of Commerce,3.23,221,0,49,80,26,16,6,12,9,9,14
2024 Spring,FREN,1020,Elementary French II,014274,"Rey,Cecile Helene Christiane",003,10142,College & Graduate Arts & Sci,3.89,15,4,9,0,1,1,0,0,0,0,0
2024 Spring,MSE,7080,Advanced Electrochemistry,024452,"Scully,John",001,19696,Engineering & Applied Science,3.88,12,2,5,5,0,0,0,0,0,0,0
2024 Spring,ARTH,3863,"East Asian Art, Land & Ecology",045486,"Wong,Dorothy",001,12732,College & Graduate Arts & Sci,3.52,31,0,7,18,3,1,0,0,0,1,1
2024 Spring,EDLF,7811,Ldship for Teaching & Learning,009818,"Stacy,Jaime",500,15155,School of Education and HumanDev,3.96,16,7,7,2,0,0,0,0,0,0,0
2024 Spring,EDLF,8383,Qualitative Inquiry,044850,"Rappeport,Annie",500,15158,School of Education and HumanDev,3.36,11,6,2,0,0,0,0,1,0,1,1
2024 Spring,EVSC,3020,GIS Methods,013919,"Porter,John",100,11044,College & Graduate Arts & Sci,3.69,54,8,19,13,7,5,1,1,0,0,0
2024 Spring,APMA,3110,Applied Stats & Probability,001153,"Fernando,Anne",001,15365,Engineering & Applied Science,2.92,40,0,5,7,7,5,5,1,7,0,3
2024 Spring,EDIS,5422,Cross-Cultural Education,043455,"Jones-lewis,Sherica",501,15202,School of Education and HumanDev,3.91,21,0,16,4,1,0,0,0,0,0,0
2024 Spring,MAE,3840,Mechanical Engineering Lab,022596,"Zhu,Joseph",100,15407,Engineering & Applied Science,3.70,72,0,10,56,5,1,0,0,0,0,0
2024 Spring,BUS,5010,Cybersecurity Management,004336,"Jones,Angel",701,20036,Continuing & Prof Studies,3.24,7,4,1,0,0,0,1,0,0,0,1
2024 Spring,COMM,4522,Topics in BA,046287,"Kitchens,Brent",001,14564,McIntire School of Commerce,3.60,23,2,10,3,4,1,2,0,1,0,0
2024 Spring,LPPS,3050,Intro to Soc Entrepreneurship,042310,"Mulloth,Balashankar",001,16927,Batten Leadership & Public Pol,3.77,43,0,19,19,4,0,1,0,0,0,0
2024 Spring,LAW,9040,Animal Law,040104,"Riley,Margaret",1,17891,School of Law,3.39,14,0,0,4,9,1,0,0,0,0,0
2024 Spring,EVSC,4035,Drones in Scientific Research,045861,"Wekker,Stephan De",001,13808,College & Graduate Arts & Sci,3.95,12,0,10,2,0,0,0,0,0,0,0
2024 Spring,EDIS,4110,Char of Ind w/Lrn Disablities,044943,"Allison,Rinyka Belle",500,15119,School of Education and HumanDev,3.58,30,0,16,7,3,0,2,1,0,0,1
2024 Spring,APMA,3150,From Data to Knowledge,044104,"Chen,Heze",001,19651,Engineering & Applied Science,3.89,43,3,33,3,1,2,1,0,0,0,0
2024 Spring,PHIL,1410,Forms of Reasoning,030021,"Anderson,Joseph",003,12637,College & Graduate Arts & Sci,3.67,29,0,9,14,4,0,2,0,0,0,0
2024 Spring,BME,2104,Cell & Molecular for Engineers,004061,"Abebayehu,Daniel",001,15448,Engineering & Applied Science,3.67,63,14,20,10,13,3,1,0,1,0,1
2024 Spring,SPAN,2020,Advanced Intermediate Spanish,035854,"Barlow,Jennifer",013,10879,College & Graduate Arts & Sci,3.53,18,0,4,10,2,0,1,0,0,0,1
2024 Spring,PHYS,2720,Problem Solving,046321,"Jones,Robert",001,13790,College & Graduate Arts & Sci,3.62,56,3,22,14,5,7,5,0,0,0,0
2024 Spring,PLAP,4850,Constitutional Law & Theory,031621,"Vradenburgh,Holly",001,12554,College & Graduate Arts & Sci,3.40,14,1,7,1,3,0,0,0,1,0,1
2024 Spring,LPPL,4680,Lead from Anywhere,046781,"Gelsdorf,Kirsten",001,20195,Batten Leadership & Public Pol,3.58,54,0,12,32,1,5,0,2,2,0,0
2024 Spring,PSYC,3210,RM: Psychobiology Laboratory,032553,"Weigel,Thaddeus",002,13591,College & Graduate Arts & Sci,3.69,20,5,6,5,1,1,1,1,0,0,0
2024 Spring,HISA,3501,Introductory History Workshop,047158,"Chatterjee,Indrani",001,20413,College & Graduate Arts & Sci,3.64,12,3,7,1,0,0,0,0,0,0,1
2024 Spring,LPPS,3150,Practical Nonproft Fundraising,045946,"Hall,Erin",001,16974,Batten Leadership & Public Pol,3.60,17,0,5,8,3,0,0,0,0,1,0
2024 Spring,CHEM,2321,Org Lab II Non-Chem Maj/Min,043155,"Chruma,Jason",001,11230,College & Graduate Arts & Sci,3.49,29,0,11,7,3,5,1,0,1,1,0
2024 Spring,MUSI,1310,Basic Musical Skills,024703,"Balija,Ayn",001,12726,College & Graduate Arts & Sci,3.22,16,0,7,3,1,0,2,0,1,1,1
2024 Spring,ALAR,8020,Research Studio 2,000310,"Hawkins,Chloe M",005,14421,School of Architecture,3.51,10,1,1,4,2,1,1,0,0,0,0
2024 Spring,CHEM,4421,Biological Chemistry Lab II,005758,"Price,Carol",100,10067,College & Graduate Arts & Sci,3.58,79,2,21,24,23,8,0,1,0,0,0
2024 Spring,CHEM,2321,Org Lab II Non-Chem Maj/Min,043155,"Chruma,Jason",009,11977,College & Graduate Arts & Sci,3.88,34,1,21,11,1,0,0,0,0,0,0
2024 Spring,CHEM,2321,Org Lab II Non-Chem Maj/Min,043155,"Chruma,Jason",012,11987,College & Graduate Arts & Sci,3.93,18,1,14,2,1,0,0,0,0,0,0
2024 Spring,ENWR,3660,Travel Writing,044572,"Stephenson,Kate",001,11958,College & Graduate Arts & Sci,3.54,16,3,4,1,4,3,1,0,0,0,0
2024 Spring,PHS,4050,Public Health Policy,043758,"Quissell,Kathryn",001,11935,College & Graduate Arts & Sci,3.97,52,28,20,3,1,0,0,0,0,0,0
2024 Spring,BIOL,3420,Human Anatomy & Physiology II,043981,"Massey,Ann",100,11469,College & Graduate Arts & Sci,3.22,217,14,47,34,31,30,27,14,9,4,7
2024 Spring,SPAN,2020,Advanced Intermediate Spanish,035854,"Hervas,Maria Jose Jorquera",003,10560,College & Graduate Arts & Sci,3.89,14,4,6,3,1,0,0,0,0,0,0
2024 Spring,CS,2501,Spec Topic: Computer Science,041128,"Sherriff,Mark",001,20456,Engineering & Applied Science,3.75,23,1,12,9,0,0,0,0,0,0,1
2024 Spring,ENCW,2300,Poetry Writing,013450,"Hensley,Desiree",014,20596,College & Graduate Arts & Sci,3.56,14,0,2,8,2,1,1,0,0,0,0
2024 Spring,LASE,2515,A&S Skills AcceleratorCatalyst,046611,"Stertzer,Jennifer",002,13165,College & Graduate Arts & Sci,3.98,15,8,6,1,0,0,0,0,0,0,0
2024 Spring,EDIS,5015,Social & Emotional Learning,045888,"Gerics,Joseph",500,15181,School of Education and HumanDev,3.01,18,5,5,2,0,0,1,1,0,1,3
2024 Spring,MSE,2090,Intro to Materials Science,024402,"Kelly,Robert",003,15418,Engineering & Applied Science,3.30,59,13,12,8,8,4,3,3,4,0,4
2024 Spring,ENWR,1510,Writing and Critical Inquiry,013432,"Correll,Allison",049,11767,College & Graduate Arts & Sci,3.49,17,0,3,9,1,2,1,0,1,0,0
2024 Spring,EGMT,1530,Engaging Differences,044514,"Flood,Liza",202,12827,College & Graduate Arts & Sci,3.96,34,0,32,0,2,0,0,0,0,0,0
2024 Spring,CHE,2216,Mod & Simulation in Chem Engr,005439,"Bilodeau,Camille",001,15386,Engineering & Applied Science,3.45,41,0,14,12,6,2,4,2,0,0,1
2024 Spring,HIEA,1501,Intro Sem in East Asian Hist,018286,"Zhang,Cong",001,11672,College & Graduate Arts & Sci,3.25,11,0,3,3,2,2,0,0,0,0,1
2024 Spring,CHEM,2321,Org Lab II Non-Chem Maj/Min,043155,"Chruma,Jason",005,11693,College & Graduate Arts & Sci,3.80,31,3,22,3,2,0,0,0,0,0,1
2024 Spring,CHIN,2020,Intermediate Chinese,006054,"Chen,Shu-Chen",003,11212,College & Graduate Arts & Sci,3.82,12,3,3,5,1,0,0,0,0,0,0
2024 Spring,MSE,6020,Defects & Microstruct in Matls,024420,"Agnew,Sean",001,15421,Engineering & Applied Science,3.32,19,1,4,4,5,0,3,1,0,0,1
2024 Spring,CJ,3490,Lgl Issues Impact Law Enf Ops,039968,"Pettry,Michael T",B1,21662,Continuing & Prof Studies,4.00,14,2,12,0,0,0,0,0,0,0,0
2024 Spring,DANC,2430,Production Laboratory: Dance,043986,"Mata,Kim",001,11481,College & Graduate Arts & Sci,4.00,12,3,9,0,0,0,0,0,0,0,0
2024 Spring,ASTR,3420,Life Beyond the Earth,003082,"Garrod,Rob",001,11430,College & Graduate Arts & Sci,3.52,48,7,10,12,8,7,1,2,1,0,0
2024 Spring,PLAP,7500,Topics in Am Politics,041274,"Winter,Nicholas",001,12215,College & Graduate Arts & Sci,3.82,5,0,2,3,0,0,0,0,0,0,0
2024 Spring,EGMT,1530,Engaging Differences,044514,"Safdar,Muhammad Tayyab",215,13385,College & Graduate Arts & Sci,3.94,35,3,25,7,0,0,0,0,0,0,0
2024 Spring,HIUS,3501,Introductory History Workshop,046577,"Milov,Sarah",002,20416,College & Graduate Arts & Sci,3.34,15,2,1,6,3,0,0,1,1,1,0
2024 Spring,PHYS,1425,Intro Physics 1 for Engineers,031032,"Grouchy,Rebecca",005,13771,College & Graduate Arts & Sci,3.17,96,8,13,19,15,11,12,8,5,4,1
2024 Spring,ENWR,1510,Writing and Critical Inquiry,013432,"Holmstrom,Kathryn",050,11768,College & Graduate Arts & Sci,3.98,18,2,15,1,0,0,0,0,0,0,0
2024 Spring,DH,8991,Intro to Digital Humanities,045779,"Booth,Alison",001,12381,College & Graduate Arts & Sci,3.67,6,0,3,1,1,1,0,0,0,0,0
2024 Spring,SPAN,3200,Intro Hispanic Linguistics,035891,"Ferrando,Lorena Albert",001,13826,College & Graduate Arts & Sci,3.73,12,0,5,4,3,0,0,0,0,0,0
2024 Spring,CHEM,2420,Organic Chemistry II,005699,"Frantz,Alicia",300,12095,College & Graduate Arts & Sci,3.11,144,0,30,25,11,27,20,17,6,6,2
2024 Spring,ENWR,2520,Special Topics in Writing,013448,"D'Errico,Jon",009,19222,College & Graduate Arts & Sci,3.94,16,0,13,3,0,0,0,0,0,0,0
2024 Spring,SPAN,3040,Business Spanish,035896,"West,Rachel",003,10409,College & Graduate Arts & Sci,3.84,17,1,8,7,1,0,0,0,0,0,0
2024 Spring,SPAN,3300,Texts and Interpretation,035904,"Sprague,Paula",002,10412,College & Graduate Arts & Sci,3.96,16,0,14,2,0,0,0,0,0,0,0
2024 Spring,SPAN,2020,Advanced Intermediate Spanish,035854,"Soto,Patricio Arriagada",025,14163,College & Graduate Arts & Sci,3.80,17,0,8,8,0,1,0,0,0,0,0
2024 Spring,NUCO,4056,Introduction to Health Policy,045043,"Acquaviva,Kimberly",001,17167,School of Nursing,4.00,67,62,5,0,0,0,0,0,0,0,0
2024 Spring,STAT,3280,Data Visual and Management,045458,"Ross,Richard",002,14027,College & Graduate Arts & Sci,3.55,59,0,40,3,1,7,0,0,7,0,1
2024 Spring,PHYS,1420,Introductory Physics 1,046322,"Baessler,Stefan",001,12761,College & Graduate Arts & Sci,3.22,28,0,8,5,4,3,3,1,3,0,1
2024 Spring,ECON,3020,Intermediate Macroeconomics,007909,"Westerfield,Maria",400,11604,College & Graduate Arts & Sci,3.49,65,6,15,19,8,7,7,1,2,0,0
2024 Spring,CE,3220,Water Resources Engineering,004459,"Band,Lawrence",001,15675,Engineering & Applied Science,3.07,26,1,3,3,10,2,1,2,2,0,2
2024 Spring,CS,4457,Computer Networks,006931,"Kim,Hyojoon",001,15834,Engineering & Applied Science,3.56,71,10,25,11,13,5,3,2,0,1,1
2024 Spring,ECE,6750,Digital Signal Processing,042967,"Fletcher,Tom",001,16706,Engineering & Applied Science,3.55,15,4,4,2,2,1,0,1,1,0,0
2024 Spring,PLAN,5200,Real Estate Develop Process I,045045,"Missel,Frederick",001,14320,School of Architecture,3.94,14,0,11,3,0,0,0,0,0,0,0
2024 Spring,ARH,5500,Sel Top: Architectural History,037378,"Lasisi,Olanrewaju",001,14418,School of Architecture,3.97,9,3,5,1,0,0,0,0,0,0,0
2024 Spring,SPAN,4520,Spec Topics Sem: Cult & Civil,035969,"Rizki,Cole",001,14009,College & Graduate Arts & Sci,3.94,22,1,18,2,1,0,0,0,0,0,0
2024 Spring,LAW,7501,Spec Topics Short Course (SC),046387,"Sharma,Chinmayi",4,20419,School of Law,3.47,12,0,3,2,4,3,0,0,0,0,0
2024 Spring,ENWR,1510,Writing and Critical Inquiry,013432,"Constantine,Margaret",063,12711,College & Graduate Arts & Sci,3.53,18,0,3,5,10,0,0,0,0,0,0
2024 Spring,CS,6316,Machine Learning,006975,"Zhang,Shangtong",001,19388,Engineering & Applied Science,3.79,53,25,13,8,5,1,0,0,0,0,1
2024 Spring,MSE,6130,Electron Microscopy of Crystal,024438,"Heinrich,Helge",001,19693,Engineering & Applied Science,3.39,14,3,2,4,0,3,1,0,0,0,1
2024 Spring,EDIS,3060,Poverty and the Young Child,045749,"Turnbull,Khara",500,15116,School of Education and HumanDev,3.73,23,13,5,2,1,0,0,1,0,0,1
2024 Spring,LAR,5280,Green Infrastructure: Sites,020924,"Firehock,Karen",001,14285,School of Architecture,3.83,6,0,4,1,1,0,0,0,0,0,0
2024 Spring,MATH,3315,Adv Calculus and Lin Alg II,043767,"Sherman,David",100,11433,College & Graduate Arts & Sci,3.82,13,1,7,3,2,0,0,0,0,0,0
2024 Spring,COMM,4620,Strategic Leadership,045370,"Lovelace,Jeffrey",002,14567,McIntire School of Commerce,3.78,41,2,15,20,3,1,0,0,0,0,0
2024 Spring,SPAN,2020,Advanced Intermediate Spanish,035854,"Hervas,Maria Jose Jorquera",016,11080,College & Graduate Arts & Sci,3.91,17,1,11,5,0,0,0,0,0,0,0
2024 Spring,HIUS,3612,Gender & Sexuality in Am 1865,019620,"Hagerman,Bonnie",100,13780,College & Graduate Arts & Sci,3.44,27,3,9,4,3,3,3,0,0,1,1
2024 Spring,MAE,3820,Aerodynamics Laboratory,022595,"Nickol,Craig",100,15404,Engineering & Applied Science,3.94,73,15,50,6,0,0,2,0,0,0,0
2024 Spring,ARCH,2020,Foundation Studio III,001494,"Chen,Dijia",007,19687,School of Architecture,3.33,11,0,3,1,3,2,1,1,0,0,0
2024 Spring,SYS,3034,System Evaluation,036904,"Bailey,Reid",001,15433,Engineering & Applied Science,3.27,81,1,13,17,21,15,6,4,3,0,1
2024 Spring,CJ,5710,Conflict Res for Law Enf Execs,040130,"Craig,Amy L",B2,21668,Continuing & Prof Studies,4.00,20,8,12,0,0,0,0,0,0,0,0
2024 Spring,CHEM,1421,Intro College Chemistry II Lab,005994,"Morkowchuk,Lisa",032,11690,College & Graduate Arts & Sci,3.94,20,12,4,4,0,0,0,0,0,0,0
2024 Spring,COMM,3050,Managerial Decision Making,006457,"Gray,Peter",005,14483,McIntire School of Commerce,3.63,32,2,6,15,6,3,0,0,0,0,0
2024 Spring,EDIS,3060,Poverty and the Young Child,045749,"Hawkins,Jaime-Duke",501,15199,School of Education and HumanDev,3.97,23,14,7,2,0,0,0,0,0,0,0
2024 Spring,LING,5409,Acoustic Phonetics,042565,"Mirzayan,Armik",001,19239,College & Graduate Arts & Sci,3.87,7,0,4,3,0,0,0,0,0,0,0
2024 Spring,ENWR,1510,Writing and Critical Inquiry,013432,"donovan,devin",020,11536,College & Graduate Arts & Sci,3.94,18,0,16,1,1,0,0,0,0,0,0
2024 Spring,MDST,3508,Adv Topics in Media Practice,046136,"Sweeney,Kate",002,12512,College & Graduate Arts & Sci,4.00,19,2,17,0,0,0,0,0,0,0,0
2024 Spring,CHEM,1421,Intro College Chemistry II Lab,005994,"Morkowchuk,Lisa",029,11687,College & Graduate Arts & Sci,3.90,22,16,2,3,0,0,1,0,0,0,0
2024 Spring,ISHU,3304,Films of Welles and Hitchcock,041642,"Moon,Hyeyon",101,20131,Continuing & Prof Studies,3.37,23,0,5,11,4,0,0,0,1,1,1
2024 Spring,AAS,3500,Intermediate Seminar in AAS,039376,"Richardson,Liana",001,12833,College & Graduate Arts & Sci,3.61,20,0,5,8,5,2,0,0,0,0,0
2024 Spring,STAT,7100,Intro to Advanced Inference,036696,"Spitzner,Dan",001,11131,College & Graduate Arts & Sci,3.41,36,0,9,10,4,7,5,0,1,0,0
2024 Spring,BIMS,8382,Practical Biomed Statistics II,044058,"Jones,Marieke",001,18349,Medical School - BIMS/PHS,3.97,20,0,18,2,0,0,0,0,0,0,0
2024 Spring,COMM,3720,Intermediate Corporate Finance,006484,"Parham,Robert",004,14498,McIntire School of Commerce,3.35,28,2,2,7,8,6,2,0,1,0,0
2024 Spring,PHYS,1429,Intro Physics 1 Workshop,031036,"Bychkov,Maksim",022,12920,College & Graduate Arts & Sci,3.96,26,4,20,1,1,0,0,0,0,0,0
2024 Spring,PHS,3050,Fundamentals Public Health,041885,"Hornsby,Paige",001,11836,College & Graduate Arts & Sci,3.78,70,3,34,23,6,4,0,0,0,0,0
2024 Spring,CS,6501,Spec Top: Computer Science,006981,"Behl,Madhur",012,19402,Engineering & Applied Science,3.58,32,12,3,5,7,0,4,1,0,0,0
2024 Spring,GETR,3392,Fairy Tales,045570,"Schmid,Marcel",001,12782,College & Graduate Arts & Sci,3.97,28,2,23,3,0,0,0,0,0,0,0
2024 Spring,LAW,7821,Pub Service thru Pro Bono (SC),046031,"Graves,Tiffany",1,17897,School of Law,3.49,13,0,1,6,4,2,0,0,0,0,0
2024 Spring,WGS,2100,Gender and Sexuality Studies,036786,"Field,Corinne",100,11086,College & Graduate Arts & Sci,3.73,96,0,60,24,2,6,1,0,1,0,2
2024 Spring,ARCH,5780,Painting and Public Art,001626,"Iliescu,Sanda",001,14424,School of Architecture,3.98,13,8,4,1,0,0,0,0,0,0,0
2024 Spring,ISIN,4510,Sp Tps Conduct Inquiry: So Sci,043255,"Floyd,Richard",102,20408,Continuing & Prof Studies,3.38,23,0,8,7,3,2,0,0,2,0,1
2024 Spring,LAR,7220,EcoTech IV,042663,"Davis,Brian",001,14306,School of Architecture,3.66,21,3,8,4,2,2,2,0,0,0,0
2024 Spring,EVSC,1300,Earth's Weather and Climate,013862,"Davis,Robert",001,11394,College & Graduate Arts & Sci,3.05,82,10,13,11,9,10,9,6,6,2,6
2024 Spring,PLAN,5452,Healthy Cities,043950,"Roe,Jennifer",001,14297,School of Architecture,3.84,15,0,7,8,0,0,0,0,0,0,0
2024 Spring,SPAN,4707,Introduction to Spanish Art,039958,"Wellbeloved,Elizabeth A.",501,19108,College & Graduate Arts & Sci,3.86,10,0,8,0,2,0,0,0,0,0,0
2024 Spring,IT,4400,Building Dynamic Websites,042707,"Vito,Michael",701,20045,Continuing & Prof Studies,2.84,10,1,0,0,2,1,4,0,2,0,0
2024 Spring,PSYC,4980,Distinguished Major Thesis II,032670,"Dodson,Chad",001,13603,College & Graduate Arts & Sci,3.97,11,3,7,1,0,0,0,0,0,0,0
2024 Spring,PSYC,4110,Psycholinguistics,032607,"Loncke,Filip",001,10352,College & Graduate Arts & Sci,3.87,29,1,19,8,0,0,1,0,0,0,0
2024 Spring,COMM,3050,Managerial Decision Making,006457,"Johnson,Reeves",008,14486,McIntire School of Commerce,3.50,42,0,7,17,11,4,2,1,0,0,0
2024 Spring,PLAP,3500,Spec Tops: American Politics,039393,"Stam,Allan",003,20436,College & Graduate Arts & Sci,3.80,14,2,5,6,0,1,0,0,0,0,0
2024 Spring,COMM,3720,Intermediate Corporate Finance,006484,"Chen,Zhaohui",001,14495,McIntire School of Commerce,3.36,41,0,6,10,6,19,0,0,0,0,0
2024 Spring,ANTH,2285,Development & Humanitarianism,043961,"Fontanilla,Julia Alejandra Morales",001,12836,College & Graduate Arts & Sci,3.89,27,0,17,10,0,0,0,0,0,0,0
2024 Spring,ARAB,1020,Elementary Arabic II,001280,"Mohamed,Suad",002,10013,College & Graduate Arts & Sci,3.65,14,3,2,5,2,2,0,0,0,0,0
2024 Spring,SOC,2680,Introduction to Demography,046154,"Sullivan,Teresa",001,12654,College & Graduate Arts & Sci,3.89,32,11,19,1,0,0,0,0,0,0,1
2024 Spring,CHEM,1421,Intro College Chemistry II Lab,005994,"Morkowchuk,Lisa",008,10607,College & Graduate Arts & Sci,3.19,20,5,3,6,2,0,0,0,0,1,3
2024 Spring,COMM,2700,Basic Finance for Real Estate,046582,"Chapman,David",001,14570,McIntire School of Commerce,3.57,16,0,9,2,0,2,2,1,0,0,0
2024 Spring,PHYS,1425,Intro Physics 1 for Engineers,031032,"Norum,Blaine",001,10284,College & Graduate Arts & Sci,2.94,52,5,3,10,5,6,9,3,7,2,2
2024 Spring,MUSI,3400,Ecoacoustics,042047,"Burtner,Matthew",001,19304,College & Graduate Arts & Sci,4.00,19,2,17,0,0,0,0,0,0,0,0
2024 Spring,EDIS,2010,Teaching as a Profession,009383,"Plaskon,Stephen",600,14666,School of Education and HumanDev,3.90,40,0,38,0,0,0,1,0,0,0,1
2024 Spring,PLPT,4070,Liberalism and Its Critics,031934,"Klosko,George",001,12218,College & Graduate Arts & Sci,3.55,12,0,6,0,2,4,0,0,0,0,0
2024 Spring,EGMT,1530,Engaging Differences,044514,"Adams,Josephine",212,13382,College & Graduate Arts & Sci,3.95,35,3,28,3,0,1,0,0,0,0,0
2024 Spring,EDIS,8855,Critical Race Theory in Educ,043212,"Edwards,Michelle",500,15018,School of Education and HumanDev,3.76,10,1,6,0,2,1,0,0,0,0,0
2024 Spring,EDLF,2050,What the Innovators Do,043697,"Kim,Chi",001,14963,School of Education and HumanDev,3.91,118,73,29,9,3,1,2,0,1,0,0
2024 Spring,SPAN,3030,Cultural Conversations,035895,"Wellbeloved,Elizabeth A.",501,19094,College & Graduate Arts & Sci,3.81,12,3,6,2,0,0,0,1,0,0,0
2024 Spring,EGMT,1530,Engaging Differences,044514,"Skwiat,Matthew",204,13376,College & Graduate Arts & Sci,3.97,35,0,33,1,1,0,0,0,0,0,0
2024 Spring,PSYC,2600,Intro to Social Psychology,032521,"MacCormack,Jennifer",002,11412,College & Graduate Arts & Sci,3.89,336,46,206,62,15,6,0,1,0,0,0
2024 Spring,DRAM,3410,Acting II,007263,"Kubik,Marianne",001,12307,College & Graduate Arts & Sci,3.78,12,0,3,9,0,0,0,0,0,0,0
2024 Spring,EGMT,1520,Empirical Engagement,044513,"Phillips,Amanda",206,13367,College & Graduate Arts & Sci,3.93,33,0,27,5,1,0,0,0,0,0,0
2024 Spring,COMM,3050,Managerial Decision Making,006457,"Ballinger,Gary",002,14480,McIntire School of Commerce,3.53,45,1,11,15,10,5,1,2,0,0,0
2024 Spring,SPAN,2020,Advanced Intermediate Spanish,035854,"Rodriguez,Maria Esparza",024,14152,College & Graduate Arts & Sci,3.72,17,0,7,8,1,0,0,1,0,0,0
2024 Spring,EDIS,3020,The Exceptional Learner,009391,"Scott,LaRon",502,15205,School of Education and HumanDev,3.93,29,14,13,0,0,2,0,0,0,0,0
2024 Spring,STAT,1100,Chance: Intro to Statistics,036650,"Femia,Isabella",002,11499,College & Graduate Arts & Sci,3.43,40,1,14,12,2,5,1,1,2,0,2
2024 Spring,LPPP,4991,Capstone Seminar,042163,"Martin,Paul",003,16956,Batten Leadership & Public Pol,3.48,13,0,2,4,5,2,0,0,0,0,0
2024 Spring,APMA,2130,Ordinary Differentl Equations,001145,"Spencer,Julie",003,15356,Engineering & Applied Science,3.39,41,5,8,11,6,4,3,1,2,0,1
2024 Spring,EDIS,7890,Ed Entrepreneurship Practicum,045348,"Wheelock,Matthew",500,15146,School of Education and HumanDev,3.81,10,0,7,2,0,0,1,0,0,0,0
2024 Spring,ITAL,2030,Int Italian II (Professionals),044896,"Mattioli,Stella",001,11755,College & Graduate Arts & Sci,3.86,19,0,16,2,0,0,0,0,1,0,0
2024 Spring,PSPS,6030,Dev & Imp Systems of Emer Prep,046292,"Triplett,Ariel",502,19994,Continuing & Prof Studies,3.90,29,0,22,5,2,0,0,0,0,0,0
2024 Spring,EDIS,8060,Advanced Instruction Seminar,045989,"Lovette,Gail",500,20072,School of Education and HumanDev,3.95,13,4,7,2,0,0,0,0,0,0,0
2024 Spring,ACCT,3020,Intro Acct II,045931,"Lee,Dana",701,20024,Continuing & Prof Studies,3.73,18,0,11,4,0,1,2,0,0,0,0
2024 Spring,ECE,6502,Spec Top:Elect & Computer Engr,007732,"Skadron,Kevin",005,16777,Engineering & Applied Science,4.00,5,2,3,0,0,0,0,0,0,0,0
2024 Spring,CE,4990,CE Research & Design,042102,"Klotz,Leidy",001,16670,Engineering & Applied Science,3.94,37,9,22,5,1,0,0,0,0,0,0
2024 Spring,CGBM,2110,Accounting for Business,047001,"Martin,Roger D",001,20242,McIntire School of Commerce,3.45,21,0,6,5,3,6,0,0,1,0,0
2024 Spring,EDHS,2230,Drug Awareness,044847,"Pleszkoch,Elisabeth",001,14856,School of Education and HumanDev,3.87,77,1,63,6,3,0,3,0,1,0,0
2024 Spring,LAW,7789,Fed Practice & Procedure (SC),045223,"Nathan,Alison Julie",1,19411,School of Law,3.59,14,0,0,10,4,0,0,0,0,0,0
2024 Spring,COMM,4722,CorpRestruct & DistressInvstg,046861,"Smith,David",001,14591,McIntire School of Commerce,3.78,36,0,22,9,2,0,3,0,0,0,0
2024 Spring,PSPA,5030,Public Budgeting and Fin. Mgmt,040510,"Beckett,Corey",701,20083,Continuing & Prof Studies,3.80,10,8,0,0,0,2,0,0,0,0,0
2024 Spring,SYS,4050,Risk Analysis,045929,"Lambert,James",001,16464,Engineering & Applied Science,3.65,48,3,19,14,6,2,2,1,0,1,0
2024 Spring,SPAN,2010,Intermediate Spanish,035853,"Badang,Germain",001,11669,College & Graduate Arts & Sci,3.32,17,0,3,7,4,0,2,0,0,0,1
2024 Spring,WGS,3125,Transnational Feminism,040835,"King,Tiffany",001,12571,College & Graduate Arts & Sci,3.94,29,13,12,3,1,0,0,0,0,0,0
2024 Spring,LPPS,6820,Identity Politics,046876,"Higginbotham,Gerald",001,17016,Batten Leadership & Public Pol,3.68,10,0,2,6,2,0,0,0,0,0,0
2024 Spring,APMA,2120,Multivariable Calculus,001144,"Ryals,Megan",004,15353,Engineering & Applied Science,3.21,19,0,3,4,4,3,1,4,0,0,0
2024 Spring,ISBU,3410,Commercial Law,020280,"Pao,Roger",101,20119,Continuing & Prof Studies,3.88,20,0,13,6,1,0,0,0,0,0,0
2024 Spring,LAW,9024,Legal Storytelling,040038,"Kim,Annie",1,20186,School of Law,3.52,11,0,0,6,5,0,0,0,0,0,0
2024 Spring,COMM,3230,Managing Innovation,045750,"Martin,Eric",001,14555,McIntire School of Commerce,3.49,37,0,8,13,7,6,3,0,0,0,0
2024 Spring,CHEM,1421,Intro College Chemistry II Lab,005994,"Morkowchuk,Lisa",025,11634,College & Graduate Arts & Sci,3.62,22,11,0,6,0,0,5,0,0,0,0
2024 Spring,MATH,3000,Transition to Higher Math,023049,"Quigley,James Dizon",100,11642,College & Graduate Arts & Sci,3.08,20,3,2,3,1,6,1,0,2,1,1
2024 Spring,ITAL,2020,Intermediate Italian II,020568,"Calamita,Francesca",001,11290,College & Graduate Arts & Sci,3.96,15,2,11,2,0,0,0,0,0,0,0
2024 Spring,PSYC,2600,Intro to Social Psychology,032521,"Mazurek,Christopher",001,10349,College & Graduate Arts & Sci,3.29,345,1,65,101,61,55,18,18,12,6,8
2024 Spring,EDHS,8750,Psych Intervention & Consult,009307,"Smith,Lora",001,15306,School of Education and HumanDev,3.88,5,2,1,2,0,0,0,0,0,0,0
2024 Spring,EDHS,4030,Speech and Hearing Science,044036,"Loncke,Filip",001,14802,School of Education and HumanDev,3.79,109,37,41,17,4,5,3,0,1,0,1
2024 Spring,EDLF,3180,Lifespan Development,044394,"Sweeney,Beverly",001,14826,School of Education and HumanDev,3.97,39,4,32,2,1,0,0,0,0,0,0
2024 Spring,AIRS,4200,Natl Sec Affairs/Prep Act Duty,000297,"Bell,Jason",001,17337,Executive VP & Provost,3.89,11,3,4,4,0,0,0,0,0,0,0
2024 Spring,ENWR,2510,Advanced Writing Seminar,013441,"Goad,Rhiannon",006,13871,College & Graduate Arts & Sci,3.86,16,5,8,2,0,0,0,1,0,0,0
2024 Spring,SOC,3130,Intro to Social Statistics,035381,"Wilcox,William",100,10391,College & Graduate Arts & Sci,3.65,53,14,12,16,5,0,2,2,1,1,0
2024 Spring,EDIS,2010,Teaching as a Profession,009383,"Chabalengula,Vivien",500,14618,School of Education and HumanDev,3.69,39,0,30,3,1,1,2,0,0,0,2
2024 Spring,WGS,3500,Research and Methods in WGS,041823,"Meyer,Doug",002,13762,College & Graduate Arts & Sci,3.54,13,0,3,4,5,0,1,0,0,0,0
2024 Spring,APMA,2130,Ordinary Differentl Equations,001145,"Wellbeloved,Elizabeth A.",501,19064,Engineering & Applied Science,3.40,12,0,1,6,2,2,0,0,1,0,0
2024 Spring,LPPP,5500,Short Course Topics,042124,"Johannessen,Peter",005,20281,Batten Leadership & Public Pol,3.75,13,1,6,3,2,1,0,0,0,0,0
2024 Spring,ECON,8010,Microeconomic Theory III,008046,"Engers,Maxim",100,11254,College & Graduate Arts & Sci,3.27,19,0,2,5,2,7,3,0,0,0,0
2024 Spring,SOC,3490,Cities and Cultures,037662,"Makarova,Ekaterina",001,19011,College & Graduate Arts & Sci,3.55,32,0,14,8,4,3,0,0,2,1,0
2024 Spring,ARCH,3020,Foundation Studio V,001518,"Bachman,JT",001,14270,School of Architecture,3.44,10,0,2,3,2,2,1,0,0,0,0
2024 Spring,ENTP,1010,Intro to Entrepreneurship,043881,"Ransler,Charles",001,14522,McIntire School of Commerce,3.76,41,0,19,15,6,0,1,0,0,0,0
2024 Spring,MATH,1210,A survey of Calculus I,022944,"Kurtz,Brianna A.",600,12746,College & Graduate Arts & Sci,3.25,37,0,14,4,5,6,4,1,1,0,2
2024 Spring,FREN,2020,Intermediate French II,014316,"Geer,Rachel Carrie",009,21096,College & Graduate Arts & Sci,3.94,14,0,11,3,0,0,0,0,0,0,0
2024 Spring,AAS,4570,Adv Research Sem in AAS,000120,"Smith,Alexandria",001,13409,College & Graduate Arts & Sci,3.11,14,3,4,1,1,1,0,1,1,0,2
2024 Spring,CHEM,1421,Intro College Chemistry II Lab,005994,"Morkowchuk,Lisa",007,11182,College & Graduate Arts & Sci,3.91,21,11,5,4,1,0,0,0,0,0,0
2024 Spring,EDIS,2920,Debunking Classroom Myths,043990,"Maeng,Jennifer",002,15291,School of Education and HumanDev,3.96,30,2,24,4,0,0,0,0,0,0,0
2024 Spring,SOC,4100,Black Community Life,035447,"Foster,B.",001,19023,College & Graduate Arts & Sci,3.42,20,11,3,0,0,1,2,1,0,1,1
2024 Spring,EDIS,5409,Children's Lit - LMS,043575,"Gray,Julie",500,15131,School of Education and HumanDev,3.95,13,6,5,2,0,0,0,0,0,0,0
2024 Spring,EDLF,4606,Schools and Society,042149,"Shaffer,Sharon",001,15021,School of Education and HumanDev,3.94,14,3,8,3,0,0,0,0,0,0,0
2024 Spring,ANTH,3020,Using Anthropology,042701,"Farmer,Tessa",001,13421,College & Graduate Arts & Sci,3.86,42,1,30,6,3,2,0,0,0,0,0
2024 Spring,ISLS,3780,The Criminal Justice System,040610,"Rasmussen,Alan",101,20137,Continuing & Prof Studies,3.87,24,13,5,4,1,0,1,0,0,0,0
2024 Spring,CS,3240,Advanced Software Development,006903,"Elbaum,Sebastian",002,16125,Engineering & Applied Science,3.89,160,2,119,29,3,5,2,0,0,0,0
2024 Spring,JAPN,3020,Third-Year Japanese II,020747,"Kawai,Mieko",002,11857,College & Graduate Arts & Sci,3.52,12,0,3,5,1,1,2,0,0,0,0
2024 Spring,LAW,9287,Law and Economics Workshop,044727,"Fischman,Joshua",1,17888,School of Law,3.55,15,0,2,6,7,0,0,0,0,0,0
2024 Spring,PSPS,6050,Stewardship PA & Managing HC,046295,"Odom,Oscar",502,20000,Continuing & Prof Studies,3.95,36,0,32,3,0,1,0,0,0,0,0
2024 Spring,MDST,3508,Adv Topics in Media Practice,046136,"Clay,Anna",001,19192,College & Graduate Arts & Sci,3.91,10,0,7,3,0,0,0,0,0,0,0
2024 Spring,ENWR,1506,Writing & Critical Inquiry S2,013429,"Sullivan,Patricia",004,10112,College & Graduate Arts & Sci,3.63,11,0,6,0,4,0,1,0,0,0,0
2024 Spring,ANTH,3590,Social & Cultural Anthropology,041002,"Fraser,Gertrude",003,19189,College & Graduate Arts & Sci,3.27,19,0,3,7,3,4,0,1,0,0,1
2024 Spring,CHTR,3010,Traditional Chinese Lit,006137,"Kinney,Anne",001,18936,College & Graduate Arts & Sci,3.80,20,2,8,8,1,1,0,0,0,0,0
2024 Spring,PSPS,6000,Transform Ldrshp in Chng Times,046466,"Farr,Murray",502,19988,Continuing & Prof Studies,3.84,20,0,12,6,2,0,0,0,0,0,0
2024 Spring,LAW,7612,Genetics: Exerc Rule-Mkg (SC),021696,"Siegal,Gil",1,18069,School of Law,3.41,7,0,3,0,2,1,0,1,0,0,0
2024 Spring,PHYS,3040,Physics of the Human Body,030852,"Yoon,Jongsoo",001,10317,College & Graduate Arts & Sci,3.62,27,6,6,6,4,3,2,0,0,0,0
2024 Spring,GCOM,7360,Analytics and Fraud,042487,"Negangard,Eric",002,14528,McIntire School of Commerce,3.42,17,0,3,2,9,3,0,0,0,0,0
2024 Spring,FREN,8510,Seminar in Medieval Literature,014498,"McGrady,Deborah",001,19210,College & Graduate Arts & Sci,3.88,5,0,3,2,0,0,0,0,0,0,0
2024 Spring,SYS,6007,Human Factors I,044552,"Bolton,Matthew",001,16461,Engineering & Applied Science,3.98,35,1,33,0,1,0,0,0,0,0,0
2024 Spring,EDIS,7730,Read Assess & Data-Bsd Dec Mk,009525,"Hayes,Latisha",500,15294,School of Education and HumanDev,3.77,23,0,14,4,3,2,0,0,0,0,0
2024 Spring,APMA,3100,Probability,001152,"Dizaji,Farzad Shafiei",001,15362,Engineering & Applied Science,3.13,27,0,8,4,5,2,3,0,2,1,2
2024 Spring,SPAN,2020,Advanced Intermediate Spanish,035854,"Florez-Murillo,David",010,13210,College & Graduate Arts & Sci,3.35,17,1,6,6,0,1,0,0,0,1,2
2024 Spring,MDST,2810,Cinema As An Art Form,023498,"Marshall,Matthew",001,18969,College & Graduate Arts & Sci,3.92,158,5,141,1,3,5,1,0,2,0,0
2024 Spring,ENWR,1510,Writing and Critical Inquiry,013432,"Eze,Tochi",070,13352,College & Graduate Arts & Sci,3.77,17,0,12,2,0,2,1,0,0,0,0
2024 Spring,RELG,2266,"Religion, Media, and Democracy",046841,"Flores,Nichole",001,13835,College & Graduate Arts & Sci,3.45,20,1,9,6,0,0,0,0,2,1,1
2024 Spring,DS,5110,Big Data Systems,046303,"Cheng,Yue",002,19943,School of Data Science,3.92,66,20,42,1,0,1,1,0,0,0,1
2024 Spring,PLCP,3610,Chinese Politics,031696,"ZHU,Hongshen",001,19922,College & Graduate Arts & Sci,3.75,30,0,13,14,0,2,1,0,0,0,0
2024 Spring,LPPP,6350,Politics of Public Policy,045109,"Holbein,John",002,17010,Batten Leadership & Public Pol,3.59,43,0,12,17,7,5,2,0,0,0,0
2024 Spring,KINE,4600,Athletic Injuries,009160,"Saliba,Susan",001,14729,School of Education and HumanDev,3.91,32,12,12,7,1,0,0,0,0,0,0
2024 Spring,ECE,3251,Electromag Energy Convers Lab,041834,"Barnes,Adam",001,15702,Engineering & Applied Science,3.94,12,1,10,0,1,0,0,0,0,0,0
2024 Spring,PSED,1091,PCT: Entrepreneurship II,046847,"Fairchild,Tierney",D550,21306,Continuing & Prof Studies,3.81,10,3,2,4,1,0,0,0,0,0,0
2024 Spring,ASTR,5430,Stellar Astrophysics,003109,"Modjaz,Maryam",001,18715,College & Graduate Arts & Sci,3.95,12,8,2,2,0,0,0,0,0,0,0
2024 Spring,PLIR,4431,Democracy and Foreign Policy,042174,"Furia,Peter",001,12557,College & Graduate Arts & Sci,3.91,15,2,10,2,1,0,0,0,0,0,0
2024 Spring,STS,4600,Engr Ethcs Prof Responsibility,036750,"Forelle,MC",007,16013,Engineering & Applied Science,3.81,28,2,19,3,2,0,1,1,0,0,0
2024 Spring,KINE,5440,Exercise Physiology Laboratory,009220,"Weltman,Arthur",001,14737,School of Education and HumanDev,3.82,12,1,7,3,0,0,1,0,0,0,0
2024 Spring,GBAC,7216,Managing Big Data,045287,"Li,Jingjing",001,20486,McIntire Darden Grad Business,3.59,64,0,9,34,17,3,1,0,0,0,0
2024 Spring,PLAP,3500,Spec Tops: American Politics,039393,"Cary,Mary Kate",002,20392,College & Graduate Arts & Sci,3.94,30,0,24,6,0,0,0,0,0,0,0
2024 Spring,STS,4600,Engr Ethcs Prof Responsibility,036750,"Francisco,Pedro",018,15822,Engineering & Applied Science,3.87,33,25,3,2,0,1,2,0,0,0,0
2024 Spring,EGMT,1540,Ethical Engagement,044515,"Rose,Kevin",122,19599,College & Graduate Arts & Sci,3.82,36,1,28,2,2,0,2,1,0,0,0
2024 Spring,EDLF,8387,Practical Evaluation,044855,"Webber,Krysti",501,19937,School of Education and HumanDev,3.80,13,0,8,3,1,1,0,0,0,0,0
2024 Spring,PHYS,3420,Electricity and Magnetism I,030865,"Paschke,Kent",001,10319,College & Graduate Arts & Sci,3.00,54,6,5,8,7,13,4,1,1,5,4
2024 Spring,ETP,4010,Environmental Decisions,013700,"Kuhn,Mary",001,12797,College & Graduate Arts & Sci,3.85,33,0,29,2,0,0,1,0,0,0,1
2024 Spring,ENWR,1510,Writing and Critical Inquiry,013432,"Nabi,Jason",053,11845,College & Graduate Arts & Sci,3.93,18,1,16,0,0,0,1,0,0,0,0
2024 Spring,CHEM,4440,Biochemistry for Pre-Health,046085,"Samonina,Jelena",100,12545,College & Graduate Arts & Sci,3.40,59,10,11,13,7,7,5,1,2,2,1
2024 Spring,CJ,5610,Constitutional Law & Policing,039972,"Pettry,Michael T",A1,21360,Continuing & Prof Studies,4.00,16,14,2,0,0,0,0,0,0,0,0
2024 Spring,PSPS,6010,Constitutional Framework of PS,046293,"Cantil-Sakauye,Tani",502,19991,Continuing & Prof Studies,3.98,37,3,32,2,0,0,0,0,0,0,0
2024 Spring,CJ,5290,Emotional Intelligence,041302,"Coleman,Marian Elizabeth",B1,21656,Continuing & Prof Studies,4.00,31,22,9,0,0,0,0,0,0,0,0
2024 Spring,EDHS,4040,Anat & Phys of Speech & Hear,044389,"Dubay,Michaela",001,14823,School of Education and HumanDev,3.68,33,0,18,6,2,6,1,0,0,0,0
2024 Spring,DS,6700,"Val I: Data Ethics, Pol & Gov",046832,"Reia,Jess",001,17316,School of Data Science,3.45,13,3,3,2,0,0,5,0,0,0,0
2024 Spring,EDHS,7220,Intro to Career Interventions,009205,"Flora,Amanda",001,14606,School of Education and HumanDev,4.00,21,6,15,0,0,0,0,0,0,0,0
2024 Spring,PLAP,4500,Special Topics,031588,"Savage,James",004,13192,College & Graduate Arts & Sci,3.65,13,0,3,6,4,0,0,0,0,0,0
2024 Spring,MDST,3751,"Value, Values, Valuation",045454,"Swartz,Lana",001,18942,College & Graduate Arts & Sci,3.72,30,0,4,25,0,1,0,0,0,0,0
2024 Spring,COMM,5559,New Course in Commerce,045299,"Johnson,Steven",001,20260,McIntire School of Commerce,3.88,10,0,6,4,0,0,0,0,0,0,0
2024 Spring,EDHS,2250,Stress and Anxiety Management,044538,"Knape,Erin",500,15288,School of Education and HumanDev,3.81,30,15,9,1,2,0,3,0,0,0,0
2024 Spring,FREN,8584,Seminar in Cinema,039249,"Blatt,Ari",001,13427,College & Graduate Arts & Sci,3.88,5,1,2,2,0,0,0,0,0,0,0
2024 Spring,EDHS,8742,Social-Affective Development,046188,"Gest,Scott",001,15048,School of Education and HumanDev,3.80,6,0,2,4,0,0,0,0,0,0,0
2024 Spring,GCOM,7160,Brand Management & Strategy,043912,"Memmi,Sarah",001,20089,McIntire School of Commerce,3.47,32,0,4,11,12,4,1,0,0,0,0
2024 Spring,ARTH,4591,Seminar in the History of Art,002569,"Kreindler,Kate",001,13108,College & Graduate Arts & Sci,3.77,12,0,4,7,1,0,0,0,0,0,0
2024 Spring,ECON,3010,Intermediate Microeconomics,007908,"Santugini,Marc",301,13114,College & Graduate Arts & Sci,2.99,84,13,17,9,4,10,11,4,5,0,11
2024 Spring,PHYS,5640,Computational Physics II,030898,"Hirosky,Robert",001,10322,College & Graduate Arts & Sci,3.83,10,0,8,0,1,1,0,0,0,0,0
2024 Spring,SOC,4054,Political Sociology,035488,"Wang,Yingyao",001,19014,College & Graduate Arts & Sci,3.82,19,0,10,7,2,0,0,0,0,0,0
2024 Spring,PLAN,5500,Special Topics in Planning,031328,"ROWE,FRED",003,19328,School of Architecture,3.56,9,3,2,0,0,4,0,0,0,0,0
2024 Spring,APMA,3080,Linear Algebra,001151,"Mahmood,Asif",005,16437,Engineering & Applied Science,2.07,27,0,0,5,0,5,2,2,4,2,7
2024 Spring,ENWR,1510,Writing and Critical Inquiry,013432,"Rawson,Eric",017,10501,College & Graduate Arts & Sci,3.62,18,0,4,10,3,0,0,1,0,0,0
2024 Spring,ACCT,5140,Cost Accounting,045934,"Henrichs,Derek",701,20030,Continuing & Prof Studies,3.55,21,3,5,7,0,4,1,0,1,0,0
2024 Spring,ACCT,5410,Fraud Examination,040496,"Hood,Michael",701,20033,Continuing & Prof Studies,3.78,12,0,6,4,2,0,0,0,0,0,0
2024 Spring,EGMT,1520,Empirical Engagement,044513,"Niblo,Jessica",203,13364,College & Graduate Arts & Sci,4.00,34,5,29,0,0,0,0,0,0,0,0
2024 Spring,ARCH,2020,Foundation Studio III,001494,"Knight,Thomas Ryan",002,14267,School of Architecture,3.28,12,0,3,1,2,4,1,1,0,0,0
2024 Spring,RELI,2024,Jewish-Muslim Relations,044433,"Andruss,Jessica",001,11651,College & Graduate Arts & Sci,3.68,13,0,6,4,1,1,1,0,0,0,0
2024 Spring,LPPP,3230,"Pub Policy Challenges, 21st C",042167,"Volden,Craig",100,16910,Batten Leadership & Public Pol,3.52,176,0,43,72,30,17,6,3,3,1,1
2024 Spring,JAPN,4710,Intro to Literary Japanese,020752,"Heldt,Gustav",001,18912,College & Graduate Arts & Sci,3.74,12,0,4,7,0,1,0,0,0,0,0
2024 Spring,FREN,4031,Writing With Style,014402,"Ferguson,Gary",001,19207,College & Graduate Arts & Sci,3.79,15,1,6,6,2,0,0,0,0,0,0
2024 Spring,LAR,7020,Foundation IV,043836,"Cantrell,Bradley",001,14303,School of Architecture,3.37,22,0,0,12,9,0,0,0,0,0,1
2024 Spring,MATH,3100,Introduction to Probability,023058,"Campbell,Jacob",001,11134,College & Graduate Arts & Sci,3.16,38,8,4,10,3,2,2,3,2,0,4
2024 Spring,MDST,4510,Capstone Topics,045773,"Morimoto,Lori",002,13418,College & Graduate Arts & Sci,3.65,13,7,3,2,0,0,0,0,0,0,1
2024 Spring,ASL,1020,Elem Amer Sign Language II,003000,"Eshgi,Maher",004,11833,College & Graduate Arts & Sci,3.22,11,0,2,3,1,3,0,0,2,0,0
2024 Spring,PHS,4991,GPH Capstone,044464,"Valdez,Rupa",004,12779,College & Graduate Arts & Sci,3.86,16,3,9,3,0,0,1,0,0,0,0
2024 Spring,PHYS,1429,Intro Physics 1 Workshop,031036,"Bychkov,Maksim",018,10302,College & Graduate Arts & Sci,3.69,20,1,14,0,3,0,0,0,2,0,0
2024 Spring,ENWR,1510,Writing and Critical Inquiry,013432,"Tolbert,Makshya",039,11654,College & Graduate Arts & Sci,3.91,18,0,15,2,0,1,0,0,0,0,0
2024 Spring,BIOL,3240,Introduction to Immunology,003549,"Kittlesen,David",001,10046,College & Graduate Arts & Sci,2.98,148,12,25,26,15,11,13,15,7,12,12
2024 Spring,CHEM,1420,Intro College Chemistry II,005650,"Morkowchuk,Lisa",100,10052,College & Graduate Arts & Sci,3.23,250,0,36,65,51,50,21,10,8,4,5
2024 Spring,PHYS,2020,Principles of Physics 2,030810,"Bychkov,Maxim Aleksandrovich",500,11167,College & Graduate Arts & Sci,3.82,25,6,11,4,2,2,0,0,0,0,0
2024 Spring,FREN,1010,Elementary French I,014273,"Rey,Cecile",001,11185,College & Graduate Arts & Sci,3.39,18,0,7,2,2,4,1,1,1,0,0
2024 Spring,PHS,7001,Intro to Biostatistics II,030392,"Chernyavskiy,Pavel",001,18418,Medical School - BIMS/PHS,3.80,23,0,15,3,4,1,0,0,0,0,0
2024 Spring,PLAP,2250,American Political Tradition,031555,"Pontuso,James",002,13189,College & Graduate Arts & Sci,3.66,17,0,9,5,0,2,0,0,0,1,0
2024 Spring,PHYS,1429,Intro Physics 1 Workshop,031036,"Bychkov,Maksim",015,10299,College & Graduate Arts & Sci,3.90,26,0,20,5,0,1,0,0,0,0,0
2024 Spring,ENWR,1510,Writing and Critical Inquiry,013432,"Stephenson,Kate",036,11539,College & Graduate Arts & Sci,3.96,18,8,9,0,1,0,0,0,0,0,0
2024 Spring,PHYS,1429,Intro Physics 1 Workshop,031036,"Bychkov,Maksim",007,10293,College & Graduate Arts & Sci,3.94,26,6,16,3,1,0,0,0,0,0,0
2024 Spring,EDIS,5000,The Exceptional Learner,009423,"Wilson,Sarah Emily",501,15163,School of Education and HumanDev,3.39,18,0,12,2,1,0,0,1,0,0,2
2024 Spring,CS,6501,Spec Top: Computer Science,006981,"Fioretto,Ferdinando",007,19399,Engineering & Applied Science,3.87,30,6,12,11,1,0,0,0,0,0,0
2024 Spring,LPPS,4260,Politics of Development,046571,"Johannessen,Peter",001,16986,Batten Leadership & Public Pol,3.48,18,3,5,4,4,0,1,0,0,0,1
2024 Spring,PHYS,3340,Mathematics for Physics,046535,"Vucelja,Marija",001,13788,College & Graduate Arts & Sci,3.48,46,6,9,7,10,11,3,0,0,0,0
2024 Spring,EDIS,7720,Understanding the Code,009524,"Rawlins,Amanda",500,15143,School of Education and HumanDev,3.74,11,0,7,2,0,1,1,0,0,0,0
2024 Spring,MAE,4620,ME Design II,037541,"Sun,Sarah",001,15463,Engineering & Applied Science,4.00,14,9,5,0,0,0,0,0,0,0,0
2024 Spring,EDIS,5470,ESL Assess & Curriculum Design,009460,"Salerno,April Simun",501,15184,School of Education and HumanDev,3.72,19,0,17,0,0,0,1,0,0,0,1
2024 Spring,CS,1111,Introduction to Programming,007055,"Apostolellis,Panagiotis",001,15380,Engineering & Applied Science,3.30,77,0,22,18,12,7,5,7,3,1,2
2024 Spring,ISLS,3000,Transformations: Liberal Arts,044252,"Horton,David Seth",101,20134,Continuing & Prof Studies,3.11,17,1,6,4,0,1,1,1,1,0,2
2024 Spring,LAW,7798,Business of Banking & Reg (SC),045590,"Trost,Adam",1,18024,School of Law,3.55,12,0,2,4,6,0,0,0,0,0,0
2024 Spring,SPAN,2010,Intermediate Spanish,035853,"Mirabal,Elizabeth",009,11014,College & Graduate Arts & Sci,3.88,18,1,11,5,1,0,0,0,0,0,0
2024 Spring,EDHS,8030,Neurogenic Comm Disorders,009251,"Robey,Randall",001,14609,School of Education and HumanDev,3.97,23,7,14,2,0,0,0,0,0,0,0
2024 Spring,DRAM,2620,Sound Design,007233,"Rasbury,Michael",001,10088,College & Graduate Arts & Sci,3.98,13,2,10,1,0,0,0,0,0,0,0
2024 Spring,LAW,7185,Business Planning,045968,"Franks,Harry",1,17882,School of Law,3.48,9,0,2,2,4,0,1,0,0,0,0
2024 Spring,GCOM,7292,Entpshp Tech Commercialization,046796,"Martin,Eric",001,20098,McIntire School of Commerce,3.67,27,0,13,5,5,4,0,0,0,0,0
2024 Spring,GNUR,5260,Care Environment Management I,016898,"Ridge,Richard",001,17063,School of Nursing,4.00,38,4,34,0,0,0,0,0,0,0,0
2024 Spring,PLCP,4652,"Markets, Equity & Development",040886,"Echeverri-Gent,John",001,13159,College & Graduate Arts & Sci,3.33,13,0,1,4,6,1,0,0,0,1,0
2024 Spring,GCOM,7214,Managerial View of AI,046782,"Johnson,Steven",001,20092,McIntire School of Commerce,3.48,51,1,8,13,22,7,0,0,0,0,0
2024 Spring,ENGR,1020,Engineering Foundations 2,046986,"Williams,Shaylin",011,19135,Engineering & Applied Science,3.87,48,0,37,5,5,1,0,0,0,0,0
2024 Spring,APMA,2120,Multivariable Calculus,001144,"Hellings,Christian",006,16010,Engineering & Applied Science,3.03,39,3,3,11,6,3,4,3,2,1,3
2024 Spring,SPAN,2020,Advanced Intermediate Spanish,035854,"Hogg,Jennifer",022,12518,College & Graduate Arts & Sci,3.71,18,0,6,10,0,1,1,0,0,0,0
2024 Spring,EDHS,7140,Autism and Related Disorders,041988,"Hilton,Jane",001,14694,School of Education and HumanDev,3.86,25,0,13,12,0,0,0,0,0,0,0
2024 Spring,PHYS,2040,Princip of Physics 2 Workshop,030812,"Bychkov,Maksim",002,10308,College & Graduate Arts & Sci,3.75,26,0,13,8,4,0,1,0,0,0,0
2024 Spring,EGMT,1540,Ethical Engagement,044515,"Hilker,Eric",112,13391,College & Graduate Arts & Sci,3.97,36,0,34,1,1,0,0,0,0,0,0
2024 Spring,ARCH,7020,Foundation Studio IV,042373,"Crespo,Luis Pancorbo",001,14294,School of Architecture,3.79,13,4,4,2,3,0,0,0,0,0,0
2024 Spring,MAE,6430,Statistics Engrs & Scientists,022669,"Li,Meiqin",600,16759,Engineering & Applied Science,3.93,9,3,4,2,0,0,0,0,0,0,0
2024 Spring,STAT,1601,Intro Data Science with R,045055,"Roland,Kristen",003,12269,College & Graduate Arts & Sci,3.88,157,19,110,17,4,5,0,0,1,0,1
2024 Spring,CHEM,1421,Intro College Chemistry II Lab,005994,"Morkowchuk,Lisa",003,10604,College & Graduate Arts & Sci,3.57,23,15,1,3,0,0,2,0,0,1,1
2024 Spring,EDIS,2010,Teaching as a Profession,009383,"Chabalengula,Vivien",700,14717,School of Education and HumanDev,3.62,35,0,26,2,2,2,1,0,0,0,2
2024 Spring,ENWR,1510,Writing and Critical Inquiry,013432,"Jennings,Chandler",056,11848,College & Graduate Arts & Sci,3.85,18,0,9,9,0,0,0,0,0,0,0
2024 Spring,CHE,4417,Tissue Engineering,044491,"Caliari,Steven",001,15347,Engineering & Applied Science,3.82,11,0,8,1,1,1,0,0,0,0,0
2024 Spring,CHEM,2421,Organic Chemistry II Lab,006018,"Chruma,Jason",100,10058,College & Graduate Arts & Sci,3.47,119,3,43,27,16,17,3,2,5,0,3
2024 Spring,COMM,4230,Fintech: Info Tech in Finance,006501,"Grazioli,Stefano",001,14501,McIntire School of Commerce,3.76,34,0,21,5,4,4,0,0,0,0,0
2024 Spring,SPAN,2010,Intermediate Spanish,035853,"Young,Sara",003,10403,College & Graduate Arts & Sci,3.65,17,0,3,11,1,2,0,0,0,0,0
2024 Spring,LPPP,3559,New Course in PP & Lead,044183,"Sarasvathy,Saras",003,20584,Batten Leadership & Public Pol,3.64,11,3,3,1,2,1,1,0,0,0,0
2024 Spring,MATH,4110,Intro to Stochastic Processes,023119,"Do,Yen",001,11436,College & Graduate Arts & Sci,3.86,36,1,27,4,3,0,0,1,0,0,0
2024 Spring,ENWR,1510,Writing and Critical Inquiry,013432,"Sophronius,Jeddie",027,11368,College & Graduate Arts & Sci,3.96,18,6,11,0,1,0,0,0,0,0,0
2024 Spring,FREN,2010,Intermediate French I,014315,"Hall,Elizabeth B",002,10145,College & Graduate Arts & Sci,3.59,13,0,9,2,1,0,0,0,0,0,1
2024 Spring,PLCP,3130,Politics Econ of Development,031691,"Schwartz,Mark",100,13952,College & Graduate Arts & Sci,3.22,58,5,14,13,11,3,3,2,1,1,5
2024 Spring,CHEM,1421,Intro College Chemistry II Lab,005994,"Morkowchuk,Lisa",024,11173,College & Graduate Arts & Sci,3.83,24,13,7,2,1,0,0,0,0,0,1
2024 Spring,ENGL,5530,Seminar in 18th-Century Lit,047207,"Suarez,Michael",001,20617,College & Graduate Arts & Sci,3.24,7,0,4,1,0,1,0,0,0,0,1
2024 Spring,PHYS,1429,Intro Physics 1 Workshop,031036,"Bychkov,Maksim",010,10296,College & Graduate Arts & Sci,3.87,25,0,19,5,0,0,0,1,0,0,0
2024 Spring,PHYS,1429,Intro Physics 1 Workshop,031036,"Bychkov,Maksim",001,10287,College & Graduate Arts & Sci,2.84,23,1,6,4,2,0,2,2,2,0,4
2024 Spring,SPAN,2010,Intermediate Spanish,035853,"Jarque,Esperanza Gorriz",011,11065,College & Graduate Arts & Sci,3.42,14,0,2,7,2,1,1,0,0,1,0
2024 Spring,CJ,3660,Concepts in LE Wellness,039969,"Western,Gerald",B1,21644,Continuing & Prof Studies,3.98,17,8,8,1,0,0,0,0,0,0,0
2024 Spring,EGMT,1540,Ethical Engagement,044515,"Parham,Angel",104,11905,College & Graduate Arts & Sci,3.98,36,3,30,3,0,0,0,0,0,0,0
2024 Spring,STAT,3110,Foundations of Statistics,044444,"Celum,Connor",001,12266,College & Graduate Arts & Sci,3.35,39,3,9,9,8,3,2,1,2,1,1
2024 Spring,EGMT,1540,Ethical Engagement,044515,"Coleman,Creighton",203,11908,College & Graduate Arts & Sci,3.86,36,0,32,3,0,0,0,0,0,0,1
2024 Spring,FREN,3032,"Text, Image, Culture",014358,"Ogden,Amy",002,11397,College & Graduate Arts & Sci,3.66,14,0,8,1,2,3,0,0,0,0,0
2024 Spring,CS,6501,Spec Top: Computer Science,006981,"Heo,Seongkook",013,20544,Engineering & Applied Science,4.00,20,8,12,0,0,0,0,0,0,0,0
2024 Spring,SPAN,1060,Accelerated Elementary Spanish,035820,"Colon,Daniel",001,10400,College & Graduate Arts & Sci,3.28,11,0,4,3,1,0,1,1,0,0,1
2024 Spring,ARTS,2712,Intro Oil-Based Paint,002882,"Marlatt,Megan",001,10022,College & Graduate Arts & Sci,3.95,13,2,9,2,0,0,0,0,0,0,0
2024 Spring,ISSS,4450,Sociology of American Family,041048,"Wallace,Lillian",101,20143,Continuing & Prof Studies,3.63,26,12,8,2,0,1,0,0,2,0,1
2024 Spring,MUSI,3030,Studies in 19th-Century Music,024788,"Ozment,Elizabeth",001,12185,College & Graduate Arts & Sci,3.81,21,9,11,0,0,0,0,0,0,0,1
2024 Spring,CS,6501,Spec Top: Computer Science,006981,"Sun,Yixin",002,16434,Engineering & Applied Science,3.90,53,1,41,8,1,2,0,0,0,0,0
2024 Spring,KINE,3410,Exercise Physiology,009117,"Swift,Damon",001,20590,School of Education and HumanDev,3.67,14,2,6,2,1,2,1,0,0,0,0
2024 Spring,WGS,2125,Race& Pwr in Gender& Sexuality,046589,"Speidel,Lisa",100,13675,College & Graduate Arts & Sci,3.88,59,0,55,0,1,0,2,0,0,0,1
2024 Spring,LAW,6006,Property,021565,"Schragger,Richard",HI,18009,School of Law,3.40,60,0,4,18,25,13,0,0,0,0,0
2024 Spring,PLAC,6090,Planning Capstone,044530,"Moomaw,Suzanne",001,14314,School of Architecture,3.84,25,1,15,7,0,2,0,0,0,0,0
2024 Spring,SYS,3062,Discrete Event Simulation,036907,"Lark,James",001,15705,Engineering & Applied Science,3.65,81,4,43,12,8,8,2,1,2,0,1
2024 Spring,GCOM,7252,Consulting,046803,"Seaborn,Paul",001,20095,McIntire School of Commerce,3.50,9,0,0,6,1,2,0,0,0,0,0
2024 Spring,SYS,6021,Statistical Modeling I,036958,"Barnes,Laura",700,20881,Engineering & Applied Science,3.58,16,0,7,2,3,4,0,0,0,0,0
2024 Spring,PLAN,3060,"Law, Land and the Environment",031282,"O'Neill,Moira",001,14376,School of Architecture,3.67,63,8,28,10,7,6,1,2,1,0,0
2024 Spring,APMA,3140,App Partial Differentl Equatns,001155,"Fernando,Thiwanka",003,16685,Engineering & Applied Science,3.22,44,0,13,9,6,5,4,2,1,1,3
2024 Spring,CHE,6442,Applied Surface Chemistry,005517,"Green,David",600,19657,Engineering & Applied Science,3.77,7,0,4,2,0,1,0,0,0,0,0
2024 Spring,PHIL,2640,Rational Choice and Happiness,044474,"Barnes,Elizabeth",100,12128,College & Graduate Arts & Sci,3.56,113,1,44,34,18,10,1,1,0,1,3
2024 Spring,COMM,4660,Mgmt Consulting & Advisory Svc,006529,"Seaborn,Paul",001,14525,McIntire School of Commerce,3.50,29,0,5,13,5,5,0,0,1,0,0
2024 Spring,HIEU,2112,Britain since 1688,018399,"Linstrum,Erik",100,13265,College & Graduate Arts & Sci,3.49,50,1,6,18,20,4,0,0,0,1,0
2024 Spring,GBAC,7212,Databases & Data Mgmt,045282,"Maurer,Chris",001,20483,McIntire Darden Grad Business,3.32,64,2,21,1,23,6,3,0,7,0,1
2024 Spring,COMM,5510,Topics in Accounting,006553,"Martin,Roger D",001,20541,McIntire School of Commerce,3.85,24,0,13,10,1,0,0,0,0,0,0
2024 Spring,PHIL,3500,Seminar in Philosophy,040315,"Harris,Kimberly",001,13639,College & Graduate Arts & Sci,3.89,30,10,9,11,0,0,0,0,0,0,0
2024 Spring,ANTH,2820,Emergence of States and Cities,000700,"Wattenmaker,Patricia",100,12767,College & Graduate Arts & Sci,3.71,49,8,17,15,1,7,0,0,1,0,0
2024 Spring,CJ,4730,Forensic Sci for Admin & Mgrs,006238,"McGinnis Jr.,Charles Edward",A2,21388,Continuing & Prof Studies,3.96,14,3,9,2,0,0,0,0,0,0,0
2024 Spring,PHYS,5320,Fundamentals of Photonics,030891,"Schauss,Peter",001,20575,College & Graduate Arts & Sci,3.33,7,1,4,0,1,0,0,0,0,0,1
2024 Spring,ISHU,3170,Poetry and Memoir,020336,"Matthews,Charlotte",101,20128,Continuing & Prof Studies,3.91,25,11,10,2,1,1,0,0,0,0,0
2024 Spring,BIOC,8131,Colloquium,003291,"Smith,Jeffrey",001,18265,Medical School - BIMS/PHS,4.00,16,2,14,0,0,0,0,0,0,0,0
2024 Spring,PHYS,2040,Princip of Physics 2 Workshop,030812,"Bychkov,Maksim",016,20474,College & Graduate Arts & Sci,4.00,26,3,23,0,0,0,0,0,0,0,0
2024 Spring,MAE,2100,Thermodynamics,022573,"Dedic,Chloe",001,15398,Engineering & Applied Science,3.22,142,5,36,32,16,19,8,12,1,5,8
2024 Spring,EGMT,1540,Ethical Engagement,044515,"Toprak,Vasfiye",212,13397,College & Graduate Arts & Sci,3.95,35,1,30,3,1,0,0,0,0,0,0
2024 Spring,BIOL,3090,Infectious Disease,003534,"Guler,Jennifer",001,12628,College & Graduate Arts & Sci,3.83,94,27,44,13,5,2,0,1,1,0,1
2024 Spring,ANTH,2430,Languages of the World,000670,"Dobrin,Lise",100,13332,College & Graduate Arts & Sci,3.37,51,11,11,7,6,8,1,2,0,3,2
2024 Spring,HIAF,4501,Seminar in African History,018148,"Burrill,Emily",001,13246,College & Graduate Arts & Sci,3.42,12,0,6,4,0,0,0,1,0,0,1
2024 Spring,EDHS,3130,The Psychology of Trauma,046200,"Yoder,Matthew",001,15024,School of Education and HumanDev,3.68,58,0,29,14,5,9,0,0,1,0,0
2024 Spring,MATH,1210,A survey of Calculus I,022944,"Kurtz,Brianna A.",500,13465,College & Graduate Arts & Sci,3.41,35,0,21,2,2,2,2,2,1,2,1
2024 Spring,MATH,4840,Intro to Math Research,043089,"Morse,Jennifer",001,11439,College & Graduate Arts & Sci,3.67,11,0,8,2,0,0,0,0,0,0,1
2024 Spring,MAE,4700,Spacecraft Design II,042023,"Dong,Haibo",002,19414,Engineering & Applied Science,4.00,30,5,25,0,0,0,0,0,0,0,0
2024 Spring,APMA,2130,Ordinary Differentl Equations,001145,"Fernando,Thiwanka",006,15457,Engineering & Applied Science,3.34,19,3,2,5,2,3,2,0,2,0,0
2024 Spring,EDLF,7420,Quantitative Methods II,043817,"Konold,Timothy",001,14832,School of Education and HumanDev,3.98,24,0,22,2,0,0,0,0,0,0,0
2024 Spring,PHYS,1429,Intro Physics 1 Workshop,031036,"Bychkov,Maksim",020,10305,College & Graduate Arts & Sci,3.70,26,1,15,7,0,0,1,0,1,1,0
2024 Spring,EDLF,6020,Diversity in Higher Ed,009767,"Steinmetz,Christian",001,15225,School of Education and HumanDev,3.91,31,1,25,3,1,0,1,0,0,0,0
2024 Spring,PHYS,7210,Statistical Mechanics,030954,"Pesin,Dmytro",001,10325,College & Graduate Arts & Sci,3.07,23,0,4,2,3,5,5,3,1,0,0
2024 Spring,LPPP,5500,Short Course Topics,042124,"Felder,Adam",002,20216,Batten Leadership & Public Pol,3.83,25,0,19,2,1,3,0,0,0,0,0
2024 Spring,BME,3310,Biomed Sys Analysis & Design,004066,"Hossack,John",001,16034,Engineering & Applied Science,3.38,50,2,13,12,7,6,4,3,3,0,0
2024 Spring,GREE,1020,Elementary Greek,017176,"Petrovic,Andrej",100,10162,College & Graduate Arts & Sci,3.81,12,5,3,2,1,1,0,0,0,0,0
2024 Spring,ECON,4430,Environmental Economics,007977,"Sekhri,Sheetal",100,12592,College & Graduate Arts & Sci,3.60,47,1,14,16,9,5,2,0,0,0,0
2024 Spring,ENWR,1510,Writing and Critical Inquiry,013432,"Whitaker,Bambi",013,10498,College & Graduate Arts & Sci,3.47,15,0,5,3,3,3,0,0,1,0,0
2024 Spring,MATH,4250,Diff Eqns Dyn Sys,044173,"Do,Yen",001,11645,College & Graduate Arts & Sci,3.23,12,2,5,1,0,0,1,1,1,0,1
2024 Spring,EVSC,2800,Fundamentals of Geology,013912,"Fitzsimmons,Ian",001,10115,College & Graduate Arts & Sci,2.82,75,5,14,6,6,8,7,8,10,2,9
2024 Spring,EVSC,3200,Fundamentals of Ecology,013913,"Lerdau,Manuel",001,10121,College & Graduate Arts & Sci,3.61,96,5,35,24,15,11,4,2,0,0,0
2024 Spring,DS,1002,Programming for Data Science,046058,"Abrams,Aaron",001,17292,School of Data Science,3.64,75,3,50,9,4,3,0,2,0,0,4
2024 Spring,STAT,5630,Statistical Machine Learning,043509,"Lubberts,Zach",001,12604,College & Graduate Arts & Sci,3.89,34,6,23,3,0,1,0,0,1,0,0
2024 Spring,APMA,3100,Probability,001152,"Dizaji,Farzad Shafiei",006,16046,Engineering & Applied Science,3.45,31,1,13,7,3,1,3,1,0,0,2
2024 Spring,EVSC,3201,Fundamentals of Ecology Lab,014094,"Lerdau,Manuel",003,10124,College & Graduate Arts & Sci,3.53,10,2,6,0,1,0,0,0,0,0,1
2024 Spring,ARTS,2670,Intro to Intaglio/Mono Print,002878,"Ohira,Akemi",001,12607,College & Graduate Arts & Sci,3.85,15,0,13,0,0,1,1,0,0,0,0
2024 Spring,DS,4002,Data Science Project,046061,"Alonzi,Loreto",001,17295,School of Data Science,3.88,52,0,46,0,0,6,0,0,0,0,0
2024 Spring,CHIN,2020,Intermediate Chinese,006054,"Wang,Rui",001,12322,College & Graduate Arts & Sci,3.94,15,0,12,3,0,0,0,0,0,0,0
2024 Spring,MUSI,3390,Intro to Music & Computers,024809,"Zaccagnini,Michele",100,12848,College & Graduate Arts & Sci,3.98,31,3,27,0,1,0,0,0,0,0,0
2024 Spring,AMST,3001,Theories & Methods of Amer Std,000457,"Singerman,David",001,13847,College & Graduate Arts & Sci,2.24,10,3,0,0,0,1,0,1,0,3,2
2024 Spring,HIEA,3111,China to the 1000,018298,"Zhang,Cong",001,12319,College & Graduate Arts & Sci,3.34,26,2,6,6,3,2,3,2,2,0,0
2024 Spring,MATH,5080,Operations Research,046381,"Foldes,Juraj",001,13456,College & Graduate Arts & Sci,3.42,12,1,5,1,2,1,0,0,1,1,0
2024 Spring,CHEM,3121,Adv Synthetic Techniques Lab,046175,"Zhu,Huiyuan",100,13084,College & Graduate Arts & Sci,3.71,10,1,2,5,2,0,0,0,0,0,0
2024 Spring,ENWR,1520,Writing & Community Engagement,045365,"Stephenson,Kate",001,12280,College & Graduate Arts & Sci,3.98,18,9,8,1,0,0,0,0,0,0,0
2024 Spring,ANTH,2440,Language and Cinema,041598,"Lefkowitz,Daniel",001,19165,College & Graduate Arts & Sci,2.87,34,2,4,7,6,2,2,0,3,4,4
2024 Spring,ENWR,2510,Advanced Writing Seminar,013441,"Rawson,Eric",003,11663,College & Graduate Arts & Sci,3.82,16,1,12,1,0,0,2,0,0,0,0
2024 Spring,EGMT,1520,Empirical Engagement,044513,"Fredner,Erik",110,12857,College & Graduate Arts & Sci,3.81,32,0,27,0,0,4,0,0,1,0,0
2024 Spring,ENGL,2599,Special Topics,012514,"Olla,Nasrin",007,20275,College & Graduate Arts & Sci,3.60,20,0,7,11,1,0,0,0,0,0,1
2024 Spring,ENGL,3510,Studies in Medieval Literature,045451,"Fowler,Elizabeth",001,20269,College & Graduate Arts & Sci,3.81,30,4,18,2,4,1,1,0,0,0,0
2024 Spring,APMA,3110,Applied Stats & Probability,001153,"Fernando,Anne",002,15725,Engineering & Applied Science,2.92,44,1,3,10,7,6,5,2,5,2,3
2024 Spring,BIOL,3000,Cell Biology,003525,"Kozminski,Keith",001,10044,College & Graduate Arts & Sci,2.74,135,0,23,8,21,34,1,5,28,1,14
2024 Spring,ASL,1020,Elem Amer Sign Language II,003000,"Propp,Gregory",001,10032,College & Graduate Arts & Sci,3.35,17,0,3,5,4,2,1,2,0,0,0
2024 Spring,MATH,1310,Calculus I,022953,"James,Daniel",100,10211,College & Graduate Arts & Sci,2.64,29,1,2,4,5,2,4,4,1,2,4
2024 Spring,ASTR,2120,Intro to Astrophysics II,003065,"Johnson,Bradley",100,10039,College & Graduate Arts & Sci,3.52,29,0,6,14,5,0,2,1,1,0,0
2024 Spring,ASTR,1610,Intro to Astronomical Research,003059,"Whittle,Mark",001,10038,College & Graduate Arts & Sci,3.78,21,2,11,3,4,1,0,0,0,0,0
2024 Spring,EVSC,3201,Fundamentals of Ecology Lab,014094,"Lerdau,Manuel",002,10123,College & Graduate Arts & Sci,3.47,13,0,8,3,0,0,0,0,1,0,1
2024 Spring,MATH,1220,A Survey of Calculus II,022945,"Mitchell,Susan Beth",930,12748,College & Graduate Arts & Sci,3.06,17,0,3,4,2,2,1,3,1,0,1
2024 Spring,MATH,1310,Calculus I,022953,"James,Daniel",500,12751,College & Graduate Arts & Sci,2.34,28,2,3,2,2,2,3,1,4,3,6
2024 Spring,ARTS,2110,Introduction to Photography I,002865,"Scheuren,James",001,10018,College & Graduate Arts & Sci,3.55,13,0,4,4,2,2,1,0,0,0,0
2024 Spring,ARTS,2672,Intro to Litho/Relief Print,002879,"Taylor,Jackson",001,10020,College & Graduate Arts & Sci,4.00,13,7,6,0,0,0,0,0,0,0,0
2024 Spring,EVSC,3300,Atmosphere and Weather,013917,"Schiro,Kathleen",001,10130,College & Graduate Arts & Sci,3.51,72,20,10,14,11,7,7,0,1,1,1
2024 Spring,EVSC,1010,Intro Environmental Sciences,013836,"Doney,Scott",001,10113,College & Graduate Arts & Sci,3.61,300,49,115,38,41,32,12,5,1,4,3
2024 Spring,EVSC,3601,Physical Hydrology Laboratory,014095,"Reidenbach,Matthew",001,10127,College & Graduate Arts & Sci,3.57,14,0,5,3,3,3,0,0,0,0,0
2024 Spring,EVSC,3601,Physical Hydrology Laboratory,014095,"Reidenbach,Matthew",003,10129,College & Graduate Arts & Sci,3.88,13,1,8,3,1,0,0,0,0,0,0
2024 Spring,PLCP,4500,Special Topics,031707,"Fatton,Robert",001,11698,College & Graduate Arts & Sci,3.96,15,0,13,2,0,0,0,0,0,0,0
2024 Spring,PLAP,2030,"Politics, Science and Values",031558,"Cushman,Stephen",001,12552,College & Graduate Arts & Sci,3.72,23,0,13,4,5,0,0,1,0,0,0
2024 Spring,ECON,8180,Industrial Organization II,008058,"Ciliberto,Federico",001,10104,College & Graduate Arts & Sci,3.97,9,4,4,1,0,0,0,0,0,0,0
2024 Spring,ECON,7040,Macroeconomic Theory II,008023,"Leeper,Eric",100,10101,College & Graduate Arts & Sci,3.70,17,1,6,7,1,1,1,0,0,0,0
2024 Spring,EVSC,3600,Physical Hydrology,013915,"Reidenbach,Matthew",001,10126,College & Graduate Arts & Sci,3.29,48,1,14,12,4,5,5,2,2,2,1
2024 Spring,ENWR,1510,Writing and Critical Inquiry,013432,"Ford,Caroline",004,11587,College & Graduate Arts & Sci,3.91,18,11,4,2,0,1,0,0,0,0,0
2024 Spring,KOR,1020,Elementary Korean II,020865,"CHOI,YOON HWA",001,10184,College & Graduate Arts & Sci,3.78,18,7,4,4,1,2,0,0,0,0,0
2024 Spring,MATH,1190,A Survey of Calc I w Algebra,023387,"Kurtz,Brianna A.",100,10203,College & Graduate Arts & Sci,3.01,33,0,7,2,7,7,4,1,1,1,3
2024 Spring,MATH,1190,A Survey of Calc I w Algebra,023387,"Kurtz,Brianna A.",200,12744,College & Graduate Arts & Sci,2.83,35,0,9,2,3,2,8,3,2,3,3
2024 Spring,CHEM,2321,Org Lab II Non-Chem Maj/Min,043155,"Chruma,Jason",015,12538,College & Graduate Arts & Sci,3.80,18,1,9,5,3,0,0,0,0,0,0
2024 Spring,MATH,1110,Probability/Finite Mathematics,022934,"Dass,Wendi",001,10197,College & Graduate Arts & Sci,3.33,36,5,12,5,4,4,0,1,3,0,2
2024 Spring,ECON,3020,Intermediate Macroeconomics,007909,"Mcgee,Christopher",091,12210,College & Graduate Arts & Sci,3.51,69,1,26,15,13,7,2,2,0,2,1
2024 Spring,CHEM,1820,Organic Chemistry Accelerated,005667,"Serbulea,Laura",100,10054,College & Graduate Arts & Sci,3.59,103,4,50,14,15,12,2,1,3,1,1
2024 Spring,ECON,2020,Principles of Econ: Macroecon,007877,"Coppock,Lee",002,10090,College & Graduate Arts & Sci,3.14,354,9,53,83,66,58,29,18,11,7,20
2024 Spring,FREN,2010,Intermediate French I,014315,"Hall,Elizabeth",003,10146,College & Graduate Arts & Sci,3.85,15,0,12,1,1,0,1,0,0,0,0
2024 Spring,EVSC,3301,Atmosphere & Weather Lab,014096,"Schiro,Kathleen",002,10132,College & Graduate Arts & Sci,3.69,13,2,5,2,2,2,0,0,0,0,0
2024 Spring,ECON,2020,Principles of Econ: Macroecon,007877,"Coppock,Lee",001,10089,College & Graduate Arts & Sci,3.13,425,9,61,112,74,58,27,27,23,12,22
2024 Spring,LATI,2020,Intermediate Latin II,021134,"Celotto,Giulio",002,10191,College & Graduate Arts & Sci,3.23,19,1,5,3,4,0,4,1,0,0,1
2024 Spring,JAPN,2020,Second-Year Japanese II,020743,"Marshall,Tomoko",001,10181,College & Graduate Arts & Sci,3.47,12,1,4,0,4,1,2,0,0,0,0
2024 Spring,FREN,2010,Intermediate French I,014315,"Hall,Elizabeth B",004,10147,College & Graduate Arts & Sci,3.44,10,0,6,2,0,1,0,0,0,0,1
2024 Spring,MATH,2310,Calculus III,023024,"Lu,Kang",100,10218,College & Graduate Arts & Sci,3.89,34,12,15,3,4,0,0,0,0,0,0
2024 Spring,DRAM,1010,How Theatre Works,007177,"Garey,Cady",001,10086,College & Graduate Arts & Sci,3.68,49,0,21,18,4,4,1,0,1,0,0
2024 Spring,ASL,1020,Elem Amer Sign Language II,003000,"Devito,Rocco",003,11121,College & Graduate Arts & Sci,2.99,17,0,1,2,5,5,0,2,0,2,0
2024 Spring,PHYS,2419,Intro Physics 2 Workshop,031079,"Bychkov,Maksim",002,11116,College & Graduate Arts & Sci,3.82,23,0,15,5,1,2,0,0,0,0,0
2024 Spring,JAPN,1020,First-Year Japanese II,020741,"Sato,Tomomi",002,10179,College & Graduate Arts & Sci,3.03,12,0,1,3,1,2,2,2,1,0,0
2024 Spring,PLPT,3050,Survey of Amer Pol Theory,031929,"Savage,James",001,12558,College & Graduate Arts & Sci,3.63,23,0,4,12,7,0,0,0,0,0,0
2024 Spring,MATH,2310,Calculus III,023024,"Lu,Kang",200,10219,College & Graduate Arts & Sci,3.80,34,11,15,3,2,1,1,0,0,1,0
2024 Spring,PPL,4010,Research Seminar,032136,"Phulwani,Vijay",002,11589,College & Graduate Arts & Sci,3.94,14,0,11,3,0,0,0,0,0,0,0
2024 Spring,EVSC,2801,Fundamentals of Geology Lab,014091,"Fitzsimmons,Ian",004,10119,College & Graduate Arts & Sci,3.56,13,2,8,0,1,0,0,1,0,0,1
2024 Spring,ECON,4370,Behavioral Finance,007971,"Burton,Edwin",001,10099,College & Graduate Arts & Sci,3.46,85,2,32,12,12,22,1,0,2,1,1
2024 Spring,ECON,4110,Competitive Strategy,045763,"Moore,Michael",002,12623,College & Graduate Arts & Sci,3.34,54,2,8,10,19,10,3,1,0,0,1
2024 Spring,CHEM,2820,Thermo/Kinetics (Accelerated),005712,"Cafiso,David",100,10059,College & Graduate Arts & Sci,3.57,54,6,21,3,6,18,0,0,0,0,0
2024 Spring,ANTH,3590,Social & Cultural Anthropology,041002,"Mentore,George",001,12766,College & Graduate Arts & Sci,3.47,20,0,3,9,2,4,2,0,0,0,0
2024 Spring,CHIN,2060,Accelerated Intermed Chinese,006057,"Gao,Ying",001,10077,College & Graduate Arts & Sci,3.94,15,0,12,3,0,0,0,0,0,0,0
2024 Spring,MUEN,3650,University Singers,024591,"Slon,Michael",001,10265,College & Graduate Arts & Sci,4.00,73,3,70,0,0,0,0,0,0,0,0
2024 Spring,NESC,3985,Current Top in Neuroscience II,029291,"Liu,Xiaorong",001,10268,College & Graduate Arts & Sci,3.99,26,15,10,1,0,0,0,0,0,0,0
2024 Spring,PHYS,1429,Intro Physics 1 Workshop,031036,"Bychkov,Maksim",006,10292,College & Graduate Arts & Sci,3.95,26,3,21,0,2,0,0,0,0,0,0
2024 Spring,ARTS,2372,Intro to Cinematography II,002894,"Everson,Kevin",001,10024,College & Graduate Arts & Sci,3.69,13,5,7,0,0,0,0,0,0,0,1
2024 Spring,ASL,1020,Elem Amer Sign Language II,003000,"Devito,Rocco",002,10033,College & Graduate Arts & Sci,3.44,16,0,5,3,4,2,1,0,1,0,0
2024 Spring,ENWR,1510,Writing and Critical Inquiry,013432,"Eckstein,Tanner",061,12093,College & Graduate Arts & Sci,4.00,17,9,8,0,0,0,0,0,0,0,0
2024 Spring,CHEM,1420,Intro College Chemistry II,005650,"Welch,Kevin",300,12529,College & Graduate Arts & Sci,3.55,295,1,108,74,53,41,7,6,3,0,2
2024 Spring,FREN,1050,Accelerated Elementary French,014277,"Simotas,Spyridon",001,10143,College & Graduate Arts & Sci,3.20,15,1,4,2,1,5,0,1,0,0,1
2024 Spring,DRAM,1020,Speaking in Public,007178,"Wales,Jennifer",001,11769,College & Graduate Arts & Sci,3.87,15,0,10,4,1,0,0,0,0,0,0
2024 Spring,MDST,2305,Podcasting Radio Sound,043728,"Majerczyk,Elliot",001,12076,College & Graduate Arts & Sci,3.84,12,1,8,2,0,0,1,0,0,0,0
2024 Spring,AAS,2500,Topics in Africana Studies,046413,"Rotich,Anne",001,12870,College & Graduate Arts & Sci,3.74,18,1,15,0,1,0,0,0,0,0,1
2024 Spring,MATH,3250,Ordinary Differential Equatns,023068,"McMillan,Matthew",100,10224,College & Graduate Arts & Sci,3.32,34,7,8,4,3,4,2,1,3,1,1
2024 Spring,MATH,3310,Basic Real Analysis,023072,"Branman,Beth",100,10228,College & Graduate Arts & Sci,3.65,34,13,11,2,2,4,0,0,1,0,1
2024 Spring,PHYS,1429,Intro Physics 1 Workshop,031036,"Bychkov,Maksim",004,10290,College & Graduate Arts & Sci,3.15,19,0,7,3,3,0,0,2,2,0,2
2024 Spring,MATH,1140,Financial Mathematics,022937,"Baker,Charles Edmond",001,10198,College & Graduate Arts & Sci,2.93,37,1,3,6,8,6,4,3,2,2,2
2024 Spring,HIND,1020,Elementary Hindi-Urdu I,018891,"Chaussee,Griffith",001,11939,College & Graduate Arts & Sci,3.87,12,2,7,2,0,1,0,0,0,0,0
2024 Spring,CHEM,2321,Org Lab II Non-Chem Maj/Min,043155,"Chruma,Jason",011,11986,College & Graduate Arts & Sci,3.80,24,0,14,6,3,1,0,0,0,0,0
2024 Spring,ENWR,1506,Writing & Critical Inquiry S2,013429,"Kostelnik,Kate",006,11995,College & Graduate Arts & Sci,3.89,12,0,10,1,0,1,0,0,0,0,0
2024 Spring,SPAN,2020,Advanced Intermediate Spanish,035854,"Barlow,Jennifer",019,12000,College & Graduate Arts & Sci,3.74,18,0,6,10,1,1,0,0,0,0,0
2024 Spring,ECON,7720,Econometrics II,008043,"Pepper,John",100,10102,College & Graduate Arts & Sci,3.60,22,2,5,7,4,4,0,0,0,0,0
2024 Spring,ENWR,1510,Writing and Critical Inquiry,013432,"D'Errico,Jon",014,11560,College & Graduate Arts & Sci,3.86,18,0,13,3,1,1,0,0,0,0,0
2024 Spring,ECON,7030,Microeconomic Theory II,008022,"Anderson,Simon",100,11088,College & Graduate Arts & Sci,3.28,18,0,4,2,2,7,3,0,0,0,0
2024 Spring,ENWR,1510,Writing and Critical Inquiry,013432,"Rawson,Eric",007,10492,College & Graduate Arts & Sci,3.39,15,2,3,1,6,1,1,0,0,1,0
2024 Spring,ENWR,1510,Writing and Critical Inquiry,013432,"Adams,Hodges",006,10491,College & Graduate Arts & Sci,3.94,18,6,10,1,1,0,0,0,0,0,0
2024 Spring,DRAM,2620,Sound Design,007233,"Rasbury,Michael",002,11447,College & Graduate Arts & Sci,4.00,13,3,10,0,0,0,0,0,0,0,0
2024 Spring,ENWR,1510,Writing and Critical Inquiry,013432,"Mokoko,Sethunya",055,11847,College & Graduate Arts & Sci,3.98,18,6,11,1,0,0,0,0,0,0,0
2024 Spring,GSVS,2050,Sustainable Energy Systems,044233,"Groves,James",001,11747,College & Graduate Arts & Sci,3.31,32,0,4,11,4,10,1,1,0,0,1
2024 Spring,ENWR,1510,Writing and Critical Inquiry,013432,"Shaman,Cory",034,11514,College & Graduate Arts & Sci,3.73,18,0,11,4,2,0,0,0,0,1,0
2024 Spring,CHIN,2020,Intermediate Chinese,006054,"Wang,Rui",002,11136,College & Graduate Arts & Sci,3.82,16,0,12,2,0,1,1,0,0,0,0
2024 Spring,MATH,1320,Calculus II,022954,"Rolf,James Scott",100,11508,College & Graduate Arts & Sci,2.96,25,2,5,1,4,5,1,2,2,1,2
2024 Spring,PLPT,3030,Contemporary Political Thought,031928,"Rubenstein,Jennifer",100,12217,College & Graduate Arts & Sci,3.60,120,19,36,26,14,15,6,0,4,0,0
2024 Spring,JAPN,1020,First-Year Japanese II,020741,"Sato,Tomomi",003,11443,College & Graduate Arts & Sci,3.44,14,0,1,7,3,1,2,0,0,0,0
2024 Spring,STAT,2120,Intro to Statistical Analysis,036655,"Weinstock,Justin",100,10416,College & Graduate Arts & Sci,3.47,120,4,40,28,17,10,11,6,3,1,0
2024 Spring,PHS,3104,Intro to Epidemiology,043760,"Colston,Josh",001,12147,College & Graduate Arts & Sci,3.64,26,1,11,5,5,3,1,0,0,0,0
2024 Spring,EVSC,5030,Applied Stats for Envr Sci,013992,"Carr,David",100,10135,College & Graduate Arts & Sci,3.72,20,3,13,2,0,1,0,0,0,0,1
2024 Spring,SPAN,2010,Intermediate Spanish,035853,"Badang,Germain",006,10405,College & Graduate Arts & Sci,3.53,18,0,1,11,4,1,1,0,0,0,0
2024 Spring,SPAN,2020,Advanced Intermediate Spanish,035854,"Florez-Murillo,David",020,12517,College & Graduate Arts & Sci,3.77,18,1,8,7,0,2,0,0,0,0,0
2024 Spring,GDS,4991,Fourth-Year Seminar,041012,"Edmunds,David",001,12629,College & Graduate Arts & Sci,3.74,24,7,12,2,1,1,0,0,0,0,1
2024 Spring,MATH,4652,Intro to Abstract Algebra,023152,"Abramenko,Peter",001,11438,College & Graduate Arts & Sci,3.41,14,3,3,1,2,3,1,0,0,1,0
2024 Spring,PHIL,3400,Intro to Non-Classical Logic,044245,"Cameron,Ross",001,11586,College & Graduate Arts & Sci,3.32,17,1,5,5,1,0,0,2,3,0,0
2024 Spring,PHS,4991,GPH Capstone,044464,"Colvin,Chris",001,11596,College & Graduate Arts & Sci,3.93,19,0,16,2,1,0,0,0,0,0,0
2024 Spring,CHEM,1421,Intro College Chemistry II Lab,005994,"Morkowchuk,Lisa",020,10619,College & Graduate Arts & Sci,3.77,23,13,3,4,2,0,0,0,0,0,1
2024 Spring,RUSS,1020,First-Year Russian,034615,"Borovskaya-Ellis,Anna",002,10371,College & Graduate Arts & Sci,3.76,19,0,13,3,1,1,0,0,1,0,0
2024 Spring,MATH,3100,Introduction to Probability,023058,"Campbell,Jacob",002,11324,College & Graduate Arts & Sci,3.34,37,5,7,8,7,2,2,5,0,0,1
2024 Spring,PHYS,2419,Intro Physics 2 Workshop,031079,"Bychkov,Maksim",001,11115,College & Graduate Arts & Sci,3.37,22,0,10,5,2,0,2,0,1,1,1
2024 Spring,DRAM,2020,Acting I,007200,"Garey,Cady",005,11321,College & Graduate Arts & Sci,3.78,14,0,7,6,0,0,1,0,0,0,0
2024 Spring,SOC,3700,Health and Society,043187,"Skubby,David",001,12576,College & Graduate Arts & Sci,3.37,34,0,8,10,9,3,1,1,1,0,1
2024 Spring,STAT,3220,Intro to Regression Analysis,040001,"Varanyak,Krista",002,11636,College & Graduate Arts & Sci,3.79,80,1,44,28,2,2,2,0,1,0,0
2024 Spring,ARAB,2020,Intermediate Arabic II,001285,"Maanaki,Bilal",001,10443,College & Graduate Arts & Sci,3.70,15,0,6,6,1,2,0,0,0,0,0
2024 Spring,PSYC,2150,Introduction to Cognition,032487,"Golino,Mariana",100,11916,College & Graduate Arts & Sci,3.76,194,33,62,70,18,8,1,1,1,0,0
2024 Spring,PHYS,2040,Princip of Physics 2 Workshop,030812,"Bychkov,Maksim",011,10314,College & Graduate Arts & Sci,3.94,25,0,20,5,0,0,0,0,0,0,0
2024 Spring,PERS,2020,Intermediate Persian,029845,"Mohit,Mahshad",001,10271,College & Graduate Arts & Sci,3.84,14,1,7,5,1,0,0,0,0,0,0
2024 Spring,BIOL,3020,Evolution and Ecology,003527,"Brodie,Edmund",001,10045,College & Graduate Arts & Sci,2.77,313,0,44,47,37,49,36,20,27,14,39
2024 Spring,EVSC,3201,Fundamentals of Ecology Lab,014094,"Lerdau,Manuel",001,10122,College & Graduate Arts & Sci,3.46,14,0,7,5,0,0,0,0,1,0,1
2024 Spring,FREN,3034,Adv Oral Expression in French,014360,"Hall,Elizabeth",001,12559,College & Graduate Arts & Sci,3.95,11,0,9,2,0,0,0,0,0,0,0
2024 Spring,ECON,3030,Money and Banking,007910,"Doyle,Carter",100,11138,College & Graduate Arts & Sci,3.64,79,3,28,28,11,4,1,3,0,1,0
2024 Spring,MUEN,3651,Chamber Singers,024590,"Slon,Michael",001,10264,College & Graduate Arts & Sci,3.97,20,0,18,2,0,0,0,0,0,0,0
2024 Spring,SOC,3410,Race and Ethnic Relations,035402,"Buckelew,Rose",001,12575,College & Graduate Arts & Sci,3.27,33,4,9,5,3,4,1,4,1,1,1
2024 Spring,GSSJ,4991,Capstone Seminar,043545,"Furia,Peter",001,11410,College & Graduate Arts & Sci,3.91,13,0,9,4,0,0,0,0,0,0,0
2024 Spring,ANTH,2415,Language in Human Evolution,044567,"Sicoli,Mark",100,12259,College & Graduate Arts & Sci,3.85,119,31,58,20,4,4,1,0,0,0,1
2024 Spring,PHYS,2040,Princip of Physics 2 Workshop,030812,"Bychkov,Maksim",012,10315,College & Graduate Arts & Sci,3.90,25,0,19,4,2,0,0,0,0,0,0
2024 Spring,SOC,1010,Introductory Sociology,035243,"Mullins,Ian",100,10383,College & Graduate Arts & Sci,3.92,174,2,158,0,1,13,0,0,0,0,0
2024 Spring,ANTH,2280,Medical Anthropology,000655,"Fontanilla,Julia Alejandra Morales",100,10977,College & Graduate Arts & Sci,3.84,177,1,118,43,6,3,6,0,0,0,0
2024 Spring,PHYS,1429,Intro Physics 1 Workshop,031036,"Bychkov,Maksim",011,11114,College & Graduate Arts & Sci,3.96,25,0,23,1,1,0,0,0,0,0,0
2024 Spring,PHYS,2040,Princip of Physics 2 Workshop,030812,"Bychkov,Maksim",006,10312,College & Graduate Arts & Sci,3.92,25,0,22,1,1,1,0,0,0,0,0
2024 Spring,ENWR,1506,Writing & Critical Inquiry S2,013429,"McBride,Amber",007,12659,College & Graduate Arts & Sci,3.90,12,0,8,4,0,0,0,0,0,0,0
2024 Spring,CHEM,3821,Physical Chemistry Lab II,005741,"Gahlmann,Andreas",100,11915,College & Graduate Arts & Sci,3.46,57,2,18,17,7,3,5,2,1,0,2
2024 Spring,PHS,3825,Global Public Health,043001,"Colvin,Chris",001,11938,College & Graduate Arts & Sci,3.90,24,2,19,1,1,0,1,0,0,0,0
2024 Spring,CHEM,2321,Org Lab II Non-Chem Maj/Min,043155,"Chruma,Jason",010,11978,College & Graduate Arts & Sci,3.91,29,0,23,5,0,1,0,0,0,0,0
2024 Spring,PHYS,7620,Quantum Theory II,030944,"Cates,Gordon",001,10324,College & Graduate Arts & Sci,3.54,23,3,7,3,4,3,3,0,0,0,0
2024 Spring,FREN,3031,Finding Your Voice in French,014357,"Geer,Rachel",001,11395,College & Graduate Arts & Sci,3.77,14,0,7,5,1,1,0,0,0,0,0
2024 Spring,STAT,2020,Statistics for Biologists,039999,"Ferrara,Maria",002,11297,College & Graduate Arts & Sci,3.60,149,17,58,34,16,10,4,2,5,0,3
2024 Spring,ECON,2010,Principles of Econ: Microecon,007876,"Kwiatkowski,Daniel",300,12588,College & Graduate Arts & Sci,3.15,24,2,6,5,3,1,1,0,3,2,1
2024 Spring,CHEM,1421,Intro College Chemistry II Lab,005994,"Morkowchuk,Lisa",033,11691,College & Graduate Arts & Sci,3.90,22,13,4,3,2,0,0,0,0,0,0
2024 Spring,MUSI,3320,Theory II,024802,"Maus,Fred",001,11535,College & Graduate Arts & Sci,2.96,15,3,4,2,0,3,0,0,0,0,3
2024 Spring,MATH,1220,A Survey of Calculus II,022945,"Dimou,Evangelos",600,10210,College & Graduate Arts & Sci,2.98,19,0,5,2,2,4,2,1,1,0,2
2024 Spring,EVSC,3301,Atmosphere & Weather Lab,014096,"Schiro,Kathleen",001,10131,College & Graduate Arts & Sci,3.79,14,0,10,3,0,0,0,0,1,0,0
2024 Spring,ECON,3720,Introduction to Econometrics,007939,"Ruediger,Stefan",200,12587,College & Graduate Arts & Sci,3.53,138,0,46,44,23,12,6,4,1,1,1
2024 Spring,FREN,2020,Intermediate French II,014316,"Geer,Rachel Carrie",007,10918,College & Graduate Arts & Sci,3.62,18,0,8,6,0,3,0,0,1,0,0
2024 Spring,MATH,3310,Basic Real Analysis,023072,"Kuhn,Nicholas",200,11432,College & Graduate Arts & Sci,3.15,36,2,5,8,7,6,3,2,1,0,2
2024 Spring,CHEM,1421,Intro College Chemistry II Lab,005994,"Morkowchuk,Lisa",031,11689,College & Graduate Arts & Sci,3.78,21,15,3,1,0,1,0,0,0,0,1
2024 Spring,FREN,2010,Intermediate French I,014315,"Hall,Elizabeth B",005,11441,College & Graduate Arts & Sci,3.71,15,0,9,2,3,0,0,1,0,0,0
2024 Spring,PHYS,2020,Principles of Physics 2,030810,"Sundararajan,Jency",001,11465,College & Graduate Arts & Sci,3.53,97,14,27,25,7,12,5,2,2,2,1
2024 Spring,PHYS,1429,Intro Physics 1 Workshop,031036,"Bychkov,Maksim",005,10291,College & Graduate Arts & Sci,3.79,25,1,18,4,1,0,0,0,0,0,1
2024 Spring,MUSI,2340,Learn to Groove,039726,"Jospe,Robert",001,10995,College & Graduate Arts & Sci,3.99,21,7,13,1,0,0,0,0,0,0,0
2024 Spring,FREN,1010,Elementary French I,014273,"Rey,Cecile Helene Christiane",002,11366,College & Graduate Arts & Sci,3.58,14,0,8,3,0,1,0,0,2,0,0
2024 Spring,ENWR,1510,Writing and Critical Inquiry,013432,"Whitaker,Bambi",057,12090,College & Graduate Arts & Sci,3.68,16,0,7,5,2,1,1,0,0,0,0
2024 Spring,PHYS,2040,Princip of Physics 2 Workshop,030812,"Bychkov,Maksim",005,10311,College & Graduate Arts & Sci,3.79,25,0,16,5,2,1,1,0,0,0,0
2024 Spring,RUSS,2020,Second-Year Russian,034638,"Stuart,Madelyn",001,10374,College & Graduate Arts & Sci,3.50,16,0,7,2,4,0,2,0,1,0,0
2024 Spring,LATI,2010,Intermediate Latin I,021133,"Myers,Karen",001,11511,College & Graduate Arts & Sci,3.55,17,1,7,3,2,3,0,0,0,1,0
2024 Spring,PHYS,2040,Princip of Physics 2 Workshop,030812,"Bychkov,Maksim",007,10313,College & Graduate Arts & Sci,3.95,26,2,20,4,0,0,0,0,0,0,0
2024 Spring,PHYS,3660,Quantum Physics II,030872,"Kolomeisky,Eugene",001,10320,College & Graduate Arts & Sci,3.27,23,5,3,3,3,2,4,0,1,2,0
2024 Spring,DRAM,2020,Acting I,007200,"Lowinski,Cortney",003,11319,College & Graduate Arts & Sci,3.91,14,0,10,4,0,0,0,0,0,0,0
2024 Spring,ARTS,2000,Intro to Studio Art,045397,"Chan,Amy",002,12276,College & Graduate Arts & Sci,3.91,16,0,11,5,0,0,0,0,0,0,0
2024 Spring,LATI,2020,Intermediate Latin II,021134,"Celotto,Giulio",001,10190,College & Graduate Arts & Sci,3.37,18,0,7,3,3,1,2,0,1,0,1
2024 Spring,EVSC,4050,Topics in Oceanography,013932,"Macko,Stephen",001,10134,College & Graduate Arts & Sci,3.64,26,1,16,1,0,7,0,0,1,0,0
2024 Spring,CHEM,4420,Biological Chemistry II,005756,"Landers,James",001,10065,College & Graduate Arts & Sci,3.31,86,21,17,7,15,10,4,3,0,2,7
2024 Spring,PHYS,2419,Intro Physics 2 Workshop,031079,"Bychkov,Maksim",003,11117,College & Graduate Arts & Sci,3.87,12,0,8,3,1,0,0,0,0,0,0
2024 Spring,STAT,3110,Foundations of Statistics,044444,"Chan,Ga Ming Angus",003,12594,College & Graduate Arts & Sci,3.38,39,3,15,2,4,10,2,0,1,0,2
2024 Spring,MATH,1220,A Survey of Calculus II,022945,"Dimou,Evangelos",500,10206,College & Graduate Arts & Sci,2.96,31,0,9,2,2,6,4,1,2,4,1
2024 Spring,ENWR,1510,Writing and Critical Inquiry,013432,"Tran,Davy",012,10497,College & Graduate Arts & Sci,4.00,16,10,6,0,0,0,0,0,0,0,0
2024 Spring,MATH,1320,Calculus II,022954,"Rolf,James Scott",400,11877,College & Graduate Arts & Sci,2.71,24,0,5,0,0,8,3,3,2,0,3
2024 Spring,GETR,3330,Introduction to German Studies,015936,"Schmid,Marcel",001,11874,College & Graduate Arts & Sci,4.00,29,4,25,0,0,0,0,0,0,0,0
2024 Spring,MATH,1310,Calculus I,022953,"James,Daniel",200,10212,College & Graduate Arts & Sci,2.58,27,2,3,3,2,2,4,4,2,0,5
2024 Spring,EGMT,1520,Empirical Engagement,044513,"Greenland,Fiona",101,11887,College & Graduate Arts & Sci,3.90,28,6,16,4,1,1,0,0,0,0,0
2024 Spring,PSYC,3310,RM: R Applications in Psych,045373,"Meyer,M. Joseph",001,11936,College & Graduate Arts & Sci,3.79,63,1,30,23,8,1,0,0,0,0,0
2024 Spring,EVSC,3301,Atmosphere & Weather Lab,014096,"Schiro,Kathleen",004,11875,College & Graduate Arts & Sci,3.88,10,0,6,4,0,0,0,0,0,0,0
2024 Spring,MATH,1220,A Survey of Calculus II,022945,"Dimou,Evangelos",400,11876,College & Graduate Arts & Sci,3.35,26,2,7,6,1,5,1,1,2,1,0
2024 Spring,PHIL,3640,Political Philosophy,030092,"Adams,Nate",001,12656,College & Graduate Arts & Sci,3.53,32,2,15,6,3,1,2,2,0,0,1
2024 Spring,LATI,2010,Intermediate Latin I,021133,"Myers,Karen",002,11960,College & Graduate Arts & Sci,3.21,13,0,4,2,2,1,1,1,1,1,0
2024 Spring,PSYC,5710,Machine Learning & Data Mining,042465,"Golino,Hudson",001,11918,College & Graduate Arts & Sci,3.86,24,12,7,2,2,0,1,0,0,0,0
2024 Spring,PSYC,3006,Res Methods & Data Analysis II,032540,"Meyer,M. Joseph",100,11922,College & Graduate Arts & Sci,3.93,119,18,75,25,1,0,0,0,0,0,0
2024 Spring,EGMT,1540,Ethical Engagement,044515,"Bernard,Benjamin",205,11910,College & Graduate Arts & Sci,3.89,36,2,26,7,0,0,0,0,1,0,0
2024 Spring,SPAN,3010,Grammar and Composition I,035893,"Cobb,Erica",007,11953,College & Graduate Arts & Sci,3.88,16,0,13,1,1,1,0,0,0,0,0
2024 Spring,EGMT,1530,Engaging Differences,044514,"Linton,Marcy",112,11900,College & Graduate Arts & Sci,3.98,36,4,30,2,0,0,0,0,0,0,0
2024 Spring,MATH,1210,A survey of Calculus I,022944,"Aitzhanova,Bakhyt",800,10202,College & Graduate Arts & Sci,3.35,31,0,16,2,1,4,2,2,1,3,0
2024 Spring,RELG,2160,Religion in America Since 1865,034154,"Warren,Heather",100,10366,College & Graduate Arts & Sci,3.67,60,0,33,14,4,3,4,0,1,1,0
2024 Spring,EVEC,5220,Terrestrial Ecology,013736,"Epstein,Howard",100,12707,College & Graduate Arts & Sci,3.75,17,0,9,5,2,0,1,0,0,0,0
2024 Spring,MDST,3050,History of Media,023526,"Goin,Keara",001,11864,College & Graduate Arts & Sci,3.70,59,0,36,12,4,3,2,1,0,0,1
2024 Spring,EGMT,1530,Engaging Differences,044514,"Sweeney,Lean",201,11904,College & Graduate Arts & Sci,3.82,33,2,26,0,3,0,0,0,2,0,0
2024 Spring,AMST,4500,Fourth Year Seminar AMST,000461,"Cacho,Lisa",001,11921,College & Graduate Arts & Sci,3.90,20,0,16,2,2,0,0,0,0,0,0
2024 Spring,ARTH,2054,Roman Art & Archaeology,002454,"Kreindler,Kate",100,12609,College & Graduate Arts & Sci,3.58,58,6,16,16,12,2,3,2,1,0,0
2024 Spring,ARAB,1020,Elementary Arabic II,001280,"Maanaki,Bilal",001,10012,College & Graduate Arts & Sci,3.37,14,0,3,3,5,1,0,2,0,0,0
2024 Spring,MATH,8720,Differential Geometry,023272,"Stees,Ryan",001,12162,College & Graduate Arts & Sci,3.71,9,2,3,2,1,0,1,0,0,0,0
2024 Spring,ANTH,1010,Introduction to Anthropology,000600,"Danziger,Eve",100,10009,College & Graduate Arts & Sci,3.26,115,3,21,26,18,18,13,10,4,2,0
2024 Spring,MATH,1220,A Survey of Calculus II,022945,"Dimou,Evangelos",100,10205,College & Graduate Arts & Sci,2.36,14,0,3,0,1,3,1,0,2,0,4
2024 Spring,STAT,3250,Data Analysis with Python,044090,"Holt,Jeffrey",001,11838,College & Graduate Arts & Sci,3.68,97,0,47,26,13,5,3,2,1,0,0
2024 Spring,ECON,4220,Intr Finance & Macroeconomics,007962,"Wincoop,Eric Van",001,11043,College & Graduate Arts & Sci,3.47,66,6,11,17,16,13,0,2,0,1,0
2024 Spring,SOC,3020,Introduction to Social Theory,035372,"Kumar,Krishan",100,10387,College & Graduate Arts & Sci,3.22,55,0,22,0,0,26,0,0,5,0,2
2024 Spring,SPAN,2010,Intermediate Spanish,035853,"Neff,Kate",004,12342,College & Graduate Arts & Sci,3.89,17,0,11,6,0,0,0,0,0,0,0
2024 Spring,MATH,1320,Calculus II,022954,"Cernekova,Kristina",500,12312,College & Graduate Arts & Sci,3.20,23,3,7,1,3,2,0,4,1,1,1
2024 Spring,SPAN,3050,Spanish for Medical Profession,039916,"Opere,Alicia Lopez",001,11931,College & Graduate Arts & Sci,3.91,16,0,11,5,0,0,0,0,0,0,0
2024 Spring,PLCP,2420,Politics of Modernity,031686,"Echeverri-Gent,John",001,11697,College & Graduate Arts & Sci,3.30,65,0,9,20,23,7,1,2,0,0,3
2024 Spring,EGMT,1520,Empirical Engagement,044513,"Clabough,Erin",103,11889,College & Graduate Arts & Sci,3.74,35,14,12,5,1,1,0,0,1,0,1
2024 Spring,CHEM,1421,Intro College Chemistry II Lab,005994,"Morkowchuk,Lisa",028,11686,College & Graduate Arts & Sci,3.96,22,16,3,3,0,0,0,0,0,0,0
2024 Spring,PLCP,4500,Special Topics,031707,"Walsh,Denise",002,12216,College & Graduate Arts & Sci,3.71,15,0,10,2,1,1,0,0,1,0,0
2024 Spring,ETP,2030,"Politics, Science, and Values",013694,"Cushman,Stephen",001,12688,College & Graduate Arts & Sci,3.56,26,0,6,12,5,2,0,0,0,1,0
2024 Spring,ECON,3720,Introduction to Econometrics,007939,"Kripalani,Jessica",090,10096,College & Graduate Arts & Sci,3.28,58,1,9,15,14,8,4,4,2,0,1
2024 Spring,CHEM,1421,Intro College Chemistry II Lab,005994,"Morkowchuk,Lisa",034,11692,College & Graduate Arts & Sci,3.67,23,12,5,3,0,0,2,0,0,0,1
2024 Spring,ANTH,3290,Biopolitics,045108,"Zigon,Jarrett",001,11826,College & Graduate Arts & Sci,3.97,45,24,17,4,0,0,0,0,0,0,0
2024 Spring,BIOL,4820,DMP Seminar- Biology Research,003644,"Wormington,Mike",001,11727,College & Graduate Arts & Sci,3.84,10,0,7,2,0,1,0,0,0,0,0
2024 Spring,PHYS,2040,Princip of Physics 2 Workshop,030812,"Bychkov,Maksim",010,12765,College & Graduate Arts & Sci,3.99,21,1,19,1,0,0,0,0,0,0,0
2024 Spring,PSYC,5323,RM: R in Psychology,045671,"Meyer,M. Joseph",001,12252,College & Graduate Arts & Sci,3.99,25,6,18,1,0,0,0,0,0,0,0
2024 Spring,MUSI,3307,Play Guitar! Level 2,046568,"Rosensky,Michael",001,12879,College & Graduate Arts & Sci,3.91,16,0,11,5,0,0,0,0,0,0,0
2024 Spring,SPAN,3010,Grammar and Composition I,035893,"Poveda,Esther",004,11785,College & Graduate Arts & Sci,3.79,14,0,8,3,3,0,0,0,0,0,0
2024 Spring,CHEM,1421,Intro College Chemistry II Lab,005994,"Morkowchuk,Lisa",027,11685,College & Graduate Arts & Sci,3.55,22,11,1,4,0,0,5,0,0,1,0
2024 Spring,SPAN,3300,Texts and Interpretation,035904,"Moguel,Ana Piriz",004,11132,College & Graduate Arts & Sci,3.53,12,1,7,2,0,1,0,0,0,0,1
2024 Spring,BIOL,3270,Microbiology with Lab,044428,"Wu,Martin",100,11576,College & Graduate Arts & Sci,3.15,160,0,22,32,35,36,13,7,6,4,5
2024 Spring,ENWR,1510,Writing and Critical Inquiry,013432,"Richardson,Sarah",052,11844,College & Graduate Arts & Sci,4.00,18,16,2,0,0,0,0,0,0,0,0
2024 Spring,GETR,3464,Stories of Love and Adventure,045859,"McDonald,William",001,12792,College & Graduate Arts & Sci,3.60,28,0,7,11,7,3,0,0,0,0,0
2024 Spring,MUSI,1410,Symphonic Listening,046169,"Rous,Benjamin",100,12735,College & Graduate Arts & Sci,3.80,43,1,30,8,3,0,0,0,0,0,1
2024 Spring,CHEM,1421,Intro College Chemistry II Lab,005994,"Morkowchuk,Lisa",030,11688,College & Graduate Arts & Sci,3.85,21,16,0,3,0,1,1,0,0,0,0
2024 Spring,EGMT,1530,Engaging Differences,044514,"Smith,Wendy",111,12272,College & Graduate Arts & Sci,3.98,35,0,33,2,0,0,0,0,0,0,0
2024 Spring,SPAN,3010,Grammar and Composition I,035893,"Segura,Eliud Encarnacion",006,11930,College & Graduate Arts & Sci,3.98,12,6,5,1,0,0,0,0,0,0,0
2024 Spring,EGMT,1530,Engaging Differences,044514,"Bigelow,Allison",102,11897,College & Graduate Arts & Sci,3.92,28,10,13,3,2,0,0,0,0,0,0
2024 Spring,PHYS,1425,Intro Physics 1 for Engineers,031032,"Dukes,E",002,10285,College & Graduate Arts & Sci,3.34,96,15,18,13,20,14,3,7,2,2,2
2024 Spring,CHEM,2321,Org Lab II Non-Chem Maj/Min,043155,"Chruma,Jason",006,11912,College & Graduate Arts & Sci,3.48,26,0,7,8,4,5,1,0,1,0,0
2024 Spring,DRAM,2110,Lighting Technology,007209,"Kennedy,R.",001,11880,College & Graduate Arts & Sci,3.99,21,1,19,1,0,0,0,0,0,0,0
2024 Spring,PHYS,2419,Intro Physics 2 Workshop,031079,"Bychkov,Maksim",004,11118,College & Graduate Arts & Sci,3.92,15,0,11,4,0,0,0,0,0,0,0
2024 Spring,GREE,2020,Intermediate Greek II,017184,"Kuin,Inger Neeltje Irene",001,11852,College & Graduate Arts & Sci,3.49,11,0,3,4,2,0,1,1,0,0,0
2024 Spring,ARAB,1020,Elementary Arabic II,001280,"Maanaki,Bilal",003,10014,College & Graduate Arts & Sci,3.17,13,0,4,6,0,1,0,0,0,0,2
2024 Spring,HBIO,4999,Thesis Res for Human Biology,017975,"Guler,Jennifer",001,10169,College & Graduate Arts & Sci,3.67,15,5,6,1,1,1,0,0,0,0,1
2024 Spring,CHEM,2321,Org Lab II Non-Chem Maj/Min,043155,"Chruma,Jason",004,11911,College & Graduate Arts & Sci,3.71,31,0,16,7,6,1,0,1,0,0,0
2024 Spring,HIST,4991,DMP-Special Seminar,037506,"White,Joshua",001,11748,College & Graduate Arts & Sci,3.67,12,0,7,1,1,3,0,0,0,0,0
2024 Spring,CHEM,2321,Org Lab II Non-Chem Maj/Min,043155,"Chruma,Jason",014,12537,College & Graduate Arts & Sci,3.79,27,0,17,7,1,1,0,0,1,0,0
2024 Spring,PSYC,5720,Funds of Item Response Theory,042637,"Schmidt,Karen",001,11305,College & Graduate Arts & Sci,3.80,6,0,2,4,0,0,0,0,0,0,0
2024 Spring,SPAN,4040,Translation Spanish to English,035927,"Prados,Nieves Garcia",002,12109,College & Graduate Arts & Sci,3.84,18,6,5,6,0,1,0,0,0,0,0
2024 Spring,SPAN,3300,Texts and Interpretation,035904,"Sprague,Paula",005,11133,College & Graduate Arts & Sci,3.91,16,0,11,5,0,0,0,0,0,0,0
2024 Spring,JAPN,3020,Third-Year Japanese II,020747,"Kawai,Mieko",001,10182,College & Graduate Arts & Sci,3.37,12,0,2,3,2,4,1,0,0,0,0
2024 Spring,DRAM,1020,Speaking in Public,007178,"Close,Tovah",002,11879,College & Graduate Arts & Sci,3.80,16,0,8,6,2,0,0,0,0,0,0
2024 Spring,RUSS,3020,Third-Year Russian,034653,"Borovskaya-Ellis,Anna",001,10378,College & Graduate Arts & Sci,3.89,15,0,12,2,0,1,0,0,0,0,0
2024 Spring,CHEM,2321,Org Lab II Non-Chem Maj/Min,043155,"Chruma,Jason",007,11913,College & Graduate Arts & Sci,3.87,31,1,23,4,2,0,1,0,0,0,0
2024 Spring,MATH,1210,A survey of Calculus I,022944,"Evans,Ana Nora",300,10201,College & Graduate Arts & Sci,3.11,27,0,11,2,4,4,0,1,1,0,4
2024 Spring,MUSI,2600,Jazz Improvisation,024777,"Dearth,John",001,10810,College & Graduate Arts & Sci,3.91,16,0,11,5,0,0,0,0,0,0,0
2024 Spring,ENWR,1510,Writing and Critical Inquiry,013432,"Casteen,John",011,10496,College & Graduate Arts & Sci,3.68,18,2,4,8,3,0,1,0,0,0,0
2024 Spring,MUSI,3310,Theory I,024801,"Weerasinghe,Dilshan",001,11298,College & Graduate Arts & Sci,3.83,18,0,8,10,0,0,0,0,0,0,0
2024 Spring,ECON,3020,Intermediate Macroeconomics,007909,"Mcgee,Christopher",090,12208,College & Graduate Arts & Sci,3.63,75,2,26,29,9,4,1,2,1,1,0
2024 Spring,RELG,2210,Religion Ethics & Environment,042484,"Jenkins,Willis",100,11822,College & Graduate Arts & Sci,3.70,238,3,123,72,18,10,6,1,0,1,4
2024 Spring,MDST,3504,Topics in Global Media,042990,"Goin,Keara",002,12671,College & Graduate Arts & Sci,3.72,30,0,24,2,2,0,0,0,0,1,1
2024 Spring,PSYC,3990,RM: Grp Process & Facilitatn I,045941,"Nagel,Alison Gilson",001,12701,College & Graduate Arts & Sci,3.93,38,6,30,0,1,0,0,0,1,0,0
2024 Spring,CHEM,1821,Organic Chem Lab Accelerated,006008,"Serbulea,Laura",100,11756,College & Graduate Arts & Sci,3.64,70,0,32,21,7,8,0,1,0,0,1
2024 Spring,PHYS,1429,Intro Physics 1 Workshop,031036,"Bychkov,Maksim",008,10294,College & Graduate Arts & Sci,3.90,26,1,21,2,0,2,0,0,0,0,0
2024 Spring,DRAM,1010,How Theatre Works,007177,"Garey,Cady",002,12299,College & Graduate Arts & Sci,3.73,49,0,20,25,2,0,0,1,0,0,1
2024 Spring,ECON,4200,Antitrust Policy,007960,"Mortimer,Julie",001,12591,College & Graduate Arts & Sci,3.78,20,7,6,2,4,1,0,0,0,0,0
2024 Spring,ARTS,2000,Intro to Studio Art,045397,"Cheung,Conrad",004,12277,College & Graduate Arts & Sci,3.76,13,0,4,8,1,0,0,0,0,0,0
2024 Spring,EVSC,2050,Introduction to Oceanography,013897,"Macko,Stephen",001,10114,College & Graduate Arts & Sci,3.48,63,0,34,0,0,25,0,0,4,0,0
2024 Spring,RELA,2750,African Religions,033802,"Hoehler-Fatton,Cynthia",001,12132,College & Graduate Arts & Sci,3.44,21,0,7,8,1,1,0,2,1,1,0
2024 Spring,ENWR,1506,Writing & Critical Inquiry S2,013429,"Kostelnik,Kate",001,10109,College & Graduate Arts & Sci,3.82,11,1,7,1,1,1,0,0,0,0,0
2024 Spring,ENWR,1510,Writing and Critical Inquiry,013432,"Carlson,Christian",058,12091,College & Graduate Arts & Sci,4.00,18,2,16,0,0,0,0,0,0,0,0
2024 Spring,MATH,3351,Elementary Linear Algebra,023081,"Shapiro,Brandon",001,10230,College & Graduate Arts & Sci,3.39,38,4,10,5,5,7,3,2,2,0,0
2024 Spring,MATH,3354,Survey of Algebra,023084,"Qi,You",002,10232,College & Graduate Arts & Sci,3.17,27,2,7,2,2,5,6,1,1,0,1
2024 Spring,MATH,7010,Seminar on Research in Math,023214,"Mark,Thomas",001,10234,College & Graduate Arts & Sci,3.89,8,0,5,3,0,0,0,0,0,0,0
2024 Spring,MUSI,1310,Basic Musical Skills,024703,"Rous,Benjamin",002,12727,College & Graduate Arts & Sci,3.74,44,5,28,2,1,6,0,0,1,1,0
2024 Spring,WGS,3612,Gender in the U.S. 1865-Pres,041840,"Hagerman,Bonnie",100,12148,College & Graduate Arts & Sci,3.85,17,2,11,2,1,0,1,0,0,0,0
2024 Spring,PHYS,1425,Intro Physics 1 for Engineers,031032,"Grouchy,Rebecca",004,12753,College & Graduate Arts & Sci,3.38,98,12,22,20,15,11,6,4,5,2,1
2024 Spring,PHIL,1410,Forms of Reasoning,030021,"Anderson,Joseph",002,12636,College & Graduate Arts & Sci,3.84,30,0,18,10,1,1,0,0,0,0,0
2024 Spring,PHS,4991,GPH Capstone,044464,"Quissell,Kathryn",002,12777,College & Graduate Arts & Sci,3.97,18,14,2,2,0,0,0,0,0,0,0
2024 Spring,PHYS,5240,Intro to General Relativity,030888,"Yagi,Kento",001,10321,College & Graduate Arts & Sci,3.23,20,2,3,4,6,2,0,0,2,0,1
2024 Spring,ASL,2020,Intermed Amer Sign Language II,003002,"Eshgi,Maher",002,11534,College & Graduate Arts & Sci,2.93,15,0,3,2,3,3,0,0,2,1,1
2024 Spring,PHS,4991,GPH Capstone,044464,"Hornsby,Paige",003,12778,College & Graduate Arts & Sci,3.88,19,2,12,3,2,0,0,0,0,0,0
2024 Spring,ENWR,1510,Writing and Critical Inquiry,013432,"Little,Dana",024,10505,College & Graduate Arts & Sci,4.00,18,4,14,0,0,0,0,0,0,0,0
2024 Spring,PHYS,2040,Princip of Physics 2 Workshop,030812,"Bychkov,Maksim",013,10316,College & Graduate Arts & Sci,3.89,26,3,16,6,0,1,0,0,0,0,0
2024 Spring,MATH,3250,Ordinary Differential Equatns,023068,"McMillan,Matthew",200,10225,College & Graduate Arts & Sci,3.65,38,4,16,6,6,3,2,1,0,0,0
2024 Spring,MATH,3340,Complex Variables,023074,"Stees,Ryan",001,10229,College & Graduate Arts & Sci,3.45,34,10,8,5,2,3,1,0,3,0,2
2024 Spring,ASTR,1220,Intro Stars Galaxies Universe,003047,"Pryal,Matthew",002,12658,College & Graduate Arts & Sci,3.32,130,2,24,44,20,16,9,7,4,1,3
2024 Spring,EGMT,1540,Ethical Engagement,044515,"Parham,Angel",102,12828,College & Graduate Arts & Sci,3.95,35,3,27,4,1,0,0,0,0,0,0
2024 Spring,ENWR,1510,Writing and Critical Inquiry,013432,"Buford,Nial",016,10500,College & Graduate Arts & Sci,3.89,18,0,16,0,0,2,0,0,0,0,0
2024 Spring,AMST,3180,Intro to Asian Amer Studies,039585,"Chong,Sylvia",100,12079,College & Graduate Arts & Sci,3.41,63,4,21,15,7,7,1,3,1,2,2
2024 Spring,PSYC,3200,Fundamentals of Neuroscience,046163,"Erisir,Alev",001,12668,College & Graduate Arts & Sci,3.34,124,3,20,31,22,27,15,5,1,0,0
2024 Spring,MATH,1220,A Survey of Calculus II,022945,"Dimou,Evangelos",200,12747,College & Graduate Arts & Sci,2.90,34,0,6,4,3,6,6,0,4,4,1
2024 Spring,PHYS,1429,Intro Physics 1 Workshop,031036,"Bychkov,Maksim",002,10288,College & Graduate Arts & Sci,3.74,23,2,15,1,1,3,0,0,1,0,0
2024 Spring,CHEM,1421,Intro College Chemistry II Lab,005994,"Morkowchuk,Lisa",017,10616,College & Graduate Arts & Sci,3.67,23,11,2,8,0,0,1,0,0,0,1
2024 Spring,HIEU,2162,History of Russia Since 1917,018403,"Rossman,Jeffrey",100,12642,College & Graduate Arts & Sci,3.72,58,0,35,11,3,5,3,0,1,0,0
2024 Spring,ECON,4110,Competitive Strategy,045763,"Moore,Michael",001,12622,College & Graduate Arts & Sci,3.70,45,2,22,7,8,6,0,0,0,0,0
2024 Spring,DRAM,1020,Speaking in Public,007178,"Kelly,Colleen",003,12001,College & Graduate Arts & Sci,3.92,17,0,15,1,0,1,0,0,0,0,0
2024 Spring,CHEM,1421,Intro College Chemistry II Lab,005994,"Morkowchuk,Lisa",005,10606,College & Graduate Arts & Sci,3.66,24,15,2,3,0,0,3,0,0,0,1
2024 Spring,SLFK,2120,Russian Folklore,035180,"Stepanic,Stanley",001,12728,College & Graduate Arts & Sci,3.55,53,2,29,6,6,4,2,1,1,0,2
2024 Spring,STAT,1601,Intro Data Science with R,045055,"Roland,Kristen",001,11840,College & Graduate Arts & Sci,3.89,90,8,58,17,7,0,0,0,0,0,0
2024 Spring,ECON,3720,Introduction to Econometrics,007939,"Farmer,Leland",300,12679,College & Graduate Arts & Sci,3.09,51,1,10,6,8,9,4,6,5,2,0
2024 Spring,PHIL,2120,History of Philosophy: Modern,030057,"Secada,Jorge",100,10277,College & Graduate Arts & Sci,3.19,36,2,8,3,6,10,3,0,3,0,1
2024 Spring,PHYS,1060,How Things Work,030777,"Neu,Chris",001,10283,College & Graduate Arts & Sci,3.26,87,2,16,20,20,8,9,8,2,0,2
2024 Spring,MATH,3354,Survey of Algebra,023084,"Balderrama,William",001,10231,College & Graduate Arts & Sci,3.17,29,0,12,2,2,3,4,0,5,0,1
2024 Spring,MATH,7752,Algebra II,023232,"Wang,Weiqiang",001,10235,College & Graduate Arts & Sci,3.63,14,5,2,4,0,2,0,0,1,0,0
2024 Spring,ECON,4080,Law and Economics,007948,"Westerfield,Maria",001,12590,College & Graduate Arts & Sci,3.60,34,1,8,14,5,6,0,0,0,0,0
2024 Spring,ECON,2010,Principles of Econ: Microecon,007876,"Kwiatkowski,Daniel",301,12589,College & Graduate Arts & Sci,3.41,25,6,3,6,3,1,3,1,1,1,0
2024 Spring,STAT,4220,Applied Analytics for Business,044088,"Martinet,Gretchen",002,12603,College & Graduate Arts & Sci,3.72,59,0,24,29,1,3,0,0,1,1,0
2024 Spring,ENWR,1510,Writing and Critical Inquiry,013432,"Martinez,Lucas",037,11540,College & Graduate Arts & Sci,3.94,18,0,16,1,1,0,0,0,0,0,0
2024 Spring,MUSI,2307,Play Guitar! Level 1,045484,"Rosensky,Michael",001,12725,College & Graduate Arts & Sci,3.75,13,0,6,4,3,0,0,0,0,0,0
2024 Spring,ECON,3010,Intermediate Microeconomics,007908,"Santugini,Marc",300,11866,College & Graduate Arts & Sci,3.17,84,23,14,9,10,7,6,2,3,0,10
2024 Spring,PHYS,1429,Intro Physics 1 Workshop,031036,"Bychkov,Maksim",003,10289,College & Graduate Arts & Sci,3.78,24,1,18,1,1,1,1,0,1,0,0
2024 Spring,STAT,1601,Intro Data Science with R,045055,"Roland,Kristen",002,11841,College & Graduate Arts & Sci,3.95,97,13,73,9,1,1,0,0,0,0,0
2024 Spring,EGMT,1520,Empirical Engagement,044513,"Reid,Sean",105,11891,College & Graduate Arts & Sci,3.97,35,0,32,3,0,0,0,0,0,0,0
2024 Spring,RUTR,3360,20th Century Russian Lit,034789,"Stuart,Madelyn",001,11304,College & Graduate Arts & Sci,3.63,23,3,11,5,2,0,0,1,0,0,1
2024 Spring,MATH,8750,Topology of Manifolds,023273,"Krushkal,Slava",001,12743,College & Graduate Arts & Sci,3.88,5,0,3,2,0,0,0,0,0,0,0
2024 Spring,ECON,8230,Advanced International Trade,041366,"Cosar,Kerem",001,12868,College & Graduate Arts & Sci,3.40,6,1,1,1,1,0,2,0,0,0,0
2024 Spring,EGMT,1520,Empirical Engagement,044513,"Clabough,Erin",104,11890,College & Graduate Arts & Sci,3.97,36,19,13,4,0,0,0,0,0,0,0
2024 Spring,EGMT,1540,Ethical Engagement,044515,"Brubaker,Evan",103,11906,College & Graduate Arts & Sci,3.89,36,0,31,1,1,3,0,0,0,0,0
2024 Spring,PHYS,2620,Modern Physics,030844,"Pocanic,Dinko",100,12762,College & Graduate Arts & Sci,3.27,65,8,12,17,6,6,5,3,4,1,3
2024 Spring,AAS,2500,Topics in Africana Studies,046413,"Wade,Ashleigh",002,12834,College & Graduate Arts & Sci,3.86,30,2,22,3,0,2,1,0,0,0,0
2024 Spring,MSE,2090,Intro to Materials Science,024402,"Balachandran,Prasanna",002,15417,Engineering & Applied Science,3.56,39,0,20,9,3,1,3,2,0,0,1
2024 Spring,ENWR,1510,Writing and Critical Inquiry,013432,"Jennings,Chandler",002,10490,College & Graduate Arts & Sci,3.95,18,0,15,3,0,0,0,0,0,0,0
2024 Spring,ENWR,1510,Writing and Critical Inquiry,013432,"Abry,George",008,10493,College & Graduate Arts & Sci,3.86,18,5,10,1,0,1,1,0,0,0,0
2024 Spring,EDIS,7076,"Tech, Learning Systems&Culture",044374,"Maddrell,Jennifer",500,15139,School of Education and HumanDev,3.34,8,5,1,0,0,0,1,0,0,0,1
2024 Spring,EDIS,7815,Pro-seminar: Innovations in Ed,044637,"Wheelock,Matthew",500,15145,School of Education and HumanDev,3.84,20,4,10,4,0,2,0,0,0,0,0
2024 Spring,CJ,5710,Conflict Res for Law Enf Execs,040130,"Craig,Amy L",A1,21351,Continuing & Prof Studies,4.00,19,10,9,0,0,0,0,0,0,0,0
2024 Spring,MDST,3559,New Course: MDST,039189,"Little,William",001,19180,College & Graduate Arts & Sci,3.61,27,5,8,6,2,5,0,0,0,1,0
2024 Spring,EGMT,1510,Engaging Aesthetics,044512,"Duong,Kevin",217,19282,College & Graduate Arts & Sci,3.91,10,0,7,3,0,0,0,0,0,0,0
2024 Spring,GNUR,8120,Intro to Qual Research Methods,017052,"LeBaron,Virginia",001,17255,School of Nursing,3.85,8,0,4,4,0,0,0,0,0,0,0
2024 Spring,MUSI,3310,Theory I,024801,"Puri,Michael",002,19859,College & Graduate Arts & Sci,3.78,20,7,9,0,1,2,0,1,0,0,0
2024 Spring,ACCT,5450,Federal Taxation I,045935,"Hutchinson,Harvey",701,20034,Continuing & Prof Studies,3.90,20,4,13,1,1,1,0,0,0,0,0
2024 Spring,CHEM,2321,Org Lab II Non-Chem Maj/Min,043155,"Chruma,Jason",003,11232,College & Graduate Arts & Sci,3.73,30,0,17,7,1,4,1,0,0,0,0
2024 Spring,ANTH,3590,Social & Cultural Anthropology,041002,"Tidey,Sylvia",002,19170,College & Graduate Arts & Sci,3.66,32,7,19,3,0,0,0,0,0,0,3
2024 Spring,EGMT,1510,Engaging Aesthetics,044512,"Yan,Jiajun",210,19276,College & Graduate Arts & Sci,3.94,35,0,33,0,0,2,0,0,0,0,0
2024 Spring,GBAC,7209,Data Analytics II,045281,"Mousavi,Reza",001,20482,McIntire Darden Grad Business,3.46,64,2,11,19,18,7,7,0,0,0,0
2024 Spring,SPAN,2020,Advanced Intermediate Spanish,035854,"Bonino,Nicole",008,10564,College & Graduate Arts & Sci,3.88,16,2,9,4,1,0,0,0,0,0,0
2024 Spring,EGMT,1520,Empirical Engagement,044513,"Rosenblith,Gillet",222,19529,College & Graduate Arts & Sci,3.97,32,17,13,1,1,0,0,0,0,0,0
2024 Spring,EGMT,1520,Empirical Engagement,044513,"Rosenblith,Gillet",223,19530,College & Graduate Arts & Sci,3.76,20,6,7,3,0,4,0,0,0,0,0
2024 Spring,EGMT,1530,Engaging Differences,044514,"Seitz,James",119,19556,College & Graduate Arts & Sci,3.97,36,4,28,4,0,0,0,0,0,0,0
2024 Spring,EGMT,1530,Engaging Differences,044514,"Skwiat,Matthew",122,19559,College & Graduate Arts & Sci,3.94,34,0,30,3,0,1,0,0,0,0,0
2024 Spring,GCOM,7730,"Mrg&Acq, Pri Equty & Restruct",015428,"Erwin,Gayle",001,20101,McIntire School of Commerce,3.62,42,0,17,8,12,5,0,0,0,0,0
2024 Spring,MATH,4651,Advanced Linear Algebra,023151,"Qi,You",001,11646,College & Graduate Arts & Sci,3.74,15,1,8,3,1,1,1,0,0,0,0
2024 Spring,GERM,2020,Intermediate German,015679,"Zuerner,Chrisann",004,19533,College & Graduate Arts & Sci,3.41,11,2,3,3,0,1,1,0,0,0,1
2024 Spring,COMM,1800,Foundations of Commerce,006438,"Hoopes,Charlotte",004,20214,McIntire School of Commerce,3.58,144,9,54,35,19,16,6,2,1,0,2
2024 Spring,LPPP,3559,New Course in PP & Lead,044183,"Zimmerman,Jane B",005,20876,Batten Leadership & Public Pol,3.75,13,0,7,5,0,0,0,1,0,0,0
2024 Spring,ENGL,2500,Intro to Literary Studies,012548,"Jost III,Walter P",005,21030,College & Graduate Arts & Sci,3.49,15,0,3,5,3,4,0,0,0,0,0
2024 Spring,ASL,2020,Intermed Amer Sign Language II,003002,"Propp,Gregory",003,11177,College & Graduate Arts & Sci,3.17,19,0,4,1,7,4,0,0,1,2,0
2024 Spring,KINE,4601,Athletic Injuries Lab,040719,"Rosenblum,Daniel",001,14728,School of Education and HumanDev,4.00,26,21,5,0,0,0,0,0,0,0,0
2024 Spring,CHEM,1500,Chemistry for Health Sciences,043753,"Welch,Kevin",001,11562,College & Graduate Arts & Sci,3.42,36,7,7,4,7,7,0,1,3,0,0
2024 Spring,GNUR,6010,Advanced Pathophysiology,016929,"Quatrara,Beth",001,17169,School of Nursing,3.62,36,1,12,11,7,3,2,0,0,0,0
2024 Spring,ENGL,2508,Studies in Fiction,012491,"Griffin,Cristina",005,19814,College & Graduate Arts & Sci,3.97,19,0,17,2,0,0,0,0,0,0,0
2024 Spring,BIOL,4040,Laboratory in Cell Biology,003591,"Bloom,George",100,11638,College & Graduate Arts & Sci,3.67,43,0,18,14,4,7,0,0,0,0,0
2024 Spring,HIUS,3753,History of Modern American Law,019614,"Milov,Sarah",100,19540,College & Graduate Arts & Sci,3.77,115,11,70,18,10,0,2,1,0,1,2
2024 Spring,PHYS,2040,Princip of Physics 2 Workshop,030812,"Bychkov,Maksim",001,10307,College & Graduate Arts & Sci,3.82,26,0,16,7,1,2,0,0,0,0,0
2024 Spring,CHIN,2060,Accelerated Intermed Chinese,006057,"Zhao,Ran",002,20500,College & Graduate Arts & Sci,3.94,16,0,13,3,0,0,0,0,0,0,0
2024 Spring,ENWR,1510,Writing and Critical Inquiry,013432,"Zaklikowski,Sophia",038,11653,College & Graduate Arts & Sci,3.91,18,0,14,3,1,0,0,0,0,0,0
2024 Spring,ISSS,3670,Ethnic and Race Relations,040291,"Aiken,Guy",101,20140,Continuing & Prof Studies,3.51,29,3,15,2,4,0,1,2,1,0,1
2024 Spring,NUCO,4720,Synthesis Practicum,043231,"Taliaferro-Jones,Elizabeth",001,17137,School of Nursing,4.00,49,28,21,0,0,0,0,0,0,0,0
2024 Spring,NUCO,2220,Cells to Society for Nursing,043100,"Gomes,Melissa",002,17176,School of Nursing,3.99,41,9,31,1,0,0,0,0,0,0,0
2024 Spring,GNUR,6031,Transition to Adv Practice,016923,"Reyna,Barbara",001,17170,School of Nursing,3.96,32,7,23,1,0,1,0,0,0,0,0
2024 Spring,DS,2004,Data Ethics,046829,"Sloane,Mona",001,17315,School of Data Science,3.64,53,1,20,14,14,1,3,0,0,0,0
2024 Spring,HIUS,3654,Black Fire,043417,"Harold,Claudrena",001,19538,College & Graduate Arts & Sci,3.76,115,0,102,1,1,1,0,2,2,2,4
2024 Spring,KINE,3450,Exercise & Nutrition Medicine,044387,"Angadi,Siddhartha",001,14822,School of Education and HumanDev,3.68,79,0,32,30,7,6,4,0,0,0,0
2024 Spring,APMA,3110,Applied Stats & Probability,001153,"Maiti,Deepyaman",004,19649,Engineering & Applied Science,3.28,43,2,8,14,2,9,2,0,4,1,1
2024 Spring,HR,5050,Org Change & Development,019929,"Degner,Kai",701,20041,Continuing & Prof Studies,3.94,15,4,8,3,0,0,0,0,0,0,0
2024 Spring,EGMT,1540,Ethical Engagement,044515,"Eaker,Erin",221,19610,College & Graduate Arts & Sci,3.89,36,0,30,4,0,1,0,1,0,0,0
2024 Spring,LAW,9069,Antitrust Review of Mergers,021987,"Fullerton,Lawrence",1,17896,School of Law,3.50,17,0,5,3,8,0,0,0,1,0,0
2024 Spring,LAW,9007,An American Half-Century,022323,"Setear,John",1,17851,School of Law,3.48,17,0,4,3,7,3,0,0,0,0,0
2024 Spring,LAW,9355,Law and Technology Colloquium,046379,"Citron,Danielle",1,17889,School of Law,3.54,17,0,3,8,2,4,0,0,0,0,0
2024 Spring,EDLF,5160,Life Span Development,043142,"Smith,Ray",500,15147,School of Education and HumanDev,3.54,34,2,17,6,2,3,1,1,0,1,1
2024 Spring,ECE,6714,Probabilistic Machine Learning,007713,"Hassanzadeh,Farzad",001,20787,Engineering & Applied Science,3.80,8,0,4,3,1,0,0,0,0,0,0
2024 Spring,LPPP,4991,Capstone Seminar,042163,"Mulloth,Balashankar",005,17003,Batten Leadership & Public Pol,3.77,18,0,7,9,2,0,0,0,0,0,0
2024 Spring,LAW,7019,Criminal Investigation,021639,"Armacost,Barbara",1,17824,School of Law,3.49,64,0,8,21,28,7,0,0,0,0,0
2024 Spring,EGMT,1520,Empirical Engagement,044513,"Greenland,Fiona",117,19511,College & Graduate Arts & Sci,3.78,12,2,6,1,2,1,0,0,0,0,0
2024 Spring,EDIS,5770,Soc/Em Issues in Talent Dev,045469,"Dmitrieva,Svetlana",500,15136,School of Education and HumanDev,3.96,16,0,14,2,0,0,0,0,0,0,0
2024 Spring,PLAP,4601,Democracy in America,031598,"Kromkowski,Charles",001,20585,College & Graduate Arts & Sci,3.35,15,0,1,9,1,2,0,0,1,1,0
2024 Spring,CHEM,4440,Biochemistry for Pre-Health,046085,"Grisham,Charles M",200,20566,College & Graduate Arts & Sci,3.74,26,0,16,3,4,3,0,0,0,0,0
2024 Spring,CJ,3660,Concepts in LE Wellness,039969,"Western,Gerald",A2,21361,Continuing & Prof Studies,3.96,14,2,10,2,0,0,0,0,0,0,0
2024 Spring,LPPA,7160,Rsch Mthds & Data Analysis II,038283,"Trillo,Daniel Tello",100,16919,Batten Leadership & Public Pol,3.12,43,1,1,9,7,13,8,4,0,0,0
2024 Spring,EDLF,3170,Introduction to Adolescence,044395,"Sweeney,Beverly",001,14825,School of Education and HumanDev,3.93,40,5,31,2,0,1,1,0,0,0,0
2024 Spring,NUCO,4056,Introduction to Health Policy,045043,"Apple,Ashley",002,19179,School of Nursing,4.00,49,36,13,0,0,0,0,0,0,0,0
2024 Spring,KOR,1020,Elementary Korean II,020865,"CHOI,YOON HWA",002,11543,College & Graduate Arts & Sci,3.64,20,6,5,3,2,1,3,0,0,0,0
2024 Spring,CJ,5200,Psychology of Leadership,042279,"Coleman,Marian Elizabeth",A2,21362,Continuing & Prof Studies,3.99,29,24,4,1,0,0,0,0,0,0,0
2024 Spring,ENCW,2300,Poetry Writing,013450,"Walker,Kamau",010,19759,College & Graduate Arts & Sci,3.91,15,6,7,0,2,0,0,0,0,0,0
2024 Spring,PSPM,5290,Agile Project Management,043656,"Parente,Susan",701,20085,Continuing & Prof Studies,3.61,18,5,7,2,2,1,0,0,0,0,1
2024 Spring,LPPS,5555,Adv Pub Pol & Lead Seminar,047210,"Bick,Alexander",001,20799,Batten Leadership & Public Pol,3.84,21,0,12,8,0,1,0,0,0,0,0
2024 Spring,LAW,8018,Trusts and Estates,021754,"Cahn,Naomi",1,17849,School of Law,3.53,12,0,1,5,6,0,0,0,0,0,0
2024 Spring,LPPP,3559,New Course in PP & Lead,044183,"Campanelli,Richard",002,20572,Batten Leadership & Public Pol,3.42,17,1,4,4,2,3,2,1,0,0,0
2024 Spring,LAW,7501,Spec Topics Short Course (SC),046387,"Lucier,Casey Erin",3,20164,School of Law,3.57,9,0,1,5,2,1,0,0,0,0,0
2024 Spring,EDLF,5700,"Race, Ethnicity and Diversity",043451,"Smith,Ray",500,20074,School of Education and HumanDev,3.09,24,4,10,2,1,1,1,0,0,1,4
2024 Spring,GSGS,4200,Applied Rsrch in GlobalStudies,046972,"Edmunds,David",001,19719,College & Graduate Arts & Sci,3.97,20,0,18,2,0,0,0,0,0,0,0
2024 Spring,GSGS,3330,Ecological Economics,046918,"Phillips,Spencer",001,19721,College & Graduate Arts & Sci,3.86,36,11,17,4,1,2,1,0,0,0,0
2024 Spring,EVSC,4070,Advanced GIS,013964,"Porter,John",001,19728,College & Graduate Arts & Sci,4.00,20,9,11,0,0,0,0,0,0,0,0
2024 Spring,MATH,3351,Elementary Linear Algebra,023081,"Shapiro,Brandon",002,11081,College & Graduate Arts & Sci,3.50,40,4,16,7,3,6,0,1,2,0,1
2024 Spring,EGMT,1520,Empirical Engagement,044513,"Rosenblith,Gillet",121,19516,College & Graduate Arts & Sci,3.89,35,23,6,2,2,2,0,0,0,0,0
2024 Spring,COMM,4560,Topics in Management,006524,"Metcalf,Mark",002,20259,McIntire School of Commerce,3.89,23,12,8,1,0,1,1,0,0,0,0
2024 Spring,EDLF,8315,Causal Inference Ed Pol Rsch,042735,"Miller,Luke",001,14758,School of Education and HumanDev,3.54,10,0,1,5,3,1,0,0,0,0,0
2024 Spring,EGMT,1530,Engaging Differences,044514,"McMillen,Christian",123,19560,College & Graduate Arts & Sci,3.90,33,0,27,4,1,0,1,0,0,0,0
2024 Spring,GCOM,7831,IT Product Management,041538,"Nelson,Russell",001,20225,McIntire School of Commerce,3.55,33,1,5,16,6,4,0,0,1,0,0
2024 Spring,GCOM,7860,Digital Innovation,015440,"Kitchens,Brent",001,20227,McIntire School of Commerce,3.49,33,0,6,10,14,2,0,0,1,0,0
2024 Spring,LAW,8006,Corporate Tax,021634,"Yale,Ethan",1,17847,School of Law,3.62,20,0,9,4,2,5,0,0,0,0,0
2024 Spring,ENGL,2506,Studies in Poetry,012488,"Jost,Walter",002,19850,College & Graduate Arts & Sci,3.53,17,0,7,3,4,2,0,0,0,1,0
2024 Spring,DS,6030,Statistical Learning,046346,"Gedeck,Peter",001,19492,School of Data Science,3.81,46,20,12,5,7,1,1,0,0,0,0
2024 Spring,PC,5010,Procurement Policy & Practices,029784,"Fischetti,Michael",701,20057,Continuing & Prof Studies,2.91,14,0,0,3,1,7,2,0,0,0,1
2024 Spring,ANTH,3295,Moral Experience,046534,"Zigon,Jarrett",001,19169,College & Graduate Arts & Sci,3.94,35,16,12,7,0,0,0,0,0,0,0
2024 Spring,ENWR,2520,Special Topics in Writing,013448,"Little,Dana",010,19349,College & Graduate Arts & Sci,4.00,15,5,10,0,0,0,0,0,0,0,0
2024 Spring,BIOL,4559,New Course: BIOL,038577,"McPeek,Sarah",002,19353,College & Graduate Arts & Sci,4.00,20,10,10,0,0,0,0,0,0,0,0
2024 Spring,CHIN,2010,Intermediate Chinese,006053,"Guo,Wen",002,20828,College & Graduate Arts & Sci,3.98,14,4,9,1,0,0,0,0,0,0,0
2024 Spring,EDHS,2895,Mental Health and Schools,042737,"Pianta,Robert",001,20358,School of Education and HumanDev,3.67,26,6,16,0,0,1,1,0,0,1,1
2024 Spring,CHEM,1421,Intro College Chemistry II Lab,005994,"Morkowchuk,Lisa",036,12474,College & Graduate Arts & Sci,3.80,23,18,0,3,0,0,1,0,0,1,0
2024 Spring,ENGL,4590,Seminar in Literary Genres,012175,"Rody,Caroline",001,19803,College & Graduate Arts & Sci,3.73,10,0,5,2,3,0,0,0,0,0,0
2024 Spring,LPPS,4735,Exp Social Entrepreneurship,042312,"Addison,Andreas D.",002,20432,Batten Leadership & Public Pol,3.18,17,0,0,4,3,8,2,0,0,0,0
2024 Spring,ENWR,1510,Writing and Critical Inquiry,013432,"Holmstrom,Kathryn",009,10494,College & Graduate Arts & Sci,4.00,18,5,13,0,0,0,0,0,0,0,0
2024 Spring,CE,6440,Advanced Trans Systems,004574,"Smith,Brian",600,19483,Engineering & Applied Science,3.54,5,0,3,0,0,1,1,0,0,0,0
2024 Spring,STAT,3220,Intro to Regression Analysis,040001,"Varanyak,Krista",003,19604,College & Graduate Arts & Sci,3.79,76,2,38,27,5,2,2,0,0,0,0
2024 Spring,SPAN,2020,Advanced Intermediate Spanish,035854,"Park,Sara",002,10559,College & Graduate Arts & Sci,3.63,16,0,2,11,2,0,1,0,0,0,0
2024 Spring,SPAN,2020,Advanced Intermediate Spanish,035854,"Barlow,Jennifer",011,10565,College & Graduate Arts & Sci,3.83,18,0,8,10,0,0,0,0,0,0,0
2024 Spring,SPAN,2010,Intermediate Spanish,035853,"Neff,Kate",007,11392,College & Graduate Arts & Sci,3.79,17,1,7,7,2,0,0,0,0,0,0
2024 Spring,EDLF,3492,Political Dialogue,046660,"Wahl,Rachel",001,20067,School of Education and HumanDev,3.95,15,3,11,0,1,0,0,0,0,0,0
2024 Spring,SLAV,2360,Dracula,035128,"Stepanic,Stanley",001,11090,College & Graduate Arts & Sci,3.88,198,2,146,36,7,5,1,0,0,0,1
2024 Spring,ECE,6502,Spec Top:Elect & Computer Engr,007732,"Zebarjadi,Mona",004,20609,Engineering & Applied Science,3.29,7,0,3,2,0,0,0,1,0,0,1
2024 Spring,KOR,2020,Intermediate Korean II,020867,"Han,Rosa",001,10438,College & Graduate Arts & Sci,3.47,14,2,3,3,4,0,0,1,1,0,0
2024 Spring,CS,4640,PL for Web Applications,044244,"Hott,Robbie",001,19357,Engineering & Applied Science,2.98,81,1,14,11,11,16,11,6,3,1,7
2024 Spring,CGBM,2210,Digital Skills for Workplace,047002,"Schuff,David Michael",001,20244,McIntire School of Commerce,3.57,35,0,10,13,6,3,3,0,0,0,0
2024 Spring,EGMT,1510,Engaging Aesthetics,044512,"Tite,Philip",212,19278,College & Graduate Arts & Sci,3.96,36,25,9,0,2,0,0,0,0,0,0
2024 Spring,EGMT,1520,Empirical Engagement,044513,"Dunham,Kelly",115,12281,College & Graduate Arts & Sci,3.95,35,7,25,2,0,1,0,0,0,0,0
2024 Spring,EGMT,1530,Engaging Differences,044514,"Dave,Shilpa",124,19561,College & Graduate Arts & Sci,3.91,35,0,28,5,1,1,0,0,0,0,0
2024 Spring,EGMT,1520,Empirical Engagement,044513,"Saraf,Ishani",108,19510,College & Graduate Arts & Sci,3.98,35,0,33,2,0,0,0,0,0,0,0
2024 Spring,ARCH,3260,Building Matters,001532,"McDowell,Seth",100,19729,School of Architecture,3.71,57,8,20,19,3,4,2,0,1,0,0
2024 Spring,PSYC,4250,Brain Systs Involved in Memory,032620,"Williams,Cedric",001,19733,College & Graduate Arts & Sci,3.26,26,11,1,2,2,2,1,0,7,0,0
2024 Spring,PSYC,4603,Psyc of Sexual Orientation,032634,"Patterson,Charlotte",001,19735,College & Graduate Arts & Sci,3.70,24,0,14,3,2,5,0,0,0,0,0
2024 Spring,FREN,3032,"Text, Image, Culture",014358,"Marks,Emily",003,11398,College & Graduate Arts & Sci,3.87,10,0,7,2,1,0,0,0,0,0,0
2024 Spring,EGMT,1520,Empirical Engagement,044513,"Simkins,Lauren",218,19525,College & Graduate Arts & Sci,3.92,32,24,5,2,0,0,0,0,1,0,0
2024 Spring,EDIS,7730,Read Assess & Data-Bsd Dec Mk,009525,"Bowling,Emily Catherine Cox",501,20062,School of Education and HumanDev,3.74,17,0,6,8,3,0,0,0,0,0,0
2024 Spring,EGMT,1510,Engaging Aesthetics,044512,"Tite,Philip",216,19281,College & Graduate Arts & Sci,3.73,34,11,14,4,1,2,0,0,1,0,1
2024 Spring,GCCS,4991,Fourth-year Seminar,045928,"Bashkow,Ira",001,12631,College & Graduate Arts & Sci,3.95,26,7,16,2,1,0,0,0,0,0,0
2024 Spring,LAW,6001,Constitutional Law,021552,"Hellman,Deborah",EH,17785,School of Law,3.40,61,0,5,16,30,9,0,1,0,0,0
2024 Spring,NASC,4200,Leadership and Ethics,025315,"Rovenolt,CAPT Michael",001,17363,Executive VP & Provost,3.94,14,0,11,3,0,0,0,0,0,0,0
2024 Spring,EGMT,1540,Ethical Engagement,044515,"Mellen,Emily",208,19603,College & Graduate Arts & Sci,4.00,36,34,2,0,0,0,0,0,0,0,0
2024 Spring,PSYC,5500,Current Topics in Psychology,032717,"Long,Nicole",002,19738,College & Graduate Arts & Sci,3.90,20,13,4,1,1,1,0,0,0,0,0
2024 Spring,EGMT,1530,Engaging Differences,044514,"Adams,Josephine",219,19572,College & Graduate Arts & Sci,3.90,36,3,27,3,1,2,0,0,0,0,0
2024 Spring,EGMT,1520,Empirical Engagement,044513,"Williams,Jennie",214,19522,College & Graduate Arts & Sci,4.00,25,2,23,0,0,0,0,0,0,0,0
2024 Spring,EGMT,1530,Engaging Differences,044514,"Bultman,Rebecca",116,19553,College & Graduate Arts & Sci,3.97,33,28,4,0,0,1,0,0,0,0,0
2024 Spring,EDLF,5040,Education and Neuroscience,046604,"Evans,Tanya M",001,20068,School of Education and HumanDev,3.86,66,27,24,9,3,1,1,0,1,0,0
2024 Spring,PHYS,1429,Intro Physics 1 Workshop,031036,"Bychkov,Maksim",013,11054,College & Graduate Arts & Sci,3.86,23,0,18,2,1,2,0,0,0,0,0
2024 Spring,PHYS,2040,Princip of Physics 2 Workshop,030812,"Bychkov,Maksim",004,10310,College & Graduate Arts & Sci,3.93,24,0,20,3,1,0,0,0,0,0,0
2024 Spring,EDLF,7805,Cultivating Profess Capacity,009745,"Baptist,June",500,15150,School of Education and HumanDev,4.00,8,4,4,0,0,0,0,0,0,0,0
2024 Spring,EDIS,2022,Teaching Mindful Movement,047154,"Cook,Lysandra",001,20359,School of Education and HumanDev,3.87,25,17,6,1,0,0,0,0,0,0,1
2024 Spring,MAE,3730,Flight Vehicle Dynamics,022593,"Dong,Haibo",001,15824,Engineering & Applied Science,3.61,75,14,29,15,5,7,0,2,0,0,3
2024 Spring,PHIL,1730,Intro to Moral & Pol Phil,030030,"Adams,Nate",100,19439,College & Graduate Arts & Sci,3.73,107,11,52,22,10,10,0,1,0,0,1
2024 Spring,CE,3000,CE Systems Analysis,004460,"Alemazkoor,Negin",001,19465,Engineering & Applied Science,3.67,11,7,2,0,0,0,1,0,0,1,0
2024 Spring,EGMT,1530,Engaging Differences,044514,"Mahler,Anne",224,19577,College & Graduate Arts & Sci,3.91,36,16,14,4,1,0,1,0,0,0,0
2024 Spring,STAT,3120,Intro Mathematical Statistics,040000,"Somal,Harsimran",001,12268,College & Graduate Arts & Sci,3.85,112,1,101,1,1,3,0,1,1,1,2
2024 Spring,PHIL,3800,Feminist Philosophy,044472,"Barnes,Elizabeth",001,11595,College & Graduate Arts & Sci,3.32,30,0,11,9,4,1,1,0,1,0,3
2024 Spring,MDST,3504,Topics in Global Media,042990,"Morimoto,Lori",004,12507,College & Graduate Arts & Sci,3.86,30,18,7,1,1,2,1,0,0,0,0
2024 Spring,COMM,2010,Intro to Financial Accounting,006440,"Mitchell,Jill",100,20229,McIntire School of Commerce,3.06,201,14,35,29,29,27,22,6,23,4,12
2024 Spring,AIRS,2200,Team & Leadersh Fundamentls II,000293,"Jones,Zachary",001,17393,Executive VP & Provost,3.34,11,1,6,1,1,0,0,0,0,1,1
2024 Spring,ENGL,2508,Studies in Fiction,012491,"Krentz,Christopher",001,19796,College & Graduate Arts & Sci,3.15,17,0,2,2,6,1,4,2,0,0,0
2024 Spring,PSHM,4700,Econ Finance Health Care,044365,"Erath,Mark",101,20009,Continuing & Prof Studies,3.48,21,9,4,2,0,3,1,0,1,0,1
2024 Spring,ENCW,2600,Fiction Writing,013455,"Lewis,Bella",008,19768,College & Graduate Arts & Sci,3.93,14,0,12,1,1,0,0,0,0,0,0
2024 Spring,ARCH,5715,Elements of Design,045503,"Clark,William",100,14348,School of Architecture,3.78,20,0,12,5,1,1,1,0,0,0,0
2024 Spring,GSGS,4150,"State, Society, & Development",046536,"Kruks-Wisner,Gabrielle",001,19709,College & Graduate Arts & Sci,3.86,13,0,7,6,0,0,0,0,0,0,0
2024 Spring,EVSC,2801,Fundamentals of Geology Lab,014091,"Fitzsimmons,Ian",002,10117,College & Graduate Arts & Sci,3.93,10,7,2,0,1,0,0,0,0,0,0
2024 Spring,PHIL,3140,History of Medieval Philosophy,030115,"Secada,Jorge",001,19541,College & Graduate Arts & Sci,3.67,22,1,5,13,2,0,0,0,1,0,0
2024 Spring,PHYS,8220,Fundamentals of Photonics,030952,"Schauss,Peter",001,20576,College & Graduate Arts & Sci,3.67,7,1,2,2,1,1,0,0,0,0,0
2024 Spring,EGMT,1510,Engaging Aesthetics,044512,"Duong,Kevin",218,19283,College & Graduate Arts & Sci,3.96,35,0,30,5,0,0,0,0,0,0,0
2024 Spring,ENCW,2600,Fiction Writing,013455,"Rasak-Oyadiran,Opeyemi",003,19763,College & Graduate Arts & Sci,3.61,15,0,9,4,1,0,0,0,0,0,1
2024 Spring,IT,3240,Enterprise Systems Architectur,020519,"Chisholm,Donald",701,20043,Continuing & Prof Studies,3.17,16,1,5,3,3,1,1,0,0,0,2
2024 Spring,GERM,2020,Intermediate German,015679,"Parker,Stefanie",002,11361,College & Graduate Arts & Sci,3.71,20,0,10,6,1,2,1,0,0,0,0
2024 Spring,CHIN,1020,Elementary Chinese,006048,"Gao,Ying",004,11364,College & Graduate Arts & Sci,3.94,15,0,12,3,0,0,0,0,0,0,0
2024 Spring,HIEU,3505,"History and Fiction, Topics",044604,"Achilles,Manuela",001,19406,College & Graduate Arts & Sci,3.79,29,0,10,18,1,0,0,0,0,0,0
2024 Spring,MATH,1220,A Survey of Calculus II,022945,"Mitchell,Susan Beth",900,13467,College & Graduate Arts & Sci,3.05,14,1,4,0,1,1,4,2,0,0,1
2024 Spring,ENGL,4500,Seminar in English Literature,045452,"Edmundson,Mark",001,19845,College & Graduate Arts & Sci,3.69,20,1,8,6,2,3,0,0,0,0,0
2024 Spring,NUCO,4720,Synthesis Practicum,043231,"Taliaferro-Jones,Elizabeth",002,19183,School of Nursing,3.98,63,30,29,4,0,0,0,0,0,0,0
2024 Spring,MATH,4140,Math of Derivative Securities,023122,"Slonim,Daniel",001,11437,College & Graduate Arts & Sci,2.54,32,0,5,3,2,7,1,3,4,3,4
2024 Spring,LAW,6006,Property,021565,"Nicoletti,Cynthia",AC,17792,School of Law,3.40,62,0,6,15,27,14,0,0,0,0,0
2024 Spring,LAW,7088,Law and Public Service,040070,"Kim,Annie",1,17795,School of Law,3.53,23,0,5,5,12,1,0,0,0,0,0
2024 Spring,COMM,4522,Topics in BA,046287,"Shi,Lanfei",003,20224,McIntire School of Commerce,3.84,20,8,7,2,1,2,0,0,0,0,0
2024 Spring,LAW,6103,Corporations,021636,"Kitch,Edmund",1,17807,School of Law,3.48,36,1,5,7,20,3,0,0,0,0,0
2024 Spring,GCOM,7240,Advanced Quantitative Analysis,043908,"Netemeyer,Richard",001,20094,McIntire School of Commerce,3.70,20,0,8,9,1,0,2,0,0,0,0
2024 Spring,SPAN,1060,Accelerated Elementary Spanish,035820,"Street,Matthew",004,10402,College & Graduate Arts & Sci,3.84,16,2,8,5,0,1,0,0,0,0,0
2024 Spring,LPPP,6350,Politics of Public Policy,045109,"Holbein,John",001,17009,Batten Leadership & Public Pol,3.61,55,0,21,18,9,3,3,0,0,0,1
2024 Spring,LPPS,5720,Data Ethics and Practice,046877,"Claibourn,Michele",001,17017,Batten Leadership & Public Pol,3.86,18,0,11,6,1,0,0,0,0,0,0
2024 Spring,ARTS,2610,Drawing I,002836,"Taylor,Jackson",002,11292,College & Graduate Arts & Sci,3.88,17,11,5,0,0,0,0,0,1,0,0
2024 Spring,LAW,8655,Estate Planning: Princ & Prac,022045,"Murphy,Stephen",1,17826,School of Law,3.56,16,0,3,6,6,1,0,0,0,0,0
2024 Spring,EGMT,1510,Engaging Aesthetics,044512,"Kisliuk,Michelle",208,19275,College & Graduate Arts & Sci,3.87,33,1,29,1,0,0,0,0,2,0,0
2024 Spring,CHEM,1421,Intro College Chemistry II Lab,005994,"Morkowchuk,Lisa",006,11183,College & Graduate Arts & Sci,3.84,24,18,0,3,1,1,1,0,0,0,0
2024 Spring,ASTR,1220,Intro Stars Galaxies Universe,003047,"Pryal,Matthew",001,11641,College & Graduate Arts & Sci,3.27,92,0,21,23,15,13,6,5,4,3,2
2024 Spring,CHEM,1421,Intro College Chemistry II Lab,005994,"Morkowchuk,Lisa",012,10611,College & Graduate Arts & Sci,3.47,24,6,4,8,2,0,2,0,0,1,1
2024 Spring,AMST,3471,American Cinema,046318,"Chong,Sylvia",001,19877,College & Graduate Arts & Sci,3.54,23,2,10,6,1,1,1,1,0,0,1
2024 Spring,SPAN,4040,Translation Spanish to English,035927,"Prados,Nieves Garcia",001,10694,College & Graduate Arts & Sci,3.67,20,0,9,9,1,0,0,0,0,0,1
2024 Spring,MAE,6592,Spec Topcs in Mech & Aero Engr,022685,"Loth,Eric",002,19424,Engineering & Applied Science,3.73,15,2,6,3,3,1,0,0,0,0,0
2024 Spring,SPAN,2010,Intermediate Spanish,035853,"Jarque,Esperanza Gorriz",013,11393,College & Graduate Arts & Sci,3.52,15,0,1,8,5,0,1,0,0,0,0
2024 Spring,GNUR,6056,Health Policy,016935,"Blair,Ann McQueen",002,17048,School of Nursing,4.00,36,17,19,0,0,0,0,0,0,0,0
2024 Spring,MATH,1210,A survey of Calculus I,022944,"Evans,Ana Nora",200,13464,College & Graduate Arts & Sci,3.24,36,0,17,3,3,1,6,2,0,0,4
2024 Spring,ENWR,1510,Writing and Critical Inquiry,013432,"Little,Dana",062,12309,College & Graduate Arts & Sci,4.00,18,3,15,0,0,0,0,0,0,0,0
2024 Spring,ISBU,4680,Entrepreneurship,037517,"Kenney,King",101,20121,Continuing & Prof Studies,3.48,27,0,11,8,3,1,2,0,1,0,1
2024 Spring,LPPA,3650,Economics of Public Policy,042162,"Lipscomb,Molly",002,17014,Batten Leadership & Public Pol,3.46,57,0,4,30,12,7,1,3,0,0,0
2024 Spring,EDIS,7220,Intro to Gifted,009709,"Missett,Tracy",500,15140,School of Education and HumanDev,3.81,8,0,3,5,0,0,0,0,0,0,0
2024 Spring,ENGL,5559,New Course: ENGL,045439,"Rush,Rebecca",002,19817,College & Graduate Arts & Sci,3.49,17,1,12,2,0,0,0,0,0,0,2
2024 Spring,ENGL,2508,Studies in Fiction,012491,"Fowler,Charity",007,19837,College & Graduate Arts & Sci,3.71,17,0,14,1,1,0,0,0,0,0,1
2024 Spring,DS,1002,Programming for Data Science,046058,"Xie,Jianxin",002,20040,School of Data Science,3.95,72,0,61,10,1,0,0,0,0,0,0
2024 Spring,CHEM,1421,Intro College Chemistry II Lab,005994,"Morkowchuk,Lisa",009,10608,College & Graduate Arts & Sci,3.92,18,15,1,0,2,0,0,0,0,0,0
2024 Spring,ISCP,3991,Capstone Project I,043821,"May,Julia S",101,20124,Continuing & Prof Studies,3.77,21,0,17,3,0,0,0,0,0,0,1
2024 Spring,CHEM,1421,Intro College Chemistry II Lab,005994,"Morkowchuk,Lisa",011,10610,College & Graduate Arts & Sci,3.57,21,9,2,6,1,0,1,0,1,0,1
2024 Spring,ENWR,3640,Writing with Sound,044171,"Gelly,Piers",001,20172,College & Graduate Arts & Sci,3.69,15,0,12,2,0,0,0,0,0,0,1
2024 Spring,BIOL,4770,Synthetic Biology,043426,"Kozminski,Keith",001,11351,College & Graduate Arts & Sci,3.80,17,0,7,9,1,0,0,0,0,0,0
2024 Spring,SPAN,1060,Accelerated Elementary Spanish,035820,"Street,Matthew",003,10401,College & Graduate Arts & Sci,3.66,11,0,2,8,0,0,1,0,0,0,0
2024 Spring,SPAN,2020,Advanced Intermediate Spanish,035854,"Hogg,Jennifer",004,10561,College & Graduate Arts & Sci,3.38,17,0,4,5,4,1,1,1,0,1,0
2024 Spring,SPAN,1060,Accelerated Elementary Spanish,035820,"Street,Matthew",005,11186,College & Graduate Arts & Sci,2.67,12,0,1,3,2,0,1,2,1,0,2
2024 Spring,GCNL,5170,Persons w/Complex Health Probs,015378,"Craig,Sarah",100,17061,School of Nursing,3.91,35,0,24,11,0,0,0,0,0,0,0
2024 Spring,EGMT,1530,Engaging Differences,044514,"Skwiat,Matthew",121,19558,College & Graduate Arts & Sci,3.92,35,0,28,5,2,0,0,0,0,0,0
2024 Spring,LAW,6006,Property,021565,"Doran,Michael",DF,17793,School of Law,3.40,60,0,5,16,26,13,0,0,0,0,0
2024 Spring,ISSS,4314,World of Theodore Roosevelt,041489,"Haury,Clifford",101,20142,Continuing & Prof Studies,3.49,26,0,14,6,2,2,0,0,0,0,2
2024 Spring,EDIS,5221,Reading Foundations,009443,"Thacker-Gwaltney,Susan",500,20055,School of Education and HumanDev,3.78,6,0,3,2,1,0,0,0,0,0,0
2024 Spring,GERM,3510,Topics in German Culture,015728,"Grossman,Jeffrey",001,20499,College & Graduate Arts & Sci,3.87,12,2,6,3,1,0,0,0,0,0,0
2024 Spring,ITTR,3670,Contemporary Italian Cinema,045364,"White,Tonya L.",501,19041,College & Graduate Arts & Sci,3.95,12,0,10,2,0,0,0,0,0,0,0
2024 Spring,EGMT,1510,Engaging Aesthetics,044512,"Swoboda,Jessica",222,19285,College & Graduate Arts & Sci,3.81,35,6,24,3,0,0,0,1,0,0,1
2024 Spring,SEC,4020,Mobile Security and Forensics,045345,"Holbert,Derek",701,20086,Continuing & Prof Studies,3.64,14,3,7,1,1,0,0,1,0,1,0
2024 Spring,WGS,2600,Human Sexualities,045710,"Speidel,Lisa",001,12284,College & Graduate Arts & Sci,3.97,60,0,57,0,3,0,0,0,0,0,0
2024 Spring,CS,6501,Spec Top: Computer Science,006981,"Farnoud,Farzad Hassanzadeh",014,20835,Engineering & Applied Science,3.87,13,7,4,0,1,1,0,0,0,0,0
2024 Spring,STAT,7995,Statistical Consulting,036712,"Kafadar,Karen",001,19622,College & Graduate Arts & Sci,3.51,34,6,9,2,9,4,3,1,0,0,0
2024 Spring,EGMT,1520,Empirical Engagement,044513,"Simkins,Lauren",217,19524,College & Graduate Arts & Sci,3.95,19,9,9,0,0,1,0,0,0,0,0
2024 Spring,EGMT,1530,Engaging Differences,044514,"Gilboa,Zvi",105,12271,College & Graduate Arts & Sci,3.97,31,12,16,3,0,0,0,0,0,0,0
2024 Spring,MATH,1210,A survey of Calculus I,022944,"Aitzhanova,Bakhyt",700,19673,College & Graduate Arts & Sci,2.99,34,0,11,4,3,2,4,1,5,1,3
2024 Spring,ENGL,2508,Studies in Fiction,012491,"Kinney,James",006,19818,College & Graduate Arts & Sci,3.59,18,0,4,9,2,2,1,0,0,0,0
2024 Spring,MAE,6592,Spec Topcs in Mech & Aero Engr,022685,"Loth,Eric",601,19425,Engineering & Applied Science,3.57,6,0,1,3,1,1,0,0,0,0,0
2024 Spring,APMA,3120,Statistics,001154,"Lark,James",002,19650,Engineering & Applied Science,3.03,47,0,11,10,2,7,6,1,1,6,3
2024 Spring,LAW,7071,Professional Responsibility,021935,"Cohen,George",1,17805,School of Law,3.66,47,8,10,11,13,2,3,0,0,0,0
2024 Spring,HIUS,3411,American Business,019601,"Thomas,Mark",001,19535,College & Graduate Arts & Sci,2.88,48,0,6,10,7,5,3,7,2,3,5
2024 Spring,FREN,3032,"Text, Image, Culture",014358,"Boutaghou,Ferial",001,11784,College & Graduate Arts & Sci,3.86,16,0,11,3,2,0,0,0,0,0,0
2024 Spring,MUSI,4610,Sound Synthesis and Control,044437,"Dahl,Luke",001,13644,College & Graduate Arts & Sci,3.85,11,0,7,3,1,0,0,0,0,0,0
2024 Spring,GSGS,4200,Applied Rsrch in GlobalStudies,046972,"Edmunds,David",002,19720,College & Graduate Arts & Sci,3.79,20,0,18,1,0,0,0,0,0,0,1
2024 Spring,MEST,2559,New Course: MEST,042797,"Reznick,Ohad",001,19422,College & Graduate Arts & Sci,3.82,20,5,7,5,3,0,0,0,0,0,0
2024 Spring,EDLF,7812,Ldshp for Continuous Improve,042238,"Spicer,David Eddy",500,15156,School of Education and HumanDev,3.89,12,0,9,2,1,0,0,0,0,0,0
2024 Spring,MATH,1210,A survey of Calculus I,022944,"Kurtz,Brianna A.",920,19674,College & Graduate Arts & Sci,3.54,28,0,15,2,4,3,2,1,0,1,0
2024 Spring,EDIS,5025,"Curric, Instruct & Assessment",044060,"Jewett,Anne",500,19223,School of Education and HumanDev,3.83,23,0,17,3,1,1,1,0,0,0,0
2024 Spring,ENWR,1510,Writing and Critical Inquiry,013432,"Gish,Allison",033,11367,College & Graduate Arts & Sci,3.96,18,6,11,0,1,0,0,0,0,0,0
2024 Spring,AAS,3157,Caribbean Perspectives,039566,"SIWAJU,FATIMA",001,19727,College & Graduate Arts & Sci,3.90,13,7,4,1,0,1,0,0,0,0,0
2024 Spring,EGMT,1540,Ethical Engagement,044515,"Williams,Bruce",219,19608,College & Graduate Arts & Sci,3.69,35,0,15,11,6,2,1,0,0,0,0
2024 Spring,CHEM,1421,Intro College Chemistry II Lab,005994,"Morkowchuk,Lisa",019,10618,College & Graduate Arts & Sci,3.82,19,8,1,9,1,0,0,0,0,0,0
2024 Spring,GETR,3470,Literature of the Holocaust,015950,"Grossman,Jeffrey",001,19543,College & Graduate Arts & Sci,3.75,22,2,12,5,1,0,1,0,1,0,0
2024 Spring,PHIL,5570,Metaphysics Topic,043345,"Harris,Kimberly",001,19578,College & Graduate Arts & Sci,4.00,6,2,4,0,0,0,0,0,0,0,0
2024 Spring,GCOM,7720,Financial Trading Analytics,015427,"Grazioli,Stefano",001,20100,McIntire School of Commerce,3.68,38,0,24,3,3,4,4,0,0,0,0
2024 Spring,GCOM,7870,Foundations of Global Commerce,038183,"Burroughs,James",002,20105,McIntire School of Commerce,3.72,42,0,14,20,7,1,0,0,0,0,0
2024 Spring,ENCW,2600,Fiction Writing,013455,"Kim,Seonah",002,19762,College & Graduate Arts & Sci,3.96,15,0,13,2,0,0,0,0,0,0,0
2024 Spring,LAW,7023,Emply Law: Contrcts/Torts/Stat,021641,"Verkerke,J",1,17848,School of Law,3.54,65,2,7,27,25,2,2,0,0,0,0
2024 Spring,NURS,4951,Distinguished Majors Sem II,029616,"Acquaviva,Kimberly",001,17057,School of Nursing,3.98,14,3,10,1,0,0,0,0,0,0,0
2024 Spring,ENGL,5580,Seminar in Critical Theory,047159,"Goff,Lisa",001,20375,College & Graduate Arts & Sci,3.80,8,0,5,2,0,1,0,0,0,0,0
2024 Spring,EVSC,7270,Advanced Soil Science,047201,"Richardson,Justin",100,20822,College & Graduate Arts & Sci,4.00,7,5,2,0,0,0,0,0,0,0,0
2024 Spring,ACCT,5460,Federal Taxation II,000194,"GRANADO,NICHOLAS",701,20035,Continuing & Prof Studies,3.85,14,0,7,7,0,0,0,0,0,0,0
2024 Spring,LAW,6104,Evidence,021648,"Collins,Michael",1,17787,School of Law,3.57,88,0,19,31,32,6,0,0,0,0,0
2024 Spring,SYS,5581,Topics in Systems Engineering,040876,"Moore,Hunter David",002,20924,Engineering & Applied Science,4.00,7,3,4,0,0,0,0,0,0,0,0
2024 Spring,LAW,8805,Grad Legal Research/Writing II,042533,"Moran,Karen",2,17920,School of Law,3.46,10,0,2,2,4,2,0,0,0,0,0
2024 Spring,ENWR,1510,Writing and Critical Inquiry,013432,"Wang,Xiwen",041,11656,College & Graduate Arts & Sci,3.97,18,4,12,2,0,0,0,0,0,0,0
2024 Spring,EDHS,2460,Clinical Observation,045733,"Hilton,Jane",001,14964,School of Education and HumanDev,3.97,18,0,16,2,0,0,0,0,0,0,0
2024 Spring,EGMT,1510,Engaging Aesthetics,044512,"Ferguson,Andrew",215,19280,College & Graduate Arts & Sci,3.98,36,0,34,2,0,0,0,0,0,0,0
2024 Spring,ECON,2820,Behavioral Economics,046916,"Holt,Charles",001,13989,College & Graduate Arts & Sci,3.94,30,9,16,4,1,0,0,0,0,0,0
2024 Spring,EDIS,7700,Reading Found Diverse Learners,009522,"Pearson,Emma Peworchik",500,15141,School of Education and HumanDev,3.28,6,0,3,1,0,1,0,0,0,0,1
2024 Spring,ENCW,2300,Poetry Writing,013450,"Luborsky,Alexa",003,19752,College & Graduate Arts & Sci,3.89,15,1,10,3,1,0,0,0,0,0,0
2024 Spring,CHEM,1421,Intro College Chemistry II Lab,005994,"Morkowchuk,Lisa",035,12406,College & Graduate Arts & Sci,3.73,23,16,1,2,2,1,0,0,0,0,1
2024 Spring,AMST,2559,New Course: AMST,038535,"Acevedo-Reyes,Manuel",001,19869,College & Graduate Arts & Sci,3.56,16,5,5,1,0,2,1,2,0,0,0
2024 Spring,STS,4600,Engr Ethcs Prof Responsibility,036750,"Davis,William",010,15698,Engineering & Applied Science,3.19,18,1,5,3,4,1,0,0,0,3,1
2024 Spring,FREN,3559,New Course in French Culture,039204,"Blatt,Ari",001,19493,College & Graduate Arts & Sci,4.00,13,2,11,0,0,0,0,0,0,0,0
2024 Spring,PSYC,3490,Infant Development,032576,"Grossmann,Tobias",001,19732,College & Graduate Arts & Sci,3.79,150,36,79,8,10,9,3,2,3,0,0
2024 Spring,GCOM,7291,Frontiers in Biotechnology II,046774,"Hastings,Nikki",001,20097,McIntire School of Commerce,3.77,17,4,6,4,2,0,1,0,0,0,0
2024 Spring,EGMT,1510,Engaging Aesthetics,044512,"Farooqi,Mehr",213,19504,College & Graduate Arts & Sci,3.95,35,31,1,2,0,0,1,0,0,0,0
2024 Spring,EGMT,1510,Engaging Aesthetics,044512,"Robbins,Christa",221,19506,College & Graduate Arts & Sci,3.97,34,0,32,1,1,0,0,0,0,0,0
2024 Spring,HIST,3352,The First World War,043411,"Gratien,Christopher",001,19507,College & Graduate Arts & Sci,3.62,60,0,29,13,10,4,3,0,0,0,1
2024 Spring,MSP,3501,Exploring the Middle Ages,024481,"McGrady,Deborah",001,20582,College & Graduate Arts & Sci,3.80,18,0,14,2,0,1,0,0,1,0,0
2024 Spring,GERM,1020,Elementary German,015643,"Zuerner,Chrisann",003,12434,College & Graduate Arts & Sci,3.98,15,3,11,1,0,0,0,0,0,0,0
2024 Spring,LAW,6001,Constitutional Law,021552,"Milligan,Joy",DI,17784,School of Law,3.39,62,0,6,16,24,16,0,0,0,0,0
2024 Spring,LAW,7144,Negotiation,043847,"Shadel,Molly",1,17838,School of Law,3.48,30,0,1,12,17,0,0,0,0,0,0
2024 Spring,NUCO,2220,Cells to Society for Nursing,043100,"Campbell,Cathy",001,17175,School of Nursing,3.93,34,8,25,0,0,0,0,0,0,1,0
2024 Spring,LAW,7737,Corp Trans: Start to Exit (SC),043454,"Clayton,Kevin",1,17894,School of Law,3.56,9,0,3,2,2,2,0,0,0,0,0
2024 Spring,GCOM,7510,Special Topics in Finance,043915,"Chen,Zhaohui",001,20099,McIntire School of Commerce,3.60,29,4,9,5,4,6,1,0,0,0,0
2024 Spring,EGMT,1530,Engaging Differences,044514,"Seitz,James",120,19557,College & Graduate Arts & Sci,3.87,36,4,27,0,1,4,0,0,0,0,0
2024 Spring,GBAC,7208,Customer Analytics,045277,"Netemeyer,Richard",001,20481,McIntire Darden Grad Business,3.65,64,1,20,26,10,6,1,0,0,0,0
2024 Spring,PHS,7120,Comp Effect and Outcomes,030373,"Lobo,Jennifer",001,18435,Medical School - BIMS/PHS,4.00,9,2,7,0,0,0,0,0,0,0,0
2024 Spring,ENGR,1020,Engineering Foundations 2,046986,"Goldschneider,Benjamin",008,19132,Engineering & Applied Science,3.63,45,0,24,5,8,5,1,2,0,0,0
2024 Spring,EGMT,1510,Engaging Aesthetics,044512,"Farooqi,Mehr",211,19277,College & Graduate Arts & Sci,3.56,35,22,3,2,2,0,1,1,1,0,3
2024 Spring,PHYS,1425,Intro Physics 1 for Engineers,031032,"Zheng,Xiaochao",003,10286,College & Graduate Arts & Sci,3.52,99,4,28,32,15,10,3,5,1,0,1
2024 Spring,CJ,5720,Seminar in Managing LE Image,043266,"Pennybacker,Gail Lyn",A4,21382,Continuing & Prof Studies,4.00,21,19,2,0,0,0,0,0,0,0,0
2024 Spring,ENGL,3520,Studies Renaissance Literature,045450,"Rush,Rebecca",001,19816,College & Graduate Arts & Sci,3.86,25,1,15,7,2,0,0,0,0,0,0
2024 Spring,ENWR,1510,Writing and Critical Inquiry,013432,"Casteen,John",043,11658,College & Graduate Arts & Sci,3.71,17,0,8,5,2,2,0,0,0,0,0
2024 Spring,PC,5160,Strategic Customer Relationshi,041574,"Bersson,Thomas F",750,20080,Continuing & Prof Studies,3.87,15,3,9,2,0,0,1,0,0,0,0
2024 Spring,GCNL,5250,CNL in Health Care System,015370,"Anderson,Joel",001,17064,School of Nursing,4.00,40,32,8,0,0,0,0,0,0,0,0
2024 Spring,HIUS,4501,Seminar United States History,019633,"Harold,Claudrena",003,19568,College & Graduate Arts & Sci,3.40,11,0,7,1,0,1,1,0,0,0,1
2024 Spring,EGMT,1530,Engaging Differences,044514,"Bultman,Rebecca",220,19573,College & Graduate Arts & Sci,3.95,36,26,7,2,0,0,1,0,0,0,0
2024 Spring,NUIP,4200,Pathophysiology,029460,"Roberts,Sarah",001,17177,School of Nursing,3.67,23,0,7,11,3,1,1,0,0,0,0
2024 Spring,ANTH,3541,Topics in Linguistics,041156,"Wendte,Nathan",002,20434,College & Graduate Arts & Sci,3.75,11,0,8,0,1,2,0,0,0,0,0
2024 Spring,ENCW,2600,Fiction Writing,013455,"Davis,Ian",010,19770,College & Graduate Arts & Sci,3.88,13,1,8,3,1,0,0,0,0,0,0
2024 Spring,STAT,2020,Statistics for Biologists,039999,"Ferrara,Maria",001,11296,College & Graduate Arts & Sci,3.61,114,16,40,34,6,5,5,2,3,0,3
2024 Spring,NUCO,4710,Team-Based Care Synthesis,043230,"Ridge,Richard",001,17136,School of Nursing,3.81,63,0,24,39,0,0,0,0,0,0,0
2024 Spring,PSYC,3260,Brain Science Thru Diversity,046304,"Ribic,Adema",001,19731,College & Graduate Arts & Sci,3.88,147,0,133,0,0,12,0,0,1,0,1
2024 Spring,EGMT,1520,Empirical Engagement,044513,"Rosenblith,Gillet",123,19518,College & Graduate Arts & Sci,3.96,29,14,12,2,1,0,0,0,0,0,0
2024 Spring,COMM,2020,Intro Management Accounting,006441,"Mitchell,Jill",100,20230,McIntire School of Commerce,3.22,568,32,131,85,78,86,62,33,31,15,15
2024 Spring,EDIS,5141,IEP & Transition,040533,"Coleman,Olivia",500,15126,School of Education and HumanDev,4.00,26,20,6,0,0,0,0,0,0,0,0
2024 Spring,ECE,6501,Topics: Elect & Computer Engr,007731,"Beling,Andreas",600,20606,Engineering & Applied Science,3.53,8,0,0,6,1,0,1,0,0,0,0
2024 Spring,EDIS,5142,IEP Develop & Implementation,045417,"Myers-Mitchell,H. Nicole",500,15127,School of Education and HumanDev,3.97,10,2,7,1,0,0,0,0,0,0,0
2024 Spring,PSHM,4600,Serv Excellence in Hlth Care,044735,"Jackson,Kevin",101,20008,Continuing & Prof Studies,3.23,12,0,5,4,0,0,0,1,0,1,1
2024 Spring,MDST,4510,Capstone Topics,045773,"Sloane,Mona",004,20583,College & Graduate Arts & Sci,3.60,14,0,6,4,2,1,0,0,1,0,0
2024 Spring,PSYC,5500,Current Topics in Psychology,032717,"Mathews,Channing",003,19739,College & Graduate Arts & Sci,3.80,10,2,5,1,1,1,0,0,0,0,0
2024 Spring,CJ,5690,Advanced Public Speaking,046814,"Lewis,Cynthia L.",A1,21380,Continuing & Prof Studies,4.00,31,29,2,0,0,0,0,0,0,0,0
2024 Spring,STAT,2120,Intro to Statistical Analysis,036655,"Weinstock,Justin",200,10417,College & Graduate Arts & Sci,3.55,165,5,56,45,31,12,10,3,1,0,2
2024 Spring,LAW,9205,Crimmigration Law,042773,"Frost,Amanda",1,18625,School of Law,3.55,17,0,2,8,6,1,0,0,0,0,0
2024 Spring,PHYS,2020,Principles of Physics 2,030810,"Sundararajan,Jency",002,10306,College & Graduate Arts & Sci,3.34,99,14,24,22,8,12,8,0,5,0,6
2024 Spring,BIOL,4559,New Course: BIOL,038577,"McIntyre,Dan",003,19354,College & Graduate Arts & Sci,3.90,37,18,13,2,3,1,0,0,0,0,0
2024 Spring,EDHS,2250,Stress and Anxiety Management,044538,"Clerkin,Elise Marie",002,21146,School of Education and HumanDev,3.88,39,0,33,3,0,2,0,1,0,0,0
2024 Spring,ISSS,4670,Organizatnl Change & Devlpmt,020503,"McClellan,Sara E.",DC02,21171,Continuing & Prof Studies,3.38,23,0,6,5,3,6,1,2,0,0,0
2024 Spring,GNUR,8140,Stat Mthd Health Care Rsch II,017050,"Byon,Ha Do",001,17232,School of Nursing,3.88,8,0,6,1,1,0,0,0,0,0,0
2024 Spring,MUSI,3559,New Course: MUSI,040894,"Gantt,Nicole Mitchell",001,20338,College & Graduate Arts & Sci,3.93,15,4,9,1,1,0,0,0,0,0,0
2024 Spring,EDIS,3020,The Exceptional Learner,009391,...,501,21174,School of Education and HumanDev,3.92,30,2,23,3,2,0,0,0,0,0,0
2024 Spring,ISLS,3100,Age of Discovery: 1500-1700,041625,"Corlett,David M",DC01,21166,Continuing & Prof Studies,3.72,23,0,9,9,4,1,0,0,0,0,0
2024 Spring,ISLS,3000,Transformations: Liberal Arts,044252,"Matthews,Charlotte Hilary",DC01,21168,Continuing & Prof Studies,3.80,23,9,6,4,2,2,0,0,0,0,0
2024 Spring,DS,2003,Communicating with Data,046060,"Kupperman,Natalie",001,17291,School of Data Science,3.84,58,0,43,9,2,3,0,0,0,1,0
2024 Spring,LAW,8615,Housing Litigation Clinic (YR),040055,"Horrock,Victoria",1,18038,School of Law,3.45,8,0,0,3,5,0,0,0,0,0,0
2024 Spring,GBAC,7214,Prototyping & Product Dev,045284,"Chao,Raul O",001,20484,McIntire Darden Grad Business,3.54,64,0,13,21,23,7,0,0,0,0,0
2024 Spring,GBAC,7224,Business Ethics & Digital Age,045271,"Parmar,Bidhan",001,20487,McIntire Darden Grad Business,3.43,64,0,10,13,32,6,3,0,0,0,0
2024 Spring,ANTH,5549,Top:Theoretical Ling&Ling Anth,000858,"Dobrin,Lise",001,19174,College & Graduate Arts & Sci,3.89,8,0,5,3,0,0,0,0,0,0,0
2024 Spring,ENGR,1020,Engineering Foundations 2,046986,"Williams,Shaylin",009,19133,Engineering & Applied Science,3.85,48,0,38,6,1,0,1,2,0,0,0
2024 Spring,ENGR,1020,Engineering Foundations 2,046986,"Maiti,Deepyaman",015,19139,Engineering & Applied Science,3.96,44,0,40,3,0,1,0,0,0,0,0
2024 Spring,ISHU,3183,Creative Nonfiction Writing,042413,"Matthews,Charlotte",101,20130,Continuing & Prof Studies,3.73,28,7,11,4,2,2,1,1,0,0,0
2024 Spring,GCOM,7850,IT-Driven Org Transformation,015439,"Kitchens,Brent",001,20226,McIntire School of Commerce,3.49,33,0,6,10,14,2,0,0,1,0,0
2024 Spring,PSTS,1010,Digital Tech & Communication,040746,"Chittargi,Kiran N",560,20145,Continuing & Prof Studies,3.69,13,0,10,0,1,0,1,0,1,0,0
2024 Spring,GCOM,7621,Managing Sust. Development,044168,"White,Mark",001,20492,McIntire School of Commerce,3.55,11,0,1,5,5,0,0,0,0,0,0
2024 Spring,CHEM,1421,Intro College Chemistry II Lab,005994,"Morkowchuk,Lisa",038,20489,College & Graduate Arts & Sci,3.39,20,12,2,3,0,0,0,0,0,0,3
2024 Spring,GNUR,6027,Adv Pharm Specialty Sem,046407,"Yost,Terri",002,17220,School of Nursing,3.95,11,0,9,2,0,0,0,0,0,0,0
2024 Spring,DS,6310,Thry II: Inference & Predict,046858,"Blume,Jeffrey",001,17318,School of Data Science,3.83,6,0,4,1,1,0,0,0,0,0,0
2024 Spring,ARCH,5500,Special Topics in Architecture,001621,"Mark,Earl",003,20384,School of Architecture,3.75,15,0,9,1,5,0,0,0,0,0,0
2024 Spring,LAW,6001,Constitutional Law,021552,"Schauer,Frederick",FG,17993,School of Law,3.40,60,0,5,17,24,13,1,0,0,0,0
2024 Spring,PSHM,4300,Intro Population Health,044366,"Hutchinson,Mark",101,20006,Continuing & Prof Studies,3.30,18,0,11,2,1,1,0,0,0,0,3
2024 Spring,LAW,6113,Intro to Law and Business,045995,"Geis,George",1,18067,School of Law,3.43,80,0,3,27,43,6,1,0,0,0,0
2024 Spring,PHYS,8710,Nuclear Physics I,030963,"Liuti,Simonetta",001,12916,College & Graduate Arts & Sci,3.85,15,7,3,3,2,0,0,0,0,0,0
2024 Spring,MISC,3020,Applied Ldrship in Unit Opns,024257,"Carino,Kiel",001,17349,Executive VP & Provost,3.94,10,0,8,2,0,0,0,0,0,0,0
2024 Spring,MDST,2508,Topics in Media Practice,044925,"Morimoto,Lori",003,20966,College & Graduate Arts & Sci,3.92,19,13,3,2,0,1,0,0,0,0,0
2024 Spring,LAW,9309,Lit. Skills & Prof Liab Law,045200,"Livingston,Ronald",1,17846,School of Law,3.41,11,0,0,3,8,0,0,0,0,0,0
2024 Spring,NUCO,3610,Maternal/Child Nursing,043226,"Kastello,Jennifer",100,17104,School of Nursing,3.77,42,0,15,24,2,1,0,0,0,0,0
2024 Spring,GCNL,5230,Thry Research & Nurs Practice,045563,"Westphal,Richard",001,17187,School of Nursing,3.96,34,4,26,4,0,0,0,0,0,0,0
2024 Spring,MUSI,2340,Learn to Groove,039726,"Jospe,Robert",002,20346,College & Graduate Arts & Sci,3.92,20,3,15,0,1,1,0,0,0,0,0
2024 Spring,WGS,4500,"Topic in Wmn, Gndr & Sexuality",043888,"Walsh,Denise",002,13767,College & Graduate Arts & Sci,3.77,15,0,7,6,1,1,0,0,0,0,0
2024 Spring,LAW,7047,Trademark Law,021821,"Rowe,Elizabeth",1,18050,School of Law,3.55,31,0,7,9,12,3,0,0,0,0,0
2024 Spring,JAPN,2020,Second-Year Japanese II,020743,"Marshall,Tomoko",002,11294,College & Graduate Arts & Sci,3.45,16,0,2,8,3,0,2,1,0,0,0
2024 Spring,STS,2600,Engineering Ethics,046988,"Seabrook,Bryn",001,19193,Engineering & Applied Science,3.78,25,0,11,11,3,0,0,0,0,0,0
2024 Spring,SPAN,3300,Texts and Interpretation,035904,"Familia,Yafrainy",006,11551,College & Graduate Arts & Sci,3.86,15,1,7,7,0,0,0,0,0,0,0
2024 Spring,PLAP,3500,Spec Tops: American Politics,039393,"Lawless,Jennifer",001,13980,College & Graduate Arts & Sci,3.22,237,2,64,42,27,46,22,9,9,5,11
2024 Spring,BME,3030,Design&Innovation in Medicine,044047,"Allen,Timothy",001,15897,Engineering & Applied Science,3.85,50,0,35,9,4,2,0,0,0,0,0
2024 Spring,GNUR,6027,Adv Pharm Specialty Sem,046407,"Wiencek,Clareen",001,17219,School of Nursing,4.00,16,14,2,0,0,0,0,0,0,0,0
2024 Spring,PSPS,6010,Constitutional Framework of PS,046293,"Griffith,Gladis",501,19990,Continuing & Prof Studies,3.93,27,0,21,6,0,0,0,0,0,0,0
2024 Spring,LAW,9330,Educ in US Prisons Seminar,045782,"Robinson,Gerard",1,17903,School of Law,3.48,13,0,2,4,5,2,0,0,0,0,0
2024 Spring,ENGR,1020,Engineering Foundations 2,046986,"Dufalla,Nicole",001,18811,Engineering & Applied Science,3.87,46,0,34,8,3,0,1,0,0,0,0
2024 Spring,SPAN,4520,Spec Topics Sem: Cult & Civil,035969,"Padron,Ricardo",002,18923,College & Graduate Arts & Sci,3.08,17,0,1,6,4,1,2,2,0,0,1
2024 Spring,SOC,3100,Feminist Theory,042864,"Zeno,Elissa",001,19009,College & Graduate Arts & Sci,3.89,33,3,20,9,0,1,0,0,0,0,0
2024 Spring,SOC,4140,Sociology of Consumption,035451,"Makarova,Ekaterina",001,19025,College & Graduate Arts & Sci,3.59,18,0,9,2,4,1,1,1,0,0,0
2024 Spring,CJ,5610,Constitutional Law & Policing,039972,"Pettry,Michael T",A2,21395,Continuing & Prof Studies,3.98,14,8,5,1,0,0,0,0,0,0,0
2024 Spring,ECON,3010,Intermediate Microeconomics,007908,"Troyan,Peter",092,18822,College & Graduate Arts & Sci,2.89,77,0,14,5,6,18,9,13,6,3,3
2024 Spring,ECON,4070,Economics and Gender,007914,"Miller,Amalia",001,18835,College & Graduate Arts & Sci,3.75,12,1,5,3,3,0,0,0,0,0,0
2024 Spring,KOR,2060,Accel Intermediate Korean,046077,"Han,Rosa",002,18907,College & Graduate Arts & Sci,3.20,13,0,1,4,5,0,0,1,2,0,0
2024 Spring,CS,2910,CS Education Practicum,044243,"Basit,Nada",001,16133,Engineering & Applied Science,4.00,90,78,11,1,0,0,0,0,0,0,0
2024 Spring,ARTH,2892,Contemporary African Art,002552,"Paoletti,Giulia",100,18758,College & Graduate Arts & Sci,3.84,47,0,27,18,1,0,1,0,0,0,0
2024 Spring,LAW,7055,International Human Rights Law,021672,"Versteeg,Emiliana",1,17880,School of Law,3.45,20,0,1,8,9,1,1,0,0,0,0
2024 Spring,CS,1113,Introduction to Programming,043741,"Group,Robert",001,20472,Engineering & Applied Science,3.88,31,5,18,5,3,0,0,0,0,0,0
2024 Spring,LAW,7657,When Fin Cntracts Blow-up (SC),041133,"Gulati,Gaurang",1,18693,School of Law,3.39,9,0,2,0,6,0,1,0,0,0,0
2024 Spring,LAW,9340,"Corps, Investors, and ESG",045986,"Barzuza,Michal",1,18703,School of Law,3.46,20,0,0,8,12,0,0,0,0,0,0
2024 Spring,GREE,8130,Greek Literary Criticism,037480,"Arthur-Montagne,Jacqueline",100,18708,College & Graduate Arts & Sci,3.93,8,0,6,2,0,0,0,0,0,0,0
2024 Spring,LATI,3160,Lucretius,043965,"Celotto,Giulio",100,18722,College & Graduate Arts & Sci,3.70,14,1,4,6,2,1,0,0,0,0,0
2024 Spring,GNUR,6027,Adv Pharm Specialty Sem,046407,"Kelly,Tracy",004,17222,School of Nursing,3.80,5,1,2,1,1,0,0,0,0,0,0
2024 Spring,CS,4750,Database Systems,006934,"Praphamontripong,Upsorn",001,15835,Engineering & Applied Science,3.80,145,32,72,21,12,1,3,1,1,0,2
2024 Spring,AMST,3710,Mapping Black Landscapes,047178,"Goff,Lisa",001,20350,College & Graduate Arts & Sci,3.87,10,0,7,2,1,0,0,0,0,0,0
2024 Spring,CS,5501,Spec Top: Computer Science,006953,"Cheng,Yue",001,20415,Engineering & Applied Science,3.98,29,9,18,2,0,0,0,0,0,0,0
2024 Spring,DS,7540,Machine Learning IV,047157,"Tashman,Adam",001,20337,School of Data Science,3.68,8,2,3,1,0,1,1,0,0,0,0
2024 Spring,CJ,5070,Managing Organizational Change,006251,"Guzman,Javier",A1,21392,Continuing & Prof Studies,3.99,40,38,1,1,0,0,0,0,0,0,0
2024 Spring,RELC,3043,Themes in Eastern Orthodoxy,042053,"Henry,James",001,20357,College & Graduate Arts & Sci,3.91,20,0,14,6,0,0,0,0,0,0,0
2024 Spring,LAW,7108,Real Est Trans & Litigation,041691,"Arsali,Anthony",1,17977,School of Law,3.46,16,0,0,7,8,1,0,0,0,0,0
2024 Spring,GBAC,7215,Data Analytics III,045288,"Mousavi,Reza",001,20485,McIntire Darden Grad Business,3.59,64,4,13,21,20,6,0,0,0,0,0
2024 Spring,LASE,2510,Topics in the Liberal Arts,046450,"Mueller,Justin",002,20380,College & Graduate Arts & Sci,3.84,20,8,6,4,1,0,1,0,0,0,0
2024 Spring,ITAL,3460,Growing Up Italian Style,043449,"Annunziato,Sarah",001,18898,College & Graduate Arts & Sci,3.65,11,0,8,2,0,0,0,0,0,0,1
2024 Spring,LAW,9277,Conservation Planning and Law,044342,"Gocke,Alison",1,17853,School of Law,3.68,9,0,2,5,2,0,0,0,0,0,0
2024 Spring,SPAN,4530,Spec Topics Seminar: Language,035970,"Ferrando,Lorena Albert",002,18918,College & Graduate Arts & Sci,3.94,20,0,16,4,0,0,0,0,0,0,0
2024 Spring,LAW,7005,Antitrust,021607,"Fischman,Joshua",1,17830,School of Law,3.41,23,0,4,4,9,6,0,0,0,0,0
2024 Spring,NUCO,2440,Case-Based Learning,043223,"Craig,Sarah",100,17082,School of Nursing,3.98,92,0,87,5,0,0,0,0,0,0,0
2024 Spring,NUIP,2430,Pharmacology I,043235,"Coyne,Bethany",001,17083,School of Nursing,3.59,92,0,34,29,12,12,1,3,1,0,0
2024 Spring,NUCO,4210,Public Health Nursing,043229,"Mitchell,Emma",100,17110,School of Nursing,3.95,44,0,40,3,0,0,1,0,0,0,0
2024 Spring,NUCO,4310,Mental Health Nursing,043228,"Moore,Lee",001,17111,School of Nursing,3.85,63,0,43,19,0,0,0,0,0,0,1
2024 Spring,PHYS,8640,Modern Field Theory,030959,"Vaman,Diana",001,11558,College & Graduate Arts & Sci,3.65,11,1,3,4,1,2,0,0,0,0,0
2024 Spring,LAW,9086,Law Refrm&Impact Lit Seminar,022149,"Le,Chinh",1,18031,School of Law,3.56,12,0,1,6,5,0,0,0,0,0,0
2024 Spring,LAW,9199,Interntnl Business Negotiation,042754,"Starling,Kenneth",1,17981,School of Law,3.45,11,0,0,5,5,1,0,0,0,0,0
2024 Spring,STS,2850,Government & Entrepreneurship,043894,"Cheng,James",001,19881,Engineering & Applied Science,3.88,52,1,30,21,0,0,0,0,0,0,0
2024 Spring,ASTR,3880,Planetary Astronomy,003088,"Limaye,Ajay",001,18809,College & Graduate Arts & Sci,3.55,13,2,1,6,1,2,1,0,0,0,0
2024 Spring,MUSI,1620,History of the Wind Band,024724,"Koch,Andrew",001,12859,College & Graduate Arts & Sci,3.87,23,0,16,6,0,0,1,0,0,0,0
2024 Spring,LAW,6101,Corporate Finance,021635,"Hynes,Richard",1,17786,School of Law,3.47,19,0,3,6,7,2,1,0,0,0,0
2024 Spring,LAW,6105,Federal Courts,021652,"Ahdout,Payvand",1,17814,School of Law,3.72,38,1,10,20,7,0,0,0,0,0,0
2024 Spring,ECON,4150,Economics of Labor,007955,"Harrington,Emma",100,18836,College & Graduate Arts & Sci,3.73,26,4,12,2,5,3,0,0,0,0,0
2024 Spring,JPTR,3400,Tales of the Samurai,044415,"Heldt,Gustav",001,18913,College & Graduate Arts & Sci,3.59,12,0,5,4,0,2,0,1,0,0,0
2024 Spring,ECON,3020,Intermediate Macroeconomics,007909,"Smirnyagin,Vladimir",200,18823,College & Graduate Arts & Sci,3.14,39,1,7,5,6,6,6,7,1,0,0
2024 Spring,EGMT,1520,Empirical Engagement,044513,"Fredner,Erik",111,12858,College & Graduate Arts & Sci,3.89,36,1,33,0,0,1,0,0,0,0,1
2024 Spring,PSLP,5330,Communication & Team Develpmnt,004346,"McCarthy,John",701,20081,Continuing & Prof Studies,3.96,25,15,7,3,0,0,0,0,0,0,0
2024 Spring,ECON,4610,Economic Development,007978,"Aman-Rana,Shan",090,11545,College & Graduate Arts & Sci,3.79,22,4,8,6,4,0,0,0,0,0,0
2024 Spring,LAW,7011,Comparative Constitutional Law,021624,"Versteeg,Emiliana",1,17991,School of Law,3.49,7,0,0,4,2,1,0,0,0,0,0
2024 Spring,PHIL,1510,Intro Philosophy Seminars,030034,...,001,21001,College & Graduate Arts & Sci,3.77,22,1,10,8,2,0,1,0,0,0,0
2024 Spring,CHIN,1020,Elementary Chinese,006048,"Wang,Jun",002,10075,College & Graduate Arts & Sci,3.98,14,8,5,1,0,0,0,0,0,0,0
2024 Spring,LAW,7080,Health Law Survey,021615,"Konnoth,Craig",1,17988,School of Law,3.44,18,0,4,4,6,2,2,0,0,0,0
2024 Spring,PLAP,3400,American Political Economy,044879,"Lykins,Max",003,18857,College & Graduate Arts & Sci,3.36,18,0,3,6,2,5,1,0,1,0,0
2024 Spring,LAW,9082,Ten-year Chk-up of ACA,022025,"Riefberg,Vivian",1,18696,School of Law,3.60,16,0,0,12,4,0,0,0,0,0,0
2024 Spring,CJ,3720,Contemp Issues in Police Media,006195,"Jones,Stephen D",B1,21652,Continuing & Prof Studies,4.00,20,2,18,0,0,0,0,0,0,0,0
2024 Spring,EDIS,5041,Behav & Classroom Management,009428,"Cook,Lysandra",501,15247,School of Education and HumanDev,3.74,17,3,11,0,1,1,0,0,0,0,1
2024 Spring,HIST,3501,Introductory History Workshop,046540,"Kahlenberg,Caroline",002,20418,College & Graduate Arts & Sci,3.36,18,0,8,5,3,0,0,0,0,0,2
2024 Spring,SPAN,2010,Intermediate Spanish,035853,"Williams,Kazara",012,11762,College & Graduate Arts & Sci,3.33,17,0,3,8,2,1,2,0,0,0,1
2024 Spring,EDHS,2450,Intro Communication Disorders,044546,"Albaugh,Susan Bernice",001,20023,School of Education and HumanDev,3.82,47,6,24,12,2,2,1,0,0,0,0
2024 Spring,ENGL,8560,Studies in Modern Literature,040860,"Ramazani,Jahan",001,19793,College & Graduate Arts & Sci,3.92,15,1,10,4,0,0,0,0,0,0,0
2024 Spring,ENGL,3273,Shakespeare Tragedies Romances,012902,"Parker,John",100,13736,College & Graduate Arts & Sci,3.59,86,4,34,24,9,9,0,0,4,2,0
2024 Spring,LAW,9006,Advanced Verbal Persuasion,040010,"Shadel,Molly",1,17817,School of Law,3.43,12,0,0,4,8,0,0,0,0,0,0
2024 Spring,ARTH,3525,Topics in Ren Art History,040304,"White,Tonya L.",501,19045,College & Graduate Arts & Sci,3.95,13,9,3,0,1,0,0,0,0,0,0
2024 Spring,CS,3130,Computer Systems and Org 2,046230,"White,Tonya L.",501,19047,Engineering & Applied Science,3.95,11,2,7,2,0,0,0,0,0,0,0
2024 Spring,LAW,9088,Sup Court Justices & Judging,022038,"Howard,A. E.",1,18022,School of Law,3.69,16,0,5,7,4,0,0,0,0,0,0
2024 Spring,EGMT,1530,Engaging Differences,044514,"Smith,Wendy",210,13380,College & Graduate Arts & Sci,3.90,35,0,29,4,1,0,0,1,0,0,0
2024 Spring,APMA,3110,Applied Stats & Probability,001153,"Maiti,Deepyaman",003,16745,Engineering & Applied Science,3.38,45,3,14,11,2,4,5,2,2,0,2
2024 Spring,LAW,7635,Lgl Theory In Eur & US (SC),040071,"Duxbury,Neil",1,18053,School of Law,3.50,11,4,1,2,3,0,0,0,0,0,1
2024 Spring,CJ,5720,Seminar in Managing LE Image,043266,"White,Kenneth D",A1,21343,Continuing & Prof Studies,4.00,21,18,3,0,0,0,0,0,0,0,0
2024 Spring,ENGR,1020,Engineering Foundations 2,046986,"Goldschneider,Benjamin",014,19138,Engineering & Applied Science,3.87,46,0,38,1,5,1,1,0,0,0,0
2024 Spring,CHEM,1421,Intro College Chemistry II Lab,005994,"Morkowchuk,Lisa",039,20490,College & Graduate Arts & Sci,3.67,22,14,3,2,0,0,2,0,0,0,1
2024 Spring,ENGR,1020,Engineering Foundations 2,046986,"Tian,Jianghong",004,19128,Engineering & Applied Science,3.92,45,0,35,8,2,0,0,0,0,0,0
2024 Spring,ENGR,1020,Engineering Foundations 2,046986,"Tian,Jianghong",005,19129,Engineering & Applied Science,3.83,42,0,31,7,2,1,0,0,0,0,1
2024 Spring,ENGR,1020,Engineering Foundations 2,046986,"Tian,Jianghong",006,19130,Engineering & Applied Science,3.96,48,0,44,2,2,0,0,0,0,0,0
2024 Spring,DS,2006,Computational Probability,046957,"Stewart,Thomas",001,20028,School of Data Science,3.49,52,0,24,10,5,3,4,3,1,2,0
2024 Spring,CJ,5720,Seminar in Managing LE Image,043266,"Pennybacker,Gail Lyn",B4,21692,Continuing & Prof Studies,4.00,21,19,2,0,0,0,0,0,0,0,0
2024 Spring,ECE,6501,Topics: Elect & Computer Engr,007731,"Yi,Xu",003,20589,Engineering & Applied Science,4.00,5,2,3,0,0,0,0,0,0,0,0
2024 Spring,ARTH,2055,Intro to Classical Archaeology,002455,"Smith,Tyler Jo",100,18753,College & Graduate Arts & Sci,3.47,44,0,14,12,5,9,1,2,0,0,1
2024 Spring,PLAP,4920,Judicial Policymaking,031623,"Rivero,Albert",001,18861,College & Graduate Arts & Sci,3.65,15,0,6,4,3,2,0,0,0,0,0
2024 Spring,JPTR,3020,Survey of Modern Jpn Lit.,020824,"Yasuda,Anri",001,18914,College & Graduate Arts & Sci,3.98,25,0,23,2,0,0,0,0,0,0,0
2024 Spring,PHIL,3330,Philosophy of Mind,030130,"Ott,Walter",001,19544,College & Graduate Arts & Sci,3.11,30,0,5,7,3,5,6,1,2,0,1
2024 Spring,GCOM,7170,Digital Strategy & Analytics,043913,"Montgomery,Nicole",001,20090,McIntire School of Commerce,3.69,35,0,13,14,6,1,1,0,0,0,0
2024 Spring,KRTR,3030,Survey Korean Cinema,041861,"Lee,HeeJin",001,18909,College & Graduate Arts & Sci,3.26,19,4,3,2,4,1,2,0,2,0,1
2024 Spring,SOC,3310,Sociology of Self,040428,"Skubby,David",001,19010,College & Graduate Arts & Sci,2.94,31,0,6,5,3,8,3,2,1,0,3
2024 Spring,CLAS,3350,The Early Celts,043167,"George,Coulter",100,18719,College & Graduate Arts & Sci,3.42,14,0,5,1,4,2,1,1,0,0,0
2024 Spring,NUIP,3420,Pathophysiology II,043238,"Apple,Ashley",001,17190,School of Nursing,3.52,92,11,30,21,12,9,4,1,0,0,4
2024 Spring,SOC,2230,Criminology,035322,"Buckelew,Rose",100,18987,College & Graduate Arts & Sci,3.43,116,3,50,20,9,13,11,1,4,1,4
2024 Spring,COMM,4733,Asset Mgmt in Global Economy,046802,"Gallmeyer,Michael",002,14582,McIntire School of Commerce,3.30,39,1,10,9,0,12,2,0,5,0,0
2024 Spring,LAW,8017,Securities Regultn (Law & Bus),021956,"Mahoney,Paul",1,18010,School of Law,3.57,26,1,4,10,8,3,0,0,0,0,0
2024 Spring,PHS,8930,Integrative Learning Exp RP P2,030406,"Wells,Kristen",002,18534,Medical School - BIMS/PHS,4.00,9,5,4,0,0,0,0,0,0,0,0
2024 Spring,CE,5500,Special Topics in CE,044375,"Liu,Leo",001,19472,Engineering & Applied Science,3.94,5,1,3,1,0,0,0,0,0,0,0
2024 Spring,PSYC,5730,RM: Adv Regress & Data Visual,047145,"Schmidt,Karen",001,20087,College & Graduate Arts & Sci,3.94,10,0,8,2,0,0,0,0,0,0,0
2024 Spring,DS,5100,Programming for Data Science,046284,"Alvarado,Rafael",001,19489,School of Data Science,3.48,38,2,15,9,4,4,1,0,1,0,2
2024 Spring,STS,4600,Engr Ethcs Prof Responsibility,036750,"Earle,Joshua",027,16749,Engineering & Applied Science,3.57,28,0,22,0,0,2,0,0,2,0,2
2024 Spring,PSYC,4500,Spec Tops: Psychology,032600,"Willingham,Daniel",004,20379,College & Graduate Arts & Sci,3.66,19,1,8,5,2,1,2,0,0,0,0
2024 Spring,PHYS,1660,Practical Computing,043759,"Wright,Bryan",001,12808,College & Graduate Arts & Sci,3.83,11,0,7,3,0,1,0,0,0,0,0
2024 Spring,CHEM,1421,Intro College Chemistry II Lab,005994,"Morkowchuk,Lisa",037,20488,College & Graduate Arts & Sci,3.66,21,6,6,7,0,1,0,0,0,0,1
2024 Spring,PLPT,8500,Special Topics,040870,"Balfour,Lawrie",001,13141,College & Graduate Arts & Sci,3.93,9,0,7,2,0,0,0,0,0,0,0
2024 Spring,ARTH,2961,Arts of the Islamic World,037383,"Phillips,Amanda",001,18763,College & Graduate Arts & Sci,3.66,48,0,13,24,7,3,1,0,0,0,0
2024 Spring,ARTH,3281,Rembrandt,002521,"Goedde,Lawrence",001,18764,College & Graduate Arts & Sci,3.76,20,0,13,5,0,0,1,0,1,0,0
2024 Spring,HILA,4501,Seminar in Latin Amer Hist,018804,"Klubock,Thomas",001,18767,College & Graduate Arts & Sci,3.41,13,4,4,1,1,1,0,1,0,0,1
2024 Spring,RELC,2215,Mormonism and American Culture,043081,"Flake,Kathleen",001,18769,College & Graduate Arts & Sci,3.86,19,3,11,2,3,0,0,0,0,0,0
2024 Spring,RELJ,2040,American Judaism,034465,"Biemann,Asher",100,18794,College & Graduate Arts & Sci,3.55,28,0,16,7,2,1,0,0,0,0,2
2024 Spring,RELJ,3170,Modern Jewish Thought,042626,"Biemann,Asher",001,18795,College & Graduate Arts & Sci,3.86,20,0,12,7,1,0,0,0,0,0,0
2024 Spring,MDST,3559,New Course: MDST,039189,"Clay,Anna",002,18798,College & Graduate Arts & Sci,3.64,30,0,13,11,3,1,1,0,0,0,1
2024 Spring,ENGR,1020,Engineering Foundations 2,046986,"Williams,Shaylin",010,19134,Engineering & Applied Science,3.97,44,0,41,2,1,0,0,0,0,0,0
2024 Spring,STS,4600,Engr Ethcs Prof Responsibility,036750,"Norton,Peter",025,16747,Engineering & Applied Science,3.62,29,1,16,5,2,4,0,0,0,0,1
2024 Spring,HIUS,3011,Colonial British America,019563,"Edelson,S.",100,13281,College & Graduate Arts & Sci,3.31,32,0,2,9,11,7,2,0,1,0,0
2024 Spring,GSVS,4991,Capstone Seminar- GSVS,044017,"Crisman,Phoebe",001,11482,College & Graduate Arts & Sci,3.67,38,3,17,12,1,3,1,0,0,0,1
2024 Spring,BUS,5020,Security Policy Dev & Assess,004337,"Wojcik,Michael",701,20037,Continuing & Prof Studies,3.69,8,0,3,4,0,0,1,0,0,0,0
2024 Spring,GNUR,6644,FNP Practicum II,045004,"Bednar,Kimberly",100,17224,School of Nursing,3.92,16,1,12,2,1,0,0,0,0,0,0
2024 Spring,ISIN,4520,Sp Tps Conduct Inquiry: HU,043256,"Andrews,George",102,20184,Continuing & Prof Studies,3.78,26,21,1,2,0,1,0,0,0,0,1
2024 Spring,LAW,9290,Law and Soc Determn of Health,044708,"Konnoth,Craig",1,21072,School of Law,3.38,8,0,1,2,3,1,1,0,0,0,0
2024 Spring,NUIP,2311,Intro to Professional Practice,045254,"Hurst,Ashley",001,17179,School of Nursing,3.82,43,0,24,15,2,2,0,0,0,0,0
2024 Spring,NUIP,2311,Intro to Professional Practice,045254,"Hurst,Ashley",002,17180,School of Nursing,3.83,50,0,28,18,3,1,0,0,0,0,0
2024 Spring,MATH,3350,Applied Linear Algebra,042858,"McMillan,Matthew",001,11192,College & Graduate Arts & Sci,3.69,28,3,11,6,5,2,1,0,0,0,0
2024 Spring,RELC,2770,The Black Church,046583,"Parker,Kai",001,18775,College & Graduate Arts & Sci,3.98,25,0,23,2,0,0,0,0,0,0,0
2024 Spring,RELC,3240,Medieval Mysticism,033987,"Hart,Kevin",100,18776,College & Graduate Arts & Sci,3.49,15,2,6,3,2,0,1,0,0,0,1
2024 Spring,CHEM,5720,Methods in Bioanalytical Chem,005806,"Pompano,Rebecca",001,18805,College & Graduate Arts & Sci,3.57,15,4,3,3,0,3,2,0,0,0,0
2024 Spring,NUIP,4420,Basic Research Concepts,029458,"Wiersma,Gretchen",003,17198,School of Nursing,3.66,14,0,5,4,5,0,0,0,0,0,0
2024 Spring,EDLF,3240,Educ Multicultural Societies,044021,"Sung,Jieun",001,14798,School of Education and HumanDev,3.92,27,1,21,4,0,1,0,0,0,0,0
2024 Spring,DS,5110,Big Data Systems,046303,"Fox,Judy",001,17293,School of Data Science,3.98,35,27,7,0,1,0,0,0,0,0,0
2024 Spring,HR,5112,SHRM Exam Prep,046993,"Oliver,Stephen",701,20109,Continuing & Prof Studies,2.80,6,0,0,0,0,2,4,0,0,0,0
2024 Spring,AMST,2660,Spirituality in America,044408,"Hedstrom,Matthew",100,12810,College & Graduate Arts & Sci,3.82,197,0,163,12,7,6,2,1,2,1,3
2024 Spring,CJ,3660,Concepts in LE Wellness,039969,"Western,Gerald",B2,21669,Continuing & Prof Studies,3.98,12,5,6,1,0,0,0,0,0,0,0
2024 Spring,NUCO,4450,Population & Public Health Nsg,042287,"Whitlow,Malinda",001,17071,School of Nursing,3.78,18,6,8,1,1,1,0,0,1,0,0
2024 Spring,ITAL,1020,Elementary Italian II,020556,"White,Tonya L.",501,19032,College & Graduate Arts & Sci,3.89,21,5,13,1,1,0,1,0,0,0,0
2024 Spring,AIRS,1200,Foundations of USAF II,000290,"Bibb,Kevin",001,17333,Executive VP & Provost,3.97,27,25,1,0,1,0,0,0,0,0,0
2024 Spring,ANTH,2800,Introduction to Archaeology,000698,"LaViolette,Adria",001,19157,College & Graduate Arts & Sci,3.40,33,8,9,4,3,2,3,2,0,0,2
2024 Spring,PLCP,3500,Topics in Comp Politics,041289,"Alexander,Gerard",001,18867,College & Graduate Arts & Sci,3.52,51,0,7,24,14,4,1,0,1,0,0
2024 Spring,SPAN,4200,History of the Language,035925,"Rini,Joel",001,18919,College & Graduate Arts & Sci,3.87,30,3,21,2,2,2,0,0,0,0,0
2024 Spring,CHIN,4030,Business Chinese,006069,"Liang,Hsin Hsin",001,18934,College & Graduate Arts & Sci,3.59,12,0,8,3,0,0,0,0,0,0,1
2024 Spring,CJ,5020,Behav Analysis as Decsn-Supprt,045229,"Dover,Thomas J.",A1,21389,Continuing & Prof Studies,3.93,15,12,1,1,1,0,0,0,0,0,0
2024 Spring,ENWR,2520,Special Topics in Writing,013448,"Mokoko,Sethunya",013,19352,College & Graduate Arts & Sci,3.96,16,6,9,0,1,0,0,0,0,0,0
2024 Spring,CS,4710,Artificial Intelligence,006916,"Ji,Yangfeng",001,19358,Engineering & Applied Science,3.67,108,26,38,17,8,10,2,4,3,0,0
2024 Spring,CS,4710,Artificial Intelligence,006916,"Kuo,Yen-Ling",002,19359,Engineering & Applied Science,3.64,85,10,42,8,8,8,6,1,0,1,1
2024 Spring,MDST,8005,Master's Thesis Writing,047205,"Ellcessor,Elizabeth",001,20601,College & Graduate Arts & Sci,3.92,12,0,10,1,1,0,0,0,0,0,0
2024 Spring,CHEM,2420,Organic Chemistry II,005699,"Frantz,Alicia",100,10056,College & Graduate Arts & Sci,2.94,97,0,15,12,12,20,12,8,9,6,3
2024 Spring,MESA,3381,Spies in Action: Cine-Media,046092,"Sunya,Samhita",001,12855,College & Graduate Arts & Sci,3.95,29,0,24,5,0,0,0,0,0,0,0
2024 Spring,RELC,3675,Women in Ancient Christianity,043617,"Shuve,Karl",001,13554,College & Graduate Arts & Sci,3.76,23,4,14,3,1,0,0,0,0,0,1
2024 Spring,PST,4870,PST Core Seminar II,032368,"Reed,Isaac",001,10346,College & Graduate Arts & Sci,3.99,22,3,18,1,0,0,0,0,0,0,0
2024 Spring,AIRS,3200,Air Force Leadership & Mgmt,000295,"Gilson,Glen",001,17336,Executive VP & Provost,3.84,12,0,8,3,0,1,0,0,0,0,0
2024 Spring,LAW,7111,Con Law II: Survy/Civl Liberty,041677,"Ballenger,Scott",1,17992,School of Law,3.62,30,0,7,12,11,0,0,0,0,0,0
2024 Spring,LAW,9081,Trial Advocacy,022023,"Antony,Nina",1,17833,School of Law,3.46,11,0,1,5,3,1,1,0,0,0,0
2024 Spring,EGMT,1530,Engaging Differences,044514,"Bultman,Rebecca",221,19574,College & Graduate Arts & Sci,3.99,35,31,3,1,0,0,0,0,0,0,0
2024 Spring,ENGL,2506,Studies in Poetry,012488,"Hadley,Henrietta",001,19834,College & Graduate Arts & Sci,3.11,17,0,9,2,0,1,2,0,0,0,3
2024 Spring,HIST,5706,Race and Slavery UVA N Grounds,047143,"Flaherty,Randi",001,20209,College & Graduate Arts & Sci,3.50,6,0,1,2,2,1,0,0,0,0,0
2024 Spring,EDLF,5720,Inequalities in US Schools,047199,"Alridge,Derrick",001,20494,School of Education and HumanDev,3.90,6,0,4,2,0,0,0,0,0,0,0
2024 Spring,MISC,4020,Mission Command & the Company,024261,"Hassell,Nicholas",001,17350,Executive VP & Provost,4.00,12,5,7,0,0,0,0,0,0,0,0
2024 Spring,EGMT,1520,Empirical Engagement,044513,"Reiss Sorokin,Ohad",201,12823,College & Graduate Arts & Sci,3.81,35,4,11,19,0,1,0,0,0,0,0
2024 Spring,GNUR,6642,FNP Seminar B,044788,"Bourne,Dawn",001,17153,School of Nursing,3.83,12,0,5,7,0,0,0,0,0,0,0
2024 Spring,GETR,3464,Stories of Love and Adventure,045859,"McDonald,William",002,12930,College & Graduate Arts & Sci,3.67,30,0,14,6,6,4,0,0,0,0,0
2024 Spring,PLAP,4500,Special Topics,031588,"Kromkowski,Charles",005,18859,College & Graduate Arts & Sci,3.89,14,0,9,5,0,0,0,0,0,0,0
2024 Spring,PLIR,2030,Intl Relations of East Asia,031799,"Schoppa,Len",100,13175,College & Graduate Arts & Sci,3.36,179,8,36,51,22,34,13,5,6,1,3
2024 Spring,ITAL,1020,Elementary Italian II,020556,"Annunziato,Sarah",004,18903,College & Graduate Arts & Sci,3.95,20,6,12,1,1,0,0,0,0,0,0
2024 Spring,GNUR,6052,Epidemiology and World Health,016930,"Byon,Ha Do",001,17045,School of Nursing,3.92,40,7,25,6,2,0,0,0,0,0,0
2024 Spring,GNUR,8110,Quantitative Research Methods,017048,"Williams,Ishan",001,17049,School of Nursing,3.93,8,0,6,2,0,0,0,0,0,0,0
2024 Spring,LAW,7009,Criminal Procedure Survey,021819,"RE,RICHARD",1,17813,School of Law,3.54,77,2,14,19,40,2,0,0,0,0,0
2024 Spring,CE,6250,Environmental Sys Management,004593,"Quinn,Julianne",001,19468,Engineering & Applied Science,3.79,18,4,8,1,5,0,0,0,0,0,0
2024 Spring,PLPT,3020,Modern Political Thought,031927,"Bird,Colin",001,20353,College & Graduate Arts & Sci,3.40,42,0,8,14,11,4,4,0,0,0,1
2024 Spring,PHYS,2020,Principles of Physics 2,030810,"Yoshida,Atsushi",007,21086,College & Graduate Arts & Sci,3.30,16,1,3,3,1,4,3,1,0,0,0
2024 Spring,CE,2500,CE Special Topics,044853,"Peterson,Lisa",001,19464,Engineering & Applied Science,3.87,12,1,7,3,1,0,0,0,0,0,0
2024 Spring,EGMT,1540,Ethical Engagement,044515,"Kuin,Inger Neeltje Irene",220,19609,College & Graduate Arts & Sci,3.84,36,21,11,2,0,0,1,0,0,0,1
2024 Spring,EGMT,1530,Engaging Differences,044514,"Smith,Wendy",211,13381,College & Graduate Arts & Sci,3.98,36,1,33,2,0,0,0,0,0,0,0
2024 Spring,MICR,8044,Mediators & Targeting Cancer,042503,"Gioeli,Daniel",001,18233,Medical School - BIMS/PHS,3.74,17,3,4,8,0,2,0,0,0,0,0
2024 Spring,SOC,1010,Introductory Sociology,035243,"Unlu,Baris",002,18986,College & Graduate Arts & Sci,3.79,34,15,11,1,4,0,3,0,0,0,0
2024 Spring,ENGL,2506,Studies in Poetry,012488,"Davis,Peyton",005,20378,College & Graduate Arts & Sci,3.91,14,0,10,4,0,0,0,0,0,0,0
2024 Spring,DS,2002,Data Science Systems,046059,"Tupitza,Jon",001,17290,School of Data Science,3.87,58,27,19,6,1,4,1,0,0,0,0
2024 Spring,PLAD,2500,Special Topics,040272,"Mershon,Carol",001,18854,College & Graduate Arts & Sci,3.48,24,0,9,6,2,3,2,1,1,0,0
2024 Spring,CS,4501,Spec Top: Computer Science,006942,"Lin,Wei-Kai",007,19316,Engineering & Applied Science,3.21,13,1,2,3,3,2,1,0,0,0,1
2024 Spring,HILA,3501,Introductory History Workshop,047173,"Sweeney,Lean",001,20414,College & Graduate Arts & Sci,3.66,17,7,5,1,1,1,0,1,1,0,0
2024 Spring,COMM,4680,Entrepreneurship,006531,"Ransler,Charles",001,14554,McIntire School of Commerce,3.74,22,0,10,8,2,2,0,0,0,0,0
2024 Spring,ENGL,3025,African American English,045499,"Smith,Connie",001,20476,College & Graduate Arts & Sci,3.95,20,0,18,1,1,0,0,0,0,0,0
2024 Spring,PLAD,8120,Qualitative and Mixed Methods,037585,"Kruks-Wisner,Gabrielle",001,18853,College & Graduate Arts & Sci,3.97,10,2,7,1,0,0,0,0,0,0,0
2024 Spring,EVSC,4890,Planetary Geology,013978,"Limaye,Ajay",001,19449,College & Graduate Arts & Sci,3.73,17,0,9,4,3,0,1,0,0,0,0
2024 Spring,COMM,1800,Foundations of Commerce,006438,"Hoopes,Charlotte",002,14516,McIntire School of Commerce,3.48,141,7,62,22,16,12,7,6,3,1,5
2024 Spring,ENWR,2520,Special Topics in Writing,013448,"Parks,Stephen",005,13347,College & Graduate Arts & Sci,3.71,15,0,13,1,0,0,0,0,0,0,1
2024 Spring,SPAN,2020,Advanced Intermediate Spanish,035854,"Badang,Germain",028,21076,College & Graduate Arts & Sci,3.55,17,0,1,11,2,3,0,0,0,0,0
2024 Spring,NUCO,4440,Trends/Issues Clin Nrsg Pract,042286,"Coyne,Bethany",001,17178,School of Nursing,3.87,24,8,9,6,0,0,1,0,0,0,0
2024 Spring,LAW,7007,Bankruptcy,021618,"Walt,Steven",1,17989,School of Law,3.40,27,0,2,8,12,4,1,0,0,0,0
2024 Spring,COMM,2730,Personal Finance,006451,"Kelly,Dorothy",001,14470,McIntire School of Commerce,3.90,43,0,32,8,3,0,0,0,0,0,0
2024 Spring,PHYS,3140,Intermediate Laboratory,046840,"Marshall,Rick",100,13879,College & Graduate Arts & Sci,3.50,28,5,9,6,1,3,2,0,1,0,1
2024 Spring,SOC,4559,New Course: SOC,040344,"Olick,Jeffrey",001,19026,College & Graduate Arts & Sci,3.78,20,2,7,9,1,1,0,0,0,0,0
2024 Spring,LAW,8009,Copyright Law,021643,"Oliar,Dotan",1,17995,School of Law,3.40,17,1,1,3,8,4,0,0,0,0,0
2024 Spring,LAW,7184,Innovating for Defense,045744,"Nachbar,Thomas",1,17860,School of Law,3.46,5,0,1,1,2,1,0,0,0,0,0
2024 Spring,PLIR,4150,Economics & National Security,037615,"Copeland,Dale",001,18880,College & Graduate Arts & Sci,3.31,15,1,5,2,3,1,2,0,0,0,1
2024 Spring,CE,6500,Special Topics in CE,004607,"Lakshmi,Venkataraman",003,19484,Engineering & Applied Science,3.99,20,1,18,1,0,0,0,0,0,0,0
2024 Spring,ENGR,1020,Engineering Foundations 2,046986,"Starling,Anna Leyf",012,19136,Engineering & Applied Science,3.97,47,0,45,1,0,1,0,0,0,0,0
2024 Spring,PHYS,5210,Discrete Group Theory,045329,"Lee,Seung-Hun",001,20129,College & Graduate Arts & Sci,3.71,10,3,2,3,1,0,1,0,0,0,0
2024 Spring,BIOL,5070,Prac Aspects Light Microscopy,003662,"Periasamy,Ammasi",001,19870,College & Graduate Arts & Sci,3.82,5,0,2,3,0,0,0,0,0,0,0
2024 Spring,KOR,1020,Elementary Korean II,020865,"Chung,Juyeon",004,18905,College & Graduate Arts & Sci,3.67,11,2,3,3,2,0,1,0,0,0,0
2024 Spring,EGMT,1520,Empirical Engagement,044513,"Connelly,Jessica",224,19531,College & Graduate Arts & Sci,3.85,50,26,16,4,2,1,0,0,0,0,1
2024 Spring,CJ,4730,Forensic Sci for Admin & Mgrs,006238,"McGinnis Jr.,Charles Edward",B1,21685,Continuing & Prof Studies,3.95,18,6,9,3,0,0,0,0,0,0,0
2024 Spring,PHYS,2040,Princip of Physics 2 Workshop,030812,"Bychkov,Maksim",017,20475,College & Graduate Arts & Sci,3.92,12,0,9,3,0,0,0,0,0,0,0
2024 Spring,MDST,3502,Special Topics in Film Genre,039989,"Duncan,Sean",001,19243,College & Graduate Arts & Sci,3.39,20,0,8,0,5,5,0,1,1,0,0
2024 Spring,EGMT,1520,Empirical Engagement,044513,"Dunham,Kelly",208,13369,College & Graduate Arts & Sci,3.81,34,21,8,2,1,1,0,0,0,0,1
2024 Spring,EDLF,8360,Multilevel Modeling Ed Rsch,009781,"Konold,Timothy",001,15043,School of Education and HumanDev,3.97,23,0,21,2,0,0,0,0,0,0,0
2024 Spring,ENGL,3540,Studies in Nineteenth-Century,012784,"Kuhn,Mary",002,19838,College & Graduate Arts & Sci,3.79,30,0,25,2,1,0,0,0,1,0,1
2024 Spring,GCNL,5130,Adults w/Common Health Probs,015374,"Burchfield,Caitlin",100,17040,School of Nursing,3.87,35,0,20,15,0,0,0,0,0,0,0
2024 Spring,MAE,4620,ME Design II,037541,"Furukawa,Tomonari",002,15899,Engineering & Applied Science,3.73,21,8,6,1,3,2,1,0,0,0,0
2024 Spring,GCOM,7760,Real Estate Investments,015431,"Overstreet,George",001,20103,McIntire School of Commerce,3.60,14,0,3,6,4,1,0,0,0,0,0
2024 Spring,PHYS,1429,Intro Physics 1 Workshop,031036,"Bychkov,Maksim",012,10297,College & Graduate Arts & Sci,3.80,25,1,20,1,1,0,0,0,2,0,0
2024 Spring,PHYS,1429,Intro Physics 1 Workshop,031036,"Bychkov,Maksim",017,10301,College & Graduate Arts & Sci,3.70,25,1,18,2,0,0,2,0,1,1,0
2024 Spring,LAW,7044,Survey: Patent/Copyrt/Trademrk,021893,"Oliar,Dotan",1,18023,School of Law,3.66,7,1,2,1,2,1,0,0,0,0,0
2024 Spring,NESC,8010,Seminar in Neuroscience,029306,"Beenhakker,Mark",001,18401,Medical School - BIMS/PHS,3.82,47,24,11,5,3,1,3,0,0,0,0
2024 Spring,GERM,1010,Elementary German,015642,"Schenberg,Cora",001,19723,College & Graduate Arts & Sci,3.64,10,1,5,2,1,0,0,0,0,1,0
2024 Spring,EDIS,5870,Sem: Tchng Intrn Diverse Comm,043781,"Thomas,Casedy",001,19287,School of Education and HumanDev,3.85,6,2,1,3,0,0,0,0,0,0,0
2024 Spring,ACCT,3010,Intro Acct I,045930,"Fox,Rita",701,20118,Continuing & Prof Studies,3.47,16,0,9,2,3,0,0,1,0,0,1
2024 Spring,DS,6050,Deep Learning,046347,"Adewole,Sodiq Opeyemi",001,17294,School of Data Science,3.95,29,11,16,0,2,0,0,0,0,0,0
2024 Spring,DS,3001,Foundations of ML,045203,"Johnson,Terence",001,17296,School of Data Science,3.95,58,0,50,7,0,1,0,0,0,0,0
2024 Spring,EDIS,5270,Teaching Read & Write to ELLs,043202,"Simkin,Carrie",500,15130,School of Education and HumanDev,3.93,16,0,12,4,0,0,0,0,0,0,0
2024 Spring,SPAN,2010,Intermediate Spanish,035853,"Young,Sara",005,10404,College & Graduate Arts & Sci,3.74,16,1,4,9,2,0,0,0,0,0,0
2024 Spring,RUTR,2730,Dostoevsky,034784,"Dianina,Katia",001,12729,College & Graduate Arts & Sci,3.87,18,2,11,3,2,0,0,0,0,0,0
2024 Spring,SPAN,2020,Advanced Intermediate Spanish,035854,"Hogg,Jennifer",005,10562,College & Graduate Arts & Sci,3.66,16,0,6,7,1,0,2,0,0,0,0
2024 Spring,EGMT,1520,Empirical Engagement,044513,"Coan,James",219,19526,College & Graduate Arts & Sci,3.89,35,3,27,2,1,1,0,1,0,0,0
2024 Spring,AAS,3300,SSPerspectives AfAm&Af Studies,044916,"Pendergrass,Sabrina",001,12314,College & Graduate Arts & Sci,3.15,13,0,7,1,1,0,1,1,0,0,2
2024 Spring,ENCW,2300,Poetry Writing,013450,"Erickson,Caroline",001,19750,College & Graduate Arts & Sci,3.91,15,0,13,1,0,1,0,0,0,0,0
2024 Spring,ENWR,1510,Writing and Critical Inquiry,013432,"Airy,Kaitlyn",040,11655,College & Graduate Arts & Sci,3.90,17,5,9,1,2,0,0,0,0,0,0
2024 Spring,NUIP,3430,Pharmacology II,043239,"Kastello,Jennifer",001,17239,School of Nursing,3.36,23,0,4,8,3,3,4,0,1,0,0
2024 Spring,CHE,8819,Adv CHE Kinetics & Reactn Engr,005539,"Davis,Robert",001,19662,Engineering & Applied Science,3.86,13,1,6,6,0,0,0,0,0,0,0
2024 Spring,KINE,3630,Emergency Medical Care,009126,"Thompson,Xavier",100,19951,School of Education and HumanDev,3.81,39,0,21,14,3,0,1,0,0,0,0
2024 Spring,LAW,7178,Feminist Jurisprudence,045582,"Coughlin,Anne",1,17859,School of Law,3.46,58,0,4,24,19,11,0,0,0,0,0
2024 Spring,LAW,7742,Mangmnt BigLaw: Cult/Prof (SC),043841,"Robinson,Arthur",1,17902,School of Law,3.50,16,0,3,5,6,1,1,0,0,0,0
2024 Spring,CS,6501,Spec Top: Computer Science,006981,"Meng,Yu",005,19398,Engineering & Applied Science,3.96,47,19,24,2,2,0,0,0,0,0,0
2024 Spring,GERM,1010,Elementary German,015642,"Schenberg,Cora",002,19724,College & Graduate Arts & Sci,3.81,12,0,9,1,1,0,1,0,0,0,0
2024 Spring,ENGL,8540,Studies in 19th-C Literature,012806,"Chandler,James K.",001,20345,College & Graduate Arts & Sci,3.91,7,1,4,2,0,0,0,0,0,0,0
2024 Spring,GCOM,7140,Customer Analytics,042881,"Johnson,Reeves",001,19963,McIntire School of Commerce,3.64,25,0,7,11,4,3,0,0,0,0,0
2024 Spring,LAW,7810,Music Law (SC),045971,"Pruett,Amy",1,17901,School of Law,3.40,5,0,1,1,1,2,0,0,0,0,0
2024 Spring,PHYS,2415,Intro Physics 2 for Engineers,031076,"Chatterjee,Utpal",001,11139,College & Graduate Arts & Sci,3.32,39,3,8,7,7,6,3,1,4,0,0
2024 Spring,DRAM,3080,Script Analysis,007251,"Grissom,Doug",001,11141,College & Graduate Arts & Sci,3.79,13,0,9,1,2,1,0,0,0,0,0
2024 Spring,AMST,3559,New Course: AMST,038536,"Miller,Karl",001,19873,College & Graduate Arts & Sci,3.43,25,0,13,5,2,2,1,0,0,0,2
2024 Spring,FREN,3035,Business French,043755,"Simotas,Spyridon",002,21095,College & Graduate Arts & Sci,3.94,14,1,10,3,0,0,0,0,0,0,0
2024 Spring,MEST,3282,The Ottoman Empire,047187,"Unlu,Baris",001,20496,College & Graduate Arts & Sci,3.91,14,6,5,2,1,0,0,0,0,0,0
2024 Spring,COMM,2730,Personal Finance,006451,"Kelly,Dorothy",002,20231,McIntire School of Commerce,3.82,56,0,30,22,2,2,0,0,0,0,0
2024 Spring,LAW,7062,Legislation,021725,"Nelson,Caleb",1,17864,School of Law,3.67,56,0,15,27,12,2,0,0,0,0,0
2024 Spring,PSYC,3440,Child Psychopathology,032569,"Sequeira,Stefanie",001,12704,College & Graduate Arts & Sci,3.90,147,0,122,11,10,2,1,1,0,0,0
2024 Spring,LAW,9263,Government Contract Law,044206,"Smith,Gregory",1,17904,School of Law,3.44,11,0,2,1,7,1,0,0,0,0,0
2024 Spring,HIUS,2201,US Immigration Law and Policy,047169,"Kang,S. Deborah",001,20411,College & Graduate Arts & Sci,3.77,24,0,13,7,2,2,0,0,0,0,0
2024 Spring,DRAM,1020,Speaking in Public,007178,"Close,Tovah",004,12300,College & Graduate Arts & Sci,3.94,16,0,13,3,0,0,0,0,0,0,0
2024 Spring,LAW,7071,Professional Responsibility,021935,"Faglioni,Kelly",2,17868,School of Law,3.40,79,1,8,20,29,20,1,0,0,0,0
2024 Spring,PLPT,3500,Special Topics in PT,040944,"Bird,Colin",001,20381,College & Graduate Arts & Sci,3.42,30,0,6,4,14,5,1,0,0,0,0
2024 Spring,CGBM,2210,Digital Skills for Workplace,047002,"Schuff,David Michael",002,20245,McIntire School of Commerce,3.51,30,0,5,12,6,7,0,0,0,0,0
2024 Spring,EVSC,2100,Agroecology,047231,"Lerdau,Manuel T",001,20986,College & Graduate Arts & Sci,3.77,27,0,8,18,1,0,0,0,0,0,0
2024 Spring,CJ,5710,Conflict Res for Law Enf Execs,040130,"Craig,Amy L",B1,21657,Continuing & Prof Studies,4.00,24,14,10,0,0,0,0,0,0,0,0
2024 Spring,CJ,5720,Seminar in Managing LE Image,043266,"White,Kenneth D",B2,21658,Continuing & Prof Studies,3.99,21,15,5,1,0,0,0,0,0,0,0
2024 Spring,PHYS,1010,The Physical Universe,030772,"Liyanage,Nilanga",001,19372,College & Graduate Arts & Sci,3.26,34,1,7,6,7,5,3,3,0,2,0
2024 Spring,ECE,5502,Spec Top:Elect & Computer Engr,007710,"Gupta,Mool",001,20612,Engineering & Applied Science,3.20,13,0,4,1,3,4,0,0,0,0,1
2024 Spring,LAW,7078,Remedies,021744,"Harrison,John",1,17866,School of Law,3.52,25,0,5,8,9,2,1,0,0,0,0
2024 Spring,SYS,6582,Selected Topics in Sys Engr,036979,"Riggs,Sara",002,20395,Engineering & Applied Science,3.67,9,0,5,2,1,0,0,1,0,0,0
2024 Spring,ENGL,2559,New Course: ENGL,039143,"Freedman,Paul",001,19798,College & Graduate Arts & Sci,3.14,10,0,1,2,3,1,2,0,0,1,0
2024 Spring,ECON,4820,Experimental Economics,007985,"Holt,Charles",001,18845,College & Graduate Arts & Sci,3.84,40,8,17,12,1,2,0,0,0,0,0
2024 Spring,DS,6210,Comp II: Num Analy & Optim,046855,"Baek,Stephen",001,17317,School of Data Science,3.50,8,1,2,2,1,1,0,1,0,0,0
2024 Spring,MUSI,2559,New Course: MUSI,040725,"Burtner,Matthew",100,19299,College & Graduate Arts & Sci,3.62,19,3,12,1,0,1,0,0,1,0,1
2024 Spring,HIUS,4501,Seminar United States History,019633,"Taylor,Alan",001,19566,College & Graduate Arts & Sci,3.48,12,0,6,3,2,0,0,0,0,0,1
2024 Spring,GNUR,8260,DNP Seminar II,045528,"Degennaro,Regina",001,17189,School of Nursing,3.99,20,14,5,1,0,0,0,0,0,0,0
2024 Spring,PSPM,5210,Project Risk Management,029797,"Powers,Michael",701,20084,Continuing & Prof Studies,3.78,24,0,19,4,0,0,0,0,0,0,1
2024 Spring,ITAL,1020,Elementary Italian II,020556,"Mattioli,Stella",002,10175,College & Graduate Arts & Sci,3.87,20,1,15,2,1,0,1,0,0,0,0
2024 Spring,STAT,3480,Nonparametric Statistics,043752,"Holt,Jeffrey J",001,20959,College & Graduate Arts & Sci,3.69,79,1,50,10,6,6,1,0,5,0,0
2024 Spring,LAW,7608,Plea Bargaining (SC),040089,"Bowers,Josh",1,18702,School of Law,3.52,8,0,0,6,1,0,1,0,0,0,0
2024 Spring,RELG,2630,Business Ethics and Society,034171,"Mathewes,Charles",100,18741,College & Graduate Arts & Sci,3.40,54,3,16,13,10,4,1,2,2,1,2
2024 Spring,RELI,3200,Muslim Misfits,046618,"Salomon,Noah",001,18790,College & Graduate Arts & Sci,3.63,17,1,11,2,1,1,0,0,0,0,1
2024 Spring,SYS,6581,Selected Topics in Sys Engr,036978,"Chang,Qing",001,21119,Engineering & Applied Science,3.86,5,1,3,0,1,0,0,0,0,0,0
2024 Spring,DS,6050,Deep Learning,046347,"Li,Sheng",002,19494,School of Data Science,4.00,64,36,27,1,0,0,0,0,0,0,0
2024 Spring,CHEM,5390,Inorganic Nanomaterials,047141,"Personick,Michelle",001,20479,College & Graduate Arts & Sci,3.46,8,1,2,1,1,2,1,0,0,0,0
2024 Spring,CHEM,1421,Intro College Chemistry II Lab,005994,"Morkowchuk,Lisa",015,10614,College & Graduate Arts & Sci,3.95,22,15,3,4,0,0,0,0,0,0,0
2024 Spring,ARCH,4020,Independent Design Res Studio,001547,"Mangual Martnez,Isaac Alejandro",006,19689,School of Architecture,3.75,14,3,5,4,0,1,1,0,0,0,0
2024 Spring,EGMT,1510,Engaging Aesthetics,044512,"Fiorani,Francesca",205,19272,College & Graduate Arts & Sci,3.58,35,0,12,8,13,1,0,0,0,1,0
2024 Spring,MUSI,3050,Music and Discourse,024790,"DeVeaux,Scott",002,19302,College & Graduate Arts & Sci,3.46,17,1,6,5,2,1,1,0,0,0,1
2024 Spring,DRAM,3430,Improvisation,007265,"Dalton,Dave",1,19795,College & Graduate Arts & Sci,4.00,14,10,4,0,0,0,0,0,0,0,0
2024 Spring,GNUR,6050,Theoretical Foundation of Nurs,016925,"Crandall,Mary",001,17135,School of Nursing,3.98,15,4,10,1,0,0,0,0,0,0,0
2024 Spring,COMM,4792,Commercial Real Estate Seminar,040590,"Overstreet,George",001,14509,McIntire School of Commerce,3.70,20,0,9,5,5,1,0,0,0,0,0
2024 Spring,ARH,7700,Adv Thomas Jefferson&Amer Arch,044827,"Nelson,Louis",100,19291,School of Architecture,3.78,6,0,4,1,0,1,0,0,0,0,0
2024 Spring,RELA,3000,Women and Religion in Africa,039572,"Hoehler-Fatton,Cynthia",001,18724,College & Graduate Arts & Sci,3.64,16,1,5,6,2,0,2,0,0,0,0
2024 Spring,EDIS,5230,Reading Writing Instr Spec Ed,009444,"Collins,Lauren",500,15129,School of Education and HumanDev,3.83,26,0,24,1,0,0,0,0,0,0,1
2024 Spring,COMM,4560,Topics in Management,006524,"Marcel,Jeremy",001,20258,McIntire School of Commerce,3.79,23,4,9,6,3,1,0,0,0,0,0
2024 Spring,LAW,8010,Patent Law,021689,"Rowe,Elizabeth",1,17857,School of Law,3.51,20,0,4,8,2,6,0,0,0,0,0
2024 Spring,CS,4750,Database Systems,006934,"White,Tonya L.",501,19050,Engineering & Applied Science,3.67,13,0,6,3,3,0,1,0,0,0,0
2024 Spring,GCOM,7150,Consumer Behavior & Pricing,042882,"Cheema,Amar",001,20088,McIntire School of Commerce,3.40,40,1,6,10,12,7,3,1,0,0,0
2024 Spring,ACCT,5120,Intermediate Accounting II,045933,"Jones,Ambrose",701,20029,Continuing & Prof Studies,3.70,15,0,8,4,1,0,2,0,0,0,0
2024 Spring,DANC,3400,Dance and Culture,007250,"Schetlick,Kathryn",001,20428,College & Graduate Arts & Sci,3.88,10,0,6,4,0,0,0,0,0,0,0
2024 Spring,COMM,5161,ESG Accounting,047156,"McDermott,Katie",001,20300,McIntire School of Commerce,3.79,25,0,9,15,1,0,0,0,0,0,0
2024 Spring,GSGS,2400,Mass Migration & Global Devlp,047179,"Vonk,Levi",001,20385,College & Graduate Arts & Sci,3.98,30,0,28,2,0,0,0,0,0,0,0
2024 Spring,BIMS,8702,Computational Biology II,047247,"Sheffield,Nathan",001,21208,Medical School - BIMS/PHS,3.97,9,1,7,1,0,0,0,0,0,0,0
2024 Spring,ENGR,1020,Engineering Foundations 2,046986,"Goldschneider,Benjamin",013,19137,Engineering & Applied Science,3.96,48,0,42,6,0,0,0,0,0,0,0
2024 Spring,ENWR,2640,Writing as Technology,044181,"Sullivan,Patricia",001,19185,College & Graduate Arts & Sci,3.85,15,1,9,3,2,0,0,0,0,0,0
2024 Spring,HUMS,2500,UVA Edge Capstone,046118,"Jeffress,Alexa Kathleen",E100,20574,College & Graduate Arts & Sci,3.54,12,0,6,5,0,0,0,0,0,0,1
2024 Spring,LAW,6006,Property,021565,"Mahoney,Julia",EG,17816,School of Law,3.40,60,0,1,20,29,10,0,0,0,0,0
2024 Spring,RELA,2748,Intro to African Philosophy,046588,"Ogunnaike,Oludamini",001,18725,College & Graduate Arts & Sci,4.00,19,5,14,0,0,0,0,0,0,0,0
2024 Spring,COMM,4570,Topics in Finance,006533,"Wilhelm,William",002,20335,McIntire School of Commerce,3.72,15,2,6,4,1,1,1,0,0,0,0
2024 Spring,ASTR,5470,Computational Astrophysics,047066,"Davis,Shane",001,18717,College & Graduate Arts & Sci,3.98,13,8,4,1,0,0,0,0,0,0,0
2024 Spring,MAE,4710,Mechatronics,022605,"Garner,Gavin",100,15411,Engineering & Applied Science,3.60,94,12,18,37,17,4,3,1,0,1,1
2024 Spring,LAW,8851,Adv Lgl Wrtng:Civic Persuasion,047083,"Cahn,Naomi",1,18701,School of Law,3.48,11,0,0,5,6,0,0,0,0,0,0
2024 Spring,ARTH,1507,Art and Global Cultures,045465,"Wong,Dorothy",200,18749,College & Graduate Arts & Sci,3.65,13,0,4,6,2,0,1,0,0,0,0
2024 Spring,MDST,2508,Topics in Media Practice,044925,"Sweeney,Kate",001,18800,College & Graduate Arts & Sci,3.78,18,3,14,0,0,0,0,0,0,0,1
2024 Spring,ENGL,3260,Milton,012904,"Kinney,James",001,19819,College & Graduate Arts & Sci,3.25,15,0,1,7,4,1,1,0,0,0,1
2024 Spring,ARTH,1505,Art and the Modern World,040669,"Goedde,Lawrence O",100,20967,College & Graduate Arts & Sci,3.93,57,0,46,9,2,0,0,0,0,0,0
2024 Spring,EDLF,5060,Res Mth for Ed & Human Dev,046982,"Rappeport,Annie",500,20587,School of Education and HumanDev,3.55,8,2,2,2,0,1,0,0,1,0,0
2024 Spring,LAW,9114,Law of Armed Conflict,022306,"Bill,Brian",1,17978,School of Law,3.45,19,0,4,1,13,1,0,0,0,0,0
2024 Spring,CS,1112,Introduction to Programming,007058,"Basit,Nada",001,19312,Engineering & Applied Science,3.94,88,44,34,7,0,2,1,0,0,0,0
2024 Spring,CS,1112,Introduction to Programming,007058,"Basit,Nada",002,19313,Engineering & Applied Science,3.90,86,30,44,6,1,2,2,1,0,0,0
2024 Spring,LAW,9030,Relig Freedom & Reprod Rts,040083,"Schragger,Richard",1,18698,School of Law,3.60,13,0,1,8,4,0,0,0,0,0,0
2024 Spring,LAW,8013,Mergers and Acquisitions,021590,"Barzuza,Michal",1,18704,School of Law,3.42,53,0,0,20,27,6,0,0,0,0,0
2024 Spring,LAW,8026,Taking Effective Depositions,043842,"Sajadi,Susan",1,18713,School of Law,3.54,15,0,0,9,6,0,0,0,0,0,0
2024 Spring,MDST,3510,Topics in Media Research,045771,"Williams,Tyler",005,19345,College & Graduate Arts & Sci,3.60,29,0,10,15,2,0,0,1,0,0,1
2024 Spring,CJ,5430,Forensic Sc Ldrsp Police Execs,047358,"McGinnis Jr.,Charles Edward",B1,21686,Continuing & Prof Studies,4.00,9,2,7,0,0,0,0,0,0,0,0
2024 Spring,ECON,4610,Economic Development,007978,"Aman-Rana,Shan",092,18843,College & Graduate Arts & Sci,3.77,25,2,10,9,3,1,0,0,0,0,0
2024 Spring,EGMT,1540,Ethical Engagement,044515,"Coleman,Creighton",201,19602,College & Graduate Arts & Sci,3.76,18,0,16,1,0,0,0,0,0,0,1
2024 Spring,EDLF,5470,Psyc of Motvtng Yrself & Othr,009676,"Hulleman,Chris",001,20114,School of Education and HumanDev,4.00,17,10,7,0,0,0,0,0,0,0,0
2024 Spring,LAW,8000,Advanced Legal Research,021685,"Radthorne,Daniel",2,18629,School of Law,3.52,15,0,0,9,5,1,0,0,0,0,0
2024 Spring,RUTR,2470,Understanding Russia,034781,"Urbanovich,Yuri",001,11671,College & Graduate Arts & Sci,3.91,40,0,33,5,0,2,0,0,0,0,0
2024 Spring,ENWR,1510,Writing and Critical Inquiry,013432,"Pfander,Sam",051,11790,College & Graduate Arts & Sci,3.98,18,4,13,1,0,0,0,0,0,0,0
2024 Spring,LPPS,4735,Exp Social Entrepreneurship,042312,"Mulloth,Balashankar",001,16918,Batten Leadership & Public Pol,3.91,17,1,12,3,1,0,0,0,0,0,0
2024 Spring,CHEM,1421,Intro College Chemistry II Lab,005994,"Morkowchuk,Lisa",016,10615,College & Graduate Arts & Sci,3.60,21,12,4,2,0,0,1,0,0,0,2
2024 Spring,EGMT,1520,Empirical Engagement,044513,"Mclaren,John",210,19520,College & Graduate Arts & Sci,3.97,32,0,30,1,1,0,0,0,0,0,0
2024 Spring,EGMT,1530,Engaging Differences,044514,"Safdar,Muhammad Tayyab",209,19564,College & Graduate Arts & Sci,4.00,35,6,29,0,0,0,0,0,0,0,0
2024 Spring,NUCO,4450,Population & Public Health Nsg,042287,"Toll,Crystal",002,17217,School of Nursing,3.55,11,4,2,3,0,1,0,0,0,0,1
2024 Spring,ITAL,1020,Elementary Italian II,020556,"Annunziato,Sarah",003,18902,College & Graduate Arts & Sci,3.76,19,0,10,6,2,0,1,0,0,0,0
2024 Spring,LPPL,3450,Resilient Leadership for Teams,044867,"Davis,Timothy",001,20194,Batten Leadership & Public Pol,3.62,30,0,6,16,5,3,0,0,0,0,0
2024 Spring,CS,4610,Programming Languages,006915,"Pettit,Raymond",001,19356,Engineering & Applied Science,3.47,92,11,31,9,19,9,5,5,1,0,2
2024 Spring,EDIS,5080,Differentiating Instruction,045846,"Sullivan,Melissa",500,15039,School of Education and HumanDev,3.46,14,0,7,3,1,2,0,0,0,0,1
2024 Spring,NUCO,4440,Trends/Issues Clin Nrsg Pract,042286,"Toll,Crystal",002,17216,School of Nursing,3.88,11,4,4,2,1,0,0,0,0,0,0
2024 Spring,PLCP,4140,Democracy and Dictatorship,031702,"Waldner,David",001,18881,College & Graduate Arts & Sci,3.64,14,0,5,4,4,1,0,0,0,0,0
2024 Spring,ANTH,2559,New Course: ANTH,038539,"Weston,Kath",001,19168,College & Graduate Arts & Sci,3.87,15,0,13,0,0,2,0,0,0,0,0
2024 Spring,PHYS,1425,Intro Physics 1 for Engineers,031032,"Norum,Blaine E",007,20957,College & Graduate Arts & Sci,2.98,76,5,7,12,12,12,6,7,8,4,3
2024 Spring,STAT,4630,Statistical Machine Learning,044234,"Woo,Yong Ming Jeffrey",001,20960,College & Graduate Arts & Sci,3.50,60,0,27,11,7,5,5,2,1,1,1
2024 Spring,LAW,6006,Property,021565,"Johnson,Alex",BJ,17791,School of Law,3.40,62,3,7,9,31,7,4,1,0,0,0
2024 Spring,LAW,8000,Advanced Legal Research,021685,"Doherty,Benjamin",1,17794,School of Law,3.72,18,0,5,10,3,0,0,0,0,0,0
2024 Spring,EGMT,1520,Empirical Engagement,044513,"Pfister,Olivier",221,19528,College & Graduate Arts & Sci,3.93,33,0,30,1,0,2,0,0,0,0,0
2024 Spring,ANTH,2250,"Nationalism, Racism, Multicult",000652,"Handler,Richard",001,19159,College & Graduate Arts & Sci,3.35,86,2,23,16,15,21,0,5,1,0,3
2024 Spring,MDST,2710,Screenwriting,041013,"Marshall,Matthew",001,13431,College & Graduate Arts & Sci,3.87,17,4,7,5,1,0,0,0,0,0,0
2024 Spring,PLAN,3040,Metropolis,044377,"Sewell,Jessica",001,14414,School of Architecture,3.77,35,2,15,13,3,2,0,0,0,0,0
2024 Spring,LPPL,2750,Teambuilding and Facilitation,047216,"Busch,Matthew L.",001,20930,Batten Leadership & Public Pol,3.74,14,0,9,1,2,2,0,0,0,0,0
2024 Spring,PHIL,4020,Seminar for Majors,030157,"Payton,Dee",001,19545,College & Graduate Arts & Sci,3.90,10,0,8,1,1,0,0,0,0,0,0
2024 Spring,ENCW,2600,Fiction Writing,013455,"Lieber,Aryeh",001,19761,College & Graduate Arts & Sci,3.80,15,0,11,1,2,0,1,0,0,0,0
2024 Spring,PLAD,8500,Topics in Political Science,041272,"Gingerich,Daniel",001,19186,College & Graduate Arts & Sci,3.74,11,0,4,5,2,0,0,0,0,0,0
2024 Spring,APMA,3140,App Partial Differentl Equatns,001155,"Morris,Diana",001,15948,Engineering & Applied Science,3.36,48,1,19,9,4,2,4,2,5,2,0
2024 Spring,DS,2004,Data Ethics,046829,"Faruqe,Farhana",002,20058,School of Data Science,3.84,22,0,14,5,3,0,0,0,0,0,0
2024 Spring,EDHS,8100,Disorders of Language II,009257,"Hoffman,LaVae",001,14610,School of Education and HumanDev,3.77,26,1,12,9,2,2,0,0,0,0,0
2024 Spring,PLPT,4500,Special Topics,031937,"Ceaser,James",002,18897,College & Graduate Arts & Sci,3.27,14,0,1,7,3,2,0,0,0,0,1
2024 Spring,DRAM,4760,Directing the Short Film,046939,"Wagner,Paul R",1,20830,College & Graduate Arts & Sci,3.84,10,0,7,2,0,1,0,0,0,0,0
2024 Spring,COMM,3050,Managerial Decision Making,006457,"Ballinger,Gary",001,14479,McIntire School of Commerce,3.56,42,0,16,11,4,7,4,0,0,0,0
2024 Spring,ENGR,1020,Engineering Foundations 2,046986,"Dufalla,Nicole",016,19140,Engineering & Applied Science,3.75,22,0,16,1,3,1,0,0,1,0,0
2024 Spring,EGMT,1540,Ethical Engagement,044515,"Williams,Bruce",119,19596,College & Graduate Arts & Sci,3.58,36,0,13,13,6,3,0,0,0,0,1
2024 Spring,MATH,5657,Bilinear Forms and Group Reps,042859,"Rapinchuk,Andrei",001,19665,College & Graduate Arts & Sci,3.85,6,0,3,3,0,0,0,0,0,0,0
2024 Spring,EDLF,8387,Practical Evaluation,044855,"Spicer,David Eddy",502,19938,School of Education and HumanDev,3.98,15,2,12,1,0,0,0,0,0,0,0
2024 Spring,LPPA,7110,Economics of Public Policy II,032140,"Ruhm,Christopher",100,16914,Batten Leadership & Public Pol,3.41,39,1,8,10,7,9,3,0,0,1,0
2024 Spring,SPAN,3000,Phonetics,035892,"Mendoza,Omar Velazquez",002,20291,College & Graduate Arts & Sci,4.00,17,2,15,0,0,0,0,0,0,0,0
2024 Spring,MUSI,3010,Early Modern Music (1500-1700),024786,"Gordon,Bonnie",001,19301,College & Graduate Arts & Sci,3.38,14,0,11,0,1,0,0,0,0,0,2
2024 Spring,CHEM,1421,Intro College Chemistry II Lab,005994,"Morkowchuk,Lisa",001,10602,College & Graduate Arts & Sci,3.66,21,12,3,3,0,0,0,1,0,2,0
2024 Spring,EGMT,1520,Empirical Engagement,044513,"Maloni,Sara",118,19513,College & Graduate Arts & Sci,3.94,35,25,7,1,1,1,0,0,0,0,0
2024 Spring,EDLF,5711,"Global, Childhood & Culture",038150,"Hoffman,Diane",500,14968,School of Education and HumanDev,3.58,32,0,15,9,4,0,3,0,0,0,1
2024 Spring,CHE,6561,Special Topics in ChE,045727,"Letteri,Rachel",001,19658,Engineering & Applied Science,3.89,12,1,8,2,1,0,0,0,0,0,0
2024 Spring,ENCW,4350,Advanced Nonfiction Writing,043440,"Alison,Jane",001,19775,College & Graduate Arts & Sci,3.79,11,0,8,1,0,2,0,0,0,0,0
2024 Spring,EDIS,7710,Read & Writ Acros Contnt Areas,040109,"Gray,Julie",500,15142,School of Education and HumanDev,3.95,22,8,13,0,0,1,0,0,0,0,0
2024 Spring,PHS,7020,Epi & Translational Research,030366,"Wells,Kristen",001,18420,Medical School - BIMS/PHS,3.95,34,17,13,3,1,0,0,0,0,0,0
2024 Spring,CJ,3660,Concepts in LE Wellness,039969,"Western,Gerald",A1,21341,Continuing & Prof Studies,3.98,19,9,9,1,0,0,0,0,0,0,0
2024 Spring,DS,8104,Network Science,046856,"Gates,Alex",001,17320,School of Data Science,3.96,8,3,4,1,0,0,0,0,0,0,0
2024 Spring,PSPS,6000,Transform Ldrshp in Chng Times,046466,"Dion,Shannon Yoshiko",501,19986,Continuing & Prof Studies,3.73,44,0,17,26,0,0,0,0,0,0,1
2024 Spring,SARC,5500,Special Topics,041171,"Spears,Andrew",001,20393,School of Architecture,4.00,8,5,3,0,0,0,0,0,0,0,0
2024 Spring,EGMT,1510,Engaging Aesthetics,044512,"Carter,Eli",124,19267,College & Graduate Arts & Sci,3.96,35,6,27,1,0,1,0,0,0,0,0
2024 Spring,CS,4710,Artificial Intelligence,006916,"White,Tonya L.",501,19049,Engineering & Applied Science,3.84,20,7,6,5,1,1,0,0,0,0,0
2024 Spring,AAS,3500,Intermediate Seminar in AAS,039376,"Duensing,Anna",006,18946,College & Graduate Arts & Sci,3.27,15,3,7,0,0,1,0,1,1,1,1
2024 Spring,ANTH,5360,World Mental Health,040466,"Merkel,Richard",001,11024,College & Graduate Arts & Sci,3.89,13,4,7,0,2,0,0,0,0,0,0
2024 Spring,ISHU,1600,Acad and Prof Writing,047102,"Martin,Jeffrey David",E100,20793,Continuing & Prof Studies,3.22,10,0,0,7,1,1,0,0,0,0,1
2024 Spring,CE,3120,Solid Waste Management,045025,"Burden,Lindsay",001,19466,Engineering & Applied Science,3.90,29,0,26,0,0,3,0,0,0,0,0
2024 Spring,AMST,3001,Theories & Methods of Amer Std,000457,"Eschen,Penny Von",002,19867,College & Graduate Arts & Sci,3.16,17,3,2,1,3,4,3,0,0,0,1
2024 Spring,ISIN,4520,Sp Tps Conduct Inquiry: HU,043256,"May,Julia",101,20133,Continuing & Prof Studies,3.72,24,0,15,7,1,0,0,0,0,0,1
2024 Spring,SEC,3040,Writing and Comm in Tech,045343,"Martiniuk,Jill Mackenzie",701,20112,Continuing & Prof Studies,3.12,18,0,6,5,1,1,2,0,1,0,2
2024 Spring,ARTR,3350,Intro to Arab Women's Lit,038074,"Al-Samman,Hanadi",001,18681,College & Graduate Arts & Sci,3.91,10,1,6,3,0,0,0,0,0,0,0
2024 Spring,STS,2600,Engineering Ethics,046988,"Davis,William",003,19196,Engineering & Applied Science,3.84,14,6,5,1,1,0,1,0,0,0,0
2024 Spring,EGMT,1540,Ethical Engagement,044515,"Bernard,Benjamin",124,19601,College & Graduate Arts & Sci,3.96,36,14,20,1,0,1,0,0,0,0,0
2024 Spring,EDIS,5422,Cross-Cultural Education,043455,"Cranford,Sara L",500,15133,School of Education and HumanDev,3.67,14,0,11,2,0,0,0,0,0,0,1
2024 Spring,LAW,7089,Racial Justice and Law,040073,"Forde-Mazrui,Kim",1,17865,School of Law,3.40,9,0,0,3,5,1,0,0,0,0,0
2024 Spring,CHEM,2321,Org Lab II Non-Chem Maj/Min,043155,"Chruma,Jason",002,11231,College & Graduate Arts & Sci,3.79,30,1,13,13,2,1,0,0,0,0,0
2024 Spring,EDLF,8662,Politics and Education,009800,"Pusser,Brian",001,15044,School of Education and HumanDev,3.71,27,0,10,11,5,1,0,0,0,0,0
2024 Spring,LPPP,7559,New Course: PPOL,044184,"Dobson,Kyle",003,20412,Batten Leadership & Public Pol,3.81,7,0,5,1,0,1,0,0,0,0,0
2024 Spring,NUCO,4710,Team-Based Care Synthesis,043230,"Bragg,Sharon",002,19181,School of Nursing,3.96,49,0,44,4,1,0,0,0,0,0,0
2024 Spring,LAW,7680,Evolution Holistic Defense(SC),041723,"McWeay,Aisha",1,19311,School of Law,3.51,8,0,2,3,1,1,1,0,0,0,0
2024 Spring,EGMT,1510,Engaging Aesthetics,044512,"Wylie,William",110,19253,College & Graduate Arts & Sci,3.97,35,16,18,0,0,1,0,0,0,0,0
2024 Spring,MDST,5501,Special Topics in Media Stds,042696,"Swartz,Lana",001,20299,College & Graduate Arts & Sci,3.94,10,0,8,2,0,0,0,0,0,0,0
2024 Spring,HIEA,3172,The Japanese Empire,042469,"Stolz,Robert",001,18910,College & Graduate Arts & Sci,3.24,27,0,8,6,6,3,1,0,0,1,2
2024 Spring,CHEM,1420,Intro College Chemistry II,005650,"Welch,Kevin",200,10053,College & Graduate Arts & Sci,3.48,296,3,78,96,48,42,15,7,4,1,2
2024 Spring,ITAL,2020,Intermediate Italian II,020568,"Calamita,Francesca",002,10176,College & Graduate Arts & Sci,3.98,16,2,13,1,0,0,0,0,0,0,0
2024 Spring,GCOM,7870,Foundations of Global Commerce,038183,"Burroughs,James",001,20104,McIntire School of Commerce,3.76,43,0,12,28,3,0,0,0,0,0,0
2024 Spring,ARTH,3559,New Course: ARTH,040275,"Flores,Tatiana",001,19863,College & Graduate Arts & Sci,3.51,28,0,18,1,5,1,0,0,1,0,2
2024 Spring,STS,2600,Engineering Ethics,046988,"Guillen,Sergio",009,19202,Engineering & Applied Science,3.97,22,19,2,0,1,0,0,0,0,0,0
2024 Spring,ISSS,3416,Social Psychology,044518,"Wallace,Lillian Marie",102,20997,Continuing & Prof Studies,3.73,25,2,12,6,1,3,1,0,0,0,0
2024 Spring,CHEM,1421,Intro College Chemistry II Lab,005994,"Morkowchuk,Lisa",023,10622,College & Graduate Arts & Sci,3.85,23,12,1,9,1,0,0,0,0,0,0
2024 Spring,ECE,2330,Digital Logic Design,007674,"Shukla,Nikhil Shrikant",001,19329,Engineering & Applied Science,3.68,43,0,23,9,4,5,1,0,1,0,0
2024 Spring,ASTR,1210,Intro Sky and Solar System,003045,"Indebetouw,Remy",003,18714,College & Graduate Arts & Sci,2.95,93,4,13,19,12,14,4,8,6,5,8
2024 Spring,HIUS,2101,Technologies of American Life,046558,"Singerman,David",100,19509,College & Graduate Arts & Sci,3.83,60,46,9,0,0,3,0,0,0,0,2
2024 Spring,EGMT,1510,Engaging Aesthetics,044512,"Dakouri-Hild,Anastasia",223,19286,College & Graduate Arts & Sci,3.89,32,4,16,12,0,0,0,0,0,0,0
2024 Spring,CHEM,1421,Intro College Chemistry II Lab,005994,"Morkowchuk,Lisa",014,10613,College & Graduate Arts & Sci,3.44,22,7,3,6,1,1,2,0,0,1,1
2024 Spring,ENGL,2508,Studies in Fiction,012491,"Rody,Caroline",002,19801,College & Graduate Arts & Sci,3.55,17,0,3,7,5,2,0,0,0,0,0
2024 Spring,MUSI,3060,Motown vs Everybody,047229,"Armstrong,Jovia L",001,20987,College & Graduate Arts & Sci,3.46,23,1,12,3,1,1,2,0,1,1,1
2024 Spring,EGMT,1510,Engaging Aesthetics,044512,"Dakouri-Hild,Anastasia",204,19271,College & Graduate Arts & Sci,3.96,34,9,21,4,0,0,0,0,0,0,0
2024 Spring,PHYS,1429,Intro Physics 1 Workshop,031036,"Bychkov,Maxim Aleksandrovich",019,10303,College & Graduate Arts & Sci,3.72,26,4,11,6,3,0,1,0,1,0,0
2024 Spring,ARH,2700,Thomas Jefferson & Americ Arch,044826,"Nelson,Louis",100,19290,School of Architecture,3.49,56,7,19,16,0,7,3,1,0,0,3
2024 Spring,SYS,6581,Selected Topics in Sys Engr,036978,"Burkett,Matthew Wade",700,20882,Engineering & Applied Science,3.28,17,0,3,6,2,5,0,0,0,0,1
2024 Spring,KINE,2850,Medical Terminology,042975,"Golden,Dana",500,14816,School of Education and HumanDev,4.00,95,4,90,1,0,0,0,0,0,0,0
2024 Spring,MDST,3720,Social Media and Global South,045768,"Nemer,David",001,13195,College & Graduate Arts & Sci,3.54,30,2,9,11,2,3,0,1,1,1,0
2024 Spring,DS,6001,Practice and App of Data Sci,043301,"Kropko,Jonathan",001,19490,School of Data Science,3.83,44,11,16,12,4,1,0,0,0,0,0
2024 Spring,PHYS,1429,Intro Physics 1 Workshop,031036,"Bychkov,Maksim",014,10298,College & Graduate Arts & Sci,3.80,25,2,14,5,2,2,0,0,0,0,0
2024 Spring,ENGL,3500,Studies in English Literature,045449,"Pasanek,Brad",001,19825,College & Graduate Arts & Sci,3.77,24,7,8,5,3,0,0,0,1,0,0
2024 Spring,PSYC,5500,Current Topics in Psychology,032717,"Horn,John Van",004,19740,College & Graduate Arts & Sci,3.55,12,0,0,9,1,2,0,0,0,0,0
2024 Spring,ARCH,2020,Foundation Studio III,001494,"Olivari,Brittany Paige",005,14318,School of Architecture,3.41,13,1,2,3,3,3,0,1,0,0,0
2024 Spring,DS,2002,Data Science Systems,046059,"Williamson,Jason",002,17297,School of Data Science,3.98,57,17,36,4,0,0,0,0,0,0,0
2024 Spring,DS,1001,Foundation of Data Science,046672,"Alonzi,Loreto",100,17306,School of Data Science,3.89,158,1,148,0,0,4,0,0,3,0,2
2024 Spring,ENGL,2599,Special Topics,012514,"Benson,Austin",001,19835,College & Graduate Arts & Sci,3.72,19,2,7,5,4,1,0,0,0,0,0
2024 Spring,PHYS,2040,Princip of Physics 2 Workshop,030812,"Bychkov,Maksim",003,10309,College & Graduate Arts & Sci,3.94,26,0,21,5,0,0,0,0,0,0,0
2024 Spring,CGBM,2110,Accounting for Business,047001,"Martin,Roger D",002,20243,McIntire School of Commerce,3.39,17,1,5,3,2,2,2,2,0,0,0
2024 Spring,APMA,2120,Multivariable Calculus,001144,"Choi,Joshua",007,20756,Engineering & Applied Science,3.36,29,3,7,5,4,4,4,0,1,0,1
2024 Spring,ENGL,3791,American Cinema,047186,"Chong,Sylvia",001,20367,College & Graduate Arts & Sci,3.54,17,4,5,5,0,1,1,0,0,0,1
2024 Spring,RUTR,2740,Tolstoy in Translation,034785,"Stuart,Madelyn",001,18626,College & Graduate Arts & Sci,3.86,24,0,14,9,1,0,0,0,0,0,0
2024 Spring,ENWR,1510,Writing and Critical Inquiry,013432,"Barman,Shalmi",032,11225,College & Graduate Arts & Sci,3.85,17,1,11,3,1,1,0,0,0,0,0
2024 Spring,NUCO,4450,Population & Public Health Nsg,042287,"Wiersma,Gretchen",003,17218,School of Nursing,3.86,14,7,4,2,0,0,1,0,0,0,0
2024 Spring,EGMT,1510,Engaging Aesthetics,044512,"Fiorani,Francesca",206,19273,College & Graduate Arts & Sci,3.59,35,0,11,8,13,3,0,0,0,0,0
2024 Spring,ASTR,1280,Origins of Almost Everything,043984,"Torrey,Paul",001,18807,College & Graduate Arts & Sci,3.73,121,20,63,14,7,8,2,5,1,0,1
2024 Spring,STS,2600,Engineering Ethics,046988,"Pappas,Jesse",006,19199,Engineering & Applied Science,3.98,25,0,23,2,0,0,0,0,0,0,0
2024 Spring,EDHS,2250,Stress and Anxiety Management,044538,"Knape,Erin",501,15289,School of Education and HumanDev,3.89,29,22,4,1,1,0,0,0,0,1,0
2024 Spring,EGMT,1510,Engaging Aesthetics,044512,"Klich,Israel",202,19269,College & Graduate Arts & Sci,3.94,35,0,30,4,0,1,0,0,0,0,0
2024 Spring,MATH,3350,Applied Linear Algebra,042858,"Turner,Joshua Lenwood",002,19588,College & Graduate Arts & Sci,3.77,24,12,4,3,2,2,1,0,0,0,0
2024 Spring,COMM,3720,Intermediate Corporate Finance,006484,"Chen,Zhaohui",002,14496,McIntire School of Commerce,3.54,43,6,7,16,4,6,2,1,1,0,0
2024 Spring,GCOM,7342,Judgment & Decsn Makg in Acc,044608,"Winchel,Jennifer",001,14588,McIntire School of Commerce,3.73,15,2,7,2,3,0,1,0,0,0,0
2024 Spring,SPAN,2010,Intermediate Spanish,035853,"Young,Sara",008,11013,College & Graduate Arts & Sci,3.83,16,0,8,7,1,0,0,0,0,0,0
2024 Spring,ECON,2010,Principles of Econ: Microecon,007876,"Doyle,Carter",100,11042,College & Graduate Arts & Sci,3.11,212,0,40,38,27,48,18,10,18,6,7
2024 Spring,LASE,2515,A&S Skills AcceleratorCatalyst,046611,"Golino,Hudson",005,20631,College & Graduate Arts & Sci,4.00,12,8,4,0,0,0,0,0,0,0,0
2024 Spring,PSPS,6005,Prac Apps of Risk Mgmt in PSO,046661,"Graham,Gordon",501,19989,Continuing & Prof Studies,3.73,17,0,11,3,0,2,0,1,0,0,0
2024 Spring,MAE,4700,Spacecraft Design II,042023,"Goyne,Chris",001,15896,Engineering & Applied Science,3.99,29,21,7,1,0,0,0,0,0,0,0
2024 Spring,EGMT,1510,Engaging Aesthetics,044512,"Robbins,Christa",121,19264,College & Graduate Arts & Sci,3.96,33,0,29,4,0,0,0,0,0,0,0
2024 Spring,EGMT,1530,Engaging Differences,044514,"Bultman,Rebecca",114,19551,College & Graduate Arts & Sci,4.00,35,31,4,0,0,0,0,0,0,0,0
2024 Spring,LASE,3601,Critical Inquiry,047062,"Flood,David",001,19214,College & Graduate Arts & Sci,3.89,26,1,21,2,0,1,1,0,0,0,0
2024 Spring,ANTH,2190,Desire and World Economics,000646,"Mentore,George",001,19166,College & Graduate Arts & Sci,3.42,31,1,3,8,11,8,0,0,0,0,0
2024 Spring,LAW,9081,Trial Advocacy,022023,"Johnson,Bethany",2,17907,School of Law,3.41,11,0,0,3,8,0,0,0,0,0,0
2024 Spring,ISCP,4991,Capstone Project II,020318,"Plunkett,Ann Marie Harkins",101,20126,Continuing & Prof Studies,3.93,38,8,26,2,0,2,0,0,0,0,0
2024 Spring,STAT,6130,Applied Multivariate Stats,036673,"Wang,Lingxiao",001,19591,College & Graduate Arts & Sci,3.53,29,1,10,9,7,0,0,0,0,0,2
2024 Spring,CS,3710,Intro to Cybersecurity,045511,"Orebaugh,Angela",001,16245,Engineering & Applied Science,3.91,335,25,253,39,7,5,3,0,3,0,0
2024 Spring,CS,3205,HCI in Software Development,006898,"Apostolellis,Panagiotis",001,15924,Engineering & Applied Science,3.70,48,1,21,16,6,2,1,0,1,0,0
2024 Spring,LPPS,3559,New Course in PP & Lead,045808,"Stam,Allan",001,16989,Batten Leadership & Public Pol,3.44,18,1,7,4,3,1,0,1,0,0,1
2024 Spring,MDST,7442,Feminist Media Studies,047136,"Press,Andrea",001,19324,College & Graduate Arts & Sci,4.00,8,4,4,0,0,0,0,0,0,0,0
2024 Spring,ENCW,2300,Poetry Writing,013450,"Costello,Gabriel",015,20766,College & Graduate Arts & Sci,3.67,14,0,6,4,2,2,0,0,0,0,0
2024 Spring,STAT,3220,Intro to Regression Analysis,040001,"Varanyak,Krista",001,11552,College & Graduate Arts & Sci,3.83,71,1,53,13,1,1,0,0,0,1,1
2024 Spring,PLIR,3080,Int'l Politics in Nuclear Age,031809,"Sechser,Todd",100,18870,College & Graduate Arts & Sci,3.63,228,7,116,38,25,28,6,3,0,2,3
2024 Spring,LPPP,3559,New Course in PP & Lead,044183,"Touve,David Charles",004,20800,Batten Leadership & Public Pol,3.71,11,1,2,6,2,0,0,0,0,0,0
2024 Spring,PHIL,3180,Nietzsche,030119,"Langsam,Harold",001,19542,College & Graduate Arts & Sci,3.20,24,0,4,7,3,5,2,2,0,0,1
2024 Spring,CHIN,1010,Elementary Chinese,006047,"Guo,Wen",002,14059,College & Graduate Arts & Sci,3.65,17,5,8,1,1,1,0,0,0,0,1
2024 Spring,BIOP,8201,Cell Physiology and Biophysics,004193,"Redemann,Stefanie",001,18450,Medical School - BIMS/PHS,3.85,13,3,5,4,1,0,0,0,0,0,0
2024 Spring,GCOM,7870,Foundations of Global Commerce,038183,"Burroughs,James",003,20106,McIntire School of Commerce,3.64,40,0,6,24,9,1,0,0,0,0,0
2024 Spring,ENWR,1510,Writing and Critical Inquiry,013432,"Correll,Allison",045,11659,College & Graduate Arts & Sci,3.59,18,0,5,10,0,1,1,0,1,0,0
2024 Spring,GERM,2010,Intermediate German,015678,"Gutterman,Julia",002,11210,College & Graduate Arts & Sci,3.74,18,2,11,2,1,1,0,0,0,1,0
2024 Spring,ISIN,4510,Sp Tps Conduct Inquiry: So Sci,043255,"Corlett,David",101,20132,Continuing & Prof Studies,3.73,28,0,15,8,2,2,0,1,0,0,0
2024 Spring,CHIN,1010,Elementary Chinese,006047,"Guo,Wen",001,11721,College & Graduate Arts & Sci,3.97,10,8,1,1,0,0,0,0,0,0,0
2024 Spring,STAT,1100,Chance: Intro to Statistics,036650,"Zhou,Haowen",001,11498,College & Graduate Arts & Sci,3.83,35,2,21,8,3,0,1,0,0,0,0
2024 Spring,AAS,2500,Topics in Africana Studies,046413,"Sherley,Eshe",005,19726,College & Graduate Arts & Sci,3.06,11,2,1,2,2,1,1,0,1,0,1
2024 Spring,HIEU,2041,Roman Republic and Empire,018391,"Meyer,Elizabeth",100,11178,College & Graduate Arts & Sci,3.22,45,4,5,10,9,5,7,2,1,1,1
2024 Spring,MDST,3712,Interactive Storytelling,045802,"Duncan,Sean",001,12510,College & Graduate Arts & Sci,3.29,20,1,8,0,5,3,0,1,1,0,1
2024 Spring,BIOL,3250,Intro to Animal Behavior,003550,"Kawasaki,Masashi",001,11205,College & Graduate Arts & Sci,3.61,146,22,59,26,14,8,7,2,4,2,2
2024 Spring,ENCW,2300,Poetry Writing,013450,"Martinez,Lucas",007,19756,College & Graduate Arts & Sci,3.96,14,0,12,2,0,0,0,0,0,0,0
2024 Spring,EDHS,3120,Abnormal Psychology,043641,"Ferguson,Erin",001,15023,School of Education and HumanDev,3.69,35,7,12,8,2,2,4,0,0,0,0
2024 Spring,ENGL,4560,Seminar Modern & Contemp Lit,012608,"Miller,Joshua",004,20294,College & Graduate Arts & Sci,3.82,15,0,12,1,1,0,0,1,0,0,0
2024 Spring,LAW,6001,Constitutional Law,021552,"Ross,Bertrall",AJ,17783,School of Law,3.40,64,0,12,19,13,18,1,0,0,0,1
2024 Spring,LAW,8011,International Taxation,021669,"Hayashi,Andrew",1,17837,School of Law,3.65,6,1,2,0,2,1,0,0,0,0,0
2024 Spring,SPAN,3300,Texts and Interpretation,035904,"Monteros-Freeman,Maria",001,10411,College & Graduate Arts & Sci,3.98,16,2,13,1,0,0,0,0,0,0,0
2024 Spring,CHIN,4020,Advanced Chinese II,006068,"Liang,Hsin Hsin",001,11776,College & Graduate Arts & Sci,3.87,12,0,8,3,1,0,0,0,0,0,0
2024 Spring,SPAN,3400,Surv Span Lt I (Mid Ages-1700),035908,"Riva,FERNANDO",001,10414,College & Graduate Arts & Sci,3.94,23,8,13,1,0,1,0,0,0,0,0
2024 Spring,LAW,6102,Administrative Law,021597,"Bamzai,Aditya",1,17790,School of Law,3.63,70,0,22,22,24,1,1,0,0,0,0
2024 Spring,SPAN,3010,Grammar and Composition I,035893,"Martinez,Winnie Perez",002,12425,College & Graduate Arts & Sci,3.92,13,2,9,1,1,0,0,0,0,0,0
2024 Spring,ENWR,1510,Writing and Critical Inquiry,013432,"Fowler,Charity",005,11223,College & Graduate Arts & Sci,4.00,17,14,3,0,0,0,0,0,0,0,0
2024 Spring,ENWR,1510,Writing and Critical Inquiry,013432,"Richardson,Sarah",021,10503,College & Graduate Arts & Sci,3.86,18,16,0,1,0,0,0,0,0,1,0
2024 Spring,DRAM,2020,Acting I,007200,"Lowinski,Cortney",002,11208,College & Graduate Arts & Sci,3.86,14,0,12,0,1,0,1,0,0,0,0
2024 Spring,BIOL,2200,Intro Bio w/Lab: Orgnsm & Evol,003471,"Manson,Jessamyn",002,11360,College & Graduate Arts & Sci,3.25,416,29,76,98,62,48,36,20,16,18,13
2024 Spring,EGMT,1510,Engaging Aesthetics,044512,"Dobryden,Paul",214,19279,College & Graduate Arts & Sci,3.63,34,0,24,6,0,0,1,0,0,1,2
2024 Spring,ENWR,1510,Writing and Critical Inquiry,013432,...,78,21328,College & Graduate Arts & Sci,3.49,14,0,3,6,3,1,0,0,0,1,0
2024 Spring,ENGL,2527,Shakespeare,012510,"Kinney,Clare",001,19820,College & Graduate Arts & Sci,3.67,15,0,6,4,4,1,0,0,0,0,0
2024 Spring,SYS,2001,Systems Engineering Concepts,036895,"Burkett,Matthew",001,19546,Engineering & Applied Science,3.69,37,7,14,9,3,1,1,0,1,1,0
2024 Spring,ENGL,2502,Masterpieces of English Lit,012478,"Pasanek,Brad",001,19824,College & Graduate Arts & Sci,3.71,19,5,0,12,1,0,1,0,0,0,0
2024 Spring,MSE,6240,Kinetics Solid-State Reactions,024427,"Opila,Elizabeth",001,15422,Engineering & Applied Science,3.51,19,0,8,5,4,1,0,0,0,0,1
2024 Spring,DRAM,4070,Hip Hop Theatre,046936,"Davis,Theresa",001,19692,College & Graduate Arts & Sci,3.65,17,3,5,5,2,0,1,1,0,0,0
2024 Spring,LAW,7161,State and Local Government Law,044678,"O'Neill,Moira",1,18673,School of Law,3.53,12,0,3,4,2,3,0,0,0,0,0
2024 Spring,ARAD,4200,Development and Board Mgt,040442,"Sampson,George",001,11187,College & Graduate Arts & Sci,3.98,14,1,12,1,0,0,0,0,0,0,0
2024 Spring,LAW,6106,Federal Income Tax,021658,"Hayashi,Andrew",1,17788,School of Law,3.51,55,0,2,29,19,5,0,0,0,0,0
2024 Spring,LAW,9255,Human Rghts Study Project (YR),043867,"Sanchez-Leon,Nelson",1,18002,School of Law,3.53,6,0,2,0,4,0,0,0,0,0,0
2024 Spring,APMA,2130,Ordinary Differentl Equations,001145,"Ma,Hui",002,15355,Engineering & Applied Science,3.31,40,6,11,9,4,4,0,2,0,0,4
2024 Spring,STAT,1602,Intro Data Science with Python,045052,"Somal,Harsimran",002,19539,College & Graduate Arts & Sci,3.68,81,1,67,0,0,7,0,0,1,0,5
2024 Spring,STAT,3080,From Data to Knowledge,040829,"Brown,Taylor",002,13667,College & Graduate Arts & Sci,3.83,60,0,41,14,1,2,1,0,1,0,0
2024 Spring,FREN,2020,Intermediate French II,014316,"Geer,Rachel Carrie",004,11253,College & Graduate Arts & Sci,3.90,13,2,9,1,0,1,0,0,0,0,0
2024 Spring,LAW,9129,Compar Freedm of Speech Seminr,040161,"Cope,Kevin",1,18634,School of Law,3.49,15,0,1,7,5,2,0,0,0,0,0
2024 Spring,CHIN,3050,Reading China,006061,"Zhao,Ran",001,14123,College & Graduate Arts & Sci,3.91,14,0,11,2,1,0,0,0,0,0,0
2024 Spring,ARCH,7230,Building Workshop III,001692,"Robles,Ines Martin",001,14262,School of Architecture,3.79,50,3,23,16,8,0,0,0,0,0,0
2024 Spring,ARCH,2020,Foundation Studio III,001494,"Goradia,Dhara Dhanvant",006,14319,School of Architecture,3.22,12,0,3,2,1,4,1,0,0,0,1
2024 Spring,CS,4720,Mobile Application Development,041616,"McBurney,Paul",001,19360,Engineering & Applied Science,3.23,64,5,31,3,9,2,2,1,2,0,9
2024 Spring,LAW,7730,"Lawyers,Clerks,Jud Dcisionmkng",043271,"CUI,GREGORY",1,20250,School of Law,3.80,7,1,3,1,2,0,0,0,0,0,0
2024 Spring,CHE,4452,Data Sci in CHE,047204,"Paolucci,Chris",001,20591,Engineering & Applied Science,3.60,23,6,8,3,3,1,1,0,0,0,1
2024 Spring,KOR,2020,Intermediate Korean II,020867,"Han,Rosa",002,11544,College & Graduate Arts & Sci,3.62,16,0,5,7,1,2,1,0,0,0,0
2024 Spring,COMM,3200,Project & Product Management,006498,"Schuff,David",003,14557,McIntire School of Commerce,3.51,40,0,13,13,1,7,6,0,0,0,0
2024 Spring,PLAP,4500,Special Topics,031588,"Kirkland,Justin",006,18860,College & Graduate Arts & Sci,3.66,15,0,6,6,0,2,1,0,0,0,0
2024 Spring,MDST,2000,Introduction to Media Studies,023487,"Vaidhyanathan,Siva",100,11193,College & Graduate Arts & Sci,3.77,237,145,34,28,8,8,3,4,3,0,4
2024 Spring,SPAN,2020,Advanced Intermediate Spanish,035854,"Morales,Josue",021,18926,College & Graduate Arts & Sci,3.31,17,0,1,8,3,2,1,1,0,1,0
2024 Spring,COMM,4681,Entrepreneurship Trck Capstone,040148,"Martin,Eric",001,14507,McIntire School of Commerce,3.84,38,0,19,18,1,0,0,0,0,0,0
2024 Spring,SOC,4850,"Media, Culture and Society",035513,"Mullins,Ian",001,19027,College & Graduate Arts & Sci,3.83,20,4,12,0,2,2,0,0,0,0,0
2024 Spring,BIOL,4260,Cellular Mechanisms,003613,"Wormington,Mike",001,11334,College & Graduate Arts & Sci,3.99,48,23,23,2,0,0,0,0,0,0,0
2024 Spring,PLCP,3500,Topics in Comp Politics,041289,"Schoppa,Len",002,18868,College & Graduate Arts & Sci,3.61,25,4,7,9,0,3,0,0,2,0,0
2024 Spring,ACCT,5250,Advanced Auditing,000191,"Evans,Richard",701,20031,Continuing & Prof Studies,3.59,7,0,1,4,1,1,0,0,0,0,0
2024 Spring,LAW,8805,Grad Legal Research/Writing II,042533,"Moran,Karen",1,17839,School of Law,3.39,15,0,2,2,8,3,0,0,0,0,0
2024 Spring,WGS,3230,Gender and the Olympic Games,044499,"Hagerman,Bonnie",001,19227,College & Graduate Arts & Sci,3.47,30,0,15,6,3,3,0,0,1,0,2
2024 Spring,EDIS,3060,Poverty and the Young Child,045749,"Leach,Allison P",504,21078,School of Education and HumanDev,3.73,24,10,10,0,2,1,0,0,0,0,1
2024 Spring,COMM,3410,Commercial Law I,006470,"Moore,Sherri",002,14490,McIntire School of Commerce,3.26,136,0,28,50,20,11,5,6,6,0,10
2024 Spring,ECE,4501,Special Topics: ECE,040915,"Beling,Andreas",001,16258,Engineering & Applied Science,3.72,21,5,6,5,3,1,1,0,0,0,0
2024 Spring,LASE,3600,Leadership and Collaboration,047061,"Flood,David",001,18850,College & Graduate Arts & Sci,3.90,22,2,18,0,0,1,1,0,0,0,0
2024 Spring,DRAM,2010,"Theatre Design, Technology",007199,"Kasra,Mona",001,13495,College & Graduate Arts & Sci,3.79,17,0,9,5,3,0,0,0,0,0,0
2024 Spring,MATH,1210,A survey of Calculus I,022944,"Kurtz,Brianna A.",400,19672,College & Graduate Arts & Sci,3.08,34,0,8,4,8,3,3,2,4,1,1
2024 Spring,ARCH,4020,Independent Design Res Studio,001547,"Phinney,Lucia",008,20383,School of Architecture,3.78,13,2,3,7,1,0,0,0,0,0,0
2024 Spring,CHE,6452,Data Science Chem Eng,046925,"Paolucci,Chris",001,16794,Engineering & Applied Science,3.71,7,0,5,0,0,2,0,0,0,0,0
2024 Spring,EGMT,1540,Ethical Engagement,044515,"Rose,Kevin",222,19611,College & Graduate Arts & Sci,3.82,35,0,26,4,2,1,2,0,0,0,0
2024 Spring,PLPT,3200,African-Amer Political Thought,031931,"Balfour,Lawrie",100,18895,College & Graduate Arts & Sci,3.52,49,0,16,17,7,5,2,1,0,0,1
2024 Spring,ASTR,3130,Observational Astronomy,003074,"Majewski,Steven",100,11180,College & Graduate Arts & Sci,3.32,21,1,3,8,3,3,0,2,0,0,1
2024 Spring,ECE,4550,Applied Research & Design Lab,044084,"Stan,Mircea",001,15914,Engineering & Applied Science,3.87,13,3,7,1,2,0,0,0,0,0,0
2024 Spring,MESA,2300,Crossing Borders: ME & SA,042658,"Cohen,Richard",001,18689,College & Graduate Arts & Sci,3.84,57,1,32,19,5,0,0,0,0,0,0
2024 Spring,MATH,1210,A survey of Calculus I,022944,"Aitzhanova,Bakhyt",900,11063,College & Graduate Arts & Sci,3.30,35,0,14,2,9,2,4,0,1,1,2
2024 Spring,PSPA,5020,Public Organization Mgmt,040509,"McClellan,Sara",701,20082,Continuing & Prof Studies,3.74,16,0,10,3,1,0,2,0,0,0,0
2024 Spring,LASE,3600,Leadership and Collaboration,047061,"Gleek,Charlie",002,18851,College & Graduate Arts & Sci,3.92,19,0,14,5,0,0,0,0,0,0,0
2024 Spring,LAW,8652,Emerging Markets: Prin & Pract,021986,"Dean,Richard",1,17885,School of Law,3.57,10,0,1,5,4,0,0,0,0,0,0
2024 Spring,PSPM,5030,Intro to Project Mgmt,029786,"Kropp,Edward",701,20111,Continuing & Prof Studies,3.45,22,1,11,5,1,2,0,0,0,0,2
2024 Spring,PLAP,4500,Special Topics,031588,"Ceaser,James",007,18896,College & Graduate Arts & Sci,3.70,12,0,8,2,0,0,1,1,0,0,0
2024 Spring,DS,6002,Ethics of Big Data I,043459,"Cummings,Renee",001,19491,School of Data Science,3.99,28,23,4,1,0,0,0,0,0,0,0
2024 Spring,PHYS,8610,Condensed Matter Theory I,030960,"Teo,Chi Yan Jeffrey",001,13791,College & Graduate Arts & Sci,3.67,7,2,2,1,0,2,0,0,0,0,0
2024 Spring,MDST,3490,Comedy & Humor Across Media,046537,"Rao,Pallavi",001,12841,College & Graduate Arts & Sci,3.92,28,9,15,2,1,1,0,0,0,0,0
2024 Spring,LPPS,5555,Adv Pub Pol & Lead Seminar,047210,"Zimmerman,Jane B",002,20931,Batten Leadership & Public Pol,4.00,10,6,4,0,0,0,0,0,0,0,0
2024 Spring,APMA,3100,Probability,001152,"Ma,Hui",005,15966,Engineering & Applied Science,3.10,45,2,12,12,2,4,2,1,2,2,6
2024 Spring,LPPP,4991,Capstone Seminar,042163,"Dobson,Kyle",006,20189,Batten Leadership & Public Pol,3.80,15,0,12,0,0,3,0,0,0,0,0
2024 Spring,ENGL,4520,Seminar Renaissance Literature,012910,"Kinney,Clare",001,19821,College & Graduate Arts & Sci,3.41,14,0,3,7,3,0,0,0,0,0,1
2024 Spring,CS,6501,Spec Top: Computer Science,006981,"Alemzadeh,Homa",009,16744,Engineering & Applied Science,3.76,8,0,3,4,1,0,0,0,0,0,0
2024 Spring,EGMT,1530,Engaging Differences,044514,"Gilboa,Zvi",108,19547,College & Graduate Arts & Sci,3.53,19,4,10,0,1,1,1,0,0,0,2
2024 Spring,ENGR,6501,Special Topics Graduate Engr,047122,"Tom,Jean",001,19857,Engineering & Applied Science,3.58,8,0,5,0,2,0,0,0,1,0,0
2024 Spring,GNUR,6252,PMH Theories and Therapies,017011,"Moore,Lee",001,17158,School of Nursing,3.74,5,0,2,2,1,0,0,0,0,0,0
2024 Spring,LASE,3510,Topics in the Liberal Arts,046610,"LaFleur,Jennifer",002,12978,College & Graduate Arts & Sci,3.36,18,1,6,3,3,2,0,0,1,2,0
2024 Spring,LAW,6001,Constitutional Law,021552,"Nachbar,Thomas",BC,17782,School of Law,3.40,63,0,3,24,19,16,1,0,0,0,0
2024 Spring,SPAN,4510,Spec Topics Sem: Literature,035968,"Valverde,Fernando",001,18920,College & Graduate Arts & Sci,3.99,23,1,21,1,0,0,0,0,0,0,0
2024 Spring,CE,2020,Engineering Economic Analysis,042731,"Burden,Lindsay",001,15950,Engineering & Applied Science,3.68,37,0,27,4,1,3,0,0,0,0,2
2024 Spring,LAW,7639,Chinese Law (SC),040166,"Law,David",1,18633,School of Law,3.44,12,0,0,5,6,1,0,0,0,0,0
2024 Spring,PLAP,3400,American Political Economy,044879,"Charette,Danielle",002,13191,College & Graduate Arts & Sci,3.31,18,0,6,1,6,2,1,1,0,0,1
2024 Spring,ENTP,1010,Intro to Entrepreneurship,043881,"Kerpelman,Adam",004,14559,McIntire School of Commerce,3.78,41,3,27,6,3,0,1,0,0,0,1
2024 Spring,NESC,8000,Foundations of Neuroscience,044856,"Shin,Jung-Bum",001,18397,Medical School - BIMS/PHS,3.28,15,1,2,3,1,4,4,0,0,0,0
2024 Spring,GCOM,7549,Commerce in the Global Context,045947,"Burroughs,James E",005,21508,McIntire School of Commerce,3.79,28,0,11,15,2,0,0,0,0,0,0
2024 Spring,HIEU,4501,Pre 1700 Euro Hist Seminar,037347,"Meyer,Elizabeth",001,19714,College & Graduate Arts & Sci,3.65,11,0,5,4,0,0,2,0,0,0,0
2024 Spring,ASTR,1220,Intro Stars Galaxies Universe,003047,"Mohamed,Shazrene",005,18806,College & Graduate Arts & Sci,3.88,21,0,17,2,1,0,1,0,0,0,0
2024 Spring,LAW,6100,Accounting/Financial Statemnts,021684,"Franks,Harry",1,17781,School of Law,3.47,20,0,4,6,5,4,1,0,0,0,0
2024 Spring,EGMT,1540,Ethical Engagement,044515,"Nickel,Mary",214,13399,College & Graduate Arts & Sci,3.65,34,9,10,7,3,2,0,2,0,1,0
2024 Spring,LAW,7183,Pretrial Litg Skills: Civ Rts,045732,"Shalf,Sarah",1,17881,School of Law,3.51,9,0,2,2,4,1,0,0,0,0,0
2024 Spring,CLAS,2040,Greek Mythology,006300,"Petrovic,Ivana",100,10080,College & Graduate Arts & Sci,3.57,160,73,31,21,7,5,7,2,3,3,8
2024 Spring,CJ,3490,Lgl Issues Impact Law Enf Ops,039968,"Pettry,Michael T",A2,21385,Continuing & Prof Studies,3.91,14,7,4,2,1,0,0,0,0,0,0
2024 Spring,HIST,2014,Fascism: A Global History,046591,"Achilles,Manuela",100,19503,College & Graduate Arts & Sci,3.60,107,0,25,58,10,9,4,0,0,0,1
2024 Spring,MAE,6070,Theory of Elasticity,022646,"Xu,Baoxing",001,19419,Engineering & Applied Science,3.46,11,0,5,4,1,0,0,0,0,0,1
2024 Spring,EGMT,1540,Ethical Engagement,044515,"Mellen,Emily",120,19597,College & Graduate Arts & Sci,3.92,36,27,7,0,0,1,0,0,1,0,0
2024 Spring,EDLF,7813,Leadership for EdTech,042239,"Dexter,Sara",500,15157,School of Education and HumanDev,3.89,9,0,7,1,1,0,0,0,0,0,0
2024 Spring,EDIS,5425,Teaching Writing,043200,"Austin,Ottilie",500,15210,School of Education and HumanDev,3.93,24,14,7,2,0,1,0,0,0,0,0
2024 Spring,LPPL,4680,Lead from Anywhere,046781,"Gelsdorf,Kirsten",002,20196,Batten Leadership & Public Pol,3.49,44,0,10,17,8,4,3,0,2,0,0
2024 Spring,BIOP,8301,Molecular Biophysics,030456,"Redemann,Stefanie",001,18451,Medical School - BIMS/PHS,3.63,8,0,3,2,2,1,0,0,0,0,0
2024 Spring,RELG,2380,Faith & Doubt in Modern Age,034164,"Marsh,Charles",001,18780,College & Graduate Arts & Sci,3.73,28,0,16,5,5,1,0,1,0,0,0
2024 Spring,ENGL,8596,Form and Theory of Poetry,043532,"Teare,Brian",001,19783,College & Graduate Arts & Sci,3.65,13,0,10,2,0,0,0,0,0,0,1
2024 Spring,CJ,5660,Leading Through Wellness,041450,"Western,Gerald",B1,21645,Continuing & Prof Studies,4.00,7,4,3,0,0,0,0,0,0,0,0
2024 Spring,EVSC,3060,Biomechanics of Organisms,040479,"Reidenbach,Matthew",001,19409,College & Graduate Arts & Sci,3.81,37,4,21,6,3,3,0,0,0,0,0
2024 Spring,PHS,5015,Qual Mthd for Comm & Glob Hlth,040627,"Kelly,Kelsie",001,19718,Medical School - BIMS/PHS,3.73,6,1,3,1,0,0,1,0,0,0,0
2024 Spring,GCOM,7210,PredictiveAnalyticsLowCodeTech,043907,"Kitchens,Brent",001,20091,McIntire School of Commerce,3.68,32,3,8,15,4,0,1,1,0,0,0
2024 Spring,RELG,3730,Study of Religion,046968,"Geddes,Jennifer",100,18779,College & Graduate Arts & Sci,3.85,13,0,8,4,1,0,0,0,0,0,0
2024 Spring,APMA,2130,Ordinary Differentl Equations,001145,"Spencer,Julie",005,15358,Engineering & Applied Science,3.49,43,6,11,8,5,7,4,0,2,0,0
2024 Spring,EGMT,1530,Engaging Differences,044514,"Reid,Sean",216,19569,College & Graduate Arts & Sci,3.96,35,0,32,2,1,0,0,0,0,0,0
2024 Spring,GERM,1020,Elementary German,015643,"Zuerner,Chrisann",002,11213,College & Graduate Arts & Sci,3.88,16,7,4,4,1,0,0,0,0,0,0
2024 Spring,ECE,3250,Electromag Energy Conversion,007678,"Barnes,Adam",001,15394,Engineering & Applied Science,3.21,23,1,4,5,4,3,3,0,2,0,1
2024 Spring,ASL,4750,Contemporary Deaf Studies,003009,"Krentz,Christopher",001,19882,College & Graduate Arts & Sci,3.31,23,0,3,9,6,2,1,1,0,0,1
2024 Spring,CJ,5290,Emotional Intelligence,041302,"Coleman,Marian Elizabeth",A1,21350,Continuing & Prof Studies,3.93,31,19,10,0,0,1,1,0,0,0,0
2024 Spring,LPPA,3650,Economics of Public Policy,042162,"Lipscomb,Molly",001,16911,Batten Leadership & Public Pol,3.51,57,0,6,33,10,7,0,0,0,0,1
2024 Spring,COMM,3330,Mkt Research & Analytic Tech,006475,"Mick,David",003,14494,McIntire School of Commerce,3.88,35,9,16,7,3,0,0,0,0,0,0
2024 Spring,PLIR,4380,America in a World Economy,031833,"Schwartz,Mark",001,13185,College & Graduate Arts & Sci,3.72,15,0,5,7,3,0,0,0,0,0,0
2024 Spring,LAW,9047,Dignity Law Seminar,022153,"Bayefsky,Rachel",1,17984,School of Law,3.55,11,0,1,5,5,0,0,0,0,0,0
2024 Spring,RELG,2660,Spirituality in America,041858,"Hedstrom,Matthew",100,11057,College & Graduate Arts & Sci,3.77,41,1,32,3,2,0,1,0,0,0,2
2024 Spring,HIUS,3261,History of the American West,019587,"Taylor,Alan",100,19521,College & Graduate Arts & Sci,3.16,52,0,7,11,8,15,6,1,2,0,2
2024 Spring,LAW,9501,Race and Law Short Course (SC),046498,"Coleman,Franciska",1,18076,School of Law,3.48,6,0,1,1,4,0,0,0,0,0,0
2024 Spring,GCOM,7360,Analytics and Fraud,042487,"Negangard,Eric",001,14527,McIntire School of Commerce,3.49,18,2,3,3,6,4,0,0,0,0,0
2024 Spring,LASE,2515,A&S Skills AcceleratorCatalyst,046611,"Clavel,Marguerite Lise",006,21046,College & Graduate Arts & Sci,3.81,10,1,4,4,1,0,0,0,0,0,0
2024 Spring,DRAM,2020,Acting I,007200,"Close,Tovah",001,11207,College & Graduate Arts & Sci,3.73,13,0,7,4,0,1,1,0,0,0,0
2024 Spring,ACCT,5110,Intermediate Accounting I,045932,"Hutton,Leon",701,20025,Continuing & Prof Studies,3.84,14,0,8,5,1,0,0,0,0,0,0
2024 Spring,STS,4600,Engr Ethcs Prof Responsibility,036750,"Wayland,Kent",013,15752,Engineering & Applied Science,3.67,23,0,15,4,0,1,1,0,2,0,0
2024 Spring,ECE,4435,Computer Architecture & Design,007695,"Delong,Todd",001,15765,Engineering & Applied Science,3.85,71,11,45,8,3,1,1,1,0,1,0
2024 Spring,DS,3001,Foundations of ML,045203,"Johnson,Terence",002,17312,School of Data Science,3.99,58,0,56,2,0,0,0,0,0,0,0
2024 Spring,EDLF,7605,Anthropology of Education,009735,"Hoffman,Diane",500,20077,School of Education and HumanDev,3.55,8,1,3,2,0,1,0,0,1,0,0
2024 Spring,CHEM,2420,Organic Chemistry II,005699,"Frantz,Alicia",200,12094,College & Graduate Arts & Sci,3.29,86,0,25,14,16,12,6,5,6,1,1
2024 Spring,EDHS,1120,Found of Community Engagement,043507,"Curtis,Sabrina",002,19879,School of Education and HumanDev,3.97,39,0,35,4,0,0,0,0,0,0,0
2024 Spring,EDLF,3440,Psyc Sport & Physical Activity,009663,"Strick,Keila",001,14626,School of Education and HumanDev,3.61,19,1,10,5,1,0,1,0,0,0,1
2024 Spring,DRAM,2060,The Body and Performance,046593,"Schetlick,Kathryn",001,13496,College & Graduate Arts & Sci,3.79,20,0,15,3,1,0,0,0,0,0,1
2024 Spring,PLAN,6020,Methods of Community Research,044529,"Wilson,Barbara",001,14346,School of Architecture,3.96,16,6,9,0,1,0,0,0,0,0,0
2024 Spring,PLAN,2111,GIS for Planners,045666,"Walker,Richard",001,14347,School of Architecture,3.59,17,0,12,1,1,2,0,0,0,0,1
2024 Spring,SPAN,2020,Advanced Intermediate Spanish,035854,"Arevalo,Gabriela Dongo",017,11993,College & Graduate Arts & Sci,3.51,14,0,0,9,4,0,1,0,0,0,0
2024 Spring,PST,4999,Thesis/Political & Soc Thought,039788,"Reed,Isaac Ariail",001,20832,College & Graduate Arts & Sci,3.97,20,0,18,2,0,0,0,0,0,0,0
2024 Spring,MDST,3430,AI and Cinema,046842,"Little,William",001,13869,College & Graduate Arts & Sci,3.49,29,0,9,10,2,5,1,0,2,0,0
2024 Spring,PHS,7202,App Econ Pol Analy/Strat Plan,046868,"You,Wen",001,19716,Medical School - BIMS/PHS,3.73,7,0,3,3,0,1,0,0,0,0,0
2024 Spring,ENWR,1506,Writing & Critical Inquiry S2,013429,"Chantell,Claire",003,10111,College & Graduate Arts & Sci,3.81,12,8,1,1,1,0,1,0,0,0,0
2024 Spring,HIND,2020,Intermediate Hindi II,018895,"Nasir,Abdul",001,10173,College & Graduate Arts & Sci,3.80,13,0,7,4,2,0,0,0,0,0,0
2024 Spring,LPPP,7559,New Course: PPOL,044184,"Sarasvathy,Saras",004,20634,Batten Leadership & Public Pol,3.50,11,1,2,1,6,1,0,0,0,0,0
2024 Spring,SPAN,3010,Grammar and Composition I,035893,"Poveda,Esther",005,11071,College & Graduate Arts & Sci,3.63,15,0,5,5,3,2,0,0,0,0,0
2024 Spring,ECON,4360,Empirical Finance,007970,"Peterson,Steven",001,11074,College & Graduate Arts & Sci,3.84,10,3,3,3,1,0,0,0,0,0,0
2024 Spring,ANTH,3559,New Course: ANTH,038540,"Jackson,Sebastian",001,19164,College & Graduate Arts & Sci,3.74,30,0,16,13,0,0,0,0,0,0,1
2024 Spring,ANTH,2620,"Sex, Gender and Culture",000767,"Benitez,Ernesto",100,19158,College & Graduate Arts & Sci,3.74,34,12,16,0,3,1,0,1,0,0,1
2024 Spring,MATH,1310,Calculus I,022953,"James,Daniel",400,19676,College & Graduate Arts & Sci,2.44,28,1,2,3,5,1,3,1,2,6,4
2024 Spring,SYS,6002,Systems Integration,036948,"Burkett,Matthew Wade",700,20942,Engineering & Applied Science,3.68,17,0,11,5,0,0,0,0,0,0,1
2024 Spring,CJ,3490,Lgl Issues Impact Law Enf Ops,039968,"Pettry,Michael T",A1,21356,Continuing & Prof Studies,3.92,11,8,0,3,0,0,0,0,0,0,0
2024 Spring,MDST,3380,"Music, Sound, and Culture",047228,"Williams,Tyler Solon",001,20985,College & Graduate Arts & Sci,3.44,28,0,8,12,2,2,1,0,1,1,1
2024 Spring,ARTS,2812,Introduction to Sculpture II,002887,"Cheung,Conrad",001,10023,College & Graduate Arts & Sci,3.76,14,0,4,9,1,0,0,0,0,0,0
2024 Spring,NASC,3200,Naval Ship Systems II,025305,"Hartman,Joshua",001,17424,Executive VP & Provost,3.92,13,0,11,1,1,0,0,0,0,0,0
2024 Spring,NESC,8080,NESC Grad Student Sem Series,029309,"Cope,Elise",001,18377,Medical School - BIMS/PHS,3.86,47,0,32,11,3,1,0,0,0,0,0
2024 Spring,ARCH,2715,Elements of Design,047140,"Clark,William",100,19918,School of Architecture,3.75,99,1,50,27,14,7,0,0,0,0,0
2024 Spring,PHYS,2040,Princip of Physics 2 Workshop,030812,"Bychkov,Maksim",008,13925,College & Graduate Arts & Sci,3.95,26,0,22,4,0,0,0,0,0,0,0
2024 Spring,STS,4600,Engr Ethcs Prof Responsibility,036750,"Laugelli,Benjamin",004,15751,Engineering & Applied Science,3.86,30,3,18,7,1,0,1,0,0,0,0
2024 Spring,CS,6501,Spec Top: Computer Science,006981,"Fletcher,Tom",008,16722,Engineering & Applied Science,3.73,12,1,5,3,2,1,0,0,0,0,0
2024 Spring,MATH,4452,Algebraic Coding Theory,023101,"Ershov,Mikhail",001,19664,College & Graduate Arts & Sci,3.43,10,3,4,0,1,1,0,0,0,0,1
2024 Spring,CELL,5950,Jrnl Survey in Cell & Dev Biol,005250,"Dwyer,Noelle",001,18337,Medical School - BIMS/PHS,3.97,26,17,6,3,0,0,0,0,0,0,0
2024 Spring,ARCH,3020,Foundation Studio V,001518,"McQuistion,Lauren Austin",003,14272,School of Architecture,3.43,12,0,3,2,5,1,0,1,0,0,0
2024 Spring,PHS,7060,Prog Plan & Eval,030368,"Pannone,Aaron",001,18593,Medical School - BIMS/PHS,3.96,26,5,19,1,1,0,0,0,0,0,0
2024 Spring,SOC,4055,"Law, Inequality & Soc Change",035489,"Gorman,Elizabeth",001,19015,College & Graduate Arts & Sci,3.23,19,0,2,7,6,1,0,0,1,1,1
2024 Spring,EDIS,3013,Positive Behavior in ECE,045468,"Clayback,Kelsey",500,20753,School of Education and HumanDev,3.83,22,9,9,1,2,0,0,0,1,0,0
2024 Spring,HIEU,4502,Post 1700 Euro Hist Seminar,018520,"Rossman,Jeffrey",001,19858,College & Graduate Arts & Sci,3.57,15,0,6,2,5,1,1,0,0,0,0
2024 Spring,MATH,1320,Calculus II,022954,"Cernekova,Kristina",600,19680,College & Graduate Arts & Sci,3.23,26,1,7,3,1,10,1,1,0,1,1
2024 Spring,DRAM,3050,Making Theatre Histories,007247,"Wood,Katelyn",1,19685,College & Graduate Arts & Sci,3.59,14,0,7,2,3,1,0,0,1,0,0
2024 Spring,ARCH,2020,Foundation Studio III,001494,"Gonzalez Aranguren,Maria",008,19688,School of Architecture,3.66,11,1,4,2,3,1,0,0,0,0,0
2024 Spring,LPPP,5500,Short Course Topics,042124,"O'Connor,Kyle",006,20282,Batten Leadership & Public Pol,3.62,17,0,10,5,0,1,0,0,0,0,1
2024 Spring,ISBU,1070,UVA Edge-Hgh Impt Bhvr Wrkplac,046487,"Christesen,Tyler",E100,20995,Continuing & Prof Studies,3.62,13,0,9,3,0,0,0,0,0,0,1
2024 Spring,CJ,3490,Lgl Issues Impact Law Enf Ops,039968,"Pettry,Michael T",B2,21694,Continuing & Prof Studies,3.94,16,5,9,1,1,0,0,0,0,0,0
2024 Spring,CJ,4730,Forensic Sci for Admin & Mgrs,006238,"McGinnis Jr.,Charles Edward",B2,21697,Continuing & Prof Studies,3.96,14,7,5,2,0,0,0,0,0,0,0
2024 Spring,LAW,8012,Legal Iss/Corp Fin (Law & Bus),021838,"Geis,George",1,18657,School of Law,3.55,46,0,6,21,16,2,1,0,0,0,0
2024 Spring,LAW,7026,Sports and Games,021776,"RE,RICHARD",1,18667,School of Law,3.49,61,0,2,27,30,2,0,0,0,0,0
2024 Spring,LAW,7699,In-House Lawyr:Duties/Ten (SC),042357,"Platt,Deborah Sue",1,18669,School of Law,3.43,7,0,0,3,3,1,0,0,0,0,0
2024 Spring,ECE,4501,Special Topics: ECE,040915,"Alemzadeh,Homa",002,16742,Engineering & Applied Science,3.60,15,2,5,4,2,0,0,2,0,0,0
2024 Spring,STS,4600,Engr Ethcs Prof Responsibility,036750,"Earle,Joshua",003,15431,Engineering & Applied Science,3.89,28,0,26,0,0,1,0,0,1,0,0
2024 Spring,LATI,2020,Intermediate Latin II,021134,"Kuin,Inger Neeltje Irene",003,19235,College & Graduate Arts & Sci,3.39,14,1,3,1,5,3,0,1,0,0,0
2024 Spring,SPAN,2020,Advanced Intermediate Spanish,035854,"Florez-Murillo,David",015,11066,College & Graduate Arts & Sci,3.93,18,2,12,4,0,0,0,0,0,0,0
2024 Spring,BIOL,4559,New Course: BIOL,038577,"Massey,Ann",004,20543,College & Graduate Arts & Sci,3.65,34,3,16,4,4,5,1,1,0,0,0
2024 Spring,LAW,7667,Global Contracting (SC),041316,"Sion,Gilles",1,18649,School of Law,3.48,9,0,1,3,4,1,0,0,0,0,0
2024 Spring,LAW,7082,Secured Transactions,021616,"Walt,Steven",1,18666,School of Law,3.42,26,0,2,7,13,4,0,0,0,0,0
2024 Spring,LAW,7502,Topics in Business & Fin Reg,047076,"Johnston,Jason",1,18670,School of Law,3.50,10,0,1,4,4,1,0,0,0,0,0
2024 Spring,EVSC,4170,Spatial Ecology,045054,"Castorani,Max",001,19460,College & Graduate Arts & Sci,3.88,22,5,13,2,1,0,1,0,0,0,0
2024 Spring,SYS,6050,Risk Analysis,036967,"Lambert,James",600,16105,Engineering & Applied Science,3.75,14,3,6,3,0,0,2,0,0,0,0
2024 Spring,BME,3090,Biomed IDEAS Lab II,004071,"Allen,Timothy",100,15452,Engineering & Applied Science,3.79,111,6,65,20,12,7,0,0,1,0,0
2024 Spring,ECE,6502,Spec Top:Elect & Computer Engr,007732,"Stan,Mircea",002,15957,Engineering & Applied Science,4.00,8,2,6,0,0,0,0,0,0,0,0
2024 Spring,CS,2120,Discrete Math and Theory 1,046227,"Orrico,Elizabeth",002,16507,Engineering & Applied Science,3.19,134,12,41,16,18,14,4,9,5,2,13
2024 Spring,MUSI,2342,Learn to Groove Int,041028,"Jospe,Robert",001,20340,College & Graduate Arts & Sci,4.00,17,3,14,0,0,0,0,0,0,0,0
2024 Spring,CE,3010,Project Business Planning,046521,"Duran,Diana Franco",001,16730,Engineering & Applied Science,3.84,48,0,36,5,5,0,2,0,0,0,0
2024 Spring,CE,2110,Environmental Engineering Lab,040525,"Culver,Teresa",002,15465,Engineering & Applied Science,3.57,12,3,4,4,0,0,0,0,0,0,1
2024 Spring,SPAN,2020,Advanced Intermediate Spanish,035854,"Hervas,Maria Jose Jorquera",014,11033,College & Graduate Arts & Sci,3.83,18,3,5,10,0,0,0,0,0,0,0
2024 Spring,GNUR,5390,Intro. to U.S. Healthcare,043722,"Mayes,Rick",001,20457,School of Nursing,3.95,34,2,26,6,0,0,0,0,0,0,0
2024 Spring,ECE,2600,Electronics,046966,"Bowers,Steven",001,19334,Engineering & Applied Science,3.57,59,5,21,12,10,9,0,0,1,0,1
2024 Spring,CE,3100,Water for the World,004457,"Smith,James",001,16746,Engineering & Applied Science,3.55,28,0,7,11,3,6,1,0,0,0,0
2024 Spring,EVSC,5559,New Course: EVSC,039170,"Mamalakis,Antonios",100,19909,College & Graduate Arts & Sci,3.67,9,2,3,1,2,0,1,0,0,0,0
2024 Spring,CS,4501,Spec Top: Computer Science,006942,"Nekipelov,Denis",001,15847,Engineering & Applied Science,3.90,53,6,34,12,0,0,0,1,0,0,0
2024 Spring,ENGL,9580,Adv Studies in Critical Theory,011602,"Felski,Rita",001,19800,College & Graduate Arts & Sci,3.88,12,2,5,5,0,0,0,0,0,0,0
2024 Spring,CHE,5456,Bioproduct & Bioprocess Eng,044955,"King,Michael",002,16734,Engineering & Applied Science,3.71,7,3,0,2,2,0,0,0,0,0,0
2024 Spring,ECE,6501,Topics: Elect & Computer Engr,007731,"Alemzadeh,Homa",002,16743,Engineering & Applied Science,3.80,8,2,2,3,1,0,0,0,0,0,0
2024 Spring,EGMT,1520,Empirical Engagement,044513,"Niblo,Jessica",109,12822,College & Graduate Arts & Sci,3.91,35,1,28,3,2,1,0,0,0,0,0
2024 Spring,CHE,3347,Biochemical Engineering,005452,"Berger,Bryan",001,15753,Engineering & Applied Science,3.91,14,0,11,2,1,0,0,0,0,0,0
2024 Spring,LPPL,4225,Leadership and Practice,044049,"Davis,Timothy Leland",001,16943,Batten Leadership & Public Pol,3.75,51,0,20,25,3,2,1,0,0,0,0
2024 Spring,FREN,4585,Adv Topics Cultural Studies,014411,"Tsien,Jennifer",003,20565,College & Graduate Arts & Sci,3.69,13,1,8,1,0,2,0,1,0,0,0
2024 Spring,ENWR,1510,Writing and Critical Inquiry,013432,"Shaman,Cory",030,11069,College & Graduate Arts & Sci,3.58,17,2,9,2,1,0,1,0,0,2,0
2024 Spring,APMA,3340,Complex Variables w/Applicatns,001162,"Morris,Diana",001,19652,Engineering & Applied Science,3.27,23,1,11,0,2,4,1,1,1,1,1
2024 Spring,BIOL,4310,Sensory Neurobiology,003618,"Provencio,Ignacio",001,13074,College & Graduate Arts & Sci,3.15,55,1,8,15,4,11,7,3,4,1,1
2024 Spring,LAW,9093,State Attorneys General,022249,"Herring,Mark",1,18668,School of Law,3.63,12,0,1,8,3,0,0,0,0,0,0
2024 Spring,PHIL,1510,Intro Philosophy Seminars,030034,"Vincent,William",002,19437,College & Graduate Arts & Sci,3.62,26,4,9,5,5,1,1,0,0,0,1
2024 Spring,STS,4600,Engr Ethcs Prof Responsibility,036750,"Wylie,Caitlin",001,15429,Engineering & Applied Science,3.44,28,0,11,5,5,3,1,0,2,1,0
2024 Spring,CS,3100,Data Structures and Algo 2,046228,"Hott,Robbie",001,16640,Engineering & Applied Science,3.48,149,24,52,24,14,12,7,2,6,3,5
2024 Spring,GSGS,3559,New Course: GSGS,043479,"Vonk,Levi",002,19711,College & Graduate Arts & Sci,3.79,19,1,17,0,0,0,0,0,0,0,1
2024 Spring,HIEA,2031,Modern China,018288,"Liu,Xiaoyuan",100,19240,College & Graduate Arts & Sci,3.68,49,8,14,12,10,5,0,0,0,0,0
2024 Spring,ARTH,2882,Modern Aboriginal Art,046176,"Skerritt,Henry",100,13101,College & Graduate Arts & Sci,3.75,59,4,32,17,1,1,0,1,2,1,0
2024 Spring,ENGL,3560,Studies in Mod & Contemp Lit,039235,"Arata,Stephen",001,19813,College & Graduate Arts & Sci,3.71,32,0,17,7,4,3,1,0,0,0,0
2024 Spring,EGMT,1510,Engaging Aesthetics,044512,"Yan,Jiajun",209,19502,College & Graduate Arts & Sci,3.84,36,0,25,7,1,3,0,0,0,0,0
2024 Spring,CS,4740,Cloud Computing,043033,"Lou,Chang",001,19361,Engineering & Applied Science,3.61,34,13,10,0,6,2,0,0,2,0,1
2024 Spring,STAT,3080,From Data to Knowledge,040829,"Brown,Taylor",001,11211,College & Graduate Arts & Sci,3.67,59,0,28,19,6,2,2,1,0,0,1
2024 Spring,USEM,1570,University Seminar,037196,"Pappas,Diane",003,17396,Executive VP & Provost,3.98,18,6,11,1,0,0,0,0,0,0,0
2024 Spring,ENGR,1420,Synthesis Design II,012397,"Bailey,Reid",001,15397,Engineering & Applied Science,3.86,37,5,16,15,1,0,0,0,0,0,0
2024 Spring,SOC,4550,Topics in Ethics and Society,042455,"Zeno,Elissa",001,12596,College & Graduate Arts & Sci,3.77,19,1,14,1,1,0,1,0,1,0,0
2024 Spring,STS,4600,Engr Ethcs Prof Responsibility,036750,"Norton,Peter",026,16748,Engineering & Applied Science,3.81,28,0,20,3,3,1,1,0,0,0,0
2024 Spring,HIUS,3620,All Politics is Local,047172,"Kahrl,Andrew",001,20424,College & Graduate Arts & Sci,3.68,28,0,19,6,0,1,0,0,0,1,1
2024 Spring,CE,6440,Advanced Trans Systems,004574,"Smith,Brian",001,19482,Engineering & Applied Science,3.75,8,0,6,0,0,2,0,0,0,0,0
2024 Spring,BIOL,3180,Plants and Society,003544,"Timko,Michael",001,12133,College & Graduate Arts & Sci,3.45,28,2,14,2,0,4,3,0,2,0,1
2024 Spring,MATH,4300,Elementary Numerical Analysis,023098,"Foldes,Juraj",001,19661,College & Graduate Arts & Sci,3.79,27,0,21,1,2,2,0,0,1,0,0
2024 Spring,FREN,2020,Intermediate French II,014316,"Geer,Rachel",001,13423,College & Graduate Arts & Sci,3.70,16,0,5,8,2,1,0,0,0,0,0
2024 Spring,ENTP,1010,Intro to Entrepreneurship,043881,"Honick,Craig",005,20190,McIntire School of Commerce,3.78,28,2,15,4,7,0,0,0,0,0,0
2024 Spring,APMA,3080,Linear Algebra,001151,"Chen,Heze",004,15746,Engineering & Applied Science,3.52,34,7,13,0,6,3,1,3,0,0,1
2024 Spring,LPPP,5500,Short Course Topics,042124,"Felder,Adam",001,20205,Batten Leadership & Public Pol,3.97,21,0,19,2,0,0,0,0,0,0,0
2024 Spring,APMA,1110,Single Variable Calculus II,001140,"Fernando,Anne",005,19647,Engineering & Applied Science,2.41,18,1,2,4,0,0,1,1,2,4,3
2024 Spring,CHE,4445,Fund Process Safety,046931,"Unnerstall,Ronald",001,16805,Engineering & Applied Science,3.97,22,5,15,2,0,0,0,0,0,0,0
2024 Spring,AMST,2559,New Course: AMST,038535,"Nguyen,Patricia",002,20563,College & Graduate Arts & Sci,3.98,14,10,3,1,0,0,0,0,0,0,0
2024 Spring,ENGL,3540,Studies in Nineteenth-Century,012784,"Arata,Stephen",001,19812,College & Graduate Arts & Sci,3.54,28,0,13,5,5,4,0,0,0,0,1
2024 Spring,CS,4501,Spec Top: Computer Science,006942,"Davidson,Jack",003,19315,Engineering & Applied Science,3.64,22,0,8,7,4,3,0,0,0,0,0
2024 Spring,CS,4501,Spec Top: Computer Science,006942,"Fletcher,Tom",009,16721,Engineering & Applied Science,3.74,25,9,6,5,2,1,2,0,0,0,0
2024 Spring,PHS,7360,Health Under the Influence,030384,"Oliver,M",001,20297,Medical School - BIMS/PHS,3.97,18,6,10,2,0,0,0,0,0,0,0
2024 Spring,RELC,3245,"Religion, Law, and Culture",043973,"Flake,Kathleen",001,20498,College & Graduate Arts & Sci,3.88,19,0,14,4,0,1,0,0,0,0,0
2024 Spring,LPPP,7559,New Course: PPOL,044184,"DeLozier,Elana",001,20203,Batten Leadership & Public Pol,3.68,12,1,5,3,1,1,1,0,0,0,0
2024 Spring,HIME,2001,Making of the Islamic World,018857,"Richardson,Kristina",001,19498,College & Graduate Arts & Sci,3.89,34,4,23,4,2,0,1,0,0,0,0
2024 Spring,PHS,7410,DB Mngt: Analy Secondary Data,040252,"Pannone,Aaron",001,18434,Medical School - BIMS/PHS,3.88,28,3,18,4,3,0,0,0,0,0,0
2024 Spring,CS,2120,Discrete Math and Theory 1,046227,"Orrico,Elizabeth",001,16506,Engineering & Applied Science,3.16,127,7,33,18,19,19,7,4,10,1,9
2024 Spring,BIOL,4390,Biological Therapy of Cancer,003582,"Kittlesen,David",001,19348,College & Graduate Arts & Sci,3.99,23,5,17,1,0,0,0,0,0,0,0
2024 Spring,PLAC,5500,Topical Offerings in Planning,038704,"Jafari,Ghazal",002,19646,School of Architecture,3.55,15,2,3,2,7,0,1,0,0,0,0
2024 Spring,HIEU,2101,Jewish Hist I: Anc & Med Exp,018396,"Kahlenberg,Caroline",001,19496,College & Graduate Arts & Sci,3.81,30,0,25,3,1,0,0,0,0,0,1
2024 Spring,BIOL,3010,Genetics and Molecular Biology,003526,"Bergland,Alan",001,11333,College & Graduate Arts & Sci,3.42,321,0,125,67,27,50,19,15,8,1,9
2024 Spring,STS,4600,Engr Ethcs Prof Responsibility,036750,"Forelle,MC",006,15459,Engineering & Applied Science,3.66,28,1,12,8,3,3,0,0,1,0,0
2024 Spring,EVSC,4270,Soil Science,013940,"Richardson,Justin",100,19639,College & Graduate Arts & Sci,4.00,13,8,5,0,0,0,0,0,0,0,0
2024 Spring,WGS,7500,Topics in Gender and Sexuality,044869,"Cavalcante,Andre",001,20323,College & Graduate Arts & Sci,3.91,7,0,5,2,0,0,0,0,0,0,0
2024 Spring,CS,2120,Discrete Math and Theory 1,046227,"Orrico,Elizabeth",003,19314,Engineering & Applied Science,3.31,131,9,47,16,17,16,8,4,4,3,7
2024 Spring,BME,4890,Nanomedicine,004088,"Griffin,Donald",001,16505,Engineering & Applied Science,3.69,33,0,23,4,2,2,0,1,0,0,1
2024 Spring,ENGL,2506,Studies in Poetry,012488,"Sophronius,Jeddie",004,20277,College & Graduate Arts & Sci,3.97,20,8,10,2,0,0,0,0,0,0,0
2024 Spring,SPAN,3070,Community Engagement,046866,"Poveda,Esther",001,20311,College & Graduate Arts & Sci,3.94,15,2,10,3,0,0,0,0,0,0,0
2024 Spring,LASE,2515,A&S Skills AcceleratorCatalyst,046611,"Gleek,Charlie",001,13164,College & Graduate Arts & Sci,3.87,15,0,12,1,1,1,0,0,0,0,0
2024 Spring,ISSS,3050,Evolution of Intl Relations,020445,"Ronayne,Peter Vincent",101,21066,Continuing & Prof Studies,3.45,20,0,13,3,1,0,1,0,0,0,2
2024 Spring,COMM,5559,New Course in Commerce,045299,"King,Adelaide",002,20261,McIntire School of Commerce,3.86,13,1,6,6,0,0,0,0,0,0,0
2024 Spring,PHS,3102,Intro PH: Pop. Data Analysis,042649,"Balkrishnan,Rajesh",001,19902,College & Graduate Arts & Sci,3.99,43,19,22,2,0,0,0,0,0,0,0
2024 Spring,LPPP,5500,Short Course Topics,042124,"Davenport,Sarad",007,20283,Batten Leadership & Public Pol,3.86,14,1,8,4,1,0,0,0,0,0,0
2024 Spring,EDHS,4210,Speech Sound Devel & Disorders,046565,"Hilton,Jane",001,15050,School of Education and HumanDev,3.71,16,0,8,4,2,2,0,0,0,0,0
2024 Spring,ENGL,3740,Intro to Asian Amer Studies,039586,"Chong,Sylvia",100,19826,College & Graduate Arts & Sci,3.90,20,6,11,1,1,1,0,0,0,0,0
2024 Spring,MDST,3338,New Cinema History,047165,"Etem,Julide",001,20318,College & Graduate Arts & Sci,3.36,25,3,7,8,2,1,1,0,1,0,2
2024 Spring,PHYS,1429,Intro Physics 1 Workshop,031036,"Bychkov,Maksim",021,10304,College & Graduate Arts & Sci,3.92,25,2,19,2,2,0,0,0,0,0,0
2024 Spring,CLAS,2020,Roman Civilization,006298,"Hays,Bradford",100,10989,College & Graduate Arts & Sci,2.79,60,0,15,11,6,5,4,3,3,1,12
2024 Spring,SPAN,2010,Intermediate Spanish,035853,"Jarque,Esperanza Gorriz",010,11064,College & Graduate Arts & Sci,3.57,18,0,3,11,2,0,1,1,0,0,0
2024 Spring,HIEA,1501,Intro Sem in East Asian Hist,018286,"Stolz,Robert",002,20135,College & Graduate Arts & Sci,3.73,12,0,4,6,2,0,0,0,0,0,0
2024 Spring,ECON,3010,Intermediate Microeconomics,007908,"Troyan,Peter",091,11252,College & Graduate Arts & Sci,3.09,83,3,16,10,9,17,9,8,6,4,1
2024 Spring,BIOL,4585,Selected Topics in Biology,041824,"Danna,Cristian",001,19917,College & Graduate Arts & Sci,4.00,22,19,3,0,0,0,0,0,0,0,0
2024 Spring,ARTH,1507,Art and Global Cultures,045465,"Paoletti,Giulia",100,13089,College & Graduate Arts & Sci,3.83,60,0,36,20,2,1,0,0,1,0,0
2024 Spring,LPPS,3040,US National Security Policy,046149,"Stam,Allan",001,16972,Batten Leadership & Public Pol,3.58,36,1,14,8,4,6,3,0,0,0,0
2024 Spring,PC,5060,Fed Acquisition Case Studies,029789,"Rich,James",701,20059,Continuing & Prof Studies,3.86,28,0,22,4,1,0,0,0,1,0,0
2024 Spring,ISLS,3010,Nationalism & Nationl Identity,020398,"Plunkett,Ann Marie",101,20136,Continuing & Prof Studies,3.82,27,0,16,8,2,1,0,0,0,0,0
2024 Spring,ENWR,1510,Writing and Critical Inquiry,013432,"Cart,Katherine",060,13339,College & Graduate Arts & Sci,3.97,18,0,16,2,0,0,0,0,0,0,0
2024 Spring,LAW,9262,Forensic Psych Crim Procedings,044226,"Kelley,Sharon",1,18676,School of Law,3.44,16,0,0,7,7,2,0,0,0,0,0
2024 Spring,MAE,6710,Finite Element Analysis,022680,"Panzer,Matthew",001,15749,Engineering & Applied Science,3.83,25,5,12,5,2,0,1,0,0,0,0
2024 Spring,DS,2002,Data Science Systems,046059,"Magee,Neal",003,20049,School of Data Science,3.94,58,2,46,9,0,1,0,0,0,0,0
2024 Spring,EAST,1200,East Asian Calligraphy,046736,"Chen,Shu-Chen",001,13956,College & Graduate Arts & Sci,3.91,20,3,12,4,1,0,0,0,0,0,0
2024 Spring,LPPP,5350,NGO Leadership Public Policy,044150,"Warburg,Gerald",001,16955,Batten Leadership & Public Pol,3.57,23,0,6,8,7,1,0,1,0,0,0
2024 Spring,LPPP,4991,Capstone Seminar,042163,"Higginbotham,Gerald",001,16923,Batten Leadership & Public Pol,3.71,18,0,5,11,0,2,0,0,0,0,0
2024 Spring,LAW,7816,Postgrad Pub Int Fellow (SC),045998,"Kim,Annie",1,17884,School of Law,3.40,5,0,0,2,2,1,0,0,0,0,0
2024 Spring,DS,2003,Communicating with Data,046060,"Abrams,Aaron",002,17311,School of Data Science,3.99,55,0,53,2,0,0,0,0,0,0,0
2024 Spring,MAE,2320,Dynamics,022576,"Lagor,Frank",001,16112,Engineering & Applied Science,3.20,108,5,30,11,20,13,8,7,7,2,5
2024 Spring,WGS,3500,Research and Methods in WGS,041823,"Field,Corinne",001,13763,College & Graduate Arts & Sci,3.81,13,0,7,5,0,1,0,0,0,0,0
2024 Spring,PSPS,6040,Create & Sustain Comm Dialogue,046294,"Hoover,Mark",501,19995,Continuing & Prof Studies,3.82,26,0,15,8,2,1,0,0,0,0,0
2024 Spring,COMM,4520,Topics in IT,041822,"Gong,Jing",001,20252,McIntire School of Commerce,3.95,11,0,9,2,0,0,0,0,0,0,0
2024 Spring,RELJ,2030,"Judaism, Roots and Rebellion",034464,"Alexander,Elizabeth",001,18793,College & Graduate Arts & Sci,3.26,17,0,4,5,3,3,0,0,1,0,1
2024 Spring,CE,2110,Environmental Engineering Lab,040525,"Culver,Teresa",003,16322,Engineering & Applied Science,3.64,16,3,5,6,0,1,0,0,0,0,1
2024 Spring,EGMT,1540,Ethical Engagement,044515,"Kuin,Inger Neeltje Irene",218,19607,College & Graduate Arts & Sci,3.85,35,20,12,1,0,1,0,0,0,0,1
2024 Spring,ENWR,1510,Writing and Critical Inquiry,013432,"Constantine,Margaret",066,13348,College & Graduate Arts & Sci,3.64,18,0,4,10,2,2,0,0,0,0,0
2024 Spring,APMA,3140,App Partial Differentl Equatns,001155,"Morris,Diana",002,16244,Engineering & Applied Science,3.32,48,0,21,8,3,7,2,2,0,2,3
2024 Spring,EDIS,3040,Foundations of Early Child Edu,042221,"Zeigler,Elisa Marie",501,20050,School of Education and HumanDev,3.70,24,6,7,4,4,2,1,0,0,0,0
2024 Spring,LPPP,6250,Policy Analysis,032142,"Player,Daniel",100,16921,Batten Leadership & Public Pol,3.43,47,0,16,10,10,9,0,0,0,0,2
2024 Spring,LAW,7201,Spanish for Lawyers,046396,"Sanchez-Leon,Nelson",1,17883,School of Law,3.40,8,0,0,2,6,0,0,0,0,0,0
2024 Spring,SOC,2442,Systems of Inequality,040429,"Siliunas,Andreja",100,19001,College & Graduate Arts & Sci,3.77,58,0,39,11,5,1,1,0,0,0,1
2024 Spring,SPAN,4706,Spanish 20th Century History,039960,"Wellbeloved,Elizabeth A.",501,19107,College & Graduate Arts & Sci,3.77,10,2,3,3,2,0,0,0,0,0,0
2024 Spring,ARTS,2632,Life Drawing II,002875,"Taylor,Jackson",001,13912,College & Graduate Arts & Sci,3.95,15,6,8,0,1,0,0,0,0,0,0
2024 Spring,STS,4810,New Product Development,037153,"Ramakrishnan,Adarsh",001,16014,Engineering & Applied Science,3.87,51,0,32,18,0,1,0,0,0,0,0
2024 Spring,EGMT,1510,Engaging Aesthetics,044512,"Dobryden,Paul",114,19257,College & Graduate Arts & Sci,3.82,35,0,23,8,1,2,1,0,0,0,0
2024 Spring,ENCW,2600,Fiction Writing,013455,"Hansen,Tanner",004,19764,College & Graduate Arts & Sci,3.87,15,0,13,0,0,2,0,0,0,0,0
2024 Spring,ENWR,1510,Writing and Critical Inquiry,013432,"donovan,devin",067,13349,College & Graduate Arts & Sci,3.93,18,0,15,2,1,0,0,0,0,0,0
2024 Spring,SPAN,3410,Survey Span Lit II (1700-Pres),035909,"Wellbeloved,Elizabeth A.",501,19100,College & Graduate Arts & Sci,3.80,12,0,4,8,0,0,0,0,0,0,0
2024 Spring,DRAM,4490,Stage Combat Skills,007307,"Kubik,Marianne",001,13932,College & Graduate Arts & Sci,3.93,13,0,10,3,0,0,0,0,0,0,0
2024 Spring,DS,5001,Exploratory Text Analytics,045703,"Alvarado,Rafael",002,19497,School of Data Science,3.66,33,4,15,7,4,1,1,0,0,0,1
2024 Spring,PLAC,6010,Envir Planning Design Studio,045291,"Fard,Ali",001,14372,School of Architecture,3.84,17,0,8,9,0,0,0,0,0,0,0
2024 Spring,ECE,2700,Signals and Systems,046965,"Sidiropoulos,Nikolaos",001,19330,Engineering & Applied Science,3.01,61,10,8,2,7,7,11,3,9,3,1
2024 Spring,LAW,9156,Reg of Political Advocacy Sem,041727,"Sanderson,Matthew",1,18664,School of Law,3.62,16,0,2,10,3,1,0,0,0,0,0
2024 Spring,LAW,9367,Law & Bus Colloquium,047077,"Curtis,Quinn",1,18655,School of Law,3.53,14,0,0,8,6,0,0,0,0,0,0
2024 Spring,APMA,6430,Statistics Engrs & Scientists,001210,"Li,Meiqin",001,15961,Engineering & Applied Science,4.00,5,3,2,0,0,0,0,0,0,0,0
2024 Spring,GNUR,6020,Advanced Pharmacology,016900,"Haizlip,Julie",001,17043,School of Nursing,3.70,41,7,16,6,6,5,1,0,0,0,0
2024 Spring,ALAR,8020,Research Studio 2,000310,"Berman,Ila L",004,14290,School of Architecture,3.78,9,2,3,2,2,0,0,0,0,0,0
2024 Spring,ARCH,4020,Independent Design Res Studio,001547,"Somers,Schaeffer Eugene",004,14277,School of Architecture,3.68,13,1,2,7,3,0,0,0,0,0,0
2024 Spring,PSPS,6040,Create & Sustain Comm Dialogue,046294,"Hoover,Mark",502,19998,Continuing & Prof Studies,3.91,27,0,21,5,0,1,0,0,0,0,0
2024 Spring,LAW,9208,Monetary Constitution Seminar,042780,"Kitch,Edmund",1,17887,School of Law,3.50,6,0,0,3,3,0,0,0,0,0,0
2024 Spring,KOR,3020,Advanced Korean II,020869,"CHOI,YOON HWA",001,10185,College & Graduate Arts & Sci,3.73,11,2,5,2,1,0,0,1,0,0,0
2024 Spring,WGS,3415,Sex on the Internet,047170,"Gonzales,Isabel",001,20316,College & Graduate Arts & Sci,3.61,28,0,14,8,3,1,1,0,0,0,1
2024 Spring,ENGR,1020,Engineering Foundations 2,046986,"Starling,Anna Leyf",002,19126,Engineering & Applied Science,3.94,46,0,41,2,3,0,0,0,0,0,0
2024 Spring,PLCP,4201,Comparative Political Parties,031716,"Mershon,Carol",001,20315,College & Graduate Arts & Sci,3.43,14,0,2,4,5,2,1,0,0,0,0
2024 Spring,MSE,2200,AM and 3-D Printing,045587,"Ma,Ji",001,16241,Engineering & Applied Science,3.95,59,0,56,0,2,0,1,0,0,0,0
2024 Spring,LPPS,4730,Impact Investing,042311,"Nolde,Michael",001,16917,Batten Leadership & Public Pol,3.76,47,9,17,12,5,4,0,0,0,0,0
2024 Spring,LPPS,3440,Intro Management Consulting,046561,"Boler,Brendan",001,16985,Batten Leadership & Public Pol,3.69,78,5,27,26,15,3,1,1,0,0,0
2024 Spring,FREN,2020,Intermediate French II,014316,"James,Karen",008,14082,College & Graduate Arts & Sci,3.91,15,1,11,2,1,0,0,0,0,0,0
2024 Spring,ENGL,2500,Intro to Literary Studies,012548,"Tucker,Herbert",004,20271,College & Graduate Arts & Sci,3.13,19,0,2,4,4,3,3,1,2,0,0
2024 Spring,EGMT,1520,Empirical Engagement,044513,"Odom,Bo",204,13365,College & Graduate Arts & Sci,3.99,36,2,33,1,0,0,0,0,0,0,0
2024 Spring,CS,4760,Network Security,044937,"Bloomfield,Aaron",001,16267,Engineering & Applied Science,3.12,47,1,13,5,6,9,3,2,4,2,2
2024 Spring,CHEM,1421,Intro College Chemistry II Lab,005994,"Morkowchuk,Lisa",002,10603,College & Graduate Arts & Sci,3.71,24,16,1,3,1,0,1,1,0,1,0
2024 Spring,SPAN,4040,Translation Spanish to English,035927,"Wellbeloved,Elizabeth A.",501,19102,College & Graduate Arts & Sci,3.56,13,1,3,7,0,0,1,0,0,1,0
2024 Spring,CS,6501,Spec Top: Computer Science,006981,"Wei,Chen-Yu",003,19394,Engineering & Applied Science,3.95,25,10,11,4,0,0,0,0,0,0,0
2024 Spring,CS,6501,Spec Top: Computer Science,006981,"Jog,Adwait",011,19401,Engineering & Applied Science,3.98,12,2,9,1,0,0,0,0,0,0,0
2024 Spring,MAE,2320,Dynamics,022576,"Wellbeloved,Elizabeth A.",501,19072,Engineering & Applied Science,3.68,11,0,4,5,1,0,1,0,0,0,0
2024 Spring,MAE,2040,Computer Aided Design,046331,"Dart,Dwight",001,19410,Engineering & Applied Science,3.89,76,18,46,8,0,1,2,0,0,1,0
2024 Spring,LATI,3030,Cicero,021145,"George,Coulter",100,18721,College & Graduate Arts & Sci,3.60,12,0,2,7,2,0,1,0,0,0,0
2024 Spring,CS,4501,Spec Top: Computer Science,006942,"Bloomfield,Aaron",005,16651,Engineering & Applied Science,3.27,46,2,7,15,4,9,2,4,2,0,1
2024 Spring,STS,2830,Innovation New Ventures,043893,"Prpich,George",001,20107,Engineering & Applied Science,3.94,46,0,38,7,1,0,0,0,0,0,0
2024 Spring,EGMT,1520,Empirical Engagement,044513,"Niblo,Jessica",205,13366,College & Graduate Arts & Sci,3.97,36,2,32,1,1,0,0,0,0,0,0
2024 Spring,STS,4600,Engr Ethcs Prof Responsibility,036750,"Foley,Rider",005,15458,Engineering & Applied Science,3.64,28,0,21,0,0,6,0,0,0,0,1
2024 Spring,GNUR,6025,Advanced Health Assessment,016901,"Bourne,Dawn",100,17044,School of Nursing,3.95,11,0,9,2,0,0,0,0,0,0,0
2024 Spring,LPPP,7559,New Course: PPOL,044184,"Turner,Sarah E",005,20855,Batten Leadership & Public Pol,3.81,7,0,4,2,1,0,0,0,0,0,0
2024 Spring,SPAN,4700,Spanish Culture & Civilization,035932,"Wellbeloved,Elizabeth A.",501,19104,College & Graduate Arts & Sci,3.75,19,2,5,9,3,0,0,0,0,0,0
2024 Spring,CE,4040,Sust & Sys in Built Environ,045026,"Klotz,Leidy",001,16250,Engineering & Applied Science,3.98,37,15,20,2,0,0,0,0,0,0,0
2024 Spring,ENGL,3540,Studies in Nineteenth-Century,012784,"Tucker,Herbert",003,20272,College & Graduate Arts & Sci,3.29,15,2,3,2,4,1,0,0,2,1,0
2024 Spring,NUIP,2080,Microbiology for Health Scienc,042612,"Connelly,Christine",001,17077,School of Nursing,3.66,63,3,24,20,8,4,3,1,0,0,0
2024 Spring,ENWR,3500,Topics in Advanced Wrtg & Rhet,044025,"Shaman,Cory",001,13360,College & Graduate Arts & Sci,3.81,15,0,12,2,0,0,0,0,0,1,0
2024 Spring,LPPP,6250,Policy Analysis,032142,"Player,Daniel",200,16922,Batten Leadership & Public Pol,3.45,38,0,8,12,5,10,3,0,0,0,0
2024 Spring,EDIS,4871,Internship Seminar Elementary,046574,"Leigh,Katie",001,15053,School of Education and HumanDev,3.96,25,12,12,0,0,1,0,0,0,0,0
2024 Spring,CE,5410,Transportation Planning,004576,"Miller,John",600,16253,Engineering & Applied Science,3.73,7,1,2,3,0,1,0,0,0,0,0
2024 Spring,LPPA,7160,Rsch Mthds & Data Analysis II,038283,"Trillo,Daniel Tello",200,16920,Batten Leadership & Public Pol,3.41,44,1,10,11,6,10,5,0,1,0,0
2024 Spring,GNUR,8660,Evidence-Based Practice,039371,"Yost,Terri",001,17126,School of Nursing,3.97,18,1,15,2,0,0,0,0,0,0,0
2024 Spring,ENGL,2506,Studies in Poetry,012488,"Edmundson,Mark",003,20276,College & Graduate Arts & Sci,3.54,18,0,5,5,4,4,0,0,0,0,0
2024 Spring,LAW,7827,Global Bus & Corruption (SC),046142,"Dean,Richard",1,17906,School of Law,3.45,19,0,0,7,12,0,0,0,0,0,0
2024 Spring,EDHS,4810,Personal Adjustment,009132,"Rambo,Tim",001,14605,School of Education and HumanDev,3.72,54,3,33,8,1,5,0,3,1,0,0
2024 Spring,LAW,6107,International Law,021673,"Bayefsky,Rachel",1,17789,School of Law,3.41,46,0,4,11,24,7,0,0,0,0,0
2024 Spring,EGMT,1510,Engaging Aesthetics,044512,"Goldblatt,Laura",118,19261,College & Graduate Arts & Sci,3.97,35,0,31,4,0,0,0,0,0,0,0
2024 Spring,LPPA,7110,Economics of Public Policy II,032140,"Ruhm,Christopher",200,16915,Batten Leadership & Public Pol,3.47,41,0,14,8,5,10,3,0,1,0,0
2024 Spring,MISC,1020,Leadership & the Prof. of Arms,024241,"Hassell,Nicholas",002,17346,Executive VP & Provost,4.00,10,4,6,0,0,0,0,0,0,0,0
2024 Spring,SPAN,2010,Intermediate Spanish,035853,"Wellbeloved,Elizabeth A.",501,19090,College & Graduate Arts & Sci,3.84,18,0,12,4,1,1,0,0,0,0,0
2024 Spring,PORT,2120,Interm Intensive Portuguese,032104,"Feitosa,Lilian",001,19124,College & Graduate Arts & Sci,3.67,16,0,7,5,3,0,0,1,0,0,0
2024 Spring,EGMT,1510,Engaging Aesthetics,044512,"Milani,Farzaneh",112,19255,College & Graduate Arts & Sci,3.68,34,2,6,18,8,0,0,0,0,0,0
2024 Spring,HIUS,5559,New Course: HIUS,039313,"Kitch,Edmund",001,20577,College & Graduate Arts & Sci,3.56,9,0,1,4,4,0,0,0,0,0,0
2024 Spring,EGMT,1510,Engaging Aesthetics,044512,"Wylie,William",111,19254,College & Graduate Arts & Sci,3.93,34,15,16,0,2,1,0,0,0,0,0
2024 Spring,EGMT,1510,Engaging Aesthetics,044512,"Brown,Lydia",201,19268,College & Graduate Arts & Sci,3.65,22,0,17,1,1,0,2,0,0,0,1
2024 Spring,SOC,2870,Immigration and Society,046852,"Vickerman,Milton",100,19005,College & Graduate Arts & Sci,3.53,37,0,13,12,7,1,0,1,2,1,0
2024 Spring,HIND,3012,Learn Hindi via Bollywood,047182,"Nasir,Abdul",001,20557,College & Graduate Arts & Sci,3.91,10,1,6,3,0,0,0,0,0,0,0
2024 Spring,PHIL,8540,Ethics Topic,043316,"Motchoulski,Alexander",001,19583,College & Graduate Arts & Sci,3.81,7,0,5,1,0,1,0,0,0,0,0
2024 Spring,SYS,6007,Human Factors I,044552,"Bolton,Matthew",600,16299,Engineering & Applied Science,3.95,18,1,14,3,0,0,0,0,0,0,0
2024 Spring,LPPS,7184,Innovating for Defense,046179,"Robinson,John",001,16973,Batten Leadership & Public Pol,3.57,10,0,1,5,4,0,0,0,0,0,0
2024 Spring,LAR,7120,Design Research Seminar,043834,"Putalik,Erin",001,14305,School of Architecture,3.59,20,0,6,7,3,4,0,0,0,0,0
2024 Spring,STS,4600,Engr Ethcs Prof Responsibility,036750,"Jacques,Richard",022,16012,Engineering & Applied Science,3.92,32,0,28,2,0,2,0,0,0,0,0
2024 Spring,ENGL,3515,Medieval European Lit in Trans,012674,"Hart,Kevin",001,19847,College & Graduate Arts & Sci,3.18,12,1,3,4,1,0,1,0,0,0,2
2024 Spring,BME,4064,Biomed Engr Capstone Design II,004084,"Barker,Shannon",001,15456,Engineering & Applied Science,3.97,106,7,91,5,3,0,0,0,0,0,0
2024 Spring,AMST,3559,New Course: AMST,038536,"Azua,Anneleise",002,19874,College & Graduate Arts & Sci,3.59,24,0,5,15,0,3,0,0,0,1,0
2024 Spring,ENCW,2300,Poetry Writing,013450,"evans,ethan",005,19754,College & Graduate Arts & Sci,3.71,15,0,13,0,0,1,0,0,0,0,1
2024 Spring,LPPP,2200,Introduction to Public Policy,042084,"Johannessen,Peter",100,16971,Batten Leadership & Public Pol,3.51,233,15,46,82,48,25,9,2,2,2,2
2024 Spring,LPPL,2600,Foundations Behavioral Science,044753,"Scholer,Abigail",001,16969,Batten Leadership & Public Pol,2.95,56,0,8,4,8,18,7,3,3,2,3
2024 Spring,CS,4501,Spec Top: Computer Science,006942,"Heo,Seongkook",004,16293,Engineering & Applied Science,3.86,75,1,60,8,1,3,0,0,1,1,0
2024 Spring,LPPP,4991,Capstone Seminar,042163,"Jardina,Ashley",002,16924,Batten Leadership & Public Pol,3.85,17,0,13,3,0,0,0,1,0,0,0
2024 Spring,EGMT,1540,Ethical Engagement,044515,"Goldblatt,Laura",225,20546,College & Graduate Arts & Sci,3.98,33,4,27,2,0,0,0,0,0,0,0
2024 Spring,CHEM,5460,Chemical Biology,047202,"Stains,Cliff",001,20547,College & Graduate Arts & Sci,3.77,13,5,4,1,1,2,0,0,0,0,0
2024 Spring,ECE,3502,Special Topics ECE,040914,"Zhang,Miaomiao",001,20559,Engineering & Applied Science,3.67,18,6,7,2,0,1,0,0,1,1,0
2024 Spring,CS,3501,Spec Topics Computer Science,045086,"Zhang,Miaomiao",001,20560,Engineering & Applied Science,3.78,65,31,17,6,5,3,0,0,3,0,0
2024 Spring,EDIS,4230,Reading & Writing Special Ed,046125,"Demchak,Alisha",002,20052,School of Education and HumanDev,3.91,10,0,7,3,0,0,0,0,0,0,0
2024 Spring,PLPT,3500,Special Topics in PT,040944,"Bird,Colin",002,20382,College & Graduate Arts & Sci,3.33,27,0,7,6,6,5,1,1,0,0,1
2024 Spring,ARCH,8480,Professional Practices,001732,"Bachman,JT",001,14304,School of Architecture,3.83,50,1,30,13,4,2,0,0,0,0,0
2024 Spring,PHS,7310,Clinical Trials Methodology,030380,"Horton,Bethany",001,18532,Medical School - BIMS/PHS,3.88,13,0,10,2,0,1,0,0,0,0,0
2024 Spring,MATH,1140,Financial Mathematics,022937,"Baker,Charles Edmond",004,20636,College & Graduate Arts & Sci,2.96,36,3,5,10,3,2,3,1,3,3,3
2024 Spring,EVSC,4080,Quantitative Methods,044994,"Wiberg,Patricia",001,19638,College & Graduate Arts & Sci,3.82,20,0,14,2,3,1,0,0,0,0,0
2024 Spring,CHEM,5320,Adv Inorganic Chemistry II,005781,"Pu,Lin",001,18802,College & Graduate Arts & Sci,3.57,6,0,2,2,1,0,1,0,0,0,0
2024 Spring,CHEM,2420,Organic Chemistry II,005699,"Wellbeloved,Elizabeth A.",501,19117,College & Graduate Arts & Sci,3.48,16,0,9,2,2,1,1,0,0,0,1
2024 Spring,GCOM,7750,Asset Management,015430,"Dennis,Patrick",001,20102,McIntire School of Commerce,3.74,33,0,17,9,4,3,0,0,0,0,0
2024 Spring,PSED,1070,Financial Capability,046785,"Fairchild,Tierney",F550,21301,Continuing & Prof Studies,3.60,14,3,3,3,2,2,1,0,0,0,0
2024 Spring,LAW,9142,Criminal Law Colloquium,041103,"Frampton,Thomas",1,18638,School of Law,3.56,17,0,4,4,9,0,0,0,0,0,0
2024 Spring,LPPP,3559,New Course in PP & Lead,044183,"Moore,Sherri",001,20396,Batten Leadership & Public Pol,3.71,125,0,48,55,15,4,1,1,0,0,1
2024 Spring,HIEU,2121,France Age of Rev 1789-1870,046263,"Sessions,Jennifer",001,19405,College & Graduate Arts & Sci,3.18,24,0,2,13,2,3,1,0,0,0,3
2024 Spring,CHEM,1421,Intro College Chemistry II Lab,005994,"Morkowchuk,Lisa",018,10617,College & Graduate Arts & Sci,3.63,23,10,3,6,1,0,1,0,0,2,0
2024 Spring,LPPS,7085,Modern Techniques in Finance,045114,"Myung,Noah",001,16988,Batten Leadership & Public Pol,3.50,21,1,6,5,3,3,3,0,0,0,0
2024 Spring,LAW,7030,Family Law,021650,"Strauss,Gregg",1,18644,School of Law,3.41,25,0,2,7,11,5,0,0,0,0,0
2024 Spring,LAW,6105,Federal Courts,021652,"Bayefsky,Rachel",2,18645,School of Law,3.69,68,0,14,42,12,0,0,0,0,0,0
2024 Spring,ASTR,1290,Black Holes,044559,"Pryal,Matthew",001,18808,College & Graduate Arts & Sci,3.62,133,6,60,30,15,7,9,2,3,0,1
2024 Spring,ECON,4444,AI and the Future of Work,045764,"Korinek,Anton",100,18842,College & Graduate Arts & Sci,3.33,52,4,12,5,9,12,6,3,1,0,0
2024 Spring,HHE,5700,Bioethics Internship Seminar,044045,"Shepherd,Lois L.",001,18461,Medical School - BIMS/PHS,3.67,9,2,4,1,0,1,0,1,0,0,0
2024 Spring,MAE,2310,Strength of Materials,022575,"Wellbeloved,Elizabeth A.",501,19071,Engineering & Applied Science,3.78,21,0,14,2,3,2,0,0,0,0,0
2024 Spring,SPAN,4705,Spanish Mass Media,039961,"Wellbeloved,Elizabeth A.",501,19106,College & Graduate Arts & Sci,3.91,13,1,8,4,0,0,0,0,0,0,0
2024 Spring,EGMT,1510,Engaging Aesthetics,044512,"Carter,Eli",120,19263,College & Graduate Arts & Sci,3.95,35,6,23,6,0,0,0,0,0,0,0
2024 Spring,PSPS,6030,Dev & Imp Systems of Emer Prep,046292,"Bradshaw,Thomas Anthony",501,19993,Continuing & Prof Studies,3.98,39,0,36,3,0,0,0,0,0,0,0
2024 Spring,CHEM,2321,Org Lab II Non-Chem Maj/Min,043155,"Chruma,Jason J",018,21044,College & Graduate Arts & Sci,3.76,25,1,16,7,0,0,0,0,0,0,1
2024 Spring,SPAN,4530,Spec Topics Seminar: Language,035970,"Mendoza,Omar Velazquez",001,18917,College & Graduate Arts & Sci,3.90,22,2,18,1,0,0,0,0,1,0,0
2024 Spring,CE,6500,Special Topics in CE,004607,"Klotz,Leidy",002,16554,Engineering & Applied Science,4.00,6,3,3,0,0,0,0,0,0,0,0
2024 Spring,EGMT,1510,Engaging Aesthetics,044512,"Dakouri-Hild,Anastasia",115,19258,College & Graduate Arts & Sci,3.97,35,0,32,3,0,0,0,0,0,0,0
2024 Spring,ECE,4457,Computer Networks,007697,"Kim,Hyojoon",001,15848,Engineering & Applied Science,3.21,28,1,7,4,3,7,0,3,1,2,0
2024 Spring,CS,3130,Computer Systems and Org 2,046230,"Reiss,Charles",001,16643,Engineering & Applied Science,3.26,389,11,107,83,53,49,31,7,17,9,22
2024 Spring,ISSS,3760,Issues in Leadership,020476,"Gustafson,Bryon Gordon",DC02,21169,Continuing & Prof Studies,3.53,23,0,7,8,2,3,3,0,0,0,0
2024 Spring,MUSI,2559,New Course: MUSI,040725,"Beasley,Pamela",004,20635,College & Graduate Arts & Sci,3.55,11,1,3,3,2,1,0,1,0,0,0
2024 Spring,LPPP,6559,New Course: PPOL,047203,"Campanelli,Richard",001,20633,Batten Leadership & Public Pol,3.59,13,3,2,3,3,1,1,0,0,0,0
2024 Spring,LAW,9266,Government Secrecy,044221,"Deeks,Ashley",1,18650,School of Law,3.55,12,0,4,2,4,2,0,0,0,0,0
2024 Spring,CHEM,1421,Intro College Chemistry II Lab,005994,"Morkowchuk,Lisa",022,10621,College & Graduate Arts & Sci,3.62,23,12,1,4,1,0,4,1,0,0,0
2024 Spring,LPPL,2100,The Resilient Student,045390,"Davis,Timothy",100,16944,Batten Leadership & Public Pol,3.43,108,0,19,58,16,6,2,1,0,0,6
2024 Spring,NUIP,2311,Intro to Professional Practice,045254,"Moore,Lee",003,17238,School of Nursing,3.65,24,0,8,9,4,3,0,0,0,0,0
2024 Spring,LPPL,2600,Foundations Behavioral Science,044753,"Scholer,Abigail",002,20280,Batten Leadership & Public Pol,2.97,38,0,5,4,6,11,4,3,2,1,2
2024 Spring,HHE,5701,Bioethics Intern - Clin Ethics,045665,"Marshall,Mary Faith",001,18460,Medical School - BIMS/PHS,3.98,15,7,7,1,0,0,0,0,0,0,0
2024 Spring,APMA,3110,Applied Stats & Probability,001153,"Wellbeloved,Elizabeth A.",501,19066,Engineering & Applied Science,3.92,22,0,16,6,0,0,0,0,0,0,0
2024 Spring,SYS,6018,Data Mining,036956,"Porter,Michael",600,16513,Engineering & Applied Science,3.70,9,0,5,1,2,1,0,0,0,0,0
2024 Spring,SOC,8410,Race & Ethnicity,035640,"Vickerman,Milton",001,20598,College & Graduate Arts & Sci,3.87,7,0,4,3,0,0,0,0,0,0,0
2024 Spring,MATH,7310,Real Analysis,023220,"Humphries,Peter Christopher Leslie",001,11190,College & Graduate Arts & Sci,3.68,13,3,4,3,0,2,1,0,0,0,0
2024 Spring,COMM,5559,New Course in Commerce,045299,"Maillet,Peter",003,20262,McIntire School of Commerce,3.88,13,0,9,3,1,0,0,0,0,0,0
2024 Spring,LAW,6102,Administrative Law,021597,"Woolhandler,Nettie",2,17987,School of Law,3.64,36,0,14,6,16,0,0,0,0,0,0
2024 Spring,LAW,9070,Voice and Silence Law/Lit Sem,022209,"Coughlin,Anne",1,18671,School of Law,3.50,16,0,0,8,8,0,0,0,0,0,0
2024 Spring,NUIP,2250,Principles of Nutrition,029444,"Bayliss,Angie Hasemann",001,17097,School of Nursing,3.87,34,0,25,7,1,0,0,1,0,0,0
2024 Spring,PHIL,2500,Survey on a PhilosophicalTopic,043637,"Fox,Corin",001,13613,College & Graduate Arts & Sci,3.48,28,0,11,7,4,3,2,0,0,0,1
2024 Spring,CHEM,1421,Intro College Chemistry II Lab,005994,"Morkowchuk,Lisa",021,10620,College & Graduate Arts & Sci,3.81,22,9,4,8,0,0,0,1,0,0,0
2024 Spring,ECON,4175,Risk Management,047171,"Peterson,Steven",001,20314,College & Graduate Arts & Sci,3.75,25,2,17,3,2,0,0,0,0,0,1
2024 Spring,STAT,6021,Linear Models for Data Science,043281,"Woo,Jeffrey",001,20630,College & Graduate Arts & Sci,3.70,38,1,18,9,5,4,1,0,0,0,0
2024 Spring,LPPP,5559,New Crse: Pub Policy&Leadershp,044864,"Gui,Peng",003,20407,Batten Leadership & Public Pol,3.67,6,0,2,2,2,0,0,0,0,0,0
2024 Spring,EDIS,5235,Dyslexia,044551,"Bowling,Emily Catherine Cox",501,15345,School of Education and HumanDev,3.78,16,0,8,6,1,1,0,0,0,0,0
2024 Spring,PHYS,1429,Intro Physics 1 Workshop,031036,"Bychkov,Maksim",009,10295,College & Graduate Arts & Sci,3.82,26,0,20,2,1,2,1,0,0,0,0
2024 Spring,ENGL,4560,Seminar Modern & Contemp Lit,012608,"Olwell,Victoria",002,19808,College & Graduate Arts & Sci,3.73,17,0,9,4,3,0,1,0,0,0,0
2024 Spring,STS,3570,Topics in Engineering,047206,"Whitfield,Milton",001,20618,Engineering & Applied Science,3.06,12,0,4,2,1,0,0,0,5,0,0
2024 Spring,MDST,4701,Media and Everyday Life,043083,"Cavalcante,Andre",001,19122,College & Graduate Arts & Sci,3.91,21,0,15,6,0,0,0,0,0,0,0
2024 Spring,EGMT,1510,Engaging Aesthetics,044512,"Milani,Farzaneh",113,19256,College & Graduate Arts & Sci,3.60,33,0,1,23,9,0,0,0,0,0,0
2024 Spring,LAW,7021,Courts,021807,"Law,David",1,18637,School of Law,3.61,14,0,2,8,3,1,0,0,0,0,0
2024 Spring,LAW,7038,Disability Law,021664,"Forde-Mazrui,Kim",1,18639,School of Law,3.49,19,0,3,7,5,4,0,0,0,0,0
2024 Spring,MAE,2310,Strength of Materials,022575,"Kerrigan,Jason",001,15399,Engineering & Applied Science,3.86,115,52,38,12,8,3,0,1,0,0,1
2024 Spring,SPAN,2020,Advanced Intermediate Spanish,035854,"Arevalo,Gabriela Dongo",023,13211,College & Graduate Arts & Sci,3.45,13,0,0,8,3,1,0,1,0,0,0
2024 Spring,SOC,5020,Introduction to Statistics,043304,"Gorman,Elizabeth",100,12569,College & Graduate Arts & Sci,3.68,5,0,2,2,0,1,0,0,0,0,0
2024 Spring,CS,6501,Spec Top: Computer Science,006981,"Qi,Yanjun",010,19400,Engineering & Applied Science,3.95,27,3,22,1,0,1,0,0,0,0,0
2024 Spring,APMA,2120,Multivariable Calculus,001144,"Mahmood,Asif",002,15351,Engineering & Applied Science,2.84,37,2,5,5,2,8,3,4,1,1,6
2024 Spring,ECE,2200,Applied Physics,046963,"Ghosh,Avik",001,19336,Engineering & Applied Science,3.94,68,9,50,6,3,0,0,0,0,0,0
2024 Spring,CJ,5730,Leadership in Complex Environ,046499,"Lehman,Matthew D",C901,21156,Continuing & Prof Studies,3.95,33,6,21,6,0,0,0,0,0,0,0
2024 Spring,SYS,4024,User Experience Design,044548,"Gerling,Gregory",001,16027,Engineering & Applied Science,3.81,21,0,18,0,0,2,0,0,1,0,0
2024 Spring,CASS,1011,Miller Arts Scholars Disc,041910,"Rasbury,Michael",001,11070,College & Graduate Arts & Sci,4.00,20,18,2,0,0,0,0,0,0,0,0
2024 Spring,HIEU,1502,Intro Sem Post1700 Euro Hist,037348,"Kunakhovich,Kyrill",001,14066,College & Graduate Arts & Sci,3.77,15,0,5,9,1,0,0,0,0,0,0
2024 Spring,ENWR,2520,Special Topics in Writing,013448,"Parks,Stephen",006,13870,College & Graduate Arts & Sci,3.87,15,0,10,4,1,0,0,0,0,0,0
2024 Spring,SYS,6050,Risk Analysis,036967,"Lambert,James",001,15444,Engineering & Applied Science,3.70,31,3,14,11,1,0,1,0,0,0,1
2024 Spring,APMA,3100,Probability,001152,"Marley,Jennifer",002,15363,Engineering & Applied Science,3.42,44,6,16,12,3,0,1,2,0,0,4
2024 Spring,CE,3222,Water Resources Eng Workshop,045591,"Band,Lawrence",001,16249,Engineering & Applied Science,3.78,27,11,11,3,0,1,0,0,0,0,1
2024 Spring,APMA,2130,Ordinary Differentl Equations,001145,"Fernando,Thiwanka",004,15357,Engineering & Applied Science,3.35,42,5,11,9,5,5,2,1,2,0,2
2024 Spring,CHEM,5370,Fundamentals Electrochemistry,046800,"Zhang,Sen",001,18803,College & Graduate Arts & Sci,3.72,15,0,5,7,3,0,0,0,0,0,0
2024 Spring,GSVS,4020,Ecosystem Services,047180,"Phillips,Spencer",001,20386,College & Graduate Arts & Sci,3.89,24,3,12,9,0,0,0,0,0,0,0
2024 Spring,PSYC,2700,Intro to Child Psychology,032516,"Vaish,Amrisha",001,10348,College & Graduate Arts & Sci,3.62,335,4,163,68,42,34,8,6,4,1,5
2024 Spring,EGMT,1540,Ethical Engagement,044515,"Goldblatt,Laura",224,19613,College & Graduate Arts & Sci,4.00,35,3,32,0,0,0,0,0,0,0,0
2024 Spring,PLPT,4500,Special Topics,031937,"Phulwani,Vijay",001,13193,College & Graduate Arts & Sci,3.82,18,0,12,4,0,2,0,0,0,0,0
2024 Spring,ENGR,1020,Engineering Foundations 2,046986,"Dufalla,Nicole",003,19127,Engineering & Applied Science,3.76,45,0,31,5,5,2,0,0,2,0,0
2024 Spring,APMA,1110,Single Variable Calculus II,001140,"Abramenko,Monika",002,15349,Engineering & Applied Science,2.76,32,1,5,5,2,3,4,4,1,4,3
2024 Spring,SYS,6018,Data Mining,036956,"Porter,Michael",001,16512,Engineering & Applied Science,3.83,19,0,17,0,0,1,0,0,0,1,0
2024 Spring,CS,6501,Spec Top: Computer Science,006981,"Skadron,Kevin",006,16656,Engineering & Applied Science,3.93,13,0,10,3,0,0,0,0,0,0,0
2024 Spring,AMST,4559,New Course: American Studies,038537,"Nguyen,Patricia",001,20015,College & Graduate Arts & Sci,3.32,19,9,3,1,1,1,1,1,0,0,2
2024 Spring,ENGR,4880,Busi & Tech Leadership in Engr,012292,"Tom,Jean",001,15895,Engineering & Applied Science,3.73,24,3,13,6,1,0,0,0,0,0,1
2024 Spring,SPAN,3050,Spanish for Medical Profession,039916,"Opere,Alicia Lopez",002,13216,College & Graduate Arts & Sci,3.79,18,2,7,8,0,0,1,0,0,0,0
2024 Spring,CS,6501,Spec Top: Computer Science,006981,"Sullivan,Kevin",001,15894,Engineering & Applied Science,4.00,29,8,21,0,0,0,0,0,0,0,0
2024 Spring,ENGL,4560,Seminar Modern & Contemp Lit,012608,"Ganguly,Debjani",003,19809,College & Graduate Arts & Sci,3.42,12,0,6,3,0,2,0,0,0,0,1
2024 Spring,LPPP,5559,New Crse: Pub Policy&Leadershp,044864,"Martin,Paul",002,20406,Batten Leadership & Public Pol,3.68,17,0,4,9,4,0,0,0,0,0,0
2024 Spring,SWAH,1020,Introductory Swahili II,036871,"Rotich,Anne",002,11464,College & Graduate Arts & Sci,3.40,12,2,4,3,0,0,1,0,1,0,1
2024 Spring,CHEM,1421,Intro College Chemistry II Lab,005994,"Morkowchuk,Lisa",004,10605,College & Graduate Arts & Sci,3.91,24,17,1,5,1,0,0,0,0,0,0
2024 Spring,HIST,3861,Soccer Politics,047183,"Dubois,Laurent",001,20409,College & Graduate Arts & Sci,3.87,36,4,24,4,2,2,0,0,0,0,0
2024 Spring,PLAP,3400,American Political Economy,044879,"Pivonka,Evan",001,13190,College & Graduate Arts & Sci,3.62,22,0,10,9,1,1,0,0,0,0,1
2024 Spring,COMM,3040,Strategic Value Creation,006456,"Oliver,Abbie",002,14472,McIntire School of Commerce,3.62,45,1,8,23,9,4,0,0,0,0,0
2024 Spring,COMM,3330,Mkt Research & Analytic Tech,006475,"Mick,David",002,14493,McIntire School of Commerce,3.91,35,7,18,10,0,0,0,0,0,0,0
2024 Spring,APMA,2130,Ordinary Differentl Equations,001145,"Dizaji,Farzad Shafiei",001,15354,Engineering & Applied Science,3.44,17,2,6,3,2,1,0,0,2,1,0
2024 Spring,JPTR,3601,Transnational Japanese,047168,"Yasuda,Anri",001,20305,College & Graduate Arts & Sci,3.96,20,0,17,3,0,0,0,0,0,0,0
2024 Spring,CGBM,2710,Making Financial Decisions,047004,"White,Mark A",002,20249,McIntire School of Commerce,3.55,28,0,12,6,4,5,0,0,0,0,1
2024 Spring,LAW,7020,Desgng Democrcy:Representation,021713,"Ross,Bertrall",1,18711,School of Law,3.69,7,0,1,5,1,0,0,0,0,0,0
2024 Spring,MDST,2508,Topics in Media Practice,044925,"Dia,Mamadou",002,13079,College & Graduate Arts & Sci,3.88,18,0,11,7,0,0,0,0,0,0,0
2024 Spring,EDHS,8130,Dysphagia,009260,"Campbell,Sarah",500,14611,School of Education and HumanDev,3.86,23,4,14,2,1,2,0,0,0,0,0
2024 Spring,CHEM,2321,Org Lab II Non-Chem Maj/Min,043155,"Wellbeloved,Elizabeth A.",501,19116,College & Graduate Arts & Sci,3.70,11,0,4,4,3,0,0,0,0,0,0
2024 Spring,SOC,5080,Comp & Historical Sociology,035531,"Kumar,Krishan",001,19028,College & Graduate Arts & Sci,3.80,6,0,2,4,0,0,0,0,0,0,0
2024 Spring,EDLF,2070,Effective Altruism,046408,"Jones,Jason",001,15058,School of Education and HumanDev,3.82,19,0,13,4,0,1,1,0,0,0,0
2024 Spring,ECE,4750,Digital Signal Processing,042966,"Fletcher,Tom",001,16705,Engineering & Applied Science,3.78,21,8,6,3,1,3,0,0,0,0,0
2024 Spring,MDST,3912,Adapting Media,047174,"Duncan,Sean",001,20320,College & Graduate Arts & Sci,3.30,13,2,3,0,2,4,0,1,1,0,0
2024 Spring,ECE,2200,Applied Physics,046963,"Ghosh,Avik",002,19337,Engineering & Applied Science,3.86,117,24,57,26,9,0,0,1,0,0,0
2024 Spring,CS,1110,Introduction to Programming,006846,"Khargonkar,Arohi",002,15379,Engineering & Applied Science,3.04,131,0,23,17,23,31,12,10,5,4,6
2024 Spring,APMA,3080,Linear Algebra,001151,"Abramenko,Monika",003,15361,Engineering & Applied Science,2.97,35,0,8,2,4,8,4,0,5,3,1
2024 Spring,EDIS,5876,Sem: Tch Intern: Social Stds,039330,"Pease,Jennifer",001,14885,School of Education and HumanDev,3.84,8,0,6,1,0,1,0,0,0,0,0
2024 Spring,EGMT,1540,Ethical Engagement,044515,"Brubaker,Evan",223,19612,College & Graduate Arts & Sci,3.86,35,0,30,1,1,2,0,0,1,0,0
2024 Spring,ARCH,5500,Special Topics in Architecture,001621,"Iliescu,Sanda",001,14355,School of Architecture,3.95,12,6,4,2,0,0,0,0,0,0,0
2024 Spring,ANTH,3885,Archaeology of Europe,000796,"LaViolette,Adria",001,13936,College & Graduate Arts & Sci,3.83,28,14,6,4,1,3,0,0,0,0,0
2024 Spring,CS,3140,Software Dev Essentials,046231,"Nguyen,Rich",001,16648,Engineering & Applied Science,3.20,409,0,107,80,43,73,43,23,16,9,15
2024 Spring,EGMT,1540,Ethical Engagement,044515,"Hilker,Eric",209,12330,College & Graduate Arts & Sci,3.84,20,0,16,1,1,1,1,0,0,0,0
2024 Spring,NUIP,4200,Pathophysiology,029460,"Toll,Crystal",002,17199,School of Nursing,3.62,11,2,3,3,0,2,1,0,0,0,0
2024 Spring,MDST,2690,Sports Journalism,044470,"Clay,Anna",001,12407,College & Graduate Arts & Sci,3.65,27,0,2,21,3,1,0,0,0,0,0
2024 Spring,APMA,1110,Single Variable Calculus II,001140,"Abramenko,Monika",003,16435,Engineering & Applied Science,2.40,29,3,2,3,2,3,1,3,4,2,6
2024 Spring,STS,4600,Engr Ethcs Prof Responsibility,036750,"Earle,Joshua",015,16239,Engineering & Applied Science,3.86,28,0,25,0,0,2,0,0,1,0,0
2024 Spring,ECE,2410,Intro to Machine Learning,046964,"Crockett,Caroline",001,19338,Engineering & Applied Science,3.56,40,1,22,5,5,3,1,1,0,0,2
2024 Spring,CHEM,5224,Reaction Kinetics and Dynamics,005799,"Harrison,Allan",001,12397,College & Graduate Arts & Sci,3.78,13,3,5,3,0,2,0,0,0,0,0
2024 Spring,CGBM,2310,Principles of Marketing,047003,"Johnson,Andrew Reeves",001,20246,McIntire School of Commerce,3.61,36,0,13,11,5,6,1,0,0,0,0
2024 Spring,LAR,6120,History of Landscape Design II,020910,"Putalik,Erin",001,14354,School of Architecture,3.40,20,0,1,6,9,4,0,0,0,0,0
2024 Spring,ECE,2300,Applied Circuits,046962,"Barnes,Adam",001,19335,Engineering & Applied Science,3.64,48,9,20,6,5,3,2,0,2,1,0
2024 Spring,EGMT,1530,Engaging Differences,044514,"Smith,Wendy",110,19548,College & Graduate Arts & Sci,3.82,35,2,28,3,0,0,1,0,0,0,1
2024 Spring,LAW,6104,Evidence,021648,"Mitchell,Paul",2,18000,School of Law,3.55,96,0,9,49,33,5,0,0,0,0,0
2024 Spring,ENGL,2502,Masterpieces of English Lit,012478,"Hurley,Alison",002,20268,College & Graduate Arts & Sci,3.53,17,0,2,7,7,1,0,0,0,0,0
2024 Spring,GCOM,7520,Topics in IT,042001,"Gong,Jing",001,20265,McIntire School of Commerce,3.80,28,0,14,11,2,1,0,0,0,0,0
2024 Spring,RELC,2360,Elements of Christian Thought,033965,"Jones,Paul",100,18770,College & Graduate Arts & Sci,3.39,58,0,18,18,8,5,2,2,2,0,3
2024 Spring,LAW,7145,Rules,043863,"Setear,John",1,18665,School of Law,3.42,16,0,2,5,4,5,0,0,0,0,0
2024 Spring,EGMT,1540,Ethical Engagement,044515,"Toprak,Vasfiye",211,13396,College & Graduate Arts & Sci,3.91,35,4,28,1,1,0,0,0,1,0,0
2024 Spring,ARTH,4591,Seminar in the History of Art,002569,"Fordham,Douglas",002,13109,College & Graduate Arts & Sci,3.36,12,0,4,2,3,2,0,0,0,0,1
2024 Spring,COMM,3050,Managerial Decision Making,006457,"Johnson,Reeves",007,14485,McIntire School of Commerce,3.54,37,0,13,10,7,5,1,0,0,0,1
2024 Spring,COMM,4690,Global Management,006532,"Oliver,Abbie",001,20251,McIntire School of Commerce,3.83,14,3,8,0,2,1,0,0,0,0,0
2024 Spring,SOC,2320,Gender & Society,035328,"Zeno,Elissa",100,12566,College & Graduate Arts & Sci,3.76,60,1,34,17,3,1,2,1,1,0,0
2024 Spring,GNUR,6630,Women & Children PC Practicum,044778,"Boitnott,Amy",100,17161,School of Nursing,3.46,5,0,0,2,3,0,0,0,0,0,0
2024 Spring,PSLP,5340,Financial Mgmt for Leaders,004345,"Coyle,Ian",701,20241,Continuing & Prof Studies,3.87,12,0,9,2,0,1,0,0,0,0,0
2024 Spring,COMM,2700,Basic Finance for Real Estate,046582,"Chapman,David",003,14580,McIntire School of Commerce,3.20,39,0,9,2,7,10,8,2,1,0,0
2024 Spring,CE,5035,Constructn Estimatng & Biddng,046362,"O'malley,Matthew",001,16456,Engineering & Applied Science,3.91,15,0,13,0,2,0,0,0,0,0,0
2024 Spring,MAE,6260,Robotic Autonomy,046515,"Furukawa,Tomonari",001,16447,Engineering & Applied Science,3.89,11,2,5,4,0,0,0,0,0,0,0
2024 Spring,PHYS,3120,Applied Physics: Energy,030855,"Poon,Joseph",001,12324,College & Graduate Arts & Sci,3.57,11,1,3,3,3,0,0,1,0,0,0
2024 Spring,PSPS,6050,Stewardship PA & Managing HC,046295,"Murphy,Gregory",501,19999,Continuing & Prof Studies,3.92,37,0,30,5,2,0,0,0,0,0,0
2024 Spring,STAT,4120,Applied Linear Models,046319,"Woo,Jeffrey",001,13677,College & Graduate Arts & Sci,3.42,37,0,13,3,9,7,3,2,0,0,0
2024 Spring,STS,4500,STS and Engineering Practice,036749,"Neeley,Kathryn",002,16568,Engineering & Applied Science,3.11,28,0,3,6,5,8,3,1,1,0,1
2024 Spring,COMM,4569,GCI: Topics in Management,043879,"Seaborn,Paul",501,19121,McIntire School of Commerce,3.80,12,0,4,8,0,0,0,0,0,0,0
2024 Spring,ASTR,3450,Mission to Mars,045716,"Murphy,Edward",001,12311,College & Graduate Arts & Sci,3.11,111,1,28,18,19,13,7,9,8,1,7
2024 Spring,CS,4501,Spec Top: Computer Science,006942,"Venkat,Ashish",006,16352,Engineering & Applied Science,3.86,14,3,7,2,2,0,0,0,0,0,0
2024 Spring,EDIS,5000,The Exceptional Learner,009423,"Cook,Bryan",500,15121,School of Education and HumanDev,3.84,24,2,17,0,4,1,0,0,0,0,0
2024 Spring,EDIS,6200,Principles of Curric Design,045847,"Isley,Deanna",500,15174,School of Education and HumanDev,3.90,22,0,17,4,0,1,0,0,0,0,0
2024 Spring,EDLF,8387,Practical Evaluation,044855,"Webber,Krysti",500,15197,School of Education and HumanDev,3.83,15,0,9,5,0,1,0,0,0,0,0
2024 Spring,PHIL,1410,Forms of Reasoning,030021,"Cetic,Nikolina",001,11541,College & Graduate Arts & Sci,3.21,28,3,10,1,3,3,3,1,1,1,2
2024 Spring,ARCH,7020,Foundation Studio IV,042373,"Martin Robles,Ines Maria",003,14325,School of Architecture,3.75,12,1,5,3,3,0,0,0,0,0,0
2024 Spring,APMA,2130,Ordinary Differentl Equations,001145,"Marley,Jennifer",007,16683,Engineering & Applied Science,3.37,44,1,15,7,9,2,6,2,0,0,2
2024 Spring,EGMT,1540,Ethical Engagement,044515,"Bernard,Benjamin",206,13387,College & Graduate Arts & Sci,3.68,35,2,22,3,3,0,3,0,1,1,0
2024 Spring,EDIS,7250,Models&Strategies Tchg Gifted,009712,"Hock,Michelle",500,15186,School of Education and HumanDev,3.71,10,0,5,3,1,0,1,0,0,0,0
2024 Spring,CHE,6618,Chemical Reaction Engineering,005512,"Bates,Jason",001,15390,Engineering & Applied Science,3.29,27,0,9,2,4,4,6,0,2,0,0
2024 Spring,ARCH,7020,Foundation Studio IV,042373,"Bailo Esteve,Manuel",002,14310,School of Architecture,3.78,12,3,5,2,1,0,1,0,0,0,0
2024 Spring,PLAP,2250,American Political Tradition,031555,"Charette,Danielle",001,13188,College & Graduate Arts & Sci,3.36,19,1,3,7,2,3,1,0,1,1,0
2024 Spring,GERM,2020,Intermediate German,015679,"Parker,Stefanie",003,13674,College & Graduate Arts & Sci,3.36,22,0,11,1,1,7,0,0,1,0,1
2024 Spring,ENGL,2500,Intro to Literary Studies,012548,"Luftig,Victor",003,20270,College & Graduate Arts & Sci,3.36,14,0,3,4,3,1,2,0,1,0,0
2024 Spring,PSYC,2005,Rsch Methods & Data Analysis I,032539,"Smyth,Frederick",001,10350,College & Graduate Arts & Sci,2.97,234,48,42,22,16,18,18,15,16,8,31
2024 Spring,ENWR,1510,Writing and Critical Inquiry,013432,"Mokoko,Sethunya",069,13351,College & Graduate Arts & Sci,4.00,18,9,9,0,0,0,0,0,0,0,0
2024 Spring,EGMT,1520,Empirical Engagement,044513,"Zaccagnini,Michele",215,13374,College & Graduate Arts & Sci,3.77,26,3,14,4,2,2,1,0,0,0,0
2024 Spring,LAW,9046,Law & Inequality Writing Sem,021724,"Milligan,Joy",1,18654,School of Law,3.56,11,0,4,5,0,0,1,0,1,0,0
2024 Spring,CS,4730,Computer Game Design,041617,"McBurney,Paul",001,16653,Engineering & Applied Science,3.70,73,12,42,7,2,5,0,2,1,0,2
2024 Spring,PLAD,8310,Regression Analysis,031237,"Zhirkov,Kirill",100,12323,College & Graduate Arts & Sci,3.83,11,0,6,4,1,0,0,0,0,0,0
2024 Spring,COMM,4881,Ldrship Practicum I,006748,"Seaborn,Paul",001,14562,McIntire School of Commerce,3.73,25,0,4,20,1,0,0,0,0,0,0
2024 Spring,BIOL,3260,Editing Genes and Genomes,046851,"Hirsh,Jay",001,13878,College & Graduate Arts & Sci,3.29,37,0,13,8,3,3,5,1,1,2,1
2024 Spring,PSED,1070,Financial Capability,046785,"Fairchild,Tierney",D550,21302,Continuing & Prof Studies,3.29,16,2,1,4,4,1,2,1,1,0,0
2024 Spring,ENGL,4560,Seminar Modern & Contemp Lit,012608,"Fraiman,Susan",001,19791,College & Graduate Arts & Sci,3.69,14,2,5,3,3,0,1,0,0,0,0
2024 Spring,PLAN,3810,Climate Justice in Cities,045483,"Wilson,Barbara",001,14430,School of Architecture,3.76,29,0,21,5,2,0,0,0,0,0,1
2024 Spring,LAW,9347,First Am (Relig): Curr Issues,046062,"Armacost,Barbara",1,20579,School of Law,3.74,9,0,4,3,2,0,0,0,0,0,0
2024 Spring,CJ,5890,Law Enforcement ExecEssentials,044117,"Castillo,Angel",B2,21666,Continuing & Prof Studies,3.98,26,0,24,2,0,0,0,0,0,0,0
2024 Spring,CJ,3890,Law Enforcement Essentials,044133,"Castillo,Angel",B1,21664,Continuing & Prof Studies,3.92,11,0,8,3,0,0,0,0,0,0,0
2024 Spring,LATI,1020,Elementary Latin II,021104,"Miller,John",100,10186,College & Graduate Arts & Sci,3.28,26,8,5,1,5,1,1,0,3,0,2
2024 Spring,MATH,2310,Calculus III,023024,"Pengitore,Mark",300,10220,College & Graduate Arts & Sci,3.16,30,6,5,6,3,2,2,1,1,1,3
2024 Spring,STAT,4220,Applied Analytics for Business,044088,"Martinet,Gretchen",001,12602,College & Graduate Arts & Sci,3.55,60,0,13,29,8,4,4,1,1,0,0
2024 Spring,SOC,4780,The Politics of Data,046545,"Sullivan,Teresa",001,12838,College & Graduate Arts & Sci,3.99,20,11,8,1,0,0,0,0,0,0,0
2024 Spring,STAT,3110,Foundations of Statistics,044444,"Shao,Yuda",002,12267,College & Graduate Arts & Sci,2.98,37,3,4,6,3,7,6,2,0,5,1
2024 Spring,MUSI,3350,Deep Listening,045717,"Maus,Fred",001,12293,College & Graduate Arts & Sci,3.68,24,6,12,3,1,0,0,0,1,0,1
2024 Spring,CHEM,2321,Org Lab II Non-Chem Maj/Min,043155,"Chruma,Jason",013,12396,College & Graduate Arts & Sci,3.59,28,0,12,8,2,4,0,1,1,0,0
2024 Spring,PLAP,3370,Wksp Cntmp Amer Elect Politics,031571,"Stroupe,Kenneth",001,12285,College & Graduate Arts & Sci,3.99,20,9,10,1,0,0,0,0,0,0,0
2024 Spring,ARTS,2000,Intro to Studio Art,045397,"Hogg,Anna",001,12274,College & Graduate Arts & Sci,3.74,10,1,4,3,1,1,0,0,0,0,0
2024 Spring,BIOL,4330,Wiring the Brain,003620,"Condron,Barry",001,12638,College & Graduate Arts & Sci,3.97,29,19,7,3,0,0,0,0,0,0,0
2024 Spring,ENWR,1510,Writing and Critical Inquiry,013432,"Buckley,Alex",064,12843,College & Graduate Arts & Sci,3.74,17,0,9,7,0,0,0,0,0,1,0
2024 Spring,SPAN,3300,Texts and Interpretation,035904,"Martin,Daniel Doncel",003,12106,College & Graduate Arts & Sci,3.85,14,4,3,7,0,0,0,0,0,0,0
2024 Spring,ASL,2020,Intermed Amer Sign Language II,003002,"Propp,Gregory",004,12795,College & Graduate Arts & Sci,3.48,22,0,6,7,1,6,2,0,0,0,0
2024 Spring,CHEM,2420,Organic Chemistry II,005699,"Samonina,Jelena",400,12326,College & Graduate Arts & Sci,3.03,268,23,34,59,30,42,20,12,14,5,29
2024 Spring,PHYS,1429,Intro Physics 1 Workshop,031036,"Bychkov,Maksim",023,12921,College & Graduate Arts & Sci,3.68,25,0,17,3,1,2,0,0,1,1,0
2024 Spring,MATH,1210,A survey of Calculus I,022944,"Kurtz,Brianna A.",100,10200,College & Graduate Arts & Sci,2.66,28,0,5,2,5,3,2,2,4,1,4
2024 Spring,HILA,3021,Human Rights in Latin America,046555,"Sweeney,Lean",100,12842,College & Graduate Arts & Sci,3.70,60,13,26,13,1,3,0,0,2,1,1
2024 Spring,PHYS,1429,Intro Physics 1 Workshop,031036,"Bychkov,Maksim",024,12954,College & Graduate Arts & Sci,3.62,13,0,11,0,0,1,0,0,0,0,1
2024 Spring,ENWR,1510,Writing and Critical Inquiry,013432,"Light,Wheeler",065,12844,College & Graduate Arts & Sci,3.83,18,0,15,0,1,1,1,0,0,0,0
2024 Spring,PSYC,7720,Quantitative Methods II,032792,"Tong,Xin",100,10353,College & Graduate Arts & Sci,3.95,20,0,18,1,1,0,0,0,0,0,0
2024 Spring,STS,4600,Engr Ethcs Prof Responsibility,036750,"Seabrook,Bryn",021,15890,Engineering & Applied Science,3.62,28,4,12,1,3,7,1,0,0,0,0
2024 Spring,ARCH,4020,Independent Design Res Studio,001547,"El Khafif,Mona",005,14278,School of Architecture,3.77,13,3,4,3,3,0,0,0,0,0,0
2024 Spring,MAE,3220,Aerodynamics,022583,"Ward,Thomas",002,16335,Engineering & Applied Science,2.84,29,0,4,3,5,4,4,2,3,1,3
2024 Spring,ENGL,2508,Studies in Fiction,012491,"Olwell,Victoria",004,19807,College & Graduate Arts & Sci,3.55,16,0,3,7,4,1,1,0,0,0,0
2024 Spring,NUIP,4420,Basic Research Concepts,029458,"Logan,Jeongok",001,17127,School of Nursing,3.88,19,1,12,5,1,0,0,0,0,0,0
2024 Spring,BME,2101,Physiology I for Engineers,004059,"Guilford,William",001,16032,Engineering & Applied Science,3.13,43,1,13,8,5,4,1,3,5,0,3
2024 Spring,COMM,3050,Managerial Decision Making,006457,"Heng,Yu Tse",003,14481,McIntire School of Commerce,3.64,44,1,19,10,9,3,0,1,1,0,0
2024 Spring,COMM,3050,Managerial Decision Making,006457,"Gray,Peter",006,14484,McIntire School of Commerce,3.37,43,0,6,11,12,11,2,1,0,0,0
2024 Spring,COMM,4520,Topics in IT,041822,"Etienne,Bevin",002,20253,McIntire School of Commerce,3.88,19,0,16,1,0,2,0,0,0,0,0
2024 Spring,BME,6311,Research Fundamentals,004128,"Fallahi-Sichani,Mohammad",001,15677,Engineering & Applied Science,3.95,25,2,19,4,0,0,0,0,0,0,0
2024 Spring,COMM,4520,Topics in IT,041822,"Johnson,Steven",003,20254,McIntire School of Commerce,3.68,37,2,11,15,7,1,1,0,0,0,0
2024 Spring,PHS,7100,Intro US Hlth Care Pol & Sys,030371,"Wanchek,Tanya",001,19715,Medical School - BIMS/PHS,3.96,15,0,13,2,0,0,0,0,0,0,0
2024 Spring,COMM,3050,Managerial Decision Making,006457,"Heng,Yu Tse",004,14482,McIntire School of Commerce,3.52,32,0,12,11,4,1,2,1,0,0,1
2024 Spring,COMM,3040,Strategic Value Creation,006456,"Oliver,Abbie",001,14471,McIntire School of Commerce,3.61,42,1,8,20,9,4,0,0,0,0,0
2024 Spring,COMM,3120,Intermediate Accounting II,006462,"Winchel,Jennifer",002,14488,McIntire School of Commerce,3.71,44,1,25,6,6,3,3,0,0,0,0
2024 Spring,MSE,6320,Deformation & Frac Struc Matls,037756,"Burns,James",001,15893,Engineering & Applied Science,3.43,7,1,1,1,1,3,0,0,0,0,0
2024 Spring,KINE,2200,Motor Development,009121,"Block,Martin",001,14735,School of Education and HumanDev,3.94,197,121,50,17,7,1,0,1,0,0,0
2024 Spring,COMM,3040,Strategic Value Creation,006456,"Allison,Kiera",003,14473,McIntire School of Commerce,3.58,44,0,11,16,12,4,1,0,0,0,0
2024 Spring,LPPS,3380,"Poverty,Learning & Educ Policy",045747,"Roorbach,Kristen",001,20458,Batten Leadership & Public Pol,3.74,49,0,26,19,1,1,1,0,0,0,1
2024 Spring,AAS,2500,Topics in Africana Studies,046413,"Gaines,Kevin",004,18943,College & Graduate Arts & Sci,3.37,55,5,15,18,5,1,5,2,0,0,4
2024 Spring,ARCH,1030,Foundation Studio I,042201,"McQuistion,Lauren",001,14286,School of Architecture,3.52,95,3,34,28,7,9,7,3,2,1,1
2024 Spring,PLAP,3160,Politics of Food,040884,"Freedman,Paul",001,19921,College & Graduate Arts & Sci,3.55,29,0,9,9,4,5,2,0,0,0,0
2024 Spring,BME,4417,Tissue Engineering,004076,"Caliari,Steven",001,16111,Engineering & Applied Science,3.52,32,1,13,3,4,9,2,0,0,0,0
2024 Spring,HHE,5600,"Health, Aging, and Society",046741,"Mutter,Justin Brice",001,18603,Medical School - BIMS/PHS,3.85,19,0,12,6,0,1,0,0,0,0,0
2024 Spring,GSGS,3559,New Course: GSGS,043479,"Safdar,Muhammad Tayyab",001,19710,College & Graduate Arts & Sci,3.64,14,0,5,4,4,1,0,0,0,0,0
2024 Spring,BME,2315,Computational BME,004067,"Rohde,Gustavo",001,16033,Engineering & Applied Science,3.84,41,3,25,10,2,0,0,0,0,1,0
2024 Spring,NURS,1010,Nursing First Year Seminar,045508,"Carroll,Theresa",001,17254,School of Nursing,3.91,23,17,5,0,0,0,0,0,1,0,0
2024 Spring,ARCH,4020,Independent Design Res Studio,001547,"Waldman,Peter D",002,14275,School of Architecture,3.72,13,5,2,2,3,1,0,0,0,0,0
2024 Spring,ECON,8360,Empirical Macroeconomics,008066,"Korinek,Anton",100,18848,College & Graduate Arts & Sci,3.80,7,0,5,0,2,0,0,0,0,0,0
2024 Spring,NUCO,4730,Professional Practice,043232,"Hallowell,Sara",001,17138,School of Nursing,3.97,112,3,99,9,1,0,0,0,0,0,0
2024 Spring,ENGL,4561,Modern Lit & Culture Seminar,012610,"Ramazani,Jahan",001,19792,College & Graduate Arts & Sci,3.23,10,0,6,0,2,0,0,0,0,1,1
2024 Spring,MDST,4510,Capstone Topics,045773,"Rao,Pallavi",003,13618,College & Graduate Arts & Sci,3.86,21,0,14,5,2,0,0,0,0,0,0
2024 Spring,CS,4630,Defense Against the Dark Arts,038715,"Davidson,Jack",001,16652,Engineering & Applied Science,3.34,62,1,25,12,10,2,2,4,2,0,4
2024 Spring,LAW,7501,Spec Topics Short Course (SC),046387,"Fassassi,Idris",2,18950,School of Law,3.49,10,0,1,3,6,0,0,0,0,0,0
2024 Spring,ENCW,2600,Fiction Writing,013455,"Eisenberg,Danny",005,19765,College & Graduate Arts & Sci,3.52,15,1,6,5,1,1,0,0,0,0,1
2024 Spring,EGMT,1510,Engaging Aesthetics,044512,"Tite,Philip",116,19259,College & Graduate Arts & Sci,4.00,35,25,10,0,0,0,0,0,0,0,0
2024 Spring,ISSS,3180,Critical Issues in Democracy,037520,"Guttman,Robert",101,20138,Continuing & Prof Studies,3.56,29,3,12,7,1,4,0,0,1,0,1
2024 Spring,KINE,3620,Biomechanics/Motor Control,009106,"Kuenze,Christopher",001,14733,School of Education and HumanDev,3.33,74,0,11,28,10,10,8,3,3,0,1
2024 Spring,LAW,9200,Federal Litigation Practice,042756,"O'Keeffe,James",1,17832,School of Law,3.54,15,0,1,8,5,1,0,0,0,0,0
2024 Spring,LAW,8807,PT Externship: Directed Study,042592,"Ryan,A.",1,17819,School of Law,3.76,14,0,9,1,3,1,0,0,0,0,0
2024 Spring,COMM,1800,Foundations of Commerce,006438,"Hoopes,Charlotte",001,14469,McIntire School of Commerce,3.57,142,3,57,34,21,12,9,2,2,0,2
2024 Spring,EDLF,3200,Exam Effects Social Innovat,042962,"Greenberg,Miriam",001,14713,School of Education and HumanDev,3.54,40,7,15,5,4,4,1,0,3,0,1
2024 Spring,MATH,1220,A Survey of Calculus II,022945,"Mitchell,Susan Beth",920,19675,College & Graduate Arts & Sci,2.79,14,1,1,0,2,3,3,1,2,0,1
2024 Spring,STAT,4170,Financial Time Series,044093,"Woo,Jeffrey",001,19615,College & Graduate Arts & Sci,3.04,59,1,13,9,3,11,6,7,4,4,1
2024 Spring,DS,4003,Data Design II:Interactive App,047152,"Kupperman,Natalie",001,20197,School of Data Science,3.94,50,2,39,8,1,0,0,0,0,0,0
2024 Spring,MAE,2310,Strength of Materials,022575,"Gomez,Jose",002,16015,Engineering & Applied Science,3.83,25,12,9,1,1,0,1,0,1,0,0
2024 Spring,EDHS,5220,Career Development,044576,"Flora,Amanda",500,14902,School of Education and HumanDev,3.96,30,0,27,2,1,0,0,0,0,0,0
2024 Spring,FREN,3050,Middle Ages to Revolution,014374,"Ferguson,Gary",001,19206,College & Graduate Arts & Sci,3.53,15,0,4,4,4,3,0,0,0,0,0
2024 Spring,GNUR,6310,AG-AC Seminar I,016999,"Wiencek,Clareen",001,17184,School of Nursing,3.78,19,0,9,7,3,0,0,0,0,0,0
2024 Spring,LAW,7715,Critical Race Theory (SC),042778,"Williams,Christopher",1,19236,School of Law,3.38,10,0,0,2,8,0,0,0,0,0,0
2024 Spring,COMM,4370,Digital Strategy & Analytics,044926,"Montgomery,Nicole",002,14548,McIntire School of Commerce,3.82,24,0,13,9,1,1,0,0,0,0,0
2024 Spring,CS,3240,Advanced Software Development,006903,"Sherriff,Mark",001,15750,Engineering & Applied Science,3.81,162,0,105,44,3,6,1,1,0,1,1
2024 Spring,BIMS,8701,Computational Biology I,047248,"Sheffield,Nathan",001,21207,Medical School - BIMS/PHS,3.95,11,2,7,2,0,0,0,0,0,0,0
2024 Spring,PSYC,4500,Spec Tops: Psychology,032600,"Jamison,Laura",002,13599,College & Graduate Arts & Sci,4.00,23,4,19,0,0,0,0,0,0,0,0
2024 Spring,STS,4600,Engr Ethcs Prof Responsibility,036750,"Laugelli,Benjamin",024,16691,Engineering & Applied Science,3.93,29,7,18,2,2,0,0,0,0,0,0
2024 Spring,CJ,3710,Conflict Resolution for Law En,006194,"Craig,Amy L",A1,21357,Continuing & Prof Studies,4.00,13,3,10,0,0,0,0,0,0,0,0
2024 Spring,PSYC,4500,Spec Tops: Psychology,032600,"Hellwig,Amanda",001,13598,College & Graduate Arts & Sci,3.85,25,9,7,7,1,1,0,0,0,0,0
2024 Spring,LASE,2515,A&S Skills AcceleratorCatalyst,046611,"Blankenship,Ross",004,13167,College & Graduate Arts & Sci,3.91,15,7,5,2,1,0,0,0,0,0,0
2024 Spring,EGMT,1520,Empirical Engagement,044513,"Dunham,Kelly",207,13368,College & Graduate Arts & Sci,3.96,36,24,9,2,1,0,0,0,0,0,0
2024 Spring,EVSC,4290,Limnology,039284,"Pace,Michael",001,13810,College & Graduate Arts & Sci,3.37,28,2,6,5,5,6,2,1,0,1,0
2024 Spring,EGMT,1530,Engaging Differences,044514,"Adams,Josephine",214,13384,College & Graduate Arts & Sci,3.85,35,1,26,5,1,0,1,1,0,0,0
2024 Spring,COMM,3220,DB Mgmt Sys & Bus Intellignce,006500,"Shi,Lanfei",002,14551,McIntire School of Commerce,3.75,42,0,21,15,4,0,0,2,0,0,0
2024 Spring,GCOM,7440,Advanced Corporate Tax,015409,"Seidman,Jeri",001,14549,McIntire School of Commerce,3.51,13,1,1,7,1,1,2,0,0,0,0
2024 Spring,APMA,3100,Probability,001152,"Hellings,Christian",004,15739,Engineering & Applied Science,2.88,43,7,8,7,2,2,2,4,3,1,7
2024 Spring,CS,3100,Data Structures and Algo 2,046228,"Pettit,Raymond",002,16641,Engineering & Applied Science,3.35,245,26,59,41,33,42,16,12,9,2,5
2024 Spring,EDLF,3000,Research for Youth Development,043698,"Bell,Bethany",001,14891,School of Education and HumanDev,3.69,19,5,8,0,4,1,0,0,1,0,0
2024 Spring,LAW,7648,Federal Sentencing (SC),040438,"Underhill,Stefan",1,19924,School of Law,3.38,6,0,1,1,2,2,0,0,0,0,0
2024 Spring,STAT,5310,Clinical Trials Methodology,036684,"Ratcliffe,Sarah Jane",001,19616,College & Graduate Arts & Sci,3.89,24,5,15,1,2,1,0,0,0,0,0
2024 Spring,STAT,6260,Categorical Data Analysis,040002,"Holt,Jeffrey",001,19617,College & Graduate Arts & Sci,3.85,36,2,25,4,4,0,1,0,0,0,0
2024 Spring,NUCO,3110,Adult-Gero Nursing,043224,"Bragg,Sharon",100,17233,School of Nursing,3.80,24,0,13,8,2,1,0,0,0,0,0
2024 Spring,NUIP,2070,Human Physiology & Anatomy II,042611,"Connelly,Christine",100,17076,School of Nursing,3.71,72,11,23,24,6,5,2,0,1,0,0
2024 Spring,BME,4360,Mol Data Sci,046953,"Naegle,Kristen",001,20263,Engineering & Applied Science,3.88,24,4,14,4,1,1,0,0,0,0,0
2024 Spring,EDHS,7225,Assessment in Counseling,045489,"Walsh,Robyn",500,14953,School of Education and HumanDev,3.87,27,0,19,6,1,1,0,0,0,0,0
2024 Spring,ENGL,2506,Studies in Poetry,012488,"Stephens,Samantha",006,20616,College & Graduate Arts & Sci,3.69,17,4,7,1,2,1,2,0,0,0,0
2024 Spring,APMA,3080,Linear Algebra,001151,"Wellbeloved,Elizabeth A.",501,19065,Engineering & Applied Science,3.68,12,0,6,3,1,1,1,0,0,0,0
2024 Spring,ECE,3430,Intro Embedded Computer Systms,042681,"Delong,Todd",001,15764,Engineering & Applied Science,3.39,38,6,15,6,3,1,2,1,1,0,3
2024 Spring,RELC,5850,Death and Dying,047094,"Scherz,Paul",001,19897,College & Graduate Arts & Sci,3.92,13,0,11,1,1,0,0,0,0,0,0
2024 Spring,PHYS,1429,Intro Physics 1 Workshop,031036,"Bychkov,Maksim",016,10300,College & Graduate Arts & Sci,3.76,25,2,12,8,0,1,2,0,0,0,0
2024 Spring,NUCO,3310,Pediatric Nursing,043225,"Boitnott,Amy",100,17098,School of Nursing,3.62,42,0,19,16,2,3,0,0,0,0,2
2024 Spring,ARCH,2020,Foundation Studio III,001494,"Dripps,Robin D",004,14269,School of Architecture,3.49,12,0,3,2,5,2,0,0,0,0,0
2024 Spring,ANTH,2160,Culture & Environment,045704,"Weston,Kath",100,19167,College & Graduate Arts & Sci,3.69,60,43,7,0,0,4,0,1,3,0,2
2024 Spring,LAR,6020,Foundation Studio II,020951,"Wettstein,Emily",001,14281,School of Architecture,3.40,9,0,2,2,3,1,0,1,0,0,0
2024 Spring,GCOM,7430,Tax of Part/Flow Thr Entities,015408,"Porter,Susan",001,14589,McIntire School of Commerce,3.45,13,1,1,5,3,1,2,0,0,0,0
2024 Spring,COMM,3120,Intermediate Accounting II,006462,"Winchel,Jennifer",001,14487,McIntire School of Commerce,3.57,36,0,16,8,2,6,3,1,0,0,0
2024 Spring,LAW,7114,Native American Law,041709,"Doran,Michael",1,18660,School of Law,3.60,73,3,21,16,26,7,0,0,0,0,0
2024 Spring,ARCH,7020,Foundation Studio IV,042373,"Stec,Peter",005,14444,School of Architecture,3.81,13,1,5,6,1,0,0,0,0,0,0
2024 Spring,PHS,7051,"Policy Dev, Analysis& Advocacy",045006,"Balkrishnan,Rajesh",002,19391,Medical School - BIMS/PHS,3.91,11,3,6,1,1,0,0,0,0,0,0
2024 Spring,LAW,7002,"Agency, Partnership, & LLCs",021600,"Cohen,George",1,18630,School of Law,3.42,11,2,1,2,2,2,1,1,0,0,0
2024 Spring,FREN,3035,Business French,043755,"Simotas,Spyridon",001,19205,College & Graduate Arts & Sci,3.87,16,1,8,7,0,0,0,0,0,0,0
2024 Spring,ENWR,1510,Writing and Critical Inquiry,013432,"D'Errico,Jon",028,11003,College & Graduate Arts & Sci,3.80,18,0,13,3,1,0,0,0,1,0,0
2024 Spring,CS,3120,Discrete Math and Theory 2,046229,"Floryan,Mark",001,16642,Engineering & Applied Science,3.05,288,2,80,35,35,38,34,14,15,9,26
2024 Spring,EGMT,1530,Engaging Differences,044514,"Mahler,Anne",218,19571,College & Graduate Arts & Sci,3.89,35,14,16,1,2,2,0,0,0,0,0
2024 Spring,COMM,4680,Entrepreneurship,006531,"Ransler,Charles",002,20239,McIntire School of Commerce,3.78,21,0,9,10,1,1,0,0,0,0,0
2024 Spring,LAW,7035,Foreign Relations Law,021783,"Eichensehr,Kristen",1,18648,School of Law,3.49,26,0,6,5,11,4,0,0,0,0,0
2024 Spring,FREN,4123,Medieval Love,043430,"Ogden,Amy",001,19208,College & Graduate Arts & Sci,3.84,10,0,6,3,1,0,0,0,0,0,0
2024 Spring,BIOL,4011,Homeostasis:Wisdom of the Body,046082,"Campbell,John",001,19217,College & Graduate Arts & Sci,4.00,41,3,38,0,0,0,0,0,0,0,0
2024 Spring,PLAN,2020,Planning Design,031270,"Guerra,Vanessa",001,14283,School of Architecture,3.95,22,0,20,1,1,0,0,0,0,0,0
2024 Spring,PHYS,2020,Principles of Physics 2,030810,"Sundararajan,Jency",004,13798,College & Graduate Arts & Sci,3.40,99,12,24,20,9,17,7,2,3,5,0
2024 Spring,CHE,4456,Bioproduct & Bioprocess Eng,044954,"King,Michael",001,16237,Engineering & Applied Science,3.70,14,4,2,5,1,2,0,0,0,0,0
2024 Spring,DS,3005,Mathematics for Data Science,046960,"Guadagni,Gianluca",001,20027,School of Data Science,3.48,23,0,16,1,2,1,0,0,1,0,2
2024 Spring,LAW,9077,Asian Amer and the Law,022002,"Law,David",1,18631,School of Law,3.56,15,0,1,8,6,0,0,0,0,0,0
2024 Spring,PLAC,5860,Green Infrastructure: Sites,031149,"Firehock,Karen",001,14284,School of Architecture,3.88,8,0,6,1,1,0,0,0,0,0,0
2024 Spring,COMM,2600,Leadership Across Disciplines,006449,"Lovelace,Jeffrey",001,14553,McIntire School of Commerce,3.69,82,1,22,44,11,3,1,0,0,0,0
2024 Spring,PHIL,1330,Virtual Worlds and Philosophy,047181,"Cameron,Ross",100,20327,College & Graduate Arts & Sci,3.84,60,0,30,28,2,0,0,0,0,0,0
2024 Spring,LASE,3602,Catalyst Capstone,047063,"Flood,David",001,19216,College & Graduate Arts & Sci,3.32,18,1,9,2,1,3,0,0,0,0,2
2024 Spring,LAW,7112,Energy Regulation and Policy,041697,"Gocke,Alison",1,18643,School of Law,3.53,24,0,4,9,8,3,0,0,0,0,0
2024 Spring,STAT,1602,Intro Data Science with Python,045052,"Somal,Harsimran",001,13665,College & Graduate Arts & Sci,3.86,89,2,81,0,1,2,0,0,1,0,2
2024 Spring,ENWR,1510,Writing and Critical Inquiry,013432,"Adams,Hodges",003,11001,College & Graduate Arts & Sci,4.00,18,12,6,0,0,0,0,0,0,0,0
2024 Spring,EDIS,5401,Teaching Secondary English II,040534,"Heny,Natasha",001,14683,School of Education and HumanDev,3.90,13,0,11,1,0,1,0,0,0,0,0
2024 Spring,CGBM,2310,Principles of Marketing,047003,"Johnson,Andrew Reeves",002,20247,McIntire School of Commerce,3.66,24,0,10,9,3,1,0,0,0,1,0
2024 Spring,ARCH,3020,Foundation Studio V,001518,"Duddy,Lindsay Martine",006,14423,School of Architecture,3.78,12,2,4,4,2,0,0,0,0,0,0
2024 Spring,SYS,6034,Discrete-Event Stochastic Sim,036963,"Park,B. Brian",001,16356,Engineering & Applied Science,3.40,10,3,3,1,1,1,0,0,0,0,1
2024 Spring,EDIS,5410,Young Adult Literature,009456,"Johnson,Wintre",500,15132,School of Education and HumanDev,3.91,10,1,6,3,0,0,0,0,0,0,0
2024 Spring,EDIS,5140,Instruct & Collab Special Ed,009436,"Williams,Mira",500,15168,School of Education and HumanDev,3.96,8,2,5,1,0,0,0,0,0,0,0
2024 Spring,CGBM,2710,Making Financial Decisions,047004,"White,Mark A",001,20248,McIntire School of Commerce,3.38,34,0,6,8,10,8,1,0,0,1,0
2024 Spring,ENTP,1010,Intro to Entrepreneurship,043881,"Etienne,Bevin",003,14526,McIntire School of Commerce,3.73,55,0,27,20,2,3,2,0,1,0,0
2024 Spring,EDIS,4310,Differenting Reading Instruct,046126,"Wilburn,Katie",001,15032,School of Education and HumanDev,3.87,25,0,22,1,0,1,0,0,1,0,0
2024 Spring,LAW,7144,Negotiation,043847,"Sachs,Benjamin",2,18006,School of Law,3.52,30,1,2,12,14,0,1,0,0,0,0
2024 Spring,WGS,3100,Intro to WGS Theory,046694,"Gonzales,Isabel",001,13676,College & Graduate Arts & Sci,3.66,28,2,10,10,3,1,0,2,0,0,0
2024 Spring,EDLF,3150,Intro Chld Growth & Developmnt,009660,"Jirout,Jamie",002,14892,School of Education and HumanDev,3.90,29,0,25,2,0,1,1,0,0,0,0
2024 Spring,BIOL,8084,Advanced Ecology & Evolution 4,043129,"Gibson,Amanda Kyle",001,19218,College & Graduate Arts & Sci,3.90,6,2,2,2,0,0,0,0,0,0,0
2024 Spring,EDLF,5425,Governance Collegiate Athletic,043450,"Starsia,Gerald",001,14846,School of Education and HumanDev,3.59,9,0,4,1,2,2,0,0,0,0,0
2024 Spring,CE,4025,VDC Coordination and Control,046268,"Pennetti,Cody",001,16455,Engineering & Applied Science,3.66,10,2,3,1,3,1,0,0,0,0,0
2024 Spring,PHIL,2500,Survey on a PhilosophicalTopic,043637,"Payton,Dee",300,12341,College & Graduate Arts & Sci,3.37,42,1,13,12,1,7,2,2,3,0,1
2024 Spring,STS,2600,Engineering Ethics,046988,"Groves,James",004,19197,Engineering & Applied Science,3.66,14,0,10,1,2,0,0,0,0,0,1
2024 Spring,HIEU,3692,The Holocaust,018477,"Barnett,Victoria",100,13433,College & Graduate Arts & Sci,3.92,59,44,9,2,2,1,0,1,0,0,0
2024 Spring,KINE,3660,Neuroscience of Exercise,043490,"Resch,Jacob",001,14762,School of Education and HumanDev,3.55,146,0,56,35,27,17,4,4,1,0,2
2024 Spring,LAW,9124,On Purpose: Intro to Leadshp,022319,"Mathas,Theodore",1,18661,School of Law,3.42,16,0,1,6,6,2,1,0,0,0,0
2024 Spring,RELG,3950,"Evil Modernity: Banal, Demonic",034230,"Mathewes,Charles",100,18786,College & Graduate Arts & Sci,3.18,16,0,4,2,5,2,1,1,0,0,1
2024 Spring,FREN,8560,Seminar in 19th-Century Lit,014505,"Krueger,Cheryl",001,19212,College & Graduate Arts & Sci,3.63,6,0,2,3,0,0,1,0,0,0,0
2024 Spring,KINE,3430,Phys Activ Health Disparities,046562,"Swift,Damon",001,15049,School of Education and HumanDev,3.66,34,0,17,9,3,2,1,2,0,0,0
2024 Spring,PLAN,6050,Land Use and Environmental Law,031388,"Ripple,Christopher A.",001,14375,School of Architecture,3.40,22,0,6,6,2,1,7,0,0,0,0
2024 Spring,LAW,7024,Banking & Financial Institutns,040097,"Verdier,Pierre-Hugues",1,18632,School of Law,3.54,8,0,1,3,4,0,0,0,0,0,0
2024 Spring,RELG,5375,Aesthetics and Ethics,044759,"Flores,Nichole",001,18787,College & Graduate Arts & Sci,3.53,7,1,4,0,0,1,0,0,0,1,0
2024 Spring,LAR,6220,EcoTech II,042660,"Foley,Nathan",001,14312,School of Architecture,3.45,17,0,2,6,6,2,1,0,0,0,0
2024 Spring,PLAP,4500,Special Topics,031588,"Rivero,Albert",003,13145,College & Graduate Arts & Sci,3.77,15,0,7,6,1,1,0,0,0,0,0
2024 Spring,PHS,7050,PH Law/Ethics,030367,"Bernheim,Ruth",001,18421,Medical School - BIMS/PHS,3.95,26,5,19,1,0,1,0,0,0,0,0
2024 Spring,ARTH,3591,Art History Colloquium,042072,"Ramirez-Weaver,Eric",001,13106,College & Graduate Arts & Sci,3.86,17,2,12,2,0,0,0,1,0,0,0
2024 Spring,BME,4995,Biomed Engr Adv Projects,004081,"Chen,David",024,16412,Engineering & Applied Science,3.92,11,0,8,3,0,0,0,0,0,0,0
2024 Spring,PLAN,3500,Special Topics in Planning,031287,"Jafari,Ghazal",002,14429,School of Architecture,3.65,12,0,4,5,2,0,1,0,0,0,0
2024 Spring,DS,3006,Inference and Prediction,047153,"Afriyie,Prince",001,20312,School of Data Science,3.96,39,6,29,3,1,0,0,0,0,0,0
2024 Spring,LNGS,5060,Syntax and Semantics,037539,"Elson,Mark",001,18622,College & Graduate Arts & Sci,3.86,9,0,7,1,0,1,0,0,0,0,0
2024 Spring,EDIS,5134,Behav Observations & Analysis,045206,"Metras,Rachel",500,15124,School of Education and HumanDev,3.68,8,0,3,3,1,1,0,0,0,0,0
2024 Spring,ECE,6435,Computer Architecture & Design,007719,"Delong,Todd",001,15934,Engineering & Applied Science,3.97,9,1,7,1,0,0,0,0,0,0,0
2024 Spring,APMA,3100,Probability,001152,"Marley,Jennifer",007,16684,Engineering & Applied Science,3.60,46,2,15,18,6,0,2,2,0,0,1
2024 Spring,STS,4600,Engr Ethcs Prof Responsibility,036750,"Wayland,Kent",023,16690,Engineering & Applied Science,3.67,14,0,10,2,0,0,0,0,2,0,0
2024 Spring,GNUR,6056,Health Policy,016935,"Debnam,Katrina",001,17047,School of Nursing,3.97,26,8,15,3,0,0,0,0,0,0,0
2024 Spring,PLCP,3012,Politics of Developing Areas,031684,"Fatton,Robert",100,13146,College & Graduate Arts & Sci,3.67,114,0,57,25,17,8,3,4,0,0,0
2024 Spring,CS,2130,Computer Systems and Org 1,046226,"Graham,Daniel",001,16425,Engineering & Applied Science,3.35,431,37,152,56,43,55,20,21,21,12,14
2024 Spring,EDLF,7807,LEAD I,009747,"Eddy Spicer,David H",500,15152,School of Education and HumanDev,3.67,17,1,11,3,1,0,0,0,0,0,1
2024 Spring,EDLF,7810,Legal & Educ Policy Context,009813,"Roberts,Wendell",500,15154,School of Education and HumanDev,3.94,16,6,7,3,0,0,0,0,0,0,0
2024 Spring,CE,5410,Transportation Planning,004576,"Miller,John",001,16031,Engineering & Applied Science,3.84,8,0,5,2,1,0,0,0,0,0,0
2024 Spring,STS,2600,Engineering Ethics,046988,"Pappas,Jesse",005,19198,Engineering & Applied Science,3.96,25,0,22,3,0,0,0,0,0,0,0
2024 Spring,LING,6650,Linguistic Typology,046650,"Mirzayan,Armik",001,19238,College & Graduate Arts & Sci,3.95,6,1,4,1,0,0,0,0,0,0,0
2024 Spring,EDIS,6220,Assessment of Curriculum: K-12,045848,"Moran,Melinda",501,15200,School of Education and HumanDev,3.51,24,0,16,3,0,1,2,0,0,0,2
2024 Spring,ECE,6332,VLSI Design,007717,"Calhoun,Benton",001,15954,Engineering & Applied Science,3.72,14,1,7,3,0,3,0,0,0,0,0
2024 Spring,EGMT,1540,Ethical Engagement,044515,"Wellmon,Michael",106,13386,College & Graduate Arts & Sci,3.79,36,0,29,1,4,0,0,0,1,1,0
2024 Spring,KINE,5750,"Assess & Interv Conc, Head, CS",044715,"Higgins,Michael",001,14848,School of Education and HumanDev,3.51,19,0,5,4,6,4,0,0,0,0,0
2024 Spring,LAW,9153,Law and Riots,041692,"Heaphy,Timothy",1,18058,School of Law,3.59,16,0,3,7,5,1,0,0,0,0,0
2024 Spring,LAW,9354,Privacy Law & Theory Seminar,046378,"Citron,Danielle",1,18663,School of Law,3.60,8,0,0,6,2,0,0,0,0,0,0
2024 Spring,LAW,7088,Law and Public Service,040070,"Block,Andrew",2,18656,School of Law,3.54,22,0,4,6,12,0,0,0,0,0,0
2024 Spring,COMM,4370,Digital Strategy & Analytics,044926,"Montgomery,Nicole",001,14544,McIntire School of Commerce,3.85,40,0,25,12,2,1,0,0,0,0,0
2024 Spring,EDIS,4320,Teaching Mathematics Elem,046127,"Morano,Stephanie",001,15031,School of Education and HumanDev,3.88,25,13,9,1,0,1,0,1,0,0,0
2024 Spring,EDIS,5060,Math Instruction Special Ed,009429,"Gelman,Jennifer",500,15034,School of Education and HumanDev,3.89,14,1,10,2,0,1,0,0,0,0,0
2024 Spring,COMM,4710,Intermediate Investments,006538,"Dennis,Patrick",001,14543,McIntire School of Commerce,3.69,40,0,21,9,3,5,2,0,0,0,0
2024 Spring,COMM,3200,Project & Product Management,006498,"Schuff,David",001,14500,McIntire School of Commerce,3.52,40,0,13,11,4,8,4,0,0,0,0
2024 Spring,APMA,2120,Multivariable Calculus,001144,"Ryals,Megan",003,15352,Engineering & Applied Science,2.53,36,0,3,0,5,10,4,4,2,3,5
2024 Spring,PHIL,2660,Philosophy of Religion,030098,"Merricks,Trenton",100,13633,College & Graduate Arts & Sci,3.30,34,0,5,14,6,3,1,2,1,0,2
2024 Spring,COMM,4791,Real Estate Investmnt Analysis,040720,"Overstreet,George",001,14510,McIntire School of Commerce,3.75,30,1,12,12,4,1,0,0,0,0,0
2024 Spring,EDIS,5235,Dyslexia,044551,"Hayes,Latisha",500,15189,School of Education and HumanDev,3.92,24,0,22,0,1,0,1,0,0,0,0
2024 Spring,EDIS,5014,Trauma Sensitive Classroom,045539,"Min,Helen",500,15180,School of Education and HumanDev,4.00,23,14,9,0,0,0,0,0,0,0,0
2024 Spring,EDIS,4350,Interaction with Intention,045392,"Leach,Allison",500,15033,School of Education and HumanDev,3.54,23,5,12,2,1,0,1,0,0,0,2
2024 Spring,SPAN,3010,Grammar and Composition I,035893,"Cobb,Erica",008,13196,College & Graduate Arts & Sci,3.74,16,0,7,7,1,0,1,0,0,0,0
2024 Spring,ENTP,1010,Intro to Entrepreneurship,043881,"Etienne,Bevin",002,14523,McIntire School of Commerce,3.77,55,0,28,22,0,3,1,0,1,0,0
2024 Spring,EDIS,5041,Behav & Classroom Management,009428,"Gentry,Roberta Anne",500,15182,School of Education and HumanDev,3.92,19,4,12,2,0,1,0,0,0,0,0
2024 Spring,APMA,2120,Multivariable Calculus,001144,"Hellings,Christian",005,15870,Engineering & Applied Science,2.82,40,1,5,5,5,12,2,1,2,3,4
2024 Spring,EDLF,3896,Front Lines of Social ChangeII,046350,"Brackins,Genevieve",001,15042,School of Education and HumanDev,4.00,17,15,2,0,0,0,0,0,0,0,0
2024 Spring,COMM,4374,IntComm&DigCampaign-Media Lab,043608,"Heilman,Carrie",001,14524,McIntire School of Commerce,3.98,32,13,17,2,0,0,0,0,0,0,0
2024 Spring,LAW,7501,Spec Topics Short Course (SC),046387,"Jaworski,Peter",1,18068,School of Law,3.48,6,0,1,1,4,0,0,0,0,0,0
2024 Spring,ENGR,1020,Engineering Foundations 2,046986,"Starling,Anna Leyf",007,19131,Engineering & Applied Science,3.96,31,0,29,1,0,1,0,0,0,0,0
2024 Spring,LAW,7066,Mental Health Law,021728,"Zelle,Heather",1,18659,School of Law,3.37,14,0,2,2,6,4,0,0,0,0,0
2024 Spring,COMM,4643,Adv Business Speaking,006544,"Pentz,Marcia",001,14503,McIntire School of Commerce,3.89,24,2,13,9,0,0,0,0,0,0,0
2024 Spring,PSLP,5300,Foundations of Leadership,044292,"Degner,Kai",701,20840,Continuing & Prof Studies,3.87,23,9,10,1,1,2,0,0,0,0,0
2024 Spring,EDHS,5230,"Women, Work, and Wellness",044577,"Flora,Amanda",501,15320,School of Education and HumanDev,3.82,30,4,22,2,1,0,0,0,0,0,1
2024 Spring,ASTR,1250,Alien Worlds,044877,"Zhou,Yifan",001,13488,College & Graduate Arts & Sci,3.72,74,7,33,18,9,5,0,1,1,0,0
2024 Spring,COMM,5460,Taxes & Business Strategy,006557,"Seidman,Jeri",002,14546,McIntire School of Commerce,3.52,21,3,3,5,5,5,0,0,0,0,0
2024 Spring,COMM,4731,Principles-Securities Trading,042093,"Sandas,Patrik",001,14545,McIntire School of Commerce,3.52,17,0,3,7,3,4,0,0,0,0,0
2024 Spring,FREN,5584,Topics in Cinema,039247,"Blatt,Ari",001,13426,College & Graduate Arts & Sci,3.74,5,0,2,2,1,0,0,0,0,0,0
2024 Spring,CHE,6445,Fund Process Safety,046924,"Unnerstall,Ronald",600,16796,Engineering & Applied Science,3.90,6,0,4,2,0,0,0,0,0,0,0
2024 Spring,CS,1010,Intro to Information Tech,006852,"Evans,David",001,16634,Engineering & Applied Science,3.70,31,2,22,1,1,1,3,0,0,0,1
2024 Spring,EDIS,6800,Creativity and Problem Solving,045849,"Moran,Melinda",501,15177,School of Education and HumanDev,3.82,22,0,16,2,2,2,0,0,0,0,0
2024 Spring,CS,3120,Discrete Math and Theory 2,046229,"White,Tonya L.",501,19046,Engineering & Applied Science,3.90,16,0,12,3,1,0,0,0,0,0,0
2024 Spring,MESA,2110,Intro to ME / SA Film History,044419,"Sunya,Samhita",001,18687,College & Graduate Arts & Sci,3.93,25,1,18,6,0,0,0,0,0,0,0
2024 Spring,LPPP,5540,Applied Policy Clinics,044651,"Lehmann,Brooke",001,20838,Batten Leadership & Public Pol,3.69,11,6,1,1,2,0,0,1,0,0,0
2024 Spring,ECON,3640,The Economics of Africa,044886,"Plant,Mark",001,13930,College & Graduate Arts & Sci,3.50,36,0,15,6,7,6,1,0,0,0,1
2024 Spring,STS,2600,Engineering Ethics,046988,"Davis,William",002,19195,Engineering & Applied Science,3.60,23,5,3,10,1,0,3,1,0,0,0
2024 Spring,ECE,3251,Electromag Energy Convers Lab,041834,"Barnes,Adam",002,16205,Engineering & Applied Science,3.94,11,2,8,0,1,0,0,0,0,0,0
2024 Spring,RELG,1040,Intro to Asian Religions,034141,"Allen,Michael",100,13540,College & Graduate Arts & Sci,3.78,287,7,177,66,16,11,3,3,2,0,2
2024 Spring,COMM,4831,Cultivating Wisdom&Well-Being,042515,"Mick,David",001,14514,McIntire School of Commerce,3.77,21,7,8,4,1,0,0,0,0,0,1
2024 Spring,SPAN,3000,Phonetics,035892,"Rini,Joel",001,13194,College & Graduate Arts & Sci,3.94,18,2,14,1,1,0,0,0,0,0,0
2024 Spring,ECE,6501,Topics: Elect & Computer Engr,007731,"Beling,Andreas",001,16259,Engineering & Applied Science,3.73,7,0,2,4,1,0,0,0,0,0,0
2024 Spring,MSE,2090,Intro to Materials Science,024402,"Cai,Liheng",004,16692,Engineering & Applied Science,3.57,19,0,5,8,3,2,0,1,0,0,0
2024 Spring,MSE,3101,Materials Sci Investigations,024407,"Ihlefeld,Jon",001,15419,Engineering & Applied Science,3.65,17,2,7,3,2,1,2,0,0,0,0
2024 Spring,MSE,6240,Kinetics Solid-State Reactions,024427,"Opila,Elizabeth",600,16452,Engineering & Applied Science,3.66,5,0,2,1,2,0,0,0,0,0,0
2024 Spring,ECON,3600,Economics of the Art Market,047057,"Thomas,Mark",001,18831,College & Graduate Arts & Sci,3.55,19,0,3,8,6,2,0,0,0,0,0
2024 Spring,SYS,2202,Data & Information Engineering,036896,"Doryab,Afsaneh",001,15432,Engineering & Applied Science,3.78,62,15,31,12,1,0,1,0,0,0,2
2024 Spring,EDIS,4120,Char of Ind w/Intellectual Dis,044944,"Corr,Francis",500,15120,School of Education and HumanDev,3.92,27,0,21,5,1,0,0,0,0,0,0
2024 Spring,EDIS,5872,Sem: Tch Intern: English Ed,039326,"Heny,Natasha",001,14883,School of Education and HumanDev,3.87,13,0,11,0,1,1,0,0,0,0,0
2024 Spring,CS,1110,Introduction to Programming,006846,"Stone,Derrick",003,16018,Engineering & Applied Science,2.99,96,0,15,18,10,18,10,11,6,4,4
2024 Spring,ARCH,3020,Foundation Studio V,001518,"Fullmer,Cameron Miers",005,14364,School of Architecture,3.80,12,0,4,8,0,0,0,0,0,0,0
2024 Spring,EDIS,3020,The Exceptional Learner,009391,"Myers-Mitchell,H. Nicole",503,15312,School of Education and HumanDev,3.70,29,1,11,14,0,0,2,0,1,0,0
2024 Spring,PLAN,5500,Special Topics in Planning,031328,"ROWE,FRED",002,14426,School of Architecture,3.66,5,0,3,0,1,1,0,0,0,0,0
2024 Spring,COMM,4350,Cust Analytics & Brand Strat,006519,"Maxham,James",002,14547,McIntire School of Commerce,3.98,36,6,28,2,0,0,0,0,0,0,0
2024 Spring,MAE,6250,Multibody Mechanical Systems,022660,"Russell,Shawn",001,16113,Engineering & Applied Science,3.16,24,0,5,9,0,6,0,2,0,0,2
2024 Spring,MAE,2330,Mechanics Laboratory,045221,"Smith,Natasha",100,16118,Engineering & Applied Science,3.94,146,79,52,10,2,2,0,1,0,0,0
2024 Spring,EDLF,2080,Fundamentals of Statistics,044842,"Hull,Michael",001,14854,School of Education and HumanDev,3.73,25,7,8,6,0,2,1,1,0,0,0
2024 Spring,CHEM,2420,Organic Chemistry II,005699,"Serbulea,Laura L",600,10998,College & Graduate Arts & Sci,3.74,18,5,10,1,0,0,0,1,0,0,1
2024 Spring,EDHS,7020,Evidence Based Practice,041986,"Robey,Randall",001,14844,School of Education and HumanDev,4.00,26,12,14,0,0,0,0,0,0,0,0
2024 Spring,COMM,4821,Managing Sustainable Dev,006701,"White,Mark",001,14540,McIntire School of Commerce,3.78,15,0,8,4,3,0,0,0,0,0,0
2024 Spring,EDIS,2020,Disability in the Media,045467,"Cook,Lysandra",001,15026,School of Education and HumanDev,3.86,29,14,10,2,1,1,0,1,0,0,0
2024 Spring,ECE,6502,Spec Top:Elect & Computer Engr,007732,"Sun,Yixin",003,16526,Engineering & Applied Science,3.53,7,0,3,1,1,1,1,0,0,0,0
2024 Spring,KINE,5760,Principles of Strength & Cond,044848,"Higgins,Michael",001,14857,School of Education and HumanDev,3.37,31,0,3,8,13,4,3,0,0,0,0
2024 Spring,ALAR,8020,Research Studio 2,000310,"Comazzi,John Joseph",002,14313,School of Architecture,4.00,12,7,5,0,0,0,0,0,0,0,0
2024 Spring,COMM,3040,Strategic Value Creation,006456,"Cowen,Amanda",008,14478,McIntire School of Commerce,3.23,42,0,5,7,11,12,5,1,0,1,0
2024 Spring,GSGS,3112,Global Perspectives Corruption,044978,"Tidey,Sylvia",001,13494,College & Graduate Arts & Sci,3.84,86,39,30,11,2,1,0,0,2,0,1
2024 Spring,EDIS,4060,Mathematics Special Ed,046121,"Morano,Stephanie",001,15028,School of Education and HumanDev,3.94,10,6,2,2,0,0,0,0,0,0,0
2024 Spring,COMM,4644,Persuasion & Influence,046711,"Allison,Kiera",001,14586,McIntire School of Commerce,3.66,18,0,10,3,1,2,2,0,0,0,0
2024 Spring,PHIL,3310,Metaphysics,030127,"Merricks,Trenton",001,13637,College & Graduate Arts & Sci,3.35,29,0,6,10,5,3,1,1,2,1,0
2024 Spring,ENWR,1510,Writing and Critical Inquiry,013432,"Tran,Davy",035,13336,College & Graduate Arts & Sci,3.96,18,11,6,0,1,0,0,0,0,0,0
2024 Spring,COMM,4380,Consumer Behav & Mktg Strategy,006522,"Mittal,Chiraag",001,14566,McIntire School of Commerce,3.74,17,0,7,7,2,1,0,0,0,0,0
2024 Spring,KINE,3420,Contemporary Health Issues,009125,"Edwards,David",001,14761,School of Education and HumanDev,3.89,142,71,58,6,1,2,2,0,0,0,2
2024 Spring,EDIS,3012,Mindfulness & Development,044838,"Williams,Dennis",001,14850,School of Education and HumanDev,4.00,29,14,15,0,0,0,0,0,0,0,0
2024 Spring,COMM,3200,Project & Product Management,006498,"Schuff,David",002,14513,McIntire School of Commerce,3.53,41,0,13,10,9,6,3,0,0,0,0
2024 Spring,KINE,4400,Nutrition & the Athlete,044197,"Bird,Randy",001,14903,School of Education and HumanDev,3.77,14,1,6,5,1,1,0,0,0,0,0
2024 Spring,EDLF,7140,LEAD II: Professional Learning,009701,"Beavers,Michelle",500,15170,School of Education and HumanDev,3.76,15,8,4,0,0,1,2,0,0,0,0
2024 Spring,EDIS,6880,Masters Comp in Curric & Inst,045850,"Jewett,Anne",501,15206,School of Education and HumanDev,3.93,26,0,21,4,1,0,0,0,0,0,0
2024 Spring,CJ,4730,Forensic Sci for Admin & Mgrs,006238,"McGinnis Jr.,Charles Edward",A1,21375,Continuing & Prof Studies,3.94,19,5,10,4,0,0,0,0,0,0,0
2024 Spring,ALAR,8020,Research Studio 2,000310,"Clark Jr.,William G",003,14352,School of Architecture,3.63,12,0,4,3,5,0,0,0,0,0,0
2024 Spring,CS,3250,Software Testing,045512,"Praphamontripong,Upsorn",001,16492,Engineering & Applied Science,3.26,84,3,30,20,4,5,7,2,2,3,8
2024 Spring,PLAN,5230,Des Dimensions of Real Estate,045046,"Petrus,Michael",001,14353,School of Architecture,3.84,23,0,11,12,0,0,0,0,0,0,0
2024 Spring,STS,2600,Engineering Ethics,046988,"Guillen,Sergio",008,19201,Engineering & Applied Science,3.81,16,10,1,1,4,0,0,0,0,0,0
2024 Spring,EDLF,5700,"Race, Ethnicity and Diversity",043451,"Smith,Naila",001,14852,School of Education and HumanDev,3.95,19,0,17,1,1,0,0,0,0,0,0
2024 Spring,PHIL,1410,Forms of Reasoning,030021,"Anderson,Joseph",004,19418,College & Graduate Arts & Sci,3.67,29,0,14,8,4,0,2,1,0,0,0
2024 Spring,EDIS,5051,Tchg Science Secondary Sch II,009464,"Maeng,Jennifer",001,14623,School of Education and HumanDev,3.94,5,2,2,1,0,0,0,0,0,0,0
2024 Spring,EDLF,7404,Qualitative Analysis,009730,"Heinecke,Walter",001,14767,School of Education and HumanDev,3.82,11,0,7,2,2,0,0,0,0,0,0
2024 Spring,DRAM,4110,Lighting Design,007296,"Kennedy,R.",001,13643,College & Graduate Arts & Sci,3.64,12,0,10,1,0,0,0,0,0,0,1
2024 Spring,STS,4600,Engr Ethcs Prof Responsibility,036750,"Stafford,William",014,16144,Engineering & Applied Science,3.90,26,0,19,6,1,0,0,0,0,0,0
2024 Spring,BME,2220,Biomechanics,004068,"Hu,Xiao",001,15449,Engineering & Applied Science,3.30,57,4,14,15,6,5,3,5,1,1,3
2024 Spring,MAE,2300,Statics,022574,"Momot,Michael",001,16438,Engineering & Applied Science,3.12,28,3,10,4,0,1,2,4,1,0,3
2024 Spring,COMM,4522,Topics in BA,046287,"Mousavi,Reza",002,14565,McIntire School of Commerce,3.71,16,1,2,11,2,0,0,0,0,0,0
2024 Spring,MSE,3070,Kinetics of Materials,045589,"Zhou,Bicheng",001,16450,Engineering & Applied Science,3.71,23,3,7,7,5,1,0,0,0,0,0
2024 Spring,BME,3240,Biotransport,004069,"Helmke,Brian",001,15450,Engineering & Applied Science,3.55,52,0,15,17,12,6,0,1,1,0,0
2024 Spring,PLAN,6040,Quantitative Methods of Plan,031387,"Mondschein,Andrew",001,14374,School of Architecture,3.87,17,0,11,5,1,0,0,0,0,0,0
2024 Spring,LAW,6109,Corporations (Law & Business),021836,"Haan,Sarah",1,18636,School of Law,3.46,40,2,9,8,10,7,3,0,1,0,0
2024 Spring,CS,6888,Software Analysis,045682,"Dwyer,Matthew",001,16493,Engineering & Applied Science,3.81,23,7,9,3,2,2,0,0,0,0,0
2024 Spring,COMM,5110,Financial Statement Analysis,043381,"Koch,Adam",002,14518,McIntire School of Commerce,3.62,34,0,14,9,3,8,0,0,0,0,0
2024 Spring,SOC,2820,Sociology of Ignorance,046732,"Mullins,Ian",001,13172,College & Graduate Arts & Sci,4.00,35,4,31,0,0,0,0,0,0,0,0
2024 Spring,ECON,2010,Principles of Econ: Microecon,007876,"Doyle,Carter",200,13574,College & Graduate Arts & Sci,3.18,213,2,51,44,24,36,14,11,18,7,6
2024 Spring,EGMT,1520,Empirical Engagement,044513,"Williams,Jennie",213,13373,College & Graduate Arts & Sci,3.93,30,0,28,0,0,2,0,0,0,0,0
2024 Spring,CHE,3318,Chemical Reaction Engineering,005447,"Davis,Robert",001,15387,Engineering & Applied Science,3.01,44,0,5,7,12,7,3,1,5,2,2
2024 Spring,SOC,4530,Topics in Sociology of Health,045393,"Skubby,David",001,13173,College & Graduate Arts & Sci,3.47,20,0,11,2,3,1,1,1,0,0,1
2024 Spring,COMM,4760,Private Equity,039906,"Marston,Felicia",001,14508,McIntire School of Commerce,3.81,36,0,18,14,4,0,0,0,0,0,0
2024 Spring,ANTH,3100,Indigenous Landscapes,045425,"Igoe,Jim",100,19160,College & Graduate Arts & Sci,3.64,22,1,8,6,5,0,2,0,0,0,0
2024 Spring,ENGL,3825,Desktop Publishing,043442,"Livingood,James",001,19786,College & Graduate Arts & Sci,3.41,14,0,11,1,0,0,0,0,0,0,2
2024 Spring,STS,4600,Engr Ethcs Prof Responsibility,036750,"Seabrook,Bryn",019,15888,Engineering & Applied Science,3.69,28,8,10,5,3,1,0,0,0,0,1
2024 Spring,CE,3330,Structural Design,044636,"Harris,Devin",001,16494,Engineering & Applied Science,3.04,27,5,2,2,5,5,2,3,0,0,3
2024 Spring,LAR,7500,Special Tops in Landscape Arch,045643,"Gastinger,Lara",002,14369,School of Architecture,3.86,14,0,9,4,1,0,0,0,0,0,0
2024 Spring,MAE,3220,Aerodynamics,022583,"Ward,Thomas",001,15402,Engineering & Applied Science,3.22,41,0,13,6,5,6,3,1,3,4,0
2024 Spring,BME,6060,Biomedical Innovation,040984,"Rosen,Jonathan",001,16290,Engineering & Applied Science,4.00,6,2,4,0,0,0,0,0,0,0,0
2024 Spring,GCOM,7340,Corporate Financial Reporting,015401,"McDermott,Katie",1,14521,McIntire School of Commerce,3.62,30,0,11,9,4,6,0,0,0,0,0
2024 Spring,LAW,9364,Race and Slavery UVA N Grounds,046712,"Flaherty,Randi",1,18705,School of Law,3.40,8,0,0,2,6,0,0,0,0,0,0
2024 Spring,LAR,5452,Healthy Cities,045418,"Roe,Jennifer",001,14333,School of Architecture,3.90,6,0,4,2,0,0,0,0,0,0,0
2024 Spring,EDHS,2250,Stress and Anxiety Management,044538,"Cholewa,Blaire",001,14843,School of Education and HumanDev,3.94,58,0,53,3,1,0,0,0,1,0,0
2024 Spring,EDLF,8361,Structural Equation Modeling,040297,"Soland,Jim",001,14897,School of Education and HumanDev,3.74,16,0,6,7,3,0,0,0,0,0,0
2024 Spring,ECE,4332,Introduction to VLSI Design,007693,"Calhoun,Benton",001,15953,Engineering & Applied Science,3.55,20,1,11,1,1,3,0,3,0,0,0
2024 Spring,APMA,3501,Spec Topics in APMA,040943,"Ryals,Megan",001,16044,Engineering & Applied Science,3.89,14,6,4,3,1,0,0,0,0,0,0
2024 Spring,CS,4501,Spec Top: Computer Science,006942,"Campbell,Brad",002,16246,Engineering & Applied Science,3.63,35,1,17,11,2,1,1,0,1,0,1
2024 Spring,COMM,4730,Adv Inv: Derivates & Fixed Inc,006536,"Dennis,Patrick",001,14568,McIntire School of Commerce,3.68,25,0,11,7,4,3,0,0,0,0,0
2024 Spring,ENWR,2510,Advanced Writing Seminar,013441,"Goad,Rhiannon",005,13403,College & Graduate Arts & Sci,4.00,16,8,8,0,0,0,0,0,0,0,0
2024 Spring,ARCH,7210,Advanced Structural Design,001691,"Ismail,Mohamed",100,14356,School of Architecture,3.64,53,0,17,17,17,2,0,0,0,0,0
2024 Spring,APMA,3100,Probability,001152,"Ma,Hui",003,15364,Engineering & Applied Science,3.59,45,5,16,13,4,3,0,1,1,1,1
2024 Spring,BIOC,8151,Biochemical Literature,003293,"Wotton,David",001,18266,Medical School - BIMS/PHS,3.98,16,5,10,1,0,0,0,0,0,0,0
2024 Spring,CS,6763,CPS Safety and Security,046327,"Feng,Lu",001,16514,Engineering & Applied Science,3.92,36,0,34,0,1,0,0,0,0,1,0
2024 Spring,ECE,4265,Microwave Engineering Lab,007699,"Weikle,Robert",002,16487,Engineering & Applied Science,3.72,13,2,4,4,2,1,0,0,0,0,0
2024 Spring,STS,2050,Sustainable Energy Systems,045394,"Groves,James",001,16449,Engineering & Applied Science,3.56,10,0,5,1,2,1,0,1,0,0,0
2024 Spring,PLAN,2030,"Neighborhoods, Comm & Regions",046298,"LAWRENCE,JENNIFER",001,14371,School of Architecture,3.90,69,0,58,8,2,0,0,0,0,0,1
2024 Spring,CE,5035,Constructn Estimatng & Biddng,046362,"O'malley,Matthew",600,16457,Engineering & Applied Science,3.76,7,0,4,1,2,0,0,0,0,0,0
2024 Spring,MSE,2090,Intro to Materials Science,024402,"McDonnell,Stephen",001,16317,Engineering & Applied Science,3.15,33,5,8,4,2,3,4,3,1,1,2
2024 Spring,ASTR,1220,Intro Stars Galaxies Universe,003047,"Sarazin,Craig",004,13489,College & Graduate Arts & Sci,3.23,117,11,15,19,20,20,18,6,5,3,0
2024 Spring,COMM,1800,Foundations of Commerce,006438,"Martin,Roger",003,14534,McIntire School of Commerce,3.48,119,3,35,35,18,15,6,1,4,0,2
2024 Spring,SYS,3060,Stochastic Decision Models,036906,"Riggs,Robert",001,16247,Engineering & Applied Science,3.77,88,0,47,25,12,3,0,1,0,0,0
2024 Spring,MAE,3420,Computational Methods in MAE,022586,"Gao,Xinfeng",001,16240,Engineering & Applied Science,3.64,106,58,16,8,5,6,6,1,2,1,3
2024 Spring,ECE,5260,Microwave Engineering I,007704,"Weikle,Robert",001,16454,Engineering & Applied Science,3.12,22,2,4,3,2,3,1,4,3,0,0
2024 Spring,COMM,4372,Int Comm & Digital Campaign,006697,"Heilman,Carrie",001,14502,McIntire School of Commerce,3.98,32,13,17,2,0,0,0,0,0,0,0
2024 Spring,GCOM,7215,Python for Data Science,046794,"Mousavi,Reza",001,14584,McIntire School of Commerce,3.70,21,1,5,11,3,1,0,0,0,0,0
2024 Spring,COMM,3220,DB Mgmt Sys & Bus Intellignce,006500,"Gong,Jing",001,14515,McIntire School of Commerce,3.67,42,5,19,9,4,1,2,0,1,0,1
2024 Spring,GCOM,7770,Financial Analytics,015432,"Grazioli,Stefano",001,14506,McIntire School of Commerce,3.79,18,3,7,6,1,0,1,0,0,0,0
2024 Spring,APMA,3120,Statistics,001154,"Lark,James",001,15366,Engineering & Applied Science,3.16,39,1,11,5,6,3,6,2,3,0,2
2024 Spring,COMM,5460,Taxes & Business Strategy,006557,"Seidman,Jeri",001,14505,McIntire School of Commerce,3.47,26,2,5,6,6,4,3,0,0,0,0
2024 Spring,ANTH,2120,The Concept of Culture,042869,"Bashkow,Ira",100,13257,College & Graduate Arts & Sci,3.77,173,3,120,26,8,4,5,3,1,1,2
2024 Spring,ARCH,7100,Design Research Methods,045147,"Putalik,Erin",100,14436,School of Architecture,3.35,50,0,4,14,15,15,2,0,0,0,0
2024 Spring,ENGR,2500,Intro to Nanoscience & Tech,012268,"Lee,Kyusang",001,16294,Engineering & Applied Science,4.00,13,4,9,0,0,0,0,0,0,0,0
2024 Spring,STS,4500,STS and Engineering Practice,036749,"Neeley,Kathryn",001,15428,Engineering & Applied Science,2.95,25,0,5,5,3,6,2,0,1,0,3
2024 Spring,EDHS,8340,Counseling Children/Adolescent,009279,"Cholewa,Blaire",001,14613,School of Education and HumanDev,3.96,21,7,11,3,0,0,0,0,0,0,0
2024 Spring,LAW,9242,Feminism and Free Market,043826,"Mahoney,Julia",1,18647,School of Law,3.52,18,0,2,7,8,1,0,0,0,0,0
2024 Spring,LATI,5200,Ovid's Metamorphoses,021208,"Myers,Karen",100,18709,College & Graduate Arts & Sci,3.83,7,0,3,4,0,0,0,0,0,0,0
2024 Spring,SPAN,4600,Literature and Cinema,035955,"Amago,Samuel",001,13199,College & Graduate Arts & Sci,3.87,22,0,15,6,0,1,0,0,0,0,0
2024 Spring,SPAN,4709,Modern Spanish Art,036328,"Wellbeloved,Elizabeth A.",501,19110,College & Graduate Arts & Sci,3.83,12,0,9,1,1,1,0,0,0,0,0
2024 Spring,COMM,2700,Basic Finance for Real Estate,046582,"Chapman,David",002,14571,McIntire School of Commerce,3.53,37,0,13,9,4,8,3,0,0,0,0
2024 Spring,EDIS,5740,Diagnosis & Remediation II,009476,"Thacker-Gwaltney,Susan",500,15137,School of Education and HumanDev,3.96,14,0,12,2,0,0,0,0,0,0,0
2024 Spring,APMA,1110,Single Variable Calculus II,001140,"Pisano,Stacie",001,15348,Engineering & Applied Science,2.95,35,1,7,4,5,2,3,6,6,0,1
2024 Spring,SPAN,3010,Grammar and Composition I,035893,"Wellbeloved,Elizabeth A.",501,19093,College & Graduate Arts & Sci,3.57,12,0,3,6,1,0,2,0,0,0,0
2024 Spring,PHS,7385,Env Hlth: Epidem Perspectives,042273,"Wells,Kristen",001,18437,Medical School - BIMS/PHS,4.00,10,7,3,0,0,0,0,0,0,0,0
2024 Spring,CS,1110,Introduction to Programming,006846,"Khargonkar,Arohi",001,15371,Engineering & Applied Science,3.11,131,0,20,27,26,23,10,10,5,5,5
2024 Spring,GDS,3114,"Science, Tech & Development",043964,"Edmunds,David",001,13493,College & Graduate Arts & Sci,3.95,39,10,24,4,1,0,0,0,0,0,0
2024 Spring,EDIS,5423,English Linguistics,043456,"Fox,William",500,15134,School of Education and HumanDev,3.81,17,5,8,2,0,0,2,0,0,0,0
2024 Spring,EDLF,4082,Politics of Public Education,046114,"Schueler,Beth",001,15223,School of Education and HumanDev,3.30,15,0,3,3,6,1,0,1,0,0,1
2024 Spring,LAW,6112,Environmental Law,021646,"Cannon,Jonathan",1,18697,School of Law,3.42,19,1,3,3,7,3,2,0,0,0,0
2024 Spring,KINE,5730,Medical Aspects Athl Training,044587,"Madrak,Emily",001,15046,School of Education and HumanDev,3.72,19,0,7,9,2,0,1,0,0,0,0
2024 Spring,UD,8020,Urban Design Research Studio,046665,"Berman,Ila L",001,14396,School of Architecture,3.88,5,3,0,2,0,0,0,0,0,0,0
2024 Spring,EDIS,7230,Curriculum Gifted & Talented,009710,"Adams,Cheryll",500,15185,School of Education and HumanDev,3.59,13,1,5,3,2,0,1,1,0,0,0
2024 Spring,CE,2100,Intro Environmental Engr,004432,"Culver,Teresa",001,15367,Engineering & Applied Science,3.18,47,5,10,7,4,5,9,1,3,1,2
2024 Spring,COMM,3040,Strategic Value Creation,006456,"Erwin,Gayle",006,14476,McIntire School of Commerce,3.56,43,0,8,19,11,3,2,0,0,0,0
2024 Spring,EGMT,1540,Ethical Engagement,044515,"Toprak,Vasfiye",213,13398,College & Graduate Arts & Sci,3.98,35,3,30,2,0,0,0,0,0,0,0
2024 Spring,EGMT,1540,Ethical Engagement,044515,"Hilker,Eric",111,13390,College & Graduate Arts & Sci,3.96,36,0,33,2,1,0,0,0,0,0,0
2024 Spring,LAW,7160,Computer Crime,044272,"Bamzai,Aditya",1,18635,School of Law,3.62,85,0,28,25,26,5,1,0,0,0,0
2024 Spring,LAW,9264,Discrimination Theory,044231,"Hellman,Deborah",1,18640,School of Law,3.39,10,0,1,2,5,2,0,0,0,0,0
2024 Spring,EDIS,5451,Teach Math in Sec School II,039379,"Thomas,Casedy",001,14622,School of Education and HumanDev,3.88,5,2,1,2,0,0,0,0,0,0,0
2024 Spring,LAW,7025,Employment Law: Health/Safety,021978,"Verkerke,J",1,18641,School of Law,3.40,6,0,1,2,1,1,1,0,0,0,0
2024 Spring,STS,4600,Engr Ethcs Prof Responsibility,036750,"Fitzgerald,Gerard J.",017,15887,Engineering & Applied Science,3.79,28,5,18,0,1,3,0,0,0,1,0
2024 Spring,ARCH,3021,Design Thinking Studio II,042205,"Schumann,Kyle",001,14293,School of Architecture,3.82,10,0,4,6,0,0,0,0,0,0,0
2024 Spring,CHE,6630,Mass Transfer,005514,"Geise,Geoffrey",001,15391,Engineering & Applied Science,3.53,24,0,4,9,8,3,0,0,0,0,0
2024 Spring,COMM,3420,Commercial Law II,006471,"Moore,Sherri",002,14541,McIntire School of Commerce,3.70,103,0,53,25,14,6,3,1,1,0,0
2024 Spring,MAE,3010,Astronautics,022579,"Knospe,Carl",001,15400,Engineering & Applied Science,3.59,73,26,22,8,4,6,1,0,2,1,3
2024 Spring,MICR,8400,Bacteriology & Virology,042499,"Kendall,Melissa",001,18236,Medical School - BIMS/PHS,3.63,9,3,2,1,0,3,0,0,0,0,0
2024 Spring,APMA,2120,Multivariable Calculus,001144,"Mahmood,Asif",001,15350,Engineering & Applied Science,2.99,39,1,3,5,6,12,4,3,2,2,1
2024 Spring,ARCH,6120,Architectural Theory & Analys,001672,"Dripps,Robin",001,14324,School of Architecture,3.85,24,2,15,4,2,1,0,0,0,0,0
2024 Spring,ANTH,2400,Language and Culture,000667,"Wendte,Nathan",100,13325,College & Graduate Arts & Sci,3.91,60,0,52,5,1,1,0,0,1,0,0
2024 Spring,STS,4600,Engr Ethcs Prof Responsibility,036750,"Francisco,Pedro",016,15886,Engineering & Applied Science,3.73,26,14,6,1,2,1,1,0,0,0,1
2024 Spring,EDLF,7815,Ldshp Equity Dverse Population,046606,"White,Tinkhani",500,15212,School of Education and HumanDev,4.00,11,8,3,0,0,0,0,0,0,0,0
2024 Spring,ITAL,1010,Elementary Italian I,020555,"White,Tonya L.",501,19031,College & Graduate Arts & Sci,3.97,29,14,12,3,0,0,0,0,0,0,0
2024 Spring,MUSI,2021,Creative Discovery,046885,"Tackitt,Elliott",001,13899,College & Graduate Arts & Sci,3.83,12,9,2,0,0,0,0,0,1,0,0
2024 Spring,GCOM,7251,EssentialsofProject Management,046801,"Schuff,David",001,14585,McIntire School of Commerce,3.57,15,0,2,8,3,2,0,0,0,0,0
2024 Spring,ECON,4430,Environmental Economics,007977,"Sekhri,Sheetal",099,14208,College & Graduate Arts & Sci,3.60,48,0,22,10,7,7,0,1,0,0,1
2024 Spring,MUSI,2070,Popular Musics,024750,"Miller,Karl",100,13224,College & Graduate Arts & Sci,3.80,177,62,53,29,21,11,1,0,0,0,0
2024 Spring,APMA,3080,Linear Algebra,001151,"Li,Meiqin",002,15360,Engineering & Applied Science,3.42,38,7,11,5,6,2,1,2,1,2,1
2024 Spring,CS,2100,Data Structures and Algo 1,046225,"Morrison,Briana",001,16420,Engineering & Applied Science,3.47,337,33,134,57,34,30,17,11,6,1,14
2024 Spring,COMM,3220,DB Mgmt Sys & Bus Intellignce,006500,"Shi,Lanfei",003,14578,McIntire School of Commerce,3.74,11,2,6,2,0,0,0,0,0,1,0
2024 Spring,EDIS,3060,Poverty and the Young Child,045749,"Blackman,Nadiah",502,15313,School of Education and HumanDev,3.64,21,0,14,3,1,2,0,0,0,0,1
2024 Spring,MAE,3620,Machine Elem & Fatigue Design,022588,"Momot,Michael",001,15403,Engineering & Applied Science,3.33,84,7,20,16,10,12,10,4,2,1,2
2024 Spring,PLAN,3050,Planning Methods,031281,"Cockrell,William",001,14265,School of Architecture,3.38,22,6,8,3,1,0,0,1,0,1,2
2024 Spring,MICR,8200,Bldg Blocks of the Immune Sys,024107,"Elliott,Michael",001,18234,Medical School - BIMS/PHS,3.47,25,1,5,6,6,6,1,0,0,0,0
2024 Spring,CE,2310,Strength of Materials,004439,"Gomez,Jose",001,15823,Engineering & Applied Science,3.90,28,9,15,1,2,1,0,0,0,0,0
2024 Spring,CELL,8301,Adv Topics in Cell Biology,042509,"Dwyer,Noelle",001,18338,Medical School - BIMS/PHS,3.95,11,3,6,2,0,0,0,0,0,0,0
2024 Spring,CHE,3398,Chemical Engineering Lab I,005458,"Prpich,George",100,15732,Engineering & Applied Science,3.52,44,0,10,13,15,4,2,0,0,0,0
2024 Spring,EDHS,3055,Prevention of Youth Violence,043203,"Cornell,Dewey",001,14763,School of Education and HumanDev,3.67,29,0,15,6,4,3,0,0,1,0,0
2024 Spring,BME,7370,Quan Bio Reasoning,040983,"Janes,Kevin",001,15955,Engineering & Applied Science,3.67,10,0,3,4,3,0,0,0,0,0,0
2024 Spring,ECON,8720,Time Series Econometrics,008073,"Farmer,Leland",001,13319,College & Graduate Arts & Sci,3.80,5,1,2,1,1,0,0,0,0,0,0
2024 Spring,PHYS,1655,Python for Scientists,046731,"Group,Robert",001,13807,College & Graduate Arts & Sci,3.21,35,6,12,2,4,2,4,0,0,1,4
2024 Spring,EDIS,5871,Sem: Tch Intern: Elementary Ed,039325,"Blatt,Aaron",001,15041,School of Education and HumanDev,3.98,18,2,15,1,0,0,0,0,0,0,0
2024 Spring,FREN,4585,Adv Topics Cultural Studies,014411,"Boutaghou,Ferial",001,13304,College & Graduate Arts & Sci,3.90,16,5,7,3,1,0,0,0,0,0,0
2024 Spring,BIOL,4070,Developmental Biology Lab,003594,"Keller,Raymond",001,13253,College & Graduate Arts & Sci,3.97,21,2,17,2,0,0,0,0,0,0,0
2024 Spring,CHE,3322,Transprt Proc II: Heat & Mass,005449,"Giri,Gaurav",001,15388,Engineering & Applied Science,3.02,44,2,5,7,8,3,8,4,4,2,1
2024 Spring,EDIS,3045,Mathematics in Early Childhood,045741,"Kutaka,Traci",500,15161,School of Education and HumanDev,3.03,22,1,2,6,5,2,1,1,1,0,3
2024 Spring,EDIS,3020,The Exceptional Learner,009391,"Therrien,William",500,15114,School of Education and HumanDev,3.97,30,0,28,1,1,0,0,0,0,0,0
2024 Spring,COMM,3420,Commercial Law II,006471,"Moore,Sherri",001,14491,McIntire School of Commerce,3.76,82,0,43,29,4,2,2,2,0,0,0
2024 Spring,CHE,2202,Thermodynamics,005435,"Anderson,Eric",001,15385,Engineering & Applied Science,3.14,42,0,9,6,8,6,5,6,1,0,1
2024 Spring,ALAR,8995,Thesis II,000312,"Last,Nana",002,14358,School of Architecture,3.39,18,0,0,7,7,4,0,0,0,0,0
2024 Spring,EDIS,3040,Foundations of Early Child Edu,042221,"Neesen,Kathy",500,15204,School of Education and HumanDev,3.81,24,6,11,4,0,2,1,0,0,0,0
2024 Spring,PLAN,6860,Cities + Nature,042847,"Beatley,Timothy",001,14344,School of Architecture,3.88,22,0,13,9,0,0,0,0,0,0,0
2024 Spring,FREN,3031,Finding Your Voice in French,014357,"Simotas,Spyridon",003,13307,College & Graduate Arts & Sci,3.59,11,0,3,6,1,0,0,0,1,0,0
2024 Spring,FREN,4585,Adv Topics Cultural Studies,014411,"Lyu,Claire",002,13305,College & Graduate Arts & Sci,3.74,10,1,5,2,1,0,1,0,0,0,0
2024 Spring,APMA,1110,Single Variable Calculus II,001140,"Pisano,Stacie",004,16436,Engineering & Applied Science,2.58,31,2,1,4,5,1,3,4,4,5,2
2024 Spring,CS,4414,Operating Systems,006914,"Lin,Felix",001,15382,Engineering & Applied Science,3.89,50,1,37,9,0,3,0,0,0,0,0
2024 Spring,BME,2000,Biomed Engr Design & Discovery,004058,"Guilford,William",001,15676,Engineering & Applied Science,3.74,48,19,17,3,3,3,0,1,0,2,0
2024 Spring,ENWR,1510,Writing and Critical Inquiry,013432,"Light,Wheeler",068,13350,College & Graduate Arts & Sci,3.97,18,0,16,2,0,0,0,0,0,0,0
2024 Spring,AAS,3500,Intermediate Seminar in AAS,039376,"Crawley,Ashon",003,13825,College & Graduate Arts & Sci,3.87,23,0,20,1,1,0,0,0,1,0,0
2024 Spring,ARCH,2020,Foundation Studio III,001494,"Scott,Stacy",003,14268,School of Architecture,3.29,13,0,1,4,3,2,3,0,0,0,0
2024 Spring,ECON,4350,Corporate Finance,007969,"Mcgee,Christopher",100,19143,College & Graduate Arts & Sci,3.36,78,4,23,20,7,9,2,6,4,1,2
2024 Spring,EDLF,8383,Qualitative Inquiry,044850,"Griffin,Gabrielle",501,15164,School of Education and HumanDev,4.00,10,5,5,0,0,0,0,0,0,0,0
2024 Spring,SARC,5400,Data Visualization,044034,"Field,Eric",001,14299,School of Architecture,3.54,58,0,19,18,10,6,3,0,1,1,0
2024 Spring,ARH,1020,History of Architecture II,001845,"Crane,Sheila",100,14247,School of Architecture,3.40,128,7,28,28,29,17,11,6,1,0,1
2024 Spring,EDLF,2080,Fundamentals of Statistics,044842,"Hull,Michael",002,14855,School of Education and HumanDev,3.69,36,19,5,3,4,2,0,2,1,0,0
2024 Spring,COMM,4350,Cust Analytics & Brand Strat,006519,"Maxham,James",001,14520,McIntire School of Commerce,3.99,20,3,16,1,0,0,0,0,0,0,0
2024 Spring,EDLF,3170,Introduction to Adolescence,044395,"Smith,Naila",002,15221,School of Education and HumanDev,3.77,34,0,23,7,1,0,1,1,1,0,0
2024 Spring,EDIS,4040,Intro Psychoeducational Assess,044991,"Allison,Dr. Rinyka",500,14875,School of Education and HumanDev,3.10,23,1,7,0,3,7,2,0,1,0,2
2024 Spring,EDLF,7132,Legal Aspects of College Admin,009797,"Leffers,Robert",001,14710,School of Education and HumanDev,3.67,26,1,12,7,1,2,3,0,0,0,0
2024 Spring,SPAN,2020,Advanced Intermediate Spanish,035854,"Prados,Nieves Garcia",009,13208,College & Graduate Arts & Sci,3.74,17,0,8,7,0,1,1,0,0,0,0
2024 Spring,SPAN,4500,Spec Topics Sem: Literature,035967,"Rogers,Charlotte",001,13215,College & Graduate Arts & Sci,3.75,22,0,12,8,1,0,0,0,0,1,0
2024 Spring,STS,4600,Engr Ethcs Prof Responsibility,036750,"Fitzgerald,Gerard J.",012,15700,Engineering & Applied Science,3.48,11,1,4,0,1,5,0,0,0,0,0
2024 Spring,CE,6015,Project Management,046363,"Pennetti,Cody",600,16490,Engineering & Applied Science,3.62,26,1,16,3,2,1,2,0,0,0,1
2024 Spring,STS,4600,Engr Ethcs Prof Responsibility,036750,"Wylie,Caitlin",009,15701,Engineering & Applied Science,3.45,27,0,5,11,6,3,0,0,1,1,0
2024 Spring,COMM,4822,Invest in Sustainable Future,006744,"White,Mark",001,14512,McIntire School of Commerce,3.68,26,0,11,8,5,1,1,0,0,0,0
2024 Spring,RELG,2650,"Religion, Ethics & Health Care",034173,"Scherz,Paul",100,18781,College & Graduate Arts & Sci,3.89,118,3,88,21,3,2,0,0,1,0,0
2024 Spring,ENWR,1510,Writing and Critical Inquiry,013432,"Barrett,Olivia",076,14246,College & Graduate Arts & Sci,3.95,18,0,15,3,0,0,0,0,0,0,0
2024 Spring,ARTH,1500,Intro Seminars in Art History,042566,"Turner,Elizabeth",001,18766,College & Graduate Arts & Sci,3.83,15,2,6,6,1,0,0,0,0,0,0
2024 Spring,COMM,3720,Intermediate Corporate Finance,006484,"Parham,Robert",005,14511,McIntire School of Commerce,3.61,37,2,8,13,11,3,0,0,0,0,0
2024 Spring,LAR,6020,Foundation Studio II,020951,"Gastinger,Breck August",002,14351,School of Architecture,3.50,8,1,1,2,2,2,0,0,0,0,0
2024 Spring,EDHS,7200,Counseling Student Athletes,044040,"Steinmetz,Christian",001,14804,School of Education and HumanDev,3.88,16,0,11,4,1,0,0,0,0,0,0
2024 Spring,CE,6015,Project Management,046363,"Pennetti,Cody",001,16489,Engineering & Applied Science,4.00,10,7,3,0,0,0,0,0,0,0,0
2024 Spring,EDIS,5075,Online and Blended Learning,043011,"O'Neil,Colleen",500,15123,School of Education and HumanDev,3.90,13,9,2,1,0,1,0,0,0,0,0
2024 Spring,PLAN,3860,Cities and Nature,042846,"Beatley,Timothy",001,14343,School of Architecture,3.76,38,0,21,10,3,4,0,0,0,0,0
2024 Spring,COMM,3040,Strategic Value Creation,006456,"Erwin,Gayle",005,14475,McIntire School of Commerce,3.68,32,4,5,16,6,0,1,0,0,0,0
2024 Spring,KINE,2850,Medical Terminology,042975,"Golden,Dana",502,14847,School of Education and HumanDev,4.00,100,4,96,0,0,0,0,0,0,0,0
2024 Spring,KINE,4000,Practicum in Kinesiology,009122,"Fines,Abby",001,14730,School of Education and HumanDev,4.00,23,9,14,0,0,0,0,0,0,0,0
2024 Spring,EDLF,7806,Family & Community Engagement,009746,"Allen,Ben",500,15151,School of Education and HumanDev,3.90,16,0,14,1,0,0,1,0,0,0,0
2024 Spring,EDIS,5025,"Curric, Instruct & Assessment",044060,"Acors,Amy",501,15162,School of Education and HumanDev,3.70,21,0,16,1,1,1,1,0,0,0,1
2024 Spring,ECON,4190,Industrial Organization,007959,"Santugini,Marc",090,13121,College & Graduate Arts & Sci,3.90,42,28,4,8,1,1,0,0,0,0,0
2024 Spring,COMM,4620,Strategic Leadership,045370,"Lovelace,Jeffrey",001,14552,McIntire School of Commerce,3.67,42,1,10,25,2,1,3,0,0,0,0
2024 Spring,COMM,5110,Financial Statement Analysis,043381,"Koch,Adam",001,14517,McIntire School of Commerce,3.67,18,1,7,4,4,2,0,0,0,0,0
2024 Spring,EDLF,3610,Immigrant Youth & Families,044373,"Palacios,Natalia",001,14824,School of Education and HumanDev,3.81,10,0,6,3,0,1,0,0,0,0,0
2024 Spring,BME,2102,Physiology II,004060,"Barker,Shannon",001,16130,Engineering & Applied Science,3.84,50,8,25,10,6,1,0,0,0,0,0
2024 Spring,EDLF,7601,Social Foundations of ED,009731,"Shaffer,Sharon",500,15148,School of Education and HumanDev,3.53,11,0,6,4,0,0,0,0,0,0,1
2024 Spring,EDIS,5470,ESL Assess & Curriculum Design,009460,"Ford,Karen",500,15183,School of Education and HumanDev,3.96,17,0,15,2,0,0,0,0,0,0,0
2024 Spring,CS,2100,Data Structures and Algo 1,046225,"Stone,Derrick",002,16421,Engineering & Applied Science,3.53,139,11,54,30,16,12,7,2,3,0,4
2024 Spring,HIAF,2002,Modern African History,018134,"Mason,John",001,13245,College & Graduate Arts & Sci,3.43,28,0,8,6,5,6,2,0,1,0,0
2024 Spring,EGMT,1540,Ethical Engagement,044515,"Brubaker,Evan",113,13392,College & Graduate Arts & Sci,3.68,35,0,28,1,0,1,0,0,5,0,0
2024 Spring,LAR,8320,Professional Practice,020997,"Hametz,Isaac",001,14327,School of Architecture,3.54,27,0,6,9,8,4,0,0,0,0,0
2024 Spring,FREN,3585,Topics in Cultural Studies,014370,"Tsien,Jennifer",001,13316,College & Graduate Arts & Sci,3.78,11,0,8,0,2,1,0,0,0,0,0
2024 Spring,RELB,2100,Buddhism,033831,"Schaeffer,Kurtis",100,13536,College & Graduate Arts & Sci,3.96,173,45,112,10,5,1,0,0,0,0,0
2024 Spring,ENWR,1510,Writing and Critical Inquiry,013432,"Hadley,Henrietta",073,13432,College & Graduate Arts & Sci,3.97,18,0,16,2,0,0,0,0,0,0,0
2024 Spring,EDHS,1120,Found of Community Engagement,043507,"Levy,Melissa",001,14764,School of Education and HumanDev,3.84,40,0,35,0,2,1,0,0,2,0,0
2024 Spring,SARC,6720,Design Computation 2,045090,"Vanecek,Jess",100,14322,School of Architecture,3.43,42,0,1,19,13,8,1,0,0,0,0
2024 Spring,STS,4600,Engr Ethcs Prof Responsibility,036750,"Wayland,Kent",020,15889,Engineering & Applied Science,3.47,16,0,8,5,0,0,0,1,0,1,1
2024 Spring,MDST,2700,News Writing,023497,"Sweeney,Kate",001,13217,College & Graduate Arts & Sci,3.88,11,1,7,2,1,0,0,0,0,0,0
2024 Spring,ENGL,3002,History of Lit in English II,011977,"Stauffer,Andrew",100,13703,College & Graduate Arts & Sci,3.54,186,13,68,51,23,7,11,4,2,3,4
2024 Spring,COMM,4722,CorpRestruct & DistressInvstg,046861,"Smith,David",002,14592,McIntire School of Commerce,3.73,39,1,21,9,2,4,2,0,0,0,0
2024 Spring,COMM,3720,Intermediate Corporate Finance,006484,"Smith,David",003,14497,McIntire School of Commerce,3.49,51,2,18,11,9,3,5,1,0,1,1
2024 Spring,COMM,4641,Public Speaking & Persuasion,006490,"Patterson,Robert",001,14499,McIntire School of Commerce,3.80,16,1,8,5,1,1,0,0,0,0,0
2024 Spring,ENWR,1510,Writing and Critical Inquiry,013432,"Choudhury,Aindrila",074,13934,College & Graduate Arts & Sci,3.80,18,0,14,2,1,0,0,0,0,1,0
2024 Spring,EDLF,3160,Intro to Educ Psychology,009661,"Wilcox,Diane",001,14625,School of Education and HumanDev,3.74,29,7,13,2,5,0,1,0,1,0,0
2024 Spring,COMM,4733,Asset Mgmt in Global Economy,046802,"Gallmeyer,Michael",001,14581,McIntire School of Commerce,3.49,53,1,13,16,3,19,1,0,0,0,0
2024 Spring,CHIN,2020,Intermediate Chinese,006054,"Chen,Shu-Chen",004,14081,College & Graduate Arts & Sci,3.87,16,3,6,7,0,0,0,0,0,0,0
2024 Spring,COMM,4150,Intro Auditing,044592,"Negangard,Eric",001,14542,McIntire School of Commerce,3.36,27,2,3,4,9,6,3,0,0,0,0
2024 Spring,ENWR,1506,Writing & Critical Inquiry S2,013429,"Goad,Rhiannon",009,13321,College & Graduate Arts & Sci,3.65,11,2,3,3,0,3,0,0,0,0,0
2024 Spring,RELB,2200,Intro Buddhist Philosophy,046592,"Liddle,Adam",001,13566,College & Graduate Arts & Sci,3.97,29,3,23,3,0,0,0,0,0,0,0
2024 Spring,HIME,3192,"The Ottoman Empire, 1300-1700",042467,"White,Joshua",001,13446,College & Graduate Arts & Sci,3.68,33,0,19,7,3,2,1,0,0,0,1
2024 Spring,PHYS,2020,Principles of Physics 2,030810,"Grouchy,Rebecca",003,13795,College & Graduate Arts & Sci,3.51,97,14,20,27,15,8,5,4,4,0,0
2024 Spring,ECON,3720,Introduction to Econometrics,007939,"Kripalani,Jessica",091,13117,College & Graduate Arts & Sci,3.05,60,0,8,13,14,10,6,2,3,0,4
2024 Spring,PSYC,3210,RM: Psychobiology Laboratory,032553,"Weigel,Thaddeus",001,13590,College & Graduate Arts & Sci,3.87,20,0,11,9,0,0,0,0,0,0,0
2024 Spring,MDST,3510,Topics in Media Research,045771,"Goin,Keara",003,13218,College & Graduate Arts & Sci,3.83,30,0,21,7,0,1,0,0,1,0,0
2024 Spring,EGMT,1540,Ethical Engagement,044515,"Ferguson,Andrew",110,13389,College & Graduate Arts & Sci,3.96,36,0,34,1,0,1,0,0,0,0,0
2024 Spring,KINE,5432,Human Circulatory Physiology,044862,"Allen,Jason",001,14861,School of Education and HumanDev,3.07,15,0,1,1,2,8,2,1,0,0,0
2024 Spring,EGMT,1540,Ethical Engagement,044515,"Nickel,Mary",114,13393,College & Graduate Arts & Sci,3.76,35,10,11,8,0,6,0,0,0,0,0
2024 Spring,AAS,3810,"Race, Culture & Inequality",044908,"Pendergrass,Sabrina",001,13408,College & Graduate Arts & Sci,3.18,13,0,6,2,0,2,1,0,0,0,2
