Term Desc,Subject,Catalog Number,Class Title,Course ID,Primary Instructor Name,Class Section,Class Num,Class Academic Group,Course GPA,# of Students,A+,A,A-,B+,B,B-,C+,C,C-,DFW
2025 Fall,DS,2026,Computational Probability,046957,"Guadagni,Gianluca",002,14427,School of Data Science,3.57,60,1,28,12,6,7,1,2,2,1,0
2025 Fall,CHEM,1411,Intro College Chem I Lab,005986,"Morkowchuk,Lisa",005,10522,College & Graduate Arts & Sci,3.44,23,8,5,4,1,1,1,0,0,1,2
2025 Fall,GDS,3100,Development on the Ground,039954,"Edmunds,David",001,10566,College & Graduate Arts & Sci,3.95,48,12,28,8,0,0,0,0,0,0,0
2025 Fall,ENWR,1510,Writing and Critical Inquiry,013432,"Shaman,Cory",049,11460,College & Graduate Arts & Sci,3.89,18,0,15,1,1,1,0,0,0,0,0
2025 Fall,LASE,3510,Topics in the Liberal Arts,046610,"LaFleur,Jennifer",003,13555,College & Graduate Arts & Sci,3.49,42,0,34,0,0,1,0,0,1,2,4
2025 Fall,PHIL,1410,Forms of Reasoning,030021,"Boone,Trey",001,11923,College & Graduate Arts & Sci,3.60,119,1,53,23,20,13,5,2,1,1,0
2025 Fall,ENCW,2600,Fiction Writing,013455,...,004,13937,College & Graduate Arts & Sci,3.83,15,0,8,6,1,0,0,0,0,0,0
2025 Fall,CHEM,1411,Intro College Chem I Lab,005986,"Morkowchuk,Lisa",017,10528,College & Graduate Arts & Sci,3.53,24,14,2,3,1,0,1,1,0,0,2
2025 Fall,NASC,3100,Naval Ships Systems I,025295,"Hartman,Joshua",001,14636,Executive VP & Provost,3.95,11,0,9,2,0,0,0,0,0,0,0
2025 Fall,SPAN,3040,Business Spanish,035896,"Rodriguez,Maria Esparza",002,12657,College & Graduate Arts & Sci,3.91,16,0,11,5,0,0,0,0,0,0,0
2025 Fall,CS,3710,Intro to Cybersecurity,045511,"Bloomfield,Aaron",003,15915,Engineering & Applied Science,2.80,33,2,6,4,7,1,2,3,3,0,5
2025 Fall,CS,4501,Spec Top: Computer Science,006942,"Behl,Madhur",002,15439,Engineering & Applied Science,3.60,36,2,11,12,5,2,4,0,0,0,0
2025 Fall,CHEM,5760,Bioanalytical Microsystems,045827,"Swami,Nathan",001,19088,College & Graduate Arts & Sci,3.74,16,1,4,9,2,0,0,0,0,0,0
2025 Fall,SPAN,4700,Spanish Culture & Civilization,035932,"Moore,Kelly",001,12660,College & Graduate Arts & Sci,3.99,20,8,11,1,0,0,0,0,0,0,0
2025 Fall,APMA,3120,Statistics,001154,"Fernando,Anne",001,14679,Engineering & Applied Science,2.98,35,0,6,6,6,4,6,3,0,0,4
2025 Fall,SYS,6003,Optimizatn Models & Methods I,036949,"Riggs,Robert",001,14739,Engineering & Applied Science,3.58,23,0,12,3,4,3,0,0,0,0,1
2025 Fall,MATH,1320,Calculus II,022954,"Aitzhanova,Bakhyt",200,10236,College & Graduate Arts & Sci,3.48,25,7,10,1,2,0,1,0,2,0,2
2025 Fall,ECE,3209,Electromagnetic Fields,007677,"Barker,N.",001,15122,Engineering & Applied Science,3.06,24,2,7,1,1,4,1,1,5,2,0
2025 Fall,CS,6762,"SP,ML and Control",046326,"Lin,Felix",001,15654,Engineering & Applied Science,3.99,60,3,54,3,0,0,0,0,0,0,0
2025 Fall,LPPL,3210,Behavioral Sci:Civic Leadershp,042166,"Dobson,Kyle",001,14463,Batten Leadership & Public Pol,3.71,83,0,7,72,4,0,0,0,0,0,0
2025 Fall,PSYC,1010,Introductory Psychology,032423,"Mazurek,Christopher",001,11035,College & Graduate Arts & Sci,3.34,339,5,97,101,31,42,24,7,11,7,14
2025 Fall,CS,6316,Machine Learning,006975,"Chen,Chen",001,15944,Engineering & Applied Science,3.99,27,9,17,1,0,0,0,0,0,0,0
2025 Fall,CHEM,1411,Intro College Chem I Lab,005986,"Morkowchuk,Lisa",051,12116,College & Graduate Arts & Sci,3.77,23,13,5,2,0,0,1,2,0,0,0
2025 Fall,CS,1110,Introduction to Programming,006846,"Khargonkar,Arohi",002,15175,Engineering & Applied Science,3.60,172,0,107,26,12,9,5,1,4,2,6
2025 Fall,EGMT,1510,Engaging Aesthetics,044512,"Will,Richard J",113,13150,College & Graduate Arts & Sci,4.00,33,5,28,0,0,0,0,0,0,0,0
2025 Fall,EGMT,1510,Engaging Aesthetics,044512,"Ferguson,Andrew",119,13156,College & Graduate Arts & Sci,3.91,31,0,28,1,1,0,0,1,0,0,0
2025 Fall,LPPA,7220,Adv Topics Impact Evaluation,045119,"Player,Daniel",001,14474,Batten Leadership & Public Pol,3.89,11,0,7,4,0,0,0,0,0,0,0
2025 Fall,SYS,6021,Statistical Modeling I,036958,"Chung,Seokhyun",600,15837,Engineering & Applied Science,3.83,12,0,8,2,2,0,0,0,0,0,0
2025 Fall,PLCP,3110,The Politics of Western Europe,031689,"Alexander,Gerard",100,20219,College & Graduate Arts & Sci,3.34,170,7,31,60,25,22,9,4,2,3,7
2025 Fall,CLAS,2010,Greek Civilization,006297,"Dillery,John",100,10903,College & Graduate Arts & Sci,3.17,86,6,14,24,10,12,6,3,3,2,6
2025 Fall,ECON,3020,Intermediate Macroeconomics,007909,"Westerfield,Maria",300,13946,College & Graduate Arts & Sci,3.41,114,10,20,26,25,20,8,3,0,0,2
2025 Fall,MATH,3354,Survey of Algebra,023084,"Wang,Oliver",002,11851,College & Graduate Arts & Sci,3.61,28,4,12,3,0,6,3,0,0,0,0
2025 Fall,DS,6300,Theory I: Prob & Stoch Process,046804,"Guadagni,Gianluca",001,14397,School of Data Science,3.48,5,1,0,2,0,2,0,0,0,0,0
2025 Fall,RELC,2050,Rise of Christianity,033956,"Shuve,Karl",100,12986,College & Graduate Arts & Sci,3.74,59,7,27,14,3,6,1,1,0,0,0
2025 Fall,PSYC,7430,Psychological Assessment,032768,"Reuben,Aaron Samuel",100,12672,College & Graduate Arts & Sci,4.00,5,3,2,0,0,0,0,0,0,0,0
2025 Fall,ENCW,2300,Poetry Writing,013450,...,007,14048,College & Graduate Arts & Sci,3.67,13,0,11,1,0,0,0,0,0,0,1
2025 Fall,COMM,2001,Found. of Financial Accounting,048083,"Martin,Roger",400,20374,McIntire School of Commerce,3.19,73,3,20,15,10,7,4,4,2,2,6
2025 Fall,CHEM,2311,Org Chem Lab I Non Chem Major,043154,"Chruma,Jason",006,11472,College & Graduate Arts & Sci,3.82,32,1,23,5,0,1,1,0,1,0,0
2025 Fall,FREN,2020,Intermediate French II,014316,"Geer,Rachel Carrie",002,10155,College & Graduate Arts & Sci,3.62,12,2,7,2,0,0,0,0,0,0,1
2025 Fall,AAS,3500,Intermediate Seminar in AAS,039376,"Lemos,Guilherme",003,13759,College & Graduate Arts & Sci,3.94,15,4,8,3,0,0,0,0,0,0,0
2025 Fall,DS,3001,Foundations of ML,045203,"Wright,Brian",001,14403,School of Data Science,3.99,54,5,48,1,0,0,0,0,0,0,0
2025 Fall,BME,2104,Cell & Molecular for Engineers,004061,"Zunder,Eli",001,15258,Engineering & Applied Science,3.50,51,0,21,10,7,6,3,2,1,1,0
2025 Fall,MATH,4651,Advanced Linear Algebra,023151,"Stees,Ryan",001,10254,College & Graduate Arts & Sci,2.99,16,3,2,2,0,1,4,1,1,0,2
2025 Fall,CHEM,2810,Principles Org & Bioorg Chem,005711,"Serbulea,Laura",100,10043,College & Graduate Arts & Sci,3.30,64,1,29,4,8,6,4,2,6,2,2
2025 Fall,PLCP,1010,Intro to Comparative Politics,031680,"Waldner,David",100,10355,College & Graduate Arts & Sci,3.52,173,0,30,63,57,19,3,1,0,0,0
2025 Fall,MICR,8042,Advanced Topics in Cancer,038109,"Gioeli,Daniel",001,18334,Medical School - BIMS/PHS,3.91,7,2,3,2,0,0,0,0,0,0,0
2025 Fall,MATH,3350,Applied Linear Algebra,042858,"Holt,Jeffrey",002,11731,College & Graduate Arts & Sci,3.52,37,1,15,7,5,4,2,2,1,0,0
2025 Fall,SPAN,3030,Cultural Conversations,035895,"Wellbeloved,Elizabeth A.",501,19097,College & Graduate Arts & Sci,3.91,10,1,6,3,0,0,0,0,0,0,0
2025 Fall,EGMT,1530,Engaging Differences,044514,"Kaelin,Kelly",116,13171,College & Graduate Arts & Sci,3.86,30,0,24,4,0,1,0,0,1,0,0
2025 Fall,ENWR,1510,Writing and Critical Inquiry,013432,"Goad,Rhiannon",039,11391,College & Graduate Arts & Sci,3.91,18,0,16,0,1,1,0,0,0,0,0
2025 Fall,BIOL,3450,Biodiversity and Conservation,003565,"Manson,Jessamyn",001,11466,College & Graduate Arts & Sci,3.44,97,1,23,31,14,15,10,1,1,0,1
2025 Fall,EGMT,1530,Engaging Differences,044514,"Morse,Robyn Marie",223,13186,College & Graduate Arts & Sci,3.54,27,0,15,5,2,1,2,0,1,0,1
2025 Fall,CHEM,1811,Principles Chem Structure Lab,006007,"Heyboer,Ethan",100,11206,College & Graduate Arts & Sci,3.88,105,59,38,1,4,0,1,0,0,0,2
2025 Fall,CHEM,2410,Organic Chemistry I,005698,"Serbulea,Laura L",600,11209,College & Graduate Arts & Sci,3.60,29,1,18,4,1,1,2,0,1,0,1
2025 Fall,GBAC,7201,Enterprise Strategy,015394,"Hou,Young",001,18018,McIntire Darden Grad Business,3.43,46,0,6,7,29,4,0,0,0,0,0
2025 Fall,SPAN,3300,Texts and Interpretation,035904,"Prados,Nieves Garcia",009,20444,College & Graduate Arts & Sci,3.69,19,1,13,2,0,0,1,1,0,1,0
2025 Fall,ARTS,2000,Intro to Studio Art,045397,"Villanueva,Maria",006,20447,College & Graduate Arts & Sci,4.00,14,3,11,0,0,0,0,0,0,0,0
2025 Fall,ENGL,2599,Special Topics,012514,"Ghaly,Adrienne",007,19684,College & Graduate Arts & Sci,3.88,16,0,12,2,2,0,0,0,0,0,0
2025 Fall,CS,3710,Intro to Cybersecurity,045511,"Orebaugh,Angela",002,15580,Engineering & Applied Science,3.82,145,1,102,33,1,3,0,0,2,0,3
2025 Fall,CHEM,1411,Intro College Chem I Lab,005986,"Morkowchuk,Lisa",033,10542,College & Graduate Arts & Sci,3.82,24,12,8,1,0,0,3,0,0,0,0
2025 Fall,ECON,3720,Introduction to Econometrics,007939,"Fisher,Jack",400,13949,College & Graduate Arts & Sci,3.55,65,2,22,21,8,4,3,1,4,0,0
2025 Fall,MATH,3351,Elementary Linear Algebra,023081,"Blackwell,Sarah",001,10251,College & Graduate Arts & Sci,3.62,35,10,10,6,4,2,0,1,1,0,1
2025 Fall,PHIL,1740,Issues of Life and Death,030031,"Stangl,Rebecca",100,13561,College & Graduate Arts & Sci,3.57,174,0,46,66,36,21,1,3,1,0,0
2025 Fall,APMA,3150,From Data to Knowledge,044104,"Chen,Heze",001,15172,Engineering & Applied Science,3.61,39,3,16,8,7,1,1,1,2,0,0
2025 Fall,NUCO,3110,Adult-Gero Nursing,043224,"Bragg,Sharon",001,17364,School of Nursing,3.96,92,1,83,7,0,0,1,0,0,0,0
2025 Fall,RELG,1000,Questions in the Study of Reli,046967,"Parker,Kai",002,19289,College & Graduate Arts & Sci,3.80,30,1,23,2,2,1,0,0,0,0,1
2025 Fall,SOC,3700,"Health, Illness and Inequality",043187,"Skubby,David",100,20422,College & Graduate Arts & Sci,3.58,34,2,13,6,6,5,1,0,1,0,0
2025 Fall,ARAB,1010,Elementary Arabic I,001279,"Humeidan,Bilal",002,10016,College & Graduate Arts & Sci,3.87,12,0,9,2,0,1,0,0,0,0,0
2025 Fall,MUSI,1410,Symphonic Listening,046169,"Rous,Benjamin",100,20450,College & Graduate Arts & Sci,3.92,43,4,32,5,1,0,1,0,0,0,0
2025 Fall,ITAL,1010,Elementary Italian I,020555,"Calamita,Francesca",005,12988,College & Graduate Arts & Sci,3.99,21,17,3,1,0,0,0,0,0,0,0
2025 Fall,NUIP,2311,Intro to Professional Practice,045254,"Sherwood,Paula",001,19234,School of Nursing,3.98,29,16,12,0,1,0,0,0,0,0,0
2025 Fall,BIOL,2100,IntroBio w/Lab:Cell & Genetics,003470,"Kittlesen,David",002,10034,College & Graduate Arts & Sci,3.02,349,35,48,61,34,39,45,19,22,17,29
2025 Fall,PSYC,2005,Rsch Methods & Data Analysis I,032539,"Clerkin,Elise",001,10373,College & Graduate Arts & Sci,3.74,187,2,116,30,19,7,7,5,1,0,0
2025 Fall,FREN,2010,Intermediate French I,014315,"Hall,Elizabeth B",006,13078,College & Graduate Arts & Sci,3.65,16,1,10,3,1,0,0,0,0,0,1
2025 Fall,EGMT,1520,Empirical Engagement,044513,"Samonina,Jelena",222,13168,College & Graduate Arts & Sci,3.97,35,25,6,4,0,0,0,0,0,0,0
2025 Fall,DRAM,1020,Speaking in Public,007178,"Close,Tovah",005,14323,College & Graduate Arts & Sci,3.84,16,0,10,4,2,0,0,0,0,0,0
2025 Fall,LPPP,2200,Introduction to Public Policy,042084,"Johannessen,Peter",100,14454,Batten Leadership & Public Pol,3.54,273,28,39,117,45,26,9,3,1,3,2
2025 Fall,CELL,8450,Effective Science Writing,042377,"Casanova,James",002,18433,Medical School - BIMS/PHS,3.95,49,17,27,3,2,0,0,0,0,0,0
2025 Fall,COMM,3110,Intermediate Accounting I,006461,"Backof,Ann",100,17867,McIntire School of Commerce,3.60,44,0,15,13,10,4,2,0,0,0,0
2025 Fall,NESC,4030,The Study of Neuroscience,048112,"Lewis,Gwendolyn",102,20471,College & Graduate Arts & Sci,3.47,10,0,2,4,3,0,0,0,1,0,0
2025 Fall,CHEM,2410,Organic Chemistry I,005698,"Frantz,Alicia",100,10040,College & Graduate Arts & Sci,3.02,158,0,40,20,23,20,17,8,12,5,13
2025 Fall,ENWR,1505,Writing & Critical Inquiry S1,013428,"Modica,John",008,12426,College & Graduate Arts & Sci,3.88,11,1,9,0,0,0,1,0,0,0,0
2025 Fall,AMST,4559,New Course: American Studies,038537,"Azua,Anneleise",003,19295,College & Graduate Arts & Sci,3.39,13,0,3,6,2,0,0,0,1,0,1
2025 Fall,CHEM,2311,Org Chem Lab I Non Chem Major,043154,"Chruma,Jason",013,11952,College & Graduate Arts & Sci,3.77,29,0,19,6,0,3,0,0,1,0,0
2025 Fall,MATH,4310,Introduction to Real Analysis,023135,"Ershov,Mikhail",001,11329,College & Graduate Arts & Sci,3.76,25,7,12,0,3,1,1,1,0,0,0
2025 Fall,MUSI,3390,Intro to Music & Computers,024809,"Reid,Leah",100,12723,College & Graduate Arts & Sci,3.73,18,0,11,3,1,2,1,0,0,0,0
2025 Fall,STAT,6120,Linear Models,041041,"Wang,Lingxiao",001,11415,College & Graduate Arts & Sci,3.59,21,4,6,4,4,1,0,1,1,0,0
2025 Fall,SPAN,2020,Advanced Intermediate Spanish,035854,"Florez-Murillo,David",009,13021,College & Graduate Arts & Sci,3.84,17,5,5,6,0,1,0,0,0,0,0
2025 Fall,SPAN,3300,Texts and Interpretation,035904,"Bonino,Nicole",004,13024,College & Graduate Arts & Sci,3.98,18,8,9,1,0,0,0,0,0,0,0
2025 Fall,CHE,4491,Chemical Engineering Lab II,005481,"Prpich,George",102,15169,Engineering & Applied Science,3.54,10,0,3,4,1,1,0,1,0,0,0
2025 Fall,GREE,5240,Language of Epic,045597,"George,Coulter",1,19248,College & Graduate Arts & Sci,3.76,8,2,1,4,1,0,0,0,0,0,0
2025 Fall,FREN,2010,Intermediate French I,014315,"Hall,Elizabeth B",001,10154,College & Graduate Arts & Sci,3.46,13,0,5,2,2,3,0,0,1,0,0
2025 Fall,ANTH,3450,Native American Languages,000752,"Mirzayan,Armik",001,13582,College & Graduate Arts & Sci,3.82,31,1,23,3,0,3,0,1,0,0,0
2025 Fall,CHEM,1500,Chemistry for Health Sciences,043753,"Serbulea,Vlad",001,11335,College & Graduate Arts & Sci,3.01,30,3,8,2,1,8,1,0,4,0,3
2025 Fall,CHEM,1411,Intro College Chem I Lab,005986,"Morkowchuk,Lisa",045,12110,College & Graduate Arts & Sci,3.89,23,9,10,2,1,0,1,0,0,0,0
2025 Fall,CHEM,1411,Intro College Chem I Lab,005986,"Morkowchuk,Lisa",026,10537,College & Graduate Arts & Sci,3.74,24,8,10,1,2,1,1,0,0,1,0
2025 Fall,STS,4500,STS and Engineering Practice,036749,"Francisco,Pedro",005,14972,Engineering & Applied Science,3.91,30,23,5,0,0,1,0,1,0,0,0
2025 Fall,LPPL,7025,Values-Based Leadership,042195,"Diaz,Carmen Marina",002,14489,Batten Leadership & Public Pol,3.69,36,0,2,32,2,0,0,0,0,0,0
2025 Fall,MUSI,3307,Play Guitar! Level 2,046568,"Rosensky,Michael",001,13793,College & Graduate Arts & Sci,3.84,12,0,9,2,0,0,1,0,0,0,0
2025 Fall,NUCO,4056,Introduction to Health Policy,045043,"Apple,Ashley Kathleen",001,19245,School of Nursing,3.86,49,24,14,5,3,2,1,0,0,0,0
2025 Fall,KOR,1010,Elementary Korean I,020864,"CHOI,YOON HWA",003,12959,College & Graduate Arts & Sci,3.51,12,2,4,2,0,3,0,0,0,1,0
2025 Fall,SWAH,2010,Intermediate Swahili I,036873,"Rotich,Anne",001,11424,College & Graduate Arts & Sci,3.44,10,1,5,1,0,0,1,0,2,0,0
2025 Fall,EGMT,1540,Ethical Engagement,044515,"Milov,Sarah Elizabeth",103,11475,College & Graduate Arts & Sci,3.60,35,1,13,14,1,3,1,1,0,0,1
2025 Fall,CHEM,1411,Intro College Chem I Lab,005986,"Morkowchuk,Lisa",048,12113,College & Graduate Arts & Sci,3.64,24,8,9,3,1,0,0,0,1,1,1
2025 Fall,EGMT,1520,Empirical Engagement,044513,"Caviness,Stephen Lewis",107,11524,College & Graduate Arts & Sci,3.90,30,0,25,1,4,0,0,0,0,0,0
2025 Fall,SYS,3021,Deterministic Decision Models,036902,"Riggs,Robert",001,14723,Engineering & Applied Science,3.81,97,0,71,14,5,3,0,2,1,1,0
2025 Fall,ENGL,2506,Studies in Poetry,012488,"Adams,Hodges",003,19663,College & Graduate Arts & Sci,3.66,20,0,11,5,0,1,2,1,0,0,0
2025 Fall,ECE,6782,Mach Learning - Image Analysis,007728,"Zhang,Miaomiao",001,15941,Engineering & Applied Science,3.85,13,1,7,4,1,0,0,0,0,0,0
2025 Fall,APMA,3080,Linear Algebra,001151,"Fernando,Nethali",004,15128,Engineering & Applied Science,2.77,35,0,6,5,4,4,4,2,3,2,5
2025 Fall,EGMT,1540,Ethical Engagement,044515,"McGrady,Deborah Lynn",203,11527,College & Graduate Arts & Sci,3.83,35,0,23,11,0,0,0,0,0,0,1
2025 Fall,SPAN,3000,The Sounds of Spanish,035892,"Rini,Joel",001,19376,College & Graduate Arts & Sci,3.98,18,11,6,1,0,0,0,0,0,0,0
2025 Fall,STS,4500,STS and Engineering Practice,036749,"Seabrook,Bryn",016,15407,Engineering & Applied Science,3.82,33,0,21,8,2,2,0,0,0,0,0
2025 Fall,EDIS,5025,"Curric, Instruct & Assessment",044060,"Allen,Amanda",500,16977,School of Education and HumanDev,3.64,22,0,15,2,1,1,2,0,0,0,1
2025 Fall,EDIS,5041,Behav & Classroom Management,009428,"Kunemund,Rachel",500,16980,School of Education and HumanDev,3.71,23,9,10,1,1,0,0,1,0,0,1
2025 Fall,ANTH,3430,"Pidgins, Creoles, and Contact",047972,"Wendte,Nathan",001,20036,College & Graduate Arts & Sci,3.83,21,0,13,6,1,1,0,0,0,0,0
2025 Fall,LPPS,7250,Lead & Nat'l Sec Challenges,047296,"Moy,Daniel",001,14564,Batten Leadership & Public Pol,3.70,18,0,5,10,2,1,0,0,0,0,0
2025 Fall,GCOM,7030,Financial Accounting,038176,"Koch,Adam S",002,17891,McIntire School of Commerce,3.46,69,2,20,10,12,21,4,0,0,0,0
2025 Fall,ENGL,2506,Studies in Poetry,012488,"Ramazani,Jahan",001,19651,College & Graduate Arts & Sci,3.43,18,0,6,3,3,4,1,0,1,0,0
2025 Fall,PLCP,4840,Gender Politics in Africa,038276,"Walsh,Denise",001,20069,College & Graduate Arts & Sci,3.76,15,0,8,4,2,1,0,0,0,0,0
2025 Fall,ECON,8310,Public Economics I,008061,"Lockwood,Lee",100,13000,College & Graduate Arts & Sci,3.87,10,0,7,2,1,0,0,0,0,0,0
2025 Fall,ECON,3010,Intermediate Microeconomics,007908,"Troyan,Peter",400,14110,College & Graduate Arts & Sci,3.14,87,8,17,11,17,8,7,6,6,2,5
2025 Fall,RUSS,1010,First-Year Russian I,034614,"Borovskaya-Ellis,Anna",002,10388,College & Graduate Arts & Sci,3.73,12,0,9,1,0,0,1,1,0,0,0
2025 Fall,LAW,7034,Food and Drug Law,021663,"Riley,Margaret F",1,20734,School of Law,3.48,26,0,2,8,16,0,0,0,0,0,0
2025 Fall,APMA,3080,Linear Algebra,001151,"Spencer,Julie",003,14673,Engineering & Applied Science,3.18,36,3,7,7,2,5,5,1,5,0,1
2025 Fall,DRAM,1020,Speaking in Public,007178,"Close,Tovah",003,11723,College & Graduate Arts & Sci,3.76,16,0,10,4,1,0,0,0,1,0,0
2025 Fall,ASTR,2110,Intro to Astrophysics I,003064,"Mohamed,Shazrene",100,10031,College & Graduate Arts & Sci,3.47,22,3,5,5,4,3,1,0,0,0,1
2025 Fall,SYS,4050,Risk Analysis,045929,"Lambert,James",001,15604,Engineering & Applied Science,3.65,48,2,25,12,2,4,0,0,2,0,1
2025 Fall,EDIS,4120,Char of Ind w/Intellectual Dis,044944,"Wallace,Olivia Layne",500,16974,School of Education and HumanDev,3.97,29,22,6,0,0,1,0,0,0,0,0
2025 Fall,SPAN,2020,Advanced Intermediate Spanish,035854,"Florez-Murillo,David",007,10554,College & Graduate Arts & Sci,3.78,17,3,5,8,0,0,1,0,0,0,0
2025 Fall,WGS,4500,"Topic in Wmn, Gndr & Sexuality",043888,"Hagerman,Bonnie",001,12726,College & Graduate Arts & Sci,3.58,18,0,3,9,4,2,0,0,0,0,0
2025 Fall,COMM,3020,Behavior Issues in Mktg & Mgmt,006454,"Foutz,Ying Natasha Zhang",800,17850,McIntire School of Commerce,3.52,50,0,12,15,13,8,2,0,0,0,0
2025 Fall,CHEM,1411,Intro College Chem I Lab,005986,"Morkowchuk,Lisa",020,10531,College & Graduate Arts & Sci,3.72,24,10,6,5,0,0,1,1,0,1,0
2025 Fall,ENGL,2599,Special Topics,012514,"Cotti-Lowell,Alison",003,19660,College & Graduate Arts & Sci,3.36,19,1,5,7,1,0,1,0,4,0,0
2025 Fall,MATH,2310,Calculus III,023024,"James,Daniel",100,10242,College & Graduate Arts & Sci,3.69,40,15,8,6,5,3,2,1,0,0,0
2025 Fall,BIOL,1040,The DNA Revolution,043971,"Taylor,Douglas",001,12161,College & Graduate Arts & Sci,3.58,326,20,164,36,35,30,17,10,9,0,5
2025 Fall,CS,6501,Spec Top: Computer Science,006981,"Cai,Qizhe",003,16173,Engineering & Applied Science,4.00,18,4,14,0,0,0,0,0,0,0,0
2025 Fall,APMA,1090,Single Variable Calculus I,001138,"Ma,Hui",003,15651,Engineering & Applied Science,3.18,33,15,3,2,1,1,2,3,2,1,3
2025 Fall,ENWR,1510,Writing and Critical Inquiry,013432,...,043,12104,College & Graduate Arts & Sci,3.73,11,6,2,1,0,1,0,1,0,0,0
2025 Fall,HHE,5701,Bioethics Intern - Clin Ethics,045665,"Marshall,Mary Faith",001,20456,Medical School - BIMS/PHS,3.98,13,1,11,1,0,0,0,0,0,0,0
2025 Fall,CHEM,1411,Intro College Chem I Lab,005986,"Morkowchuk,Lisa",060,12125,College & Graduate Arts & Sci,3.77,23,8,7,4,0,4,0,0,0,0,0
2025 Fall,EGMT,1520,Empirical Engagement,044513,"Morse,Jennifer Leigh",219,13165,College & Graduate Arts & Sci,3.83,35,14,13,7,0,0,0,0,0,0,1
2025 Fall,APMA,1110,Single Variable Calculus II,001140,"McMillan,Matthew",002,14663,Engineering & Applied Science,3.27,45,3,13,10,6,5,3,0,0,2,3
2025 Fall,PHS,7010,Fundamentals of Epidemiology,030365,"Eby,Jean",001,18310,Medical School - BIMS/PHS,3.96,45,0,39,6,0,0,0,0,0,0,0
2025 Fall,EVSC,5559,New Course: EVSC,039170,"Mooney,Chris",001,20686,College & Graduate Arts & Sci,3.69,7,0,1,5,1,0,0,0,0,0,0
2025 Fall,MAE,2040,Computer Aided Design,046331,"Dart,Dwight",001,15657,Engineering & Applied Science,3.86,139,58,60,9,3,5,0,1,0,1,2
2025 Fall,ARTH,3591,Art History Colloquium,042072,"Getsy,David",001,12224,College & Graduate Arts & Sci,3.93,13,2,8,3,0,0,0,0,0,0,0
2025 Fall,MATH,2315,Adv Calculus and Lin Alg I,023415,"Hayes,Benjamin",100,11212,College & Graduate Arts & Sci,3.34,13,2,1,2,1,6,1,0,0,0,0
2025 Fall,APMA,2120,Multivariable Calculus,001144,"Mahmood,Asif",003,15057,Engineering & Applied Science,3.28,50,4,15,7,6,5,5,4,0,1,3
2025 Fall,ECON,2060,American Economic History,007880,"Thomas,Mark",001,11092,College & Graduate Arts & Sci,2.90,84,0,4,12,13,21,13,13,3,2,3
2025 Fall,ENWR,3900,Career-Based Writing/Rhetoric,040841,"Casteen,John",001,11481,College & Graduate Arts & Sci,3.70,15,1,3,8,3,0,0,0,0,0,0
2025 Fall,APMA,2130,Ordinary Differentl Equations,001145,"Chen,Heze",001,14669,Engineering & Applied Science,2.90,46,0,4,7,5,15,6,3,1,2,3
2025 Fall,RUSS,2010,Second-Year Russian I,034637,"Stuart,Madelyn",002,13811,College & Graduate Arts & Sci,3.10,10,0,3,1,1,2,0,0,3,0,0
2025 Fall,ENGL,5510,Seminar in Medieval Literature,047469,"Fowler,Elizabeth",001,19654,College & Graduate Arts & Sci,3.92,15,0,11,4,0,0,0,0,0,0,0
2025 Fall,ENWR,1510,Writing and Critical Inquiry,013432,...,063,11940,College & Graduate Arts & Sci,3.72,18,0,10,2,5,1,0,0,0,0,0
2025 Fall,ENGL,2592,Women in Literature,012512,"Hurley,Alison",001,19669,College & Graduate Arts & Sci,3.78,19,0,8,9,2,0,0,0,0,0,0
2025 Fall,SPAN,2010,Intermediate Spanish,035853,"Badang,Germain",001,10412,College & Graduate Arts & Sci,3.55,16,0,2,8,4,2,0,0,0,0,0
2025 Fall,APMA,3100,Probability,001152,"Ma,Hui",002,14674,Engineering & Applied Science,2.57,38,1,8,2,4,6,1,2,2,5,7
2025 Fall,NUCO,4420,Professional Nursing,042017,"Toll,Crystal",002,17457,School of Nursing,3.79,13,5,5,0,1,2,0,0,0,0,0
2025 Fall,MDST,3510,Topics in Media Research,045771,"Williams,Bruce",001,14027,College & Graduate Arts & Sci,3.87,23,0,14,8,1,0,0,0,0,0,0
2025 Fall,BIOL,4045,Neurodegenerative Diseases,046686,"Bloom,George",001,13054,College & Graduate Arts & Sci,3.77,31,0,17,9,4,0,0,1,0,0,0
2025 Fall,SYS,6050,Risk Analysis,036967,"Lambert,James",600,15834,Engineering & Applied Science,3.79,15,2,5,7,0,1,0,0,0,0,0
2025 Fall,EDHS,4020,Clinical Phonetics,044114,"Hoffman,LaVae",001,16706,School of Education and HumanDev,3.44,49,1,16,12,4,10,3,0,1,1,1
2025 Fall,JAPN,1010,First-Year Japanese I,020740,"Marshall,Tomoko",001,12340,College & Graduate Arts & Sci,3.35,14,0,4,2,3,3,0,2,0,0,0
2025 Fall,PLIR,7010,Core Intl Political Economy,047310,"Pandya,Sonal",001,14009,College & Graduate Arts & Sci,3.77,7,0,3,3,1,0,0,0,0,0,0
2025 Fall,ENWR,1510,Writing and Critical Inquiry,013432,"Natishan,Kate",046,11457,College & Graduate Arts & Sci,3.97,18,13,3,2,0,0,0,0,0,0,0
2025 Fall,MATH,4140,Math of Derivative Securities,023122,"Gromoll,Christian",001,11377,College & Graduate Arts & Sci,3.01,16,1,1,2,5,1,2,2,1,0,1
2025 Fall,ANTH,5252,Engaged Anthropology,048026,"Rosado-Ramirez,Roberto",001,20419,College & Graduate Arts & Sci,3.56,9,7,0,0,1,0,0,0,0,0,1
2025 Fall,GCOM,7350,Auditing and Data Analytics,015402,"Backof,Ann",001,17951,McIntire School of Commerce,3.63,21,0,6,10,2,2,1,0,0,0,0
2025 Fall,EVSC,4122,Coastal Ecology Seminar,039765,"Mcglathery,Karen",001,19693,College & Graduate Arts & Sci,3.84,21,0,10,11,0,0,0,0,0,0,0
2025 Fall,EGMT,1530,Engaging Differences,044514,"O'Rourke,Eyleen J",204,11530,College & Graduate Arts & Sci,3.98,29,10,18,0,1,0,0,0,0,0,0
2025 Fall,ARCH,5500,Special Topics in Architecture,001621,"Cobas Sosa,Martin",003,20192,School of Architecture,3.90,9,4,2,3,0,0,0,0,0,0,0
2025 Fall,HIST,5706,Race and Slavery UVA N Grounds,047143,"Dierksheide,Christa",001,14098,College & Graduate Arts & Sci,3.57,7,0,1,3,3,0,0,0,0,0,0
2025 Fall,FREN,2010,Intermediate French I,014315,"Simotas,Spyridon",003,10151,College & Graduate Arts & Sci,3.79,16,0,7,8,0,1,0,0,0,0,0
2025 Fall,STAT,3110,Foundations of Statistics,044444,"Weinstock,Justin",001,11821,College & Graduate Arts & Sci,3.48,44,6,11,11,7,5,1,0,1,2,0
2025 Fall,EGMT,1510,Engaging Aesthetics,044512,"Halvorson-Taylor,Martien A",203,13198,College & Graduate Arts & Sci,3.64,33,0,19,9,2,1,0,0,0,0,2
2025 Fall,CHEM,2311,Org Chem Lab I Non Chem Major,043154,"Chruma,Jason",016,11955,College & Graduate Arts & Sci,3.85,36,3,23,8,0,1,0,0,1,0,0
2025 Fall,MDST,4510,Capstone Topics,045773,"Rao,Pallavi",004,12956,College & Graduate Arts & Sci,3.86,20,0,14,4,1,1,0,0,0,0,0
2025 Fall,ENGL,3570,Studies in American Literature,011360,"Janney,Caroline",001,19642,College & Graduate Arts & Sci,3.80,18,0,10,5,3,0,0,0,0,0,0
2025 Fall,ENGL,5100,Introduction to Old English,012690,"Hopkins,Stephen",001,19645,College & Graduate Arts & Sci,3.82,18,0,13,2,1,2,0,0,0,0,0
2025 Fall,LAR,8111,Eros and Arcadia,048045,"Lee,Michael",001,20165,School of Architecture,3.47,7,0,1,2,3,1,0,0,0,0,0
2025 Fall,EGMT,1520,Empirical Engagement,044513,"Ribic,Adema",205,12574,College & Graduate Arts & Sci,3.92,35,0,33,0,1,0,0,0,1,0,0
2025 Fall,PLAP,7000,American Politics Core Seminar,031625,"Rivero,Albert",001,11949,College & Graduate Arts & Sci,3.86,7,0,5,1,1,0,0,0,0,0,0
2025 Fall,CHEM,1411,Intro College Chem I Lab,005986,"Morkowchuk,Lisa",022,10534,College & Graduate Arts & Sci,3.89,24,13,8,1,0,1,1,0,0,0,0
2025 Fall,ARH,5613,Gaudi's Legacy,044590,"Bailo Esteve,Manuel",501,20042,School of Architecture,3.67,12,3,4,2,1,1,0,1,0,0,0
2025 Fall,DS,7700,Value II: Data and Society,047109,"Hicks,Mar",001,14415,School of Data Science,3.64,17,3,4,2,8,0,0,0,0,0,0
2025 Fall,ENGL,5559,New Course: ENGL,045439,"Kinney,James",001,19687,College & Graduate Arts & Sci,3.90,9,0,6,3,0,0,0,0,0,0,0
2025 Fall,CHEM,1411,Intro College Chem I Lab,005986,"Morkowchuk,Lisa",066,12131,College & Graduate Arts & Sci,3.91,24,14,6,3,0,0,1,0,0,0,0
2025 Fall,CLAS,2300,Ancient Rome at the Movies,045902,"Hays,Bradford",001,19242,College & Graduate Arts & Sci,3.46,28,0,12,5,2,5,1,0,3,0,0
2025 Fall,CS,4501,Spec Top: Computer Science,006942,"Zhang,Miaomiao",007,20362,Engineering & Applied Science,3.64,15,2,8,1,2,0,0,1,1,0,0
2025 Fall,MAE,2320,Dynamics,022576,"Chang,Qing",001,15633,Engineering & Applied Science,3.65,21,1,12,3,3,0,0,0,1,1,0
2025 Fall,ANTH,2415,Language in Human Evolution,044567,"Sicoli,Mark",100,19379,College & Graduate Arts & Sci,3.93,59,18,35,3,0,3,0,0,0,0,0
2025 Fall,CS,3130,Computer Systems and Org 2,046230,"Graham,Daniel",001,15909,Engineering & Applied Science,3.26,161,11,25,43,20,29,12,2,9,7,3
2025 Fall,MATH,1310,Calculus I,022953,"James,Daniel",600,10227,College & Graduate Arts & Sci,2.70,27,2,9,2,1,1,0,4,2,0,6
2025 Fall,EAST,1200,East Asian Calligraphy,046736,"Chen,Shu-Chen",001,12815,College & Graduate Arts & Sci,3.97,20,5,13,2,0,0,0,0,0,0,0
2025 Fall,WGS,7500,Topics in Gender and Sexuality,044869,"King,Tiffany",001,12203,College & Graduate Arts & Sci,3.93,8,4,2,2,0,0,0,0,0,0,0
2025 Fall,DRAM,2020,Acting I,007200,"Garey,Cady",005,12170,College & Graduate Arts & Sci,3.91,14,0,10,4,0,0,0,0,0,0,0
2025 Fall,PLIR,2050,Intro to Political Economy,031800,"Pandya,Sonal",100,13705,College & Graduate Arts & Sci,3.52,114,0,30,33,33,13,2,1,2,0,0
2025 Fall,ASL,3400,Deafness in Literature & Film,045137,"Krentz,Christopher",001,19393,College & Graduate Arts & Sci,2.99,16,0,2,2,4,4,0,1,1,1,1
2025 Fall,EGMT,1520,Empirical Engagement,044513,"Armengol,Roberto Ignacio",120,19402,College & Graduate Arts & Sci,3.86,27,2,14,10,1,0,0,0,0,0,0
2025 Fall,COMM,3220,Data Mgmt for Decision Making,006500,"Gong,Jing",001,17897,McIntire School of Commerce,3.72,40,0,11,24,4,0,1,0,0,0,0
2025 Fall,PHYS,2010,Principles of Physics 1,030809,"Sundararajan,Jency",003,12411,College & Graduate Arts & Sci,3.27,123,8,22,35,11,18,9,9,5,3,3
2025 Fall,ECE,6714,Probabilistic Machine Learning,007713,"Hassanzadeh,Farzad",001,20408,Engineering & Applied Science,3.74,16,0,9,4,1,1,1,0,0,0,0
2025 Fall,STAT,3220,Intro to Regression Analysis,040001,"Varanyak,Krista",001,11394,College & Graduate Arts & Sci,3.66,56,9,18,15,6,5,0,2,1,0,0
2025 Fall,MUSI,1310,Basic Musical Skills,024703,"Rous,Benjamin Wood",002,13015,College & Graduate Arts & Sci,3.67,41,1,19,10,4,5,2,0,0,0,0
2025 Fall,HIEU,5041,Comp Imp & Decol,048046,"Linstrum,Erik",001,20213,College & Graduate Arts & Sci,3.68,13,0,3,7,3,0,0,0,0,0,0
2025 Fall,MATH,3250,Ordinary Differential Equatns,023068,"Shapiro,Brandon",100,10245,College & Graduate Arts & Sci,3.42,35,3,13,6,4,3,1,2,1,0,2
2025 Fall,AAS,2500,Topics in Africana Studies,046413,"Claytor,Kache",002,12773,College & Graduate Arts & Sci,3.90,16,9,5,1,0,0,1,0,0,0,0
2025 Fall,PHYS,5310,Optics,030890,"Sackett,Cass",001,12384,College & Graduate Arts & Sci,3.01,11,1,2,1,0,3,1,1,0,2,0
2025 Fall,ITAL,2010,Intermediate Italian I,020567,"Mattioli,Stella",003,11788,College & Graduate Arts & Sci,3.99,20,4,15,1,0,0,0,0,0,0,0
2025 Fall,ENWR,2520,Special Topics in Writing,013448,"Stephenson,Kate",007,20436,College & Graduate Arts & Sci,4.00,16,13,3,0,0,0,0,0,0,0,0
2025 Fall,EVSC,3600,Physical Hydrology,013915,"Reidenbach,Matthew",001,10136,College & Graduate Arts & Sci,3.54,40,1,10,12,10,5,1,1,0,0,0
2025 Fall,LPPS,7050,Elements of Statecraft,042086,"Robinson,John",001,14495,Batten Leadership & Public Pol,3.54,22,0,3,10,6,3,0,0,0,0,0
2025 Fall,ARTH,4591,Seminar in the History of Art,002569,"Vargas Rodriguez,Rolando",002,12393,College & Graduate Arts & Sci,3.49,11,3,4,2,0,1,0,0,0,0,1
2025 Fall,ASTR,1210,Intro Sky and Solar System,003045,"Pryal,Matthew",002,12408,College & Graduate Arts & Sci,3.62,82,1,32,29,8,7,2,2,0,0,1
2025 Fall,CHEM,1411,Intro College Chem I Lab,005986,"Morkowchuk,Lisa",028,10539,College & Graduate Arts & Sci,3.28,24,3,4,8,0,1,4,0,2,2,0
2025 Fall,MDST,3230,Basic Multimedia Reporting,044566,"Sweeney,Kate",001,12839,College & Graduate Arts & Sci,3.61,16,0,12,1,0,2,0,0,0,0,1
2025 Fall,ENWR,1510,Writing and Critical Inquiry,013432,...,067,12821,College & Graduate Arts & Sci,3.85,18,0,15,0,1,2,0,0,0,0,0
2025 Fall,APMA,2120,Multivariable Calculus,001144,"Mahmood,Asif",001,14666,Engineering & Applied Science,3.39,50,3,18,9,7,5,2,3,0,1,2
2025 Fall,CHEM,1411,Intro College Chem I Lab,005986,"Morkowchuk,Lisa",072,12137,College & Graduate Arts & Sci,3.75,23,8,4,9,0,0,1,1,0,0,0
2025 Fall,CHEM,5460,Chemical Biology,047202,"Hassan,Muhammad Murtaza",001,19091,College & Graduate Arts & Sci,3.77,22,10,4,5,0,1,2,0,0,0,0
2025 Fall,ARCH,6011,Design Methods I,048033,"Schumann,Kyle",001,20152,School of Architecture,3.62,24,4,7,5,3,3,2,0,0,0,0
2025 Fall,ANTH,2620,"Sex, Gender and Culture",000767,"Benitez,Ernesto",100,19390,College & Graduate Arts & Sci,3.91,33,17,12,0,3,1,0,0,0,0,0
2025 Fall,DRAM,2020,Acting I,007200,"Lowinski,Cortney",002,11499,College & Graduate Arts & Sci,3.79,14,0,8,3,3,0,0,0,0,0,0
2025 Fall,PHS,7051,"Policy Dev, Analysis& Advocacy",045006,"Balkrishnan,Rajesh",001,18316,Medical School - BIMS/PHS,3.91,10,1,6,3,0,0,0,0,0,0,0
2025 Fall,EGMT,1530,Engaging Differences,044514,"Jacobs,Andrew Steven",119,13174,College & Graduate Arts & Sci,4.00,30,6,24,0,0,0,0,0,0,0,0
2025 Fall,CS,1111,Introduction to Programming,007055,"Apostolellis,Panagiotis",001,15146,Engineering & Applied Science,3.56,77,0,45,11,9,3,1,2,2,2,2
2025 Fall,RUSS,3010,Third-Year Russian I,034652,"Borovskaya-Ellis,Anna",001,11666,College & Graduate Arts & Sci,3.71,14,0,10,1,1,1,0,0,1,0,0
2025 Fall,EDIS,7072,Performance Improvement,043408,"Wheelock,Matthew",500,16995,School of Education and HumanDev,3.93,16,4,8,4,0,0,0,0,0,0,0
2025 Fall,EDLF,3200,Exam Effects Social Innovat,042962,"Palacios,Natalia",001,19994,School of Education and HumanDev,3.83,25,0,17,5,2,0,1,0,0,0,0
2025 Fall,COMM,1800,Foundations of Commerce,006438,"Costanza,David",004,17972,McIntire School of Commerce,3.47,163,1,51,42,31,19,8,5,3,2,1
2025 Fall,ENGR,2595,Special Topics in Engineering,038375,"Agnew,Sean",003,20072,Engineering & Applied Science,3.56,14,4,3,0,4,2,1,0,0,0,0
2025 Fall,APMA,3140,App Partial Differentl Equatns,001155,"Morris,Diana",002,15598,Engineering & Applied Science,2.99,45,1,10,6,5,5,6,4,3,1,4
2025 Fall,PHYS,1429,Intro Physics 1 Workshop,031036,"Bychkov,Maksim",004,11200,College & Graduate Arts & Sci,3.85,24,0,19,2,1,1,1,0,0,0,0
2025 Fall,ENGL,3560,Studies in Mod & Contemp Lit,039235,"Martens,Lorna",004,20293,College & Graduate Arts & Sci,3.81,10,0,5,4,1,0,0,0,0,0,0
2025 Fall,EGMT,1510,Engaging Aesthetics,044512,"Vilaplana Stark,Matias Andres",222,13213,College & Graduate Arts & Sci,3.98,30,2,27,0,1,0,0,0,0,0,0
2025 Fall,EGMT,1530,Engaging Differences,044514,"Hedstrom,Matthew Sigurd",207,13660,College & Graduate Arts & Sci,3.89,30,0,24,4,0,2,0,0,0,0,0
2025 Fall,EVSC,3201,Fundamentals of Ecology Lab,014094,"Epstein,Howard",003,10133,College & Graduate Arts & Sci,3.75,11,0,7,0,4,0,0,0,0,0,0
2025 Fall,EGMT,1520,Empirical Engagement,044513,"Wrigley,Claire Patricia",209,12577,College & Graduate Arts & Sci,3.96,35,0,33,1,0,1,0,0,0,0,0
2025 Fall,EGMT,1540,Ethical Engagement,044515,"Braun,Erik",210,12598,College & Graduate Arts & Sci,3.96,35,0,33,1,0,1,0,0,0,0,0
2025 Fall,CHEM,1411,Intro College Chem I Lab,005986,"Morkowchuk,Lisa",057,12122,College & Graduate Arts & Sci,3.71,20,7,6,4,0,1,1,0,0,1,0
2025 Fall,LAW,8017,Securities Regultn (Law & Bus),021956,"Curtis,Quinn",1,18963,School of Law,3.51,29,0,5,11,10,2,0,0,1,0,0
2025 Fall,LPPA,6150,Res Methods & Data Analysis I,032141,"Hudson,Sally",200,14448,Batten Leadership & Public Pol,3.00,60,0,11,9,7,13,8,3,3,2,4
2025 Fall,ARCH,7010,Foundation Studio III,001680,"Rafailov,Sasson",004,17655,School of Architecture,3.49,11,0,2,4,2,3,0,0,0,0,0
2025 Fall,EGMT,1510,Engaging Aesthetics,044512,"Smith,Wendy Ligon",214,13207,College & Graduate Arts & Sci,3.99,31,13,17,1,0,0,0,0,0,0,0
2025 Fall,ASL,1010,Elem Amer Sign Language I,002999,"Propp,Gregory",001,19408,College & Graduate Arts & Sci,3.45,17,0,3,5,5,3,1,0,0,0,0
2025 Fall,ASL,1010,Elem Amer Sign Language I,002999,"Slusser,Miranda",004,19411,College & Graduate Arts & Sci,3.44,19,1,6,4,2,3,1,1,1,0,0
2025 Fall,AIRS,1100,Air Force Heritage & Values I,000289,"Bibb,Kevin",001,14591,Executive VP & Provost,3.46,10,3,2,1,3,0,0,0,0,0,1
2025 Fall,CHEM,5130,Heterocyclic Chemistry,047297,"Tepe,Jetze",001,13895,College & Graduate Arts & Sci,3.71,19,6,6,2,2,1,2,0,0,0,0
2025 Fall,LAW,7030,Family Law,021650,"Cahn,Naomi Renee",1,18954,School of Law,3.46,30,0,1,13,12,4,0,0,0,0,0
2025 Fall,EDLF,5160,Life Span Development,043142,"Smith,Raymond",501,21312,School of Education and HumanDev,3.54,18,0,12,1,1,2,1,0,0,0,1
2025 Fall,COMM,3010,Strategy and Systems,006453,"Lashley,Kisha",008,17841,McIntire School of Commerce,3.49,50,0,7,19,16,6,2,0,0,0,0
2025 Fall,RUTR,2460,Russian Culture,034780,"Stuart,Madelyn",001,11996,College & Graduate Arts & Sci,3.94,28,0,22,6,0,0,0,0,0,0,0
2025 Fall,EGMT,1510,Engaging Aesthetics,044512,"Tite,Philip",220,13651,College & Graduate Arts & Sci,3.85,32,20,10,0,1,0,0,0,0,0,1
2025 Fall,GCOM,7656,Global Financial Management,048186,"Murphy,Laurence Patrick",001,21268,McIntire School of Commerce,3.51,27,0,6,6,12,3,0,0,0,0,0
2025 Fall,LAR,7110,Theorizing Landscape Arch,020917,"Davis,Brian",001,17649,School of Architecture,3.35,15,0,2,3,6,2,2,0,0,0,0
2025 Fall,WGS,2100,Gender and Sexuality Studies,036786,"Hagerman,Bonnie",100,12429,College & Graduate Arts & Sci,3.52,104,23,41,13,4,10,2,0,4,0,7
2025 Fall,EDIS,5015,Social & Emotional Learning,045888,"Gerics,Joseph",500,17016,School of Education and HumanDev,3.79,13,0,10,0,1,2,0,0,0,0,0
2025 Fall,FREN,2010,Intermediate French I,014315,"Hall,Elizabeth B",005,12851,College & Graduate Arts & Sci,3.82,16,0,10,4,1,1,0,0,0,0,0
2025 Fall,COMM,3020,Behavior Issues in Mktg & Mgmt,006454,"Davis,Derick Francis",500,17852,McIntire School of Commerce,3.57,49,1,8,21,16,1,2,0,0,0,0
2025 Fall,GSGS,2000,Intro to Global Studies,047288,"Farmer,Tessa",001,13886,College & Graduate Arts & Sci,3.66,196,11,76,62,23,10,8,4,2,0,0
2025 Fall,GSGS,3350,Dot Orgs,047291,"Phillips,Spencer",001,13889,College & Graduate Arts & Sci,3.97,19,0,17,2,0,0,0,0,0,0,0
2025 Fall,LPPP,5540,Applied Policy Clinics,044651,"Lehmann,Brooke",001,14555,Batten Leadership & Public Pol,3.71,7,4,0,1,1,1,0,0,0,0,0
2025 Fall,CHEM,2311,Org Chem Lab I Non Chem Major,043154,"Chruma,Jason",010,11631,College & Graduate Arts & Sci,3.59,28,1,13,7,2,2,1,1,0,0,1
2025 Fall,ENWR,1510,Writing and Critical Inquiry,013432,...,003,11637,College & Graduate Arts & Sci,3.52,17,3,4,4,2,1,2,0,1,0,0
2025 Fall,HIUS,2061,American Economic History,019531,"Thomas,Mark",001,11642,College & Graduate Arts & Sci,3.03,53,0,3,11,14,5,8,6,4,2,0
2025 Fall,PHYS,3310,Statistical Physics,030862,"Pesin,Dmytro",001,10340,College & Graduate Arts & Sci,3.19,57,3,5,12,9,13,9,4,1,0,1
2025 Fall,PHYS,8630,Introduction to Field Theory,030958,"Arnold,Peter",001,10349,College & Graduate Arts & Sci,3.37,22,4,2,5,1,7,2,0,1,0,0
2025 Fall,ENGL,2560,Contemporary Literature,012508,"Modica,John",001,20180,College & Graduate Arts & Sci,4.00,17,6,11,0,0,0,0,0,0,0,0
2025 Fall,GCOM,7649,Global Strategy and Management,048185,"Costanza,David Peter",001,21263,McIntire School of Commerce,3.44,25,0,8,5,4,6,1,0,0,1,0
2025 Fall,ANTH,2450,Language & Environment,047167,"Wendte,Nathan",100,19385,College & Graduate Arts & Sci,3.85,60,0,46,8,3,1,0,2,0,0,0
2025 Fall,GNUR,8410,Grant Writing,017085,"Alhusen,Jeanne",001,17367,School of Nursing,3.85,6,0,3,3,0,0,0,0,0,0,0
2025 Fall,EDLF,5040,Education and Neuroscience,046604,"Evans,Tanya",001,19997,School of Education and HumanDev,3.97,69,22,41,5,1,0,0,0,0,0,0
2025 Fall,CS,6354,Computer Architecture,006983,"Venkat,Ashish",001,15995,Engineering & Applied Science,3.84,26,1,17,6,0,1,1,0,0,0,0
2025 Fall,GREE,1010,Elementary Greek,017175,"Dillery,John",100,10177,College & Graduate Arts & Sci,2.94,11,2,2,1,2,1,0,0,1,0,2
2025 Fall,EGMT,1520,Empirical Engagement,044513,"Singerman,David",212,12580,College & Graduate Arts & Sci,4.00,36,30,6,0,0,0,0,0,0,0,0
2025 Fall,PLAC,5240,Collaborative Planning,031134,"Dukes,E Franklin",001,20281,School of Architecture,3.91,17,3,10,3,1,0,0,0,0,0,0
2025 Fall,ECON,3110,Mathematical Microeconomics,007918,"Engers,Maxim",100,12568,College & Graduate Arts & Sci,3.48,21,0,6,7,1,3,4,0,0,0,0
2025 Fall,GSGS,2100,Intro to Islamic Worlds,048002,"Syed,Amir",001,20257,College & Graduate Arts & Sci,3.93,24,5,13,6,0,0,0,0,0,0,0
2025 Fall,EVSC,4452,Global Climate Variability Sem,044119,"Grise,Kevin",001,19070,College & Graduate Arts & Sci,3.98,19,3,15,1,0,0,0,0,0,0,0
2025 Fall,BIOL,3410,Human Anatomy and Physiology I,043173,"Massey,Ann",100,11248,College & Graduate Arts & Sci,3.44,357,29,123,54,50,45,18,14,11,8,5
2025 Fall,LPPS,5330,Education and Conflict,046708,"Mohamed,Naseemah",001,14522,Batten Leadership & Public Pol,3.44,7,0,0,4,1,2,0,0,0,0,0
2025 Fall,STAT,2020,Statistics for Biologists,039999,"Ferrara,Maria",002,11260,College & Graduate Arts & Sci,3.53,118,8,38,31,12,16,8,1,2,0,2
2025 Fall,PLAP,4500,Special Topics,031588,"Mackey,Amber",001,11182,College & Graduate Arts & Sci,3.86,17,4,9,2,1,1,0,0,0,0,0
2025 Fall,GCOM,7652,Tech&Analytics in Glbl Orgs,044191,"Schuff,David Michael",001,21265,McIntire School of Commerce,3.59,25,0,4,12,8,1,0,0,0,0,0
2025 Fall,MAE,3420,Computational Methods in MAE,022586,"Cui,Chen",001,15261,Engineering & Applied Science,3.73,59,23,16,13,1,2,1,1,0,1,1
2025 Fall,ARTS,2712,Intro Oil-Based Paint,002882,"Rock,Neal",001,10025,College & Graduate Arts & Sci,3.78,14,1,6,6,0,0,1,0,0,0,0
2025 Fall,ENGR,1010,Engineering Foundations 1,046987,"Serrano,David Gutierrez",013,15974,Engineering & Applied Science,3.94,39,0,35,1,3,0,0,0,0,0,0
2025 Fall,ENWR,2800,Public Speaking,045101,"Little,Dana",001,13711,College & Graduate Arts & Sci,4.00,16,2,14,0,0,0,0,0,0,0,0
2025 Fall,STAT,1100,Chance: Intro to Statistics,036650,"Wang,Yiting",003,13714,College & Graduate Arts & Sci,3.65,30,2,12,6,5,4,1,0,0,0,0
2025 Fall,SYS,6581,Selected Topics in Sys Engr,036978,"Thompson,Jamey",001,15131,Engineering & Applied Science,3.53,7,0,0,4,3,0,0,0,0,0,0
2025 Fall,CS,2120,Discrete Math and Theory 1,046227,"Elder,Sarah Elizabeth",003,15669,Engineering & Applied Science,3.35,74,7,23,12,12,8,4,3,1,0,4
2025 Fall,MSE,6592,Topics in Material Science,024433,"Opila,Elizabeth",001,20021,Engineering & Applied Science,3.77,7,1,3,2,0,1,0,0,0,0,0
2025 Fall,ENTP,1010,Intro to Entrepreneurship,043881,"Ransler,Charles",004,17942,McIntire School of Commerce,3.71,53,0,17,26,8,2,0,0,0,0,0
2025 Fall,CHE,3321,Trans Proc I:Momentum Trnsfr,005448,"Caliari,Steven",001,14697,Engineering & Applied Science,2.83,33,0,3,2,2,15,1,2,7,0,1
2025 Fall,ECE,3502,Special Topics ECE,040914,"Delong,Todd",002,20137,Engineering & Applied Science,4.00,18,13,5,0,0,0,0,0,0,0,0
2025 Fall,MUSI,2350,Technosonics: Digital Music,024769,"Dahl,Luke",100,12176,College & Graduate Arts & Sci,3.86,180,3,126,37,9,3,1,0,0,0,1
2025 Fall,ARCH,3010,Foundation Studio IV,001517,"Sen,Ozan",004,17685,School of Architecture,3.73,13,3,2,6,1,1,0,0,0,0,0
2025 Fall,MAE,3310,Aerospace Structures,022585,"Momot,Michael",001,14706,Engineering & Applied Science,3.33,146,6,31,34,24,28,9,4,4,1,5
2025 Fall,PSYC,4500,Spec Tops: Psychology,032600,...,004,19355,College & Graduate Arts & Sci,3.99,25,18,6,1,0,0,0,0,0,0,0
2025 Fall,SPAN,1060,Accelerated Elementary Spanish,035820,"Street,Matthew",001,11161,College & Graduate Arts & Sci,3.74,16,2,7,6,0,0,0,0,0,1,0
2025 Fall,CHEM,1411,Intro College Chem I Lab,005986,"Morkowchuk,Lisa",008,10525,College & Graduate Arts & Sci,3.87,22,12,7,1,0,0,2,0,0,0,0
2025 Fall,DRAM,2620,Sound Design,007233,"Rasbury,Michael",002,12298,College & Graduate Arts & Sci,3.98,12,1,10,1,0,0,0,0,0,0,0
2025 Fall,KINE,3660,Neuroscience of Exercise,043490,"Resch,Jacob",001,17259,School of Education and HumanDev,3.51,91,0,29,25,15,12,8,0,1,1,0
2025 Fall,GNUR,6058,"Nursng, Ethics & Hthcare Arena",016894,"Hurst,Ashley",001,17313,School of Nursing,3.86,43,0,30,10,1,1,1,0,0,0,0
2025 Fall,EDLF,5700,"Race, Ethnicity and Diversity",043451,"Smith,Naila",001,20000,School of Education and HumanDev,3.87,7,0,4,3,0,0,0,0,0,0,0
2025 Fall,SPAN,2020,Advanced Intermediate Spanish,035854,"Hogg,Jennifer",004,10551,College & Graduate Arts & Sci,3.59,15,0,3,7,3,2,0,0,0,0,0
2025 Fall,ECON,7010,Microeconomic Theory I,008020,"Troyan,Peter",100,10112,College & Graduate Arts & Sci,3.41,25,3,4,3,5,9,1,0,0,0,0
2025 Fall,CHEM,5410,Adv Biological Chemistry I,005801,"Cafiso,David",001,10055,College & Graduate Arts & Sci,3.74,25,4,7,10,2,2,0,0,0,0,0
2025 Fall,SPAN,1010,Elementary Spanish,035815,"Colon,Daniel",002,19189,College & Graduate Arts & Sci,3.70,17,1,6,7,1,1,1,0,0,0,0
2025 Fall,PSYC,3480,Adolesc: Theory & Development,032575,"Allen,Joseph",001,13129,College & Graduate Arts & Sci,3.56,149,7,53,42,22,7,8,5,3,1,1
2025 Fall,ARCH,4010,Research Studio,001546,"Cho,Leena Sangyun",002,17688,School of Architecture,3.54,13,0,4,3,3,3,0,0,0,0,0
2025 Fall,GNUR,6025,Advanced Health Assessment,016901,"Bourne,Dawn",001,17439,School of Nursing,3.90,87,2,61,21,2,1,0,0,0,0,0
2025 Fall,AIRS,3100,Lead Ppl & Eff Comm I,000294,"Gilson,Glen",001,14597,Executive VP & Provost,3.95,11,0,9,2,0,0,0,0,0,0,0
2025 Fall,GNUR,8130,Stat Mthd Health Care Rsch I,017049,"Byon,Ha Do",001,17485,School of Nursing,3.94,5,1,3,1,0,0,0,0,0,0,0
2025 Fall,EDLF,7140,LEAD II: Professional Learning,009701,"Beavers,Michelle",500,17004,School of Education and HumanDev,3.84,14,2,6,5,1,0,0,0,0,0,0
2025 Fall,EGMT,1510,Engaging Aesthetics,044512,"Nemec,John William",106,13144,College & Graduate Arts & Sci,3.66,34,0,11,13,8,2,0,0,0,0,0
2025 Fall,ASTR,3480,Introduction to Cosmology,003087,"Whittle,Mark",001,12295,College & Graduate Arts & Sci,2.97,34,0,6,8,2,9,3,2,0,0,4
2025 Fall,CS,3130,Computer Systems and Org 2,046230,"Skadron,Kevin",002,16164,Engineering & Applied Science,3.31,147,6,27,37,26,24,9,9,5,1,3
2025 Fall,NUIP,2080,Microbiology for Health Scienc,042612,"Connelly,Christine",001,17355,School of Nursing,3.72,61,8,24,19,3,4,1,1,0,1,0
2025 Fall,LAW,6002,Contracts,021553,"Setear,John K",A,18715,School of Law,3.38,32,0,3,7,14,8,0,0,0,0,0
2025 Fall,PERS,1010,Elementary Persian I,029842,"Mohit,Mahshad",001,12331,College & Graduate Arts & Sci,3.95,17,0,14,3,0,0,0,0,0,0,0
2025 Fall,PHYS,1655,Python for Scientists,046731,"Group,Robert",001,13123,College & Graduate Arts & Sci,3.69,60,13,21,13,5,4,1,1,2,0,0
2025 Fall,MESA,3131,MENASA American Comics,047982,"Resha,Adrienne",001,20322,College & Graduate Arts & Sci,3.57,10,0,8,1,0,0,0,0,0,0,1
2025 Fall,ENWR,1510,Writing and Critical Inquiry,013432,...,076,14180,College & Graduate Arts & Sci,4.00,18,2,16,0,0,0,0,0,0,0,0
2025 Fall,SOC,4730,"Race, Ethnicity and Nation",047295,"Unlu,Baris",001,13901,College & Graduate Arts & Sci,4.00,20,3,17,0,0,0,0,0,0,0,0
2025 Fall,APMA,1090,Single Variable Calculus I,001138,"Spencer,Julia Catherine",007,21246,Engineering & Applied Science,2.79,27,6,3,3,3,2,2,0,3,0,5
2025 Fall,NUIP,4430,Intro Stats in Hlth Care Res,042514,"Hinton,Ivora",004,17487,School of Nursing,3.94,29,13,10,6,0,0,0,0,0,0,0
2025 Fall,PSYC,3160,Cognitive Neuroscience,045356,"Long,Nicole",001,11842,College & Graduate Arts & Sci,3.33,150,5,50,25,17,20,11,10,4,4,4
2025 Fall,BIMS,8382,Practical Biomed Statistics II,044058,"Martin,David",001,18618,Medical School - BIMS/PHS,3.79,27,0,15,8,2,2,0,0,0,0,0
2025 Fall,ARTS,2000,Intro to Studio Art,045397,"Chan,Amy",001,11845,College & Graduate Arts & Sci,3.91,14,0,10,4,0,0,0,0,0,0,0
2025 Fall,HIAF,2001,Early African History,018133,"Fleur,James La",100,12283,College & Graduate Arts & Sci,3.50,59,2,15,21,5,9,6,0,0,0,1
2025 Fall,WGS,3500,Research and Methods in WGS,041823,"Meyer,Doug",001,12785,College & Graduate Arts & Sci,3.51,14,0,2,7,2,2,1,0,0,0,0
2025 Fall,PHYS,2030,Princip of Physics 1 Workshop,030811,"Bychkov,Maksim",003,10481,College & Graduate Arts & Sci,3.91,26,4,19,1,0,2,0,0,0,0,0
2025 Fall,MDST,2000,Introduction to Media Studies,023487,"Vaidhyanathan,Siva",100,10260,College & Graduate Arts & Sci,3.71,233,61,116,13,17,8,2,1,4,4,7
2025 Fall,COMM,3030,Quantitative & Finan Analysis,006455,"Webb,Robert I",001,17858,McIntire School of Commerce,3.39,50,0,3,20,17,4,5,0,1,0,0
2025 Fall,EDLF,4000,"Dream it, Design it, Do it",043725,"Curtis,Sabrina",001,16679,School of Education and HumanDev,3.79,66,0,58,1,0,1,1,0,3,1,1
2025 Fall,MISC,4015,Advanced Applied Mil Leadershp,037901,"EatonFerenzi,Elizabeth",001,14603,Executive VP & Provost,4.00,14,6,8,0,0,0,0,0,0,0,0
2025 Fall,MISC,2010,Leadership & Decision Making,024249,"Hassell,Nicholas",001,14606,Executive VP & Provost,4.00,15,7,8,0,0,0,0,0,0,0,0
2025 Fall,EGMT,1540,Ethical Engagement,044515,"Jenkins,Sarah Tucker",121,13192,College & Graduate Arts & Sci,3.99,32,24,7,1,0,0,0,0,0,0,0
2025 Fall,EVSC,4559,New Course: EVSC,039169,"Epstein,Howard",002,20260,College & Graduate Arts & Sci,3.92,11,0,8,3,0,0,0,0,0,0,0
2025 Fall,CHEM,1411,Intro College Chem I Lab,005986,"Morkowchuk,Lisa",032,13114,College & Graduate Arts & Sci,3.90,23,16,3,3,0,0,1,0,0,0,0
2025 Fall,AAS,3500,Intermediate Seminar in AAS,039376,"Gaines,Alisha Marie",004,13741,College & Graduate Arts & Sci,3.85,18,4,10,1,2,1,0,0,0,0,0
2025 Fall,PC,5040,Advanced Contract Management,029787,"McCarthy,John R",701,20860,Continuing & Prof Studies,3.90,10,7,2,0,0,1,0,0,0,0,0
2025 Fall,SOC,1010,Introductory Sociology,035243,"Polillo,Simone",100,10397,College & Graduate Arts & Sci,3.84,177,1,118,42,6,7,1,1,1,0,0
2025 Fall,ENWR,3810,Intro. Book Editing/Publishing,047485,"Nobles,Heidi",001,19328,College & Graduate Arts & Sci,3.78,13,0,9,3,0,0,0,0,1,0,0
2025 Fall,ENWR,1510,Writing and Critical Inquiry,013432,...,023,10454,College & Graduate Arts & Sci,3.96,16,1,13,2,0,0,0,0,0,0,0
2025 Fall,FREN,4682,Baudelaire and Modernity,048004,"Lyu,Claire",001,20033,College & Graduate Arts & Sci,3.85,13,0,9,2,2,0,0,0,0,0,0
2025 Fall,ASL,3010,Conversational ASL,003005,"Sofinski,Bruce",001,13364,College & Graduate Arts & Sci,3.89,16,1,12,1,2,0,0,0,0,0,0
2025 Fall,CHEM,2311,Org Chem Lab I Non Chem Major,043154,"Chruma,Jason",009,11651,College & Graduate Arts & Sci,3.92,30,2,20,8,0,0,0,0,0,0,0
2025 Fall,LAW,6002,Contracts,021553,"Gulati,Gaurang Mitu",C,18972,School of Law,3.38,32,0,3,1,28,0,0,0,0,0,0
2025 Fall,ENWR,1510,Writing and Critical Inquiry,013432,"Fowler,Charity",015,11502,College & Graduate Arts & Sci,3.92,17,14,1,1,0,1,0,0,0,0,0
2025 Fall,AAS,4570,Adv Research Sem in AAS,000120,"Crawley,Ashon",001,13744,College & Graduate Arts & Sci,4.00,10,8,2,0,0,0,0,0,0,0,0
2025 Fall,HIUS,2201,US Immigration Law and Policy,047169,"Kang,Shulamith Deborah",001,19207,College & Graduate Arts & Sci,3.94,59,0,47,12,0,0,0,0,0,0,0
2025 Fall,POL,2210,Intermediate Polish Language,032003,"Tolczyk,Dariusz",001,11818,College & Graduate Arts & Sci,3.95,13,0,11,2,0,0,0,0,0,0,0
2025 Fall,CHEM,2811,Org/Biochem Lab Accelerated,006024,"Serbulea,Laura",100,12221,College & Graduate Arts & Sci,3.68,33,0,19,7,3,2,0,1,0,0,1
2025 Fall,NUIP,4610,Leadershp/Mgt in Hlth Care Sys,029457,"Wiersma,Gretchen",003,17480,School of Nursing,3.87,10,1,7,1,0,1,0,0,0,0,0
2025 Fall,SPAN,1060,Accelerated Elementary Spanish,035820,"Street,Matthew",002,11089,College & Graduate Arts & Sci,3.62,17,2,5,7,1,0,1,0,0,1,0
2025 Fall,EDIS,5143,Transition Planning Spec Ed,045415,"Gentry,Roberta",500,16983,School of Education and HumanDev,3.78,9,0,7,0,1,0,1,0,0,0,0
2025 Fall,CHEM,4411,Biological Chemistry Lab I,005757,"Pompano,Rebecca",101,11654,College & Graduate Arts & Sci,3.76,18,2,12,1,1,0,1,0,1,0,0
2025 Fall,PHYS,7410,Electricity and Magnetism I,042834,"Teo,Chi Yan Jeffrey",001,11185,College & Graduate Arts & Sci,3.45,18,3,3,3,3,3,3,0,0,0,0
2025 Fall,EGMT,1540,Ethical Engagement,044515,"Swartz,Deja Elana",118,13189,College & Graduate Arts & Sci,3.90,34,0,23,11,0,0,0,0,0,0,0
2025 Fall,STAT,5330,Data Mining,040819,"Lubberts,Zach",001,12206,College & Graduate Arts & Sci,3.92,24,0,21,1,1,1,0,0,0,0,0
2025 Fall,EDHS,7230,Theories & Tech of Counseling,009206,"Taylor,Julia",001,16495,School of Education and HumanDev,4.00,23,2,21,0,0,0,0,0,0,0,0
2025 Fall,MUEN,3650,University Singers,024591,"Slon,Michael",001,10293,College & Graduate Arts & Sci,3.98,59,2,54,3,0,0,0,0,0,0,0
2025 Fall,KINE,3601,Musculoskeletal Anatomy Lab I,042824,"Higgins,Michael",002,16837,School of Education and HumanDev,3.77,25,0,11,11,2,1,0,0,0,0,0
2025 Fall,EDIS,5422,Cross-Cultural Education,043455,"Montalvo,Lucy Ann",501,16986,School of Education and HumanDev,3.89,24,3,15,4,2,0,0,0,0,0,0
2025 Fall,STS,4500,STS and Engineering Practice,036749,"Forelle,MC",020,15075,Engineering & Applied Science,3.73,30,0,21,5,1,2,0,0,0,0,1
2025 Fall,IT,3230,Basics of Web Design,020518,"Smith,Mary Laverne",701,20851,Continuing & Prof Studies,3.85,13,5,7,0,0,0,0,0,1,0,0
2025 Fall,GERM,1010,Elementary German I,015642,"Parker,Stefanie",003,10168,College & Graduate Arts & Sci,3.65,15,0,7,3,2,3,0,0,0,0,0
2025 Fall,ENWR,1510,Writing and Critical Inquiry,013432,"Wang,Tracey",017,11338,College & Graduate Arts & Sci,3.91,17,3,12,1,0,0,1,0,0,0,0
2025 Fall,DS,3001,Foundations of ML,045203,"Freenor,Michael",002,14379,School of Data Science,3.97,64,0,59,4,0,1,0,0,0,0,0
2025 Fall,LAW,9371,Social Science in Law Seminar,048162,"Monahan,John T",1,20707,School of Law,3.49,10,0,0,7,0,3,0,0,0,0,0
2025 Fall,ENGR,1010,Engineering Foundations 1,046987,"Williams,Shaylin",007,15968,Engineering & Applied Science,3.97,40,0,37,2,1,0,0,0,0,0,0
2025 Fall,CS,4260,Internet Scale Applications,045510,"Stone,Derrick",001,16025,Engineering & Applied Science,3.86,75,45,15,9,1,1,2,1,1,0,0
2025 Fall,CHEM,1411,Intro College Chem I Lab,005986,"Morkowchuk,Lisa",069,12134,College & Graduate Arts & Sci,3.44,24,14,4,1,0,0,1,0,0,2,2
2025 Fall,MISC,4010,Msn Command & Army Profession,024260,"EatonFerenzi,Elizabeth",001,14609,Executive VP & Provost,4.00,16,3,13,0,0,0,0,0,0,0,0
2025 Fall,EGMT,1530,Engaging Differences,044514,"Hedstrom,Matthew Sigurd",206,12313,College & Graduate Arts & Sci,3.92,31,0,25,5,0,1,0,0,0,0,0
2025 Fall,COMM,4680,Entrepreneurship,006531,"Ransler,Charles",001,17873,McIntire School of Commerce,3.65,40,3,10,17,4,6,0,0,0,0,0
2025 Fall,EVSC,3601,Physical Hydrology Laboratory,014095,"Reidenbach,Matthew",002,11830,College & Graduate Arts & Sci,3.73,10,3,4,1,1,0,0,1,0,0,0
2025 Fall,CHEM,1410,Intro College Chemistry I,005649,"Gahlmann,Andreas",100,12363,College & Graduate Arts & Sci,3.51,301,3,120,63,51,30,12,6,10,3,3
2025 Fall,COMM,3110,Intermediate Accounting I,006461,"Wang,Jasmine",800,17882,McIntire School of Commerce,3.56,41,2,10,13,11,3,1,0,1,0,0
2025 Fall,MATH,2310,Calculus III,023024,"Lu,Kang",600,13747,College & Graduate Arts & Sci,3.57,35,9,11,5,3,1,3,0,1,2,0
2025 Fall,ACCT,5120,Intermediate Accounting II,045933,"Lee,Nammy K",701,20833,Continuing & Prof Studies,3.46,7,0,2,0,4,1,0,0,0,0,0
2025 Fall,EGMT,1520,Empirical Engagement,044513,"Armengol,Roberto Ignacio",117,13159,College & Graduate Arts & Sci,3.84,29,4,13,10,1,1,0,0,0,0,0
2025 Fall,PHYS,2419,Intro Physics 2 Workshop,031079,"Bychkov,Maksim",001,10331,College & Graduate Arts & Sci,3.98,17,1,15,1,0,0,0,0,0,0,0
2025 Fall,BIOL,4070,Developmental Biology Lab,003594,"Keller,Raymond",001,10433,College & Graduate Arts & Sci,3.95,22,2,16,4,0,0,0,0,0,0,0
2025 Fall,ENWR,1505,Writing & Critical Inquiry S1,013428,"Chantell,Claire",002,10436,College & Graduate Arts & Sci,3.70,11,2,6,1,0,1,0,0,1,0,0
2025 Fall,PHYS,2030,Princip of Physics 1 Workshop,030811,"Bychkov,Maksim",010,10487,College & Graduate Arts & Sci,3.72,24,4,16,1,1,0,0,0,0,1,1
2025 Fall,AAS,2500,Topics in Africana Studies,046413,"Smith,Alexandria",003,13335,College & Graduate Arts & Sci,3.84,30,6,17,4,0,1,2,0,0,0,0
2025 Fall,LAW,7144,Negotiation,043847,"Sachs,Benjamin Ryan",1,20713,School of Law,3.50,30,1,1,11,17,0,0,0,0,0,0
2025 Fall,EBUS,4810,New Product Development,037153,"Ramakrishnan,Adarsh",001,14742,Engineering & Applied Science,3.87,27,6,13,7,0,0,1,0,0,0,0
2025 Fall,PHYS,2419,Intro Physics 2 Workshop,031079,"Bychkov,Maksim",004,10334,College & Graduate Arts & Sci,3.92,20,4,12,3,1,0,0,0,0,0,0
2025 Fall,CHE,2215,Material and Energy Balances,005438,"Lampe,Kyle",001,14694,Engineering & Applied Science,3.20,44,3,15,8,2,5,1,2,4,0,4
2025 Fall,MDST,5115,Tasting Succession,048105,"Little,William",001,20480,College & Graduate Arts & Sci,3.67,10,0,8,0,0,0,1,0,1,0,0
2025 Fall,CE,2010,Civil Engineering Techniques,004429,"Smith,Brian",001,14682,Engineering & Applied Science,3.63,66,0,41,5,5,10,1,0,3,1,0
2025 Fall,EDHS,5230,"Women, Work, and Wellness",044577,"Flora,Amanda",001,16759,School of Education and HumanDev,3.95,38,0,36,0,0,2,0,0,0,0,0
2025 Fall,CHEM,4090,Analytical Chemistry,005783,"Ma,Xin",001,11380,College & Graduate Arts & Sci,3.49,35,10,7,6,6,3,0,0,1,0,2
2025 Fall,MSE,3670,Elec Opticl & Magn Behav Matls,024408,"McDonnell,Stephen John",001,14717,Engineering & Applied Science,3.18,11,0,4,2,2,0,1,1,0,0,1
2025 Fall,NUIP,4610,Leadershp/Mgt in Hlth Care Sys,029457,"Toll,Crystal",002,17469,School of Nursing,3.83,11,0,6,4,1,0,0,0,0,0,0
2025 Fall,ANTH,2800,Introduction to Archaeology,000698,"LaViolette,Adria",001,10010,College & Graduate Arts & Sci,3.71,57,10,18,17,6,4,0,2,0,0,0
2025 Fall,CHIN,1010,Elementary Chinese,006047,"Yue,Ying",003,10058,College & Graduate Arts & Sci,3.14,17,0,12,1,0,0,0,0,0,1,3
2025 Fall,LPPL,4660,Value & Bias in Public Policy,042085,"Trawalter,Sophie",002,14501,Batten Leadership & Public Pol,3.64,67,0,16,31,17,3,0,0,0,0,0
2025 Fall,SEC,3030,Human Factors Cyber Security,045342,"Spencer,Jennie",701,20872,Continuing & Prof Studies,3.15,13,9,0,0,0,1,0,0,1,0,2
2025 Fall,FREN,3031,Finding Your Voice in French,014357,"Geer,Rachel",002,10159,College & Graduate Arts & Sci,3.87,19,0,12,6,1,0,0,0,0,0,0
2025 Fall,FREN,1010,Elementary French I,014273,"Rey,Cecile",003,10148,College & Graduate Arts & Sci,3.78,18,0,13,3,0,1,0,0,1,0,0
2025 Fall,CHEM,1411,Intro College Chem I Lab,005986,"Morkowchuk,Lisa",010,11203,College & Graduate Arts & Sci,3.92,24,13,8,2,0,0,1,0,0,0,0
2025 Fall,BME,6550,Spec Topics: Biomedical Engr,004145,"Perry,Robert",001,15466,Engineering & Applied Science,3.98,12,1,10,1,0,0,0,0,0,0,0
2025 Fall,CE,6780,CPS Technology and Ethics,046995,"Campbell,Brad",001,15986,Engineering & Applied Science,3.40,5,0,1,1,1,2,0,0,0,0,0
2025 Fall,PHS,7050,PH Law/Ethics,030367,"Bernheim,Ruth",001,18319,Medical School - BIMS/PHS,4.00,38,3,35,0,0,0,0,0,0,0,0
2025 Fall,MATH,1220,A Survey of Calculus II,022945,"Kurtz,Brianna A.",200,11436,College & Graduate Arts & Sci,3.14,32,2,9,4,2,7,1,1,4,0,2
2025 Fall,ENWR,1510,Writing and Critical Inquiry,013432,"Watts,Courtney Lynne",060,11937,College & Graduate Arts & Sci,3.76,18,0,5,12,1,0,0,0,0,0,0
2025 Fall,ASTR,1220,Intro Stars Galaxies Universe,003047,"Modjaz,Maryam",001,11173,College & Graduate Arts & Sci,3.72,137,1,78,26,18,7,4,0,3,0,0
2025 Fall,BME,2101,Physiology I for Engineers,004059,"Helmke,Brian",001,14748,Engineering & Applied Science,3.33,63,2,37,2,0,7,0,0,10,1,4
2025 Fall,GNUR,8559,New Course: GNUR,043695,"Byon,Ha Do",001,20617,School of Nursing,3.98,12,3,8,1,0,0,0,0,0,0,0
2025 Fall,PHS,3050,Fundamentals Public Health,041885,"Hornsby,Paige",001,12640,College & Graduate Arts & Sci,3.89,73,4,50,15,2,2,0,0,0,0,0
2025 Fall,CS,1110,Introduction to Programming,006846,"Khargonkar,Arohi",001,15015,Engineering & Applied Science,3.44,194,1,99,23,20,18,11,6,4,3,9
2025 Fall,PSLP,5340,Financial Mgmt for Leaders,004345,"Coyle,Ian",701,20875,Continuing & Prof Studies,3.57,16,1,9,3,0,2,0,0,0,0,1
2025 Fall,MDST,3111,Food Media and Popular Culture,046697,"Rao,Pallavi",001,12776,College & Graduate Arts & Sci,3.65,25,0,9,11,3,1,0,0,0,1,0
2025 Fall,ECON,8170,Industrial Organization I,008057,"Anderson,Simon",001,10118,College & Graduate Arts & Sci,3.29,8,0,1,1,2,4,0,0,0,0,0
2025 Fall,SLAV,2360,Dracula,035128,"Stepanic,Stanley",001,11065,College & Graduate Arts & Sci,3.90,194,13,162,4,5,5,2,0,2,0,1
2025 Fall,NUCO,2210,Foundations of Nursing CARE,043099,"Sherwood,Paula",002,17388,School of Nursing,3.91,29,0,24,4,0,0,1,0,0,0,0
2025 Fall,ECE,4209,RF Circuit Dsgn & Wireless Sys,007687,"Weikle,Robert",001,15009,Engineering & Applied Science,3.71,17,6,2,5,3,0,1,0,0,0,0
2025 Fall,COMM,3720,Intermediate Corporate Finance,006484,"Schenone,Carola",001,17870,McIntire School of Commerce,3.41,30,1,8,6,8,5,0,0,0,0,2
2025 Fall,ENWR,1510,Writing and Critical Inquiry,013432,...,059,11908,College & Graduate Arts & Sci,3.70,18,0,7,9,0,1,0,1,0,0,0
2025 Fall,LAW,6002,Contracts,021553,"Hynes,Richard M",I,20728,School of Law,3.40,32,0,4,7,13,8,0,0,0,0,0
2025 Fall,ARAB,1010,Elementary Arabic I,001279,"Maanaki,Bilal",001,11056,College & Graduate Arts & Sci,3.74,15,0,9,3,1,1,1,0,0,0,0
2025 Fall,SOC,2052,Sociology of the Family,035342,"Wilcox,William",100,10400,College & Graduate Arts & Sci,3.85,119,44,47,17,5,2,3,0,0,0,1
2025 Fall,CHEM,1410,Intro College Chemistry I,005649,"Welch,Kevin",600,12375,College & Graduate Arts & Sci,3.49,312,4,116,73,45,40,11,8,6,4,5
2025 Fall,ENGL,2508,Studies in Fiction,012491,"Fowler,Charity",002,20143,College & Graduate Arts & Sci,4.00,18,15,3,0,0,0,0,0,0,0,0
2025 Fall,PHYS,2030,Princip of Physics 1 Workshop,030811,"Bychkov,Maxim Aleksandrovich",027,20611,College & Graduate Arts & Sci,3.91,25,3,16,5,1,0,0,0,0,0,0
2025 Fall,CHEM,4411,Biological Chemistry Lab I,005757,"Pompano,Rebecca",105,13237,College & Graduate Arts & Sci,3.11,14,0,2,2,6,1,2,0,0,0,1
2025 Fall,EVSC,4995,Supervised Research,013985,"Epstein,Howard",008,10785,College & Graduate Arts & Sci,4.00,17,4,13,0,0,0,0,0,0,0,0
2025 Fall,SPAN,2010,Intermediate Spanish,035853,"Jarque,Esperanza Gorriz",012,11110,College & Graduate Arts & Sci,3.95,17,0,14,3,0,0,0,0,0,0,0
2025 Fall,ARTS,2610,Drawing I,002836,"Villanueva,Maria",001,14006,College & Graduate Arts & Sci,3.65,13,0,7,5,0,0,0,0,0,0,1
2025 Fall,AAS,3853,Race and Real Estate in the US,044912,"Kahrl,Andrew",001,13222,College & Graduate Arts & Sci,3.71,51,0,25,14,7,2,3,0,0,0,0
2025 Fall,ISHU,3810,Ethical Issues,020349,"Wright,Luke Savin Herrick",101,20881,Continuing & Prof Studies,2.67,12,1,0,1,3,1,3,1,0,0,2
2025 Fall,CS,6501,Spec Top: Computer Science,006981,"Li,Jundong",001,20439,Engineering & Applied Science,3.97,10,5,4,1,0,0,0,0,0,0,0
2025 Fall,ENGL,2599,Special Topics,012514,"D'Errico,Jon",002,19657,College & Graduate Arts & Sci,3.83,18,0,12,3,3,0,0,0,0,0,0
2025 Fall,CHEM,1411,Intro College Chem I Lab,005986,"Morkowchuk,Lisa",063,12128,College & Graduate Arts & Sci,3.66,24,15,2,3,0,0,2,0,0,2,0
2025 Fall,PHYS,1050,How Things Work,030776,"Neu,Chris",001,10328,College & Graduate Arts & Sci,3.49,139,0,47,44,14,15,9,4,2,3,1
2025 Fall,URDU,1310,Urdu Scrpt & Grammar Review,047020,"Chaussee,Griffith",001,13265,College & Graduate Arts & Sci,3.33,12,1,7,1,0,0,0,1,0,0,2
2025 Fall,LAW,7102,Veterans Law,048205,"Herthel,Thomas J",1,20722,School of Law,3.49,19,1,5,5,2,4,1,1,0,0,0
2025 Fall,CS,6434,Dependable Computing Systems,044511,"Alemzadeh,Homa",001,20575,Engineering & Applied Science,3.82,14,1,7,5,0,1,0,0,0,0,0
2025 Fall,MAE,3610,Aerospace Materials,022587,"Xu,Baoxing",001,14707,Engineering & Applied Science,3.61,76,13,23,12,18,2,7,0,1,0,0
2025 Fall,LAW,9372,Telecomm Law and Pol Seminar,048175,"Nuechterlein,Jonathan E",1,20656,School of Law,3.52,14,0,2,5,6,1,0,0,0,0,0
2025 Fall,PHIL,1710,Human Nature,030028,"McCready-Flora,Ian",100,13081,College & Graduate Arts & Sci,3.53,51,3,11,19,7,6,3,2,0,0,0
2025 Fall,PSPS,6005,Prac Apps of Risk Mgmt in PSO,046661,"Wucker,Michele",580,20899,Continuing & Prof Studies,3.13,6,0,1,4,0,0,0,0,0,0,1
2025 Fall,ARTH,2861,East Asian Art,002491,"Wong,Dorothy",100,13474,College & Graduate Arts & Sci,3.42,49,0,6,21,8,9,4,0,0,1,0
2025 Fall,ANTH,2160,Culture & Environment,045704,"Weston,Kath",100,13958,College & Graduate Arts & Sci,3.70,57,2,32,13,5,1,2,0,0,1,1
2025 Fall,PLAP,3370,Wksp Cntmp Amer Elect Politics,031571,"Stroupe,Kenneth",001,13982,College & Graduate Arts & Sci,3.94,15,0,12,3,0,0,0,0,0,0,0
2025 Fall,BIOL,8300,Studies of the Phenotype,046990,"Pani,Ariel",001,13240,College & Graduate Arts & Sci,3.78,12,0,9,2,0,0,0,0,1,0,0
2025 Fall,DS,5012,Computation for Data Science,047945,"Malitsky,Yuri",003,20650,School of Data Science,3.86,65,35,21,3,3,1,1,0,0,0,1
2025 Fall,POL,1210,Intro to Polish Language,032000,"Stepanic,Stanley",001,11699,College & Graduate Arts & Sci,3.69,16,0,9,3,1,2,1,0,0,0,0
2025 Fall,MAE,6020,Continuum Mechanics,022642,"Smith,Natasha",001,14977,Engineering & Applied Science,3.66,22,1,9,7,3,0,1,0,1,0,0
2025 Fall,CS,6501,Spec Top: Computer Science,006981,"Zhang,Miaomiao",013,20371,Engineering & Applied Science,3.92,21,1,16,3,1,0,0,0,0,0,0
2025 Fall,DRAM,2020,Acting I,007200,"Dalton,David Norris",007,20695,College & Graduate Arts & Sci,3.86,14,6,6,0,0,2,0,0,0,0,0
2025 Fall,EGMT,1540,Ethical Engagement,044515,"Krause,Erica Nicole",220,19414,College & Graduate Arts & Sci,3.96,33,4,27,1,0,1,0,0,0,0,0
2025 Fall,MDST,3402,War and the Media,023533,"Williams,Bruce",001,12791,College & Graduate Arts & Sci,3.82,22,0,10,11,1,0,0,0,0,0,0
2025 Fall,ANTH,3590,Social & Cultural Anthropology,041002,"Jackson,Sebastian",003,20216,College & Graduate Arts & Sci,3.79,29,0,18,7,2,1,0,1,0,0,0
2025 Fall,EGMT,1530,Engaging Differences,044514,"Abdelghaffar,Alaa Adel Elsayed",214,12592,College & Graduate Arts & Sci,3.97,30,19,10,0,0,1,0,0,0,0,0
2025 Fall,ANTH,2410,Sociolinguistics,000748,"Lefkowitz,Daniel",001,12690,College & Graduate Arts & Sci,3.35,20,1,2,7,2,3,5,0,0,0,0
2025 Fall,SANS,1010,Elementary Sanskrit I,034821,"Hueckstedt,Robert",001,10495,College & Graduate Arts & Sci,3.81,10,1,6,2,0,0,1,0,0,0,0
2025 Fall,BIOL,2100,IntroBio w/Lab:Cell & Genetics,003470,"Kittlesen,David",001,10498,College & Graduate Arts & Sci,3.03,380,43,59,58,36,43,45,23,20,20,33
2025 Fall,CJ,5760,Strategic Management & Comm,047192,"Lehman,Matthew D",C901,21258,Continuing & Prof Studies,3.86,9,0,6,2,1,0,0,0,0,0,0
2025 Fall,BME,4550,Spec Topics: Biomedical Engr,004090,"Kelly,Kimberly A",003,21374,Engineering & Applied Science,3.94,19,14,1,4,0,0,0,0,0,0,0
2025 Fall,MATH,7820,Differential Topology,023240,"Koberda,Thomas",001,10927,College & Graduate Arts & Sci,3.82,14,0,9,4,0,0,1,0,0,0,0
2025 Fall,EDHS,2250,Stress and Anxiety Management,044538,"Cholewa,Blaire",003,19928,School of Education and HumanDev,3.96,35,0,33,0,2,0,0,0,0,0,0
2025 Fall,ENWR,1510,Writing and Critical Inquiry,013432,...,001,10439,College & Graduate Arts & Sci,3.90,17,0,15,0,1,1,0,0,0,0,0
2025 Fall,PHIL,7500,First Year Seminar,030209,"MacKenzie,Jordan",001,10478,College & Graduate Arts & Sci,3.86,7,1,4,1,1,0,0,0,0,0,0
2025 Fall,ECON,3720,Introduction to Econometrics,007939,"Rafi,Ahnaf",700,20236,College & Graduate Arts & Sci,3.65,85,17,18,26,15,2,7,0,0,0,0
2025 Fall,EDIS,5330,Science in Elementary School,009453,"Maeng,Jennifer Lynn Cunningham",001,16504,School of Education and HumanDev,3.96,14,0,12,2,0,0,0,0,0,0,0
2025 Fall,EBUS,2830,Innovation New Ventures,043893,"Prpich,George",001,15601,Engineering & Applied Science,3.94,43,0,35,8,0,0,0,0,0,0,0
2025 Fall,CHEM,2311,Org Chem Lab I Non Chem Major,043154,"Chruma,Jason",019,12280,College & Graduate Arts & Sci,3.87,33,3,20,8,0,2,0,0,0,0,0
2025 Fall,HIEU,3152,British Empire,040779,"Linstrum,Erik",100,19165,College & Graduate Arts & Sci,3.66,43,5,19,6,5,4,4,0,0,0,0
2025 Fall,CHEM,1411,Intro College Chem I Lab,005986,"Morkowchuk,Lisa",040,11663,College & Graduate Arts & Sci,3.81,24,16,6,0,0,0,0,0,0,2,0
2025 Fall,NESC,7010,Foundations of Neuroimmunology,044042,"Harris,Tajie",001,18502,Medical School - BIMS/PHS,3.97,9,4,4,1,0,0,0,0,0,0,0
2025 Fall,ITTR,4820,Italian Pop Culture,040728,"Cesaretti,Enrico",001,20275,College & Graduate Arts & Sci,3.97,22,0,20,2,0,0,0,0,0,0,0
2025 Fall,PHYS,2030,Princip of Physics 1 Workshop,030811,"Bychkov,Maksim",007,10484,College & Graduate Arts & Sci,3.92,26,5,18,1,1,1,0,0,0,0,0
2025 Fall,EGMT,1520,Empirical Engagement,044513,"Brubaker,Evan Loren",215,12583,College & Graduate Arts & Sci,3.74,27,0,23,0,0,1,0,0,3,0,0
2025 Fall,EDIS,5133,Principles of ABA,045102,"Matthews,Katherine",501,21400,School of Education and HumanDev,3.61,19,0,15,0,2,0,0,0,1,0,1
2025 Fall,MUSI,2120,History of Jazz Music,024755,"DeVeaux,Scott",100,20269,College & Graduate Arts & Sci,3.40,32,3,9,8,0,5,4,0,1,2,0
2025 Fall,PLIR,1010,International Relations,031795,"Furia,Peter",100,12289,College & Graduate Arts & Sci,3.82,238,0,128,95,8,4,1,2,0,0,0
2025 Fall,PSYC,3235,Intro to Epigenetics,044112,"Connelly,Jessica",001,13099,College & Graduate Arts & Sci,3.66,99,1,41,37,5,10,3,1,0,0,1
2025 Fall,PSYC,5280,Neuropsychopharmacology,046395,"Erisir,Alev",001,13102,College & Graduate Arts & Sci,3.50,20,2,9,2,3,0,1,0,3,0,0
2025 Fall,ENCW,2300,Poetry Writing,013450,...,004,13931,College & Graduate Arts & Sci,3.76,13,0,4,8,1,0,0,0,0,0,0
2025 Fall,EGMT,1510,Engaging Aesthetics,044512,"Siliunas,Andreja M.",210,13204,College & Graduate Arts & Sci,3.84,31,0,24,3,3,0,0,0,1,0,0
2025 Fall,RELG,1000,Questions in the Study of Reli,046967,"Ogunnaike,Oludamini",003,21087,College & Graduate Arts & Sci,3.98,24,5,17,2,0,0,0,0,0,0,0
2025 Fall,HIEU,2031,Ancient Greece,018390,"Lendon,Jon",100,10187,College & Graduate Arts & Sci,3.14,48,0,8,10,12,5,2,6,3,1,1
2025 Fall,CHEM,1411,Intro College Chem I Lab,005986,"Morkowchuk,Lisa",046,12111,College & Graduate Arts & Sci,3.84,23,9,9,3,0,1,0,1,0,0,0
2025 Fall,CHEM,1411,Intro College Chem I Lab,005986,"Morkowchuk,Lisa",049,12114,College & Graduate Arts & Sci,3.81,22,11,5,4,1,0,0,0,0,1,0
2025 Fall,ARTS,2810,Intro Sculpture (Clay),002886,"Rogers,LaRissa",001,10026,College & Graduate Arts & Sci,3.89,14,0,11,2,0,1,0,0,0,0,0
2025 Fall,CHEM,1810,Principles of Chem Structure,005666,"Harman,Walter",100,10038,College & Graduate Arts & Sci,3.75,122,16,56,26,14,5,3,2,0,0,0
2025 Fall,RELG,7360,Study of Religion,039597,"Mathewes,Charles",001,12156,College & Graduate Arts & Sci,3.88,18,0,12,5,1,0,0,0,0,0,0
2025 Fall,ENGL,3001,Hist of Lit in English I,011976,"Rush,Rebecca",100,10123,College & Graduate Arts & Sci,3.55,184,38,44,45,19,11,16,2,3,4,2
2025 Fall,EVSC,2801,Fundamentals of Geology Lab,014091,"Limaye,Ajay",200,10128,College & Graduate Arts & Sci,3.83,11,0,6,4,1,0,0,0,0,0,0
2025 Fall,EVSC,3200,Fundamentals of Ecology,013913,"Epstein,Howard",001,10130,College & Graduate Arts & Sci,3.08,116,11,19,15,15,20,7,9,10,5,5
2025 Fall,ITAL,2010,Intermediate Italian I,020567,"Annunziato,Sarah",002,10193,College & Graduate Arts & Sci,3.88,20,2,11,6,1,0,0,0,0,0,0
2025 Fall,FREN,2020,Intermediate French II,014316,"Geer,Rachel",004,10156,College & Graduate Arts & Sci,3.77,18,0,8,8,1,1,0,0,0,0,0
2025 Fall,ASTR,1210,Intro Sky and Solar System,003045,"Murphy,Edward",001,10029,College & Graduate Arts & Sci,3.22,251,6,52,43,52,35,31,13,6,3,10
2025 Fall,LNGS,3250,Intro to Linguistic Theory,022530,"Elson,Mark",001,10214,College & Graduate Arts & Sci,3.19,41,0,9,9,5,4,8,5,0,0,1
2025 Fall,EVSC,1010,Intro Environmental Sciences,013836,"Lerdau,Manuel",001,10127,College & Graduate Arts & Sci,3.60,264,2,83,106,36,22,7,5,0,1,2
2025 Fall,FREN,1020,Elementary French II,014274,"Rey,Cecile Helene Christiane",001,10149,College & Graduate Arts & Sci,3.89,14,0,10,3,1,0,0,0,0,0,0
2025 Fall,FREN,2020,Intermediate French II,014316,"Geer,Rachel Carrie",003,10158,College & Graduate Arts & Sci,4.00,15,2,13,0,0,0,0,0,0,0,0
2025 Fall,HIND,1010,Elementary Hindi-Urdu I,018890,"Nasir,Abdul",002,11588,College & Graduate Arts & Sci,3.83,15,0,10,3,1,1,0,0,0,0,0
2025 Fall,MATH,1310,Calculus I,022953,"James,Daniel",900,11592,College & Graduate Arts & Sci,2.74,18,0,2,2,3,4,0,2,1,2,2
2025 Fall,ECON,2010,Principles of Econ: Microecon,007876,"Elzinga,Kenneth",090,10066,College & Graduate Arts & Sci,3.20,476,6,64,137,96,68,41,29,8,9,18
2025 Fall,FREN,2010,Intermediate French I,014315,"Simotas,Spyridon",002,10153,College & Graduate Arts & Sci,3.69,17,0,7,6,2,2,0,0,0,0,0
2025 Fall,FREN,1050,Accelerated Elementary French,014277,"Rey,Cecile Helene Christiane",001,10150,College & Graduate Arts & Sci,3.40,16,0,4,5,4,1,0,0,1,1,0
2025 Fall,EVSC,3201,Fundamentals of Ecology Lab,014094,"Epstein,Howard",001,10132,College & Graduate Arts & Sci,3.80,13,0,9,2,0,2,0,0,0,0,0
2025 Fall,RUSS,4010,Fourth-Year Russian I,034665,"Dianina,Katia",001,10390,College & Graduate Arts & Sci,3.86,10,1,7,0,2,0,0,0,0,0,0
2025 Fall,ITAL,1010,Elementary Italian I,020555,"Calamita,Francesca",004,10191,College & Graduate Arts & Sci,4.00,18,15,3,0,0,0,0,0,0,0,0
2025 Fall,EVSC,2801,Fundamentals of Geology Lab,014091,"Limaye,Ajay",300,11730,College & Graduate Arts & Sci,3.94,10,0,8,2,0,0,0,0,0,0,0
2025 Fall,JAPN,1010,First-Year Japanese I,020740,"Sato,Tomomi",003,10195,College & Graduate Arts & Sci,2.72,13,0,1,1,3,0,4,1,1,1,1
2025 Fall,CHEM,2411,Organic Chemistry I Laboratory,006015,"Chruma,Jason",100,10042,College & Graduate Arts & Sci,3.70,138,12,75,16,16,13,2,1,2,0,1
2025 Fall,MATH,1210,A survey of Calculus I,022944,"Wang,Xiaojing",800,10218,College & Graduate Arts & Sci,3.67,34,11,11,3,3,3,1,1,0,1,0
2025 Fall,ASL,2010,Intermed Amer Sign Language I,003001,"Propp,Gregory",003,11811,College & Graduate Arts & Sci,3.42,16,0,3,5,4,2,1,1,0,0,0
2025 Fall,CHEM,4320,Inorganic Chemistry,005754,"Machan,Charles",001,11116,College & Graduate Arts & Sci,3.47,112,6,20,35,22,17,9,3,0,0,0
2025 Fall,EVSC,5020,GIS Methods,014008,"Porter,John",100,10144,College & Graduate Arts & Sci,3.72,6,4,0,0,1,1,0,0,0,0,0
2025 Fall,MATH,1210,A survey of Calculus I,022944,"Sherman,David Edward",300,10219,College & Graduate Arts & Sci,3.03,33,11,5,3,2,1,1,2,2,0,6
2025 Fall,CHIN,1020,Elementary Chinese,006048,"Guo,Wen",001,11589,College & Graduate Arts & Sci,3.83,12,6,3,1,1,1,0,0,0,0,0
2025 Fall,MATH,7810,Algebraic Topology II,023239,"Bergner,Julie",001,10256,College & Graduate Arts & Sci,3.71,7,0,5,0,0,2,0,0,0,0,0
2025 Fall,ECON,2010,Principles of Econ: Microecon,007876,"Elzinga,Kenneth",091,10092,College & Graduate Arts & Sci,3.19,472,10,68,140,86,62,38,23,12,9,24
2025 Fall,MATH,1320,Calculus II,022954,"Aitzhanova,Bakhyt",100,10238,College & Graduate Arts & Sci,3.05,23,4,4,1,4,2,0,5,1,1,1
2025 Fall,MATH,3100,Introduction to Probability,023058,"Abdesselam,Abdelmalek",001,10244,College & Graduate Arts & Sci,3.72,33,9,9,7,6,0,1,1,0,0,0
2025 Fall,ARAB,1010,Elementary Arabic I,001279,"Maanaki,Bilal",003,10017,College & Graduate Arts & Sci,3.56,12,0,6,2,1,2,0,0,1,0,0
2025 Fall,CHIN,1060,Accelerated Elementary Chinese,006050,"Wang,Ju Min",001,10059,College & Graduate Arts & Sci,3.95,13,0,11,2,0,0,0,0,0,0,0
2025 Fall,WGS,2700,Men and Masculinities,041671,"Speidel,Lisa",001,11120,College & Graduate Arts & Sci,3.98,59,0,57,0,2,0,0,0,0,0,0
2025 Fall,LATI,2010,Intermediate Latin I,021133,"Ladd,Hope",002,10207,College & Graduate Arts & Sci,3.34,14,0,4,3,2,2,2,0,0,1,0
2025 Fall,PHYS,2410,Introductory Physics 2,046320,"Suarez,Cristina Mantilla",001,12766,College & Graduate Arts & Sci,2.76,32,3,3,5,0,5,6,1,3,1,5
2025 Fall,PHYS,7010,Theoretical Mechanics I,030887,"Nichols,David",001,10344,College & Graduate Arts & Sci,3.49,19,0,6,3,6,2,2,0,0,0,0
2025 Fall,MATH,1210,A survey of Calculus I,022944,"Wang,Xiaojing",100,10216,College & Graduate Arts & Sci,3.47,31,9,10,4,1,1,2,0,2,0,2
2025 Fall,ARTS,2710,Intro to Water-Based Painting,002881,"Chan,Amy",001,10024,College & Graduate Arts & Sci,3.93,13,0,10,3,0,0,0,0,0,0,0
2025 Fall,ENWR,1510,Writing and Critical Inquiry,013432,...,056,12105,College & Graduate Arts & Sci,3.17,15,0,1,2,6,2,3,1,0,0,0
2025 Fall,EVSC,3300,Atmosphere and Weather,013917,"Pusede,Sally",001,10138,College & Graduate Arts & Sci,3.15,59,0,25,5,4,10,1,3,3,3,5
2025 Fall,EVSC,3020,GIS Methods,013919,"Porter,John",100,10143,College & Graduate Arts & Sci,3.89,52,18,22,7,5,0,0,0,0,0,0
2025 Fall,CHEM,2311,Org Chem Lab I Non Chem Major,043154,"Chruma,Jason",012,11951,College & Graduate Arts & Sci,3.80,34,1,18,11,3,0,1,0,0,0,0
2025 Fall,MATH,1310,Calculus I,022953,"James,Daniel",100,10222,College & Graduate Arts & Sci,3.14,23,1,8,2,3,2,1,4,0,0,2
2025 Fall,MATH,1310,Calculus I,022953,"James,Daniel",300,10224,College & Graduate Arts & Sci,2.38,12,0,1,1,2,0,0,3,2,2,1
2025 Fall,MATH,1310,Calculus I,022953,"James,Daniel",500,10226,College & Graduate Arts & Sci,2.70,26,3,2,3,6,1,0,4,3,0,4
2025 Fall,ENWR,1510,Writing and Critical Inquiry,013432,"Kostelnik,Kate Pamela",062,11939,College & Graduate Arts & Sci,3.82,18,0,11,5,1,1,0,0,0,0,0
2025 Fall,CHEM,1411,Intro College Chem I Lab,005986,"Morkowchuk,Lisa",016,10527,College & Graduate Arts & Sci,3.89,24,12,8,3,0,0,0,1,0,0,0
2025 Fall,PHYS,2010,Principles of Physics 1,030809,"Sundararajan,Jency",002,10330,College & Graduate Arts & Sci,3.29,126,5,31,34,11,17,10,3,7,4,4
2025 Fall,SPAN,3010,Finding your Voice in Spanish,035893,"Raczyk,Ciara",005,11145,College & Graduate Arts & Sci,3.98,18,15,2,1,0,0,0,0,0,0,0
2025 Fall,PHYS,2030,Princip of Physics 1 Workshop,030811,"Bychkov,Maksim",002,10480,College & Graduate Arts & Sci,4.00,25,4,21,0,0,0,0,0,0,0,0
2025 Fall,PHYS,2030,Princip of Physics 1 Workshop,030811,"Bychkov,Maksim",014,10491,College & Graduate Arts & Sci,3.93,26,6,15,4,1,0,0,0,0,0,0
2025 Fall,CHEM,1411,Intro College Chem I Lab,005986,"Morkowchuk,Lisa",038,11447,College & Graduate Arts & Sci,3.78,23,12,4,5,0,0,1,0,0,1,0
2025 Fall,MATH,1320,Calculus II,022954,"Aitzhanova,Bakhyt",500,11847,College & Graduate Arts & Sci,2.81,24,1,8,0,4,2,0,4,0,0,5
2025 Fall,PLPT,4305,American Political Thought,041876,"Savage,James",001,11855,College & Graduate Arts & Sci,3.74,14,0,8,2,3,1,0,0,0,0,0
2025 Fall,SPAN,3410,Perspectives on Modern Spain,035909,"Sanchis,Robert",001,11676,College & Graduate Arts & Sci,3.97,21,3,16,2,0,0,0,0,0,0,0
2025 Fall,DRAM,2020,Acting I,007200,"Lowinski,Cortney",003,11500,College & Graduate Arts & Sci,3.84,14,0,10,2,1,1,0,0,0,0,0
2025 Fall,CHIN,2010,Intermediate Chinese,006053,"Wang,Jun",001,11103,College & Graduate Arts & Sci,3.98,12,8,3,1,0,0,0,0,0,0,0
2025 Fall,CHEM,1411,Intro College Chem I Lab,005986,"Morkowchuk,Lisa",035,11159,College & Graduate Arts & Sci,3.54,24,6,7,7,0,0,2,0,0,1,1
2025 Fall,ENWR,1510,Writing and Critical Inquiry,013432,"Adams,Paulina-Marie Hodges",053,11495,College & Graduate Arts & Sci,3.83,18,1,9,7,0,1,0,0,0,0,0
2025 Fall,PHIL,2820,Phil of Health & Health Care,046586,"Barnes,Elizabeth",100,12706,College & Graduate Arts & Sci,3.35,119,0,25,37,16,28,4,4,2,0,3
2025 Fall,PHIL,1000,Introduction to Philosophy,029990,"MacKenzie,Jordan",100,11712,College & Graduate Arts & Sci,3.75,120,13,49,41,9,4,1,2,0,1,0
2025 Fall,ENWR,1505,Writing & Critical Inquiry S1,013428,"Sullivan,Patricia",003,10437,College & Graduate Arts & Sci,3.82,12,0,6,5,1,0,0,0,0,0,0
2025 Fall,SPAN,2010,Intermediate Spanish,035853,"Badang,Germain",009,10416,College & Graduate Arts & Sci,3.56,16,0,5,6,1,2,2,0,0,0,0
2025 Fall,KOR,1010,Elementary Korean I,020864,"Chung,Juyeon",001,10499,College & Graduate Arts & Sci,3.80,13,4,3,4,2,0,0,0,0,0,0
2025 Fall,STAT,3110,Foundations of Statistics,044444,"Weinstock,Justin",002,12166,College & Graduate Arts & Sci,3.52,75,11,19,20,12,5,2,2,1,1,2
2025 Fall,PHYS,3650,Quantum Physics I,030871,"Vaman,Diana",001,10342,College & Graduate Arts & Sci,3.23,46,3,15,2,2,9,8,2,3,2,0
2025 Fall,ENWR,1510,Writing and Critical Inquiry,013432,"Sophronius,Jeddie",022,10453,College & Graduate Arts & Sci,4.00,18,8,10,0,0,0,0,0,0,0,0
2025 Fall,BIOL,4910,Life Sciences Research,043055,"Kawasaki,Masashi",001,11235,College & Graduate Arts & Sci,3.94,131,32,83,10,2,4,0,0,0,0,0
2025 Fall,CHEM,5260,Introduction to Astrochemistry,042627,"Garrod,Rob",001,11282,College & Graduate Arts & Sci,3.90,9,2,4,3,0,0,0,0,0,0,0
2025 Fall,MATH,7751,Algebra I,023231,"Gazaki,Evangelia",001,10255,College & Graduate Arts & Sci,3.68,17,0,10,3,0,2,2,0,0,0,0
2025 Fall,ECON,4220,Intr Finance & Macroeconomics,007962,"Wincoop,Eric Van",001,12629,College & Graduate Arts & Sci,3.34,86,5,19,23,10,13,5,5,1,3,2
2025 Fall,SPAN,3050,Spanish for Medical Profession,039916,"Opere,Alicia Lopez",001,11381,College & Graduate Arts & Sci,3.93,18,2,12,4,0,0,0,0,0,0,0
2025 Fall,EGMT,1530,Engaging Differences,044514,"Sweeney,Lean",114,12585,College & Graduate Arts & Sci,4.00,35,33,2,0,0,0,0,0,0,0,0
2025 Fall,ECON,3030,Money and Banking,007910,"Doyle,Carter",100,11327,College & Graduate Arts & Sci,3.51,119,1,39,37,13,11,12,3,2,1,0
2025 Fall,PHYS,2415,Intro Physics 2 for Engineers,031076,"Chatterjee,Utpal",001,10508,College & Graduate Arts & Sci,3.40,34,3,9,4,8,5,1,2,2,0,0
2025 Fall,MATH,3000,Transition to Higher Math,023049,"Quigley,J.D.",100,11594,College & Graduate Arts & Sci,3.31,31,4,7,2,8,5,1,1,1,1,1
2025 Fall,MATH,3350,Applied Linear Algebra,042858,"Holt,Jeffrey",001,11596,College & Graduate Arts & Sci,3.51,42,0,12,17,7,3,0,1,1,0,1
2025 Fall,EGMT,1520,Empirical Engagement,044513,"Bultman,Rebecca Danielle",202,12572,College & Graduate Arts & Sci,4.00,35,29,6,0,0,0,0,0,0,0,0
2025 Fall,EGMT,1520,Empirical Engagement,044513,"Spitzner,Dan Jerome",204,12573,College & Graduate Arts & Sci,3.52,34,0,27,0,0,2,0,1,0,2,2
2025 Fall,ENWR,1510,Writing and Critical Inquiry,013432,"Chaplin,Geoff",006,11894,College & Graduate Arts & Sci,3.34,17,0,7,0,2,4,3,0,1,0,0
2025 Fall,CHEM,1411,Intro College Chem I Lab,005986,"Morkowchuk,Lisa",007,10524,College & Graduate Arts & Sci,3.96,23,11,9,3,0,0,0,0,0,0,0
2025 Fall,CHEM,3410,Phys Chem - Quantum Theory,005731,"Harrison,Allan",200,11280,College & Graduate Arts & Sci,3.44,78,3,14,28,20,7,2,2,0,0,2
2025 Fall,MATH,3250,Ordinary Differential Equatns,023068,"Shapiro,Brandon",200,10246,College & Graduate Arts & Sci,3.49,38,4,11,7,8,2,2,3,1,0,0
2025 Fall,MATH,3310,Basic Real Analysis,023072,"Do,Yen",100,10249,College & Graduate Arts & Sci,3.36,30,1,4,9,6,6,3,0,0,1,0
2025 Fall,ENWR,1510,Writing and Critical Inquiry,013432,...,052,11494,College & Graduate Arts & Sci,3.36,17,0,2,6,4,2,2,1,0,0,0
2025 Fall,PHYS,2419,Intro Physics 2 Workshop,031079,"Bychkov,Maksim",002,10332,College & Graduate Arts & Sci,3.86,19,4,10,3,1,1,0,0,0,0,0
2025 Fall,ENWR,1510,Writing and Critical Inquiry,013432,...,024,10455,College & Graduate Arts & Sci,4.00,18,16,2,0,0,0,0,0,0,0,0
2025 Fall,EGMT,1520,Empirical Engagement,044513,"Heffernan,Elise",208,12576,College & Graduate Arts & Sci,3.99,34,4,29,1,0,0,0,0,0,0,0
2025 Fall,CHEM,3410,Phys Chem - Quantum Theory,005731,"Egorov,Sergei",100,11279,College & Graduate Arts & Sci,3.54,56,4,20,7,16,3,2,3,1,0,0
2025 Fall,MDST,2200,Introduction to Film,040732,"Etem,Julide",001,11828,College & Graduate Arts & Sci,3.63,71,10,29,17,7,1,3,1,1,0,2
2025 Fall,PHYS,2030,Princip of Physics 1 Workshop,030811,"Bychkov,Maksim",011,10488,College & Graduate Arts & Sci,4.00,26,8,18,0,0,0,0,0,0,0,0
2025 Fall,MATH,1320,Calculus II,022954,"Aitzhanova,Bakhyt",600,11849,College & Graduate Arts & Sci,3.15,23,3,6,0,4,3,0,5,0,1,1
2025 Fall,SOC,4280,Soc of Mental Health & Illness,044174,"Skubby,David",001,12286,College & Graduate Arts & Sci,3.69,13,3,7,0,1,1,0,0,0,1,0
2025 Fall,LATI,2010,Intermediate Latin I,021133,"Young,Mary Clare",003,10209,College & Graduate Arts & Sci,2.95,13,0,1,2,3,3,1,1,1,0,1
2025 Fall,ENWR,1510,Writing and Critical Inquiry,013432,"Shaman,Cory",010,10443,College & Graduate Arts & Sci,3.96,17,0,15,2,0,0,0,0,0,0,0
2025 Fall,MUSI,1310,Basic Musical Skills,024703,"Rous,Benjamin",001,10314,College & Graduate Arts & Sci,3.62,43,6,24,2,1,4,0,3,3,0,0
2025 Fall,CHEM,1411,Intro College Chem I Lab,005986,"Morkowchuk,Lisa",018,10529,College & Graduate Arts & Sci,3.85,24,15,3,5,0,0,0,0,1,0,0
2025 Fall,ANTH,2400,Language and Culture,000667,"Wendte,Nathan",100,12222,College & Graduate Arts & Sci,3.86,57,0,43,9,3,0,1,1,0,0,0
2025 Fall,ARAH,8051,Theory & Int Vis Arts,001382,"Getsy,David",001,12832,College & Graduate Arts & Sci,3.74,9,1,3,3,2,0,0,0,0,0,0
2025 Fall,CHEM,3811,Physical Chemistry I Lab,005740,"Pate,Brooks",100,10045,College & Graduate Arts & Sci,3.64,58,4,19,22,7,4,1,0,0,0,1
2025 Fall,ENWR,1510,Writing and Critical Inquiry,013432,...,037,11258,College & Graduate Arts & Sci,3.93,18,9,5,4,0,0,0,0,0,0,0
2025 Fall,ENWR,1510,Writing and Critical Inquiry,013432,"D'Errico,Jon",012,10445,College & Graduate Arts & Sci,3.78,18,0,6,11,1,0,0,0,0,0,0
2025 Fall,PHS,3130,Intro to Hlth Resrch Methods,043175,"Pannone,Aaron",001,12787,College & Graduate Arts & Sci,3.99,36,21,14,1,0,0,0,0,0,0,0
2025 Fall,CHEM,1411,Intro College Chem I Lab,005986,"Morkowchuk,Lisa",002,11886,College & Graduate Arts & Sci,3.50,23,9,2,7,0,0,3,0,0,1,1
2025 Fall,RELG,1010,Intro Western Religious Trads,034138,"Warren,Heather",100,10382,College & Graduate Arts & Sci,3.91,175,0,149,17,2,2,2,3,0,0,0
2025 Fall,EGMT,1520,Empirical Engagement,044513,"Elistratov,Ruslan O",104,11925,College & Graduate Arts & Sci,4.00,32,27,5,0,0,0,0,0,0,0,0
2025 Fall,MUSI,2340,Learn to Groove,039726,"Jospe,Robert",002,11898,College & Graduate Arts & Sci,4.00,20,6,14,0,0,0,0,0,0,0,0
2025 Fall,ENWR,1510,Writing and Critical Inquiry,013432,"Childers,Jodie",026,10457,College & Graduate Arts & Sci,3.98,18,7,10,1,0,0,0,0,0,0,0
2025 Fall,LING,3400,Structure of English,000747,"Crabtree,Janay",100,12685,College & Graduate Arts & Sci,3.36,14,0,5,2,3,1,1,1,0,1,0
2025 Fall,SPAN,3420,"Politics, Power-Early Americas",035910,"Opere,Fernando",001,12659,College & Graduate Arts & Sci,3.75,24,0,7,15,2,0,0,0,0,0,0
2025 Fall,STAT,3250,Data Analysis with Python,044090,"Somal,Harsimran",001,12662,College & Graduate Arts & Sci,3.85,92,3,77,0,7,2,0,0,2,0,1
2025 Fall,ENWR,1510,Writing and Critical Inquiry,013432,"Cheney,Evan Gerard",028,10459,College & Graduate Arts & Sci,3.54,17,0,5,7,2,0,2,1,0,0,0
2025 Fall,ENWR,1510,Writing and Critical Inquiry,013432,...,061,11938,College & Graduate Arts & Sci,3.62,17,0,6,8,1,0,1,0,1,0,0
2025 Fall,ENWR,1510,Writing and Critical Inquiry,013432,"D'Errico,Jon",030,10461,College & Graduate Arts & Sci,3.81,17,0,10,4,3,0,0,0,0,0,0
2025 Fall,STAT,2020,Statistics for Biologists,039999,"Ferrara,Maria",003,11411,College & Graduate Arts & Sci,3.50,98,10,31,23,12,8,5,1,6,0,2
2025 Fall,CHIN,1010,Elementary Chinese,006047,"Yue,Ying",004,11102,College & Graduate Arts & Sci,3.91,18,0,16,1,0,0,1,0,0,0,0
2025 Fall,SPAN,2010,Intermediate Spanish,035853,"Jarque,Esperanza Gorriz",010,10408,College & Graduate Arts & Sci,3.86,19,0,10,9,0,0,0,0,0,0,0
2025 Fall,CHEM,1411,Intro College Chem I Lab,005986,"Morkowchuk,Lisa",052,12117,College & Graduate Arts & Sci,3.80,24,9,6,7,0,0,2,0,0,0,0
2025 Fall,STAT,3220,Intro to Regression Analysis,040001,"Varanyak,Krista",002,11395,College & Graduate Arts & Sci,3.78,67,14,31,13,2,4,1,1,0,1,0
2025 Fall,GSSJ,3010,Global Security and Justice,043544,"Furia,Peter",001,11297,College & Graduate Arts & Sci,3.91,32,0,25,6,0,1,0,0,0,0,0
2025 Fall,EGMT,1530,Engaging Differences,044514,"Feldberg,Olga Alexandrovna",210,12588,College & Graduate Arts & Sci,3.77,30,3,23,1,0,1,0,1,0,0,1
2025 Fall,PHYS,2010,Principles of Physics 1,030809,"Sundararajan,Jency",001,10329,College & Graduate Arts & Sci,3.12,124,10,30,23,15,10,7,6,5,7,11
2025 Fall,EGMT,1540,Ethical Engagement,044515,"Bair,Jennifer Lynn",201,11526,College & Graduate Arts & Sci,3.95,33,0,28,5,0,0,0,0,0,0,0
2025 Fall,PHIL,3330,Philosophy of Mind,030130,"Boone,Trey",001,11600,College & Graduate Arts & Sci,3.45,28,1,8,4,5,8,2,0,0,0,0
2025 Fall,LATI,2020,Intermediate Latin II,021134,"Kuin,Inger Neeltje Irene",002,10210,College & Graduate Arts & Sci,3.23,11,0,1,5,1,2,1,0,0,0,1
2025 Fall,EVSC,3201,Fundamentals of Ecology Lab,014094,"Epstein,Howard",002,10131,College & Graduate Arts & Sci,3.13,13,0,8,1,1,0,0,0,0,1,2
2025 Fall,SPAN,2010,Intermediate Spanish,035853,"Martinez,Cielo Uscanga",003,10413,College & Graduate Arts & Sci,3.62,16,0,5,9,1,0,0,0,0,0,1
2025 Fall,PORT,1110,Beginning Intensive Portuguese,032102,"Feitosa,Lilian",001,10370,College & Graduate Arts & Sci,3.68,18,0,10,5,0,1,1,0,1,0,0
2025 Fall,FREN,3031,Finding Your Voice in French,014357,"Ogden,Amy",001,10161,College & Graduate Arts & Sci,3.75,17,0,9,5,1,2,0,0,0,0,0
2025 Fall,ASTR,1210,Intro Sky and Solar System,003045,"Pryal,Matthew",003,12409,College & Graduate Arts & Sci,3.58,135,1,45,53,18,10,0,3,2,1,2
2025 Fall,CHEM,1411,Intro College Chem I Lab,005986,"Morkowchuk,Lisa",003,10520,College & Graduate Arts & Sci,3.67,24,13,1,5,1,2,0,1,1,0,0
2025 Fall,ECON,4010,Game Theory,007943,"Engers,Maxim",100,11286,College & Graduate Arts & Sci,3.26,27,1,4,6,4,6,2,4,0,0,0
2025 Fall,FREN,1010,Elementary French I,014273,"Rey,Cecile Helene Christiane",001,11261,College & Graduate Arts & Sci,3.67,18,0,9,4,2,2,1,0,0,0,0
2025 Fall,SPAN,2020,Advanced Intermediate Spanish,035854,"Hertel,Tammy Jandrey",001,11278,College & Graduate Arts & Sci,3.57,18,1,6,9,0,1,0,0,0,0,1
2025 Fall,STAT,3080,From Data to Knowledge,040829,"Somal,Harsimran",001,11465,College & Graduate Arts & Sci,3.88,86,4,73,0,2,5,0,0,1,1,0
2025 Fall,SPAN,1060,Accelerated Elementary Spanish,035820,"Street,Matthew",003,11108,College & Graduate Arts & Sci,3.59,16,0,5,6,2,2,1,0,0,0,0
2025 Fall,MATH,4220,PDEs and Applied Math,023129,"Humphries,Peter Christopher Leslie",001,11597,College & Graduate Arts & Sci,3.55,40,5,14,4,9,6,1,0,0,0,1
2025 Fall,SPAN,2020,Advanced Intermediate Spanish,035854,"Hervas,Maria Jose Jorquera",014,11331,College & Graduate Arts & Sci,3.86,14,2,7,4,1,0,0,0,0,0,0
2025 Fall,CHEM,1411,Intro College Chem I Lab,005986,"Morkowchuk,Lisa",053,12118,College & Graduate Arts & Sci,3.61,21,7,9,2,0,0,1,0,0,1,1
2025 Fall,PHYS,3430,Electricity and Magnetism II,030866,"Paschke,Kent",001,10341,College & Graduate Arts & Sci,3.26,28,4,4,5,5,3,4,2,0,0,1
2025 Fall,PSYC,3006,Res Methods & Data Analysis II,032540,"Schmidt,Karen",100,10374,College & Graduate Arts & Sci,3.40,74,0,10,28,17,10,7,0,1,0,1
2025 Fall,SPAN,2020,Advanced Intermediate Spanish,035854,"Piriz Moguel,Ana",013,11075,College & Graduate Arts & Sci,3.84,16,1,8,6,1,0,0,0,0,0,0
2025 Fall,MUSI,3050,Music and Discourse,024790,...,001,11944,College & Graduate Arts & Sci,3.72,20,10,6,1,0,1,0,1,0,0,1
2025 Fall,FREN,2010,Intermediate French I,014315,"Hall,Elizabeth B",004,10152,College & Graduate Arts & Sci,3.62,14,0,6,3,2,3,0,0,0,0,0
2025 Fall,GERM,1010,Elementary German I,015642,"Parker,Stefanie Nauhardt",002,10166,College & Graduate Arts & Sci,3.52,17,0,5,5,2,4,1,0,0,0,0
2025 Fall,ITAL,1010,Elementary Italian I,020555,"Bonino,Nicole",001,10189,College & Graduate Arts & Sci,3.83,19,5,9,2,1,2,0,0,0,0,0
2025 Fall,ITAL,1010,Elementary Italian I,020555,"Mattioli,Stella",002,10190,College & Graduate Arts & Sci,3.97,20,10,8,2,0,0,0,0,0,0,0
2025 Fall,EVSC,3201,Fundamentals of Ecology Lab,014094,"Epstein,Howard",004,10134,College & Graduate Arts & Sci,3.57,14,0,9,1,1,2,0,0,0,0,1
2025 Fall,DRAM,3710,Playwriting I,007280,"Grissom,Doug",001,10065,College & Graduate Arts & Sci,3.94,10,0,8,2,0,0,0,0,0,0,0
2025 Fall,GERM,2020,Intermediate German II,015679,"Zuerner,Chrisann",001,11743,College & Graduate Arts & Sci,3.75,12,0,8,1,1,2,0,0,0,0,0
2025 Fall,CHEM,1411,Intro College Chem I Lab,005986,"Morkowchuk,Lisa",054,12119,College & Graduate Arts & Sci,3.55,22,10,8,1,0,0,0,0,0,1,2
2025 Fall,CHEM,1411,Intro College Chem I Lab,005986,"Morkowchuk,Lisa",056,12121,College & Graduate Arts & Sci,3.79,19,11,6,0,0,1,0,0,0,0,1
2025 Fall,CHEM,4410,Biological Chemistry I,005755,"Gahlmann,Andreas",001,10051,College & Graduate Arts & Sci,3.39,118,1,21,37,22,21,9,3,4,0,0
2025 Fall,CHEM,1411,Intro College Chem I Lab,005986,"Morkowchuk,Lisa",001,11885,College & Graduate Arts & Sci,3.66,23,9,7,3,0,2,0,1,0,0,1
2025 Fall,MATH,3310,Basic Real Analysis,023072,"Mark,Thomas",200,10250,College & Graduate Arts & Sci,3.15,32,1,6,8,0,8,2,0,6,1,0
2025 Fall,MATH,3354,Survey of Algebra,023084,"Gazaki,Evangelia",001,10252,College & Graduate Arts & Sci,3.42,33,5,7,7,4,3,2,4,1,0,0
2025 Fall,EGMT,1530,Engaging Differences,044514,"Miller,Peter Gerard",109,11927,College & Graduate Arts & Sci,3.90,20,1,18,0,0,0,0,0,1,0,0
2025 Fall,DRAM,1020,Speaking in Public,007178,"Wales,Jennifer",002,11722,College & Graduate Arts & Sci,3.96,16,0,14,2,0,0,0,0,0,0,0
2025 Fall,CHEM,4411,Biological Chemistry Lab I,005757,"Pompano,Rebecca",104,11887,College & Graduate Arts & Sci,3.47,18,0,5,6,2,3,0,2,0,0,0
2025 Fall,ENWR,1510,Writing and Critical Inquiry,013432,"Kostelnik,Kate Pamela",055,11936,College & Graduate Arts & Sci,3.76,18,0,10,6,0,0,2,0,0,0,0
2025 Fall,SPAN,3400,Spain: From Kingdom to Empire,035908,"Riva,FERNANDO",001,11609,College & Graduate Arts & Sci,3.99,20,8,11,1,0,0,0,0,0,0,0
2025 Fall,CHEM,1411,Intro College Chem I Lab,005986,"Morkowchuk,Lisa",062,12127,College & Graduate Arts & Sci,3.59,24,14,2,5,0,0,0,1,0,0,2
2025 Fall,ENWR,1510,Writing and Critical Inquiry,013432,"Childers,Jodie",036,11239,College & Graduate Arts & Sci,4.00,18,4,14,0,0,0,0,0,0,0,0
2025 Fall,KOR,1010,Elementary Korean I,020864,"Chung,Juyeon",002,11910,College & Graduate Arts & Sci,3.76,13,1,3,8,1,0,0,0,0,0,0
2025 Fall,CHEM,2311,Org Chem Lab I Non Chem Major,043154,"Chruma,Jason",015,11954,College & Graduate Arts & Sci,3.71,34,0,16,11,2,5,0,0,0,0,0
2025 Fall,CHIN,2010,Intermediate Chinese,006053,"Wang,Jun",002,11837,College & Graduate Arts & Sci,3.93,14,6,6,1,1,0,0,0,0,0,0
2025 Fall,CHEM,2311,Org Chem Lab I Non Chem Major,043154,"Chruma,Jason",014,11953,College & Graduate Arts & Sci,3.82,22,0,15,4,1,2,0,0,0,0,0
2025 Fall,SPAN,3010,Finding your Voice in Spanish,035893,"Padron,Ricardo",006,11900,College & Graduate Arts & Sci,3.82,18,0,13,2,2,0,1,0,0,0,0
2025 Fall,GERM,1010,Elementary German I,015642,"Parker,Stefanie",001,10167,College & Graduate Arts & Sci,3.63,16,1,8,1,1,5,0,0,0,0,0
2025 Fall,LATI,1010,Elementary Latin I,021103,"George,Coulter",100,10202,College & Graduate Arts & Sci,3.24,31,5,7,3,5,4,1,3,1,0,2
2025 Fall,PHYS,5880,Intro to Quantum Computing,044831,"Chern,Gia-Wei",001,12169,College & Graduate Arts & Sci,3.68,9,2,3,3,0,0,0,0,1,0,0
2025 Fall,DRAM,1010,How Theatre Works,007177,"Garey,Cady",002,11903,College & Graduate Arts & Sci,3.56,50,0,22,15,6,1,3,0,0,1,2
2025 Fall,ANTH,4591,Majors Seminar,000804,"Mentore,George",001,11599,College & Graduate Arts & Sci,3.72,12,0,2,9,1,0,0,0,0,0,0
2025 Fall,STAT,3220,Intro to Regression Analysis,040001,"Varanyak,Krista",003,12168,College & Graduate Arts & Sci,3.40,73,8,20,14,6,11,5,4,2,3,0
2025 Fall,ASTR,3150,Intro Interstellar Medium,046264,"Cleeves,Ilse",001,12567,College & Graduate Arts & Sci,3.82,13,4,5,2,1,1,0,0,0,0,0
2025 Fall,ANTH,1010,Introduction to Anthropology,000600,"Handler,Richard",001,10009,College & Graduate Arts & Sci,3.60,116,3,51,28,13,14,1,2,1,1,2
2025 Fall,CHIN,2020,Intermediate Chinese,006054,"Guo,Wen",001,11838,College & Graduate Arts & Sci,3.94,17,0,15,1,1,0,0,0,0,0,0
2025 Fall,EGMT,1520,Empirical Engagement,044513,"Ribic,Adema",206,12570,College & Graduate Arts & Sci,3.89,33,0,30,0,0,1,2,0,0,0,0
2025 Fall,RELH,2090,Hinduism,034386,"Leveille,Matthew Carlton",001,12611,College & Graduate Arts & Sci,3.87,22,2,15,3,0,2,0,0,0,0,0
2025 Fall,ENWR,1520,Writing & Community Engagement,045365,"Stephenson,Kate",001,11889,College & Graduate Arts & Sci,3.98,18,8,9,1,0,0,0,0,0,0,0
2025 Fall,GCCS,3010,Theories and Perspectives,045924,"Goldblatt,Laura",001,12216,College & Graduate Arts & Sci,3.82,24,0,16,7,0,0,0,0,0,1,0
2025 Fall,ECON,4365,Global Financial Markets,044412,"Fostel,Ana",098,12630,College & Graduate Arts & Sci,3.25,31,1,8,5,3,2,8,2,2,0,0
2025 Fall,MDST,3510,Topics in Media Research,045771,"Martin,Aaron",002,12826,College & Graduate Arts & Sci,3.78,25,1,16,5,0,2,0,0,1,0,0
2025 Fall,FREN,2020,Intermediate French II,014316,"Geer,Rachel Carrie",001,10157,College & Graduate Arts & Sci,3.98,15,2,12,1,0,0,0,0,0,0,0
2025 Fall,EGMT,1530,Engaging Differences,044514,"Jacobs,Andrew Steven",104,11479,College & Graduate Arts & Sci,3.89,29,7,21,0,0,0,0,0,0,0,1
2025 Fall,RUSS,1010,First-Year Russian I,034614,"Borovskaya-Ellis,Anna",001,10389,College & Graduate Arts & Sci,3.44,13,0,8,1,1,0,1,0,1,0,1
2025 Fall,ECON,3430,Sustainability Economics,045903,"Shobe,William",100,12193,College & Graduate Arts & Sci,3.56,177,11,51,68,17,16,8,0,2,1,3
2025 Fall,ENWR,1505,Writing & Critical Inquiry S1,013428,"Kostelnik,Kate",007,11892,College & Graduate Arts & Sci,3.77,10,0,8,0,0,1,1,0,0,0,0
2025 Fall,CHEM,1411,Intro College Chem I Lab,005986,"Morkowchuk,Lisa",047,12112,College & Graduate Arts & Sci,3.47,24,6,7,6,0,0,1,2,0,1,1
2025 Fall,MUSI,4065,The Black Voice,045502,"Carson,A.D.",001,12272,College & Graduate Arts & Sci,4.00,12,9,3,0,0,0,0,0,0,0,0
2025 Fall,MUSI,2340,Learn to Groove,039726,"Jospe,Robert",001,11897,College & Graduate Arts & Sci,4.00,20,5,15,0,0,0,0,0,0,0,0
2025 Fall,CHEM,1411,Intro College Chem I Lab,005986,"Morkowchuk,Lisa",050,12115,College & Graduate Arts & Sci,3.59,24,10,4,4,1,1,1,2,0,1,0
2025 Fall,STAT,1601,Intro Data Science with R,045055,"Roland,Kristen",003,11713,College & Graduate Arts & Sci,3.70,93,6,44,29,5,4,1,2,0,0,2
2025 Fall,MDST,3050,History of Media,023526,"Driscoll,Kevin",001,11829,College & Graduate Arts & Sci,3.54,80,0,15,36,20,6,2,0,0,0,1
2025 Fall,AAS,1010,African-Amer & African Stds I,000083,"Vinson,Robert",100,10003,College & Graduate Arts & Sci,3.59,167,0,46,81,18,12,4,2,2,1,1
2025 Fall,CHEM,2410,Organic Chemistry I,005698,"Heyboer,Ethan",400,11972,College & Graduate Arts & Sci,3.06,133,24,21,15,13,24,7,6,5,4,14
2025 Fall,ECON,4720,Econometric Methods,007983,"Kosenkova,Lidia",100,11118,College & Graduate Arts & Sci,3.48,12,0,2,6,1,2,0,1,0,0,0
2025 Fall,SOC,2280,Medical Sociology,045905,"Aviles,Natalie",100,12187,College & Graduate Arts & Sci,3.71,116,1,62,36,5,7,0,0,3,0,2
2025 Fall,CHEM,1411,Intro College Chem I Lab,005986,"Morkowchuk,Lisa",059,12124,College & Graduate Arts & Sci,3.82,23,12,2,6,2,1,0,0,0,0,0
2025 Fall,STAT,4630,Statistical Machine Learning,044234,"Yu,Shan",002,11823,College & Graduate Arts & Sci,3.82,60,15,25,13,3,3,0,1,0,0,0
2025 Fall,PLAP,4500,Special Topics,031588,"Rivero,Albert",002,11852,College & Graduate Arts & Sci,3.72,14,0,5,6,3,0,0,0,0,0,0
2025 Fall,ENGL,4998,Distinguished Majors Program,011992,"Rody,Caroline",001,11945,College & Graduate Arts & Sci,3.87,10,0,7,2,1,0,0,0,0,0,0
2025 Fall,GSVS,2150,Global Sustainability,043975,"Phillips,Spencer",001,11601,College & Graduate Arts & Sci,3.93,44,13,29,1,0,0,0,0,0,0,1
2025 Fall,STAT,3130,Dsgn & Analy of Sample Surveys,036663,"Weinstock,Justin",001,12661,College & Graduate Arts & Sci,3.59,85,9,29,21,11,3,7,4,0,1,0
2025 Fall,MATH,1320,Calculus II,022954,"Aitzhanova,Bakhyt",400,11988,College & Graduate Arts & Sci,3.22,23,2,8,1,5,0,1,4,0,0,2
2025 Fall,CHEM,1411,Intro College Chem I Lab,005986,"Morkowchuk,Lisa",055,12120,College & Graduate Arts & Sci,3.55,19,13,1,1,0,0,1,0,1,1,1
2025 Fall,CHEM,1411,Intro College Chem I Lab,005986,"Morkowchuk,Lisa",043,12108,College & Graduate Arts & Sci,3.75,24,8,6,8,0,0,1,0,0,1,0
2025 Fall,CHEM,1411,Intro College Chem I Lab,005986,"Morkowchuk,Lisa",044,12109,College & Graduate Arts & Sci,3.73,24,13,3,4,0,0,4,0,0,0,0
2025 Fall,HBIO,4950,Indep Research for Human Biol,017972,"Timko,Michael",001,10182,College & Graduate Arts & Sci,3.82,11,3,5,1,1,1,0,0,0,0,0
2025 Fall,EGMT,1530,Engaging Differences,044514,"Potter,Rachel Augustine",111,12428,College & Graduate Arts & Sci,3.94,34,0,29,4,1,0,0,0,0,0,0
2025 Fall,CHEM,2311,Org Chem Lab I Non Chem Major,043154,"Chruma,Jason",004,11246,College & Graduate Arts & Sci,3.86,35,1,23,9,0,1,1,0,0,0,0
2025 Fall,CHEM,1411,Intro College Chem I Lab,005986,"Morkowchuk,Lisa",065,12130,College & Graduate Arts & Sci,3.96,24,13,8,3,0,0,0,0,0,0,0
2025 Fall,WGS,3125,Transnational Feminism,040835,"Basu,Srimati",001,12294,College & Graduate Arts & Sci,3.68,27,0,15,8,0,3,0,0,0,0,1
2025 Fall,CHEM,2311,Org Chem Lab I Non Chem Major,043154,"Chruma,Jason",017,11956,College & Graduate Arts & Sci,3.72,26,1,13,7,2,2,0,1,0,0,0
2025 Fall,STAT,4630,Statistical Machine Learning,044234,"Yu,Shan",001,11822,College & Graduate Arts & Sci,3.81,60,22,17,17,3,0,0,0,0,0,1
2025 Fall,SOC,5120,Intermediate Statistics,035535,"Slez,Adam",100,12701,College & Graduate Arts & Sci,3.81,7,0,5,1,0,1,0,0,0,0,0
2025 Fall,PHYS,2030,Princip of Physics 1 Workshop,030811,"Bychkov,Maksim",012,10489,College & Graduate Arts & Sci,3.99,26,7,18,1,0,0,0,0,0,0,0
2025 Fall,PSYC,3310,RM: R Applications in Psych,045373,"Meyer,M. Joseph",001,11843,College & Graduate Arts & Sci,3.89,65,11,38,11,4,1,0,0,0,0,0
2025 Fall,EGMT,1530,Engaging Differences,044514,"Abdelghaffar,Alaa Adel Elsayed",213,12591,College & Graduate Arts & Sci,4.00,30,15,15,0,0,0,0,0,0,0,0
2025 Fall,CHEM,2311,Org Chem Lab I Non Chem Major,043154,"Chruma,Jason",011,11950,College & Graduate Arts & Sci,3.77,34,3,14,12,3,2,0,0,0,0,0
2025 Fall,MDST,8000,"Media, Culture & Technology",038974,"Cavalcante,Andre",001,12277,College & Graduate Arts & Sci,3.98,14,1,12,1,0,0,0,0,0,0,0
2025 Fall,ECON,7020,Macroeconomic Theory I,008021,"Smirnyagin,Vladimir",100,10114,College & Graduate Arts & Sci,3.58,20,0,6,6,5,3,0,0,0,0,0
2025 Fall,MATH,3340,Complex Variables,023074,"Rapinchuk,Andrei",001,11229,College & Graduate Arts & Sci,3.87,33,16,12,3,0,1,0,0,0,1,0
2025 Fall,CHEM,1411,Intro College Chem I Lab,005986,"Morkowchuk,Lisa",067,12132,College & Graduate Arts & Sci,3.65,24,13,4,2,1,0,2,0,0,2,0
2025 Fall,ECON,4340,Theory of Financial Markets,007968,"Burton,Edwin",001,10109,College & Graduate Arts & Sci,3.54,241,2,113,22,15,75,14,0,0,0,0
2025 Fall,PLAD,4960,Distinguished Majors Thesis,031227,"Waldner,David",001,12091,College & Graduate Arts & Sci,3.88,15,0,9,6,0,0,0,0,0,0,0
2025 Fall,MATH,2310,Calculus III,023024,"James,Daniel",200,12727,College & Graduate Arts & Sci,3.41,42,3,16,8,2,6,3,0,2,0,2
2025 Fall,CHEM,2311,Org Chem Lab I Non Chem Major,043154,"Chruma,Jason",018,12555,College & Graduate Arts & Sci,3.44,27,0,9,6,7,1,2,1,0,0,1
2025 Fall,MDST,3490,Comedy & Humor Across Media,046537,"Rao,Pallavi",001,12757,College & Graduate Arts & Sci,3.94,25,1,20,3,1,0,0,0,0,0,0
2025 Fall,PHIL,2110,Hist of Phil: Anc & Medieval,030056,"Secada,Jorge",100,10321,College & Graduate Arts & Sci,3.47,46,4,10,11,10,7,3,0,0,0,1
2025 Fall,GETR,3464,Stories of Love and Adventure,045859,"McDonald,William",001,12722,College & Graduate Arts & Sci,3.62,30,0,6,15,7,2,0,0,0,0,0
2025 Fall,PHYS,1110,"Energy, Science and Society",030782,"Dukes,E",001,11483,College & Graduate Arts & Sci,3.53,46,9,12,7,9,3,2,1,3,0,0
2025 Fall,CHEM,1411,Intro College Chem I Lab,005986,"Morkowchuk,Lisa",037,11446,College & Graduate Arts & Sci,3.75,24,14,3,2,2,0,3,0,0,0,0
2025 Fall,ENWR,1510,Writing and Critical Inquiry,013432,"Little,Dana",038,11259,College & Graduate Arts & Sci,4.00,18,2,16,0,0,0,0,0,0,0,0
2025 Fall,ENWR,1510,Writing and Critical Inquiry,013432,...,008,10441,College & Graduate Arts & Sci,3.89,18,0,15,1,1,1,0,0,0,0,0
2025 Fall,DANC,2300,Dance Improvisation,007225,"Schetlick,Kathryn",001,10505,College & Graduate Arts & Sci,3.95,12,0,10,2,0,0,0,0,0,0,0
2025 Fall,ENWR,1510,Writing and Critical Inquiry,013432,"Carter,Tyler",027,10458,College & Graduate Arts & Sci,3.87,18,0,15,1,1,0,1,0,0,0,0
2025 Fall,MUSI,3310,Theory I,024801,"DeVeaux,Scott",001,12186,College & Graduate Arts & Sci,3.42,14,0,5,4,0,2,2,0,0,1,0
2025 Fall,ENWR,1510,Writing and Critical Inquiry,013432,"Richardson,Sarah",047,11458,College & Graduate Arts & Sci,3.97,18,16,0,2,0,0,0,0,0,0,0
2025 Fall,EGMT,1520,Empirical Engagement,044513,"Samonina,Jelena",213,12581,College & Graduate Arts & Sci,4.00,35,27,8,0,0,0,0,0,0,0,0
2025 Fall,MUSI,3332,Musicianship I,025175,"Carter,Adam",001,10316,College & Graduate Arts & Sci,3.91,10,2,5,3,0,0,0,0,0,0,0
2025 Fall,MATH,1310,Calculus I,022953,"James,Daniel",200,10223,College & Graduate Arts & Sci,2.66,25,1,4,4,3,0,1,6,0,2,4
2025 Fall,MATH,1310,Calculus I,022953,"James,Daniel",400,10225,College & Graduate Arts & Sci,2.48,27,2,4,3,4,1,0,4,1,2,6
2025 Fall,PHYS,2010,Principles of Physics 1,030809,"Grouchy,Rebecca",004,11241,College & Graduate Arts & Sci,3.34,124,17,27,23,21,8,9,8,4,2,5
2025 Fall,ENWR,1510,Writing and Critical Inquiry,013432,"Goad,Rhiannon",013,10446,College & Graduate Arts & Sci,3.87,18,0,14,2,1,1,0,0,0,0,0
2025 Fall,SPAN,2020,Advanced Intermediate Spanish,035854,"Barlow,Jennifer",017,12828,College & Graduate Arts & Sci,3.76,18,0,6,10,2,0,0,0,0,0,0
2025 Fall,STAT,3120,Intro Mathematical Statistics,040000,"Slawski,Martin",002,12167,College & Graduate Arts & Sci,3.99,26,6,19,1,0,0,0,0,0,0,0
2025 Fall,KOR,3010,Advanced Korean I,020868,"Han,Rosa",001,10500,College & Graduate Arts & Sci,3.61,15,3,2,5,3,1,1,0,0,0,0
2025 Fall,CHEM,2311,Org Chem Lab I Non Chem Major,043154,"Chruma,Jason",005,11471,College & Graduate Arts & Sci,3.75,35,1,18,11,2,1,1,1,0,0,0
2025 Fall,PHYS,2030,Princip of Physics 1 Workshop,030811,"Bychkov,Maksim",009,10486,College & Graduate Arts & Sci,3.79,25,2,19,1,0,1,0,0,2,0,0
2025 Fall,MDST,2710,Screenwriting,041013,"Marshall,Matthew",001,12716,College & Graduate Arts & Sci,3.88,20,0,12,8,0,0,0,0,0,0,0
2025 Fall,EGMT,1520,Empirical Engagement,044513,"Schoppa,Leonard",102,11474,College & Graduate Arts & Sci,3.90,35,11,21,0,2,0,0,0,1,0,0
2025 Fall,EGMT,1520,Empirical Engagement,044513,"Singerman,David",211,12579,College & Graduate Arts & Sci,3.96,34,28,4,1,0,1,0,0,0,0,0
2025 Fall,ASL,2010,Intermed Amer Sign Language I,003001,"Eshgi,Maher",001,10432,College & Graduate Arts & Sci,3.24,13,0,4,2,1,2,2,1,0,1,0
2025 Fall,PPL,2010,"Morality, Law and the State",032134,"Snedegar,Justin",001,11861,College & Graduate Arts & Sci,3.96,23,0,20,3,0,0,0,0,0,0,0
2025 Fall,RUTR,2350,Russian and East European Film,040715,"Stepanic,Stanley",001,11819,College & Graduate Arts & Sci,3.82,63,1,45,10,3,2,1,0,0,0,1
2025 Fall,ANTH,3010,Theory & History Anthropology,000708,"Igoe,Jim",001,12680,College & Graduate Arts & Sci,3.51,33,0,5,16,7,3,1,0,0,1,0
2025 Fall,STAT,2120,Intro to Statistical Analysis,036655,"Martinet,Gretchen",001,10423,College & Graduate Arts & Sci,3.45,146,2,44,44,16,19,9,4,4,1,3
2025 Fall,MATH,1310,Calculus I,022953,"James,Daniel",700,10235,College & Graduate Arts & Sci,2.52,27,0,5,1,4,3,0,7,2,0,5
2025 Fall,MATH,1320,Calculus II,022954,"Aitzhanova,Bakhyt",300,10237,College & Graduate Arts & Sci,3.49,25,9,7,0,4,1,1,1,1,0,1
2025 Fall,ENWR,1510,Writing and Critical Inquiry,013432,...,014,10447,College & Graduate Arts & Sci,3.97,18,0,16,2,0,0,0,0,0,0,0
2025 Fall,ASL,2010,Intermed Amer Sign Language I,003001,"Eshgi,Maher",002,10431,College & Graduate Arts & Sci,3.32,16,0,4,3,3,3,2,0,0,1,0
2025 Fall,ENWR,1510,Writing and Critical Inquiry,013432,"donovan,devin",009,10442,College & Graduate Arts & Sci,3.98,12,2,9,1,0,0,0,0,0,0,0
2025 Fall,EGMT,1530,Engaging Differences,044514,"Feldberg,Olga Alexandrovna",212,12590,College & Graduate Arts & Sci,3.81,31,6,20,0,1,3,0,0,0,1,0
2025 Fall,KOR,2010,Intermediate Korean I,020866,"Han,Rosa",002,10581,College & Graduate Arts & Sci,3.32,14,0,4,3,1,2,3,0,1,0,0
2025 Fall,MATH,4110,Intro to Stochastic Processes,023119,"Melcher,Tai",001,11328,College & Graduate Arts & Sci,3.22,29,0,10,3,0,8,4,0,2,2,0
2025 Fall,ENWR,1510,Writing and Critical Inquiry,013432,...,045,11455,College & Graduate Arts & Sci,3.66,18,0,13,2,0,0,1,0,1,1,0
2025 Fall,EGMT,1530,Engaging Differences,044514,"Poveda Moreno,Maria Esther",105,11480,College & Graduate Arts & Sci,3.88,20,0,14,5,0,1,0,0,0,0,0
2025 Fall,DRAM,2310,Costume Technology,007220,"Linton,Marcy",001,12699,College & Graduate Arts & Sci,3.98,15,8,6,1,0,0,0,0,0,0,0
2025 Fall,EGMT,1520,Empirical Engagement,044513,"Roland,Kristen Elizabeth",103,12172,College & Graduate Arts & Sci,4.00,20,18,2,0,0,0,0,0,0,0,0
2025 Fall,FREN,2020,Intermediate French II,014316,"Geer,Rachel Carrie",005,12278,College & Graduate Arts & Sci,3.93,15,1,13,0,0,1,0,0,0,0,0
2025 Fall,WGS,3100,Intro to WGS Theory,046694,"Gonzales,Isabel",001,12781,College & Graduate Arts & Sci,3.35,20,4,8,0,2,1,2,0,2,0,1
2025 Fall,GERM,2010,Intermediate German I,015678,"Schenberg,Cora",002,12725,College & Graduate Arts & Sci,3.85,18,4,10,1,2,1,0,0,0,0,0
2025 Fall,PSYC,2005,Rsch Methods & Data Analysis I,032539,"Smyth,Frederick Leroy",002,11841,College & Graduate Arts & Sci,3.04,179,25,36,19,16,28,9,12,10,5,19
2025 Fall,MATH,2310,Calculus III,023024,"Campbell,Jacob",400,11355,College & Graduate Arts & Sci,3.41,35,5,11,4,2,5,3,3,2,0,0
2025 Fall,ENWR,1505,Writing & Critical Inquiry S1,013428,"Kostelnik,Kate",005,11891,College & Graduate Arts & Sci,3.39,11,0,3,1,4,1,2,0,0,0,0
2025 Fall,ENWR,1510,Writing and Critical Inquiry,013432,"Wang,Tracey",011,10444,College & Graduate Arts & Sci,3.82,18,1,11,4,1,0,1,0,0,0,0
2025 Fall,GSVS,3310,Sustainability Policy,046683,"Phillips,Spencer",001,12783,College & Graduate Arts & Sci,3.97,55,7,44,3,1,0,0,0,0,0,0
2025 Fall,ENWR,1510,Writing and Critical Inquiry,013432,"Sophronius,Jeddie",025,10456,College & Graduate Arts & Sci,4.00,17,7,10,0,0,0,0,0,0,0,0
2025 Fall,ENWR,1510,Writing and Critical Inquiry,013432,"Little,Dana",031,10462,College & Graduate Arts & Sci,4.00,18,2,16,0,0,0,0,0,0,0,0
2025 Fall,ENWR,2510,Advanced Writing Seminar,013441,"Seitz,James",003,11890,College & Graduate Arts & Sci,3.98,16,3,12,1,0,0,0,0,0,0,0
2025 Fall,PORT,2050,Intensive Portuguese,045572,"Feitosa,Lilian",001,12202,College & Graduate Arts & Sci,3.46,11,0,4,4,1,0,0,1,0,1,0
2025 Fall,CHEM,5340,Nanomaterials,044283,"Zhu,Huiyuan",001,12835,College & Graduate Arts & Sci,3.67,28,2,7,11,7,1,0,0,0,0,0
2025 Fall,GETR,3464,Stories of Love and Adventure,045859,"McDonald,William",002,12875,College & Graduate Arts & Sci,3.52,30,0,6,11,8,3,2,0,0,0,0
2025 Fall,MATH,1140,Financial Mathematics,022937,"Cernekova,Kristina",002,12730,College & Graduate Arts & Sci,3.34,35,3,11,7,5,1,3,1,1,0,3
2025 Fall,PHYS,2030,Princip of Physics 1 Workshop,030811,"Bychkov,Maksim",013,10490,College & Graduate Arts & Sci,3.82,26,7,13,4,1,0,0,0,0,0,1
2025 Fall,PST,4850,PST Core Seminar I,032367,"Reed,Isaac",001,10493,College & Graduate Arts & Sci,3.92,20,2,14,3,1,0,0,0,0,0,0
2025 Fall,PSPM,5005,Quality Management,046983,"Smith,Douglass",701,20866,Continuing & Prof Studies,3.57,6,0,3,1,0,1,1,0,0,0,0
2025 Fall,HIUS,3559,New Course: HIUS,039311,"Cushman,Stephen B",001,19180,College & Graduate Arts & Sci,3.91,21,0,16,4,1,0,0,0,0,0,0
2025 Fall,RELB,2200,Intro Buddhist Philosophy,046592,"Zuckerman,Devin Connell",001,19282,College & Graduate Arts & Sci,3.77,23,0,16,3,1,1,2,0,0,0,0
2025 Fall,GCOM,7040,Marketing & QA,037978,"Mittal,Chiraag",002,17892,McIntire School of Commerce,3.55,69,0,17,27,14,7,3,0,0,1,0
2025 Fall,GCOM,7050,Organizational Behavior,037979,"Zhao,Yue",002,17893,McIntire School of Commerce,3.77,69,0,32,25,11,1,0,0,0,0,0
2025 Fall,GCOM,7400,Leading for Success in Acct,039676,"Roberts,Andrea",001,17895,McIntire School of Commerce,3.79,53,0,24,23,6,0,0,0,0,0,0
2025 Fall,COMM,5140,AcctforDecision Making&Control,006550,"Roberts,Andrea",002,17924,McIntire School of Commerce,3.64,42,0,6,26,9,1,0,0,0,0,0
2025 Fall,STAT,3080,From Data to Knowledge,040829,"Somal,Harsimran",002,19554,College & Graduate Arts & Sci,3.83,89,2,69,0,12,5,0,0,1,0,0
2025 Fall,ECE,6850,Intro to Control Systems,045743,"Lin,Zongli",001,15942,Engineering & Applied Science,3.33,26,2,4,5,5,3,6,1,0,0,0
2025 Fall,AAS,3770,Black Girlhood & the Media,047912,"Wade,Ashleigh",001,19859,College & Graduate Arts & Sci,4.00,29,4,25,0,0,0,0,0,0,0,0
2025 Fall,ANTH,3332,Anthropology of Disability,047971,"Marie,Aron",001,20034,College & Graduate Arts & Sci,3.74,19,5,8,4,1,0,0,0,0,0,1
2025 Fall,MDST,2508,Topics in Media Practice,044925,"Duncan,Sean",001,20038,College & Graduate Arts & Sci,3.43,18,0,7,0,5,5,0,1,0,0,0
2025 Fall,EDIS,5080,Differentiating Instruction,045846,"Moran,Melinda",500,17001,School of Education and HumanDev,3.50,14,0,8,2,2,1,0,0,0,0,1
2025 Fall,COMM,4450,Federal Taxation,006512,"Franks Jr.,Harry Allen",002,20610,McIntire School of Commerce,3.45,23,2,6,4,2,7,1,1,0,0,0
2025 Fall,ECON,4190,Industrial Organization,007959,"Ciliberto,Federico",001,19769,College & Graduate Arts & Sci,3.48,38,10,7,8,0,7,4,0,1,0,1
2025 Fall,PLAN,3020,Planning in Government,046299,"Cockrell,William",001,17728,School of Architecture,3.77,46,3,25,9,7,0,1,1,0,0,0
2025 Fall,ARH,5201,Art and Architecture of Venice,043368,"Shenouda,Monica",001,17731,School of Architecture,3.55,17,1,4,5,4,2,1,0,0,0,0
2025 Fall,GCOM,7380,Data Mgt & Analytics for Accts,044316,"Liang,Yi",002,17954,McIntire School of Commerce,3.55,26,0,2,14,8,2,0,0,0,0,0
2025 Fall,CHEM,1411,Intro College Chem I Lab,005986,"Morkowchuk,Lisa",015,20158,College & Graduate Arts & Sci,3.78,24,14,5,2,0,1,1,0,0,1,0
2025 Fall,ISBU,3451,Fundamentals of Marketing,020283,"Brabham,Daren",101,20876,Continuing & Prof Studies,3.84,18,0,12,4,1,1,0,0,0,0,0
2025 Fall,MATH,1190,A Survey of Calc I w Algebra,023387,"Rolf,James Scott",100,11175,College & Graduate Arts & Sci,2.90,34,4,8,3,4,2,2,3,4,0,4
2025 Fall,EDLF,7812,Ldshp for Continuous Improve,042238,"Eddy Spicer,David H",500,17008,School of Education and HumanDev,3.73,18,0,10,6,0,1,0,0,1,0,0
2025 Fall,EDLF,8382,Introduction to Ed Inquiry,044849,"Meyers,Coby",501,17024,School of Education and HumanDev,3.58,8,0,3,1,3,1,0,0,0,0,0
2025 Fall,ENWR,1510,Writing and Critical Inquiry,013432,...,005,11638,College & Graduate Arts & Sci,3.70,17,1,5,8,1,2,0,0,0,0,0
2025 Fall,MAE,7720,Computationl Fluid Dynamics II,022710,"Dong,Haibo",001,20495,Engineering & Applied Science,4.00,6,2,4,0,0,0,0,0,0,0,0
2025 Fall,LPPP,7559,New Course: PPOL,044184,"Simon,Andrew",002,20500,Batten Leadership & Public Pol,3.45,11,0,5,2,1,1,0,1,1,0,0
2025 Fall,ANTH,3290,Life and Technology,045108,"Zigon,Jarrett",001,11653,College & Graduate Arts & Sci,3.92,52,11,30,9,2,0,0,0,0,0,0
2025 Fall,MATH,1150,The Shape of Space,022938,"Choi,Kyong Mi",001,20140,College & Graduate Arts & Sci,3.87,35,0,30,2,1,1,0,0,0,1,0
2025 Fall,GNUR,6010,Advanced Pathophysiology,016929,"Quatrara,Beth",001,17315,School of Nursing,3.64,85,0,26,37,12,7,2,1,0,0,0
2025 Fall,MDST,2690,Sports Journalism,044470,"Clay,Anna",001,11725,College & Graduate Arts & Sci,3.55,20,0,6,11,1,1,0,0,0,0,1
2025 Fall,ASTR,3470,Science & Controversy,003086,"Pryal,Matthew",001,13460,College & Graduate Arts & Sci,3.76,54,2,34,12,3,0,1,1,0,0,1
2025 Fall,MEST,3490,"Refuge, Otherness, and Crisis",046094,"Gilboa,Zvi",001,19421,College & Graduate Arts & Sci,3.88,13,0,11,1,0,0,1,0,0,0,0
2025 Fall,ENGL,2599,Special Topics,012514,"Wall,Cynthia",001,19649,College & Graduate Arts & Sci,3.60,20,0,8,2,9,1,0,0,0,0,0
2025 Fall,PLAN,5611,Barcelona Urban History,044591,"Bailo Esteve,Manuel",501,20041,School of Architecture,3.53,12,2,4,2,1,1,0,2,0,0,0
2025 Fall,CS,6770,Natural Language Processing,048128,"Ji,Yangfeng",001,20511,Engineering & Applied Science,3.81,66,14,31,13,3,1,3,1,0,0,0
2025 Fall,COMM,4790,Fundamentals of R.E. Analysis,006542,"Korgaonkar,Sanket",002,17937,McIntire School of Commerce,3.40,34,0,11,5,8,3,4,3,0,0,0
2025 Fall,CE,6470,Transport Economics & Finance,037398,"Chen,Tong",001,19626,Engineering & Applied Science,4.00,7,4,3,0,0,0,0,0,0,0,0
2025 Fall,COMM,4644,Persuasion & Influence,046711,"Allison,Kiera",001,17956,McIntire School of Commerce,3.74,18,0,12,1,3,1,1,0,0,0,0
2025 Fall,PHYS,2030,Princip of Physics 1 Workshop,030811,"Bychkov,Maksim",015,12477,College & Graduate Arts & Sci,3.98,26,8,16,2,0,0,0,0,0,0,0
2025 Fall,COMM,4380,Consumer Behav & Mktg Strategy,006522,"Cheema,Amar",001,17896,McIntire School of Commerce,3.43,32,1,5,8,9,7,2,0,0,0,0
2025 Fall,COMM,4690,Global Management,006532,"Seaborn,Paul",001,17898,McIntire School of Commerce,3.63,40,0,3,29,6,2,0,0,0,0,0
2025 Fall,EDIS,6760,Literacy Leadership Coaching,041923,"Austin,Ottilie",500,17000,School of Education and HumanDev,3.95,19,0,16,3,0,0,0,0,0,0,0
2025 Fall,ARCH,7010,Foundation Studio III,001680,"Lorenz,Esther",001,17641,School of Architecture,3.73,11,1,5,2,2,1,0,0,0,0,0
2025 Fall,COMM,3020,Behavior Issues in Mktg & Mgmt,006454,"Allison,Kiera",400,17851,McIntire School of Commerce,3.58,50,0,11,19,15,5,0,0,0,0,0
2025 Fall,GCOM,7010,Global Strategy and Systems,038175,"Harris,Ira C",002,17889,McIntire School of Commerce,3.44,69,0,8,18,34,7,2,0,0,0,0
2025 Fall,EDIS,6200,Principles of Curric Design,045847,"Isley,Deanna",500,17003,School of Education and HumanDev,3.75,22,0,16,1,0,4,1,0,0,0,0
2025 Fall,CHE,4475,Process Safety in Design,046275,"Unnerstall,Ronald",001,15653,Engineering & Applied Science,3.61,41,3,17,11,6,0,0,0,3,1,0
2025 Fall,ANTH,3325,Capitalism & Culture,043557,"Weston,Kath",001,19433,College & Graduate Arts & Sci,3.90,30,3,22,3,1,0,1,0,0,0,0
2025 Fall,PHYS,1429,Intro Physics 1 Workshop,031036,"Bychkov,Maksim",001,11198,College & Graduate Arts & Sci,3.83,24,2,19,1,0,1,0,0,0,0,1
2025 Fall,ALAR,8010,Research Studio 1,042199,"Wettstein,Emily",004,17699,School of Architecture,3.85,6,0,3,3,0,0,0,0,0,0,0
2025 Fall,ALAR,8010,Research Studio 1,042199,"Stranix,Kathleen Bridget",005,17700,School of Architecture,3.38,6,0,1,1,3,0,1,0,0,0,0
2025 Fall,GCOM,7230,Data Mgmt for Decision Making,043909,"Schuff,David Michael",001,17959,McIntire School of Commerce,3.46,17,0,3,4,7,3,0,0,0,0,0
2025 Fall,RUTR,2370,Fairy Tales,044615,"Dianina,Katia",001,12483,College & Graduate Arts & Sci,3.87,18,2,11,3,2,0,0,0,0,0,0
2025 Fall,ISBU,3840,International Business,020288,"Schnur,Michael David",101,20877,Continuing & Prof Studies,3.79,17,0,8,7,2,0,0,0,0,0,0
2025 Fall,ARCH,7250,Environmental Systems,001693,"Field,Eric",001,17640,School of Architecture,3.43,42,0,11,12,8,7,2,1,0,0,1
2025 Fall,GCOM,7320,Accounting Policy,015399,"Lefanowicz,Craig",002,17914,McIntire School of Commerce,3.79,26,0,12,11,3,0,0,0,0,0,0
2025 Fall,COMM,1800,Foundations of Commerce,006438,"Costanza,David",005,17969,McIntire School of Commerce,3.48,159,3,54,37,24,25,6,4,3,1,2
2025 Fall,ENWR,1510,Writing and Critical Inquiry,013432,...,019,10450,College & Graduate Arts & Sci,3.81,18,0,8,9,1,0,0,0,0,0,0
2025 Fall,ARCH,2010,Foundation Studio II,001493,"Cleckley,Elgin Louis",105,17683,School of Architecture,3.91,13,5,4,4,0,0,0,0,0,0,0
2025 Fall,COMM,2730,Personal Finance,006451,"Kelly,Dorothy",002,17944,McIntire School of Commerce,3.88,50,0,30,20,0,0,0,0,0,0,0
2025 Fall,COMM,4720,Adv Corp Finance: Val & Restr,006541,"Schenone,Carola",003,17953,McIntire School of Commerce,3.49,32,0,16,4,5,1,5,0,0,0,1
2025 Fall,GNUR,9710,Implementation of Pract Change,047393,"DeGennaro,Regina Maffeo",200,20792,School of Nursing,3.98,16,14,1,1,0,0,0,0,0,0,0
2025 Fall,PSPM,5030,Intro to Project Mgmt,029786,"Kropp,Edward H.",701,20867,Continuing & Prof Studies,3.86,14,0,10,2,2,0,0,0,0,0,0
2025 Fall,PHYS,5630,Computational Physics I,030897,"Hirosky,Robert",001,10345,College & Graduate Arts & Sci,3.93,15,0,13,1,1,0,0,0,0,0,0
2025 Fall,CHEM,2311,Org Chem Lab I Non Chem Major,043154,"Chruma,Jason",007,11629,College & Graduate Arts & Sci,3.59,35,3,18,8,3,0,0,1,0,0,2
2025 Fall,EDIS,7220,Intro to Gifted,009709,"Hock,Michelle",500,16996,School of Education and HumanDev,3.54,20,0,14,4,0,0,0,0,0,0,2
2025 Fall,LAR,6110,History of Landscape Design I,020909,"Lee,Michael",001,17650,School of Architecture,3.16,29,0,4,4,12,5,0,1,2,0,1
2025 Fall,ARCH,7010,Foundation Studio III,001680,"Gonzalez Aranguren,Maria",002,17653,School of Architecture,3.55,11,1,2,4,3,0,0,1,0,0,0
2025 Fall,COMM,4790,Fundamentals of R.E. Analysis,006542,"Korgaonkar,Sanket",001,17879,McIntire School of Commerce,3.47,33,0,6,10,9,7,1,0,0,0,0
2025 Fall,HIST,5501,Digital Map History,045505,"Edelson,Scott Max",001,19179,College & Graduate Arts & Sci,3.78,9,0,5,2,2,0,0,0,0,0,0
2025 Fall,PLAP,3242,The Politics of Artificial Int,048048,"Whaley,Carah Ong",001,20217,College & Graduate Arts & Sci,3.86,29,2,24,1,0,0,0,1,1,0,0
2025 Fall,COMM,3020,Behavior Issues in Mktg & Mgmt,006454,"Foutz,Ying Natasha Zhang",700,17849,McIntire School of Commerce,3.60,50,0,8,28,9,4,1,0,0,0,0
2025 Fall,ECON,3030,Money and Banking,007910,"Doyle,Carter",099,11419,College & Graduate Arts & Sci,3.53,118,1,39,45,14,6,6,3,0,0,4
2025 Fall,STS,4500,STS and Engineering Practice,036749,"Carrigan,Coleen",014,14971,Engineering & Applied Science,3.36,31,2,10,9,2,4,0,0,0,2,2
2025 Fall,PSLP,5330,Communication & Team Develpmnt,004346,"McCarthy,John R",701,20862,Continuing & Prof Studies,3.89,20,15,1,3,0,0,1,0,0,0,0
2025 Fall,GCCS,3100,Studying Global Commerce,047407,"Fink,Pierre-Christian",001,19719,College & Graduate Arts & Sci,3.93,25,3,16,6,0,0,0,0,0,0,0
2025 Fall,MAE,6592,Spec Topcs in Mech & Aero Engr,022685,"Tang,Toni",003,19728,Engineering & Applied Science,3.56,14,1,1,7,3,2,0,0,0,0,0
2025 Fall,PLCP,3500,Topics in Comp Politics,041289,"Solomon,Sophia",002,19516,College & Graduate Arts & Sci,3.76,34,0,16,13,3,2,0,0,0,0,0
2025 Fall,ARAH,9515,Sem Medieval Art,039136,"Ramirez-Weaver,Eric Matthew",001,20825,College & Graduate Arts & Sci,3.83,6,3,1,1,1,0,0,0,0,0,0
2025 Fall,EDIS,6220,Assessment of Curriculum: K-12,045848,"Falls,Melanie",500,17002,School of Education and HumanDev,3.93,23,2,18,1,2,0,0,0,0,0,0
2025 Fall,ARCH,3010,Foundation Studio IV,001517,"Phinney,Lucia",003,17684,School of Architecture,3.55,13,0,4,4,3,0,2,0,0,0,0
2025 Fall,EDHS,8680,Cognitive Neuroscience,045948,"Brenner,Laurie A",001,20516,School of Education and HumanDev,4.00,8,2,6,0,0,0,0,0,0,0,0
2025 Fall,STS,4500,STS and Engineering Practice,036749,"Wylie,Caitlin",001,14757,Engineering & Applied Science,3.44,29,0,14,6,2,2,2,0,1,1,1
2025 Fall,STS,4500,STS and Engineering Practice,036749,"Wylie,Caitlin",002,14758,Engineering & Applied Science,3.53,31,0,16,7,1,3,2,0,0,1,1
2025 Fall,STS,4500,STS and Engineering Practice,036749,"Laugelli,Benjamin",010,14760,Engineering & Applied Science,3.94,31,11,17,2,0,0,1,0,0,0,0
2025 Fall,STAT,6250,Longitudinal Data Analysis,041355,"Zhou,Jianhui",001,19560,College & Graduate Arts & Sci,3.98,19,1,17,1,0,0,0,0,0,0,0
2025 Fall,EDIS,5013,Teaching SEL,045080,"Nicholas-Stokes,Pamela",500,17028,School of Education and HumanDev,3.94,20,0,16,4,0,0,0,0,0,0,0
2025 Fall,EDIS,5140,Instruct & Collab Special Ed,009436,"Morano,Stephanie",500,17204,School of Education and HumanDev,3.96,16,4,11,0,1,0,0,0,0,0,0
2025 Fall,GNUR,6056,Health Policy,016935,"Acquaviva,Kimberly",001,17429,School of Nursing,3.93,32,17,13,0,0,1,1,0,0,0,0
2025 Fall,ARCH,2010,Foundation Studio II,001493,"Cantrell,Lauren",101,17679,School of Architecture,3.71,14,2,6,1,4,1,0,0,0,0,0
2025 Fall,COMM,3020,Behavior Issues in Mktg & Mgmt,006454,"Ballinger,Gary Andrew",100,17847,McIntire School of Commerce,3.55,50,1,6,25,11,6,1,0,0,0,0
2025 Fall,STAT,5170,Applied Time Series,036677,"Chattopadhyay,Shounak",001,19562,College & Graduate Arts & Sci,3.87,19,5,7,6,1,0,0,0,0,0,0
2025 Fall,MUSI,3559,New Course: MUSI,040894,"Kisliuk,Michelle",001,19567,College & Graduate Arts & Sci,3.95,11,0,9,2,0,0,0,0,0,0,0
2025 Fall,PSYC,2410,Abnormal Psychology,032566,"Clerkin,Elise",001,10375,College & Graduate Arts & Sci,3.91,346,14,282,27,13,6,0,1,2,1,0
2025 Fall,SOC,3020,Introduction to Social Theory,035372,"Olick,Jeffrey",100,19850,College & Graduate Arts & Sci,3.67,32,2,11,15,3,0,0,0,0,0,1
2025 Fall,ARCH,4100,Design Res (Thesis) Seminar,042374,"Clark,William",001,17632,School of Architecture,3.80,44,0,20,22,1,0,1,0,0,0,0
2025 Fall,ALAR,5403,Venice: City and Landscape,047308,"Putalik,Erin",001,17801,School of Architecture,3.66,17,0,7,6,2,0,2,0,0,0,0
2025 Fall,GETR,3559,New Course: GETR,039219,"Dobryden,Paul",001,19474,College & Graduate Arts & Sci,3.95,11,0,9,2,0,0,0,0,0,0,0
2025 Fall,DEM,5500,Topics in Hist & Principl Demo,046656,"Dubois,Laurent",001,20057,College & Graduate Arts & Sci,3.93,9,1,6,2,0,0,0,0,0,0,0
2025 Fall,ECON,7710,Econometrics I,008042,"Nekipelov,Denis",100,10116,College & Graduate Arts & Sci,3.45,23,1,6,3,5,7,1,0,0,0,0
2025 Fall,PSYC,4500,Spec Tops: Psychology,032600,"Robertson,Zoe",002,19353,College & Graduate Arts & Sci,3.79,25,1,20,2,1,0,0,0,0,0,1
2025 Fall,SPAN,2010,Intermediate Spanish,035853,"Neff,Kate",004,10410,College & Graduate Arts & Sci,3.64,18,0,6,7,2,3,0,0,0,0,0
2025 Fall,ARCH,3010,Foundation Studio IV,001517,"Somers,Schaeffer Eugene",005,17686,School of Architecture,3.70,14,0,6,5,1,2,0,0,0,0,0
2025 Fall,PHIL,7570,Metaphysics Topic,043311,"Ott,Walter",001,20432,College & Graduate Arts & Sci,3.78,6,0,4,1,0,1,0,0,0,0,0
2025 Fall,BIOL,4070,Developmental Biology Lab,003594,"Keller,Raymond E",002,21035,College & Graduate Arts & Sci,3.90,20,1,12,7,0,0,0,0,0,0,0
2025 Fall,AAS,2240,Africans in America,047908,"Blyden,Nemata",001,19842,College & Graduate Arts & Sci,3.53,20,3,9,4,0,1,1,0,1,0,1
2025 Fall,PSPS,6040,Create & Sustain Comm Dialogue,046294,"Keesee,Tracie Lynn",580,20916,Continuing & Prof Studies,3.99,27,14,12,1,0,0,0,0,0,0,0
2025 Fall,AMST,3326,"Latinx, Ind. Environmentalisms",047970,"Azua,Anneleise",001,19483,College & Graduate Arts & Sci,3.69,22,0,10,7,4,0,0,0,1,0,0
2025 Fall,LPPP,3559,New Course in PP & Lead,044183,"Zimmerman,Jane B",005,20518,Batten Leadership & Public Pol,3.80,22,4,8,8,1,0,1,0,0,0,0
2025 Fall,GERM,3559,New Course: GERM,039211,"Zuerner,Chrisann",002,19473,College & Graduate Arts & Sci,3.92,12,1,9,1,1,0,0,0,0,0,0
2025 Fall,CS,4774,Machine Learning,045513,"Daneshmand,Hadi",002,19604,Engineering & Applied Science,3.11,58,7,5,12,10,9,6,0,4,1,4
2025 Fall,MATH,4559,New Course: MATH,039362,"Reidys,Christian",001,20141,College & Graduate Arts & Sci,3.82,13,5,5,1,0,2,0,0,0,0,0
2025 Fall,PSPA,5010,Public Policy Analysis,040700,"McClellan,Sara E.",701,20864,Continuing & Prof Studies,3.20,10,0,8,0,0,0,0,0,0,0,2
2025 Fall,ENWR,1510,Writing and Critical Inquiry,013432,"Carter,Tyler",040,11392,College & Graduate Arts & Sci,3.85,17,0,11,4,2,0,0,0,0,0,0
2025 Fall,PSYC,2600,Intro to Social Psychology,032521,"Wood,Adrienne",002,11525,College & Graduate Arts & Sci,3.56,336,8,148,61,47,35,17,9,7,1,3
2025 Fall,ACCT,5110,Intermediate Accounting I,045932,"Lee,Dana Marie",702,21364,Continuing & Prof Studies,3.39,8,0,4,3,0,0,0,0,0,0,1
2025 Fall,EDLF,8382,Introduction to Ed Inquiry,044849,"Webber,Krysti",500,17132,School of Education and HumanDev,3.72,8,0,4,3,0,0,1,0,0,0,0
2025 Fall,STS,4500,STS and Engineering Practice,036749,"Laugelli,Benjamin",003,14759,Engineering & Applied Science,3.90,30,5,18,5,2,0,0,0,0,0,0
2025 Fall,MDST,3755,Social Media and Society,044894,"Wade,Ashleigh",001,19523,College & Graduate Arts & Sci,3.99,25,7,17,1,0,0,0,0,0,0,0
2025 Fall,CE,5025,"Constrcn Planng, Sched & Contr",047321,"Duran,Diana Franco",001,19620,Engineering & Applied Science,3.75,17,0,10,3,3,0,1,0,0,0,0
2025 Fall,GCOM,7451,Federal Taxation,046002,"Franks Jr.,Harry Allen",002,20609,McIntire School of Commerce,3.25,17,1,1,1,7,5,2,0,0,0,0
2025 Fall,DANC,1400,How Dance Matters,007179,"Wright,Emily",001,10506,College & Graduate Arts & Sci,3.88,20,0,16,2,1,1,0,0,0,0,0
2025 Fall,PSYC,4260,RM: Genetic & Epigenetic Res,044875,"Connelly,Jessica",001,19351,College & Graduate Arts & Sci,3.88,20,0,13,6,1,0,0,0,0,0,0
2025 Fall,PSYC,5500,Current Topics in Psychology,032717,"Coan,James",001,19357,College & Graduate Arts & Sci,3.98,25,17,6,2,0,0,0,0,0,0,0
2025 Fall,RELA,3730,Rel in African Lit & Film,044405,"Hoehler-Fatton,Cynthia",001,19278,College & Graduate Arts & Sci,3.74,10,1,5,2,0,2,0,0,0,0,0
2025 Fall,CHEM,2311,Org Chem Lab I Non Chem Major,043154,"Chruma,Jason",020,12281,College & Graduate Arts & Sci,3.71,36,2,22,6,2,2,1,0,0,0,1
2025 Fall,STAT,6440,Bayesian Methods,040828,"Brown,Taylor",001,19561,College & Graduate Arts & Sci,3.27,12,0,0,8,2,1,0,0,0,0,1
2025 Fall,GSGS,3559,New Course: GSGS,043479,"Furia,Peter",001,19730,College & Graduate Arts & Sci,3.94,15,0,12,3,0,0,0,0,0,0,0
2025 Fall,DS,2003,Communicating with Data,046060,"Mamalakis,Antonios",002,19735,School of Data Science,3.86,61,7,37,10,4,3,0,0,0,0,0
2025 Fall,RUTR,3350,19th-Cent Russian Literature,034788,"Stuart,Madelyn",001,11097,College & Graduate Arts & Sci,3.93,22,0,17,5,0,0,0,0,0,0,0
2025 Fall,EDIS,6765,Instructional Coaching,047517,"Jewett,Anne",500,19954,School of Education and HumanDev,3.94,16,0,13,3,0,0,0,0,0,0,0
2025 Fall,PSPS,6000,Transform Ldrshp in Chng Times,046466,"Gustafson,Bryon Gordon",580,20897,Continuing & Prof Studies,3.93,45,0,34,11,0,0,0,0,0,0,0
2025 Fall,ANTH,3840,Archaeology of the Middle East,000790,"Wattenmaker,Patricia",001,19440,College & Graduate Arts & Sci,3.66,28,1,7,11,9,0,0,0,0,0,0
2025 Fall,PHIL,3710,Ethics,030136,"Brewer,Talbot",001,19454,College & Graduate Arts & Sci,3.18,29,0,8,8,4,5,0,1,0,0,3
2025 Fall,ISLS,3210,Metaphor: Making a Final Unity,020412,"Matthews,Charlotte Hilary",101,20889,Continuing & Prof Studies,3.76,20,0,11,6,2,0,0,1,0,0,0
2025 Fall,RELB,2715,Intro to Chinese Religion,046600,"Heller,Natasha",100,19281,College & Graduate Arts & Sci,3.73,16,0,7,5,4,0,0,0,0,0,0
2025 Fall,PSYC,2600,Intro to Social Psychology,032521,"Mazurek,Christopher",001,10372,College & Graduate Arts & Sci,3.36,332,4,73,106,52,42,20,11,9,7,8
2025 Fall,PHYS,2030,Princip of Physics 1 Workshop,030811,"Bychkov,Maksim",004,10482,College & Graduate Arts & Sci,3.92,26,7,17,1,0,0,0,1,0,0,0
2025 Fall,ECON,4365,Global Financial Markets,044412,"Fostel,Ana",099,12631,College & Graduate Arts & Sci,3.33,39,3,7,8,3,10,6,1,1,0,0
2025 Fall,PLAN,3811,Gender & Built Environment,044147,"Sewell,Jessica",001,17619,School of Architecture,3.93,18,0,14,4,0,0,0,0,0,0,0
2025 Fall,MAE,6592,Spec Topcs in Mech & Aero Engr,022685,"Lagor,Frank",005,19738,Engineering & Applied Science,3.51,14,3,4,4,1,1,0,0,0,0,1
2025 Fall,EDLF,7810,Legal & Educ Policy Context,009813,"Roberts,Wendell Charles",500,17006,School of Education and HumanDev,3.94,14,7,4,3,0,0,0,0,0,0,0
2025 Fall,EDLF,5160,Life Span Development,043142,"Smith,Ray",500,17012,School of Education and HumanDev,3.51,18,0,13,3,0,0,0,0,0,0,2
2025 Fall,EDIS,5139,Supervision and Management,046122,"Wine,Byron",501,17030,School of Education and HumanDev,3.83,11,2,5,3,0,1,0,0,0,0,0
2025 Fall,SAST,2280,Intro to Indian Culture,046595,"Farooqi,Mehr",001,19427,College & Graduate Arts & Sci,3.74,34,1,14,13,4,2,0,0,0,0,0
2025 Fall,ARAB,2010,Intermediate Arabic I,001284,"Humeidan,Bilal",003,10666,College & Graduate Arts & Sci,3.62,10,0,2,6,0,2,0,0,0,0,0
2025 Fall,EDIS,6720,Understanding the Code,009524,"Rawlins,Amanda",500,16999,School of Education and HumanDev,3.54,17,1,10,2,1,0,2,0,0,0,1
2025 Fall,EDIS,6710,Rdng/Wrtng Found Divrse Lrners,009522,"Thacker-Gwaltney,Susan",500,16998,School of Education and HumanDev,3.93,23,0,19,3,1,0,0,0,0,0,0
2025 Fall,EDLF,6010,Higher Ed Finance & Budget,009795,"Leffers,Robert",001,16756,School of Education and HumanDev,3.58,32,0,19,3,3,3,1,1,0,2,0
2025 Fall,ARTS,2370,Intro to Filmmaking I,002893,"Everson,Kevin",001,11052,College & Graduate Arts & Sci,3.84,16,7,5,2,0,2,0,0,0,0,0
2025 Fall,CS,6501,Spec Top: Computer Science,006981,"Fletcher,Tom",012,20359,Engineering & Applied Science,3.84,11,1,4,6,0,0,0,0,0,0,0
2025 Fall,COMM,4522,Topics in BA,046287,"Kim,Youngwoo",001,17949,McIntire School of Commerce,3.78,28,0,11,15,1,1,0,0,0,0,0
2025 Fall,ANTH,3590,Social & Cultural Anthropology,041002,"Benitez,Ernesto",002,19439,College & Graduate Arts & Sci,3.83,35,19,12,0,1,1,0,1,0,0,1
2025 Fall,ARTS,2672,Intro to Litho/Relief Print,002879,"Ohira,Akemi",001,19465,College & Graduate Arts & Sci,4.00,15,6,9,0,0,0,0,0,0,0,0
2025 Fall,MATH,3100,Introduction to Probability,023058,"Abdesselam,Abdelmalek",002,11595,College & Graduate Arts & Sci,3.67,33,11,5,8,4,3,2,0,0,0,0
2025 Fall,LAW,7740,Advis Brd Debt Restruct (SC),043819,"Kaufman,Peter S",1,20805,School of Law,3.43,12,0,3,3,0,6,0,0,0,0,0
2025 Fall,DRAM,2211,Designing Spaces,047483,"Ma,Yi-Hsuan",001,19462,College & Graduate Arts & Sci,3.70,12,2,6,3,0,0,0,0,0,0,1
2025 Fall,LAW,9232,Bioethics and the Law Seminar,043277,"Shepherd,Lois L.",1,20904,School of Law,3.48,20,0,3,6,8,3,0,0,0,0,0
2025 Fall,EDIS,3020,The Exceptional Learner,009391,"Kennedy,Michael",501,17099,School of Education and HumanDev,3.92,29,3,24,1,0,0,0,0,1,0,0
2025 Fall,ACCT,5200,Intro to Acct Info Systems,047272,"Evans,Richard",701,20834,Continuing & Prof Studies,3.91,20,0,15,4,1,0,0,0,0,0,0
2025 Fall,EDLF,7811,Ldship for Teaching & Learning,009818,"Dexter,Sara",500,17007,School of Education and HumanDev,3.91,15,2,12,0,0,0,1,0,0,0,0
2025 Fall,EDLF,7630,Ed in Multicultural Societies,045079,"Hoffman,Diane",500,17015,School of Education and HumanDev,3.77,10,0,5,3,2,0,0,0,0,0,0
2025 Fall,EDIS,5025,"Curric, Instruct & Assessment",044060,"Acors,Amy",502,17025,School of Education and HumanDev,3.77,20,0,17,2,0,0,0,0,0,0,1
2025 Fall,ARCH,2010,Foundation Studio II,001493,"Wilson,Thomas Abraham",103,17681,School of Architecture,3.49,14,1,6,1,4,0,0,1,0,1,0
2025 Fall,COMM,4681,Entrepreneurship Trck Capstone,040148,"Martin,Eric",001,17941,McIntire School of Commerce,3.79,30,0,16,9,5,0,0,0,0,0,0
2025 Fall,STS,4500,STS and Engineering Practice,036749,"Davis,William",012,14970,Engineering & Applied Science,3.65,30,5,16,5,1,0,1,0,0,0,2
2025 Fall,GNUR,5010,Introduction to Telehealth,043818,"Schweickert,Patty",001,17393,School of Nursing,3.98,15,1,13,1,0,0,0,0,0,0,0
2025 Fall,BME,4290,Stem Cell Engineering,047033,"Zunder,Eli",001,20007,Engineering & Applied Science,3.93,17,0,13,4,0,0,0,0,0,0,0
2025 Fall,CHEM,1411,Intro College Chem I Lab,005986,"Morkowchuk,Lisa",004,10521,College & Graduate Arts & Sci,3.84,24,15,3,5,0,0,0,0,0,1,0
2025 Fall,STAT,1602,Intro Data Science with Python,045052,"Holt,Jeffrey",001,12315,College & Graduate Arts & Sci,3.85,28,7,15,3,1,0,2,0,0,0,0
2025 Fall,ARCH,2010,Foundation Studio II,001493,"Siitonen,Tuomas",104,17682,School of Architecture,3.69,14,5,3,1,3,2,0,0,0,0,0
2025 Fall,COMM,5130,Advanced Financial Accounting,006554,"YU,Yingri",002,17912,McIntire School of Commerce,3.31,33,0,6,10,1,9,5,1,1,0,0
2025 Fall,CHE,6605,Research Methods,046040,"Ford,Roseanne",001,15650,Engineering & Applied Science,3.96,16,0,14,2,0,0,0,0,0,0,0
2025 Fall,DS,5012,Computation for Data Science,047945,"Fox,Judy",001,19709,School of Data Science,3.92,45,11,26,5,3,0,0,0,0,0,0
2025 Fall,MATH,4040,Discrete Mathematics,023091,"Abramenko,Peter",001,10253,College & Graduate Arts & Sci,3.24,18,2,3,3,3,3,0,2,1,1,0
2025 Fall,KINE,2850,Medical Terminology,042975,"Moler,Casey",502,16758,School of Education and HumanDev,3.91,99,0,94,1,1,0,0,0,2,0,1
2025 Fall,PLIR,4500,Special Topics,031830,"Sechser,Todd",001,19541,College & Graduate Arts & Sci,3.92,15,0,11,4,0,0,0,0,0,0,0
2025 Fall,CS,4640,PL for Web Applications,044244,"Elder,Sarah Elizabeth",001,20576,Engineering & Applied Science,3.66,64,9,27,11,8,5,1,0,2,0,1
2025 Fall,RELC,2770,The Black Church,046583,"Parker,Kai",100,19283,College & Graduate Arts & Sci,3.87,30,0,24,1,5,0,0,0,0,0,0
2025 Fall,ECON,3040,The Economics of Education,007911,"Turner,Sarah",001,19763,College & Graduate Arts & Sci,3.44,55,2,15,11,10,10,4,3,0,0,0
2025 Fall,ARCH,5605,Urban Materiality,044589,"Bailo Esteve,Manuel",501,20043,School of Architecture,3.82,12,0,9,0,3,0,0,0,0,0,0
2025 Fall,PHYS,2030,Princip of Physics 1 Workshop,030811,"Bychkov,Maksim",001,10479,College & Graduate Arts & Sci,3.99,26,2,23,1,0,0,0,0,0,0,0
2025 Fall,STAT,1100,Chance: Intro to Statistics,036650,"Snow,Parker",001,11364,College & Graduate Arts & Sci,3.58,30,8,12,3,3,1,0,0,1,0,2
2025 Fall,ECE,3502,Special Topics ECE,040914,"Delong,Todd Anthony",003,20594,Engineering & Applied Science,4.00,11,8,3,0,0,0,0,0,0,0,0
2025 Fall,HIUS,3654,Black Fire,043417,"Harold,Claudrena N",002,20595,College & Graduate Arts & Sci,3.73,74,15,38,5,5,4,4,1,2,0,0
2025 Fall,PSPS,6030,Dev & Imp Systems of Emer Prep,046292,"Triplett,Ariel",581,20915,Continuing & Prof Studies,3.96,44,0,38,6,0,0,0,0,0,0,0
2025 Fall,PLPT,4200,Feminist Political Theory,031936,"Balfour,Katharine L",001,20689,College & Graduate Arts & Sci,3.79,15,0,7,6,2,0,0,0,0,0,0
2025 Fall,PERS,2010,Intermediate Persian,029844,"Mohit,Mahshad",001,12332,College & Graduate Arts & Sci,3.80,10,0,6,2,2,0,0,0,0,0,0
2025 Fall,ARCH,5342,Parametric Energy Design,042513,"Field,Eric",001,19787,School of Architecture,3.58,10,0,5,3,0,1,0,0,0,1,0
2025 Fall,PSPS,6040,Create & Sustain Comm Dialogue,046294,"Keesee,Tracie Lynn",581,20918,Continuing & Prof Studies,3.99,46,4,41,1,0,0,0,0,0,0,0
2025 Fall,PHYS,2030,Princip of Physics 1 Workshop,030811,"Bychkov,Maksim",006,10483,College & Graduate Arts & Sci,3.87,26,4,19,2,0,0,0,0,0,0,1
2025 Fall,PLAN,3454,Intro to the Real Estate Dev,047279,"Roy,Brian",001,17792,School of Architecture,3.91,21,2,13,6,0,0,0,0,0,0,0
2025 Fall,COMM,3330,Mkt Research & Analytic Tech,006475,"Kozlenkova,Irina",003,17962,McIntire School of Commerce,3.73,14,0,5,7,1,1,0,0,0,0,0
2025 Fall,CHEM,2311,Org Chem Lab I Non Chem Major,043154,"Chruma,Jason",008,11630,College & Graduate Arts & Sci,3.76,36,0,18,11,5,2,0,0,0,0,0
2025 Fall,SOC,8054,Political Sociology,035650,"Wang,Yingyao",001,19854,College & Graduate Arts & Sci,3.73,15,0,7,4,4,0,0,0,0,0,0
2025 Fall,EDLF,7813,Leadership for EdTech,042239,"Dexter,Sara",500,17009,School of Education and HumanDev,3.93,8,2,4,2,0,0,0,0,0,0,0
2025 Fall,FREN,7500,Topics in Theory and Criticism,014476,"Lyu,Claire",001,19275,College & Graduate Arts & Sci,3.84,11,0,5,6,0,0,0,0,0,0,0
2025 Fall,CHIN,4010,Advanced Chinese I,006067,"Yue,Ying",001,11183,College & Graduate Arts & Sci,3.74,10,0,7,2,0,0,0,0,1,0,0
2025 Fall,ARTH,4591,Seminar in the History of Art,002569,"Dakouri-Hild,Anastasia",001,11641,College & Graduate Arts & Sci,3.97,10,3,6,1,0,0,0,0,0,0,0
2025 Fall,CHE,4474,"Proc Synth, Modl and Contrl",005464,"Anderson,Eric",001,15652,Engineering & Applied Science,3.75,40,3,23,8,1,2,2,0,0,1,0
2025 Fall,SOC,3710,Organizations,039525,"Gorman,Elizabeth",001,19877,College & Graduate Arts & Sci,3.11,16,0,2,5,2,2,1,1,2,1,0
2025 Fall,LAR,6710,Media I,045168,"Wettstein,Emily",001,17651,School of Architecture,3.41,20,0,1,6,12,0,0,1,0,0,0
2025 Fall,STAT,3280,Data Visual and Management,045458,"Ross,Richard",001,12316,College & Graduate Arts & Sci,3.49,52,0,33,5,0,5,2,0,4,1,2
2025 Fall,ANTH,3344,Anthropology and Anarchy,047478,"Sicoli,Mark",001,19434,College & Graduate Arts & Sci,3.98,13,2,10,1,0,0,0,0,0,0,0
2025 Fall,EDLF,6040,Intercollegiate Athletic Admin,046181,"Pusser,Brian",500,17035,School of Education and HumanDev,3.53,30,0,8,10,5,5,2,0,0,0,0
2025 Fall,EDIS,4350,Interaction with Intention,045392,"Turnbull,Khara",500,17052,School of Education and HumanDev,3.79,22,11,7,0,1,1,1,1,0,0,0
2025 Fall,ASTR,1290,Black Holes,044559,"Davis,Shane",001,13464,College & Graduate Arts & Sci,3.47,131,12,41,27,17,15,6,6,4,1,2
2025 Fall,ISLS,3000,Transformations: Liberal Arts,044252,"Horton,David Seth",102,20888,Continuing & Prof Studies,3.46,16,2,7,2,1,2,1,0,0,0,1
2025 Fall,CGBM,2710,Making Financial Decisions,047004,"Murphy,Larry",002,17968,McIntire School of Commerce,3.46,53,0,13,17,7,12,1,3,0,0,0
2025 Fall,PSPA,5030,Public Budgeting and Fin Mgmt,040510,"Beckett,Corey A",701,20865,Continuing & Prof Studies,3.67,7,0,4,1,0,2,0,0,0,0,0
2025 Fall,EGMT,1540,Ethical Engagement,044515,"Achintya,Thirumalai Cunnavakkum Anandanpillai",225,19837,College & Graduate Arts & Sci,3.95,35,6,26,2,0,0,1,0,0,0,0
2025 Fall,STS,4500,STS and Engineering Practice,036749,"Francisco,Pedro",006,14973,Engineering & Applied Science,3.88,30,21,3,3,2,0,1,0,0,0,0
2025 Fall,ENGL,3161,Chaucer I,012680,"Fowler,Elizabeth",001,19653,College & Graduate Arts & Sci,3.65,22,0,8,10,2,1,0,0,0,1,0
2025 Fall,PHYS,1660,Practical Computing,043759,"Wright,Bryan",001,11351,College & Graduate Arts & Sci,3.95,24,0,21,2,1,0,0,0,0,0,0
2025 Fall,ARCH,2010,Foundation Studio II,001493,"Duddy,Lindsay Martine",102,17680,School of Architecture,3.45,11,1,4,2,2,1,0,0,0,0,1
2025 Fall,MAE,6870,Applied Engineering Optics,022684,"Dedic,Chloe",001,19749,Engineering & Applied Science,3.63,15,0,6,4,2,3,0,0,0,0,0
2025 Fall,EDLF,8385,Survey Inquiry for Practice,044852,"Webber,Krysti",500,17033,School of Education and HumanDev,3.85,15,2,7,5,1,0,0,0,0,0,0
2025 Fall,SOC,3120,Sociology Research Methods,035380,"Skubby,David",100,10401,College & Graduate Arts & Sci,3.17,68,11,18,7,6,8,5,1,4,3,5
2025 Fall,CGBM,2310,Principles of Marketing,047003,"Allred,Nathan Brent",002,17966,McIntire School of Commerce,3.59,54,0,22,13,8,8,2,0,1,0,0
2025 Fall,FREN,1010,Elementary French I,014273,"Rey,Cecile Helene Christiane",002,11456,College & Graduate Arts & Sci,3.86,14,0,11,1,1,1,0,0,0,0,0
2025 Fall,DANC,2430,Production Laboratory: Dance,043986,"Mata,Kim",001,11416,College & Graduate Arts & Sci,4.00,19,2,17,0,0,0,0,0,0,0,0
2025 Fall,GCOM,7320,Accounting Policy,015399,"Lefanowicz,Craig",001,17913,McIntire School of Commerce,3.71,27,0,5,19,3,0,0,0,0,0,0
2025 Fall,PLAN,6454,Intro to the Real Estate Dev,047280,"Roy,Brian",001,17793,School of Architecture,3.52,5,0,2,0,2,1,0,0,0,0,0
2025 Fall,EDIS,4345,Tchng Social Studies Elem,046132,"Hover,Stephanie van",001,17039,School of Education and HumanDev,3.77,24,0,10,12,0,2,0,0,0,0,0
2025 Fall,EDIS,3060,Poverty and the Young Child,045749,"Turnbull,Khara",500,17055,School of Education and HumanDev,3.78,24,4,13,3,1,2,0,1,0,0,0
2025 Fall,EDIS,3020,The Exceptional Learner,009391,"Hua,Youjia",500,17060,School of Education and HumanDev,3.76,30,0,22,3,0,3,1,0,1,0,0
2025 Fall,ARTS,2000,Intro to Studio Art,045397,"Williamson,Marisa",004,20142,College & Graduate Arts & Sci,3.98,13,5,7,1,0,0,0,0,0,0,0
2025 Fall,ENCW,2300,Poetry Writing,013450,...,008,20148,College & Graduate Arts & Sci,3.72,13,0,9,0,2,1,1,0,0,0,0
2025 Fall,LAR,6210,EcoTech I,041736,"Levy,Shanti",001,17674,School of Architecture,2.75,21,0,0,4,4,6,1,1,1,1,3
2025 Fall,MAE,6720,Computational Fluid Dynamics I,022681,"Gao,Xinfeng",001,15928,Engineering & Applied Science,3.54,10,0,7,2,0,0,0,0,0,0,1
2025 Fall,PLCP,3500,Topics in Comp Politics,041289,"MENG,ANNE",001,19515,College & Graduate Arts & Sci,3.78,22,0,16,3,0,1,1,1,0,0,0
2025 Fall,PLAP,4500,Special Topics,031588,"Begala,Paul E.",003,20070,College & Graduate Arts & Sci,3.87,13,7,4,0,1,1,0,0,0,0,0
2025 Fall,PHS,5015,Qual Mthd for Comm & Glob Hlth,040627,"Kelly,Kelsie Denee",001,20499,Medical School - BIMS/PHS,3.81,7,1,4,1,0,1,0,0,0,0,0
2025 Fall,RELG,2210,Religion Ethics & Environment,042484,"Zuckerman,Devin Connell",001,20789,College & Graduate Arts & Sci,3.85,20,0,10,10,0,0,0,0,0,0,0
2025 Fall,EVSC,4270,Soil Science,013940,"Richardson,Justin",100,19041,College & Graduate Arts & Sci,3.89,21,4,12,3,2,0,0,0,0,0,0
2025 Fall,EVGE,7270,Advanced Soil Science,047456,"Richardson,Justin",100,19042,College & Graduate Arts & Sci,3.88,8,2,4,1,1,0,0,0,0,0,0
2025 Fall,RELC,3280,Eastern Christianity,033991,"Zaleski,John",100,19285,College & Graduate Arts & Sci,3.85,13,4,5,3,0,1,0,0,0,0,0
2025 Fall,EGMT,1520,Empirical Engagement,044513,"Ono,Ken",226,19830,College & Graduate Arts & Sci,4.00,28,26,2,0,0,0,0,0,0,0,0
2025 Fall,GNUR,6027,Adv Pharm Specialty Sem,046407,"Roebuck,Julie Henshaw",001,20179,School of Nursing,4.00,10,7,3,0,0,0,0,0,0,0,0
2025 Fall,HIAF,3112,African Environmental History,044498,"Fleur,James La",001,12284,College & Graduate Arts & Sci,3.88,17,1,13,0,3,0,0,0,0,0,0
2025 Fall,ACCT,5330,Acct for Non-Bus Organizations,000193,"Evans,Richard",701,20835,Continuing & Prof Studies,3.70,14,0,6,5,1,2,0,0,0,0,0
2025 Fall,CE,6030,Green Engineering,004589,"Peterson,Lisa",001,19622,Engineering & Applied Science,3.95,13,1,10,2,0,0,0,0,0,0,0
2025 Fall,CE,2300,Statics,004438,"Liu,Leo",001,15097,Engineering & Applied Science,2.98,27,2,6,4,2,2,3,1,1,3,3
2025 Fall,COMM,2001,Found. of Financial Accounting,048083,"Mitchell,Jill",200,20366,McIntire School of Commerce,3.43,75,12,20,10,10,9,8,1,2,2,1
2025 Fall,AAS,2220,IntroRaceClassPoliticsEnvironm,047899,"Fields,Kimberly",001,19843,College & Graduate Arts & Sci,3.68,23,0,9,11,0,1,1,1,0,0,0
2025 Fall,PSPS,5500,Contemp Issues in Leadership,047811,"McClellan,Sara E.",580,20896,Continuing & Prof Studies,3.56,8,0,2,5,0,0,0,0,1,0,0
2025 Fall,ENGL,3540,Studies in Nineteenth-Century,012784,"Schey,Taylor",001,19673,College & Graduate Arts & Sci,3.88,24,7,12,3,1,0,1,0,0,0,0
2025 Fall,GNUR,5390,Intro. to U.S. Healthcare,043722,"Mayes,Rick",001,17392,School of Nursing,3.94,26,0,21,5,0,0,0,0,0,0,0
2025 Fall,ENGL,8380,18th-Century Prose Fiction,011668,"Wall,Cynthia",001,19650,College & Graduate Arts & Sci,3.88,11,1,7,2,1,0,0,0,0,0,0
2025 Fall,PLPT,3200,African-Amer Political Thought,031931,"Balfour,Lawrie",100,19535,College & Graduate Arts & Sci,3.56,49,3,20,13,2,7,1,0,2,0,1
2025 Fall,STS,4500,STS and Engineering Practice,036749,"Carrigan,Coleen",017,14974,Engineering & Applied Science,3.71,30,1,10,13,5,0,1,0,0,0,0
2025 Fall,EDLF,4080,U.S. Education Policy,043600,"Schueler,Beth",001,16661,School of Education and HumanDev,3.47,35,0,9,9,6,9,2,0,0,0,0
2025 Fall,STAT,2120,Intro to Statistical Analysis,036655,"Martinet,Gretchen",002,10424,College & Graduate Arts & Sci,3.48,165,0,45,62,22,18,4,8,3,0,3
2025 Fall,GCOM,7410,Tax Research,015406,"Franks,Harry",001,17955,McIntire School of Commerce,3.60,12,0,1,8,2,1,0,0,0,0,0
2025 Fall,STAT,1601,Intro Data Science with R,045055,"Roland,Kristen",001,11657,College & Graduate Arts & Sci,3.69,95,6,49,18,10,6,3,1,0,1,1
2025 Fall,DRAM,3652,Producing Theatre,007273,"McLeod,Holly",001,19469,College & Graduate Arts & Sci,3.91,17,6,8,2,0,1,0,0,0,0,0
2025 Fall,ECE,2300,Applied Circuits,046962,"Barnes,Adam",001,15951,Engineering & Applied Science,3.71,61,14,25,11,2,4,2,1,1,0,1
2025 Fall,ALAR,8010,Research Studio 1,042199,"El Khafif,Mona",007,17702,School of Architecture,3.74,10,4,4,1,0,0,0,0,0,1,0
2025 Fall,PSPS,6050,Stewardship PA & Managing HC,046295,"Farr,Murray Jay",581,20920,Continuing & Prof Studies,3.81,30,0,15,12,3,0,0,0,0,0,0
2025 Fall,ALAR,8010,Research Studio 1,042199,"Cho,Leena Sangyun",002,17697,School of Architecture,3.83,7,0,3,4,0,0,0,0,0,0,0
2025 Fall,CS,6501,Spec Top: Computer Science,006981,"Qian,Kun",009,19608,Engineering & Applied Science,4.00,11,3,8,0,0,0,0,0,0,0,0
2025 Fall,CE,5025,"Constrcn Planng, Sched & Contr",047321,"Duran,Diana Franco",600,19621,Engineering & Applied Science,3.69,15,0,7,4,3,0,1,0,0,0,0
2025 Fall,PLAP,3400,American Political Economy,044879,"Pivonka,Evan",001,19543,College & Graduate Arts & Sci,3.72,30,0,17,6,3,2,2,0,0,0,0
2025 Fall,BIOL,3000,Cell Biology,003525,"Wormington,Mike",100,10928,College & Graduate Arts & Sci,2.79,369,13,84,16,15,101,15,8,64,4,49
2025 Fall,COMM,3200,Project & Product Management,006498,"Bennett,Andrew L.",003,17947,McIntire School of Commerce,3.78,36,0,19,13,1,2,1,0,0,0,0
2025 Fall,COMM,3020,Behavior Issues in Mktg & Mgmt,006454,"Davis,Derick Francis",600,17848,McIntire School of Commerce,3.51,50,0,9,21,13,2,4,1,0,0,0
2025 Fall,EDIS,6730,Diagnosis & Remediation I,009475,"Buckrop,Jordan Meredith",502,17245,School of Education and HumanDev,3.72,13,0,8,3,1,0,0,0,1,0,0
2025 Fall,PHIL,2420,Introduction to Symbolic Logic,030082,"Cameron,Ross",001,12333,College & Graduate Arts & Sci,3.11,94,9,14,10,14,21,7,7,5,4,3
2025 Fall,ARH,8601,Historic Preservation: Theory,044747,"Bian,Bo",001,17810,School of Architecture,4.00,21,5,16,0,0,0,0,0,0,0,0
2025 Fall,FREN,3885,Beasts and Beauties,048017,"Krueger,Cheryl",001,20035,College & Graduate Arts & Sci,3.83,20,0,13,5,0,2,0,0,0,0,0
2025 Fall,ENTP,1010,Intro to Entrepreneurship,043881,"Etienne,Bevin",001,17920,McIntire School of Commerce,3.92,53,0,42,9,1,1,0,0,0,0,0
2025 Fall,ENTP,1010,Intro to Entrepreneurship,043881,"Etienne,Bevin",002,17921,McIntire School of Commerce,3.81,54,0,29,22,1,1,0,0,1,0,0
2025 Fall,COMM,3880,Global Sustainability,006494,"Phillips,Spencer",001,17929,McIntire School of Commerce,3.97,10,4,5,1,0,0,0,0,0,0,0
2025 Fall,STAT,4170,Financial Time Series,044093,"Woo,Jeffrey",002,14035,College & Graduate Arts & Sci,3.32,37,1,12,8,6,2,1,3,3,0,1
2025 Fall,CHEM,4411,Biological Chemistry Lab I,005757,"Pompano,Rebecca",103,11656,College & Graduate Arts & Sci,3.74,16,0,6,8,1,1,0,0,0,0,0
2025 Fall,SPAN,2020,Advanced Intermediate Spanish,035854,"Mehfoud,Lauren Williams",005,10552,College & Graduate Arts & Sci,3.61,14,1,7,4,0,0,1,0,0,0,1
2025 Fall,ENGL,2599,Special Topics,012514,"Brown,Lydia",008,20144,College & Graduate Arts & Sci,3.82,20,0,11,8,0,0,1,0,0,0,0
2025 Fall,ARCH,1010,Lessons of the Lawn,001471,"Waldman,Peter",100,17625,School of Architecture,3.79,96,23,33,23,12,4,1,0,0,0,0
2025 Fall,PLAN,5220,Real Estate Finance Fundmntals,045476,"ROWE,FRED",001,17672,School of Architecture,3.65,17,3,4,5,2,3,0,0,0,0,0
2025 Fall,RELB,2100,Buddhism,033831,"Schaeffer,Kurtis",100,19280,College & Graduate Arts & Sci,3.99,234,171,59,3,0,0,1,0,0,0,0
2025 Fall,PLAN,3840,Ethics of Cities & Environment,046023,"Beatley,Timothy",001,17678,School of Architecture,3.81,11,0,4,7,0,0,0,0,0,0,0
2025 Fall,PLAP,3350,American Congress,031570,"Kirkland,Justin",100,19504,College & Graduate Arts & Sci,3.56,173,0,80,29,29,17,8,5,4,0,1
2025 Fall,MATH,1190,A Survey of Calc I w Algebra,023387,"Rolf,James Scott",200,19507,College & Graduate Arts & Sci,3.10,34,6,5,4,3,1,4,6,4,0,1
2025 Fall,EGMT,1540,Ethical Engagement,044515,"Krakani,Bernice",110,12403,College & Graduate Arts & Sci,3.96,32,0,30,1,0,1,0,0,0,0,0
2025 Fall,GSGS,2400,Mass Migration & Global Devlp,047179,"Vonk,Levi",002,19725,College & Graduate Arts & Sci,3.98,118,5,106,6,1,0,0,0,0,0,0
2025 Fall,STAT,2020,Statistics for Biologists,039999,"Ferrara,Maria",001,11196,College & Graduate Arts & Sci,3.63,118,9,40,41,12,7,3,3,1,2,0
2025 Fall,COMM,2730,Personal Finance,006451,"Kelly,Dorothy",001,17838,McIntire School of Commerce,3.87,50,0,30,19,0,1,0,0,0,0,0
2025 Fall,GCOM,7060,Financial Management,038177,"Gamrat,Gretchen",002,17894,McIntire School of Commerce,3.48,69,0,15,23,10,17,4,0,0,0,0
2025 Fall,COMM,3010,Strategy and Systems,006453,"Gray,Peter Horst",006,17842,McIntire School of Commerce,3.40,50,2,3,14,21,7,3,0,0,0,0
2025 Fall,CHEM,1411,Intro College Chem I Lab,005986,"Morkowchuk,Lisa",042,11665,College & Graduate Arts & Sci,3.95,24,14,7,2,1,0,0,0,0,0,0
2025 Fall,EGMT,1540,Ethical Engagement,044515,"Bonar,Chance Everett",126,19836,College & Graduate Arts & Sci,3.82,32,0,28,0,1,2,0,0,0,0,1
2025 Fall,BME,4063,Biomed Engr Capstone Design I,004083,"Allen,Timothy",001,14755,Engineering & Applied Science,3.89,96,8,76,5,3,3,0,0,0,0,1
2025 Fall,STAT,1601,Intro Data Science with R,045055,"Roland,Kristen",002,11658,College & Graduate Arts & Sci,3.56,92,5,45,21,6,5,3,1,1,0,5
2025 Fall,STAT,4996,Capstone,044441,"Ross,Richard",003,20080,College & Graduate Arts & Sci,3.88,33,1,31,0,0,0,0,0,0,0,1
2025 Fall,CE,5020,Geographic Information Systems,004577,"Miller,John",600,15658,Engineering & Applied Science,3.71,9,0,5,2,1,0,1,0,0,0,0
2025 Fall,ARCH,3010,Foundation Studio IV,001517,"Pancorbo Crespo,Luis Guillermo",002,17676,School of Architecture,3.80,14,1,6,6,0,1,0,0,0,0,0
2025 Fall,MATH,1220,A Survey of Calculus II,022945,"Kurtz,Brianna A.",400,19573,College & Graduate Arts & Sci,3.59,36,3,14,6,5,6,1,0,1,0,0
2025 Fall,EDLF,5060,Res Mth for Ed & Human Dev,046982,"Debnam,Katrina",001,17195,School of Education and HumanDev,3.55,38,3,10,13,8,1,2,0,0,0,1
2025 Fall,GNUR,8650,Info Sys & Patient Care Tech,017041,"Cieslowski,Bethany",001,17319,School of Nursing,3.93,110,12,75,20,3,0,0,0,0,0,0
2025 Fall,ECE,6380,AI Hardware,048108,"Stan,Mircea",001,20434,Engineering & Applied Science,3.53,26,1,9,8,4,2,0,0,0,1,1
2025 Fall,STAT,3120,Intro Mathematical Statistics,040000,"Slawski,Martin",001,11156,College & Graduate Arts & Sci,3.73,57,20,19,4,6,3,4,1,0,0,0
2025 Fall,BIOL,3050,Introduction to Neurobiology,003543,"Provencio,Ignacio",001,10036,College & Graduate Arts & Sci,2.69,196,2,10,23,38,29,23,22,18,6,25
2025 Fall,GERM,2010,Intermediate German I,015678,"Schenberg,Cora",001,10171,College & Graduate Arts & Sci,3.83,18,4,9,2,2,1,0,0,0,0,0
2025 Fall,SYS,6001,Intro Systems Analysis&Design,036947,"Burkett,Matthew",600,15689,Engineering & Applied Science,3.82,20,1,11,5,3,0,0,0,0,0,0
2025 Fall,PSPS,6050,Stewardship PA & Managing HC,046295,"Farr,Murray Jay",580,20919,Continuing & Prof Studies,3.83,35,0,17,17,1,0,0,0,0,0,0
2025 Fall,COMM,4310,Global Marketing,006515,"Kozlenkova,Irina",002,17952,McIntire School of Commerce,3.45,22,0,3,6,11,0,2,0,0,0,0
2025 Fall,LPPS,6710,Congress 101,041276,"Warburg,Gerald",001,19370,Batten Leadership & Public Pol,3.62,13,0,4,4,4,1,0,0,0,0,0
2025 Fall,ECON,3020,Intermediate Macroeconomics,007909,"Halperin,Basil",100,11627,College & Graduate Arts & Sci,3.39,58,7,13,6,11,10,8,2,0,1,0
2025 Fall,SYS,4044,Engr Economic Systems,036912,"Lark,James",001,15126,Engineering & Applied Science,3.91,11,0,9,1,1,0,0,0,0,0,0
2025 Fall,BME,4806,Biomed Applctn Genetic Engr,004073,"French,Brent",001,15127,Engineering & Applied Science,3.26,14,4,2,0,3,1,1,1,1,1,0
2025 Fall,ARTS,2000,Intro to Studio Art,045397,"Chan,Amy",003,19458,College & Graduate Arts & Sci,3.90,12,0,8,4,0,0,0,0,0,0,0
2025 Fall,MDST,4510,Capstone Topics,045773,"Nemer,David",002,19555,College & Graduate Arts & Sci,3.30,20,0,2,7,4,3,2,2,0,0,0
2025 Fall,MAE,6592,Spec Topcs in Mech & Aero Engr,022685,"Li,Xiaodong",006,19739,Engineering & Applied Science,3.90,6,0,4,2,0,0,0,0,0,0,0
2025 Fall,BIOL,3010,Genetics and Molecular Biology,003526,"Parichy,David",100,10035,College & Graduate Arts & Sci,3.72,402,157,143,35,14,8,21,3,5,11,5
2025 Fall,SPAN,3010,Finding your Voice in Spanish,035893,"Poveda,Esther",002,10417,College & Graduate Arts & Sci,3.71,17,0,11,2,2,1,0,0,1,0,0
2025 Fall,PSYC,4500,Spec Tops: Psychology,032600,"Chadha,Sareena",003,19354,College & Graduate Arts & Sci,3.87,23,8,10,3,0,2,0,0,0,0,0
2025 Fall,ARTH,2559,New Course: ARTH,040386,"Osle,Emma",001,21146,College & Graduate Arts & Sci,3.70,15,1,3,8,3,0,0,0,0,0,0
2025 Fall,ARCH,7240,Advanced Structural Systems,045085,"Hays,Benjamin",100,17644,School of Architecture,3.62,38,0,10,15,10,3,0,0,0,0,0
2025 Fall,KINE,5720,Assessment and Intervention I,044585,"Higgins,Michael",001,20484,School of Education and HumanDev,3.58,14,0,3,6,4,0,1,0,0,0,0
2025 Fall,MEST,3232,Israeli-Palestinian conflict,048126,"Solomon,Sophia",001,20487,College & Graduate Arts & Sci,3.76,18,0,7,9,1,1,0,0,0,0,0
2025 Fall,LAW,7007,Bankruptcy,021618,"Francus,Michael Abraham",1,20917,School of Law,3.56,24,1,5,5,12,1,0,0,0,0,0
2025 Fall,EDHS,7200,Counseling Student Athletes,044040,"Steinmetz,Christian Lee",500,21020,School of Education and HumanDev,3.18,22,0,7,5,0,5,2,0,0,1,2
2025 Fall,EVSC,4035,Drones in Scientific Research,045861,"Wekker,Stephan De",001,19190,College & Graduate Arts & Sci,3.81,17,1,9,5,1,1,0,0,0,0,0
2025 Fall,MSE,7140,Physics of Materials,024441,"Ihlefeld,Jon",001,20019,Engineering & Applied Science,3.45,12,0,6,0,1,2,3,0,0,0,0
2025 Fall,GSGS,2400,Mass Migration & Global Devlp,047179,"Vonk,Levi",001,13556,College & Graduate Arts & Sci,3.99,120,6,109,5,0,0,0,0,0,0,0
2025 Fall,ENGL,2599,Special Topics,012514,"Casteen,John",009,20145,College & Graduate Arts & Sci,3.86,17,2,7,8,0,0,0,0,0,0,0
2025 Fall,NUCO,2330,Health Assessment,029379,"Evans,Emily",001,17357,School of Nursing,3.93,90,1,74,12,2,0,1,0,0,0,0
2025 Fall,EGMT,1510,Engaging Aesthetics,044512,"Benson,Austin J",229,20303,College & Graduate Arts & Sci,3.82,23,0,19,2,0,0,1,0,0,1,0
2025 Fall,PSHM,4020,Management of Healthcare Orgs,045019,"Erath,Mark",101,20938,Continuing & Prof Studies,3.70,13,6,3,2,0,1,0,0,0,1,0
2025 Fall,COMM,2002,Foundations of Finance,048084,"Gamrat,Gretchen",004,20384,McIntire School of Commerce,3.13,68,0,18,12,16,3,2,4,5,5,3
2025 Fall,GERM,1020,Elementary German II,015643,"Schmid,Marcel",001,10170,College & Graduate Arts & Sci,3.91,18,1,13,3,1,0,0,0,0,0,0
2025 Fall,IT,3110,Networking Fundamentals,046644,"Malave,Laura H",701,20846,Continuing & Prof Studies,2.86,14,0,6,3,0,1,0,0,1,0,3
2025 Fall,EDIS,5710,Rdng/Wrtng Acrss Content Areas,009474,"Austin,Ottilie",500,17275,School of Education and HumanDev,3.95,20,0,18,1,1,0,0,0,0,0,0
2025 Fall,CS,4971,Capstone Practicum II,042676,"Sherriff,Mark",001,20301,Engineering & Applied Science,3.89,61,2,41,15,2,1,0,0,0,0,0
2025 Fall,ARCH,3010,Foundation Studio IV,001517,"Waldman,Peter D",006,17687,School of Architecture,3.59,14,2,4,2,3,3,0,0,0,0,0
2025 Fall,COMM,3010,Strategy and Systems,006453,"Gray,Peter Horst",005,17846,McIntire School of Commerce,3.57,49,0,9,21,14,5,0,0,0,0,0
2025 Fall,EDLF,3491,Inequality in US Social Policy,046703,"Bell,Bethany",001,17114,School of Education and HumanDev,3.73,25,20,1,0,1,2,0,0,0,0,1
2025 Fall,PHYS,2030,Princip of Physics 1 Workshop,030811,"Bychkov,Maxim Aleksandrovich",031,21370,College & Graduate Arts & Sci,3.76,25,3,14,3,3,1,0,0,1,0,0
2025 Fall,LING,5410,Phonology,000850,"Mirzayan,Armik",001,13767,College & Graduate Arts & Sci,3.83,10,0,8,0,1,1,0,0,0,0,0
2025 Fall,PHYS,2030,Princip of Physics 1 Workshop,030811,"Bychkov,Maxim Aleksandrovich",032,21371,College & Graduate Arts & Sci,3.87,20,4,13,1,0,1,1,0,0,0,0
2025 Fall,ECON,4310,Economics of the Public Sector,007965,"Lockwood,Lee",100,12993,College & Graduate Arts & Sci,3.19,83,3,18,14,13,11,10,7,3,1,3
2025 Fall,ARCH,7010,Foundation Studio III,001680,"Fard,Ali",003,17654,School of Architecture,3.54,10,0,3,4,2,0,0,0,1,0,0
2025 Fall,ENWR,1510,Writing and Critical Inquiry,013432,"Tran,Davy",020,10451,College & Graduate Arts & Sci,3.85,13,9,3,0,0,0,0,0,1,0,0
2025 Fall,GBAC,7205,Data Analytics I,045278,"Albert,Michael J",001,18021,McIntire Darden Grad Business,3.46,45,3,7,7,19,9,0,0,0,0,0
2025 Fall,SOC,3640,Human Society in History,043077,"Kumar,Krishan",001,19878,College & Graduate Arts & Sci,3.60,29,0,10,7,8,4,0,0,0,0,0
2025 Fall,COMM,4741,Foundations of Global Commerce,006535,"Maillet,Peter",002,17903,McIntire School of Commerce,3.52,36,0,10,8,11,6,1,0,0,0,0
2025 Fall,COMM,4380,Consumer Behav & Mktg Strategy,006522,"Cheema,Amar",002,17905,McIntire School of Commerce,3.50,12,1,2,3,3,3,0,0,0,0,0
2025 Fall,LAW,9081,Trial Advocacy,022023,"Livingston,Ronald L",2,18811,School of Law,3.63,9,0,2,4,3,0,0,0,0,0,0
2025 Fall,LAW,7197,Taboo Trades,046383,"Krawiec,Kimberly D",1,18828,School of Law,3.47,12,0,0,6,5,1,0,0,0,0,0
2025 Fall,LAW,7625,Intro to Negotiation (SC),021718,"Pruett,Amy Gwynn Neumeister",1,18982,School of Law,3.57,14,0,3,5,5,1,0,0,0,0,0
2025 Fall,ECE,6060,Autonomous Mobile Robots,048054,"Bezzo,Nicola",001,20274,Engineering & Applied Science,3.42,16,3,4,2,3,0,2,1,0,1,0
2025 Fall,EDIS,5409,Children's Literature,043575,"Schnoor,Diane Jackson",501,21402,School of Education and HumanDev,4.00,13,5,8,0,0,0,0,0,0,0,0
2025 Fall,LAW,8802,Grad Legal Research/Writing I,021830,"Moran,Karen Marie",2,18815,School of Law,3.39,21,0,2,5,10,3,1,0,0,0,0
2025 Fall,CJ,5490,Critical Incident for LE Exec,047120,"Dalfonzo,Vincent A",02,21744,Continuing & Prof Studies,4.00,35,2,33,0,0,0,0,0,0,0,0
2025 Fall,LAW,8000,Advanced Legal Research,021685,"Radthorne,Daniel Peter",2,20990,School of Law,3.63,18,0,1,13,4,0,0,0,0,0,0
2025 Fall,NESC,4030,The Study of Neuroscience,048112,"Lewis,Gwendolyn",103,20472,College & Graduate Arts & Sci,3.84,12,1,6,4,1,0,0,0,0,0,0
2025 Fall,PSPS,6980,MPS Comprehensive Exam,047405,"Gustafson,Bryon Gordon",581,20922,Continuing & Prof Studies,3.63,35,0,10,16,4,4,1,0,0,0,0
2025 Fall,LAW,6007,Torts,021571,"Abraham,Kenneth S",AH,18722,School of Law,3.40,62,0,3,19,33,5,0,2,0,0,0
2025 Fall,EDLF,8385,Survey Inquiry for Practice,044852,"Bellows,Laura Elizabeth",501,20002,School of Education and HumanDev,3.75,14,0,7,5,0,2,0,0,0,0,0
2025 Fall,EGMT,1530,Engaging Differences,044514,"Levenson,Michael H",501,21016,College & Graduate Arts & Sci,3.77,17,0,9,5,2,1,0,0,0,0,0
2025 Fall,LAW,9500,Tax Treaties & Other Intl Top,043871,"Mason,Ruth",1,20772,School of Law,3.50,14,0,1,6,6,1,0,0,0,0,0
2025 Fall,COMM,2001,Found. of Financial Accounting,048083,"Martin,Roger",300,20372,McIntire School of Commerce,3.33,75,14,14,7,13,11,9,2,1,2,2
2025 Fall,ISHU,3623,Studio Art Seminar: Painting,041208,"Andrews,George Geoffrey",101,20880,Continuing & Prof Studies,3.99,28,25,2,1,0,0,0,0,0,0,0
2025 Fall,PHIL,3830,Philosophy of Mental Health,047302,"Barnes,Elizabeth",001,13971,College & Graduate Arts & Sci,3.51,30,0,18,2,3,2,2,2,0,0,1
2025 Fall,CGBM,2110,Accounting for Business,047001,"Franks,Harry",002,17974,McIntire School of Commerce,3.41,52,0,6,15,19,9,3,0,0,0,0
2025 Fall,COMM,3720,Intermediate Corporate Finance,006484,"Schenone,Carola",002,17977,McIntire School of Commerce,3.42,30,1,11,3,8,1,4,0,0,2,0
2025 Fall,PLAP,4360,Campaigns and Elections,031593,"Stroupe,Kenneth",001,13981,College & Graduate Arts & Sci,3.89,19,3,9,7,0,0,0,0,0,0,0
2025 Fall,COMM,4710,Intermediate Investments,006538,"Kulkarni,Sheisha",003,17876,McIntire School of Commerce,3.60,45,0,11,23,8,1,1,0,0,0,1
2025 Fall,COMM,3330,Mkt Research & Analytic Tech,006475,"Kim,Christine",001,17900,McIntire School of Commerce,3.58,22,0,11,4,3,0,2,2,0,0,0
2025 Fall,LAW,7005,Antitrust,021607,"Fischman,Joshua",1,18887,School of Law,3.54,30,0,9,5,12,4,0,0,0,0,0
2025 Fall,LAW,9011,Law & Lit: Storytelling,022329,"Kim,Annie",1,18898,School of Law,3.53,16,0,1,9,5,0,1,0,0,0,0
2025 Fall,EDIS,3020,The Exceptional Learner,009391,"Collins,Lauren Wingfield",504,21397,School of Education and HumanDev,3.99,30,7,22,1,0,0,0,0,0,0,0
2025 Fall,COMM,3020,Behavior Issues in Mktg & Mgmt,006454,"Ballinger,Gary Andrew",200,17853,McIntire School of Commerce,3.56,50,1,11,21,8,7,1,1,0,0,0
2025 Fall,COMM,3030,Quantitative & Finan Analysis,006455,"Yung,Christopher A",008,17855,McIntire School of Commerce,3.32,50,0,12,4,15,10,7,2,0,0,0
2025 Fall,MSE,6120,Characterization of Materials,037554,"Burns,Kory",001,16238,Engineering & Applied Science,3.63,10,0,4,2,3,1,0,0,0,0,0
2025 Fall,APMA,2130,Ordinary Differentl Equations,001145,"Provat,Shirin",007,21047,Engineering & Applied Science,3.17,38,4,7,9,3,3,4,3,1,1,3
2025 Fall,CE,5045,Construction Practice,047327,"Duran,Diana Franco",001,16260,Engineering & Applied Science,3.67,13,0,6,3,2,2,0,0,0,0,0
2025 Fall,EDIS,3015,Intro Curriculum Instr Assess,045915,"Bosch,Emily",002,17113,School of Education and HumanDev,3.94,14,1,10,3,0,0,0,0,0,0,0
2025 Fall,EDIS,7230,Curriculum Gifted & Talented,009710,"Adams,Cheryll",500,17122,School of Education and HumanDev,3.77,7,0,5,1,0,0,1,0,0,0,0
2025 Fall,MDST,3501,Spec Tops: Directors & Auteurs,039988,"Duncan,Sean",001,13138,College & Graduate Arts & Sci,3.23,20,0,7,1,5,2,1,2,1,0,1
2025 Fall,HIEA,3112,Late Imperial China,018299,"Cronan,Sean",001,20520,College & Graduate Arts & Sci,3.68,26,1,15,5,3,0,0,0,0,2,0
2025 Fall,MAE,2310,Strength of Materials,022575,"Smith,Natasha",001,19628,Engineering & Applied Science,3.05,37,1,9,2,7,7,4,2,1,1,3
2025 Fall,CGBM,2310,Principles of Marketing,047003,"Allred,Nathan Brent",004,17976,McIntire School of Commerce,3.66,55,1,26,15,5,2,5,0,1,0,0
2025 Fall,COMM,4680,Entrepreneurship,006531,"Ransler,Charles",002,17981,McIntire School of Commerce,3.65,29,0,9,11,7,2,0,0,0,0,0
2025 Fall,SOC,4180,American Dream and Its Limits,046734,"Vickerman,Milton",001,19881,College & Graduate Arts & Sci,3.80,20,0,13,3,3,1,0,0,0,0,0
2025 Fall,LAW,8000,Advanced Legal Research,021685,"Ward,Latia",1,18809,School of Law,3.35,17,0,5,0,6,3,3,0,0,0,0
2025 Fall,LAW,6102,Administrative Law,021597,"Duffy,John Fitzgerald",1,18904,School of Law,3.54,42,1,9,12,13,7,0,0,0,0,0
2025 Fall,LAW,9053,Hallmks of Distinguished Advoc,021945,"Shadel,Molly Bishop",1,18836,School of Law,3.42,12,0,0,5,5,2,0,0,0,0,0
2025 Fall,GNUR,8220,Philosophy of Nurs Knowledge,017047,"Epstein,Beth",001,17390,School of Nursing,3.94,5,1,3,1,0,0,0,0,0,0,0
2025 Fall,CHEM,1411,Intro College Chem I Lab,005986,"Morkowchuk,Lisa",039,11662,College & Graduate Arts & Sci,3.63,23,4,9,6,0,1,1,0,1,1,0
2025 Fall,ASL,2010,Intermed Amer Sign Language I,003001,"Eshgi,Maher",004,11162,College & Graduate Arts & Sci,3.40,14,0,4,3,3,2,0,2,0,0,0
2025 Fall,COMM,4710,Intermediate Investments,006538,"Sandas,Patrik",001,17874,McIntire School of Commerce,3.55,25,0,12,4,4,3,0,0,1,1,0
2025 Fall,COMM,4710,Intermediate Investments,006538,"Kulkarni,Sheisha",004,17875,McIntire School of Commerce,3.70,45,0,18,17,8,0,2,0,0,0,0
2025 Fall,ARCH,2010,Foundation Studio II,001493,"Xu,Zhicheng",106,17716,School of Architecture,3.72,13,2,3,5,3,0,0,0,0,0,0
2025 Fall,ANTH,5528,Topics in Race Theory,000837,"Jackson,Sebastian",001,19441,College & Graduate Arts & Sci,3.34,9,0,4,3,0,0,0,0,1,0,1
2025 Fall,ECON,3010,Intermediate Microeconomics,007908,"Santugini,Marc",600,19929,College & Graduate Arts & Sci,3.01,142,26,34,14,9,11,5,7,7,7,22
2025 Fall,STAT,5430,Stat Comp with Python and R,040821,"Brown,Taylor",001,11195,College & Graduate Arts & Sci,3.84,26,0,15,9,2,0,0,0,0,0,0
2025 Fall,ARCH,6010,Foundation Studio I,001668,"Schumann,Kyle",001,17591,School of Architecture,3.67,12,2,4,2,2,2,0,0,0,0,0
2025 Fall,GCOM,7830,Digital Transformation,015437,"Wright,Ryan Timothy",001,17988,McIntire School of Commerce,3.60,21,2,6,4,6,3,0,0,0,0,0
2025 Fall,PSPM,5200,"Proj Sched, Cost & Budg Contrl",029796,"Yates,William N",701,20869,Continuing & Prof Studies,3.97,19,14,3,2,0,0,0,0,0,0,0
2025 Fall,LAW,6003,Criminal Law,021556,"Harmon,Rachel A",DE,18718,School of Law,3.39,63,1,3,22,25,9,2,0,0,0,1
2025 Fall,LAW,6104,Evidence,021648,"Brown,Darryl Keith",1,18720,School of Law,3.44,55,0,4,20,23,6,2,0,0,0,0
2025 Fall,CJ,5890,Law Enforcement ExecEssentials,044117,"Castillo,Angel",01,21652,Continuing & Prof Studies,3.97,23,0,21,2,0,0,0,0,0,0,0
2025 Fall,STS,2600,Engineering Ethics,046988,"Pappas,Jesse",009,16057,Engineering & Applied Science,3.85,30,0,21,6,1,2,0,0,0,0,0
2025 Fall,ENWR,1510,Writing and Critical Inquiry,013432,"Parker,Lauren Taylor",501,21018,College & Graduate Arts & Sci,3.91,18,0,15,2,0,1,0,0,0,0,0
2025 Fall,SOC,3400,Gender and Sexuality,035401,"Sarioglu,Esra",001,13736,College & Graduate Arts & Sci,3.67,31,5,7,13,4,0,0,2,0,0,0
2025 Fall,PSLP,5500,Contemp Issues in Leadership,047810,"McClellan,Sara E.",701,21216,Continuing & Prof Studies,3.63,11,0,2,7,0,2,0,0,0,0,0
2025 Fall,GBAC,7206,Storytelling with Data,045279,"Palomba,Anthony",001,18022,McIntire Darden Grad Business,3.51,45,0,5,17,20,3,0,0,0,0,0
2025 Fall,EVSC,1080,Resources and the Environment,013861,"Doney,Scott",001,13454,College & Graduate Arts & Sci,3.84,322,41,200,45,13,14,5,2,1,1,0
2025 Fall,PSHM,4050,Diversity in Healthcare,043948,"Mitchell,Herron",101,20939,Continuing & Prof Studies,3.69,16,2,12,0,0,1,0,0,0,0,1
2025 Fall,LAW,7779,Topics in Priv Co Acq (SC),045154,"Denison,Thomas Renau",1,20709,School of Law,3.43,17,0,0,7,8,2,0,0,0,0,0
2025 Fall,ARTH,3591,Art History Colloquium,042072,"Kreindler,Kate",004,19130,College & Graduate Arts & Sci,3.68,11,0,3,6,1,1,0,0,0,0,0
2025 Fall,EVSC,4380,Air Pollution Environ Justice,046544,"Pusede,Sally",001,20028,College & Graduate Arts & Sci,3.84,19,0,16,0,0,3,0,0,0,0,0
2025 Fall,GSGS,2610,Systems of Inequality,048093,"Siliunas,Andreja",001,20427,College & Graduate Arts & Sci,3.91,40,0,31,7,1,1,0,0,0,0,0
2025 Fall,LAW,7501,Spec Topics Short Course (SC),046387,"Iliopoulou,Anastasia",1,20578,School of Law,3.45,11,0,2,2,5,2,0,0,0,0,0
2025 Fall,ASTR,5480,Cosmology,048027,"Johnson,Bradley",001,20159,College & Graduate Arts & Sci,3.94,22,8,12,1,0,1,0,0,0,0,0
2025 Fall,MATH,1140,Financial Mathematics,022937,"Rolf,James Scott",004,21094,College & Graduate Arts & Sci,3.48,36,0,18,4,4,5,1,0,3,1,0
2025 Fall,LAW,9368,Consumer Financl Protctn Sem,048149,"Edwards,Kenneth",1,20589,School of Law,3.40,5,0,1,1,1,2,0,0,0,0,0
2025 Fall,NUCO,2130,Therapeutic Prin of Nrsg Care,029370,"Craig,Sarah",001,17326,School of Nursing,3.99,90,0,87,3,0,0,0,0,0,0,0
2025 Fall,DS,4021,Analytics II: ML,047351,"Rasero,Javier",001,19747,School of Data Science,3.91,32,0,29,0,0,3,0,0,0,0,0
2025 Fall,DRAM,2020,Acting I,007200,"Barbour-Payne,Yunina Carol",008,21396,College & Graduate Arts & Sci,3.86,14,3,8,1,1,1,0,0,0,0,0
2025 Fall,CHIN,2010,Intermediate Chinese,006053,"Wang,Ju Min",004,12967,College & Graduate Arts & Sci,3.89,14,0,9,5,0,0,0,0,0,0,0
2025 Fall,EDIS,5410,Young Adult Literature,009456,"Johnson,Wintre",500,17210,School of Education and HumanDev,3.71,19,6,7,5,0,0,0,0,0,0,1
2025 Fall,PLAP,2250,American Political Tradition,031555,"Rosenblum,Samuel",001,19544,College & Graduate Arts & Sci,3.74,19,0,9,6,3,1,0,0,0,0,0
2025 Fall,ACCT,5450,Introduction to Taxation,045935,"Hutchinson Iii,Harvey Atwood",701,20836,Continuing & Prof Studies,3.90,19,0,14,4,1,0,0,0,0,0,0
2025 Fall,ARCH,7120,20th-21st c History of Ideas,001688,"Last,Nana",001,17645,School of Architecture,3.46,43,0,7,12,15,9,0,0,0,0,0
2025 Fall,NUCO,3310,Pediatric Nursing,043225,"Boitnott,Amy",001,17365,School of Nursing,3.75,41,0,17,17,6,1,0,0,0,0,0
2025 Fall,LAW,6003,Criminal Law,021556,"Forde-Mazrui,Kim A",HI,18719,School of Law,3.40,61,1,9,13,21,13,3,1,0,0,0
2025 Fall,LAW,7187,Law of Pub-Priv Partnerships,045970,"Martin,George K.",1,18789,School of Law,3.45,13,0,1,3,9,0,0,0,0,0,0
2025 Fall,LAW,6002,Contracts,021553,"Geis,George Samuel",B,18971,School of Law,3.40,34,0,2,8,20,4,0,0,0,0,0
2025 Fall,ENGL,2599,Special Topics,012514,...,014,21104,College & Graduate Arts & Sci,3.39,13,0,8,2,0,1,0,0,0,1,1
2025 Fall,ENGL,2506,Studies in Poetry,012488,...,004,21107,College & Graduate Arts & Sci,3.86,14,3,6,4,1,0,0,0,0,0,0
2025 Fall,LASE,3601,Critical Inquiry,047062,"Gleek,Charlie",001,13534,College & Graduate Arts & Sci,3.88,14,2,11,0,0,0,0,1,0,0,0
2025 Fall,KOR,1010,Elementary Korean I,020864,"CHOI,YOON HWA",004,13528,College & Graduate Arts & Sci,3.49,13,3,1,4,2,1,1,1,0,0,0
2025 Fall,NUIP,2240,Lifespan Development,029449,"Evans,Emily",001,17323,School of Nursing,3.91,100,15,68,14,0,1,1,0,1,0,0
2025 Fall,ENWR,1510,Writing and Critical Inquiry,013432,"Sarmah,Raginee",078,19486,College & Graduate Arts & Sci,3.73,17,0,8,5,3,1,0,0,0,0,0
2025 Fall,PLCP,2500,Special Topics,039020,"Walter,Margaret King",504,21019,College & Graduate Arts & Sci,3.63,18,0,7,4,6,0,1,0,0,0,0
2025 Fall,LNGS,2220,Black English,022527,"Elson,Mark",001,19489,College & Graduate Arts & Sci,3.70,20,0,10,4,4,2,0,0,0,0,0
2025 Fall,DS,2002,Data Science Systems,046059,"Williamson,Jason Patrick",003,21240,School of Data Science,3.97,21,10,9,2,0,0,0,0,0,0,0
2025 Fall,ARTH,2052,Ancient Egypt,039561,"Dakouri-Hild,Anastasia",001,19145,College & Graduate Arts & Sci,3.89,47,16,17,12,1,1,0,0,0,0,0
2025 Fall,SOC,4530,Topics in Sociology of Health,045393,"Aviles,Natalie",001,19883,College & Graduate Arts & Sci,3.46,19,0,6,4,4,3,1,0,1,0,0
2025 Fall,SOC,4055,"Law, Inequality & Soc Change",035489,"Gorman,Elizabeth",001,19886,College & Graduate Arts & Sci,3.22,13,0,1,6,3,1,1,0,0,0,1
2025 Fall,EDLF,3170,Introduction to Adolescence,044395,"Sweeney,Beverly",001,16749,School of Education and HumanDev,3.88,37,6,28,2,0,0,0,0,0,0,1
2025 Fall,APMA,1110,Single Variable Calculus II,001140,"McMillan,Matthew",001,14662,Engineering & Applied Science,3.46,44,7,18,8,3,1,2,0,0,2,3
2025 Fall,GBAC,7203,Enterprise Decision Analysis,045274,"Albert,Michael J",001,18019,McIntire Darden Grad Business,3.50,46,3,9,9,17,6,2,0,0,0,0
2025 Fall,MAE,3210,Fluid Mechanics,022582,"Quinn,Daniel",002,20488,Engineering & Applied Science,3.51,61,10,17,9,12,5,3,2,1,2,0
2025 Fall,LAW,8015,Partnership Tax,021760,"Yale,Ethan",1,18769,School of Law,3.68,5,0,2,2,0,1,0,0,0,0,0
2025 Fall,LAW,6003,Criminal Law,021556,"Coughlin,Anne M",GJ,18798,School of Law,3.40,63,0,7,20,25,9,0,0,1,0,1
2025 Fall,ARTH,1505,Art and the Modern World,040669,"Fordham,Douglas",100,19134,College & Graduate Arts & Sci,3.36,54,0,6,25,9,6,1,2,4,1,0
2025 Fall,KINE,5495,Human Physiology,044649,"Allen,Jason",001,16747,School of Education and HumanDev,3.51,9,1,3,0,2,3,0,0,0,0,0
2025 Fall,KINE,3630,Emergency Medical Care,009126,"Swaim,Erin",100,17173,School of Education and HumanDev,3.82,40,19,11,5,2,1,1,0,1,0,0
2025 Fall,MATH,1140,Financial Mathematics,022937,"Cernekova,Kristina",001,11482,College & Graduate Arts & Sci,3.45,35,0,16,4,4,4,2,4,1,0,0
2025 Fall,AMST,2559,New Course: AMST,038535,"Capucao,Reynaldo",001,20037,College & Graduate Arts & Sci,3.78,28,12,10,2,2,0,1,0,0,0,1
2025 Fall,EDIS,3040,Foundations of Early Child Edu,042221,"Larson,Elisa",501,17156,School of Education and HumanDev,3.57,23,3,10,4,1,1,2,0,1,1,0
2025 Fall,LAW,7613,Glbaliztn/Prvt Dispt Res (SC),040021,"McEvoy,Timothy J",1,18884,School of Law,3.54,9,0,2,2,5,0,0,0,0,0,0
2025 Fall,PLIR,5500,Special Topics,042137,"Copeland,Dale",001,13983,College & Graduate Arts & Sci,3.28,12,0,4,3,2,1,1,0,0,0,1
2025 Fall,PSLP,5300,Foundations of Leadership,044292,"Brown,Santarvis Nyaries",701,20954,Continuing & Prof Studies,3.93,18,0,16,1,0,1,0,0,0,0,0
2025 Fall,KINE,3620,Biomechanics/Motor Control,009106,"Kuenze,Christopher",001,17180,School of Education and HumanDev,3.23,39,0,5,14,7,6,1,3,0,2,1
2025 Fall,ARCH,5614,Urban Strategies,045420,"Khafif,Mona El",001,17745,School of Architecture,3.89,15,1,10,3,1,0,0,0,0,0,0
2025 Fall,ECON,2010,Principles of Econ: Microecon,007876,"Kripalani,Jessica",300,11194,College & Graduate Arts & Sci,3.29,85,5,31,13,7,8,4,4,5,5,3
2025 Fall,PHS,4050,Global Public Health Policy,043758,"Quissell,Kathryn",001,11336,College & Graduate Arts & Sci,3.97,62,33,23,6,0,0,0,0,0,0,0
2025 Fall,LAW,6007,Torts,021571,"Strauss,Gregg",CJ,18771,School of Law,3.40,62,0,7,16,24,14,1,0,0,0,0
2025 Fall,LAW,7019,Criminal Investigation,021639,"Coughlin,Anne M",1,18776,School of Law,3.55,80,2,15,24,32,7,0,0,0,0,0
2025 Fall,COMM,2003,Found. of Information Systems,048085,"Schuff,David",002,20388,McIntire School of Commerce,3.51,70,0,8,35,14,10,3,0,0,0,0
2025 Fall,MATH,1210,A survey of Calculus I,022944,"Turner,Joshua Lenwood",700,13751,College & Graduate Arts & Sci,3.36,31,11,7,0,4,2,1,0,3,2,1
2025 Fall,ENWR,1510,Writing and Critical Inquiry,013432,"Rasak Oyadiran,Opeyemi Rofiat",071,12825,College & Graduate Arts & Sci,3.97,18,1,15,2,0,0,0,0,0,0,0
2025 Fall,COMM,3020,Behavior Issues in Mktg & Mgmt,006454,"Allison,Kiera",300,17854,McIntire School of Commerce,3.46,50,0,3,20,21,5,1,0,0,0,0
2025 Fall,COMM,3110,Intermediate Accounting I,006461,"McDermott,Katie",300,17863,McIntire School of Commerce,3.55,43,0,18,8,6,8,2,0,1,0,0
2025 Fall,ISIN,4520,Sp Tps Conduct Inquiry: HU,043256,"Floyd,Richard D",101,20885,Continuing & Prof Studies,3.38,25,0,9,2,8,1,2,2,0,1,0
2025 Fall,EDIS,3060,Poverty and the Young Child,045749,"Hawkins,Jaime-Duke",501,17118,School of Education and HumanDev,3.68,24,13,5,2,1,1,1,0,0,0,1
2025 Fall,EDIS,2650,Cultural and Physical Geo,047891,"Cranford,Sara",500,19941,School of Education and HumanDev,3.88,24,0,19,3,1,0,1,0,0,0,0
2025 Fall,LAW,9086,Law Refrm&Impact Lit Seminar,022149,"Le,Chinh Quang",1,18944,School of Law,3.41,11,0,0,3,8,0,0,0,0,0,0
2025 Fall,ALAR,5203,Building Venice,047309,"Sherman,William",001,17802,School of Architecture,3.65,17,0,7,4,4,2,0,0,0,0,0
2025 Fall,ASTR,5110,Astronomical Techniques,003100,"Zhou,Yifan",001,19156,College & Graduate Arts & Sci,3.75,11,0,7,1,2,1,0,0,0,0,0
2025 Fall,SPAN,2010,Intermediate Spanish,035853,"Whitfill,Francis",016,19187,College & Graduate Arts & Sci,3.86,18,8,7,1,0,1,1,0,0,0,0
2025 Fall,DS,3001,Foundations of ML,045203,"Annapareddy,Navya",004,21389,School of Data Science,3.92,38,4,27,5,2,0,0,0,0,0,0
2025 Fall,ENWR,2510,Advanced Writing Seminar,013441,"Grossman,Jeffrey A",004,21055,College & Graduate Arts & Sci,3.84,18,1,10,5,2,0,0,0,0,0,0
2025 Fall,KINE,3601,Musculoskeletal Anatomy Lab I,042824,"Higgins,Michael",003,16838,School of Education and HumanDev,3.86,24,2,13,8,0,1,0,0,0,0,0
2025 Fall,PSYC,4500,Spec Tops: Psychology,032600,"Llewellyn,Patricia",001,19352,College & Graduate Arts & Sci,3.96,14,8,4,2,0,0,0,0,0,0,0
2025 Fall,PSYC,5500,Current Topics in Psychology,032717,"Lillard,Angeline",002,19358,College & Graduate Arts & Sci,3.89,11,3,4,4,0,0,0,0,0,0,0
2025 Fall,CS,4501,Spec Top: Computer Science,006942,"Elbaum,Sebastian",004,20056,Engineering & Applied Science,3.77,23,6,9,5,1,1,0,0,1,0,0
2025 Fall,ENGL,2500,Intro to Literary Studies,012548,"O'Brien,John",010,19677,College & Graduate Arts & Sci,3.57,17,0,8,3,2,3,0,0,1,0,0
2025 Fall,PLAC,5863,Climate Adaptation Planning,046272,"Wilson,Bev",001,19925,School of Architecture,3.78,16,0,11,4,0,0,0,0,0,1,0
2025 Fall,COMM,4720,Adv Corp Finance: Val & Restr,006541,"Marston,Felicia",001,17878,McIntire School of Commerce,3.47,31,4,5,6,9,4,2,1,0,0,0
2025 Fall,COMM,4450,Federal Taxation,006512,"Franks,Harry",001,17927,McIntire School of Commerce,3.45,30,1,8,7,4,6,3,1,0,0,0
2025 Fall,GNUR,5270,Care Environment Management II,016899,"Ridge,Richard",001,17336,School of Nursing,4.00,42,29,13,0,0,0,0,0,0,0,0
2025 Fall,PLAN,1010,Intro to Urban & Environ Plan,031254,"Beatley,Timothy",001,17584,School of Architecture,3.68,141,0,57,40,34,10,0,0,0,0,0
2025 Fall,GCNL,5020,Principles of Pharmacology,042836,"Epstein,Beth",001,17354,School of Nursing,3.67,62,0,19,30,7,5,1,0,0,0,0
2025 Fall,ENGL,2599,Special Topics,012514,...,016,21106,College & Graduate Arts & Sci,3.70,18,0,5,10,2,1,0,0,0,0,0
2025 Fall,NUCO,4420,Professional Nursing,042017,"Whitlow,Malinda",001,17391,School of Nursing,3.81,21,14,3,1,2,0,0,0,0,1,0
2025 Fall,WGS,3895,Front Lines of Social Change I,048118,"Nichols,Taylor J.",001,20494,College & Graduate Arts & Sci,3.89,14,4,7,2,0,1,0,0,0,0,0
2025 Fall,CS,6501,Spec Top: Computer Science,006981,"Nepal,Subigya",014,21239,Engineering & Applied Science,3.65,22,5,5,6,2,2,2,0,0,0,0
2025 Fall,CJ,5495,CI: Executive Decision Making,047240,"Yansick,Michael",01,21649,Continuing & Prof Studies,4.00,23,3,20,0,0,0,0,0,0,0,0
2025 Fall,NUIP,2060,Human Physiology & Anatomy I,042610,"Connelly,Christine",001,17350,School of Nursing,3.52,74,14,19,17,7,6,4,3,2,1,1
2025 Fall,ENWR,1510,Writing and Critical Inquiry,013432,"Watts,Courtney Lynne",069,12823,College & Graduate Arts & Sci,3.89,17,0,11,6,0,0,0,0,0,0,0
2025 Fall,NUIP,3230,Spanish Health Care Providers,044509,"Estrada,Michelet McLean",001,17435,School of Nursing,3.95,14,1,12,0,1,0,0,0,0,0,0
2025 Fall,KINE,8630,Readings Sports Med Research,043659,"Resch,Jacob",001,17263,School of Education and HumanDev,3.96,8,1,6,1,0,0,0,0,0,0,0
2025 Fall,LAW,7071,Professional Responsibility,021935,"Cohen,George M",2,18818,School of Law,3.54,49,4,16,6,13,5,3,0,2,0,0
2025 Fall,DS,6021,ML I: Intr Predictive Modeling,047947,"Afriyie,Prince",002,19741,School of Data Science,3.92,47,5,34,5,2,1,0,0,0,0,0
2025 Fall,LAW,6003,Criminal Law,021556,"Brown,Darryl Keith",AB,18716,School of Law,3.39,62,0,4,11,42,4,1,0,0,0,0
2025 Fall,LAW,7017,Con Law II:Freedom of Religion,021626,"Schwartzman,Micah Jacob",1,18739,School of Law,3.65,70,0,26,27,14,0,1,0,1,0,1
2025 Fall,MATH,7340,Complex Analysis I,023223,"Foldes,Juraj",001,11163,College & Graduate Arts & Sci,3.77,11,1,5,4,0,0,1,0,0,0,0
2025 Fall,LAW,7127,AI and Machine Learning,042767,"Nachbar,Thomas B",1,20741,School of Law,3.44,26,1,2,7,11,5,0,0,0,0,0
2025 Fall,NUIP,4311,RNs in Complex Systems,045256,"Chu,Crystal",001,17441,School of Nursing,3.92,124,93,13,13,1,3,0,0,1,0,0
2025 Fall,LAW,7089,Racial Justice and Law,040073,"Forde-Mazrui,Kim A",1,18956,School of Law,3.45,17,0,0,7,9,1,0,0,0,0,0
2025 Fall,ANTH,3152,Rainforest Peoples,000759,"Mentore,George",001,12805,College & Graduate Arts & Sci,3.22,33,0,3,4,10,12,3,1,0,0,0
2025 Fall,ISLS,3000,Transformations: Liberal Arts,044252,"Matthews,Charlotte Hilary",101,20887,Continuing & Prof Studies,3.98,19,4,14,1,0,0,0,0,0,0,0
2025 Fall,PHYS,1429,Intro Physics 1 Workshop,031036,"Bychkov,Maksim",002,12864,College & Graduate Arts & Sci,3.89,25,3,20,0,1,0,0,0,1,0,0
2025 Fall,DRAM,3090,Theatre and Social Change,046155,"Brown,Andrew James",001,19468,College & Graduate Arts & Sci,3.71,15,0,3,10,2,0,0,0,0,0,0
2025 Fall,EDIS,2010,Teaching as a Profession,009383,"Chabalengula,Vivien",200,17185,School of Education and HumanDev,3.82,33,0,24,5,1,1,2,0,0,0,0
2025 Fall,LAW,7042,Immigr Law and Policy Lecture,021665,"Liebowitz,Ellen",1,21086,School of Law,3.41,16,0,4,2,6,2,2,0,0,0,0
2025 Fall,PHYS,2030,Princip of Physics 1 Workshop,030811,"Bychkov,Maksim",017,13343,College & Graduate Arts & Sci,4.00,25,3,22,0,0,0,0,0,0,0,0
2025 Fall,PLAN,5614,Urban Strategies,045419,"Khafif,Mona El",001,17746,School of Architecture,3.86,5,2,2,0,1,0,0,0,0,0,0
2025 Fall,PLAN,6013,Comm & Planning Analysis,046969,"Jafari,Ghazal",001,17747,School of Architecture,3.70,19,4,2,10,2,0,1,0,0,0,0
2025 Fall,COMM,3410,Commercial Law I,006470,"Moore,Sherri",002,17931,McIntire School of Commerce,3.28,293,0,41,108,54,34,25,10,8,4,9
2025 Fall,EDIS,5060,Math Instruction Special Ed,009429,"Gelman,Jennifer Anne",501,21399,School of Education and HumanDev,3.90,13,4,7,1,0,1,0,0,0,0,0
2025 Fall,COMM,2001,Found. of Financial Accounting,048083,"Mitchell,Jill",600,20378,McIntire School of Commerce,3.32,76,9,19,8,12,10,9,2,4,1,2
2025 Fall,EDIS,5080,Differentiating Instruction,045846,"Coyne,Elizabeth",502,17290,School of Education and HumanDev,3.94,16,0,13,3,0,0,0,0,0,0,0
2025 Fall,CGBM,2710,Making Financial Decisions,047004,"Murphy,Larry",001,17967,McIntire School of Commerce,3.57,50,0,12,24,6,5,2,0,0,1,0
2025 Fall,MDST,4510,Capstone Topics,045773,"Goin,Keara",001,12957,College & Graduate Arts & Sci,3.84,20,0,15,3,0,1,1,0,0,0,0
2025 Fall,EDHS,3120,Abnormal Psychology,043641,"Ferguson,Erin",001,16666,School of Education and HumanDev,3.31,20,2,3,6,1,4,1,1,1,1,0
2025 Fall,EDIS,7852,Seminar: Reading Research,039488,"Cohen,Julie",001,16798,School of Education and HumanDev,3.95,6,1,4,1,0,0,0,0,0,0,0
2025 Fall,ENGL,4500,Seminar in English Literature,045452,"Edmundson,Mark",002,19670,College & Graduate Arts & Sci,3.69,17,1,5,6,5,0,0,0,0,0,0
2025 Fall,PHYS,8710,Nuclear Physics I,030963,"Cates,Gordon",001,19448,College & Graduate Arts & Sci,3.88,13,0,8,5,0,0,0,0,0,0,0
2025 Fall,PHIL,2500,Survey on a PhilosophicalTopic,043637,"Brewer,Talbot",100,19449,College & Graduate Arts & Sci,3.26,48,0,6,14,12,6,7,0,2,0,1
2025 Fall,GCOM,7050,Organizational Behavior,037979,"Zhao,Yue",001,17886,McIntire School of Commerce,3.77,64,2,33,16,10,3,0,0,0,0,0
2025 Fall,SEC,4010,Digital Forensics Cybercrime,045344,"Jones,Angel J",701,20873,Continuing & Prof Studies,3.50,10,8,0,0,0,1,0,0,0,0,1
2025 Fall,CHEM,1411,Intro College Chem I Lab,005986,"Morkowchuk,Lisa",006,10523,College & Graduate Arts & Sci,3.55,24,6,10,1,0,2,4,0,0,0,1
2025 Fall,ARTH,1507,Art and Global Cultures,045465,"Kondyli,Foteini",100,19141,College & Graduate Arts & Sci,3.96,58,32,19,7,0,0,0,0,0,0,0
2025 Fall,ARCH,3010,Foundation Studio IV,001517,"Bachman,Johntaylor",001,17582,School of Architecture,3.41,13,0,3,2,5,1,2,0,0,0,0
2025 Fall,NUIP,4200,Pathophysiology for Nurses,029460,"Toll,Crystal",003,17541,School of Nursing,3.84,10,1,7,1,0,0,1,0,0,0,0
2025 Fall,EDIS,5030,Design Effec Lrn Exp & Environ,009426,"Pease,Jennifer",001,16771,School of Education and HumanDev,3.99,22,13,8,1,0,0,0,0,0,0,0
2025 Fall,ITAL,1010,Elementary Italian I,020555,"White,Tonya L.",501,19026,College & Graduate Arts & Sci,3.73,12,3,6,1,1,0,0,0,0,1,0
2025 Fall,COMM,3030,Quantitative & Finan Analysis,006455,"Yung,Christopher A",007,17860,McIntire School of Commerce,3.42,50,1,12,9,14,9,3,1,1,0,0
2025 Fall,APMA,3100,Probability,001152,"Ryals,Megan",001,15777,Engineering & Applied Science,3.13,36,5,12,5,3,0,2,2,0,3,4
2025 Fall,CS,4630,Defense Against the Dark Arts,038715,"Reiss,Charles",001,15786,Engineering & Applied Science,3.51,62,1,26,12,9,8,0,2,3,0,1
2025 Fall,AMST,3472,Hollywood Exile,047975,"Dobryden,Paul",001,19484,College & Graduate Arts & Sci,3.94,23,0,20,2,1,0,0,0,0,0,0
2025 Fall,ENWR,1510,Writing and Critical Inquiry,013432,"Buckley,Alexander Scott",048,11459,College & Graduate Arts & Sci,3.93,18,0,16,1,0,1,0,0,0,0,0
2025 Fall,COMM,4310,Global Marketing,006515,"Kozlenkova,Irina",001,17871,McIntire School of Commerce,3.66,29,0,6,16,6,1,0,0,0,0,0
2025 Fall,COMM,1800,Foundations of Commerce,006438,"Costa,Elaine",003,17961,McIntire School of Commerce,3.39,158,1,44,47,23,19,11,3,4,1,5
2025 Fall,ARCH,6010,Foundation Studio I,001668,"Dripps,Robin D",002,17717,School of Architecture,3.78,12,0,6,4,2,0,0,0,0,0,0
2025 Fall,LAW,9298,Appellate Practice,044750,"Stetson,Catherine Emily",1,20802,School of Law,3.53,18,0,6,4,6,1,0,0,1,0,0
2025 Fall,GCOM,7658,Project Management,048182,"Maurer,Christopher Scott",001,21270,McIntire School of Commerce,3.56,28,0,5,12,8,3,0,0,0,0,0
2025 Fall,PHS,7090,Health Care Economics,030370,"Wanchek,Tanya",001,18315,Medical School - BIMS/PHS,4.00,21,3,18,0,0,0,0,0,0,0,0
2025 Fall,PLIR,4430,"Empire, Hegemony, Leadership",040541,"Owen,John",001,19531,College & Graduate Arts & Sci,3.63,15,0,2,9,4,0,0,0,0,0,0
2025 Fall,RELG,5880,"Religion, State, Sovereignty",048122,"Salomon,Noah",001,20475,College & Graduate Arts & Sci,3.77,8,1,1,6,0,0,0,0,0,0,0
2025 Fall,SYS,6044,Engineering Economic Systems,042542,"Lark,James",600,19919,Engineering & Applied Science,3.61,19,0,7,5,6,0,0,1,0,0,0
2025 Fall,MDST,3504,Topics in Global Media,042990,"Kokas,Aynne",003,21154,College & Graduate Arts & Sci,3.59,17,3,10,1,1,0,0,0,1,0,1
2025 Fall,EDIS,5011,Classroom Management,043584,"Cook,Lysandra",001,17040,School of Education and HumanDev,4.00,14,5,9,0,0,0,0,0,0,0,0
2025 Fall,EDIS,6220,Assessment of Curriculum: K-12,045848,"Falls,Melanie",501,17081,School of Education and HumanDev,3.67,25,0,18,2,2,1,1,0,0,0,1
2025 Fall,EGMT,1520,Empirical Engagement,044513,"Bultman,Rebecca Danielle",210,12578,College & Graduate Arts & Sci,4.00,35,28,7,0,0,0,0,0,0,0,0
2025 Fall,SYS,4581,Sel Tops Systems Engineering,036918,"Thompson,Jamey",001,15130,Engineering & Applied Science,3.71,17,0,8,5,2,2,0,0,0,0,0
2025 Fall,PSPM,5230,Leadership & Proj Team Mgmt,029799,"Powers,Michael C",701,20870,Continuing & Prof Studies,3.64,21,1,12,4,0,1,1,0,2,0,0
2025 Fall,ALAR,8010,Research Studio 1,042199,"MacDonald,Katherine",006,17701,School of Architecture,4.00,5,3,2,0,0,0,0,0,0,0,0
2025 Fall,ALAR,8010,Research Studio 1,042199,"Baharlou,Ehsan",008,17703,School of Architecture,3.83,7,2,1,4,0,0,0,0,0,0,0
2025 Fall,MATH,1210,A survey of Calculus I,022944,"Wang,Xiaojing",500,12729,College & Graduate Arts & Sci,3.52,35,8,17,1,2,1,0,1,3,1,1
2025 Fall,PSYC,2700,Intro to Child Psychology,032516,"Robertson,Zoe",001,10907,College & Graduate Arts & Sci,3.75,335,0,227,44,28,16,9,5,2,1,3
2025 Fall,MEST,2470,Reflections of Exile,037550,"Lefkowitz,Daniel",001,19446,College & Graduate Arts & Sci,3.62,11,0,2,6,2,1,0,0,0,0,0
2025 Fall,EDIS,6730,Diagnosis & Remediation I,009475,"Demchak,Alisha Nicole",501,16990,School of Education and HumanDev,3.91,13,0,9,4,0,0,0,0,0,0,0
2025 Fall,CHEM,4411,Biological Chemistry Lab I,005757,"Pompano,Rebecca",102,11655,College & Graduate Arts & Sci,3.69,18,3,4,6,4,1,0,0,0,0,0
2025 Fall,ENGL,4270,Shakespeare Seminar,037464,"Parker,John",001,19662,College & Graduate Arts & Sci,3.52,13,0,2,5,5,0,1,0,0,0,0
2025 Fall,COMM,4620,Strategic Leadership,045370,"Zhao,Emma",001,17936,McIntire School of Commerce,3.89,38,0,28,7,3,0,0,0,0,0,0
2025 Fall,CHTR,1010,Chinese Culture,047967,"Wang,Ju Min",001,20188,College & Graduate Arts & Sci,3.96,20,0,17,3,0,0,0,0,0,0,0
2025 Fall,NESC,4559,New Course: NESC,044977,"Lewis,Gwendolyn",001,20404,College & Graduate Arts & Sci,4.00,14,7,7,0,0,0,0,0,0,0,0
2025 Fall,ECE,6501,Topics: Elect & Computer Engr,007731,"Li,Jundong",001,15940,Engineering & Applied Science,3.64,14,7,2,0,2,2,0,1,0,0,0
2025 Fall,COMM,3030,Quantitative & Finan Analysis,006455,"Erwin,Gayle R",005,17859,McIntire School of Commerce,3.57,49,0,17,12,10,8,2,0,0,0,0
2025 Fall,COMM,4741,Foundations of Global Commerce,006535,"Maillet,Peter",001,17902,McIntire School of Commerce,3.75,35,1,18,8,6,2,0,0,0,0,0
2025 Fall,EGMT,1510,Engaging Aesthetics,044512,"Ramirez-Weaver,Eric",121,19398,College & Graduate Arts & Sci,3.83,17,5,5,5,2,0,0,0,0,0,0
2025 Fall,SYS,4021,Linear Statistical Models,036910,"Chung,Seokhyun",001,14725,Engineering & Applied Science,3.94,64,0,53,9,2,0,0,0,0,0,0
2025 Fall,EDIS,6200,Principles of Curric Design,045847,"McLemore,Katherine",501,17051,School of Education and HumanDev,3.65,20,0,14,2,2,1,0,0,0,0,1
2025 Fall,EDHS,4010,Tech Apps Special Populations,042944,"Appert,Christine",001,17241,School of Education and HumanDev,3.98,19,9,9,1,0,0,0,0,0,0,0
2025 Fall,EDIS,3020,The Exceptional Learner,009391,"Li,Bangyan",502,17123,School of Education and HumanDev,3.56,30,0,16,3,2,7,0,1,0,1,0
2025 Fall,DS,2024,Value I: Ethics & Policy in DS,047263,"Sloane,Mona",001,19724,School of Data Science,3.95,37,9,22,6,0,0,0,0,0,0,0
2025 Fall,COMM,3410,Commercial Law I,006470,"Moore,Sherri",001,17930,McIntire School of Commerce,3.38,298,0,48,114,47,46,25,7,6,1,4
2025 Fall,KINE,3430,Phys Activ Health Disparities,046562,"Swift,Damon",001,17102,School of Education and HumanDev,3.64,40,2,21,6,3,5,0,2,0,1,0
2025 Fall,COMM,2001,Found. of Financial Accounting,048083,"Mitchell,Jill",100,20345,McIntire School of Commerce,3.36,34,10,3,6,6,3,1,2,2,0,1
2025 Fall,COMM,3220,Data Mgmt for Decision Making,006500,"Grazioli,Stefano",002,17901,McIntire School of Commerce,3.56,30,1,11,5,7,3,3,0,0,0,0
2025 Fall,EGMT,1520,Empirical Engagement,044513,"Reilly,Bridget Teresa",214,12582,College & Graduate Arts & Sci,3.99,35,15,19,1,0,0,0,0,0,0,0
2025 Fall,COMM,3110,Intermediate Accounting I,006461,"McDermott,Katie",400,17864,McIntire School of Commerce,3.54,42,0,16,9,8,4,4,1,0,0,0
2025 Fall,SOC,2056,The Sociology of Culture,044680,"Greenland,Fiona",100,19868,College & Graduate Arts & Sci,3.77,53,12,23,8,3,5,2,0,0,0,0
2025 Fall,GETR,3559,New Course: GETR,039219,"Grossman,Jeffrey",005,19485,College & Graduate Arts & Sci,3.57,17,1,4,5,4,3,0,0,0,0,0
2025 Fall,MSE,6010,Elec & Crystal Struc of Matls,024419,"Reinke,Petra",600,15661,Engineering & Applied Science,3.35,6,0,0,3,0,3,0,0,0,0,0
2025 Fall,COMM,5700,Financial Trading,006559,"Webb,Robert",001,17904,McIntire School of Commerce,3.64,39,2,11,14,8,3,1,0,0,0,0
2025 Fall,ENGL,5810,Books as Physical Objects,011566,"Meulen,David Vander",001,20411,College & Graduate Arts & Sci,3.87,7,0,4,3,0,0,0,0,0,0,0
2025 Fall,COMM,3030,Quantitative & Finan Analysis,006455,"Webb,Robert I",002,17856,McIntire School of Commerce,3.46,50,1,10,14,14,10,0,0,0,0,1
2025 Fall,AMST,3001,Theories & Methods of Amer Std,000457,"Cacho,Lisa",001,11417,College & Graduate Arts & Sci,3.45,14,0,5,2,2,4,0,1,0,0,0
2025 Fall,COMM,3110,Intermediate Accounting I,006461,"Wang,Jasmine",700,17868,McIntire School of Commerce,3.54,42,2,11,12,8,6,2,1,0,0,0
2025 Fall,COMM,2002,Foundations of Finance,048084,"McCartney,William",001,20381,McIntire School of Commerce,3.35,73,0,28,16,11,2,4,2,2,4,4
2025 Fall,ISSS,3180,Critical Issues in Democracy,037520,"Guttman,Robert J",101,20890,Continuing & Prof Studies,3.86,19,0,14,3,1,1,0,0,0,0,0
2025 Fall,FREN,3584,Topics in French Cinema,014369,"Blatt,Ari Jason",001,20607,College & Graduate Arts & Sci,3.95,17,0,14,3,0,0,0,0,0,0,0
2025 Fall,SPAN,2010,Intermediate Spanish,035853,"Neff,Kate",006,11191,College & Graduate Arts & Sci,3.84,16,2,7,6,1,0,0,0,0,0,0
2025 Fall,LPPL,7410,Psychology for Leadership,041246,"Converse,Benjamin",001,19372,Batten Leadership & Public Pol,3.57,58,1,19,13,16,7,2,0,0,0,0
2025 Fall,PHYS,2030,Princip of Physics 1 Workshop,030811,"Bychkov,Maxim Aleksandrovich",028,20612,College & Graduate Arts & Sci,3.82,25,2,19,1,0,1,1,0,1,0,0
2025 Fall,COMM,3110,Intermediate Accounting I,006461,"McDermott,Katie",500,17866,McIntire School of Commerce,3.61,40,0,20,5,8,6,0,0,0,1,0
2025 Fall,COMM,4710,Intermediate Investments,006538,"Sandas,Patrik",002,17877,McIntire School of Commerce,3.69,47,0,29,4,7,4,2,1,0,0,0
2025 Fall,CE,4210,Stormwater Management,037395,"Culver,Teresa",001,15408,Engineering & Applied Science,3.96,15,4,9,2,0,0,0,0,0,0,0
2025 Fall,MAE,3230,Thermal Fluids Laboratory,045222,"Griffiths,Peter",001,15409,Engineering & Applied Science,3.94,76,24,43,7,0,0,2,0,0,0,0
2025 Fall,BIMS,8995,Topical Research,042296,"Smith,Jeffrey S",012,21056,Medical School - BIMS/PHS,3.84,8,5,1,1,0,1,0,0,0,0,0
2025 Fall,RELG,3730,Study of Religion,046968,"Geddes,Jennifer",001,19299,College & Graduate Arts & Sci,3.90,20,0,17,1,1,1,0,0,0,0,0
2025 Fall,EDHS,1120,Found of Community Engagement,043507,"Knight,Jennie",002,17281,School of Education and HumanDev,3.71,30,0,18,8,2,0,0,0,1,0,1
2025 Fall,ECON,4610,Economic Development,007978,"Aman-Rana,Shan",001,19777,College & Graduate Arts & Sci,3.81,39,5,16,14,3,1,0,0,0,0,0
2025 Fall,MDST,7704,Pol Economy of Communication,045894,"Martin,Aaron",001,20084,College & Graduate Arts & Sci,3.97,9,4,4,1,0,0,0,0,0,0,0
2025 Fall,EVSC,1600,Water on Earth,013855,"Cheng,Frederick",001,18710,College & Graduate Arts & Sci,3.69,80,1,57,6,3,6,2,0,3,0,2
2025 Fall,LAW,7125,Practical Trust/Estate Admin,042755,"Murphy,Stephen Wills",1,18741,School of Law,3.51,13,0,1,5,7,0,0,0,0,0,0
2025 Fall,LAW,6000,Civil Procedure,021550,"Collins,Michael G",DI,18750,School of Law,3.40,63,0,3,19,31,9,1,0,0,0,0
2025 Fall,LAW,8026,Taking Effective Depositions,043842,"Sajadi,Susan M.",1,18790,School of Law,3.51,15,0,0,8,7,0,0,0,0,0,0
2025 Fall,COMM,2001,Found. of Financial Accounting,048083,"Mitchell,Jill",500,20376,McIntire School of Commerce,3.47,76,14,20,14,5,7,9,4,1,0,2
2025 Fall,SPAN,4520,Spec Topics Sem: Cult & Civil,035969,"Riva,FERNANDO",002,20212,College & Graduate Arts & Sci,4.00,17,4,13,0,0,0,0,0,0,0,0
2025 Fall,HIAF,1501,Intro Sem in African History,018130,"Syed,Amir",001,20948,College & Graduate Arts & Sci,3.96,14,0,12,2,0,0,0,0,0,0,0
2025 Fall,PHS,3825,Global Public Health,043001,"Colvin,Chris",001,11674,College & Graduate Arts & Sci,3.97,63,9,51,2,0,0,1,0,0,0,0
2025 Fall,GCNL,5210,Leadership in Healthcare Sys,015367,"Hallowell,Sara",001,17310,School of Nursing,3.98,59,42,15,1,1,0,0,0,0,0,0
2025 Fall,MDST,7220,Documentary Politics of Truth,048106,"Etem,Julide",001,20479,College & Graduate Arts & Sci,3.83,13,3,4,5,1,0,0,0,0,0,0
2025 Fall,AMST,4559,New Course: American Studies,038537,"Coyoca,David",001,19293,College & Graduate Arts & Sci,3.86,17,0,14,1,0,2,0,0,0,0,0
2025 Fall,CJ,5660,Leading Through Wellness,041450,"Fortier,Carol Heinzmann",01,21690,Continuing & Prof Studies,4.00,17,14,3,0,0,0,0,0,0,0,0
2025 Fall,ENGL,2599,Special Topics,012514,"Fleming,Kelly",010,21062,College & Graduate Arts & Sci,3.42,20,0,2,9,3,3,3,0,0,0,0
2025 Fall,ECE,6750,Digital Signal Processing,042967,"Fletcher,Tom",001,19805,Engineering & Applied Science,3.46,14,0,7,1,1,1,3,1,0,0,0
2025 Fall,CE,6030,Green Engineering,004589,"Peterson,Lisa",600,19623,Engineering & Applied Science,3.73,6,0,2,3,1,0,0,0,0,0,0
2025 Fall,DS,2023,Design I: Communicating w Data,047262,"Alvarado,Rafael",002,19701,School of Data Science,3.76,61,7,35,10,3,4,1,0,0,0,1
2025 Fall,PHYS,1429,Intro Physics 1 Workshop,031036,"Bychkov,Maksim",003,11199,College & Graduate Arts & Sci,3.98,25,2,21,2,0,0,0,0,0,0,0
2025 Fall,AIRS,2100,Team & Leadershp Fundamentls I,000292,"Gupton,David",001,14593,Executive VP & Provost,3.79,16,6,8,0,0,0,0,2,0,0,0
2025 Fall,LAR,7010,Foundation Studio III,020954,"Bohannon,Cermetrius",001,17657,School of Architecture,3.65,13,0,3,6,4,0,0,0,0,0,0
2025 Fall,RELH,5173,The History of Yoga,045730,"Allen,Michael",001,19308,College & Graduate Arts & Sci,3.83,6,0,4,1,1,0,0,0,0,0,0
2025 Fall,COMM,3030,Quantitative & Finan Analysis,006455,"Erwin,Gayle R",006,17862,McIntire School of Commerce,3.36,50,0,5,11,20,11,3,0,0,0,0
2025 Fall,ENTP,1010,Intro to Entrepreneurship,043881,"Kerpelman,Adam John",005,17970,McIntire School of Commerce,3.89,55,1,39,12,2,0,1,0,0,0,0
2025 Fall,COMM,3030,Quantitative & Finan Analysis,006455,"White,Mark A",003,17857,McIntire School of Commerce,3.54,51,0,16,12,11,11,1,0,0,0,0
2025 Fall,CGBM,2210,Digital Skills for Workplace,047002,"Schuff,David",001,17963,McIntire School of Commerce,3.59,54,0,11,26,10,5,2,0,0,0,0
2025 Fall,AAS,3810,"Race, Culture & Inequality",044908,"Pendergrass,Sabrina",001,19856,College & Graduate Arts & Sci,3.67,15,0,8,3,2,1,0,1,0,0,0
2025 Fall,EDIS,5145,Intro to Single Case Research,048061,"Rispoli,Mandy",500,20300,School of Education and HumanDev,3.54,19,0,9,2,6,0,1,0,0,0,1
2025 Fall,LAW,9079,"Leadrshp: Pract,Thry & Pub Int",022009,"Le,Chinh Quang",1,18893,School of Law,3.53,16,0,0,9,7,0,0,0,0,0,0
2025 Fall,DS,3001,Foundations of ML,045203,"Freenor,Michael R",003,21251,School of Data Science,3.92,64,0,59,4,0,0,0,0,0,0,1
2025 Fall,PATH,8300,Tumors and the Immune System,042346,"Bullock,Timothy N",001,20810,Medical School - BIMS/PHS,4.00,9,4,5,0,0,0,0,0,0,0,0
2025 Fall,STS,4500,STS and Engineering Practice,036749,"Rider,Karina",023,15808,Engineering & Applied Science,3.47,30,12,11,1,1,1,0,0,1,0,3
2025 Fall,APMA,2120,Multivariable Calculus,001144,"Fernando,Nethali",007,15844,Engineering & Applied Science,2.24,45,0,3,9,0,3,4,5,6,2,13
2025 Fall,ANTH,2830,Ancient Cities of the Americas,048073,"Rosado-Ramirez,Roberto",001,20420,College & Graduate Arts & Sci,4.00,19,16,3,0,0,0,0,0,0,0,0
2025 Fall,HIUS,7559,New Course: HIUS,039314,"Preston,Andrew",001,19185,College & Graduate Arts & Sci,3.95,13,0,11,2,0,0,0,0,0,0,0
2025 Fall,BIOC,8150,Biochemical Literature,003292,"Wotton,David",001,18368,Medical School - BIMS/PHS,4.00,12,2,10,0,0,0,0,0,0,0,0
2025 Fall,DS,7400,Advanced ML III: Deep Learning,047115,"Baek,Stephen",001,14416,School of Data Science,3.91,13,1,8,4,0,0,0,0,0,0,0
2025 Fall,LAW,8651,Emerg Growth/Venture Captl:P&P,022181,"Lincoln,Michael Robert",1,18725,School of Law,3.54,48,0,2,25,21,0,0,0,0,0,0
2025 Fall,ENWR,2510,Advanced Writing Seminar,013441,"Yasuda,Anri",005,21075,College & Graduate Arts & Sci,3.96,16,0,14,2,0,0,0,0,0,0,0
2025 Fall,ISLS,3000,Transformations: Liberal Arts,044252,"Henry,Robert R",103,21051,Continuing & Prof Studies,3.32,17,0,12,1,0,0,1,0,1,0,2
2025 Fall,LPPP,6559,New Course: PPOL,047203,"Jardina,Ashley",002,20334,Batten Leadership & Public Pol,3.66,8,0,5,1,1,0,0,1,0,0,0
2025 Fall,WGS,4820,Black Fem Theory,045126,"Avery,Lanice",001,19594,College & Graduate Arts & Sci,3.98,16,6,9,1,0,0,0,0,0,0,0
2025 Fall,LPPP,5559,New Crse: Pub Policy&Leadershp,044864,"da Rocha Ferreira,Joao Pedro",002,20335,Batten Leadership & Public Pol,3.68,10,0,6,2,0,0,2,0,0,0,0
2025 Fall,LAW,6003,Criminal Law,021556,"Bowers,Josh",CF,18717,School of Law,3.40,63,1,5,15,29,13,0,0,0,0,0
2025 Fall,CE,6215,Storm Water Management,047355,"Culver,Teresa",600,19624,Engineering & Applied Science,3.75,8,2,4,1,0,0,0,1,0,0,0
2025 Fall,FREN,8520,Seminar in 16th-Century Lit,014500,"Ferguson,Gary",001,19274,College & Graduate Arts & Sci,3.84,8,0,5,2,1,0,0,0,0,0,0
2025 Fall,CHIN,3050,Reading China,006061,"Zhao,Ran",001,19229,College & Graduate Arts & Sci,3.95,18,3,12,3,0,0,0,0,0,0,0
2025 Fall,PLAC,4010,Neighborhood Planning Studio,031122,"Wilson,Barbara",001,17623,School of Architecture,3.73,24,7,10,1,1,3,2,0,0,0,0
2025 Fall,LAW,6000,Civil Procedure,021550,"Bamzai,Aditya",BG,18749,School of Law,3.40,63,0,5,16,33,6,3,0,0,0,0
2025 Fall,LAW,9352,Transactions: Drafting & Negot,046443,"Lewis,Clare Howard",1,18800,School of Law,3.41,15,0,1,4,8,2,0,0,0,0,0
2025 Fall,CHE,2595,Special Topics Chemical Engr,047189,"Geise,Geoffrey",001,19819,Engineering & Applied Science,3.44,14,0,5,4,1,1,1,1,1,0,0
2025 Fall,AAS,2210,African Literatures & Cultures,047896,"Rotich,Anne",001,19866,College & Graduate Arts & Sci,3.27,18,0,9,2,0,2,0,0,3,2,0
2025 Fall,AMST,3500,Topics in American Studies,046286,"Ross,Marlon",002,20421,College & Graduate Arts & Sci,2.76,18,0,1,0,1,2,11,2,1,0,0
2025 Fall,ARCH,2150,Global Sustainability,041467,"Phillips,Spencer",001,20150,School of Architecture,3.89,93,37,45,6,1,1,1,0,0,1,1
2025 Fall,PSPS,6030,Dev & Imp Systems of Emer Prep,046292,"Peumsang,Lisa Francesca",580,20907,Continuing & Prof Studies,3.94,37,0,30,7,0,0,0,0,0,0,0
2025 Fall,ENGR,1010,Engineering Foundations 1,046987,"Mcalister,Anne",010,15971,Engineering & Applied Science,3.89,40,0,30,7,2,1,0,0,0,0,0
2025 Fall,COMM,4710,Intermediate Investments,006538,"Sandas,Patrik",006,17978,McIntire School of Commerce,3.78,42,0,31,1,5,4,1,0,0,0,0
2025 Fall,LATI,5370,Lucan,045780,"Celotto,Giulio",001,19312,College & Graduate Arts & Sci,3.96,7,2,4,1,0,0,0,0,0,0,0
2025 Fall,LAW,9369,Dom Violence & the Law Sem,048154,"Cahn,Naomi Renee",1,20723,School of Law,3.42,16,0,0,5,11,0,0,0,0,0,0
2025 Fall,BIMS,8995,Topical Research,042296,"Beenhakker,Mark",011,18698,Medical School - BIMS/PHS,4.00,8,2,6,0,0,0,0,0,0,0,0
2025 Fall,LAW,6000,Civil Procedure,021550,"Abrokwa,Alice",AF,18713,School of Law,3.40,63,0,5,20,23,13,2,0,0,0,0
2025 Fall,COMM,3110,Intermediate Accounting I,006461,"Wang,Jasmine",600,17869,McIntire School of Commerce,3.58,44,2,17,10,8,2,2,3,0,0,0
2025 Fall,AMST,4559,New Course: American Studies,038537,"Ngo,Fiona",002,19294,College & Graduate Arts & Sci,3.78,12,1,8,1,1,0,0,1,0,0,0
2025 Fall,COMM,5140,AcctforDecision Making&Control,006550,"Roberts,Andrea",001,17919,McIntire School of Commerce,3.69,35,0,10,17,7,1,0,0,0,0,0
2025 Fall,CS,4444,Intro to Parallel Computing,006923,"Jog,Adwait",001,19602,Engineering & Applied Science,3.81,37,0,26,8,0,2,0,0,0,0,1
2025 Fall,COMM,3030,Quantitative & Finan Analysis,006455,"White,Mark A",004,17861,McIntire School of Commerce,3.51,50,0,16,10,13,9,1,0,1,0,0
2025 Fall,CS,6501,Spec Top: Computer Science,006981,"Wang,Wenxi",006,15916,Engineering & Applied Science,3.98,24,0,22,2,0,0,0,0,0,0,0
2025 Fall,GCOM,7230,Data Mgmt for Decision Making,043909,"Liang,Yi",002,17960,McIntire School of Commerce,3.53,15,0,4,4,4,3,0,0,0,0,0
2025 Fall,EDIS,5025,"Curric, Instruct & Assessment",044060,"Shields,Jane Patrick",503,21310,School of Education and HumanDev,3.52,18,0,6,9,0,2,0,0,0,0,1
2025 Fall,LAW,7207,Constitutional Reform,048194,"Mahoney,Julia D",1,21228,School of Law,3.52,13,0,1,6,5,1,0,0,0,0,0
2025 Fall,EDHS,3110,Understanding Autism,044840,"Dubay,Michaela",001,16918,School of Education and HumanDev,3.85,27,0,25,0,0,0,0,0,2,0,0
2025 Fall,ISCP,4991,Capstone Project II,020318,"May,Julia S",DC01,20950,Continuing & Prof Studies,3.94,23,6,14,2,1,0,0,0,0,0,0
2025 Fall,ENGR,1520,Explorations in Engineering,012250,"Groves,James Frederick",560,21048,Engineering & Applied Science,3.49,29,0,12,6,4,3,2,0,0,2,0
2025 Fall,LAW,8018,Trusts and Estates,021754,"Cahn,Naomi Renee",1,18902,School of Law,3.48,60,0,5,21,30,4,0,0,0,0,0
2025 Fall,PSYC,4755,Social Neuroscience,042863,"MacCormack,Jennifer",001,19356,College & Graduate Arts & Sci,4.00,30,28,2,0,0,0,0,0,0,0,0
2025 Fall,BIOL,3020,Evolution and Ecology,003527,"Cox,Robert",100,19252,College & Graduate Arts & Sci,2.74,262,8,46,29,30,37,20,20,17,11,44
2025 Fall,BIOL,4559,New Course: BIOL,038577,"Schield,Drew",002,19260,College & Graduate Arts & Sci,3.86,30,0,22,6,1,0,0,1,0,0,0
2025 Fall,EDIS,3060,Poverty and the Young Child,045749,"Hawkins,Jaime-Duke",503,17216,School of Education and HumanDev,3.83,24,11,10,1,0,0,0,1,1,0,0
2025 Fall,STS,2600,Engineering Ethics,046988,"Neeley,Kathryn Angelyn",016,21073,Engineering & Applied Science,3.52,23,0,0,16,5,1,0,1,0,0,0
2025 Fall,PLAN,3060,"Law, Land and the Environment",031282,"Ripple,Christopher",001,17791,School of Architecture,3.24,73,0,19,13,19,7,8,0,2,0,5
2025 Fall,LPPS,3380,"Poverty,Learning & Educ Policy",045747,"Roorbach,Kristen",001,19369,Batten Leadership & Public Pol,3.83,45,0,31,9,2,1,2,0,0,0,0
2025 Fall,LAW,6002,Contracts,021553,"Cohen,George M",J,20729,School of Law,3.40,33,1,4,9,7,10,2,0,0,0,0
2025 Fall,DS,7200,Distributed Computing,047110,"Tashman,Adam",001,14414,School of Data Science,3.42,16,1,3,3,3,5,1,0,0,0,0
2025 Fall,DS,2026,Computational Probability,046957,"Stewart,Thomas",001,14411,School of Data Science,3.55,66,0,38,7,5,7,3,3,1,1,1
2025 Fall,COMM,3230,Managing Innovation,045750,"Martin,Eric",001,17940,McIntire School of Commerce,3.83,40,1,17,22,0,0,0,0,0,0,0
2025 Fall,ISSS,4430,Developmental Psychology,041196,"Berube,Clair T",101,20893,Continuing & Prof Studies,3.95,19,1,15,3,0,0,0,0,0,0,0
2025 Fall,PSHM,1010,Explorations in Healthcare,044696,"Hutchinson,Mark",560,21049,Continuing & Prof Studies,3.73,20,0,16,1,1,0,0,0,1,1,0
2025 Fall,DRAM,2010,"Theatre Design, Technology",007199,"Kasra,Mona",001,20949,College & Graduate Arts & Sci,3.32,18,0,9,3,1,2,0,0,0,2,1
2025 Fall,PLAP,2250,American Political Tradition,031555,"Blinderman,Daniel",002,19545,College & Graduate Arts & Sci,3.22,19,0,3,8,1,3,1,2,0,0,1
2025 Fall,ECE,4750,Digital Signal Processing,042966,"Fletcher,Tom",001,19804,Engineering & Applied Science,3.84,28,12,11,1,2,1,0,1,0,0,0
2025 Fall,SPAN,2020,Advanced Intermediate Spanish,035854,"Barlow,Jennifer",016,19186,College & Graduate Arts & Sci,3.51,17,0,6,4,5,0,0,1,1,0,0
2025 Fall,ECE,6711,Probability & Stochastic Proc,007711,"Shen,Cong",001,15946,Engineering & Applied Science,3.20,23,1,4,4,5,3,1,3,1,1,0
2025 Fall,ECE,4501,Special Topics: ECE,040915,"Zhang,Miaomiao",001,15947,Engineering & Applied Science,3.92,13,5,6,1,1,0,0,0,0,0,0
2025 Fall,LPPL,7410,Psychology for Leadership,041246,"Yamamoto,Kendall",300,20994,Batten Leadership & Public Pol,3.76,7,0,4,1,2,0,0,0,0,0,0
2025 Fall,MATH,3351,Elementary Linear Algebra,023081,"Melcher,Tai",003,19585,College & Graduate Arts & Sci,2.97,34,2,8,2,4,8,0,2,4,1,3
2025 Fall,PLCP,4220,Comp Budgeting & Econ Pol,031717,"Savage,James",001,11606,College & Graduate Arts & Sci,3.68,15,0,4,8,2,1,0,0,0,0,0
2025 Fall,ACCT,3010,Intro Financial Accounting,045930,"Fox,Rita",701,20830,Continuing & Prof Studies,3.95,13,0,11,2,0,0,0,0,0,0,0
2025 Fall,EGMT,1510,Engaging Aesthetics,044512,"Levenson,Michael H",501,21015,College & Graduate Arts & Sci,3.82,17,0,11,3,3,0,0,0,0,0,0
2025 Fall,STS,2600,Engineering Ethics,046988,"Neeley,Kathryn Angelyn",017,21074,Engineering & Applied Science,3.80,22,0,11,9,1,1,0,0,0,0,0
2025 Fall,STAT,1100,Chance: Intro to Statistics,036650,"Zhang,Jingyi",004,13715,College & Graduate Arts & Sci,3.53,27,0,15,3,5,2,0,0,0,1,1
2025 Fall,EGMT,1530,Engaging Differences,044514,"Kaelin,Kelly",127,20976,College & Graduate Arts & Sci,3.96,30,1,25,4,0,0,0,0,0,0,0
2025 Fall,LAW,7009,Criminal Procedure Survey,021819,"Bowers,Josh",1,18953,School of Law,3.57,78,6,17,18,25,11,1,0,0,0,0
2025 Fall,ENGL,3530,Studies in Eighteenth-Century,011653,"Fleming,Kelly",001,21063,College & Graduate Arts & Sci,3.63,15,0,2,11,0,1,1,0,0,0,0
2025 Fall,STS,2600,Engineering Ethics,046988,"Louis,Garrick",014,19596,Engineering & Applied Science,3.83,28,0,20,3,4,1,0,0,0,0,0
2025 Fall,ENGL,3560,Studies in Mod & Contemp Lit,039235,"Miller,Joshua",002,19665,College & Graduate Arts & Sci,3.74,23,0,18,1,1,1,1,0,0,0,1
2025 Fall,CHE,3610,Physical Chem for Engineers,048055,"Bates,Jason",001,20291,Engineering & Applied Science,2.89,35,2,3,3,7,6,5,2,4,1,2
2025 Fall,CHEM,2311,Org Chem Lab I Non Chem Major,043154,"Chruma,Jason",001,11243,College & Graduate Arts & Sci,3.68,33,1,14,11,2,4,0,1,0,0,0
2025 Fall,AMST,3559,New Course: AMST,038536,"Coyoca,David",001,19292,College & Graduate Arts & Sci,3.92,18,0,16,0,2,0,0,0,0,0,0
2025 Fall,RELH,3105,Hinduism and Ecology,044881,"Allen,Michael",001,19306,College & Graduate Arts & Sci,3.77,20,0,17,2,0,0,0,0,0,0,1
2025 Fall,MUSI,3060,Motown vs Everybody,047229,"Armstrong,JoVia",001,19595,College & Graduate Arts & Sci,4.00,19,5,14,0,0,0,0,0,0,0,0
2025 Fall,PSYC,3006,Res Methods & Data Analysis II,032540,"Meyer,M. Joseph",200,19346,College & Graduate Arts & Sci,3.82,82,32,25,18,3,1,2,0,0,0,1
2025 Fall,CHEM,2311,Org Chem Lab I Non Chem Major,043154,"Chruma,Jason",003,11245,College & Graduate Arts & Sci,3.76,36,3,14,14,2,3,0,0,0,0,0
2025 Fall,ENWR,2520,Special Topics in Writing,013448,"Richardson,Sarah",001,13056,College & Graduate Arts & Sci,3.98,16,13,2,1,0,0,0,0,0,0,0
2025 Fall,STS,4500,STS and Engineering Practice,036749,"Wayland,Kent",007,14968,Engineering & Applied Science,3.62,30,0,20,4,0,1,2,1,1,0,1
2025 Fall,STS,4500,STS and Engineering Practice,036749,"Rider,Karina",024,15809,Engineering & Applied Science,3.99,30,18,11,1,0,0,0,0,0,0,0
2025 Fall,ECON,4610,Economic Development,007978,"Aman-Rana,Shan",002,19778,College & Graduate Arts & Sci,3.62,37,9,6,10,6,4,1,1,0,0,0
2025 Fall,SPAN,2010,Intermediate Spanish,035853,"Soto,Filadelfia",013,11301,College & Graduate Arts & Sci,3.94,16,4,9,3,0,0,0,0,0,0,0
2025 Fall,BIOL,7030,Computational Evol Biology Lab,047963,"Bergland,Alan",001,20218,College & Graduate Arts & Sci,3.38,6,0,2,0,1,3,0,0,0,0,0
2025 Fall,PSHM,5020,Management of Healthcare Orgs,045017,"Erath,Mark",501,20944,Continuing & Prof Studies,3.89,9,5,2,1,1,0,0,0,0,0,0
2025 Fall,CHTR,3559,New Course: CHTR,041326,"Laughlin,Charles Andrew",001,21080,College & Graduate Arts & Sci,3.90,15,3,7,5,0,0,0,0,0,0,0
2025 Fall,ISLS,3240,In Their Own Words: America,020414,"Horton,David Seth",101,20905,Continuing & Prof Studies,3.84,20,1,11,6,2,0,0,0,0,0,0
2025 Fall,ISSS,4010,WWII Experiences,020482,"Plunkett,Ann Marie Harkins",101,20891,Continuing & Prof Studies,3.83,25,4,11,7,3,0,0,0,0,0,0
2025 Fall,LAW,9008,Children and the Law,040031,"Block Jr.,Andrew K.",1,18899,School of Law,3.44,16,0,0,9,6,0,0,0,1,0,0
2025 Fall,SPAN,3010,Finding your Voice in Spanish,035893,"Poveda,Esther",003,11608,College & Graduate Arts & Sci,3.75,18,0,9,6,2,0,1,0,0,0,0
2025 Fall,SOC,2680,Introduction to Demography,046154,"Wan,Yifeng",001,19867,College & Graduate Arts & Sci,3.76,26,2,8,13,2,1,0,0,0,0,0
2025 Fall,AAS,3745,Currents in African Literature,044907,"Hamilton,Njelle",001,19849,College & Graduate Arts & Sci,3.75,14,2,7,3,0,0,2,0,0,0,0
2025 Fall,MATH,1210,A survey of Calculus I,022944,"Sherman,David Edward",400,13053,College & Graduate Arts & Sci,3.27,35,8,11,1,4,0,2,5,1,1,2
2025 Fall,SOC,3410,Race and Ethnic Relations,035402,"Vickerman,Milton",001,11425,College & Graduate Arts & Sci,3.52,35,0,13,11,6,0,2,0,2,0,1
2025 Fall,APMA,2120,Multivariable Calculus,001144,"Hellings,Christian",004,14665,Engineering & Applied Science,3.34,51,5,15,10,6,3,3,3,4,0,2
2025 Fall,HIME,3191,Christianity and Islam,018862,"Richardson,Kristina",100,19196,College & Graduate Arts & Sci,3.71,55,0,21,23,7,4,0,0,0,0,0
2025 Fall,ISIN,4520,Sp Tps Conduct Inquiry: HU,043256,"May,Julia S",102,20886,Continuing & Prof Studies,3.59,20,0,9,3,3,4,1,0,0,0,0
2025 Fall,LAW,6007,Torts,021571,"Cope,Kevin",DG,18772,School of Law,3.40,62,0,8,10,33,11,0,0,0,0,0
2025 Fall,EDIS,5710,Rdng/Wrtng Acrss Content Areas,009474,"Austin,Ottilie Fabricatore",501,21403,School of Education and HumanDev,3.82,13,0,11,1,0,0,0,0,1,0,0
2025 Fall,CS,2501,Spec Topic: Computer Science,041128,"Morrison,Briana",001,19600,Engineering & Applied Science,3.81,34,9,20,2,0,1,0,0,1,0,1
2025 Fall,CS,3250,Software Testing,045512,"Praphamontripong,Upsorn",001,19601,Engineering & Applied Science,3.17,81,9,15,13,17,5,6,2,3,6,5
2025 Fall,PSPS,6000,Transform Ldrshp in Chng Times,046466,"Plummer,Eric Scott",581,20898,Continuing & Prof Studies,3.96,34,0,29,5,0,0,0,0,0,0,0
2025 Fall,COMM,3420,Commercial Law II,006471,"Moore,Sherri",001,17899,McIntire School of Commerce,3.61,61,0,23,21,9,2,3,2,1,0,0
2025 Fall,COMM,3110,Intermediate Accounting I,006461,"Backof,Ann",200,17865,McIntire School of Commerce,3.53,42,0,17,9,6,6,1,2,1,0,0
2025 Fall,MUSI,2600,Jazz Improvisation,024777,"Rosensky,Michael",001,10914,College & Graduate Arts & Sci,4.00,11,3,8,0,0,0,0,0,0,0,0
2025 Fall,ECON,5090,Mathematical Economics I,007998,"Aman-Rana,Shan",100,10110,College & Graduate Arts & Sci,3.90,21,12,5,2,2,0,0,0,0,0,0
2025 Fall,LPPP,5559,New Crse: Pub Policy&Leadershp,044864,"Zimmerman,Jane B",003,20501,Batten Leadership & Public Pol,3.88,11,0,9,1,0,1,0,0,0,0,0
2025 Fall,CS,6205,HCI Methods,048127,"Heo,Seongkook",001,20513,Engineering & Applied Science,3.84,58,8,25,21,3,1,0,0,0,0,0
2025 Fall,CHEM,5140,Photochem & Photoredox Catalys,048233,"Alvarez Pari,Eva Maria Wara",001,21098,College & Graduate Arts & Sci,3.30,11,0,1,2,5,1,2,0,0,0,0
2025 Fall,HISA,2003,History of Modern India,018919,"Nair,Neeti",001,19173,College & Graduate Arts & Sci,3.72,48,8,22,8,7,2,0,0,0,0,1
2025 Fall,FREN,3051,Hist & Civ of France: Rev-1945,014375,"Horne,Janet",001,19270,College & Graduate Arts & Sci,3.93,19,2,14,2,1,0,0,0,0,0,0
2025 Fall,RELJ,5950,Midrash Seminar,034552,"Alexander,Elizabeth",001,19311,College & Graduate Arts & Sci,3.84,8,0,5,2,1,0,0,0,0,0,0
2025 Fall,EDLF,5260,Cognitive Psyc and Education,044846,"Jirout,Jamie",001,17201,School of Education and HumanDev,3.65,32,1,24,0,1,3,0,2,0,0,1
2025 Fall,PC,5100,Adv Contracting by Negotiatio,029793,"Brooks,Sheila Hope Marjorie",701,20861,Continuing & Prof Studies,3.90,12,0,8,4,0,0,0,0,0,0,0
2025 Fall,KINE,3700,Sociology of Sport,048060,"Kelly,Darren",001,20299,School of Education and HumanDev,3.50,30,0,6,10,8,5,1,0,0,0,0
2025 Fall,LAW,7626,Oral Presentat In&Out Ct (SC),040080,"Shadel,Molly Bishop",2,18817,School of Law,3.43,6,0,0,2,4,0,0,0,0,0,0
2025 Fall,PLPT,4500,Special Topics,031937,"Rubenstein,Jennifer",001,13986,College & Graduate Arts & Sci,3.65,15,0,5,5,4,1,0,0,0,0,0
2025 Fall,LPPL,7025,Values-Based Leadership,042195,"Jeong,Hu Young",300,21000,Batten Leadership & Public Pol,3.78,6,2,1,2,1,0,0,0,0,0,0
2025 Fall,PLAN,3011,Race and the American City,045892,"Sewell,Jessica",100,17748,School of Architecture,3.93,15,0,13,1,1,0,0,0,0,0,0
2025 Fall,ENGL,3545,American Lit before 1900,045474,"Olwell,Victoria",001,19682,College & Graduate Arts & Sci,3.32,18,0,5,4,4,3,1,0,0,0,1
2025 Fall,MATH,1210,A survey of Calculus I,022944,"Wang,Xiaojing",200,10217,College & Graduate Arts & Sci,3.76,34,15,11,2,2,1,1,1,1,0,0
2025 Fall,LAW,6000,Civil Procedure,021550,"Nelson,Caleb E",EJ,18714,School of Law,3.40,64,0,2,20,33,8,1,0,0,0,0
2025 Fall,LAW,8807,PT Externship: Directed Study,042592,"Ryan,Anne Sprightley",1,18743,School of Law,3.92,11,0,8,3,0,0,0,0,0,0,0
2025 Fall,PHYS,2030,Princip of Physics 1 Workshop,030811,"Bychkov,Maxim Aleksandrovich",029,21099,College & Graduate Arts & Sci,3.87,26,4,17,3,0,0,2,0,0,0,0
2025 Fall,PLPT,3010,Ancient & Medieval Pol Theory,031926,"Bird,Colin",100,13708,College & Graduate Arts & Sci,3.41,55,2,13,11,16,7,4,1,0,0,1
2025 Fall,EGMT,1510,Engaging Aesthetics,044512,"Goering,Gregory Wayne Schmidt",125,19823,College & Graduate Arts & Sci,3.79,35,5,23,2,0,4,0,0,0,0,1
2025 Fall,LASE,1520,Echols Advising Seminar,048022,"Shuve,Karl Evan",004,20187,College & Graduate Arts & Sci,3.97,25,19,5,0,1,0,0,0,0,0,0
2025 Fall,RELC,3181,Medieval Christianity,033988,"Mathewes,Charles",100,19286,College & Graduate Arts & Sci,3.81,13,0,6,6,1,0,0,0,0,0,0
2025 Fall,SYS,6060,Autonomous Mobile Robots,046716,"Bezzo,Nicola",001,15802,Engineering & Applied Science,3.00,5,1,1,0,1,0,1,0,0,0,1
2025 Fall,GCOM,7381,"Ethics in Bus, Acct, and Audit",015405,"Lefanowicz,Craig",001,17957,McIntire School of Commerce,3.84,14,0,9,3,2,0,0,0,0,0,0
2025 Fall,GETR,1559,New Course: GETR,039217,"Gutterman,Julia",002,21083,College & Graduate Arts & Sci,3.92,13,6,5,1,1,0,0,0,0,0,0
2025 Fall,KINE,3640,Psychological Aspects of Hlth,047303,"Madrak,Emily",001,17270,School of Education and HumanDev,3.95,28,0,25,2,1,0,0,0,0,0,0
2025 Fall,NUIP,4610,Leadershp/Mgt in Hlth Care Sys,029457,"Hallowell,Sara",001,17422,School of Nursing,3.55,26,7,11,2,1,0,2,1,1,0,1
2025 Fall,LAW,7051,Internatl Business Transactns,021670,"Butler,Jay",1,18890,School of Law,3.42,26,0,1,7,17,1,0,0,0,0,0
2025 Fall,EDIS,5428,ESL Methods PreK-12,045531,"Chang-Bacon,Christopher",501,16861,School of Education and HumanDev,3.71,19,0,15,2,0,1,0,0,0,0,1
2025 Fall,ISCP,3991,Capstone Project I,043821,"May,Julia S",101,20878,Continuing & Prof Studies,3.67,28,0,15,7,2,2,0,1,1,0,0
2025 Fall,ISHU,4350,The Films of Stanley Kubrick,040284,"Moon,Hyeyon",101,20882,Continuing & Prof Studies,3.51,20,0,7,6,0,5,1,1,0,0,0
2025 Fall,HIEU,2071,Early Mod Eur and the World,018394,"Lambert,Erin",100,13641,College & Graduate Arts & Sci,3.80,60,0,44,14,0,0,0,0,0,0,2
2025 Fall,BIOL,8260,Writing in Science,044450,"Provencio,Ignacio",001,12459,College & Graduate Arts & Sci,3.80,20,8,8,1,1,1,0,0,1,0,0
2025 Fall,ASTR,1210,Intro Sky and Solar System,003045,"Evans,Aaron",004,19154,College & Graduate Arts & Sci,3.58,138,17,51,23,16,20,5,2,1,1,2
2025 Fall,ASTR,1210,Intro Sky and Solar System,003045,"Li,Zhi-Yun",005,19155,College & Graduate Arts & Sci,3.32,117,25,24,9,18,12,15,0,8,3,3
2025 Fall,ENWR,3500,Topics in Advanced Wrtg & Rhet,044025,"Goad,Rhiannon",001,19325,College & Graduate Arts & Sci,3.91,15,0,12,2,1,0,0,0,0,0,0
2025 Fall,ISSS,4050,American Society and War,020486,"Haury,Clifford W",101,20929,Continuing & Prof Studies,3.63,15,1,6,5,0,2,0,0,1,0,0
2025 Fall,ARH,3701,Early American Architecture,001898,"Nelson,Louis",001,19785,School of Architecture,3.33,57,0,15,15,7,9,4,3,2,1,1
2025 Fall,CHEM,1411,Intro College Chem I Lab,005986,"Morkowchuk,Lisa",058,12123,College & Graduate Arts & Sci,3.58,20,8,4,3,0,0,4,0,0,1,0
2025 Fall,HIEU,2101,Jewish Hist I: Anc & Med Exp,018396,"Dynner,Glenn",001,19320,College & Graduate Arts & Sci,3.81,29,6,18,3,1,0,0,0,0,0,1
2025 Fall,EDHS,2230,Drug Awareness,044847,"Pleszkoch,Elisabeth",001,16791,School of Education and HumanDev,3.87,64,5,44,12,2,0,0,0,0,0,1
2025 Fall,DS,6021,ML I: Intr Predictive Modeling,047947,"Afriyie,Prince",001,19740,School of Data Science,3.86,43,1,31,5,5,1,0,0,0,0,0
2025 Fall,DRAM,3070,African-American Theatre,007249,"Davis,Theresa",001,19467,College & Graduate Arts & Sci,3.82,18,0,14,1,1,1,1,0,0,0,0
2025 Fall,SPAN,1010,Elementary Spanish,035815,"Colon,Daniel",001,19188,College & Graduate Arts & Sci,3.73,16,0,7,7,0,1,1,0,0,0,0
2025 Fall,EDIS,5409,Children's Literature,043575,"Schnoor,Diane Jackson",500,17243,School of Education and HumanDev,3.96,17,8,7,2,0,0,0,0,0,0,0
2025 Fall,ISLS,3280,Science as a Cultural System,041307,"Wright,Luke Savin Herrick",101,20906,Continuing & Prof Studies,3.44,16,0,5,6,3,1,0,0,0,0,1
2025 Fall,MATH,3310,Basic Real Analysis,023072,"Lu,Kang",300,19587,College & Graduate Arts & Sci,3.51,20,4,6,0,6,2,1,0,0,1,0
2025 Fall,GCOM,7263,Cybersecurity as Business Risk,045614,"Lewis,Bryan",001,17938,McIntire School of Commerce,3.53,7,0,1,3,2,1,0,0,0,0,0
2025 Fall,CS,6501,Spec Top: Computer Science,006981,"Kuo,Yen-Ling",004,19606,Engineering & Applied Science,3.87,15,3,10,0,1,0,1,0,0,0,0
2025 Fall,GCOM,7290,Frontiers in Biotechnology I,046773,"Hastings,Nikki",001,17958,McIntire School of Commerce,3.83,16,2,8,5,0,0,1,0,0,0,0
2025 Fall,ANTH,5559,New Course: ANTH,038619,"Tidey,Sylvia",001,20631,College & Graduate Arts & Sci,3.71,9,0,4,3,1,1,0,0,0,0,0
2025 Fall,SPAN,3010,Finding your Voice in Spanish,035893,"Poveda Moreno,Maria Esther",009,20696,College & Graduate Arts & Sci,3.88,18,0,13,4,0,1,0,0,0,0,0
2025 Fall,LATI,3090,Introduction to Medieval Latin,021151,"Hays,Bradford",1,19246,College & Graduate Arts & Sci,3.62,14,0,6,3,2,3,0,0,0,0,0
2025 Fall,SPAN,2020,Advanced Intermediate Spanish,035854,"Hogg,Jennifer",006,10553,College & Graduate Arts & Sci,3.54,18,1,5,6,4,0,1,0,0,1,0
2025 Fall,HHE,5800,Intro to Clinical Ethics,047341,"Marshall,Mary Faith",001,18685,Medical School - BIMS/PHS,4.00,14,5,9,0,0,0,0,0,0,0,0
2025 Fall,LAW,7626,Oral Presentat In&Out Ct (SC),040080,"Shadel,Molly Bishop",1,18791,School of Law,3.41,8,0,0,3,4,1,0,0,0,0,0
2025 Fall,STAT,1100,Chance: Intro to Statistics,036650,"Hui,Yumiao",005,19551,College & Graduate Arts & Sci,3.91,30,11,15,2,0,2,0,0,0,0,0
2025 Fall,EDIS,5424,Second Language Acquisition,043457,"El-Bilawi,Nora",500,17100,School of Education and HumanDev,3.91,18,0,16,1,0,0,1,0,0,0,0
2025 Fall,EDIS,5221,Reading & Writing Foundations,009443,"Austin,Ottilie",500,16984,School of Education and HumanDev,3.92,23,0,18,4,1,0,0,0,0,0,0
2025 Fall,HIST,5559,New Course: HIST,039304,"Seeley,Joseph",001,19214,College & Graduate Arts & Sci,3.92,11,0,8,3,0,0,0,0,0,0,0
2025 Fall,DS,2022,Systems I: Intro to Computing,047261,"Williamson,Jason",001,14425,School of Data Science,3.91,66,1,62,0,1,1,0,0,0,0,1
2025 Fall,ENGL,2599,Special Topics,012514,...,015,21105,College & Graduate Arts & Sci,3.76,18,0,9,5,4,0,0,0,0,0,0
2025 Fall,MATH,4720,Intro to Differential Geometry,044246,"Krushkal,Slava",001,19591,College & Graduate Arts & Sci,3.35,12,3,1,3,0,2,2,0,0,1,0
2025 Fall,APMA,1090,Single Variable Calculus I,001138,"Ma,Hui",005,15924,Engineering & Applied Science,3.41,33,16,7,1,0,0,3,3,0,0,3
2025 Fall,CHEM,1411,Intro College Chem I Lab,005986,"Morkowchuk,Lisa",014,10526,College & Graduate Arts & Sci,3.87,24,9,8,6,0,0,1,0,0,0,0
2025 Fall,CHEM,1411,Intro College Chem I Lab,005986,"Morkowchuk,Lisa",027,10538,College & Graduate Arts & Sci,3.70,24,7,6,7,0,0,4,0,0,0,0
2025 Fall,EDIS,6730,Diagnosis & Remediation I,009475,"Hayes,Latisha",500,16989,School of Education and HumanDev,3.91,13,0,9,4,0,0,0,0,0,0,0
2025 Fall,EDIS,2022,Teaching Mindful Movement,047154,"Cook,Lysandra",001,19939,School of Education and HumanDev,4.00,29,16,13,0,0,0,0,0,0,0,0
2025 Fall,ENWR,1510,Writing and Critical Inquiry,013432,"Holup,Elizabeth",077,19324,College & Graduate Arts & Sci,3.93,18,0,16,1,0,1,0,0,0,0,0
2025 Fall,HIUS,3559,New Course: HIUS,039311,"Hill,Justene Grace",002,19209,College & Graduate Arts & Sci,3.70,24,0,11,7,4,1,1,0,0,0,0
2025 Fall,CHEM,1411,Intro College Chem I Lab,005986,"Morkowchuk,Lisa",034,10543,College & Graduate Arts & Sci,3.83,24,14,3,6,0,0,0,0,0,1,0
2025 Fall,PHYS,2030,Princip of Physics 1 Workshop,030811,"Bychkov,Maxim Aleksandrovich",030,21100,College & Graduate Arts & Sci,3.83,26,2,21,1,0,1,0,0,0,0,1
2025 Fall,PHYS,5240,Intro to General Relativity,030888,"Nichols,David Andrew",001,13903,College & Graduate Arts & Sci,3.12,18,3,4,2,2,1,3,0,1,0,2
2025 Fall,CHEM,1411,Intro College Chem I Lab,005986,"Morkowchuk,Lisa",009,11202,College & Graduate Arts & Sci,3.86,23,12,7,2,0,0,2,0,0,0,0
2025 Fall,ENWR,1510,Writing and Critical Inquiry,013432,...,032,10556,College & Graduate Arts & Sci,3.79,18,0,11,5,0,1,1,0,0,0,0
2025 Fall,CJ,5660,Leading Through Wellness,041450,"Fortier,Carol Heinzmann",02,21704,Continuing & Prof Studies,3.99,24,10,13,1,0,0,0,0,0,0,0
2025 Fall,STAT,1602,Intro Data Science with Python,045052,"Holt,Jeffrey",003,13717,College & Graduate Arts & Sci,3.90,30,8,16,3,3,0,0,0,0,0,0
2025 Fall,MATH,2310,Calculus III,023024,"Campbell,Jacob",300,11210,College & Graduate Arts & Sci,2.82,34,2,5,9,5,1,2,0,2,1,7
2025 Fall,EGMT,1530,Engaging Differences,044514,"Chakravorty,Mrinalini",101,11476,College & Graduate Arts & Sci,3.94,18,1,15,1,1,0,0,0,0,0,0
2025 Fall,CHEM,1411,Intro College Chem I Lab,005986,"Morkowchuk,Lisa",023,20162,College & Graduate Arts & Sci,3.75,24,9,7,5,0,1,1,0,0,1,0
2025 Fall,DRAM,2020,Acting I,007200,"Lowinski,Cortney",001,11498,College & Graduate Arts & Sci,3.89,14,0,10,3,1,0,0,0,0,0,0
2025 Fall,DS,2024,Value I: Ethics & Policy in DS,047263,"Sloane,Mona",002,19726,School of Data Science,4.00,25,6,19,0,0,0,0,0,0,0,0
2025 Fall,COMM,4790,Fundamentals of R.E. Analysis,006542,"Korgaonkar,Sanket",003,17945,McIntire School of Commerce,3.55,28,0,7,8,10,2,1,0,0,0,0
2025 Fall,EDIS,5040,Assessment Evaluation Spec Ed,009427,"Pollitt,Daniel",500,16979,School of Education and HumanDev,3.94,18,2,15,0,0,1,0,0,0,0,0
2025 Fall,ELA,2610,Lbrl Arts Health Professions,044617,"Sauerwein,Kimberly",001,11650,College & Graduate Arts & Sci,3.91,55,0,51,0,0,3,0,0,1,0,0
2025 Fall,ENWR,2640,Writing as Technology,044181,"Sullivan,Patricia",001,13041,College & Graduate Arts & Sci,3.88,16,4,8,2,2,0,0,0,0,0,0
2025 Fall,PHYS,1429,Intro Physics 1 Workshop,031036,"Bychkov,Maksim",005,11201,College & Graduate Arts & Sci,3.91,23,2,18,1,1,1,0,0,0,0,0
2025 Fall,ECON,1100,Global Macroeconomic Issues,047484,"Burton,Edwin",100,19756,College & Graduate Arts & Sci,4.00,10,2,8,0,0,0,0,0,0,0,0
2025 Fall,FREN,3034,Adv Oral Expression in French,014360,"Ice,Christopher",001,19350,College & Graduate Arts & Sci,4.00,18,3,15,0,0,0,0,0,0,0,0
2025 Fall,SOC,5080,Comp & Historical Sociology,035531,"Kumar,Krishan",001,19855,College & Graduate Arts & Sci,3.84,13,0,6,7,0,0,0,0,0,0,0
2025 Fall,PHYS,1425,Intro Physics 1 for Engineers,031032,"Zheng,Xiaochao",001,11093,College & Graduate Arts & Sci,3.50,124,13,36,24,19,14,9,6,3,0,0
2025 Fall,ENGL,3690,Memory Speaks,047915,"Martens,Lorna",001,20294,College & Graduate Arts & Sci,3.51,12,0,3,5,1,2,0,1,0,0,0
2025 Fall,SPAN,2010,Intermediate Spanish,035853,"Badang,Germain",002,10411,College & Graduate Arts & Sci,3.47,18,0,1,13,1,2,0,0,0,0,1
2025 Fall,HIST,4501,Major Seminar,019210,"Rossman,Jeffrey",001,14055,College & Graduate Arts & Sci,3.65,15,1,5,5,2,1,1,0,0,0,0
2025 Fall,LPPP,7559,New Course: PPOL,044184,"DeLozier,Elana",001,19371,Batten Leadership & Public Pol,3.80,8,2,2,3,1,0,0,0,0,0,0
2025 Fall,SPAN,2010,Intermediate Spanish,035853,"Mehfoud,Lauren Williams",007,10414,College & Graduate Arts & Sci,3.83,16,2,6,7,1,0,0,0,0,0,0
2025 Fall,KOR,4010,Advanced Readings in Korean I,041513,"CHOI,YOON HWA",001,19226,College & Graduate Arts & Sci,3.95,11,5,4,2,0,0,0,0,0,0,0
2025 Fall,ARH,8500,Spec Tops:Architecture History,002041,"Johnston,Andrew",001,17790,School of Architecture,3.93,23,0,18,5,0,0,0,0,0,0,0
2025 Fall,WGS,3500,Research and Methods in WGS,041823,"Hagerman,Bonnie",002,20178,College & Graduate Arts & Sci,3.44,16,0,5,5,5,0,0,0,0,0,1
2025 Fall,PSYC,2200,Survey Neural Basis of Behav,032491,"Clabough,Erin",100,19342,College & Graduate Arts & Sci,3.28,192,2,46,45,24,32,18,8,10,4,3
2025 Fall,COMM,4620,Strategic Leadership,045370,"Zhao,Emma",002,17943,McIntire School of Commerce,3.83,24,0,14,7,3,0,0,0,0,0,0
2025 Fall,KINE,5725,Interventions in AT,044586,"Saliba,Susan",001,17080,School of Education and HumanDev,3.46,14,0,2,5,4,2,1,0,0,0,0
2025 Fall,ITAL,1010,Elementary Italian I,020555,"Mattioli,Stella",003,11277,College & Graduate Arts & Sci,3.78,18,5,12,0,0,0,0,0,0,0,1
2025 Fall,ARCH,5420,Computer Animation& Strytellng,001610,"Mark,Earl",001,17727,School of Architecture,3.70,20,2,9,4,4,0,0,0,1,0,0
2025 Fall,EDIS,5320,Math in Elementary Schools,009452,"Wilson,Jonee",001,16899,School of Education and HumanDev,3.94,14,2,9,3,0,0,0,0,0,0,0
2025 Fall,COMM,3010,Strategy and Systems,006453,"Maurer,Christopher Scott",003,17840,McIntire School of Commerce,3.60,50,0,10,20,20,0,0,0,0,0,0
2025 Fall,PHIL,3500,Seminar in Philosophy,040315,"Irving,Zachary",001,19453,College & Graduate Arts & Sci,3.48,28,1,7,10,6,2,1,0,0,0,1
2025 Fall,PLAP,4601,Democracy in America,031598,"Kromkowski,Charles",001,19546,College & Graduate Arts & Sci,3.72,12,0,3,8,0,1,0,0,0,0,0
2025 Fall,BIMS,6000,Integrative Biosciences,042268,"Halme,Adrian",001,18445,Medical School - BIMS/PHS,3.58,59,2,16,17,14,10,0,0,0,0,0
2025 Fall,WGS,2650,Streaming Sexualities,048095,"Speidel,Lisa",001,20336,College & Graduate Arts & Sci,3.86,118,0,100,1,7,8,0,2,0,0,0
2025 Fall,ISCP,4991,Capstone Project II,020318,"Plunkett,Ann Marie Harkins",101,20879,Continuing & Prof Studies,3.93,20,5,10,5,0,0,0,0,0,0,0
2025 Fall,EDIS,7000,Intro to Instructional Design,009689,"Resig,Jess",500,16992,School of Education and HumanDev,3.78,24,1,19,2,1,0,0,0,0,0,1
2025 Fall,PC,5010,Procurement Policy & Practices,029784,"Eller,Thomas G",701,20858,Continuing & Prof Studies,3.76,9,0,4,4,0,1,0,0,0,0,0
2025 Fall,PHYS,2030,Princip of Physics 1 Workshop,030811,"Bychkov,Maksim",008,10485,College & Graduate Arts & Sci,3.96,26,4,21,0,0,1,0,0,0,0,0
2025 Fall,ISSS,4131,Community and Mental Health,041488,"Rasmussen,Alan C",101,20892,Continuing & Prof Studies,3.91,28,13,12,0,2,1,0,0,0,0,0
2025 Fall,ARTS,2812,Intro to Sculpture(Wood/Metal),002887,"Rogers,Larissa",001,20603,College & Graduate Arts & Sci,3.86,11,0,6,5,0,0,0,0,0,0,0
2025 Fall,CJ,3490,Lgl Issues Impact Law Enf Ops,039968,"Chechak,Kevin",01,21696,Continuing & Prof Studies,3.65,12,1,6,3,0,0,1,0,1,0,0
2025 Fall,STAT,1602,Intro Data Science with Python,045052,"Holt,Jeffrey",002,13716,College & Graduate Arts & Sci,3.38,28,0,11,5,3,4,2,0,1,1,1
2025 Fall,EGMT,1540,Ethical Engagement,044515,"Varanyak,Krista Marie",102,13667,College & Graduate Arts & Sci,4.00,20,10,10,0,0,0,0,0,0,0,0
2025 Fall,HIUS,3501,Introductory History Workshop,046577,"Kang,Shulamith Deborah",001,13659,College & Graduate Arts & Sci,3.80,19,0,9,8,2,0,0,0,0,0,0
2025 Fall,CHEM,1411,Intro College Chem I Lab,005986,"Morkowchuk,Lisa",041,11664,College & Graduate Arts & Sci,3.85,24,12,5,6,0,0,0,1,0,0,0
2025 Fall,JPTR,3400,Tales of the Samurai,044415,"Heldt,Gustav",001,19224,College & Graduate Arts & Sci,3.61,13,0,3,7,1,1,1,0,0,0,0
2025 Fall,ANTH,5468,Language Socialization,048150,"Dobrin,Lise",001,20591,College & Graduate Arts & Sci,3.21,13,1,5,2,2,0,1,0,0,0,2
2025 Fall,CHEM,1410,Intro College Chemistry I,005649,"Welch,Kevin",400,12374,College & Graduate Arts & Sci,3.56,343,3,137,78,61,33,15,7,5,3,1
2025 Fall,CHE,4450,Energy Science & Technologies,043220,"Epling,William",001,15594,Engineering & Applied Science,3.42,18,3,6,5,0,1,0,0,2,0,1
2025 Fall,ENGL,2599,Special Topics,012514,...,012,21102,College & Graduate Arts & Sci,3.90,20,2,11,7,0,0,0,0,0,0,0
2025 Fall,LAW,6002,Contracts,021553,"Johnson,Alex M",D,18973,School of Law,3.40,33,0,7,6,13,3,2,2,0,0,0
2025 Fall,LAW,9239,BigLaw Prof (and Bus) of Law,043824,"Duncan,Robert Bruce",1,18746,School of Law,3.48,20,0,4,2,14,0,0,0,0,0,0
2025 Fall,PHIL,2660,Philosophy of Religion,030098,"Merricks,Trenton",100,11193,College & Graduate Arts & Sci,3.59,53,0,25,12,5,5,4,1,0,0,1
2025 Fall,EDLF,2080,Fundamentals of Statistics,044842,"Hull,Michael",003,16774,School of Education and HumanDev,3.56,12,5,3,1,0,1,0,0,2,0,0
2025 Fall,LPPL,7410,Psychology for Leadership,041246,"Converse,Benjamin",002,19373,Batten Leadership & Public Pol,3.43,48,0,11,10,15,7,4,1,0,0,0
2025 Fall,LAW,9331,Shft Priorit in Humanitn Immig,045789,"Clarens,Kristin",1,18885,School of Law,3.41,14,0,1,3,9,1,0,0,0,0,0
2025 Fall,LAW,9024,Legal Storytelling,040038,"Kim,Annie",1,18966,School of Law,3.53,12,0,1,5,6,0,0,0,0,0,0
2025 Fall,COMM,3010,Strategy and Systems,006453,"Nelson,Russell R",001,17839,McIntire School of Commerce,3.52,50,1,9,15,19,6,0,0,0,0,0
2025 Fall,CGBM,2110,Accounting for Business,047001,"Franks,Harry",001,17973,McIntire School of Commerce,3.45,51,2,6,16,16,7,4,0,0,0,0
2025 Fall,LAW,7078,Remedies,021744,"Harrison,John C",1,18955,School of Law,3.60,72,2,13,28,27,2,0,0,0,0,0
2025 Fall,LAW,9326,Housing Law & Poverty Seminar,045626,"Leiter-White,Robin Jennifer",1,18778,School of Law,3.40,18,0,3,7,3,2,2,0,1,0,0
2025 Fall,BME,4414,Biomaterials,004075,"Barker,Tom",001,16258,Engineering & Applied Science,3.77,32,1,23,0,2,6,0,0,0,0,0
2025 Fall,MAE,6360,Gas Dynamics,022665,"Ward,Thomas",001,16254,Engineering & Applied Science,3.57,14,0,9,2,2,0,0,0,0,0,1
2025 Fall,LAW,6105,Federal Courts,021652,"Jeffries,John C",1,18937,School of Law,3.67,80,0,25,31,22,2,0,0,0,0,0
2025 Fall,CHEM,1411,Intro College Chem I Lab,005986,"Morkowchuk,Lisa",061,12126,College & Graduate Arts & Sci,3.84,23,15,3,2,1,1,1,0,0,0,0
2025 Fall,APMA,1110,Single Variable Calculus II,001140,"Provat,Shirin",005,15295,Engineering & Applied Science,2.75,45,0,7,8,2,10,4,3,2,4,5
2025 Fall,ENGL,2599,Special Topics,012514,"Schey,Taylor",004,19672,College & Graduate Arts & Sci,3.95,18,0,15,3,0,0,0,0,0,0,0
2025 Fall,COMM,2002,Foundations of Finance,048084,"McCartney,William",003,20383,McIntire School of Commerce,3.32,73,0,24,16,13,6,5,2,1,1,5
2025 Fall,SPAN,2020,Advanced Intermediate Spanish,035854,"Hervas,Maria Jose Jorquera",015,11789,College & Graduate Arts & Sci,3.95,12,1,9,2,0,0,0,0,0,0,0
2025 Fall,EDIS,5145,Intro to Single Case Research,048061,"Rispoli,Mandy Jenkins",501,21401,School of Education and HumanDev,3.63,14,1,6,3,1,1,2,0,0,0,0
2025 Fall,LAW,6002,Contracts,021553,"Johnston,Jason S",F,18975,School of Law,3.34,33,1,0,10,14,5,2,1,0,0,0
2025 Fall,ARTS,2220,Introduction to Digital Art I,002858,"Villanueva,Maria",001,11058,College & Graduate Arts & Sci,3.70,13,0,6,4,2,0,1,0,0,0,0
2025 Fall,PSPS,6980,MPS Comprehensive Exam,047405,"Gustafson,Bryon Gordon",580,20921,Continuing & Prof Studies,3.23,11,0,2,6,0,1,0,0,0,0,2
2025 Fall,ECON,3010,Intermediate Microeconomics,007908,"Lin,Po",800,14188,College & Graduate Arts & Sci,2.96,84,4,5,20,4,9,18,15,6,1,2
2025 Fall,APMA,2120,Multivariable Calculus,001144,"Dizaji,Farzad Shafiei",006,15789,Engineering & Applied Science,3.33,44,19,3,6,3,2,3,1,4,0,3
2025 Fall,CS,2130,Computer Systems and Org 1,046226,"Hott,Robbie",002,15794,Engineering & Applied Science,2.55,120,4,12,8,17,14,16,11,11,9,18
2025 Fall,DS,2003,Communicating with Data,046060,"Wright,Brian",001,14381,School of Data Science,3.89,60,0,47,9,1,3,0,0,0,0,0
2025 Fall,LAW,6002,Contracts,021553,"Kordana,Kevin A",G,18976,School of Law,3.40,33,0,2,9,16,6,0,0,0,0,0
2025 Fall,EDIS,6200,Principles of Curric Design,045847,"Shields,Jane Patrick",502,21404,School of Education and HumanDev,3.43,18,0,7,5,3,0,2,0,0,0,1
2025 Fall,GCOM,7040,Marketing & QA,037978,"Mittal,Chiraag",001,17885,McIntire School of Commerce,3.58,64,0,12,34,7,10,0,1,0,0,0
2025 Fall,ARTH,3525,Topics in Ren Art History,040304,"White,Tonya L.",501,19035,College & Graduate Arts & Sci,4.00,11,9,2,0,0,0,0,0,0,0,0
2025 Fall,SPAN,4615,Spanish Cinema,047349,"Amago,Samuel",001,14157,College & Graduate Arts & Sci,3.77,18,0,11,4,0,3,0,0,0,0,0
2025 Fall,LAW,9039,Supreme Court: October Term,040091,"Ortiz,Daniel",1,18896,School of Law,3.63,14,0,2,8,4,0,0,0,0,0,0
2025 Fall,LAW,6002,Contracts,021553,"Butler,Jay",E,18974,School of Law,3.40,32,0,2,7,20,3,0,0,0,0,0
2025 Fall,RUTR,2470,Understanding Russia,034781,"Urbanovich,Yuri",001,19491,College & Graduate Arts & Sci,3.95,40,0,33,7,0,0,0,0,0,0,0
2025 Fall,ENWR,1510,Writing and Critical Inquiry,013432,...,066,12820,College & Graduate Arts & Sci,3.58,18,0,4,8,3,3,0,0,0,0,0
2025 Fall,ENGR,1010,Engineering Foundations 1,046987,"Goldschneider,Benjamin",005,15966,Engineering & Applied Science,3.91,22,0,18,2,2,0,0,0,0,0,0
2025 Fall,LAW,6109,Corporations (Law & Business),021836,"Barzuza,Michal",1,18952,School of Law,3.47,26,0,2,10,11,3,0,0,0,0,0
2025 Fall,LAW,7044,Survey: Patent/Copyrt/Trademrk,021893,"Oliar,Dotan",1,20735,School of Law,3.52,9,0,1,4,3,1,0,0,0,0,0
2025 Fall,GETR,1559,New Course: GETR,039217,"Schmid,Marcel",001,20189,College & Graduate Arts & Sci,3.93,34,3,24,6,1,0,0,0,0,0,0
2025 Fall,CHE,6665,Tech for Chem Engr Anal & Des,005521,"Taylor,Phillip",600,19821,Engineering & Applied Science,3.52,9,0,3,2,2,1,1,0,0,0,0
2025 Fall,MATH,3354,Survey of Algebra,023084,"Aitzhanova,Bakhyt",003,19586,College & Graduate Arts & Sci,3.74,25,12,7,2,0,2,1,0,0,0,1
2025 Fall,PSLP,5320,Organizational Leadership,044293,"Allen,Roxann",701,21323,Continuing & Prof Studies,3.26,8,1,2,3,0,1,0,0,0,0,1
2025 Fall,EDLF,8654,Organiz & Governance Higher Ed,009792,"Pusser,Brian",001,20004,School of Education and HumanDev,3.88,17,2,11,2,2,0,0,0,0,0,0
2025 Fall,PLAP,3810,Constitutional Interpretation,031582,"Vradenburgh,Holly",001,19547,College & Graduate Arts & Sci,3.54,47,7,20,8,3,3,0,1,3,0,2
2025 Fall,SOC,2010,Principles of Sociology,047895,"Unlu,Baris",001,19857,College & Graduate Arts & Sci,3.83,32,8,17,4,0,0,2,1,0,0,0
2025 Fall,EDHS,2840,Intro to Youth & Social Innov,044391,"Curtis,Sabrina",001,16736,School of Education and HumanDev,3.71,46,0,35,5,0,3,0,0,1,0,2
2025 Fall,NURS,4950,Distinguished Majors Seminar I,029615,"Acquaviva,Kimberly",001,17420,School of Nursing,4.00,18,13,5,0,0,0,0,0,0,0,0
2025 Fall,CHEM,2410,Organic Chemistry I,005698,"Frantz,Alicia",200,11473,College & Graduate Arts & Sci,3.05,99,0,17,19,18,13,12,5,6,4,5
2025 Fall,ENTP,1010,Intro to Entrepreneurship,043881,"Etienne,Bevin",003,17922,McIntire School of Commerce,3.93,52,0,39,13,0,0,0,0,0,0,0
2025 Fall,LAW,7799,Topics in Pub Eq Inv (SC),045599,"Wilson,Burton Hazik",1,18920,School of Law,3.44,13,0,2,1,10,0,0,0,0,0,0
2025 Fall,EDHS,2460,Clinical Observation,045733,"Rehm,Rebecca Ann",001,17067,School of Education and HumanDev,3.85,13,2,9,1,0,0,0,1,0,0,0
2025 Fall,EGMT,1540,Ethical Engagement,044515,"Shaman,Cory Thomas",120,13191,College & Graduate Arts & Sci,3.97,19,0,17,2,0,0,0,0,0,0,0
2025 Fall,ENGL,3271,Shakespeare Histories Comedies,012901,"Maus,Katharine",100,13116,College & Graduate Arts & Sci,3.11,49,0,9,10,6,11,4,3,2,1,3
2025 Fall,PLPT,3500,Special Topics in PT,040944,"Donahue-Ochoa,Tom",002,13880,College & Graduate Arts & Sci,3.99,30,7,22,1,0,0,0,0,0,0,0
2025 Fall,LAW,7501,Spec Topics Short Course (SC),046387,"Wilkinson,Christopher Brian",2,20714,School of Law,3.43,8,0,1,3,1,3,0,0,0,0,0
2025 Fall,CS,3100,Data Structures and Algo 2,046228,"Bloomfield,Aaron",001,15790,Engineering & Applied Science,2.77,147,3,38,15,12,17,17,7,3,10,25
2025 Fall,PC,5020,Adv Cost & Price Analysis,029785,"Eller,Thomas G",701,20859,Continuing & Prof Studies,3.41,14,1,4,5,1,2,0,0,0,0,1
2025 Fall,ARCH,2710,CAAD 3D Geometrical Mod & Vis,042203,"Mark,Earl",100,17600,School of Architecture,3.55,85,3,39,12,19,6,1,1,2,0,2
2025 Fall,CJ,5720,Seminar in Managing LE Image,043266,"Pennybacker,Gail Lyn",04,21732,Continuing & Prof Studies,4.00,21,19,2,0,0,0,0,0,0,0,0
2025 Fall,GCOM,7010,Global Strategy and Systems,038175,"Harris,Ira C",001,17881,McIntire School of Commerce,3.40,64,0,6,16,28,14,0,0,0,0,0
2025 Fall,CHEM,1411,Intro College Chem I Lab,005986,"Morkowchuk,Lisa",021,10532,College & Graduate Arts & Sci,3.81,24,10,6,6,0,1,0,1,0,0,0
2025 Fall,LAW,9296,Econ Tools of Natl Security,044738,"Deeks,Ashley",1,20769,School of Law,3.55,17,0,2,7,8,0,0,0,0,0,0
2025 Fall,MATH,1210,A survey of Calculus I,022944,"Mitchell,Susan Beth",960,11076,College & Graduate Arts & Sci,3.41,36,11,9,3,6,1,1,1,1,1,2
2025 Fall,PHS,5825,Global Public Health,042987,"Colvin,Chris",001,18591,Medical School - BIMS/PHS,4.00,7,2,5,0,0,0,0,0,0,0,0
2025 Fall,PSHM,4200,Women's Health Issues,044524,"Wallace,Lillian Marie",101,20940,Continuing & Prof Studies,3.89,20,2,13,4,0,1,0,0,0,0,0
2025 Fall,HBIO,4998,Thesis Rsrch in Human Biol I,017974,"Timko,Michael",001,10183,College & Graduate Arts & Sci,3.92,16,12,3,0,0,0,1,0,0,0,0
2025 Fall,STS,2600,Engineering Ethics,046988,"Louis,Garrick E",015,19597,Engineering & Applied Science,3.83,27,0,17,7,2,1,0,0,0,0,0
2025 Fall,KOR,2010,Intermediate Korean I,020866,"Han,Rosa",001,11386,College & Graduate Arts & Sci,3.48,12,0,3,4,2,2,0,1,0,0,0
2025 Fall,APMA,2120,Multivariable Calculus,001144,"Fernando,Nethali",005,15040,Engineering & Applied Science,2.40,45,2,7,3,5,3,4,1,5,3,12
2025 Fall,NUCO,4310,Mental Health Nursing,043228,"McDonald,Maria",001,17398,School of Nursing,3.91,81,16,52,9,1,1,2,0,0,0,0
2025 Fall,JAPN,1010,First-Year Japanese I,020740,"Marshall,Tomoko",002,10194,College & Graduate Arts & Sci,3.33,14,0,4,2,5,1,0,0,1,1,0
2025 Fall,EGMT,1510,Engaging Aesthetics,044512,"Poon,Joseph",228,20302,College & Graduate Arts & Sci,3.93,32,8,16,8,0,0,0,0,0,0,0
2025 Fall,CS,6501,Spec Top: Computer Science,006981,"Zeng,Zhe",010,15918,Engineering & Applied Science,3.65,31,14,6,2,2,5,0,1,0,1,0
2025 Fall,NUIP,2420,Pathophysiology I,043234,"Apple,Ashley",001,17442,School of Nursing,3.76,118,17,47,36,7,9,1,0,1,0,0
2025 Fall,LAW,9081,Trial Advocacy,022023,"Cook,John Tandy",1,18736,School of Law,3.57,16,0,2,8,5,1,0,0,0,0,0
2025 Fall,ECON,3559,New Course: ECON,038666,"Harrington,Emma",100,19783,College & Graduate Arts & Sci,3.85,52,8,28,12,2,1,0,0,1,0,0
2025 Fall,LPPA,3640,Resrch Methods & Data Analysis,042161,"Myung,Noah",001,14462,Batten Leadership & Public Pol,3.38,44,1,10,8,6,14,5,0,0,0,0
2025 Fall,SOC,4057,Family Policy,035491,"Wilcox,William",001,13737,College & Graduate Arts & Sci,3.65,15,2,5,4,2,0,2,0,0,0,0
2025 Fall,EGMT,1520,Empirical Engagement,044513,"Reid,Sean H.",114,13110,College & Graduate Arts & Sci,3.98,32,0,30,2,0,0,0,0,0,0,0
2025 Fall,ASL,1010,Elem Amer Sign Language I,002999,"Slusser,Miranda",002,19409,College & Graduate Arts & Sci,3.11,19,0,3,4,4,3,3,0,1,0,1
2025 Fall,PLIR,3060,Military Force Int'l Relations,031808,"Copeland,Dale",100,13987,College & Graduate Arts & Sci,3.58,112,0,23,53,26,8,1,0,0,0,1
2025 Fall,COMM,3010,Strategy and Systems,006453,"Maurer,Christopher Scott",004,17843,McIntire School of Commerce,3.56,50,0,11,14,24,1,0,0,0,0,0
2025 Fall,LAW,9306,Securities Litigtn & Enforcemt,045176,"Gilman,Charles Alan",1,18783,School of Law,3.48,24,0,2,9,11,2,0,0,0,0,0
2025 Fall,LAW,6000,Civil Procedure,021550,"Woolhandler,Nettie A",CH,18779,School of Law,3.40,61,0,5,13,42,0,0,0,0,0,1
2025 Fall,ANTH,5589,Topics in Archaeology,000894,"LaViolette,Adria",001,19442,College & Graduate Arts & Sci,3.96,7,4,2,1,0,0,0,0,0,0,0
2025 Fall,PLAD,4500,Special Topics,044837,"Leblang,David",001,14160,College & Graduate Arts & Sci,3.96,15,0,13,2,0,0,0,0,0,0,0
2025 Fall,MUSI,4509,Cultural & Historical Studies,024847,"Maus,Fred",001,19569,College & Graduate Arts & Sci,4.00,16,8,8,0,0,0,0,0,0,0,0
2025 Fall,CHEM,1411,Intro College Chem I Lab,005986,"Morkowchuk,Lisa",071,12136,College & Graduate Arts & Sci,3.86,23,9,8,5,0,0,0,1,0,0,0
2025 Fall,MATH,3100,Introduction to Probability,023058,"Dimou,Evangelos",003,11213,College & Graduate Arts & Sci,2.92,34,5,3,3,3,7,3,1,4,4,1
2025 Fall,MAE,4501,Spec Topics in Mechanical Engr,022609,"Li,Xiaodong",004,20525,Engineering & Applied Science,3.91,13,0,9,4,0,0,0,0,0,0,0
2025 Fall,SPAN,3030,Cultural Conversations,035895,"Bonino,Nicole",001,19407,College & Graduate Arts & Sci,3.98,17,14,2,1,0,0,0,0,0,0,0
2025 Fall,ENGL,3660,Modern Poetry,041008,"Edmundson,Mark",001,19671,College & Graduate Arts & Sci,3.68,26,3,13,3,1,4,2,0,0,0,0
2025 Fall,CHEM,1410,Intro College Chemistry I,005649,"Morkowchuk,Lisa",300,12370,College & Graduate Arts & Sci,3.44,136,0,55,30,17,12,8,6,3,1,4
2025 Fall,AAS,2657,"Routes, Writing, Reggae",044899,"Hamilton,Njelle",001,20235,College & Graduate Arts & Sci,3.75,11,1,7,0,2,0,1,0,0,0,0
2025 Fall,LING,2430,Languages of the World,000670,"Mirzayan,Armik",001,13766,College & Graduate Arts & Sci,3.93,27,1,23,1,1,1,0,0,0,0,0
2025 Fall,CS,3140,Software Dev Essentials,046231,"Nguyen,Rich",001,15772,Engineering & Applied Science,3.60,209,8,92,49,29,14,8,2,3,0,4
2025 Fall,CE,4991,Civil Engr Design & Practice,004506,"Burden,Lindsay",001,15779,Engineering & Applied Science,3.83,43,0,32,3,6,1,1,0,0,0,0
2025 Fall,LPPS,3310,Police-Community Relations,045492,"Williams,Brian",001,14494,Batten Leadership & Public Pol,3.97,22,6,14,2,0,0,0,0,0,0,0
2025 Fall,LPPP,5500,Short Course Topics,042124,"Felder,Adam",001,14529,Batten Leadership & Public Pol,3.97,18,0,16,2,0,0,0,0,0,0,0
2025 Fall,ENGR,1010,Engineering Foundations 1,046987,"Serrano,David Gutierrez",017,15978,Engineering & Applied Science,3.81,40,0,34,2,0,3,0,0,0,0,1
2025 Fall,EGMT,1530,Engaging Differences,044514,"Wrigley,Claire",222,13185,College & Graduate Arts & Sci,4.00,34,3,31,0,0,0,0,0,0,0,0
2025 Fall,LPPS,7240,Impact Invest & Innov Finance,047000,"Kluge,Christine Mahoney",001,14539,Batten Leadership & Public Pol,3.94,12,3,8,0,1,0,0,0,0,0,0
2025 Fall,EDHS,2450,Intro Communication Disorders,044546,"Robey,Randall",001,16738,School of Education and HumanDev,3.96,75,62,10,2,0,0,0,0,0,0,1
2025 Fall,HEBR,2010,Intermediate Modern Hebrew I,017986,"Gilboa,Zvi",001,11057,College & Graduate Arts & Sci,4.00,10,3,7,0,0,0,0,0,0,0,0
2025 Fall,PSYC,3240,Animal Minds,032492,"Meliza,Daniel",001,13686,College & Graduate Arts & Sci,3.20,111,0,33,20,8,17,17,5,4,2,5
2025 Fall,LPPS,3050,Intro to Soc Entrepreneurship,042310,"Touve,David Charles",001,14464,Batten Leadership & Public Pol,3.85,40,0,20,20,0,0,0,0,0,0,0
2025 Fall,LPPS,6810,Virginia Politics and Policy,044836,"Pennock,Andrew",001,14556,Batten Leadership & Public Pol,3.65,13,0,4,6,1,2,0,0,0,0,0
2025 Fall,ENGR,1010,Engineering Foundations 1,046987,"Dufalla,Nicole",018,15979,Engineering & Applied Science,3.88,40,0,33,5,0,0,1,0,1,0,0
2025 Fall,CS,6222,Introduction to Cryptography,045676,"Doerner,John",001,16024,Engineering & Applied Science,3.69,13,4,5,1,1,1,0,0,1,0,0
2025 Fall,STS,2600,Engineering Ethics,046988,"Groves,James",001,15980,Engineering & Applied Science,3.70,30,0,17,6,3,3,0,0,1,0,0
2025 Fall,STS,2600,Engineering Ethics,046988,"Seabrook,Bryn",005,15984,Engineering & Applied Science,3.90,30,0,26,1,2,0,1,0,0,0,0
2025 Fall,CJ,5290,Emotional Intelligence,041302,"Coleman,Marian Elizabeth",01,21688,Continuing & Prof Studies,3.99,20,11,8,1,0,0,0,0,0,0,0
2025 Fall,CS,2100,Data Structures and Algo 1,046225,"Morrison,Briana",001,15765,Engineering & Applied Science,3.45,154,30,48,17,19,16,8,4,2,4,6
2025 Fall,ARCH,6711,Media Narrative Representation,048035,"Fard,Ali",001,20153,School of Architecture,3.45,25,0,3,10,9,1,0,2,0,0,0
2025 Fall,GCNL,5160,Persons w/Psychiatric Illness,015377,"Ridge,Richard",001,17312,School of Nursing,3.99,59,4,53,2,0,0,0,0,0,0,0
2025 Fall,DS,2004,Data Ethics,046829,"Reia,Jess",001,20077,School of Data Science,3.84,71,0,33,38,0,0,0,0,0,0,0
2025 Fall,CJ,5495,CI: Executive Decision Making,047240,"Yansick,Michael",02,21689,Continuing & Prof Studies,4.00,28,3,25,0,0,0,0,0,0,0,0
2025 Fall,EVSC,2800,Fundamentals of Geology,013912,"Limaye,Ajay",001,12094,College & Graduate Arts & Sci,3.39,95,4,24,30,8,13,6,3,4,1,2
2025 Fall,SOC,3460,Future Cities,046547,"Makarova,Ekaterina",001,19879,College & Graduate Arts & Sci,3.43,31,0,11,7,6,4,1,0,1,0,1
2025 Fall,CHIN,1060,Accelerated Elementary Chinese,006050,"Gao,Ying",002,13285,College & Graduate Arts & Sci,3.80,15,0,10,2,2,1,0,0,0,0,0
2025 Fall,POTR,4270,The Civilization of Brazil,032131,"Carter,Eli",001,19839,College & Graduate Arts & Sci,3.84,17,4,4,9,0,0,0,0,0,0,0
2025 Fall,CHEM,1411,Intro College Chem I Lab,005986,"Morkowchuk,Lisa",064,12129,College & Graduate Arts & Sci,3.91,24,13,7,3,0,0,1,0,0,0,0
2025 Fall,KINE,3600,Musculoskeletal Anatomy,009105,"Higgins,Michael",002,16901,School of Education and HumanDev,3.05,16,0,3,3,2,3,2,0,1,1,1
2025 Fall,CHEM,1411,Intro College Chem I Lab,005986,"Morkowchuk,Lisa",013,11157,College & Graduate Arts & Sci,4.00,24,19,5,0,0,0,0,0,0,0,0
2025 Fall,ACCT,5110,Intermediate Accounting I,045932,"Hutton,Leon W",701,20832,Continuing & Prof Studies,3.97,22,1,19,2,0,0,0,0,0,0,0
2025 Fall,APMA,2120,Multivariable Calculus,001144,"Hellings,Christian",002,14664,Engineering & Applied Science,3.18,49,3,14,8,4,5,6,1,3,2,3
2025 Fall,ENGL,3480,The English Novel II,012776,"Baena,Victoria",001,19655,College & Graduate Arts & Sci,3.57,21,0,7,5,6,2,1,0,0,0,0
2025 Fall,ENGL,4540,Seminar in 19th-C Literature,012787,"Baena,Victoria",002,19656,College & Graduate Arts & Sci,3.46,11,0,2,4,3,0,2,0,0,0,0
2025 Fall,DS,3022,Data Engineering,047315,"Magee,Neal",002,19716,School of Data Science,3.85,32,0,23,5,2,2,0,0,0,0,0
2025 Fall,GSGS,3112,Global Perspectives Corruption,044978,"Tidey,Sylvia",001,20634,College & Graduate Arts & Sci,3.85,30,6,16,5,1,1,1,0,0,0,0
2025 Fall,LAW,9075,When Financial Ks Blow Up,022215,"Gulati,Gaurang Mitu",1,20745,School of Law,3.43,16,0,2,3,9,2,0,0,0,0,0
2025 Fall,MATH,1220,A Survey of Calculus II,022945,"Kurtz,Brianna A.",300,11071,College & Graduate Arts & Sci,3.29,31,0,8,6,4,8,2,1,1,0,1
2025 Fall,SPAN,2020,Advanced Intermediate Spanish,035854,"Hogg,Jennifer",010,11072,College & Graduate Arts & Sci,3.72,18,1,9,7,0,0,0,0,0,0,1
2025 Fall,SPAN,2020,Advanced Intermediate Spanish,035854,"Piriz Moguel,Ana",012,11074,College & Graduate Arts & Sci,3.74,14,1,2,10,1,0,0,0,0,0,0
2025 Fall,BME,4550,Spec Topics: Biomedical Engr,004090,"Helmke,Brian",001,15674,Engineering & Applied Science,2.82,20,3,4,0,7,1,0,0,0,0,5
2025 Fall,WGS,3150,Race& Pwr in Gender& Sexuality,046589,"Meyer,Douglas Owen",001,20448,College & Graduate Arts & Sci,3.26,14,0,2,5,4,2,0,0,0,0,1
2025 Fall,RELC,3115,Evangelicalism,045350,"Henry,James",001,13487,College & Graduate Arts & Sci,3.78,57,0,33,17,4,1,0,1,1,0,0
2025 Fall,GCOM,7790,Enterprise Architecture,015433,"Grazioli,Stefano",001,17986,McIntire School of Commerce,3.41,31,1,1,12,10,5,2,0,0,0,0
2025 Fall,ASTR,5460,Physics of Compact Stars,003112,"Arras,Phil",001,19158,College & Graduate Arts & Sci,3.82,18,5,7,4,1,0,1,0,0,0,0
2025 Fall,GCOM,7650,Internat. Corporate Governance,044192,"Cowen,Amanda",001,21264,McIntire School of Commerce,3.45,24,0,5,5,8,6,0,0,0,0,0
2025 Fall,HIST,1501,Introductory Sem in History,019008,"Burrill,Emily Susan",001,21006,College & Graduate Arts & Sci,3.71,15,0,13,1,0,0,0,0,0,0,1
2025 Fall,SPAN,2020,Advanced Intermediate Spanish,035854,"Piriz Moguel,Ana",011,11073,College & Graduate Arts & Sci,3.81,16,1,6,8,1,0,0,0,0,0,0
2025 Fall,ENGL,5560,Sem. in Modern & Contemp. Lit.,047422,"Luftig,Victor",002,19676,College & Graduate Arts & Sci,3.95,12,0,10,2,0,0,0,0,0,0,0
2025 Fall,EDLF,3150,Intro Chld Growth & Developmnt,009660,"Gest,Scott",002,16900,School of Education and HumanDev,3.90,35,0,28,4,2,1,0,0,0,0,0
2025 Fall,CHEM,2311,Org Chem Lab I Non Chem Major,043154,"Chruma,Jason J",002,11244,College & Graduate Arts & Sci,3.69,29,0,20,4,2,1,1,0,0,0,1
2025 Fall,CJ,5610,Constitutional Law & Policing,039972,"Chechak,Kevin",01,21703,Continuing & Prof Studies,3.80,11,0,7,3,0,0,1,0,0,0,0
2025 Fall,COMM,3010,Strategy and Systems,006453,"Lashley,Kisha",007,17844,McIntire School of Commerce,3.54,50,0,11,14,20,5,0,0,0,0,0
2025 Fall,EGMT,1520,Empirical Engagement,044513,"Caviness,Stephen Lewis",118,13682,College & Graduate Arts & Sci,3.95,32,0,28,3,1,0,0,0,0,0,0
2025 Fall,ECE,6501,Topics: Elect & Computer Engr,007731,"Weikle,Robert",003,15052,Engineering & Applied Science,3.78,6,1,2,2,1,0,0,0,0,0,0
2025 Fall,ISSS,4432,Interpersonal Communication,045544,"Kiernan,Vincent",DC01,20945,Continuing & Prof Studies,3.86,23,8,8,4,3,0,0,0,0,0,0
2025 Fall,ARTS,2670,Intro to Intaglio/Monotype,002878,"Ohira,Akemi",001,10023,College & Graduate Arts & Sci,3.96,15,0,13,2,0,0,0,0,0,0,0
2025 Fall,ECE,2200,Applied Physics,046963,"Williams,Keith A",004,20732,Engineering & Applied Science,3.64,84,4,38,20,7,8,2,4,1,0,0
2025 Fall,CJ,5430,Forensic Sc Ldrsp Police Execs,047358,"McGinnis Jr.,Charles Edward",01,21743,Continuing & Prof Studies,4.00,25,9,16,0,0,0,0,0,0,0,0
2025 Fall,LPPP,5500,Short Course Topics,042124,"Stewart,Denise",003,14535,Batten Leadership & Public Pol,3.94,10,0,8,2,0,0,0,0,0,0,0
2025 Fall,STS,2600,Engineering Ethics,046988,"Wayland,Kent Allen",018,21082,Engineering & Applied Science,3.69,27,1,16,3,1,5,0,1,0,0,0
2025 Fall,PHS,7170,SAS and Data Mngt in Pop Hlth,030374,"Lyons,Genevieve",001,18318,Medical School - BIMS/PHS,3.87,43,16,17,4,5,1,0,0,0,0,0
2025 Fall,LPPP,4200,Inst & Pol Context of PPol,042159,"Johannessen,Peter",002,14533,Batten Leadership & Public Pol,3.59,55,0,11,32,5,4,1,0,2,0,0
2025 Fall,EGMT,1540,Ethical Engagement,044515,"Swoboda,Jessica Ann",108,13669,College & Graduate Arts & Sci,4.00,33,16,17,0,0,0,0,0,0,0,0
2025 Fall,ENGL,4500,Seminar in English Literature,045452,"Kinney,Clare",001,19664,College & Graduate Arts & Sci,3.54,14,0,4,7,0,0,2,1,0,0,0
2025 Fall,PSLP,5300,Foundations of Leadership,044292,"Hubbard,Marcus",702,21217,Continuing & Prof Studies,3.44,9,1,5,1,1,0,0,0,0,0,1
2025 Fall,LAW,7811,Deals,045996,"Hwang,Cathy",1,20743,School of Law,3.57,16,0,1,9,6,0,0,0,0,0,0
2025 Fall,ENGL,3434,The American Renaissance,011356,"Krentz,Christopher",001,19679,College & Graduate Arts & Sci,3.36,20,0,6,2,4,5,2,1,0,0,0
2025 Fall,AAS,3559,New Course: AAS,038532,"Mutwafy,Salma",001,19858,College & Graduate Arts & Sci,3.42,13,0,5,2,2,1,2,0,1,0,0
2025 Fall,EDIS,6750,Reading w/ Special Populations,046720,"Thacker-Gwaltney,Susan",500,17121,School of Education and HumanDev,3.94,17,1,14,1,1,0,0,0,0,0,0
2025 Fall,ENGL,3560,Studies in Mod & Contemp Lit,039235,"Ghaly,Adrienne",003,19685,College & Graduate Arts & Sci,3.95,11,0,9,2,0,0,0,0,0,0,0
2025 Fall,ENGL,8540,Studies in 19th-C Literature,012806,"Olwell,Victoria",001,19683,College & Graduate Arts & Sci,3.58,13,0,7,5,0,0,0,0,0,0,1
2025 Fall,ENGL,2500,Intro to Literary Studies,012548,"Luftig,Victor",011,19688,College & Graduate Arts & Sci,3.80,19,0,9,8,2,0,0,0,0,0,0
2025 Fall,COMM,4780,Institutional Investment Mgmt,043380,"Kochard,Lawrence Edward",001,20282,McIntire School of Commerce,3.63,28,0,11,6,8,3,0,0,0,0,0
2025 Fall,CJ,5890,Law Enforcement ExecEssentials,044117,"Castillo,Angel",02,21705,Continuing & Prof Studies,3.95,25,0,21,4,0,0,0,0,0,0,0
2025 Fall,CJ,5075,Strategic Resource Admin.,047941,"Guzman,Javier",01,21726,Continuing & Prof Studies,4.00,30,22,8,0,0,0,0,0,0,0,0
2025 Fall,CJ,5290,Emotional Intelligence,041302,"Coleman,Marian Elizabeth",02,21701,Continuing & Prof Studies,4.00,32,20,12,0,0,0,0,0,0,0,0
2025 Fall,LPPS,5250,Strategic Decision-Making,048242,"Bick,Alexander",001,21036,Batten Leadership & Public Pol,3.63,14,0,4,6,2,2,0,0,0,0,0
2025 Fall,GCOM,7648,Commerce in Context,048184,"Maillet,Peter A",001,21256,McIntire School of Commerce,3.54,28,0,7,6,13,2,0,0,0,0,0
2025 Fall,DRAM,1010,How Theatre Works,007177,"Garey,Cady",001,10063,College & Graduate Arts & Sci,3.69,48,0,25,15,1,4,0,1,2,0,0
2025 Fall,CHIN,1010,Elementary Chinese,006047,"Gao,Ying",002,10057,College & Graduate Arts & Sci,3.94,17,0,15,1,1,0,0,0,0,0,0
2025 Fall,ECON,2020,Principles of Econ: Macroecon,007877,"Doyle,Carter",200,10108,College & Graduate Arts & Sci,3.17,199,0,39,41,37,38,11,8,11,7,7
2025 Fall,ENWR,2510,Advanced Writing Seminar,013441,"Smith,Alexandria Naima",006,21077,College & Graduate Arts & Sci,3.95,15,2,12,0,1,0,0,0,0,0,0
2025 Fall,LATI,5559,New Course: LATI,038613,"Myers,Karen",001,19317,College & Graduate Arts & Sci,3.67,10,0,5,2,2,0,1,0,0,0,0
2025 Fall,KINE,2850,Medical Terminology,042975,"Moler,Casey",501,16707,School of Education and HumanDev,3.99,46,1,43,2,0,0,0,0,0,0,0
2025 Fall,EDHS,7190,Neuro A&P of Communication Dis,009202,"Robey,Randall",001,16742,School of Education and HumanDev,3.96,27,15,11,0,0,1,0,0,0,0,0
2025 Fall,HIEU,4511,Pre 1700 Euro Hist Colloquium,018521,"Kershaw,Paul",001,19321,College & Graduate Arts & Sci,3.45,10,0,4,2,0,1,3,0,0,0,0
2025 Fall,GNUR,6252,PMH Theories and Therapies,017011,"Gomes,Melissa",001,19235,School of Nursing,3.94,14,0,11,3,0,0,0,0,0,0,0
2025 Fall,EGMT,1540,Ethical Engagement,044515,"Donahue,Thomas Johnston",207,12597,College & Graduate Arts & Sci,3.91,17,9,6,1,0,0,1,0,0,0,0
2025 Fall,GSGS,4100,Activism for Social Justice,046173,"Edmunds,David",001,13017,College & Graduate Arts & Sci,3.99,23,3,19,1,0,0,0,0,0,0,0
2025 Fall,ARTS,2110,Intro to Photography I,002865,"Wylie,William",001,19460,College & Graduate Arts & Sci,3.86,16,4,7,4,0,1,0,0,0,0,0
2025 Fall,EGMT,1520,Empirical Engagement,044513,"Lenhart,Benedict Adam",217,13163,College & Graduate Arts & Sci,3.73,35,0,25,6,2,0,0,0,0,1,1
2025 Fall,EDLF,7150,Educational Psychology,009702,"Palacios,Natalia",001,16507,School of Education and HumanDev,3.81,23,0,13,8,1,0,1,0,0,0,0
2025 Fall,CHEM,2410,Organic Chemistry I,005698,"Frantz,Alicia",300,11378,College & Graduate Arts & Sci,3.19,98,0,23,25,11,16,6,5,5,2,5
2025 Fall,COMM,3220,Data Mgmt for Decision Making,006500,"Gong,Jing",003,20285,McIntire School of Commerce,3.65,40,0,12,18,5,5,0,0,0,0,0
2025 Fall,NUIP,2430,Pharmacology I,043235,"Hall,Katherine Marie",001,17481,School of Nursing,3.65,28,0,10,10,4,4,0,0,0,0,0
2025 Fall,NUCO,2440,Case-Based Learning,043223,"Bourne,Dawn",001,17482,School of Nursing,3.96,28,3,21,4,0,0,0,0,0,0,0
2025 Fall,BME,6550,Spec Topics: Biomedical Engr,004145,"Zunder,Eli",004,20457,Engineering & Applied Science,3.45,6,0,1,2,1,2,0,0,0,0,0
2025 Fall,ENGL,2599,Special Topics,012514,...,011,21101,College & Graduate Arts & Sci,3.24,14,2,5,0,1,4,0,0,1,0,1
2025 Fall,PHYS,2419,Intro Physics 2 Workshop,031079,"Bychkov,Maksim",003,10333,College & Graduate Arts & Sci,3.95,22,1,19,1,1,0,0,0,0,0,0
2025 Fall,EDLF,5160,Life Span Development,043142,"Haskins,Natoya",001,16740,School of Education and HumanDev,3.96,27,25,1,0,0,1,0,0,0,0,0
2025 Fall,AMST,2130,Narratives of Girlhood,047283,"Tapia,Ruby",002,19334,College & Graduate Arts & Sci,3.93,29,0,25,2,2,0,0,0,0,0,0
2025 Fall,EDIS,5012,Mindfulness for Teachers,044537,"Nicholas-Stokes,Pamela",500,16976,School of Education and HumanDev,3.91,19,8,9,0,1,1,0,0,0,0,0
2025 Fall,LPPS,4230,US Mental Health Policy,046185,"Lehmann,Brooke",001,20182,Batten Leadership & Public Pol,3.41,15,0,2,7,2,2,1,0,1,0,0
2025 Fall,DS,5002,How to Train your LLM,047503,"Kropko,Jonathan Michael",001,20653,School of Data Science,3.88,21,12,5,2,1,0,1,0,0,0,0
2025 Fall,DS,5111,Software and Automation Skills,047100,"Kropko,Jonathan Michael",001,20654,School of Data Science,3.96,14,4,8,2,0,0,0,0,0,0,0
2025 Fall,ENWR,1510,Writing and Critical Inquiry,013432,"Chaplin,Geoff",007,10440,College & Graduate Arts & Sci,3.41,17,0,6,2,5,2,0,0,2,0,0
2025 Fall,SOC,4140,Sociology of Consumption,035451,"Makarova,Ekaterina",001,19887,College & Graduate Arts & Sci,3.71,20,0,13,0,4,3,0,0,0,0,0
2025 Fall,EDLF,7808,Strat Align of Plan & Resource,009751,"Stacy,Jaime",500,16970,School of Education and HumanDev,3.89,11,1,6,4,0,0,0,0,0,0,0
2025 Fall,EDIS,6730,Diagnosis & Remediation I,009475,"Bowling,Emily Catherine Cox",503,21157,School of Education and HumanDev,3.52,13,0,8,2,1,1,0,0,0,0,1
2025 Fall,STAT,2120,Intro to Statistical Analysis,036655,"Martinet,Gretchen",003,11172,College & Graduate Arts & Sci,3.53,180,0,52,74,18,17,8,4,4,2,1
2025 Fall,NUCO,4110,Complex Health Conditions,043227,"Craig,Sarah",001,17397,School of Nursing,3.96,124,5,109,7,2,1,0,0,0,0,0
2025 Fall,ENWR,1510,Writing and Critical Inquiry,013432,"Cheney,Evan Gerard",068,12822,College & Graduate Arts & Sci,3.62,18,0,5,7,5,0,1,0,0,0,0
2025 Fall,EDLF,7605,Anthropology of Education,009735,"Hoffman,Diane",500,16741,School of Education and HumanDev,3.63,11,2,2,2,5,0,0,0,0,0,0
2025 Fall,EDIS,5428,ESL Methods PreK-12,045531,"Salerno,April",500,16987,School of Education and HumanDev,3.86,18,0,16,1,0,0,0,0,0,1,0
2025 Fall,CHEM,1411,Intro College Chem I Lab,005986,"Morkowchuk,Lisa",012,11470,College & Graduate Arts & Sci,3.73,24,9,10,2,0,0,1,0,0,2,0
2025 Fall,EDIS,5025,"Curric, Instruct & Assessment",044060,"Baran,John",501,16978,School of Education and HumanDev,3.87,22,0,17,3,1,0,1,0,0,0,0
2025 Fall,LAW,9007,An American Half-Century,022323,"Setear,John K",1,18965,School of Law,3.58,16,0,3,6,7,0,0,0,0,0,0
2025 Fall,PLCP,4200,Comparative Legislatures,031705,"Mershon,Carol",001,13076,College & Graduate Arts & Sci,3.88,15,0,9,6,0,0,0,0,0,0,0
2025 Fall,GETR,3390,Nazi Germany,015971,"Achilles,Manuela",100,13077,College & Graduate Arts & Sci,3.66,14,0,2,9,3,0,0,0,0,0,0
2025 Fall,DRAM,2620,Sound Design,007233,"Rasbury,Michael",001,12297,College & Graduate Arts & Sci,3.92,12,1,9,1,1,0,0,0,0,0,0
2025 Fall,EDIS,5060,Math Instruction Special Ed,009429,"Morano,Stephanie",500,16981,School of Education and HumanDev,3.74,14,5,5,2,1,0,0,0,0,1,0
2025 Fall,EDHS,8772,Psychotherapy II,045975,"Yoder,Matthew",001,16943,School of Education and HumanDev,3.88,5,0,3,2,0,0,0,0,0,0,0
2025 Fall,NUCO,2210,Foundations of Nursing CARE,043099,"Campbell,Cathy",003,17389,School of Nursing,3.94,31,0,25,6,0,0,0,0,0,0,0
2025 Fall,EDHS,2240,Substance Abuse,009090,"Pleszkoch,Elisabeth",001,16488,School of Education and HumanDev,3.74,14,0,8,3,1,2,0,0,0,0,0
2025 Fall,ANTH,3589,Topics in Archaeology,041142,"Wattenmaker,Patricia",001,19437,College & Graduate Arts & Sci,3.62,25,0,9,5,10,1,0,0,0,0,0
2025 Fall,CS,4774,Machine Learning,045513,"Qi,Yanjun",001,15429,Engineering & Applied Science,3.80,68,5,34,19,7,2,1,0,0,0,0
2025 Fall,EDHS,3895,Peer Counseling,043205,"Mason,Michael",001,16640,School of Education and HumanDev,3.93,16,1,11,4,0,0,0,0,0,0,0
2025 Fall,CS,3120,Discrete Math and Theory 2,046229,"Pettit,Raymond",002,16163,Engineering & Applied Science,2.82,127,2,19,20,20,15,13,10,8,4,16
2025 Fall,DS,6001,Data Eng I: Data Pipeline Arch,043301,"Kropko,Jonathan",001,19711,School of Data Science,3.92,44,9,27,6,1,1,0,0,0,0,0
2025 Fall,NESC,4030,The Study of Neuroscience,048112,"Lewis,Gwendolyn",101,20470,College & Graduate Arts & Sci,3.65,11,2,2,4,1,2,0,0,0,0,0
2025 Fall,ENGR,1010,Engineering Foundations 1,046987,"Serrano,David Gutierrez",014,15975,Engineering & Applied Science,3.86,35,0,27,5,2,0,0,0,1,0,0
2025 Fall,PSYC,2150,Introduction to Cognition,032487,"Golino,Mariana",001,12107,College & Graduate Arts & Sci,3.51,194,2,42,95,22,12,6,7,4,2,2
2025 Fall,PSYC,4100,Neuro of Emotion/Motivation,046687,"Williams,Cedric",001,13101,College & Graduate Arts & Sci,3.14,29,2,4,5,4,6,1,2,5,0,0
2025 Fall,ECE,6501,Topics: Elect & Computer Engr,007731,"Yang,Xiaoxuan",006,19813,Engineering & Applied Science,3.95,17,6,8,3,0,0,0,0,0,0,0
2025 Fall,EDHS,2250,Stress and Anxiety Management,044538,"Framel,Courtney",001,16735,School of Education and HumanDev,3.97,58,0,55,1,2,0,0,0,0,0,0
2025 Fall,PSYC,7559,New Course: PSYC,040938,"MacCormack,Jennifer",002,19361,College & Graduate Arts & Sci,4.00,9,7,2,0,0,0,0,0,0,0,0
2025 Fall,PSYC,3100,Neuroscience of Behavior,045500,"Williams,Cedric",001,13098,College & Graduate Arts & Sci,2.68,92,7,12,6,7,11,10,4,26,0,9
2025 Fall,NESC,4265,Developmental Neurobiology,045480,"Liu,Xiaorong",001,13514,College & Graduate Arts & Sci,3.75,38,13,17,0,2,3,1,1,1,0,0
2025 Fall,EGMT,1540,Ethical Engagement,044515,"McGrady,Deborah Lynn",206,12596,College & Graduate Arts & Sci,3.90,34,0,31,1,0,0,1,1,0,0,0
2025 Fall,CHEM,1411,Intro College Chem I Lab,005986,"Morkowchuk,Lisa",068,12133,College & Graduate Arts & Sci,3.70,24,7,9,6,0,0,1,0,0,0,1
2025 Fall,NUCO,4210,Public Health Nursing,043229,"Hall,Katherine Marie",001,17399,School of Nursing,3.98,67,19,44,4,0,0,0,0,0,0,0
2025 Fall,ENGL,3275,History of Drama I,012157,"Parker,John",001,19661,College & Graduate Arts & Sci,3.90,22,0,17,3,2,0,0,0,0,0,0
2025 Fall,CHEM,1411,Intro College Chem I Lab,005986,"Morkowchuk,Lisa",024,10535,College & Graduate Arts & Sci,3.68,24,11,6,4,1,0,0,1,0,0,1
2025 Fall,MAE,4501,Spec Topics in Mechanical Engr,022609,"Rockwell,Robert",003,20190,Engineering & Applied Science,3.99,22,13,8,1,0,0,0,0,0,0,0
2025 Fall,STS,2600,Engineering Ethics,046988,"Pappas,Jesse",008,16017,Engineering & Applied Science,3.91,30,0,24,4,2,0,0,0,0,0,0
2025 Fall,ENGL,3560,Studies in Mod & Contemp Lit,039235,"Rody,Caroline",001,19643,College & Graduate Arts & Sci,3.72,20,2,11,3,1,1,1,1,0,0,0
2025 Fall,EGMT,1540,Ethical Engagement,044515,"Jenkins,Sarah Tucker",111,12593,College & Graduate Arts & Sci,3.94,30,21,6,1,2,0,0,0,0,0,0
2025 Fall,ENWR,3740,Blk Women's Writing & Rhetoric,045906,"Carey,Tamika",001,19327,College & Graduate Arts & Sci,3.52,16,0,6,8,0,0,1,0,0,0,1
2025 Fall,GNUR,6054,Rsch & Biostats Proc Hlth Care,016931,"Richardson,Ginger",004,17560,School of Nursing,3.96,59,0,51,8,0,0,0,0,0,0,0
2025 Fall,SOC,4510,Topics in Sociology of Work,035485,"Sarioglu,Esra",001,19888,College & Graduate Arts & Sci,3.88,20,2,12,5,0,1,0,0,0,0,0
2025 Fall,CS,1112,Introduction to Programming,007058,"Basit,Nada",002,15907,Engineering & Applied Science,3.96,83,44,32,4,2,1,0,0,0,0,0
2025 Fall,ENGL,2527,Shakespeare,012510,"Maus,Katharine",001,19647,College & Graduate Arts & Sci,3.41,17,0,2,6,5,3,0,1,0,0,0
2025 Fall,ARTS,2610,Drawing I,002836,"Torres,Roberto",002,12344,College & Graduate Arts & Sci,3.69,15,0,9,3,1,1,0,0,1,0,0
2025 Fall,EDHS,4050,Introduction to Audiology,044392,"Halinski,Margaret",001,16737,School of Education and HumanDev,3.85,37,0,31,3,0,1,1,0,0,1,0
2025 Fall,CGBM,2710,Making Financial Decisions,047004,"Murphy,Larry",004,20297,McIntire School of Commerce,3.45,54,0,3,27,14,6,3,1,0,0,0
2025 Fall,EDLF,5330,Quan Methods & Data Analysis I,009718,"Bartanen,Brendan",001,16508,School of Education and HumanDev,3.39,29,5,4,10,1,3,2,0,3,1,0
2025 Fall,EDLF,7404,Qualitative Analysis,009730,"Heinecke,Walter",001,16509,School of Education and HumanDev,3.82,13,1,10,1,0,0,0,0,1,0,0
2025 Fall,ECON,3010,Intermediate Microeconomics,007908,"Troyan,Peter",100,14124,College & Graduate Arts & Sci,2.98,101,23,21,6,3,15,7,3,3,6,14
2025 Fall,GNUR,6315,AGAC Seminar II,017000,"Lester,Elizabeth Renee",001,17452,School of Nursing,4.00,16,3,13,0,0,0,0,0,0,0,0
2025 Fall,DS,6001,Data Eng I: Data Pipeline Arch,043301,"Kropko,Jonathan",002,19712,School of Data Science,3.94,47,34,9,2,1,0,1,0,0,0,0
2025 Fall,ARAB,1010,Elementary Arabic I,001279,"Maanaki,Bilal",004,11171,College & Graduate Arts & Sci,3.39,18,0,8,4,2,1,1,0,1,0,1
2025 Fall,CS,4770,Natural Language Processing,048131,"Meng,Yu",001,20519,Engineering & Applied Science,3.86,77,19,45,4,4,4,0,0,0,0,1
2025 Fall,PLAD,2500,Special Topics,040272,"Leblang,David",001,19498,College & Graduate Arts & Sci,3.37,226,16,47,57,44,22,19,10,1,5,5
2025 Fall,DS,6002,Ethics of Big Data I,043459,"Cummings,Lauren Rene",001,20648,School of Data Science,3.99,54,40,13,1,0,0,0,0,0,0,0
2025 Fall,EDLF,3160,Intro to Educ Psychology,009661,"Rimm-Kaufman,Sara",001,16506,School of Education and HumanDev,3.49,15,1,7,3,1,2,0,0,0,0,1
2025 Fall,SOC,2442,Systems of Inequality,040429,"O'Loughlin,Johanna Carmen",002,19890,College & Graduate Arts & Sci,3.82,34,1,20,8,4,1,0,0,0,0,0
2025 Fall,PLAN,5740,Transportation Planning&Policy,031367,"Ohlms,Peter B",001,17715,School of Architecture,3.96,14,1,11,2,0,0,0,0,0,0,0
2025 Fall,NESC,4030,The Study of Neuroscience,048112,"Lewis,Gwendolyn",104,20473,College & Graduate Arts & Sci,3.58,11,1,4,4,1,0,0,0,0,0,1
2025 Fall,COMM,4821,Sustainable Commerce,006701,"White,Mark",001,20460,McIntire School of Commerce,3.69,32,0,15,8,5,4,0,0,0,0,0
2025 Fall,EDIS,5000,The Exceptional Learner,009423,"Cook,Bryan",500,16975,School of Education and HumanDev,3.88,23,6,14,0,1,2,0,0,0,0,0
2025 Fall,CHEM,1411,Intro College Chem I Lab,005986,"Morkowchuk,Lisa",019,10530,College & Graduate Arts & Sci,3.77,23,7,6,7,1,0,2,0,0,0,0
2025 Fall,ENGL,4540,Seminar in 19th-C Literature,012787,"Fraiman,Susan",001,19639,College & Graduate Arts & Sci,3.76,17,2,8,2,5,0,0,0,0,0,0
2025 Fall,SATR,3040,Poetry of Love and Devotion,048018,"Farooqi,Mehr",001,20324,College & Graduate Arts & Sci,3.96,14,8,4,2,0,0,0,0,0,0,0
2025 Fall,DRAM,1020,Speaking in Public,007178,"Wales,Jennifer",001,11518,College & Graduate Arts & Sci,3.96,16,0,14,2,0,0,0,0,0,0,0
2025 Fall,EDLF,3150,Intro Chld Growth & Developmnt,009660,"Sweeney,Beverly",001,16505,School of Education and HumanDev,3.88,37,1,30,2,2,1,1,0,0,0,0
2025 Fall,DS,6050,ML III: Deep Learning,046347,"Shakeri,Heman",001,20651,School of Data Science,3.49,50,5,19,8,11,3,1,0,0,0,3
2025 Fall,KINE,5250,Kine Child Severe Disabilities,009237,"Block,Martin",001,20277,School of Education and HumanDev,4.00,12,10,2,0,0,0,0,0,0,0,0
2025 Fall,EGMT,1520,Empirical Engagement,044513,"Morse,Jennifer Leigh",218,13164,College & Graduate Arts & Sci,3.97,35,16,16,3,0,0,0,0,0,0,0
2025 Fall,CHEM,1410,Intro College Chemistry I,005649,"Personick,Michelle",200,12367,College & Graduate Arts & Sci,3.40,325,2,88,93,51,54,11,7,8,4,7
2025 Fall,COMM,4522,Topics in BA,046287,"Li,Jingjing",003,20283,McIntire School of Commerce,3.82,32,0,17,12,3,0,0,0,0,0,0
2025 Fall,EGMT,1540,Ethical Engagement,044515,"Krakani,Bernice",127,20682,College & Graduate Arts & Sci,3.94,29,0,25,3,1,0,0,0,0,0,0
2025 Fall,MSE,3050,Thermodymanics of Materials,024405,"Zhigilei,Leonid",001,15584,Engineering & Applied Science,3.17,39,1,8,7,8,1,6,4,1,3,0
2025 Fall,EGMT,1510,Engaging Aesthetics,044512,"Flood,Elizabeth Jean Sapir",226,19826,College & Graduate Arts & Sci,3.90,30,0,27,1,1,0,0,0,1,0,0
2025 Fall,EDLF,3700,Quant Tools for Rsch & Dcn-Mk,048063,"Bellows,Laura",001,20298,School of Education and HumanDev,3.80,13,7,2,2,1,0,1,0,0,0,0
2025 Fall,STS,4600,Engr Ethcs Prof Responsibility,036750,"Norton,Peter",002,15785,Engineering & Applied Science,3.46,30,1,10,6,2,7,2,2,0,0,0
2025 Fall,CASS,1010,Miller Arts Scholars Seminar,041612,"Rasbury,Michael",001,11064,College & Graduate Arts & Sci,3.83,16,0,8,7,1,0,0,0,0,0,0
2025 Fall,NUCO,2210,Foundations of Nursing CARE,043099,"Jones,Randy",001,17387,School of Nursing,3.87,30,0,20,8,2,0,0,0,0,0,0
2025 Fall,KINE,4400,Nutrition & the Athlete,044197,"Bird,Randy",001,16711,School of Education and HumanDev,3.58,47,4,16,9,10,6,0,0,2,0,0
2025 Fall,LAR,6010,Foundation Studio I,020950,"Seibert,Matthew",001,17587,School of Architecture,3.13,20,0,2,4,6,4,3,0,0,0,1
2025 Fall,EDIS,7025,Teachers as Leaders,044865,"Wheelock,Matthew",500,16994,School of Education and HumanDev,3.84,15,5,7,0,2,1,0,0,0,0,0
2025 Fall,EDLF,6020,Diversity in Higher Ed,009767,"Garibay,Juan C",001,19917,School of Education and HumanDev,3.37,21,2,6,7,3,0,0,0,1,0,2
2025 Fall,PHIL,2060,Phil Problems in Law,030052,"Adams,Nate",100,13088,College & Graduate Arts & Sci,3.77,177,6,85,56,23,7,0,0,0,0,0
2025 Fall,EDIS,4100,Char of Ind w/Emot & Behav Dis,044942,"Wallace,Olivia Layne",500,16972,School of Education and HumanDev,3.98,29,24,4,0,1,0,0,0,0,0,0
2025 Fall,STS,4500,STS and Engineering Practice,036749,"Francisco,Pedro",004,15579,Engineering & Applied Science,3.98,31,24,6,0,1,0,0,0,0,0,0
2025 Fall,NURS,1010,Nursing First Year Seminar,045508,"Carroll,Theresa",001,17443,School of Nursing,3.98,19,11,7,1,0,0,0,0,0,0,0
2025 Fall,CHEM,1411,Intro College Chem I Lab,005986,"Morkowchuk,Lisa",070,12135,College & Graduate Arts & Sci,3.73,24,8,8,6,0,0,1,0,0,0,1
2025 Fall,FREN,4875,Global Paris,048069,"Horne,Janet",001,20330,College & Graduate Arts & Sci,3.94,19,2,13,4,0,0,0,0,0,0,0
2025 Fall,LAW,7200,Trade Secret Law,046771,"Rowe,Elizabeth Ann",1,20742,School of Law,3.51,41,0,10,12,9,9,1,0,0,0,0
2025 Fall,LAW,7021,Courts,021807,"Law,David S.",1,20733,School of Law,3.55,14,0,1,7,6,0,0,0,0,0,0
2025 Fall,LAW,7622,Adv Top in Trd Secret Law (SC),040029,"Rowe,Elizabeth Ann",1,20721,School of Law,3.59,7,0,0,5,2,0,0,0,0,0,0
2025 Fall,LAW,7047,Trademark Law,021821,"Rowe,Elizabeth Ann",1,20736,School of Law,3.48,38,0,9,10,10,7,2,0,0,0,0
2025 Fall,LAW,7099,Nev v Del:New Mkt for Corp Law,047426,"Barzuza,Michal",1,20739,School of Law,3.52,11,0,0,6,5,0,0,0,0,0,0
2025 Fall,LAW,7011,Comparative Constitutional Law,021624,"Law,David S.",1,20727,School of Law,3.59,17,0,3,8,5,1,0,0,0,0,0
2025 Fall,JPTR,3601,Transnational Japanese,047168,"Yasuda,Anri",001,20622,College & Graduate Arts & Sci,3.84,18,0,11,5,2,0,0,0,0,0,0
2025 Fall,LPPS,4730,Impact Investing,042311,"Fife,Edward Alexander",001,20449,Batten Leadership & Public Pol,3.64,26,0,7,12,4,3,0,0,0,0,0
2025 Fall,ECON,4400,Topics in Economic History,007974,"Thomas,Mark",001,12998,College & Graduate Arts & Sci,3.54,17,0,2,8,5,2,0,0,0,0,0
2025 Fall,EDIS,2800,P-12 Educational Contexts,045916,"Reist,Kayla",002,16923,School of Education and HumanDev,3.97,22,0,20,2,0,0,0,0,0,0,0
2025 Fall,GCOM,7030,Financial Accounting,038176,"Koch,Adam S",001,17884,McIntire School of Commerce,3.46,64,1,19,8,14,20,2,0,0,0,0
2025 Fall,GCNL,5110,Adults & Older Adults,015372,"Bragg,Sharon R.",001,17311,School of Nursing,3.98,60,0,56,4,0,0,0,0,0,0,0
2025 Fall,CHEM,2410,Organic Chemistry I,005698,"Heyboer,Ethan",800,13910,College & Graduate Arts & Sci,3.03,148,26,25,16,19,12,12,9,10,5,14
2025 Fall,EDLF,3470,Hip-Hop Education,044385,"Alridge,Derrick",001,19995,School of Education and HumanDev,3.88,16,0,13,1,1,1,0,0,0,0,0
2025 Fall,ECE,2300,Applied Circuits,046962,"Barnes,Adam",002,20267,Engineering & Applied Science,3.74,50,8,24,9,3,3,0,2,1,0,0
2025 Fall,BIOL,4840,BS Capstone Biology,048019,"Manson,Jessamyn",001,20252,College & Graduate Arts & Sci,3.96,16,2,12,2,0,0,0,0,0,0,0
2025 Fall,LAW,9303,Nonprofit Orgs: P&P,044843,"Clark,Polly A",1,18985,School of Law,3.48,13,0,0,6,7,0,0,0,0,0,0
2025 Fall,PLCP,3330,Politics of Latin America,044401,"Wellbeloved,Elizabeth A.",501,19080,College & Graduate Arts & Sci,3.97,10,6,3,1,0,0,0,0,0,0,0
2025 Fall,ENGR,1410,Synthesis Design I,012396,"Bailey,Reid",001,16321,Engineering & Applied Science,3.79,23,1,10,9,3,0,0,0,0,0,0
2025 Fall,PLIR,8500,Special Topics in Internationa,041841,"Owen,John",001,19894,College & Graduate Arts & Sci,3.86,7,0,5,1,1,0,0,0,0,0,0
2025 Fall,PSHM,3010,Intro to Healthcare Mgmnt,043305,"Erath,Mark",101,20937,Continuing & Prof Studies,3.25,20,11,4,0,0,0,1,1,0,0,3
2025 Fall,LAW,7176,Intro to American Law for LLMs,045604,"Rosenberg,Ronald H.",1,18793,School of Law,3.34,16,0,3,1,6,6,0,0,0,0,0
2025 Fall,CS,6111,Cloud Computing,045684,"Shen,Haiying",001,19605,Engineering & Applied Science,3.65,24,4,10,3,4,2,0,0,0,0,1
2025 Fall,CS,6501,Spec Top: Computer Science,006981,"Heydarian,Arsalan",008,19607,Engineering & Applied Science,3.91,7,2,3,2,0,0,0,0,0,0,0
2025 Fall,ALAR,8010,Research Studio 1,042199,"Putalik,Erin Sullivan",011,17706,School of Architecture,3.62,12,0,5,3,1,3,0,0,0,0,0
2025 Fall,EDIS,5851,Content Seminar Elem Lang Arts,045882,"Paulick,Judith",001,16921,School of Education and HumanDev,3.98,14,2,11,1,0,0,0,0,0,0,0
2025 Fall,PLAD,7100,Politic Rsch Quantitat Methods,031232,"Winter,Nicholas",100,13884,College & Graduate Arts & Sci,3.81,13,0,6,6,1,0,0,0,0,0,0
2025 Fall,ASL,3559,New Course: ASL,038554,"Moriarty,Erin",001,19392,College & Graduate Arts & Sci,3.91,15,8,4,2,1,0,0,0,0,0,0
2025 Fall,EVSC,2559,New Course: EVSC,039167,"Heffernan,Elise",001,20554,College & Graduate Arts & Sci,3.92,16,4,11,0,0,0,1,0,0,0,0
2025 Fall,GCOM,7020,Strategic Cost Management,015390,"Roberts,Andrea A",001,17883,McIntire School of Commerce,3.63,64,0,15,30,14,5,0,0,0,0,0
2025 Fall,CHEM,5210,Advanced Physical Chemistry I,005773,"Lehmann,Kevin",001,19087,College & Graduate Arts & Sci,3.90,9,2,4,3,0,0,0,0,0,0,0
2025 Fall,SPAN,4700,Spanish Culture & Civilization,035932,"Wellbeloved,Elizabeth A.",501,19107,College & Graduate Arts & Sci,3.81,10,2,3,4,1,0,0,0,0,0,0
2025 Fall,ENWR,1510,Writing and Critical Inquiry,013432,...,065,12819,College & Graduate Arts & Sci,3.93,18,0,14,4,0,0,0,0,0,0,0
2025 Fall,SPAN,4040,Translation Spanish to English,035927,"Prados,Nieves Garcia",007,20443,College & Graduate Arts & Sci,3.89,18,2,12,3,0,1,0,0,0,0,0
2025 Fall,ECON,8150,Economics of Labor Markets,008055,"Harrington,Emma",001,12999,College & Graduate Arts & Sci,3.91,8,3,4,0,1,0,0,0,0,0,0
2025 Fall,ECE,3660,Microelectronic Circuits,007676,"Bowers,Steven",001,16243,Engineering & Applied Science,3.65,45,4,19,10,5,5,0,0,1,1,0
2025 Fall,ENCW,2300,Poetry Writing,013450,...,005,13932,College & Graduate Arts & Sci,3.80,15,0,5,10,0,0,0,0,0,0,0
2025 Fall,ENGR,1010,Engineering Foundations 1,046987,"Goldschneider,Benjamin",004,15965,Engineering & Applied Science,3.85,35,0,28,2,3,0,2,0,0,0,0
2025 Fall,CELL,5950,Jrnl Survey in Cell & Dev Biol,005250,"Dwyer,Noelle",001,18430,Medical School - BIMS/PHS,3.96,23,14,7,1,1,0,0,0,0,0,0
2025 Fall,ARTH,2053,Greek Art and Archaeology,002453,"Kreindler,Kate",100,19330,College & Graduate Arts & Sci,3.61,53,2,22,18,5,1,1,0,1,1,2
2025 Fall,MEST,3270,History & Culture of Near East,048102,"Richardson,Kristina",001,20326,College & Graduate Arts & Sci,3.85,27,8,18,0,0,0,0,0,0,0,1
2025 Fall,KINE,5430,Advanced Exercise Physiology,009219,"Angadi,Siddhartha",001,16525,School of Education and HumanDev,2.98,10,0,0,1,2,2,5,0,0,0,0
2025 Fall,PHS,7000,Intro Biostat,030364,"Ghosal,Soutik",002,18652,Medical School - BIMS/PHS,3.90,6,1,3,2,0,0,0,0,0,0,0
2025 Fall,CS,3120,Discrete Math and Theory 2,046229,"Floryan,Mark",001,15961,Engineering & Applied Science,3.30,144,4,46,27,16,20,9,6,6,4,6
2025 Fall,EDHS,4810,Personal Adjustment,009132,"Rambo,Tim",001,16636,School of Education and HumanDev,4.00,18,13,5,0,0,0,0,0,0,0,0
2025 Fall,ECE,6230,Optical & Quantum Electronics,048130,"Yi,Xu",001,20515,Engineering & Applied Science,3.94,15,3,9,3,0,0,0,0,0,0,0
2025 Fall,SPAN,3300,Texts and Interpretation,035904,"Prados,Nieves Garcia",008,20442,College & Graduate Arts & Sci,3.98,18,2,15,1,0,0,0,0,0,0,0
2025 Fall,EDLF,5410,Strat in Higher Ed & Athletics,044393,"Leffers,Robert",500,19998,School of Education and HumanDev,3.40,27,0,11,7,3,1,3,0,0,0,2
2025 Fall,EGMT,1510,Engaging Aesthetics,044512,"Patel,Geeta H",128,20632,College & Graduate Arts & Sci,4.00,28,12,16,0,0,0,0,0,0,0,0
2025 Fall,ENGR,1010,Engineering Foundations 1,046987,"Tian,Jianghong",001,15962,Engineering & Applied Science,3.88,39,0,35,1,0,2,0,0,0,1,0
2025 Fall,GCOM,7060,Financial Management,038177,"Gamrat,Gretchen",001,17887,McIntire School of Commerce,3.48,64,0,13,20,18,8,5,0,0,0,0
2025 Fall,MSE,4592,Spec Tops: Materials Science,037755,"Fitz-Gerald,James M",002,15776,Engineering & Applied Science,4.00,11,2,9,0,0,0,0,0,0,0,0
2025 Fall,MAE,4790,AE Design I,047356,"Goyne,Chris",001,16279,Engineering & Applied Science,3.95,78,44,20,14,0,0,0,0,0,0,0
2025 Fall,MAE,3230,Thermal Fluids Laboratory,045222,"Griffiths,Peter",002,16252,Engineering & Applied Science,3.89,98,26,54,10,1,7,0,0,0,0,0
2025 Fall,ENGR,1010,Engineering Foundations 1,046987,"Williams,Shaylin",008,15969,Engineering & Applied Science,3.95,40,0,36,3,0,0,1,0,0,0,0
2025 Fall,EDHS,8350,SC Leadership & Consultation,044326,"Taylor,Julia",001,16866,School of Education and HumanDev,3.99,21,17,3,1,0,0,0,0,0,0,0
2025 Fall,CS,4501,Spec Top: Computer Science,006942,"Evans,David",005,20315,Engineering & Applied Science,3.99,27,1,25,1,0,0,0,0,0,0,0
2025 Fall,COMM,4263,Cybersecurity as Business Risk,045369,"Lewis,Bryan",001,17934,McIntire School of Commerce,3.59,26,1,4,13,5,2,1,0,0,0,0
2025 Fall,EDLF,7403,Survey Design & Inst Construct,009729,"Soland,Jim",001,16917,School of Education and HumanDev,3.81,30,0,12,17,1,0,0,0,0,0,0
2025 Fall,EDIS,5422,Cross-Cultural Education,043455,"Ford,Karen",500,16985,School of Education and HumanDev,3.94,21,0,17,4,0,0,0,0,0,0,0
2025 Fall,GCNL,5180,Synthesis Practicum,015379,"Simmers,Christian",001,17335,School of Nursing,3.94,39,18,20,0,0,0,0,0,0,1,0
2025 Fall,BME,4550,Spec Topics: Biomedical Engr,004090,"Chen,David",002,16267,Engineering & Applied Science,3.92,12,2,8,1,1,0,0,0,0,0,0
2025 Fall,LAW,7667,Glbl Transact: K Drafting (SC),041316,"Sion,Gilles",1,20668,School of Law,3.51,8,0,2,3,1,1,1,0,0,0,0
2025 Fall,HISA,1501,Introductory Sem: South Asia,018916,"Guha,Sumit",001,19394,College & Graduate Arts & Sci,3.98,13,3,9,1,0,0,0,0,0,0,0
2025 Fall,ASL,1010,Elem Amer Sign Language I,002999,"Slusser,Miranda",003,19410,College & Graduate Arts & Sci,3.42,18,2,4,4,5,1,0,1,0,0,1
2025 Fall,ECE,6642,Optoelectronic Devices,007720,"Campbell,Joe",001,16287,Engineering & Applied Science,3.70,10,2,3,2,2,1,0,0,0,0,0
2025 Fall,LAW,6106,Federal Income Tax,021658,"Yale,Ethan",1,18721,School of Law,3.54,39,0,10,17,5,3,2,1,1,0,0
2025 Fall,GBAC,7204,Marketing Analytics,045276,"Howard,Ray Charles",001,18020,McIntire Darden Grad Business,3.37,45,2,4,9,22,6,1,0,0,0,1
2025 Fall,HIEU,3390,Nazi Germany,041962,"Achilles,Manuela",100,12973,College & Graduate Arts & Sci,3.56,43,0,13,19,6,2,1,1,0,0,1
2025 Fall,ENGR,1010,Engineering Foundations 1,046987,"Tian,Jianghong",002,15963,Engineering & Applied Science,3.72,38,0,28,4,1,2,1,0,0,1,1
2025 Fall,ENGR,1010,Engineering Foundations 1,046987,"Goldschneider,Benjamin",003,15964,Engineering & Applied Science,3.82,38,0,31,4,1,0,0,1,0,0,1
2025 Fall,MAE,6360,Gas Dynamics,022665,"Ward,Thomas",600,16277,Engineering & Applied Science,3.88,5,0,3,2,0,0,0,0,0,0,0
2025 Fall,STS,4500,STS and Engineering Practice,036749,"Earle,Joshua",015,15271,Engineering & Applied Science,3.57,30,0,24,0,0,1,0,0,4,0,1
2025 Fall,COMM,2003,Found. of Information Systems,048085,"Kerpelman,Adam John",001,20387,McIntire School of Commerce,3.49,62,0,9,28,15,5,3,1,1,0,0
2025 Fall,COMM,4660,Mgmt Consulting & Advisory Svc,006529,"Seaborn,Paul",001,17933,McIntire School of Commerce,3.39,37,0,5,13,12,4,0,0,2,1,0
2025 Fall,COMM,4643,Adv Business Speaking,006544,"Pentz,Marcia",001,17935,McIntire School of Commerce,3.93,30,2,22,5,1,0,0,0,0,0,0
2025 Fall,ARCH,1020,Lessons in Making,001472,"Iliescu,Sanda",100,17611,School of Architecture,3.78,104,17,53,16,9,7,1,0,0,0,1
2025 Fall,BME,4390,Bioreaction Kinetics,047032,"Fallahi-Sichani,Mohammad",001,16250,Engineering & Applied Science,3.98,39,3,33,3,0,0,0,0,0,0,0
2025 Fall,RELI,2070,Classical Islam,034423,"Andruss,Jessica",001,12981,College & Graduate Arts & Sci,3.50,23,0,7,8,3,2,1,1,1,0,0
2025 Fall,EDIS,5138,Advanced Topics in ABA,046007,"Ingvarsson,Einar",500,17029,School of Education and HumanDev,3.93,14,2,10,1,1,0,0,0,0,0,0
2025 Fall,GSGS,3117,Dynamics of Great Power,047289,"Safdar,Muhammad Tayyab",001,13887,College & Graduate Arts & Sci,3.83,19,0,8,11,0,0,0,0,0,0,0
2025 Fall,EDIS,2800,P-12 Educational Contexts,045916,"Youngs,Peter",001,16922,School of Education and HumanDev,4.00,20,2,18,0,0,0,0,0,0,0,0
2025 Fall,ECE,2410,Intro to Machine Learning,046964,"Hassanzadeh,Farzad",001,16242,Engineering & Applied Science,3.78,46,0,29,8,4,5,0,0,0,0,0
2025 Fall,EDIS,3020,The Exceptional Learner,009391,"Therrien,William",503,17126,School of Education and HumanDev,3.86,30,18,8,2,1,0,0,0,0,0,1
2025 Fall,ENGR,1010,Engineering Foundations 1,046987,"Williams,Shaylin",009,15970,Engineering & Applied Science,3.91,27,0,24,1,1,0,1,0,0,0,0
2025 Fall,LATI,3010,Plautus,021143,"Kuin,Inger Neeltje Irene",1,19244,College & Graduate Arts & Sci,3.79,14,2,5,5,2,0,0,0,0,0,0
2025 Fall,ECON,4310,Economics of the Public Sector,007965,"Lockwood,Lee",099,12992,College & Graduate Arts & Sci,3.32,81,5,18,10,18,17,6,4,2,0,1
2025 Fall,KINE,3210,Kines Individuals Disabilities,009099,"Fines,Abby",001,16522,School of Education and HumanDev,3.91,32,0,25,5,2,0,0,0,0,0,0
2025 Fall,COMM,3200,Project & Product Management,006498,"Schuff,David",001,17906,McIntire School of Commerce,3.83,39,0,19,19,0,1,0,0,0,0,0
2025 Fall,COMM,3010,Strategy and Systems,006453,"Nelson,Russell R",002,17845,McIntire School of Commerce,3.52,50,1,10,13,19,7,0,0,0,0,0
2025 Fall,BIOL,3559,New Course: BIOL,038576,"Gibson,Amanda",001,19261,College & Graduate Arts & Sci,3.96,21,11,7,3,0,0,0,0,0,0,0
2025 Fall,NUIP,4200,Pathophysiology for Nurses,029460,"Hall,Katherine Marie",001,17539,School of Nursing,3.83,21,9,7,3,0,1,0,1,0,0,0
2025 Fall,DS,2002,Data Science Systems,046059,"Tupitza,Jon",002,14384,School of Data Science,3.92,65,17,37,8,1,1,1,0,0,0,0
2025 Fall,LAW,7730,"Lawyers,Clerks,Jud Dcisionmkng",043271,"Crown,Nicholas S.",1,20577,School of Law,3.63,12,0,4,3,5,0,0,0,0,0,0
2025 Fall,BIOL,4018,Microbial Genome Sequencing,046685,"Wu,Martin",001,19254,College & Graduate Arts & Sci,3.82,15,0,6,9,0,0,0,0,0,0,0
2025 Fall,FREN,3035,Business French,043755,"Simotas,Spyridon",001,19268,College & Graduate Arts & Sci,3.55,17,0,10,2,0,2,1,1,1,0,0
2025 Fall,MATH,2310,Calculus III,023024,"Dimou,Evangelos",500,19583,College & Graduate Arts & Sci,2.96,37,2,7,5,4,5,2,2,7,0,3
2025 Fall,MATH,1310,Calculus I,022953,"James,Daniel",800,13752,College & Graduate Arts & Sci,3.52,25,1,12,3,5,1,2,0,0,0,1
2025 Fall,STS,2600,Engineering Ethics,046988,"Webb-Destefano,Kathryn Elizabeth",013,16299,Engineering & Applied Science,3.98,29,0,27,2,0,0,0,0,0,0,0
2025 Fall,APMA,3501,Spec Topics in APMA,040943,"Ryals,Megan",001,15275,Engineering & Applied Science,3.90,27,8,14,3,1,1,0,0,0,0,0
2025 Fall,MDST,3388,Friday Night Lights,047293,"Clay,Anna",001,13891,College & Graduate Arts & Sci,4.00,21,5,16,0,0,0,0,0,0,0,0
2025 Fall,EGMT,1520,Empirical Engagement,044513,"Cantor-Echols,David",121,19403,College & Graduate Arts & Sci,4.00,32,13,19,0,0,0,0,0,0,0,0
2025 Fall,EDIS,4110,Char of Ind w/Lrn Disablities,044943,"Wallace,Olivia Layne",500,16973,School of Education and HumanDev,3.91,26,20,3,1,1,0,1,0,0,0,0
2025 Fall,CS,3240,Software Engineering,006903,"Stone,Derrick",002,15792,Engineering & Applied Science,3.78,145,0,87,39,11,3,2,1,0,2,0
2025 Fall,DS,2023,Design I: Communicating w Data,047262,"Alvarado,Rafael",001,19700,School of Data Science,3.86,64,6,42,10,3,2,0,1,0,0,0
2025 Fall,AAS,3310,"Environ. Justice, Mid-Atlantic",047900,"Fields,Kimberly",001,19847,College & Graduate Arts & Sci,3.63,20,0,5,10,3,1,1,0,0,0,0
2025 Fall,LAW,8656,Applied Trial Evidence,022217,"Cleary,Mary M.",1,20655,School of Law,3.62,6,0,2,2,1,1,0,0,0,0,0
2025 Fall,RELG,3300,"Religion, Cult & Body",048172,"Cassaniti,Julia",001,20659,College & Graduate Arts & Sci,3.78,17,0,7,8,2,0,0,0,0,0,0
2025 Fall,STS,4500,STS and Engineering Practice,036749,"Laugelli,Benjamin",021,15456,Engineering & Applied Science,3.92,30,6,17,6,1,0,0,0,0,0,0
2025 Fall,EDIS,5820,Assessment Of and For Learning,045053,"Pease,Jennifer",001,16780,School of Education and HumanDev,3.92,22,0,20,0,1,1,0,0,0,0,0
2025 Fall,EDLF,2080,Fundamentals of Statistics,044842,"Hull,Michael",001,16772,School of Education and HumanDev,3.70,49,18,9,9,9,1,2,0,0,1,0
2025 Fall,HIME,3501,Introductory History Wkshp,046701,"Unlu,Resat Baris",001,20530,College & Graduate Arts & Sci,4.00,18,5,13,0,0,0,0,0,0,0,0
2025 Fall,CGBM,2710,Making Financial Decisions,047004,"Murphy,Larry",003,20296,McIntire School of Commerce,3.58,54,0,14,24,8,5,1,1,1,0,0
2025 Fall,CHEM,1411,Intro College Chem I Lab,005986,"Morkowchuk,Lisa",036,11160,College & Graduate Arts & Sci,3.87,24,6,12,4,1,0,1,0,0,0,0
2025 Fall,CS,3100,Data Structures and Algo 2,046228,"Floryan,Mark",002,15791,Engineering & Applied Science,2.84,131,2,31,13,14,14,14,8,7,13,15
2025 Fall,EDIS,3040,Foundations of Early Child Edu,042221,"Neesen,Kathy",500,16971,School of Education and HumanDev,3.85,24,11,7,3,1,2,0,0,0,0,0
2025 Fall,EDLF,3000,Research for Youth Development,043698,"Bell,Bethany",001,16676,School of Education and HumanDev,3.25,34,6,14,0,1,3,0,1,8,0,1
2025 Fall,MUSI,3373,Creative Strategies for Indie,048098,"Armstrong,JoVia",001,20319,College & Graduate Arts & Sci,3.77,17,6,7,2,0,0,1,0,1,0,0
2025 Fall,CS,2130,Computer Systems and Org 1,046226,"Hott,Robbie",001,15793,Engineering & Applied Science,2.60,190,4,19,11,20,37,27,19,17,12,24
2025 Fall,EDLF,2080,Fundamentals of Statistics,044842,"Hull,Michael",002,16773,School of Education and HumanDev,3.83,26,19,1,2,2,1,1,0,0,0,0
2025 Fall,EDLF,7807,LEAD I,009747,"Eddy Spicer,David H",500,16969,School of Education and HumanDev,3.83,15,1,9,4,0,0,1,0,0,0,0
2025 Fall,ECE,2200,Applied Physics,046963,"Williams,Keith",003,16293,Engineering & Applied Science,3.71,134,9,60,37,14,8,3,2,1,0,0
2025 Fall,NUIP,4200,Pathophysiology for Nurses,029460,"Toll,Crystal",002,17540,School of Nursing,3.77,13,1,7,2,2,1,0,0,0,0,0
2025 Fall,EDIS,3011,Classroom & Behavior Managemnt,045918,"Kunemund,Rachel",001,16924,School of Education and HumanDev,3.99,21,4,16,1,0,0,0,0,0,0,0
2025 Fall,APMA,1090,Single Variable Calculus I,001138,"Maiti,Deepyaman",004,15691,Engineering & Applied Science,3.08,34,10,6,3,3,2,1,3,0,1,5
2025 Fall,CS,4610,Programming Languages,006915,"Pettit,Raymond",001,16167,Engineering & Applied Science,3.33,40,7,10,5,5,6,1,1,3,0,2
2025 Fall,ENWR,3660,Travel Writing,044572,"Stephenson,Kate",001,19326,College & Graduate Arts & Sci,3.50,16,1,5,3,3,2,1,1,0,0,0
2025 Fall,ECON,2010,Principles of Econ: Microecon,007876,"Kripalani,Jessica",400,13504,College & Graduate Arts & Sci,3.46,104,5,48,16,9,8,6,4,3,0,5
2025 Fall,EDLF,7300,Foundations of Ed Research,009717,"Edwards,Kelly",001,16776,School of Education and HumanDev,4.00,10,6,4,0,0,0,0,0,0,0,0
2025 Fall,KINE,6710,Admin Strat in Ath Training,044801,"Madrak,Emily",500,16779,School of Education and HumanDev,3.78,18,0,11,4,2,0,1,0,0,0,0
2025 Fall,EDHS,4230,Child Language Disorders,046747,"Handon,Amber Lee",001,17124,School of Education and HumanDev,3.76,29,0,18,5,4,1,0,1,0,0,0
2025 Fall,LAW,7006,Constitutional Law II: Poverty,048192,"Goluboff,Risa L",1,20675,School of Law,3.57,47,0,6,23,17,0,1,0,0,0,0
2025 Fall,PHS,4186,Comp. Health Care Systems,048140,"Quissell,Kathryn",001,20545,College & Graduate Arts & Sci,3.99,20,11,8,1,0,0,0,0,0,0,0
2025 Fall,CE,3720,Concrete Canoe,048146,"Henry,Ryan William",001,20558,Engineering & Applied Science,3.98,25,18,5,2,0,0,0,0,0,0,0
2025 Fall,FREN,4854,Life in Colonial Cities,048070,"Boutaghou,Ferial",001,20329,College & Graduate Arts & Sci,3.64,16,4,6,1,2,2,0,0,1,0,0
2025 Fall,HIEU,2061,The Birth of Europe,018393,"Kershaw,Paul",100,20052,College & Graduate Arts & Sci,3.55,61,0,7,33,15,4,1,1,0,0,0
2025 Fall,COMM,2002,Foundations of Finance,048084,"McCartney,William",002,20382,McIntire School of Commerce,3.45,63,0,24,15,11,2,6,1,0,1,3
2025 Fall,LAW,9370,Litigat the Unitary Executive,048160,"Ortiz,Daniel",1,20724,School of Law,3.60,8,0,0,6,2,0,0,0,0,0,0
2025 Fall,LAW,9142,Criminal Law Colloquium,041103,"Harmon,Rachel A",1,20764,School of Law,3.56,11,0,2,7,1,0,0,0,1,0,0
2025 Fall,LAW,7769,Evolv AI Govrn Landscape (SC),044673,"Robertson,Thomas Andrew",1,20636,School of Law,3.48,9,0,2,2,3,2,0,0,0,0,0
2025 Fall,ENGL,2500,Intro to Literary Studies,012548,"Jost,Walter",009,19638,College & Graduate Arts & Sci,3.62,18,0,6,6,3,3,0,0,0,0,0
2025 Fall,SPAN,3300,Texts and Interpretation,035904,"Lopez Opere,Alicia",010,20672,College & Graduate Arts & Sci,3.85,18,0,9,9,0,0,0,0,0,0,0
2025 Fall,GETR,3360,The Art of Dreaming,048000,"Gutterman,Julia",001,20619,College & Graduate Arts & Sci,3.99,25,2,22,1,0,0,0,0,0,0,0
2025 Fall,GNUR,8007,NE Seminar II,048090,"Reid,Kathryn",001,20454,School of Nursing,4.00,11,3,8,0,0,0,0,0,0,0,0
2025 Fall,HIST,4890,Distinguished Majors Colloq,019214,"White,Joshua",001,13220,College & Graduate Arts & Sci,3.90,15,0,10,5,0,0,0,0,0,0,0
2025 Fall,LAW,9108,Urban Law and Policy,022293,"Schragger,Richard C.",1,20763,School of Law,3.57,19,0,1,12,5,1,0,0,0,0,0
2025 Fall,PLAC,5800,Green Infrastructure: Cities,031145,"Firehock,Karen",001,17588,School of Architecture,3.79,14,4,6,3,0,0,0,0,1,0,0
2025 Fall,ISIN,4510,Sp Tps Conduct Inquiry: So Sci,043255,"Kirsch,Robert E.",102,20884,Continuing & Prof Studies,3.68,30,14,9,2,2,0,1,0,0,1,1
2025 Fall,LAW,6002,Contracts,021553,"Verkerke,J H",H,18977,School of Law,3.40,32,0,2,10,14,5,1,0,0,0,0
2025 Fall,BIOL,8011,Integrative Biology I,048211,"Parichy,David Michael",001,20779,College & Graduate Arts & Sci,3.27,11,0,4,0,0,6,0,0,1,0,0
2025 Fall,LAW,9081,Trial Advocacy,022023,"Stolpe,Kristin Elysse",3,18812,School of Law,3.39,7,0,0,3,2,2,0,0,0,0,0
2025 Fall,SOC,1220,Social Problems,035321,"Platts,Todd Kugler",100,13065,College & Graduate Arts & Sci,3.84,59,6,44,2,0,5,0,0,2,0,0
2025 Fall,LAW,8021,Con Law II: Equal Protection,041678,"Hellman,Deborah",1,20777,School of Law,3.55,39,0,5,18,13,3,0,0,0,0,0
2025 Fall,LAW,6007,Torts,021571,"White,George E",EF,18808,School of Law,3.33,62,0,1,15,29,17,0,0,0,0,0
2025 Fall,NESC,8010,Seminar in Neuroscience,029306,"Beenhakker,Mark",001,18461,Medical School - BIMS/PHS,3.89,48,21,20,0,5,2,0,0,0,0,0
2025 Fall,ITAL,2010,Intermediate Italian I,020567,"Annunziato,Sarah",001,10192,College & Graduate Arts & Sci,3.93,17,9,4,4,0,0,0,0,0,0,0
2025 Fall,LAW,9327,Law & Social Science Workshop,045629,"Spellman,Barbara A",1,20770,School of Law,3.53,15,0,2,5,8,0,0,0,0,0,0
2025 Fall,RELA,2400,Intro to Africana Religions,046705,"Crawley,Ashon Thomas",001,20717,College & Graduate Arts & Sci,3.97,23,14,7,2,0,0,0,0,0,0,0
2025 Fall,NESC,8080,NESC Grad Student Sem Series,029309,"Cope,Elise",001,18462,Medical School - BIMS/PHS,3.94,48,0,42,3,3,0,0,0,0,0,0
2025 Fall,HIEA,1501,Intro Sem in East Asian Hist,018286,"Stolz,Robert Patrick",001,20673,College & Graduate Arts & Sci,3.65,11,0,2,6,3,0,0,0,0,0,0
2025 Fall,APMA,3120,Statistics,001154,"Lark,James",003,15334,Engineering & Applied Science,2.95,11,0,1,0,4,3,1,1,0,0,1
2025 Fall,DS,5030,Understanding Uncertainty,047946,"Woo,Yong Ming Jeffrey",003,20647,School of Data Science,3.80,55,25,18,5,3,2,1,0,0,0,1
2025 Fall,KINE,5740,Assess & Interven of Injury II,044714,"Cross,Kevin",001,16944,School of Education and HumanDev,3.24,14,0,0,4,5,2,3,0,0,0,0
2025 Fall,PHIL,5590,Seminar on a Logic Topic,043347,"Cameron,Ross",001,20280,College & Graduate Arts & Sci,3.90,10,1,7,1,1,0,0,0,0,0,0
2025 Fall,BIMS,8380,Practical Biomed Statistics I,024120,"Jones,Marieke",001,18460,Medical School - BIMS/PHS,3.90,38,0,28,9,0,1,0,0,0,0,0
2025 Fall,LAW,9208,Monetary Constitution Seminar,042780,"Kitch,Edmund W",1,20767,School of Law,3.53,12,0,1,5,6,0,0,0,0,0,0
2025 Fall,DRAM,2020,Acting I,007200,"Dabney,Karen",006,20644,College & Graduate Arts & Sci,4.00,14,6,8,0,0,0,0,0,0,0,0
2025 Fall,DS,6001,Data Eng I: Data Pipeline Arch,043301,"Dahshan,Mai",003,20649,School of Data Science,3.82,65,40,12,6,3,1,2,0,0,0,1
2025 Fall,LAW,9065,State Const. Law: Litign & Adj,021976,"Lorish,Lisa Marie",1,20598,School of Law,3.50,16,0,3,5,6,1,1,0,0,0,0
2025 Fall,CHEM,3559,New Course: CHEM,038594,"Kennedy,Andrew",001,20440,College & Graduate Arts & Sci,3.71,31,2,20,5,0,1,2,0,0,0,1
2025 Fall,LPPP,3559,New Course in PP & Lead,044183,"Layton,Timothy",006,20533,Batten Leadership & Public Pol,3.51,17,0,5,3,5,4,0,0,0,0,0
2025 Fall,MATH,5653,Number Theory,023153,"Coupek,Pavel",001,20292,College & Graduate Arts & Sci,3.52,11,0,5,2,1,2,0,0,1,0,0
2025 Fall,ARCH,6101,"Buildings, Cities, Narratives",048067,"Li,Shiqiao",001,20308,School of Architecture,3.71,26,0,9,11,6,0,0,0,0,0,0
2025 Fall,GCOM,7800,Architecting Digital Innov.,015434,"Grazioli,Stefano",001,17987,McIntire School of Commerce,3.41,31,1,1,12,10,5,2,0,0,0,0
2025 Fall,BIOP,8050,Cellular Biophysics,046451,"Kenworthy,Anne",001,18600,Medical School - BIMS/PHS,3.93,9,6,1,2,0,0,0,0,0,0,0
2025 Fall,NUIP,3430,Pharmacology II,043239,"Kastello,Jennifer",001,17453,School of Nursing,3.95,92,18,61,12,1,0,0,0,0,0,0
2025 Fall,EDIS,3013,Positive Behavior in ECE,045468,"Vitiello,Ginny",500,17097,School of Education and HumanDev,3.90,22,8,10,2,1,1,0,0,0,0,0
2025 Fall,MATH,1210,A survey of Calculus I,022944,"Mitchell,Susan Beth",940,10221,College & Graduate Arts & Sci,3.47,33,8,14,2,3,2,0,1,0,0,3
2025 Fall,ECE,4380,AI Hardware,048064,"Stan,Mircea",001,20314,Engineering & Applied Science,3.84,43,12,20,3,7,1,0,0,0,0,0
2025 Fall,BME,4360,Mol Data Sci,046953,"Naegle,Kristen",001,20013,Engineering & Applied Science,3.94,23,9,13,0,0,0,1,0,0,0,0
2025 Fall,PLCP,8880,Rational Choice & Democracy,039022,"Gingerich,Daniel",001,19893,College & Graduate Arts & Sci,3.77,7,1,2,3,1,0,0,0,0,0,0
2025 Fall,EGMT,1510,Engaging Aesthetics,044512,"Jameson-Ellsmore,Benjamin",231,20681,College & Graduate Arts & Sci,3.97,32,10,20,1,1,0,0,0,0,0,0
2025 Fall,ECE,6501,Topics: Elect & Computer Engr,007731,"Beling,Andreas",010,19808,Engineering & Applied Science,3.51,9,0,2,2,4,1,0,0,0,0,0
2025 Fall,PLCP,3110,The Politics of Western Europe,031689,"Wellbeloved,Elizabeth A.",501,19079,College & Graduate Arts & Sci,3.96,14,4,8,2,0,0,0,0,0,0,0
2025 Fall,LPPP,5500,Short Course Topics,042124,"Bassett,Lucy",006,20115,Batten Leadership & Public Pol,3.72,13,0,7,3,2,0,1,0,0,0,0
2025 Fall,SPAN,3300,Texts and Interpretation,035904,"Segura,Eliud Encarnacion",002,11257,College & Graduate Arts & Sci,3.73,18,1,10,4,2,0,0,0,0,1,0
2025 Fall,BIOL,2200,Intro Bio w/Lab: Orgnsm & Evol,003471,"Manson,Jessamyn",100,19256,College & Graduate Arts & Sci,3.37,76,7,21,20,8,2,7,5,2,0,4
2025 Fall,BIOL,4559,New Course: BIOL,038577,"Landry,Nicholas",100,19251,College & Graduate Arts & Sci,3.89,26,3,17,4,1,1,0,0,0,0,0
2025 Fall,AIRS,3100,Lead Ppl & Eff Comm I,000294,"Gilson,Glen",002,14598,Executive VP & Provost,3.94,10,0,8,2,0,0,0,0,0,0,0
2025 Fall,EGMT,1540,Ethical Engagement,044515,"Krause,Erica Nicole",221,19415,College & Graduate Arts & Sci,4.00,34,12,22,0,0,0,0,0,0,0,0
2025 Fall,EGMT,1510,Engaging Aesthetics,044512,"Duong,Kevin",218,13211,College & Graduate Arts & Sci,3.96,32,0,28,4,0,0,0,0,0,0,0
2025 Fall,LATI,4559,New Course: LATI,038612,"Kuin,Inger Neeltje Irene",001,19336,College & Graduate Arts & Sci,3.71,10,0,3,5,2,0,0,0,0,0,0
2025 Fall,APMA,3150,From Data to Knowledge,044104,"Li,Meiqin",002,16027,Engineering & Applied Science,3.45,28,7,6,3,5,5,0,0,0,0,2
2025 Fall,ENGL,4559,New Course: ENGL,039145,"Chakraborty,Sumita",001,19667,College & Graduate Arts & Sci,3.61,11,2,6,0,0,1,1,0,1,0,0
2025 Fall,ANTH,2280,Medical Anthropology,000655,"Zigon,Jarrett",100,11247,College & Graduate Arts & Sci,3.87,239,18,156,49,8,6,1,0,0,0,1
2025 Fall,CS,6190,Computer Science Perspectives,006996,"Dwarkadas,Sandhya",001,14744,Engineering & Applied Science,3.97,98,0,91,6,1,0,0,0,0,0,0
2025 Fall,EDLF,3420,Athletics in the University,043147,"Axson-Lawrence,Dashan",001,16638,School of Education and HumanDev,3.92,28,0,24,2,1,1,0,0,0,0,0
2025 Fall,RELC,3603,Anxiety,048171,"Marsh Jr.,Charles Robert",001,20660,College & Graduate Arts & Sci,3.95,22,1,19,1,1,0,0,0,0,0,0
2025 Fall,ARH,8001,Methods in Architectural Hist,002034,"Priyani,Rina",001,17586,School of Architecture,3.97,11,4,6,1,0,0,0,0,0,0,0
2025 Fall,AAS,2500,Topics in Africana Studies,046413,"Gaines,Alisha Marie",005,20731,College & Graduate Arts & Sci,3.92,16,2,13,0,0,0,1,0,0,0,0
2025 Fall,STAT,4130,Applied Multivariate Stat,046259,"Li,Chunlin",001,13760,College & Graduate Arts & Sci,3.99,28,7,20,1,0,0,0,0,0,0,0
2025 Fall,COMM,4710,Intermediate Investments,006538,"Kulkarni,Sheisha",005,17932,McIntire School of Commerce,3.72,45,0,18,17,8,2,0,0,0,0,0
2025 Fall,EDHS,2891,Mentrship Skills Adlescnt Grls,039672,"Levy,Melissa",001,16523,School of Education and HumanDev,3.87,25,8,15,0,0,0,1,0,1,0,0
2025 Fall,PHYS,7610,Quantum Theory I,030943,"Kolomeisky,Eugene",001,10348,College & Graduate Arts & Sci,3.37,18,5,1,0,6,2,4,0,0,0,0
2025 Fall,DS,6040,Bayesian Machine Learning,045445,"Brown,Taylor Reid",001,20652,School of Data Science,3.68,75,0,45,17,5,4,1,0,0,1,2
2025 Fall,CHEM,1411,Intro College Chem I Lab,005986,"Morkowchuk,Lisa",029,10540,College & Graduate Arts & Sci,3.38,24,8,6,2,1,0,4,0,1,1,1
2025 Fall,BIOL,8083,Advanced Ecology & Evolution 3,043128,"Brodie III,Edmund Darrell",001,20697,College & Graduate Arts & Sci,3.49,15,0,5,3,1,6,0,0,0,0,0
2025 Fall,BIOL,4021,Adv in Regenerative Biology,048003,"Worley,Melanie",001,19613,College & Graduate Arts & Sci,3.91,28,4,20,2,1,0,1,0,0,0,0
2025 Fall,EGMT,1540,Ethical Engagement,044515,"Swoboda,Jessica Ann",123,13193,College & Graduate Arts & Sci,3.96,32,7,22,2,1,0,0,0,0,0,0
2025 Fall,EVHY,5700,Forest Hydrology,013786,"Band,Lawrence",100,19127,College & Graduate Arts & Sci,3.63,24,4,8,5,3,2,1,0,1,0,0
2025 Fall,EGMT,1530,Engaging Differences,044514,"Mahler,Anne Garland",220,13183,College & Graduate Arts & Sci,3.73,30,19,9,0,0,0,0,0,0,0,2
2025 Fall,ECE,6501,Topics: Elect & Computer Engr,007731,"Yang,Jing",011,19810,Engineering & Applied Science,3.49,9,0,3,3,0,2,0,1,0,0,0
2025 Fall,PSYC,7760,Intro to App Multivariate Mthd,032794,"Boker,Steven",001,19366,College & Graduate Arts & Sci,3.81,20,2,10,5,2,1,0,0,0,0,0
2025 Fall,EGMT,1520,Empirical Engagement,044513,"Gleek,Albert Charles",101,13105,College & Graduate Arts & Sci,3.97,18,1,15,2,0,0,0,0,0,0,0
2025 Fall,LAW,7062,Legislation,021725,"Gilbert,Michael",1,20737,School of Law,3.59,85,3,18,30,25,9,0,0,0,0,0
2025 Fall,EGMT,1540,Ethical Engagement,044515,"Childers,Jodie",114,13187,College & Graduate Arts & Sci,4.00,20,12,8,0,0,0,0,0,0,0,0
2025 Fall,DANC,1200,Intro to Movement Practices,046078,"Mata,Kim",001,13131,College & Graduate Arts & Sci,3.70,11,0,7,2,0,1,0,1,0,0,0
2025 Fall,EGMT,1540,Ethical Engagement,044515,"Driver,Keith",213,13216,College & Graduate Arts & Sci,3.97,35,11,23,0,0,1,0,0,0,0,0
2025 Fall,ARH,1010,History of Architecture I,001844,"Reilly,Lisa",100,17571,School of Architecture,3.31,129,0,14,40,33,20,14,4,3,0,1
2025 Fall,CHEM,1411,Intro College Chem I Lab,005986,"Morkowchuk,Lisa",025,10536,College & Graduate Arts & Sci,3.34,23,10,2,4,1,1,2,1,0,0,2
2025 Fall,STAT,1100,Chance: Intro to Statistics,036650,"Wang,Xiaowen",002,11464,College & Graduate Arts & Sci,3.70,30,8,13,3,2,1,1,0,1,1,0
2025 Fall,COMM,4211,The Ethics of AI,048089,"Leidner,Dorothy",001,20409,McIntire School of Commerce,3.71,41,3,15,15,6,0,1,0,1,0,0
2025 Fall,EDHS,7060,Articulation & Phonology,009189,"Dubay,Michaela",001,16491,School of Education and HumanDev,3.64,22,0,7,8,5,2,0,0,0,0,0
2025 Fall,APMA,3100,Probability,001152,"Ryals,Megan",005,15787,Engineering & Applied Science,2.59,34,3,6,6,3,2,2,2,1,0,9
2025 Fall,LPPS,3340,Innovating for Defense,045490,"Robinson,John",001,14493,Batten Leadership & Public Pol,3.60,28,0,8,11,5,3,1,0,0,0,0
2025 Fall,PHS,8901,Applied Practice Experience II,044476,"Hornsby,Paige",001,18327,Medical School - BIMS/PHS,3.91,7,0,5,2,0,0,0,0,0,0,0
2025 Fall,GCOM,7655,Digital-Age Global Marketing,044810,"Kozlenkova,Irina Valeriyevna",001,21267,McIntire School of Commerce,3.60,23,0,5,10,6,2,0,0,0,0,0
2025 Fall,STAT,3280,Data Visual and Management,045458,"Ross,Richard",002,13079,College & Graduate Arts & Sci,3.39,56,0,28,10,0,8,2,0,4,1,3
2025 Fall,GREE,5559,New Course: GREE,038606,"Williams,David",001,19337,College & Graduate Arts & Sci,3.76,9,0,4,4,0,1,0,0,0,0,0
2025 Fall,BME,3080,Biomed IDEAS Lab I,004070,"Allen,Timothy",100,14750,Engineering & Applied Science,3.84,95,4,70,11,3,2,3,1,1,0,0
2025 Fall,BME,6006,Biomed Data Sci & Analytics,047339,"Fallahi Sichani,Mohammad",001,20531,Engineering & Applied Science,3.93,24,3,19,1,0,0,1,0,0,0,0
2025 Fall,ENWR,1510,Writing and Critical Inquiry,013432,...,075,13900,College & Graduate Arts & Sci,3.82,18,4,7,5,1,1,0,0,0,0,0
2025 Fall,CS,6780,CPS Technology and Ethics,046996,"Campbell,Brad",001,19612,Engineering & Applied Science,3.72,10,0,4,5,0,0,1,0,0,0,0
2025 Fall,ENGR,1010,Engineering Foundations 1,046987,"Mcalister,Anne",015,15976,Engineering & Applied Science,3.96,37,0,34,2,0,1,0,0,0,0,0
2025 Fall,EGMT,1520,Empirical Engagement,044513,"Heffernan,Elise",223,13169,College & Graduate Arts & Sci,3.98,36,6,28,2,0,0,0,0,0,0,0
2025 Fall,CE,3100,Water for the World,004457,"Smith,James",001,16221,Engineering & Applied Science,3.47,20,2,4,6,4,1,1,1,1,0,0
2025 Fall,APMA,3100,Probability,001152,"Hellings,Christian",004,15597,Engineering & Applied Science,2.81,38,9,6,2,2,3,3,2,2,3,6
2025 Fall,EDIS,3045,Mathematics in Early Childhood,045741,"Kutaka,Traci",500,17199,School of Education and HumanDev,2.65,13,2,2,0,1,2,1,0,2,1,2
2025 Fall,CS,2100,Data Structures and Algo 1,046225,"Morrison,Briana",002,15766,Engineering & Applied Science,3.39,128,14,44,21,15,10,7,3,6,1,7
2025 Fall,HISA,3501,Introductory History Workshop,047158,"Chatterjee,Indrani",001,19338,College & Graduate Arts & Sci,3.51,13,0,9,0,2,1,0,0,0,0,1
2025 Fall,EGMT,1540,Ethical Engagement,044515,"Donahue,Thomas Johnston",101,13666,College & Graduate Arts & Sci,3.96,28,11,16,0,0,1,0,0,0,0,0
2025 Fall,SOC,4530,Topics in Sociology of Health,045393,"Stolte,Allison",002,19884,College & Graduate Arts & Sci,3.76,14,0,8,3,2,1,0,0,0,0,0
2025 Fall,CHEM,4440,Biochemistry for Pre-Health,046085,"Nakamoto,Robert K",100,13073,College & Graduate Arts & Sci,3.49,167,1,45,47,41,16,9,7,1,0,0
2025 Fall,ENWR,1510,Writing and Critical Inquiry,013432,"Abry Jr.,George Andrew",002,13893,College & Graduate Arts & Sci,3.72,18,5,8,1,1,2,0,0,1,0,0
2025 Fall,MDST,3501,Spec Tops: Directors & Auteurs,039988,"Duncan,Sean",002,19335,College & Graduate Arts & Sci,3.50,22,2,8,3,3,3,0,3,0,0,0
2025 Fall,PLIR,4320,Religion and War,041955,"Furia,Peter",001,19548,College & Graduate Arts & Sci,3.84,16,2,9,4,0,0,1,0,0,0,0
2025 Fall,LAW,6007,Torts,021571,"Armacost,Barbara Ellen",BI,18770,School of Law,3.40,62,0,7,15,24,16,0,0,0,0,0
2025 Fall,CHEM,1411,Intro College Chem I Lab,005986,"Morkowchuk,Lisa",031,13113,College & Graduate Arts & Sci,3.71,23,13,4,3,0,1,0,1,0,0,1
2025 Fall,STS,2600,Engineering Ethics,046988,"Guillen,Sergio",002,15981,Engineering & Applied Science,3.81,27,6,13,4,1,2,1,0,0,0,0
2025 Fall,LAW,9361,Sep of Powers in Fed Cts Sem,046389,"Ahdout,Zimra Payvand",1,20771,School of Law,3.70,16,0,5,8,2,1,0,0,0,0,0
2025 Fall,LPPP,3559,New Course in PP & Lead,044183,"Bassett,Lucy",003,20332,Batten Leadership & Public Pol,3.77,11,0,6,4,0,0,1,0,0,0,0
2025 Fall,SYS,6780,CPS Technology and Ethics,046999,"Campbell,Brad",001,15989,Engineering & Applied Science,3.74,9,0,4,3,2,0,0,0,0,0,0
2025 Fall,CHTR,3010,Traditional Chinese Lit,006137,"Morse,Canaan",001,20251,College & Graduate Arts & Sci,3.88,20,0,12,8,0,0,0,0,0,0,0
2025 Fall,MDST,2690,Sports Journalism,044470,"Clay,Anna",002,13607,College & Graduate Arts & Sci,3.67,19,0,9,5,3,1,0,1,0,0,0
2025 Fall,EGMT,1530,Engaging Differences,044514,"Mahler,Anne Garland",221,13184,College & Graduate Arts & Sci,3.79,31,21,6,2,0,0,0,0,1,0,1
2025 Fall,HIAF,3501,Introductory History Workshop,046576,"Fleur,James La",001,13130,College & Graduate Arts & Sci,3.98,15,2,12,1,0,0,0,0,0,0,0
2025 Fall,EDLF,7610,Rsch High Ed Ath Admin,009789,"Steinmetz,Christian",001,16677,School of Education and HumanDev,3.40,35,0,9,14,7,2,0,0,0,0,3
2025 Fall,EDLF,5425,Governance Collegiate Athletic,043450,"Baum,Jason",500,19999,School of Education and HumanDev,3.56,32,0,12,11,6,0,2,0,0,0,1
2025 Fall,CE,3710,Intro to Geotechnical Engrg,004449,"Burden,Lindsay",001,15077,Engineering & Applied Science,3.53,48,0,29,0,7,6,0,1,5,0,0
2025 Fall,MATH,1210,A survey of Calculus I,022944,"Mitchell,Susan Beth",950,12317,College & Graduate Arts & Sci,3.63,33,8,16,1,3,1,1,2,0,0,1
2025 Fall,GBAC,7200,Enterprise Analytics,045272,"Maxham III,James G",001,18017,McIntire Darden Grad Business,3.71,46,0,12,28,4,1,1,0,0,0,0
2025 Fall,MAE,3310,Aerospace Structures,022585,"Momot,Michael",002,16292,Engineering & Applied Science,2.88,33,2,3,5,4,8,1,3,0,3,4
2025 Fall,HIME,2002,Modern Middle East,018858,"Kahlenberg,Caroline",001,13677,College & Graduate Arts & Sci,3.87,59,2,41,11,4,0,1,0,0,0,0
2025 Fall,ARTH,2451,Art in the 20th Century,002478,"Robbins,Christa",100,12302,College & Graduate Arts & Sci,3.87,43,6,24,10,2,1,0,0,0,0,0
2025 Fall,MDST,3510,Topics in Media Research,045771,"Bridges,Lauren",003,12713,College & Graduate Arts & Sci,3.94,25,16,6,2,0,1,0,0,0,0,0
2025 Fall,EGMT,1520,Empirical Engagement,044513,"Petrov,Leonid Alexandrovich",106,12311,College & Graduate Arts & Sci,3.94,28,11,15,0,1,1,0,0,0,0,0
2025 Fall,PHYS,2030,Princip of Physics 1 Workshop,030811,"Bychkov,Maksim",024,14263,College & Graduate Arts & Sci,3.66,14,5,7,0,1,0,0,0,0,0,1
2025 Fall,HIST,3281,Genocide,019169,"Rossman,Jeffrey",100,13951,College & Graduate Arts & Sci,3.82,112,5,77,19,4,4,0,1,1,0,1
2025 Fall,ECON,3020,Intermediate Macroeconomics,007909,"Westerfield,Maria",400,13947,College & Graduate Arts & Sci,3.05,116,2,9,24,25,19,14,12,6,1,4
2025 Fall,EGMT,1540,Ethical Engagement,044515,"Braun,Erik C",211,12599,College & Graduate Arts & Sci,3.92,35,0,29,5,0,0,1,0,0,0,0
2025 Fall,CE,2300,Statics,004438,"Griffiths,Peter",002,15259,Engineering & Applied Science,2.69,16,0,1,4,1,3,1,2,2,0,2
2025 Fall,EGMT,1510,Engaging Aesthetics,044512,"Benson,Austin J",230,20304,College & Graduate Arts & Sci,3.97,30,8,19,3,0,0,0,0,0,0,0
2025 Fall,CE,5020,Geographic Information Systems,004577,"Miller,John",001,15121,Engineering & Applied Science,3.70,21,0,11,4,3,3,0,0,0,0,0
2025 Fall,ECE,4991,Electrical Eng Capstone,042263,"Barnes,Adam",001,15035,Engineering & Applied Science,3.91,29,3,19,6,1,0,0,0,0,0,0
2025 Fall,ECE,2330,Digital Logic Design,007674,"Crockett,Caroline",001,15174,Engineering & Applied Science,3.76,120,14,77,8,5,9,1,1,4,0,1
2025 Fall,MAE,6410,Engineering Mathematics I,022667,"Spencer,Julie",001,15996,Engineering & Applied Science,3.83,27,8,13,1,3,1,1,0,0,0,0
2025 Fall,MATH,1210,A survey of Calculus I,022944,"Bowling,James Darrol",600,11541,College & Graduate Arts & Sci,3.59,27,10,9,4,0,2,0,0,0,0,2
2025 Fall,EGMT,1510,Engaging Aesthetics,044512,"Zhao,Ran",105,13143,College & Graduate Arts & Sci,3.89,35,0,33,0,1,0,0,0,0,0,1
2025 Fall,KINE,2850,Medical Terminology,042975,"Moler,Casey",500,16683,School of Education and HumanDev,3.96,97,3,93,0,0,0,0,0,0,0,1
2025 Fall,ENGR,1010,Engineering Foundations 1,046987,"Starling,Anna Leyf",016,15977,Engineering & Applied Science,3.97,38,0,36,1,0,1,0,0,0,0,0
2025 Fall,MDST,4510,Capstone Topics,045773,"Kokas,Aynne",005,21155,College & Graduate Arts & Sci,3.83,18,2,7,8,1,0,0,0,0,0,0
2025 Fall,CS,4771,Reinforcement Learning,048132,"Zhang,Shangtong",001,20523,Engineering & Applied Science,3.92,88,61,15,4,8,0,0,0,0,0,0
2025 Fall,EDIS,5770,Soc/Em Issues in Talent Dev,045469,"Dmitrieva,Svetlana",500,16991,School of Education and HumanDev,3.34,7,0,4,2,0,0,0,0,0,0,1
2025 Fall,SPAN,2010,Intermediate Spanish,035853,"Jarque,Esperanza Gorriz",014,13531,College & Graduate Arts & Sci,3.69,13,1,9,0,1,0,1,0,1,0,0
2025 Fall,ENGL,2508,Studies in Fiction,012491,"Kinney,James",001,19686,College & Graduate Arts & Sci,3.57,17,0,3,7,6,1,0,0,0,0,0
2025 Fall,ECON,3820,Behavioral Economics,046916,"Holt,Charles",001,19767,College & Graduate Arts & Sci,3.99,37,11,25,1,0,0,0,0,0,0,0
2025 Fall,APMA,1090,Single Variable Calculus I,001138,"Provat,Shirin",006,21245,Engineering & Applied Science,3.17,30,4,9,3,5,3,0,1,0,1,4
2025 Fall,ECE,6501,Topics: Elect & Computer Engr,007731,"Ghosh,Avik",002,20446,Engineering & Applied Science,3.47,7,0,2,1,2,2,0,0,0,0,0
2025 Fall,MUSI,3570,Music Cultures,040905,"Lobley,Noel",001,13800,College & Graduate Arts & Sci,3.86,19,7,7,2,3,0,0,0,0,0,0
2025 Fall,EGMT,1510,Engaging Aesthetics,044512,"Loeb,Hannah Jane",224,13653,College & Graduate Arts & Sci,3.98,30,11,18,0,1,0,0,0,0,0,0
2025 Fall,GCOM,7653,Doing Business in the U.S.,044193,"Burroughs,James E",001,21266,McIntire School of Commerce,3.85,6,0,3,3,0,0,0,0,0,0,0
2025 Fall,ARCH,3240,Intro to Structural Design,001531,"Hays,Benjamin",100,17753,School of Architecture,3.45,79,0,19,26,19,6,3,3,2,0,1
2025 Fall,PC,5060,Fed Acquisition Case Studies,029789,"Ruth Esq,Justin Douglas",701,21081,Continuing & Prof Studies,3.68,8,0,3,3,1,1,0,0,0,0,0
2025 Fall,ENWR,2510,Advanced Writing Seminar,013441,"Sullivan,Rory Ellis",001,12103,College & Graduate Arts & Sci,3.96,16,0,14,2,0,0,0,0,0,0,0
2025 Fall,RELC,1220,Early Christianity & N Testmnt,033953,"Spittler,Janet",100,12318,College & Graduate Arts & Sci,3.80,298,1,198,65,16,8,5,0,0,1,4
2025 Fall,MATH,1210,A survey of Calculus I,022944,"Wang,Xiaojing",900,10220,College & Graduate Arts & Sci,3.84,34,14,14,0,3,2,1,0,0,0,0
2025 Fall,STAT,6190,Intro to Math Statistics,036679,"Wang,Jingming",001,10992,College & Graduate Arts & Sci,3.58,27,3,9,5,4,5,0,0,1,0,0
2025 Fall,SOC,5100,Research Design and Methods,035533,"Greenland,Fiona",001,12285,College & Graduate Arts & Sci,3.96,8,1,6,1,0,0,0,0,0,0,0
2025 Fall,JPTR,3010,Survey of Trad. Japanese Lit,020827,"Heldt,Gustav",001,12274,College & Graduate Arts & Sci,3.45,15,0,0,7,6,2,0,0,0,0,0
2025 Fall,ECON,8210,International Trade Theory,008059,"Mclaren,John",001,12638,College & Graduate Arts & Sci,3.52,6,1,1,2,0,1,1,0,0,0,0
2025 Fall,SPAN,2020,Advanced Intermediate Spanish,035854,"Barlow,Jennifer",018,12843,College & Graduate Arts & Sci,3.58,17,1,6,5,3,0,1,0,0,1,0
2025 Fall,CHEM,3721,Analytical Chemistry Lab,005686,"Venton,Jill",100,12306,College & Graduate Arts & Sci,3.50,29,0,7,10,5,6,0,0,1,0,0
2025 Fall,MDST,3720,Social Media and Global South,045768,"Nemer,David",001,12955,College & Graduate Arts & Sci,3.45,25,0,9,8,2,2,1,2,0,0,1
2025 Fall,MDST,3504,Topics in Global Media,042990,"Goin,Keara",002,12954,College & Graduate Arts & Sci,3.85,26,0,20,3,1,1,1,0,0,0,0
2025 Fall,IMP,4600,Echols Thesis,020079,"Shuve,Karl",001,10544,College & Graduate Arts & Sci,3.97,10,2,7,1,0,0,0,0,0,0,0
2025 Fall,GNUR,8620,Quality & Safety Hlthcare Sys,017065,"Smith,Shelly",002,19807,School of Nursing,3.97,11,7,3,1,0,0,0,0,0,0,0
2025 Fall,APMA,3110,Applied Stats & Probability,001153,"Maiti,Deepyaman",002,14676,Engineering & Applied Science,3.40,46,1,13,13,6,6,2,3,1,0,1
2025 Fall,EDHS,2450,Intro Communication Disorders,044546,"Robey,Randall",002,17127,School of Education and HumanDev,3.98,51,40,7,4,0,0,0,0,0,0,0
2025 Fall,APMA,3110,Applied Stats & Probability,001153,"Koenig,Gary",003,14678,Engineering & Applied Science,3.23,37,3,10,5,3,7,3,1,3,0,2
2025 Fall,ECE,6501,Topics: Elect & Computer Engr,007731,"Campbell,Brad",008,16032,Engineering & Applied Science,3.68,5,0,1,3,1,0,0,0,0,0,0
2025 Fall,LPPL,2100,The Resilient Student,045390,"Davis,Timothy",100,14481,Batten Leadership & Public Pol,3.54,173,0,14,111,31,11,1,1,2,1,1
2025 Fall,EVSC,4559,New Course: EVSC,039169,"Mamalakis,Antonios",001,20253,College & Graduate Arts & Sci,3.79,14,7,3,2,1,0,0,1,0,0,0
2025 Fall,CS,6771,Reinforcement Learning,048129,"Wei,Chen Yu",001,20512,Engineering & Applied Science,3.83,22,5,7,8,2,0,0,0,0,0,0
2025 Fall,MAE,4120,Aerospace Propulsion,022598,"Ma,Lin",001,14709,Engineering & Applied Science,3.17,78,1,26,7,0,19,8,6,8,2,1
2025 Fall,KINE,5480,Exercise Interven in Disease,009285,"Swift,Damon",001,16502,School of Education and HumanDev,3.75,8,0,5,1,1,1,0,0,0,0,0
2025 Fall,EDLF,2050,What the Innovators Do,043697,"Kim,Chi",001,16674,School of Education and HumanDev,3.86,100,78,9,3,5,0,3,0,1,0,1
2025 Fall,DS,3022,Data Engineering,047315,"Magee,Neal",001,19715,School of Data Science,3.89,30,0,23,5,1,1,0,0,0,0,0
2025 Fall,PLAN,2110,Digital Visualization,031273,"Walker,Richard",001,17589,School of Architecture,3.48,22,4,3,9,2,2,1,0,0,0,1
2025 Fall,SPAN,4510,Spec Topics Sem: Literature,035968,"Valverde,Fernando",001,13797,College & Graduate Arts & Sci,4.00,13,3,10,0,0,0,0,0,0,0,0
2025 Fall,LPPL,7025,Values-Based Leadership,042195,"Diaz,Carmen Marina",001,14488,Batten Leadership & Public Pol,3.65,57,0,9,36,11,0,1,0,0,0,0
2025 Fall,ENGR,1010,Engineering Foundations 1,046987,"Tian,Jianghong",006,15967,Engineering & Applied Science,3.95,40,0,35,4,1,0,0,0,0,0,0
2025 Fall,APMA,3110,Applied Stats & Probability,001153,"Maiti,Deepyaman",001,14677,Engineering & Applied Science,3.33,42,4,12,7,8,5,1,1,1,0,3
2025 Fall,MSE,2090,Intro to Materials Science,024402,"Ma,Ji",002,14715,Engineering & Applied Science,3.79,68,25,26,5,6,3,1,0,2,0,0
2025 Fall,CHE,6615,Advanced Thermodynamics,005511,"Bilodeau,Camille",001,14699,Engineering & Applied Science,3.12,16,0,4,2,2,4,1,1,1,0,1
2025 Fall,DS,5012,Computation for Data Science,047945,"Fox,Judy",002,19710,School of Data Science,3.86,41,5,21,12,3,0,0,0,0,0,0
2025 Fall,ENGR,1010,Engineering Foundations 1,046987,"Mcalister,Anne",012,15973,Engineering & Applied Science,3.75,39,0,28,4,3,2,0,1,0,0,1
2025 Fall,MAE,2300,Statics,022574,"Griffiths,Peter",001,14704,Engineering & Applied Science,3.26,109,21,24,16,9,10,9,5,5,3,7
2025 Fall,APMA,3100,Probability,001152,"McMillan,Matthew",003,14675,Engineering & Applied Science,3.13,31,2,6,6,3,5,2,2,2,1,2
2025 Fall,EDHS,4300,Psycholinguistics & Communictn,042430,"Loncke,Filip",001,16595,School of Education and HumanDev,3.70,105,18,46,18,9,10,2,0,0,0,2
2025 Fall,EDLF,5310,Data Mgmt Social Science Rsch,042734,"Bartanen,Brendan",001,16602,School of Education and HumanDev,3.58,32,4,10,10,1,5,0,1,0,0,1
2025 Fall,SEC,3020,"Cyber Sec Policy, Law, Ethics",045341,"Holbert,Derek A",701,20871,Continuing & Prof Studies,3.54,15,0,10,3,0,0,0,0,1,0,1
2025 Fall,STS,2101,Social Foundations Engineering,047117,"Forelle,MC",001,16176,Engineering & Applied Science,3.95,28,0,23,5,0,0,0,0,0,0,0
2025 Fall,LPPL,3210,Behavioral Sci:Civic Leadershp,042166,"Dobson,Kyle",002,14465,Batten Leadership & Public Pol,3.74,79,0,15,61,2,1,0,0,0,0,0
2025 Fall,ECE,6501,Topics: Elect & Computer Engr,007731,"Tao,Gang",007,16257,Engineering & Applied Science,3.97,9,1,7,1,0,0,0,0,0,0,0
2025 Fall,LAW,7026,Sports and Games,021776,"White,George E",1,18950,School of Law,3.46,26,0,1,11,11,3,0,0,0,0,0
2025 Fall,BME,6001,Cell & Molec Physio for Eng,047334,"Peirce-Cottler,Shayn",001,16269,Engineering & Applied Science,4.00,29,3,26,0,0,0,0,0,0,0,0
2025 Fall,EDHS,7120,Fundamentals of Clinical Pract,041987,"Traub,Jaimee",001,16586,School of Education and HumanDev,3.89,12,0,9,2,1,0,0,0,0,0,0
2025 Fall,MAE,6020,Continuum Mechanics,022642,"Smith,Natasha",600,16286,Engineering & Applied Science,3.47,7,0,1,2,3,1,0,0,0,0,0
2025 Fall,MSE,2090,Intro to Materials Science,024402,"Kelly,Robert",001,14716,Engineering & Applied Science,3.04,49,2,7,6,8,8,5,4,8,1,0
2025 Fall,ARCH,4010,Research Studio,001546,"El Khafif,Mona",007,17692,School of Architecture,3.81,14,2,9,2,0,0,0,0,1,0,0
2025 Fall,MATH,3000,Transition to Higher Math,023049,"Turner,Joshua Lenwood",200,20138,College & Graduate Arts & Sci,3.92,16,8,5,2,1,0,0,0,0,0,0
2025 Fall,GCOM,7020,Strategic Cost Management,015390,"Roberts,Andrea A",002,17890,McIntire School of Commerce,3.64,69,0,16,35,13,5,0,0,0,0,0
2025 Fall,STS,2600,Engineering Ethics,046988,"Pappas,Jesse",012,16327,Engineering & Applied Science,3.90,30,0,24,4,1,1,0,0,0,0,0
2025 Fall,ENGL,2599,Special Topics,012514,"Grandison,K. Ian",005,19675,College & Graduate Arts & Sci,3.69,17,1,5,7,3,1,0,0,0,0,0
2025 Fall,CHE,6452,Data Science Chem Eng,046925,"Paolucci,Chris",001,16186,Engineering & Applied Science,3.76,9,2,3,3,0,0,1,0,0,0,0
2025 Fall,APMA,3150,From Data to Knowledge,044104,"Li,Meiqin",003,16181,Engineering & Applied Science,3.74,31,5,13,5,6,1,1,0,0,0,0
2025 Fall,LAW,8013,Mergers and Acquisitions,021590,"Hwang,Cathy",1,18962,School of Law,3.51,48,0,5,17,26,0,0,0,0,0,0
2025 Fall,CE,3010,Project Business Planning,046521,"Duran,Diana Franco",001,19615,Engineering & Applied Science,3.88,50,0,46,2,0,0,1,0,0,0,1
2025 Fall,NUCO,3610,Maternal/Child Nursing,043226,"Kastello,Jennifer",001,17366,School of Nursing,3.95,51,0,45,4,2,0,0,0,0,0,0
2025 Fall,EDHS,4310,Exploring Linguistic Diversity,046980,"Loncke,Filip",001,17182,School of Education and HumanDev,3.99,53,17,35,1,0,0,0,0,0,0,0
2025 Fall,MAE,6600,Intro to Control Systems,046704,"Lin,Zongli",001,16015,Engineering & Applied Science,3.55,21,0,9,5,1,3,2,1,0,0,0
2025 Fall,CS,6501,Spec Top: Computer Science,006981,"Cheng,Zezhou",005,16174,Engineering & Applied Science,3.97,31,7,21,3,0,0,0,0,0,0,0
2025 Fall,LAR,5230,Cultural Landscapes,020919,"Meyer,Elizabeth",001,20237,School of Architecture,3.49,18,1,1,8,4,4,0,0,0,0,0
2025 Fall,PLAP,3140,Mass Media & American Politics,031561,"Freedman,Paul",100,13694,College & Graduate Arts & Sci,3.53,239,0,91,63,37,24,9,6,4,3,2
2025 Fall,GNUR,6121,Diagnostics and Therapeutics,045261,"Brick,Jamie Michele",001,19236,School of Nursing,3.91,11,1,8,1,1,0,0,0,0,0,0
2025 Fall,RUSS,2010,Second-Year Russian I,034637,"Stuart,Madelyn",001,13809,College & Graduate Arts & Sci,3.76,12,0,8,2,0,1,1,0,0,0,0
2025 Fall,LAW,7071,Professional Responsibility,021935,"Sachs,Benjamin Ryan",1,18773,School of Law,3.53,100,1,19,27,48,3,2,0,0,0,0
2025 Fall,COMM,1800,Foundations of Commerce,006438,"Costa,Elaine",001,17908,McIntire School of Commerce,3.32,165,0,36,46,27,32,5,8,4,2,5
2025 Fall,LAW,7686,Investigating Presidents (SC),041897,"Zebley,Aaron Mortimer",1,20687,School of Law,3.49,15,0,0,7,8,0,0,0,0,0,0
2025 Fall,BME,2000,Biomed Engr Design & Discovery,004058,"Guilford,William",001,15255,Engineering & Applied Science,3.81,52,5,32,9,4,1,0,0,0,0,1
2025 Fall,CGBM,2310,Principles of Marketing,047003,"Allred,Nathan Brent",001,17965,McIntire School of Commerce,3.71,53,0,24,17,8,1,3,0,0,0,0
2025 Fall,LPPP,6350,Politics of Public Policy,045109,"Holbein,John",002,14550,Batten Leadership & Public Pol,3.78,50,0,26,18,2,3,1,0,0,0,0
2025 Fall,HIST,2011,History of Human Rights,042049,"Burrill,Emily",100,13598,College & Graduate Arts & Sci,3.73,54,0,33,7,8,4,1,1,0,0,0
2025 Fall,APMA,1090,Single Variable Calculus I,001138,"Ryals,Megan",001,14932,Engineering & Applied Science,3.09,35,13,5,2,3,2,1,0,3,1,5
2025 Fall,EGMT,1520,Empirical Engagement,044513,"Castorani,Max Christopher Nicholas",221,13167,College & Graduate Arts & Sci,3.88,34,0,25,6,2,1,0,0,0,0,0
2025 Fall,HIEA,2091,Korean Civilization to 1900,018294,"Seeley,Joseph",100,12969,College & Graduate Arts & Sci,3.88,60,3,40,12,4,1,0,0,0,0,0
2025 Fall,PHS,3102,Intro PH: Pop. Data Analysis,042649,"Balkrishnan,Rajesh",001,12395,College & Graduate Arts & Sci,3.97,55,2,47,6,0,0,0,0,0,0,0
2025 Fall,CGBM,2310,Principles of Marketing,047003,"Allred,Nathan Brent",003,17975,McIntire School of Commerce,3.65,55,0,23,15,11,3,2,1,0,0,0
2025 Fall,AAS,2500,Topics in Africana Studies,046413,"Pendergrass,Sabrina",001,13334,College & Graduate Arts & Sci,3.51,12,0,7,2,0,1,1,0,0,0,1
2025 Fall,LPPP,6350,Politics of Public Policy,045109,"Holbein,John",001,14549,Batten Leadership & Public Pol,3.76,58,0,32,17,3,4,2,0,0,0,0
2025 Fall,GCOM,7380,Data Mgt & Analytics for Accts,044316,"Liang,Yi",001,17923,McIntire School of Commerce,3.65,27,0,2,20,5,0,0,0,0,0,0
2025 Fall,ECE,3430,Intro Embedded Computer Systms,042681,"Delong,Todd",001,15774,Engineering & Applied Science,3.94,59,27,26,5,0,0,0,0,1,0,0
2025 Fall,COMM,4720,Adv Corp Finance: Val & Restr,006541,"Marston,Felicia",002,17926,McIntire School of Commerce,3.61,30,1,7,12,6,4,0,0,0,0,0
2025 Fall,GNUR,6641,FNP Seminar A,044787,"Yost,Terri",001,17425,School of Nursing,3.89,11,1,6,4,0,0,0,0,0,0,0
2025 Fall,PLCP,3500,Topics in Comp Politics,041289,"Walsh,Denise Marie",003,20556,College & Graduate Arts & Sci,3.86,30,0,16,14,0,0,0,0,0,0,0
2025 Fall,HILA,3051,Modern Central America,018783,"Sweeney,Lean",001,12419,College & Graduate Arts & Sci,3.86,44,16,20,3,3,1,0,0,0,1,0
2025 Fall,CE,3500,Special Topics in CE,044376,"ASADI,Somayeh",001,19616,Engineering & Applied Science,3.91,10,7,0,3,0,0,0,0,0,0,0
2025 Fall,EDLF,7815,Ldshp Equity Dverse Population,046606,"White,Tinkhani",500,17101,School of Education and HumanDev,4.00,8,6,2,0,0,0,0,0,0,0,0
2025 Fall,EGMT,1510,Engaging Aesthetics,044512,"Smith,Wendy Ligon",213,13650,College & Graduate Arts & Sci,3.93,32,7,22,2,0,0,0,1,0,0,0
2025 Fall,LPPP,5500,Short Course Topics,042124,"Parker,Kevin Charles",007,20592,Batten Leadership & Public Pol,3.38,9,0,0,4,2,3,0,0,0,0,0
2025 Fall,LAW,6104,Evidence,021648,"Mitchell,Paul Gregory",2,20726,School of Law,3.58,100,0,9,58,30,2,1,0,0,0,0
2025 Fall,APMA,3140,App Partial Differentl Equatns,001155,"Mahmood,Asif",003,16180,Engineering & Applied Science,3.11,43,0,14,4,7,6,5,1,3,0,3
2025 Fall,PHYS,2030,Princip of Physics 1 Workshop,030811,"Bychkov,Maxim Aleksandrovich",025,14264,College & Graduate Arts & Sci,4.00,12,3,9,0,0,0,0,0,0,0,0
2025 Fall,EDHS,1120,Found of Community Engagement,043507,"Curtis,Sabrina",001,16681,School of Education and HumanDev,3.82,39,0,34,1,1,2,0,0,0,0,1
2025 Fall,EGMT,1510,Engaging Aesthetics,044512,"Casey,Jeffry P",112,13149,College & Graduate Arts & Sci,3.95,27,11,14,1,0,1,0,0,0,0,0
2025 Fall,EGMT,1540,Ethical Engagement,044515,"Driver,Keith",227,20684,College & Graduate Arts & Sci,3.97,30,6,23,0,0,1,0,0,0,0,0
2025 Fall,EDIS,3221,Intro to Reading Foundations,045883,"Pearson,Emma",002,16952,School of Education and HumanDev,3.99,27,2,24,1,0,0,0,0,0,0,0
2025 Fall,MAE,6230,Vibrations,022658,"Rockwell Jr.,Robert Durgin",001,16309,Engineering & Applied Science,3.46,22,2,3,9,6,1,0,0,0,0,1
2025 Fall,ACCT,5210,Introductory Auditing,000190,"Brooks,Gary D",701,20874,Continuing & Prof Studies,3.88,16,0,11,4,1,0,0,0,0,0,0
2025 Fall,PHS,7450,Hlth Inform:DB/Data Life Cycle,030389,"Lyman,Jason",001,18317,Medical School - BIMS/PHS,3.87,17,6,5,5,1,0,0,0,0,0,0
2025 Fall,MUSI,2090,Sound Studies,044426,"Lobley,Noel",001,13792,College & Graduate Arts & Sci,3.82,20,7,8,2,1,1,1,0,0,0,0
2025 Fall,APMA,3140,App Partial Differentl Equatns,001155,"Morris,Diana",001,14681,Engineering & Applied Science,3.08,44,2,10,7,6,5,6,1,3,0,4
2025 Fall,APMA,2130,Ordinary Differentl Equations,001145,"Dizaji,Farzad Shafiei",002,14670,Engineering & Applied Science,3.08,42,0,9,8,7,9,1,1,1,3,3
2025 Fall,APMA,3080,Linear Algebra,001151,"Abramenko,Monika",001,14671,Engineering & Applied Science,3.05,38,3,2,10,7,3,2,5,5,0,1
2025 Fall,DS,6600,Data Eng I: Data Mgmt & Vis,046808,"Kropko,Jonathan",001,14395,School of Data Science,3.97,11,3,7,1,0,0,0,0,0,0,0
2025 Fall,SPAN,2020,Advanced Intermediate Spanish,035854,"Florez-Murillo,David",003,10550,College & Graduate Arts & Sci,3.61,16,0,4,11,0,0,0,0,0,0,1
2025 Fall,EGMT,1530,Engaging Differences,044514,"Morse,Robyn Marie",215,13662,College & Graduate Arts & Sci,3.64,27,0,17,3,3,2,0,1,0,0,1
2025 Fall,HIEU,1501,Intro Sem in Pre1700 Euro Hist,018342,"Sessions,Jennifer",001,19205,College & Graduate Arts & Sci,3.66,18,0,6,9,1,1,0,1,0,0,0
2025 Fall,ECON,3720,Introduction to Econometrics,007939,"Fisher,Jack",100,13948,College & Graduate Arts & Sci,3.56,60,2,21,19,7,6,3,1,0,0,1
2025 Fall,EGMT,1510,Engaging Aesthetics,044512,"Kisliuk,Michelle R",127,20238,College & Graduate Arts & Sci,3.91,20,0,15,4,1,0,0,0,0,0,0
2025 Fall,COMM,1800,Foundations of Commerce,006438,"Costanza,David",002,17909,McIntire School of Commerce,3.39,161,0,59,27,25,23,9,8,6,1,3
2025 Fall,MATH,1210,A survey of Calculus I,022944,"Wang,Xiaojing",920,19571,College & Graduate Arts & Sci,3.31,33,7,11,3,3,0,0,5,1,1,2
2025 Fall,ECE,2200,Applied Physics,046963,"Williams,Keith",001,15952,Engineering & Applied Science,3.66,167,8,70,44,21,16,3,3,1,1,0
2025 Fall,AMST,2001,Intro to American Studies,039700,"Ngo,Fiona",100,10546,College & Graduate Arts & Sci,3.76,232,0,171,28,6,11,5,2,5,1,3
2025 Fall,SPAN,2020,Advanced Intermediate Spanish,035854,"Hervas,Maria Jose Jorquera",008,10555,College & Graduate Arts & Sci,3.84,18,3,10,3,1,0,1,0,0,0,0
2025 Fall,CHEM,1411,Intro College Chem I Lab,005986,"Morkowchuk,Lisa",030,10541,College & Graduate Arts & Sci,3.78,24,10,6,5,1,0,1,1,0,0,0
2025 Fall,MSE,6010,Elec & Crystal Struc of Matls,024419,"Reinke,Petra",001,14718,Engineering & Applied Science,3.52,18,0,5,4,6,2,1,0,0,0,0
2025 Fall,PHS,7100,Intro US Hlth Care Pol & Sys,030371,"Wanchek,Tanya",001,18314,Medical School - BIMS/PHS,3.98,19,1,17,1,0,0,0,0,0,0,0
2025 Fall,EGMT,1510,Engaging Aesthetics,044512,"Jameson-Ellsmore,Benjamin",227,20239,College & Graduate Arts & Sci,3.96,27,14,11,1,1,0,0,0,0,0,0
2025 Fall,EGMT,1510,Engaging Aesthetics,044512,"Goldblatt,Laura Emily",209,13649,College & Graduate Arts & Sci,3.83,30,0,24,4,0,1,0,0,0,0,1
2025 Fall,PHS,7200,Strategic Plan & Ldrshp in PH,030377,"Oliver,M",001,18648,Medical School - BIMS/PHS,3.84,17,0,8,9,0,0,0,0,0,0,0
2025 Fall,STS,2600,Engineering Ethics,046988,"Groves,James",010,16178,Engineering & Applied Science,3.73,27,0,16,4,4,2,1,0,0,0,0
2025 Fall,PHIL,8570,Metaphysic Topic,043319,"Merricks,Trenton",001,12264,College & Graduate Arts & Sci,3.74,9,0,4,3,2,0,0,0,0,0,0
2025 Fall,BME,6004,Signals & Sys Analysis Biomed,047337,"Meyer,Craig",001,16272,Engineering & Applied Science,4.00,22,9,13,0,0,0,0,0,0,0,0
2025 Fall,EDHS,8090,Disorders of Language I,009256,"Hoffman,LaVae",001,16500,School of Education and HumanDev,3.88,23,0,14,9,0,0,0,0,0,0,0
2025 Fall,CHE,6449,Polymer Chemistry &Engr,005520,"Letteri,Rachel",001,16183,Engineering & Applied Science,3.78,6,1,2,2,1,0,0,0,0,0,0
2025 Fall,MAE,3710,Mechanical Systems,022591,"Russell,Shawn",001,14708,Engineering & Applied Science,3.51,118,0,55,23,18,6,5,4,2,1,4
2025 Fall,ENGR,1010,Engineering Foundations 1,046987,"Starling,Anna Leyf",011,15972,Engineering & Applied Science,3.75,39,0,32,3,0,1,0,0,2,0,1
2025 Fall,RUTR,2740,Tolstoy in Translation,034785,"Herman,David",001,13798,College & Graduate Arts & Sci,3.52,32,0,6,9,14,3,0,0,0,0,0
2025 Fall,MAE,4610,ME Design I,022602,"Momot,Michael",003,15649,Engineering & Applied Science,3.91,16,4,7,5,0,0,0,0,0,0,0
2025 Fall,EGMT,1520,Empirical Engagement,044513,"Cantor-Echols,David",119,13160,College & Graduate Arts & Sci,3.99,31,13,17,1,0,0,0,0,0,0,0
2025 Fall,CHTR,3020,Survey of Modern Chinese Lit,040532,"Laughlin,Charles",001,13609,College & Graduate Arts & Sci,3.91,29,2,18,9,0,0,0,0,0,0,0
2025 Fall,MAE,2020,Intro to Mechanical Engrng,046329,"Garner,Gavin",001,15655,Engineering & Applied Science,3.67,167,13,51,62,21,18,1,0,1,0,0
2025 Fall,LPPL,2600,Foundations Behavioral Science,044753,"Scholer,Abigail",001,14536,Batten Leadership & Public Pol,3.59,43,16,10,5,5,3,1,1,0,0,2
2025 Fall,PETR,3232,Persian Poetry,048100,"Fayyaz,Parwana",001,20327,College & Graduate Arts & Sci,3.91,16,7,4,5,0,0,0,0,0,0,0
2025 Fall,CS,4457,Computer Networks,006931,"Reiss,Charles",001,16166,Engineering & Applied Science,3.41,36,3,11,6,5,4,2,2,3,0,0
2025 Fall,EGMT,1530,Engaging Differences,044514,"Edwards,Brandon N.",218,13181,College & Graduate Arts & Sci,3.80,30,2,24,1,1,0,0,0,0,1,1
2025 Fall,MAE,2100,Thermodynamics,022573,"Brown,David",001,16189,Engineering & Applied Science,3.01,86,3,15,10,15,9,13,7,7,4,3
2025 Fall,HIST,5002,Global History,042370,"Sessions,Jennifer",001,13635,College & Graduate Arts & Sci,3.89,9,0,7,1,1,0,0,0,0,0,0
2025 Fall,SPAN,2020,Advanced Intermediate Spanish,035854,"Hertel,Tammy Jandrey",002,10549,College & Graduate Arts & Sci,3.61,15,0,6,6,1,0,1,0,1,0,0
2025 Fall,EGMT,1530,Engaging Differences,044514,"Dave,Shilpa",224,13665,College & Graduate Arts & Sci,3.86,17,0,12,3,2,0,0,0,0,0,0
2025 Fall,HISA,2559,New Course: HISA,039293,"Chatterjee,Indrani",001,19211,College & Graduate Arts & Sci,3.55,25,0,8,8,5,2,0,2,0,0,0
2025 Fall,SYS,6582,Selected Topics in Sys Engr,036979,"Leon,Daniel Otero",001,19915,Engineering & Applied Science,3.93,14,7,5,1,1,0,0,0,0,0,0
2025 Fall,CS,6501,Spec Top: Computer Science,006981,"Cheng,Yue",011,16026,Engineering & Applied Science,3.99,20,17,2,1,0,0,0,0,0,0,0
2025 Fall,SYS,3055,Sys Engr Design Colloquium I,036905,"Riggs,Robert",001,14747,Engineering & Applied Science,3.99,88,0,86,2,0,0,0,0,0,0,0
2025 Fall,APMA,2130,Ordinary Differentl Equations,001145,"Dizaji,Farzad Shafiei",006,15132,Engineering & Applied Science,3.19,43,2,10,5,7,7,4,3,2,2,1
2025 Fall,MDST,3510,Topics in Media Research,045771,"Bridges,Lauren",004,20248,College & Graduate Arts & Sci,3.70,25,10,3,8,2,0,0,1,1,0,0
2025 Fall,EDHS,7680,Psychopathology,009241,"Brenner,Laurie",001,16498,School of Education and HumanDev,3.97,29,0,26,3,0,0,0,0,0,0,0
2025 Fall,SOC,4540,Topics in Politics and Society,046495,"Driscoll,Daniel",001,13764,College & Graduate Arts & Sci,3.82,20,11,4,1,2,2,0,0,0,0,0
2025 Fall,CHEM,1411,Intro College Chem I Lab,005986,"Morkowchuk,Lisa",011,13112,College & Graduate Arts & Sci,3.63,23,13,6,0,0,1,0,1,0,0,2
2025 Fall,DS,4002,Data Science Project,046061,"Alonzi,Loreto",001,14387,School of Data Science,3.96,41,0,36,5,0,0,0,0,0,0,0
2025 Fall,DRAM,2050,Performance and/as Theory,045164,"Brown,Andrew James",1,20256,College & Graduate Arts & Sci,3.65,15,2,3,6,2,2,0,0,0,0,0
2025 Fall,COMM,4522,Topics in BA,046287,"Li,Jingjing",002,17950,McIntire School of Commerce,3.64,23,0,5,14,1,2,1,0,0,0,0
2025 Fall,STS,4500,STS and Engineering Practice,036749,"Seabrook,Bryn",018,15032,Engineering & Applied Science,3.83,32,0,25,3,0,2,2,0,0,0,0
2025 Fall,SYS,6001,Intro Systems Analysis&Design,036947,"Burkett,Matthew",001,14738,Engineering & Applied Science,3.89,43,3,30,6,3,1,0,0,0,0,0
2025 Fall,SLTR,3300,Facing Evil in 20th Century,042456,"Tolczyk,Dariusz",001,12341,College & Graduate Arts & Sci,3.94,38,0,32,5,1,0,0,0,0,0,0
2025 Fall,HIEU,2111,"Eng, Brit, Empire, 1500-1800",018398,"Halliday,Paul",100,19197,College & Graduate Arts & Sci,3.13,59,0,4,18,15,11,1,3,3,2,2
2025 Fall,CHE,4448,Bioseparations Engineering,005467,"Vecchiarello,Nick",001,15423,Engineering & Applied Science,3.54,11,1,2,2,5,1,0,0,0,0,0
2025 Fall,MUSI,2307,Play Guitar! Level 1,045484,"Rosensky,Michael",001,12265,College & Graduate Arts & Sci,3.81,17,0,10,4,3,0,0,0,0,0,0
2025 Fall,GCOM,7250,Product & Project Management,040143,"Maurer,Chris",001,17917,McIntire School of Commerce,3.54,32,0,8,11,9,3,0,0,1,0,0
2025 Fall,PHS,7385,Env Hlth: Epidem Perspectives,042273,"Wells,Kristen",001,18320,Medical School - BIMS/PHS,4.00,19,12,7,0,0,0,0,0,0,0,0
2025 Fall,PHYS,2010,Principles of Physics 1,030809,"Grouchy,Rebecca",006,14145,College & Graduate Arts & Sci,3.24,124,12,27,22,21,14,8,4,4,3,9
2025 Fall,EGMT,1510,Engaging Aesthetics,044512,"Bonino,Nicole",120,13157,College & Graduate Arts & Sci,4.00,20,16,4,0,0,0,0,0,0,0,0
2025 Fall,BME,3310,Biomed Sys Analysis & Design,004066,"Dolatshahi,Sepideh",001,14749,Engineering & Applied Science,3.63,59,4,33,10,3,2,3,0,2,0,2
2025 Fall,CHE,4491,Chemical Engineering Lab II,005481,"Prpich,George",101,14762,Engineering & Applied Science,3.76,15,1,6,5,3,0,0,0,0,0,0
2025 Fall,KOR,1060,Accelerated Elementary Korean,042651,"Chung,Juyeon",001,12960,College & Graduate Arts & Sci,3.67,15,3,5,3,2,1,0,1,0,0,0
2025 Fall,MATH,3250,Ordinary Differential Equatns,023068,"Imbrie,John",300,13749,College & Graduate Arts & Sci,3.50,32,7,9,3,4,5,2,1,0,0,1
2025 Fall,LAW,6103,Corporations,021636,"Hu,Edwin",1,18786,School of Law,3.37,77,0,13,17,21,16,10,0,0,0,0
2025 Fall,EGMT,1510,Engaging Aesthetics,044512,"Cobb,Erica",117,13154,College & Graduate Arts & Sci,4.00,20,7,13,0,0,0,0,0,0,0,0
2025 Fall,EGMT,1520,Empirical Engagement,044513,"Pocanic,Dinko",105,13106,College & Graduate Arts & Sci,3.90,33,2,28,1,0,1,0,0,1,0,0
2025 Fall,COMM,5130,Advanced Financial Accounting,006554,"YU,Yingri",001,17911,McIntire School of Commerce,3.48,36,1,10,11,6,3,2,1,2,0,0
2025 Fall,HIEA,3172,The Japanese Empire,042469,"Stolz,Robert",001,19220,College & Graduate Arts & Sci,3.20,26,0,4,9,5,5,0,1,0,0,2
2025 Fall,LPPP,5559,New Crse: Pub Policy&Leadershp,044864,"Anders,Jenna",001,20312,Batten Leadership & Public Pol,3.80,8,0,4,3,1,0,0,0,0,0,0
2025 Fall,HIUS,3853,Race and Real Estate in the US,044105,"Kahrl,Andrew W",100,19901,College & Graduate Arts & Sci,3.60,65,0,32,16,9,3,0,1,2,1,1
2025 Fall,CS,4710,Artificial Intelligence,006916,"Feng,Lu",001,15124,Engineering & Applied Science,3.94,73,28,41,1,1,0,0,1,1,0,0
2025 Fall,BME,3240,Biotransport,004069,"Highley,Chris",001,15256,Engineering & Applied Science,3.97,65,0,59,6,0,0,0,0,0,0,0
2025 Fall,GCOM,7657,International Consulting,048187,"Seaborn,Paul",001,21269,McIntire School of Commerce,3.43,28,0,2,10,10,6,0,0,0,0,0
2025 Fall,CS,7457,Computer Networks,007005,"Kim,Hyojoon",001,16175,Engineering & Applied Science,3.71,14,4,4,2,2,2,0,0,0,0,0
2025 Fall,CS,2120,Discrete Math and Theory 1,046227,"Chandra,Rohan",001,15667,Engineering & Applied Science,2.58,69,7,10,5,4,9,6,2,6,9,11
2025 Fall,SYS,6003,Optimizatn Models & Methods I,036949,"Riggs,Robert",600,15665,Engineering & Applied Science,3.72,12,0,8,0,3,0,1,0,0,0,0
2025 Fall,LAR,7210,EcoTech III,042664,"Seibert,Matthew",001,17643,School of Architecture,3.39,13,0,1,5,2,5,0,0,0,0,0
2025 Fall,APMA,2501,Special Topics in APMA,044139,"Li,Meiqin",001,16424,Engineering & Applied Science,3.72,21,11,5,3,0,1,0,0,0,0,1
2025 Fall,MSE,3060,Structures/Defects of Material,024406,"Floro,Jerrold",001,14933,Engineering & Applied Science,3.76,27,11,7,4,2,1,1,1,0,0,0
2025 Fall,BIOP,8020,Adv Methods Structural Bio I,004199,"Zimmer,Jochen",001,18601,Medical School - BIMS/PHS,3.26,8,1,1,1,1,1,3,0,0,0,0
2025 Fall,KINE,3601,Musculoskeletal Anatomy Lab I,042824,"Higgins,Michael",001,16623,School of Education and HumanDev,3.90,25,1,18,5,0,1,0,0,0,0,0
2025 Fall,MICR,8402,Microbial Path Proposal Prep,042344,"Agaisse,Herve",001,18357,Medical School - BIMS/PHS,3.89,8,3,2,3,0,0,0,0,0,0,0
2025 Fall,EDIS,4851,Seminar: Elementary Lang Arts,046344,"Leigh,Katie",001,17047,School of Education and HumanDev,3.88,20,2,12,5,0,1,0,0,0,0,0
2025 Fall,CS,4740,Cloud Computing,043033,"Lou,Chang",001,16171,Engineering & Applied Science,3.64,60,13,12,18,7,8,1,1,0,0,0
2025 Fall,CHE,6625,Transport Processes,005513,"Lazzara,Matthew",001,15171,Engineering & Applied Science,3.37,15,0,6,0,3,4,1,0,1,0,0
2025 Fall,FREN,1020,Elementary French II,014274,"Rey,Cecile",002,19232,College & Graduate Arts & Sci,3.38,13,0,5,3,2,1,0,1,0,0,1
2025 Fall,BME,2315,Computational BME,004067,"Saucerman,Jeffrey",001,14935,Engineering & Applied Science,3.93,63,27,25,9,2,0,0,0,0,0,0
2025 Fall,CS,4750,Database Systems,006934,"Praphamontripong,Upsorn",001,15154,Engineering & Applied Science,3.82,150,53,63,12,8,9,3,0,0,1,1
2025 Fall,CS,3140,Software Dev Essentials,046231,"Nguyen,Rich",002,16165,Engineering & Applied Science,3.66,144,4,73,32,18,7,3,2,2,2,1
2025 Fall,EGMT,1510,Engaging Aesthetics,044512,"Siliunas,Andreja M.",211,13205,College & Graduate Arts & Sci,3.97,33,0,30,3,0,0,0,0,0,0,0
2025 Fall,KINE,3420,Contemporary Health Issues,009125,"Edwards,David",001,16613,School of Education and HumanDev,3.97,130,1,119,9,1,0,0,0,0,0,0
2025 Fall,EGMT,1510,Engaging Aesthetics,044512,"Borrione,Francesca",207,13202,College & Graduate Arts & Sci,4.00,32,19,13,0,0,0,0,0,0,0,0
2025 Fall,MSE,6230,Thermodynamics of Materials,024426,"Cunningham,Streit",001,14934,Engineering & Applied Science,3.48,13,0,1,8,2,1,0,0,1,0,0
2025 Fall,CE,3210,Fluid Mechanics,004448,"Lakshmi,Venkataraman",001,14936,Engineering & Applied Science,3.90,51,24,21,0,5,0,0,1,0,0,0
2025 Fall,GNUR,8180,Healthcare Data Analysis,047390,"Byon,Ha Do",001,19238,School of Nursing,3.96,109,57,42,7,2,0,1,0,0,0,0
2025 Fall,EBUS,1800,Business Fundamentals,043892,"Cheng,James",001,15939,Engineering & Applied Science,3.84,53,0,24,29,0,0,0,0,0,0,0
2025 Fall,ECE,2700,Signals and Systems,046965,"Tao,Gang",001,15954,Engineering & Applied Science,3.32,70,4,19,7,12,15,7,4,1,0,1
2025 Fall,CS,2120,Discrete Math and Theory 1,046227,"Sullivan,Kevin",002,15668,Engineering & Applied Science,3.70,126,26,65,14,5,5,4,1,0,3,3
2025 Fall,LAW,7112,Energy Regulation and Policy,041697,"Gocke,Alison",1,20740,School of Law,3.57,29,1,6,9,10,3,0,0,0,0,0
2025 Fall,LPPP,2700,Outdoor Leadership,047009,"Busch,Matthew",001,14544,Batten Leadership & Public Pol,3.81,20,0,11,7,1,1,0,0,0,0,0
2025 Fall,HR,5040,Org. Performance Management,019928,"French,Roderick",701,20841,Continuing & Prof Studies,3.47,15,12,1,0,0,0,0,0,0,0,2
2025 Fall,STS,4500,STS and Engineering Practice,036749,"Wayland,Kent",013,15034,Engineering & Applied Science,3.44,30,0,13,6,0,7,1,1,1,0,1
2025 Fall,ACCT,5470,Forensic Accounting,044657,"Hood,Michael B",701,20837,Continuing & Prof Studies,3.67,20,0,6,10,1,3,0,0,0,0,0
2025 Fall,STS,2600,Engineering Ethics,046988,"Davis,William",003,15982,Engineering & Applied Science,3.83,29,0,22,3,2,1,0,1,0,0,0
2025 Fall,CLAS,3210,Tragedy and Comedy,006318,"Williams,David",001,13633,College & Graduate Arts & Sci,3.59,28,3,13,4,2,3,1,0,1,0,1
2025 Fall,MATH,3100,Introduction to Probability,023058,"Jayanti,Pranava Chaitanya",004,14253,College & Graduate Arts & Sci,3.20,22,1,5,3,2,4,3,3,0,1,0
2025 Fall,STS,4500,STS and Engineering Practice,036749,"Murray,Sean",019,15033,Engineering & Applied Science,3.93,28,0,21,7,0,0,0,0,0,0,0
2025 Fall,EGMT,1520,Empirical Engagement,044513,"Spitzner,Dan Jerome",203,13683,College & Graduate Arts & Sci,3.60,34,0,26,2,0,1,0,1,2,1,1
2025 Fall,ANTH,3679,Curating Culture,046853,"Dobrin,Lise",001,13583,College & Graduate Arts & Sci,3.87,15,4,9,0,0,2,0,0,0,0,0
2025 Fall,BME,2220,Biomechanics,004068,"Sheybani,Natasha",001,15257,Engineering & Applied Science,3.26,54,9,16,3,10,5,1,1,4,0,5
2025 Fall,LPPS,4735,Exp Social Entrepreneurship,042312,"Parker,Kevin Charles",002,14524,Batten Leadership & Public Pol,3.51,14,0,1,8,2,3,0,0,0,0,0
2025 Fall,ARTH,3591,Art History Colloquium,042072,"Phillips,Amanda",005,19131,College & Graduate Arts & Sci,3.69,10,0,2,7,0,1,0,0,0,0,0
2025 Fall,CHE,2246,Introduction to Biotechnology,005440,"Okita,Blair",001,15333,Engineering & Applied Science,3.81,31,12,9,6,3,0,0,0,1,0,0
2025 Fall,EGMT,1540,Ethical Engagement,044515,"Coleman,Creighton Dugan",117,13672,College & Graduate Arts & Sci,3.97,33,0,30,3,0,0,0,0,0,0,0
2025 Fall,LASE,3602,Catalyst Capstone,047063,"Gleek,Charlie",001,13538,College & Graduate Arts & Sci,3.73,35,2,22,6,2,1,1,0,0,0,1
2025 Fall,HR,5020,Staffing and Career Management,019926,"Beckwith,Ronald",701,20840,Continuing & Prof Studies,3.94,16,5,9,1,1,0,0,0,0,0,0
2025 Fall,RELC,3040,Paul: Letters and Theology,033974,"Tite,Philip",001,13488,College & Graduate Arts & Sci,3.97,20,2,17,0,1,0,0,0,0,0,0
2025 Fall,STS,2600,Engineering Ethics,046988,"Guillen,Sergio",004,15983,Engineering & Applied Science,3.80,28,4,17,4,2,0,0,0,0,0,1
2025 Fall,FREN,2010,Intermediate French I,014315,"Ice,Christopher",007,19233,College & Graduate Arts & Sci,3.94,16,0,14,1,1,0,0,0,0,0,0
2025 Fall,AMST,3200,African Am Political Thought,044556,"Balfour,Katharine L",200,20817,College & Graduate Arts & Sci,2.96,11,0,1,2,2,2,0,2,2,0,0
2025 Fall,ACCT,5700,Federal Accounting,045936,"Hutton,Leon W",701,20838,Continuing & Prof Studies,3.98,13,11,1,1,0,0,0,0,0,0,0
2025 Fall,CS,4710,Artificial Intelligence,006916,"Fioretto,Ferdinando",002,16021,Engineering & Applied Science,3.86,83,31,32,12,5,1,1,0,0,1,0
2025 Fall,ENCW,2300,Poetry Writing,013450,...,002,13929,College & Graduate Arts & Sci,3.96,15,1,12,2,0,0,0,0,0,0,0
2025 Fall,LAW,7680,Evolution Holistic Defense(SC),041723,"McWeay,Aisha S.",1,20711,School of Law,3.49,15,0,3,4,6,1,1,0,0,0,0
2025 Fall,SPAN,4200,SPAN Origin and Transformation,035925,"Rini,Joel",001,13540,College & Graduate Arts & Sci,3.75,20,1,13,1,1,4,0,0,0,0,0
2025 Fall,EDHS,7040,Cognitive Linguistic Develop,041985,"Hoffman,LaVae",001,16585,School of Education and HumanDev,3.47,25,0,4,12,0,7,2,0,0,0,0
2025 Fall,LAW,7091,Water Law and Policy,021651,"Szeptycki,Leon",1,20738,School of Law,3.54,21,0,3,8,9,1,0,0,0,0,0
2025 Fall,APMA,1090,Single Variable Calculus I,001138,"Morris,Diana",002,15331,Engineering & Applied Science,2.69,36,2,10,2,5,1,2,3,2,2,7
2025 Fall,CHE,6665,Tech for Chem Engr Anal & Des,005521,"Taylor,Phillip",001,15330,Engineering & Applied Science,3.53,15,0,5,2,6,1,1,0,0,0,0
2025 Fall,DS,2022,Systems I: Intro to Computing,047261,"Williamson,Jason",002,14426,School of Data Science,3.98,59,15,42,1,1,0,0,0,0,0,0
2025 Fall,MATH,1140,Financial Mathematics,022937,"Cernekova,Kristina",003,14257,College & Graduate Arts & Sci,3.52,35,3,12,10,3,1,2,1,2,1,0
2025 Fall,LPPP,5500,Short Course Topics,042124,"Stewart,Denise",004,14540,Batten Leadership & Public Pol,3.93,8,0,6,2,0,0,0,0,0,0,0
2025 Fall,DS,5004,Applied Reinforcement Learning,048181,"Tashman,Adam Paul",001,20658,School of Data Science,3.71,14,4,9,0,0,0,0,0,0,0,1
2025 Fall,MAE,2030,Intro to Aerospace Engineering,046330,"Scott,Ethan",001,15656,Engineering & Applied Science,3.82,73,13,38,14,3,1,3,1,0,0,0
2025 Fall,NURS,1010,Nursing First Year Seminar,045508,"Darensbourg,Ryan",002,17547,School of Nursing,3.89,13,7,4,0,2,0,0,0,0,0,0
2025 Fall,CS,6501,Spec Top: Computer Science,006981,"Farnoud,Farzad Hassanzadeh",007,20621,Engineering & Applied Science,3.74,22,0,12,6,1,2,1,0,0,0,0
2025 Fall,RELJ,3170,Modern Jewish Thought,042626,"Biemann,Asher",001,13494,College & Graduate Arts & Sci,3.90,24,1,18,3,2,0,0,0,0,0,0
2025 Fall,LPPS,6880,Public Opinion and Public Poli,047333,"Jardina,Ashley",001,14566,Batten Leadership & Public Pol,3.51,13,0,6,0,4,1,2,0,0,0,0
2025 Fall,CHE,4491,Chemical Engineering Lab II,005481,"Prpich,George",100,14761,Engineering & Applied Science,3.69,16,0,3,11,1,1,0,0,0,0,0
2025 Fall,LPPP,3620,Engaging Policy Communities,046654,"Martin,Paul",002,14513,Batten Leadership & Public Pol,3.69,45,0,15,19,9,2,0,0,0,0,0
2025 Fall,PHS,7000,Intro Biostat,030364,"Chernyavskiy,Pavel",001,18312,Medical School - BIMS/PHS,3.13,44,0,11,5,7,7,5,5,1,1,2
2025 Fall,BUS,5010,Cybersecurity Management,004336,"Jones,Angel J",701,20839,Continuing & Prof Studies,3.74,5,2,2,0,0,0,1,0,0,0,0
2025 Fall,EDHS,7090,Disorders of Voice,009192,"Mason,Kazlin",500,16492,School of Education and HumanDev,3.86,34,0,22,10,1,1,0,0,0,0,0
2025 Fall,ENWR,1510,Writing and Critical Inquiry,013432,"Evans,Ethan Starr",072,13061,College & Graduate Arts & Sci,4.00,18,5,13,0,0,0,0,0,0,0,0
2025 Fall,ASL,3450,Comp Linguistics: ASL & Engl,003008,"Sofinski,Bruce",001,13821,College & Graduate Arts & Sci,3.88,25,0,21,1,1,2,0,0,0,0,0
2025 Fall,ECE,6501,Topics: Elect & Computer Engr,007731,"Shukla,Nikhil",004,15426,Engineering & Applied Science,3.80,10,1,6,1,1,1,0,0,0,0,0
2025 Fall,DRAM,3420,Voice for Theatre,007264,"Close,Tovah",001,13578,College & Graduate Arts & Sci,3.87,12,0,8,3,1,0,0,0,0,0,0
2025 Fall,STS,4500,STS and Engineering Practice,036749,"Murray,Sean",025,16289,Engineering & Applied Science,3.78,31,0,21,9,0,0,0,0,0,0,1
2025 Fall,HIST,4501,Major Seminar,019210,"Halliday,Paul",003,19201,College & Graduate Arts & Sci,3.73,11,0,6,2,2,1,0,0,0,0,0
2025 Fall,EGMT,1540,Ethical Engagement,044515,"Tite,Philip",224,19418,College & Graduate Arts & Sci,3.85,36,27,6,1,0,1,0,0,0,0,1
2025 Fall,BME,2102,Physiology II,004060,"Barker,Shannon",001,15602,Engineering & Applied Science,3.98,69,25,39,5,0,0,0,0,0,0,0
2025 Fall,EGMT,1540,Ethical Engagement,044515,"Persons,Anne Laura",116,13671,College & Graduate Arts & Sci,3.96,32,1,27,4,0,0,0,0,0,0,0
2025 Fall,ARTH,4051,Art History:Theory & Practice,002557,"Ramirez-Weaver,Eric",001,12979,College & Graduate Arts & Sci,3.92,11,3,5,3,0,0,0,0,0,0,0
2025 Fall,HIEU,3462,Neighbors & Enemies in Germany,018444,"Achilles,Manuela",001,12972,College & Graduate Arts & Sci,3.90,22,0,16,5,1,0,0,0,0,0,0
2025 Fall,EAST,1010,East Asian Canons and Cultures,007647,"Morse,Canaan",100,12961,College & Graduate Arts & Sci,3.71,57,0,20,25,9,3,0,0,0,0,0
2025 Fall,HIST,2212,Maps in World History,044403,"Edelson,S.",100,13001,College & Graduate Arts & Sci,3.68,53,1,17,24,6,3,2,0,0,0,0
2025 Fall,MAE,6592,Spec Topcs in Mech & Aero Engr,022685,"Nickol,Craig",001,16196,Engineering & Applied Science,3.92,11,0,8,3,0,0,0,0,0,0,0
2025 Fall,KINE,3400,Nutrition,009128,"Kranz,Sibylle",001,16637,School of Education and HumanDev,3.98,170,140,22,5,2,1,0,0,0,0,0
2025 Fall,DS,2002,Data Science Systems,046059,"Rivera,Austin",001,14380,School of Data Science,3.78,55,0,38,10,3,2,0,0,0,1,1
2025 Fall,PLAN,6120,Digital Tech for Plan GIS,045554,"Wilson,Bev",001,17714,School of Architecture,3.67,19,0,9,6,2,0,1,1,0,0,0
2025 Fall,LPPA,6100,Economics of Public Policy I,032139,"Player,Daniel",100,14450,Batten Leadership & Public Pol,3.54,53,0,20,10,10,9,3,1,0,0,0
2025 Fall,LPPS,5670,Global Climate Change,047313,"Reifsnyder,Daniel A",001,14565,Batten Leadership & Public Pol,3.85,8,0,4,4,0,0,0,0,0,0,0
2025 Fall,EDHS,2895,Mental Health and Schools,042737,"Gest,Scott",001,16610,School of Education and HumanDev,3.79,36,0,24,5,5,0,2,0,0,0,0
2025 Fall,CS,6501,Spec Top: Computer Science,006981,"Ferreira,Matheus Xavier",002,16172,Engineering & Applied Science,3.50,18,0,7,2,2,7,0,0,0,0,0
2025 Fall,EDHS,7180,Habilitative Audiology I,009201,"Buckley-ess,Nina",500,16493,School of Education and HumanDev,3.96,34,9,20,5,0,0,0,0,0,0,0
2025 Fall,PHIL,3640,Political Philosophy,030092,"Adams,Nate",001,13574,College & Graduate Arts & Sci,3.78,31,3,19,3,5,0,0,0,0,1,0
2025 Fall,CGBM,2210,Digital Skills for Workplace,047002,"Johnson,Steven",002,17964,McIntire School of Commerce,3.84,52,0,36,12,2,1,0,0,0,1,0
2025 Fall,EGMT,1520,Empirical Engagement,044513,"Reilly,Bridget Teresa",224,13170,College & Graduate Arts & Sci,4.00,35,12,23,0,0,0,0,0,0,0,0
2025 Fall,LPPP,3620,Engaging Policy Communities,046654,"Martin,Paul",003,14530,Batten Leadership & Public Pol,3.56,44,0,8,21,10,3,1,1,0,0,0
2025 Fall,PHS,8880,Integrative Learning RP Part 1,030401,"Wells,Kristen",002,18323,Medical School - BIMS/PHS,4.00,5,2,3,0,0,0,0,0,0,0,0
2025 Fall,EDHS,7210,Counseling and Ethics,009204,"Williams,Derick",001,16494,School of Education and HumanDev,3.99,23,14,8,1,0,0,0,0,0,0,0
2025 Fall,PHIL,3150,17th Century Philosophy,030116,"Secada,Jorge",001,13572,College & Graduate Arts & Sci,3.50,23,0,1,14,5,2,0,1,0,0,0
2025 Fall,LPPS,3330,Education and Conflict,046707,"Mohamed,Naseemah",001,14521,Batten Leadership & Public Pol,3.91,10,0,7,3,0,0,0,0,0,0,0
2025 Fall,ECE,2200,Applied Physics,046963,"Williams,Keith",002,15953,Engineering & Applied Science,3.57,101,7,32,28,14,10,5,4,1,0,0
2025 Fall,FREN,3031,Finding Your Voice in French,014357,"Krueger,Cheryl",003,13559,College & Graduate Arts & Sci,3.94,15,0,12,3,0,0,0,0,0,0,0
2025 Fall,LPPP,4500,Topics in PPOL,042355,"Williams,Brian N",001,14568,Batten Leadership & Public Pol,3.84,19,0,9,10,0,0,0,0,0,0,0
2025 Fall,ECON,3010,Intermediate Microeconomics,007908,"Lin,Po",700,14115,College & Graduate Arts & Sci,3.12,89,4,16,19,10,4,17,11,4,2,2
2025 Fall,PHYS,2030,Princip of Physics 1 Workshop,030811,"Bychkov,Maksim",019,14217,College & Graduate Arts & Sci,3.89,26,8,12,4,1,1,0,0,0,0,0
2025 Fall,SYS,6021,Statistical Modeling I,036958,"Barnes,Laura",700,19896,Engineering & Applied Science,3.53,10,1,1,3,4,1,0,0,0,0,0
2025 Fall,MAE,6410,Engineering Mathematics I,022667,"Spencer,Julie",600,16041,Engineering & Applied Science,3.44,12,3,4,1,2,1,0,0,0,0,1
2025 Fall,SYS,3501,Special Topics in SIE,041296,"Barnes,Laura",001,15930,Engineering & Applied Science,3.68,62,4,22,20,10,4,2,0,0,0,0
2025 Fall,MSE,2101,MSE Investigations: Properties,045586,"Floro,Jerrold",001,15581,Engineering & Applied Science,3.66,21,0,9,8,1,2,0,0,1,0,0
2025 Fall,LPPP,5500,Short Course Topics,042124,"Felder,Adam",002,14534,Batten Leadership & Public Pol,3.75,8,0,5,1,1,1,0,0,0,0,0
2025 Fall,MSE,3080,Corrosion,024403,"Scully,John",001,15932,Engineering & Applied Science,3.71,15,1,7,2,4,1,0,0,0,0,0
2025 Fall,ENGR,1010,Engineering Foundations 1,046987,"Dufalla,Nicole",019,16265,Engineering & Applied Science,3.82,36,0,23,8,3,2,0,0,0,0,0
2025 Fall,MSE,6592,Topics in Material Science,024433,"Cai,Liheng",003,16240,Engineering & Applied Science,3.78,6,2,2,1,0,1,0,0,0,0,0
2025 Fall,LPPL,3450,Resilient Leadership for Teams,044867,"Davis,Timothy",100,14502,Batten Leadership & Public Pol,3.56,41,0,2,28,7,3,0,1,0,0,0
2025 Fall,CE,4050,Risk Analysis,046729,"Lambert,James",001,15820,Engineering & Applied Science,3.54,10,2,2,3,0,2,0,1,0,0,0
2025 Fall,ENWR,2520,Special Topics in Writing,013448,"Childers,Jodie",003,14121,College & Graduate Arts & Sci,4.00,16,5,11,0,0,0,0,0,0,0,0
2025 Fall,GCOM,7710,Corporate Valuation & Finance,038182,"Erwin,Gayle R",001,17918,McIntire School of Commerce,3.54,55,1,14,16,14,8,2,0,0,0,0
2025 Fall,KINE,2000,Intro to Kinesiology,042094,"Saliba,Susan",100,16611,School of Education and HumanDev,3.70,148,6,80,28,14,14,3,0,0,2,1
2025 Fall,APMA,1110,Single Variable Calculus II,001140,"Abramenko,Monika",004,14661,Engineering & Applied Science,3.05,42,3,8,9,5,5,4,1,2,0,5
2025 Fall,PLPT,1010,Intro to Political Theory,031925,"Bird,Colin",100,13270,College & Graduate Arts & Sci,3.25,118,0,6,26,47,28,5,4,1,0,1
2025 Fall,KINE,4000,Practicum in Kinesiology,009122,"Fines,Abby",001,16635,School of Education and HumanDev,3.92,13,5,7,0,0,1,0,0,0,0,0
2025 Fall,STS,2600,Engineering Ethics,046988,"Davis,William",011,16294,Engineering & Applied Science,3.81,28,1,16,9,1,0,0,0,1,0,0
2025 Fall,CS,3710,Intro to Cybersecurity,045511,"Orebaugh,Angela",001,15428,Engineering & Applied Science,3.78,146,2,93,37,3,4,3,0,2,0,2
2025 Fall,COMM,3200,Project & Product Management,006498,"Bennett,Andrew L.",002,17925,McIntire School of Commerce,3.87,39,0,24,14,1,0,0,0,0,0,0
2025 Fall,EDHS,7270,Research in Counseling,009210,"Cholewa,Blaire",001,16560,School of Education and HumanDev,3.94,21,0,17,4,0,0,0,0,0,0,0
2025 Fall,PHS,7060,Prog Plan & Eval,030368,"Pannone,Aaron",001,18647,Medical School - BIMS/PHS,3.95,30,1,26,2,0,1,0,0,0,0,0
2025 Fall,STS,2600,Engineering Ethics,046988,"Guillen,Sergio",006,15985,Engineering & Applied Science,3.78,27,1,16,6,2,1,0,1,0,0,0
2025 Fall,APMA,3120,Statistics,001154,"Lark,James",002,14680,Engineering & Applied Science,3.27,41,0,10,11,7,4,1,4,2,0,2
2025 Fall,EGMT,1510,Engaging Aesthetics,044512,"Loeb,Hannah Jane",204,13199,College & Graduate Arts & Sci,3.97,32,5,26,0,0,1,0,0,0,0,0
2025 Fall,LPPA,6150,Res Methods & Data Analysis I,032141,"Hudson,Sally",100,14452,Batten Leadership & Public Pol,3.11,50,0,10,5,7,13,9,1,2,1,2
2025 Fall,LASE,2515,A&S Skills AcceleratorCatalyst,046611,"Patterson,Brenda",003,13269,College & Graduate Arts & Sci,3.61,14,0,7,4,0,1,1,0,1,0,0
2025 Fall,ETP,3500,Topics in ETP,047195,"Bach,Dorothe",001,14005,College & Graduate Arts & Sci,3.84,18,3,11,3,0,0,0,0,1,0,0
2025 Fall,CS,1112,Introduction to Programming,007058,"Basit,Nada",001,14693,Engineering & Applied Science,3.95,89,47,32,7,2,1,0,0,0,0,0
2025 Fall,EDHS,2250,Stress and Anxiety Management,044538,"Knape,Erin",002,16842,School of Education and HumanDev,3.82,30,17,7,2,2,0,0,2,0,0,0
2025 Fall,LAW,8802,Grad Legal Research/Writing I,021830,"Moran,Karen Marie",1,18754,School of Law,3.37,7,0,1,1,3,2,0,0,0,0,0
2025 Fall,MDST,3281,Reimagining the News,047018,"Sweeney,Kate",001,13263,College & Graduate Arts & Sci,3.93,26,3,18,4,1,0,0,0,0,0,0
2025 Fall,DS,6400,Advanced ML 1: Introduction,046805,"Stewart,Thomas",001,14396,School of Data Science,3.22,6,0,1,0,1,4,0,0,0,0,0
2025 Fall,APMA,3080,Linear Algebra,001151,"Li,Meiqin",005,15596,Engineering & Applied Science,3.31,37,7,7,6,2,5,4,3,1,1,1
2025 Fall,LPPS,3240,Terrorism and Counterterrorism,041550,"Moy,Daniel",001,14476,Batten Leadership & Public Pol,3.12,44,0,1,6,16,15,4,1,0,0,1
2025 Fall,SYS,6021,Statistical Modeling I,036958,"Chung,Seokhyun",001,15014,Engineering & Applied Science,3.91,22,0,19,1,1,1,0,0,0,0,0
2025 Fall,PLPT,3500,Special Topics in PT,040944,"Bird,Colin",001,13324,College & Graduate Arts & Sci,3.38,30,0,7,11,7,2,1,0,0,0,2
2025 Fall,CS,3205,HCI in Software Development,006898,"Apostolellis,Panagiotis",001,16370,Engineering & Applied Science,3.67,55,1,30,12,4,3,1,2,2,0,0
2025 Fall,DS,1002,Programming for Data Science,046058,"Xie,Jianxin",001,14399,School of Data Science,3.90,46,0,41,3,0,0,1,0,0,1,0
2025 Fall,BIMS,8995,Topical Research,042296,"Levental,Ilya",008,18635,Medical School - BIMS/PHS,3.95,6,4,1,1,0,0,0,0,0,0,0
2025 Fall,APMA,2130,Ordinary Differentl Equations,001145,"Chen,Heze",003,14667,Engineering & Applied Science,2.68,39,0,6,5,7,6,3,2,2,1,7
2025 Fall,WGS,3305,Issues in LGBTQ Studies,042714,"Stone,Aaron",001,13247,College & Graduate Arts & Sci,3.36,17,1,5,5,1,3,0,1,0,0,1
2025 Fall,MAE,3210,Fluid Mechanics,022582,"Loth,Eric",001,16192,Engineering & Applied Science,3.34,92,2,28,22,11,16,0,1,8,1,3
2025 Fall,MISC,3010,Unit Trng & Warfighting Functn,024256,"Davis,Evan",001,14608,Executive VP & Provost,3.97,10,2,7,1,0,0,0,0,0,0,0
2025 Fall,ARTR,3490,Arab Cinemas,043679,"Al-Samman,Hanadi",001,14007,College & Graduate Arts & Sci,3.95,31,0,26,5,0,0,0,0,0,0,0
2025 Fall,MDST,2305,Podcasting Radio Sound,043728,"Majerczyk,Elliot",001,13232,College & Graduate Arts & Sci,3.73,12,2,7,0,0,2,1,0,0,0,0
2025 Fall,LPPA,3640,Resrch Methods & Data Analysis,042161,"Myung,Noah",003,14541,Batten Leadership & Public Pol,3.48,45,0,9,18,7,6,3,2,0,0,0
2025 Fall,USEM,1580,University Seminar,037198,"Thomas,Mark",002,14635,Executive VP & Provost,3.71,10,0,3,5,2,0,0,0,0,0,0
2025 Fall,SYS,4055,Sys Engr Design Colloquium II,036915,"Riggs,Robert",001,14986,Engineering & Applied Science,3.99,62,0,60,2,0,0,0,0,0,0,0
2025 Fall,BIOL,8310,Career Design,046991,"Sinche,Melanie",001,13241,College & Graduate Arts & Sci,3.61,7,3,2,0,1,0,0,0,1,0,0
2025 Fall,LPPL,4660,Value & Bias in Public Policy,042085,"Trawalter,Sophie",001,14455,Batten Leadership & Public Pol,3.69,53,0,13,30,8,2,0,0,0,0,0
2025 Fall,EGMT,1520,Empirical Engagement,044513,"Lenhart,Benedict Adam",220,13166,College & Graduate Arts & Sci,3.98,35,0,33,2,0,0,0,0,0,0,0
2025 Fall,CS,3240,Software Engineering,006903,"Sherriff,Mark",001,15008,Engineering & Applied Science,3.77,101,0,68,22,4,3,1,1,0,0,2
2025 Fall,RELG,1000,Questions in the Study of Reli,046967,"Shuman,Sam",001,13260,College & Graduate Arts & Sci,3.92,30,0,25,3,2,0,0,0,0,0,0
2025 Fall,ENWR,1510,Writing and Critical Inquiry,013432,...,074,13899,College & Graduate Arts & Sci,3.91,18,0,16,0,1,1,0,0,0,0,0
2025 Fall,CE,3300,Structural Mechanics,004450,"Ozbulut,Osman",001,14743,Engineering & Applied Science,3.60,39,3,16,6,6,5,1,2,0,0,0
2025 Fall,APMA,6410,Engineering Mathematics I,001208,"Spencer,Julie",001,15925,Engineering & Applied Science,3.30,16,4,2,1,2,2,4,0,0,1,0
2025 Fall,ECON,3720,Introduction to Econometrics,007939,"Rafi,Ahnaf",500,13242,College & Graduate Arts & Sci,3.59,87,22,19,13,13,14,4,1,1,0,0
2025 Fall,MAE,2300,Statics,022574,"Liu,Leo",002,15260,Engineering & Applied Science,3.31,55,8,13,6,6,12,5,0,0,3,2
2025 Fall,SPAN,2010,Intermediate Spanish,035853,"Colon,Daniel",015,13535,College & Graduate Arts & Sci,3.75,17,0,7,7,3,0,0,0,0,0,0
2025 Fall,PHYS,2030,Princip of Physics 1 Workshop,030811,"Bychkov,Maxim Aleksandrovich",026,14265,College & Graduate Arts & Sci,3.76,17,3,13,0,0,0,0,0,0,0,1
2025 Fall,APMA,2130,Ordinary Differentl Equations,001145,"Fernando,Anne",004,14763,Engineering & Applied Science,2.85,39,0,7,5,1,5,8,5,4,3,1
2025 Fall,ECE,2600,Electronics,046966,"Zhang,Qiaochu",001,15955,Engineering & Applied Science,3.60,53,3,18,14,11,4,1,1,0,1,0
2025 Fall,CHEM,5320,Adv Inorganic Chemistry II,005781,"Pu,Lin",001,13818,College & Graduate Arts & Sci,3.42,11,0,4,1,4,0,1,0,1,0,0
2025 Fall,PHYS,2030,Princip of Physics 1 Workshop,030811,"Bychkov,Maksim",020,14218,College & Graduate Arts & Sci,3.91,25,8,14,1,0,2,0,0,0,0,0
2025 Fall,APMA,2130,Ordinary Differentl Equations,001145,"Provat,Shirin",005,15074,Engineering & Applied Science,3.12,40,0,5,10,10,5,4,1,2,1,2
2025 Fall,BIOL,4585,Selected Topics in Biology,041824,"Wormington,Mike",001,13740,College & Graduate Arts & Sci,3.82,43,9,22,7,1,3,0,0,1,0,0
2025 Fall,GERM,3000,Advanced German,015707,"Wellmon,Michael",001,13253,College & Graduate Arts & Sci,3.55,12,0,5,1,4,1,1,0,0,0,0
2025 Fall,MAE,4610,ME Design I,022602,"Momot,Michael",002,15161,Engineering & Applied Science,3.91,28,17,6,3,1,1,0,0,0,0,0
2025 Fall,PHYS,2010,Principles of Physics 1,030809,"Grouchy,Rebecca",005,13307,College & Graduate Arts & Sci,3.14,122,11,23,21,14,17,9,7,8,6,6
2025 Fall,SYS,6050,Risk Analysis,036967,"Lambert,James",001,15829,Engineering & Applied Science,3.51,14,2,2,5,1,3,0,1,0,0,0
2025 Fall,MUSI,2309,"Group Voice Class, Popular",046974,"O'Brien,Patricia",001,13315,College & Graduate Arts & Sci,3.79,13,0,4,9,0,0,0,0,0,0,0
2025 Fall,MUSI,7519,Current Stds/Rsch & Criticism,024961,"Dave,Nomi",001,13825,College & Graduate Arts & Sci,4.00,11,6,5,0,0,0,0,0,0,0,0
2025 Fall,EGMT,1510,Engaging Aesthetics,044512,"Dalton,David Norris",216,13209,College & Graduate Arts & Sci,3.87,32,21,7,0,3,0,0,0,1,0,0
2025 Fall,SYS,2001,Systems Engineering Concepts,036895,"Bailey,Reid",001,14722,Engineering & Applied Science,3.30,96,3,15,13,35,17,5,6,1,0,1
2025 Fall,MAE,4610,ME Design I,022602,"Momot,Michael",001,14710,Engineering & Applied Science,3.91,34,17,11,4,1,1,0,0,0,0,0
2025 Fall,EGMT,1510,Engaging Aesthetics,044512,"Borrione,Francesca",215,13208,College & Graduate Arts & Sci,4.00,32,19,13,0,0,0,0,0,0,0,0
2025 Fall,SYS,3023,Human Machine Interface,036903,"Gerling,Gregory",001,14724,Engineering & Applied Science,3.81,98,5,72,8,3,5,1,2,2,0,0
2025 Fall,CHE,4452,Data Sci in CHE,047204,"Paolucci,Chris",001,16185,Engineering & Applied Science,3.51,16,2,5,3,2,0,3,1,0,0,0
2025 Fall,KINE,3410,Exercise Physiology,009117,"Allen,Jason",001,16490,School of Education and HumanDev,3.06,47,1,8,9,9,6,4,2,3,2,3
2025 Fall,LPPP,3620,Engaging Policy Communities,046654,"Martin,Paul",001,14512,Batten Leadership & Public Pol,3.53,39,0,9,14,9,5,1,1,0,0,0
2025 Fall,ENCW,2300,Poetry Writing,013450,...,001,13928,College & Graduate Arts & Sci,3.94,14,0,11,3,0,0,0,0,0,0,0
2025 Fall,LAW,8659,Drug Prod Liablty Litigtn: P&P,040061,"Grossi Jr.,Peter T",1,18781,School of Law,3.56,18,0,1,10,7,0,0,0,0,0,0
2025 Fall,RELA,2750,African Religions,033802,"Hoehler-Fatton,Cynthia",001,13483,College & Graduate Arts & Sci,3.43,12,0,5,0,3,3,0,1,0,0,0
2025 Fall,LPPA,3640,Resrch Methods & Data Analysis,042161,"Myung,Noah",002,14511,Batten Leadership & Public Pol,3.56,51,2,17,13,11,4,1,2,1,0,0
2025 Fall,KINE,3600,Musculoskeletal Anatomy,009105,"Higgins,Michael",001,16489,School of Education and HumanDev,3.23,98,0,17,32,14,10,9,3,6,4,3
2025 Fall,ECE,4440,Computer Engineering Capstone,007696,"Barnes,Adam",001,15123,Engineering & Applied Science,3.87,57,2,38,13,2,1,1,0,0,0,0
2025 Fall,CHE,3316,Chem Thermo & Staged Oper,005446,"Anderson,Eric",001,14696,Engineering & Applied Science,3.03,37,0,6,3,5,9,9,1,2,1,1
2025 Fall,LPPS,3050,Intro to Soc Entrepreneurship,042310,"Touve,David Charles",002,14475,Batten Leadership & Public Pol,3.98,26,0,24,2,0,0,0,0,0,0,0
2025 Fall,BIOL,4019,Psychopharmacology of Plants,047015,"Massey,Ann",001,13261,College & Graduate Arts & Sci,4.00,40,32,8,0,0,0,0,0,0,0,0
2025 Fall,ENWR,1510,Writing and Critical Inquiry,013432,"Evans,Ethan Starr",073,13121,College & Graduate Arts & Sci,4.00,17,7,10,0,0,0,0,0,0,0,0
2025 Fall,PHYS,2030,Princip of Physics 1 Workshop,030811,"Bychkov,Maksim",022,14220,College & Graduate Arts & Sci,3.79,25,7,14,1,1,0,0,0,1,1,0
2025 Fall,PHYS,2030,Princip of Physics 1 Workshop,030811,"Bychkov,Maksim",023,14221,College & Graduate Arts & Sci,3.90,26,3,19,2,1,0,1,0,0,0,0
2025 Fall,EGMT,1520,Empirical Engagement,044513,"Elistratov,Ruslan O",108,13107,College & Graduate Arts & Sci,4.00,32,28,4,0,0,0,0,0,0,0,0
2025 Fall,PHYS,2030,Princip of Physics 1 Workshop,030811,"Bychkov,Maksim",005,13258,College & Graduate Arts & Sci,3.94,26,7,15,3,1,0,0,0,0,0,0
2025 Fall,PHYS,2030,Princip of Physics 1 Workshop,030811,"Bychkov,Maksim",018,13993,College & Graduate Arts & Sci,3.90,25,4,15,4,2,0,0,0,0,0,0
2025 Fall,LPPA,6100,Economics of Public Policy I,032139,"Player,Daniel",200,14446,Batten Leadership & Public Pol,3.52,44,0,18,4,11,7,4,0,0,0,0
2025 Fall,EGMT,1510,Engaging Aesthetics,044512,"Kennedy,Richard L",219,13212,College & Graduate Arts & Sci,3.74,32,6,21,1,1,0,0,0,1,1,1
2025 Fall,EGMT,1540,Ethical Engagement,044515,"Gibson,Amanda White",214,13217,College & Graduate Arts & Sci,3.95,35,0,30,4,1,0,0,0,0,0,0
2025 Fall,STS,4600,Engr Ethcs Prof Responsibility,036750,"Norton,Peter",001,14721,Engineering & Applied Science,3.66,30,1,16,3,6,3,0,0,1,0,0
2025 Fall,ARTH,3591,Art History Colloquium,042072,"Wong,Dorothy",002,13479,College & Graduate Arts & Sci,3.66,11,0,4,3,4,0,0,0,0,0,0
2025 Fall,LPPS,4735,Exp Social Entrepreneurship,042312,"Kluge,Christine Mahoney",001,14499,Batten Leadership & Public Pol,3.97,10,2,7,1,0,0,0,0,0,0,0
2025 Fall,LPPP,4200,Inst & Pol Context of PPol,042159,"Johannessen,Peter",001,14532,Batten Leadership & Public Pol,3.72,65,0,19,36,8,2,0,0,0,0,0
2025 Fall,PHIL,3110,Plato,030112,"McCready-Flora,Ian",001,13571,College & Graduate Arts & Sci,3.43,29,1,5,12,4,6,0,0,0,0,1
2025 Fall,GSGS,3118,"Space, Place & Global Dvlpmnt",047290,"Edmunds,David",001,13888,College & Graduate Arts & Sci,3.96,40,0,35,5,0,0,0,0,0,0,0
2025 Fall,EGMT,1510,Engaging Aesthetics,044512,"Robinson,Mary Ruth",208,13203,College & Graduate Arts & Sci,3.96,32,0,29,2,1,0,0,0,0,0,0
2025 Fall,EGMT,1510,Engaging Aesthetics,044512,"Dalton,David Norris",212,13206,College & Graduate Arts & Sci,3.97,32,25,6,0,0,1,0,0,0,0,0
2025 Fall,EGMT,1510,Engaging Aesthetics,044512,"Casey,Jeffry P",118,13155,College & Graduate Arts & Sci,3.99,30,13,16,1,0,0,0,0,0,0,0
2025 Fall,PHYS,2030,Princip of Physics 1 Workshop,030811,"Bychkov,Maksim",016,13337,College & Graduate Arts & Sci,3.96,26,6,19,0,0,1,0,0,0,0,0
2025 Fall,CHEM,2410,Organic Chemistry I,005698,"Samonina,Jelena",700,13310,College & Graduate Arts & Sci,2.81,148,16,23,19,8,17,11,10,13,12,19
2025 Fall,RELB,2067,Buddhism and Environment,046923,"Heller,Natasha",001,13484,College & Graduate Arts & Sci,3.48,19,0,9,4,2,2,1,0,0,0,1
2025 Fall,EGMT,1510,Engaging Aesthetics,044512,"Kuhn,Mary P",205,13200,College & Graduate Arts & Sci,3.94,32,0,29,1,1,1,0,0,0,0,0
2025 Fall,PHYS,2030,Princip of Physics 1 Workshop,030811,"Bychkov,Maksim",021,14219,College & Graduate Arts & Sci,3.99,25,4,20,1,0,0,0,0,0,0,0
2025 Fall,MUSI,3310,Theory I,024801,"Maus,Fred",002,13794,College & Graduate Arts & Sci,3.09,21,9,3,1,3,0,0,1,0,0,4
2025 Fall,PLAP,4180,Pol Advertising and Democracy,039589,"Freedman,Paul",001,13697,College & Graduate Arts & Sci,3.88,15,0,9,6,0,0,0,0,0,0,0
2025 Fall,MEST,3240,Israel/Palestine in Literature,047348,"Kahlenberg,Caroline",001,14092,College & Graduate Arts & Sci,3.73,20,0,8,9,2,0,1,0,0,0,0
2025 Fall,MUSI,3372,Writing Rap,045131,"Carson,A.D.",001,13795,College & Graduate Arts & Sci,4.00,16,14,2,0,0,0,0,0,0,0,0
2025 Fall,ENWR,2520,Special Topics in Writing,013448,"Carter,Tyler",006,14223,College & Graduate Arts & Sci,3.78,13,0,7,4,1,1,0,0,0,0,0
2025 Fall,EGMT,1530,Engaging Differences,044514,"Edwards,Brandon N.",217,13664,College & Graduate Arts & Sci,3.97,29,3,23,3,0,0,0,0,0,0,0
2025 Fall,STAT,4170,Financial Time Series,044093,"Woo,Jeffrey",001,13761,College & Graduate Arts & Sci,3.57,42,1,18,11,4,4,1,1,0,1,1
2025 Fall,EGMT,1540,Ethical Engagement,044515,"Mullins,Ian",109,13670,College & Graduate Arts & Sci,3.88,33,1,31,0,0,0,0,0,0,0,1
2025 Fall,EGMT,1540,Ethical Engagement,044515,"Achintya,Thirumalai Cunnavakkum Anandanpillai",216,13218,College & Graduate Arts & Sci,3.81,28,3,19,3,0,1,1,0,1,0,0
2025 Fall,GERM,5015,German Reading,046961,"Schenberg,Cora",001,14181,College & Graduate Arts & Sci,3.50,8,0,3,2,1,1,0,1,0,0,0
2025 Fall,EGMT,1510,Engaging Aesthetics,044512,"Ma,Yi-Hsuan",102,13140,College & Graduate Arts & Sci,3.99,20,7,12,1,0,0,0,0,0,0,0
2025 Fall,EGMT,1510,Engaging Aesthetics,044512,"Halvorson-Taylor,Martien A",202,13197,College & Graduate Arts & Sci,3.86,30,0,22,4,3,1,0,0,0,0,0
2025 Fall,PHYS,3210,Classical Mechanics,030861,"Heeck,Julian",001,13124,College & Graduate Arts & Sci,3.16,51,9,8,4,6,10,5,2,2,3,2
