Term Desc,Subject,Catalog Number,Class Title,Course ID,Primary Instructor Name,Class Section,Class Num,Class Academic Group,Course GPA,# of Students,A+,A,A-,B+,B,B-,C+,C,C-,DFW
2025 Spring,LAR,6020,Foundation Studio II,020951,"Gastinger,Breck August",001,10379,School of Architecture,3.48,9,0,2,2,4,0,1,0,0,0,0
2025 Spring,ARCH,2020,Foundation Studio III,001494,"Gonzalez Aranguren,Maria",007,10519,School of Architecture,3.56,13,1,3,3,4,2,0,0,0,0,0
2025 Spring,ARTS,2222,Introduction to New Media II,002859,"Villanueva,Maria",001,10566,College & Graduate Arts & Sci,3.60,11,1,6,1,2,0,0,0,0,0,1
2025 Spring,PHYS,1429,Intro Physics 1 Workshop,031036,"Bychkov,Maksim",007,10826,College & Graduate Arts & Sci,3.72,25,3,16,3,0,2,0,0,0,0,1
2025 Spring,EGMT,1510,Engaging Aesthetics,044512,"Goldblatt,Laura",106,14065,College & Graduate Arts & Sci,3.96,35,0,32,2,1,0,0,0,0,0,0
2025 Spring,MUSI,3400,Ecoacoustics,042047,"Burtner,Matthew",001,14101,College & Graduate Arts & Sci,3.78,21,0,19,0,1,0,0,0,0,0,1
2025 Spring,STS,4600,Engr Ethcs Prof Responsibility,036750,"Seabrook,Bryn",019,15439,Engineering & Applied Science,3.90,28,0,21,6,0,1,0,0,0,0,0
2025 Spring,MATH,1320,Calculus II,022954,"Aitzhanova,Bakhyt",500,12660,College & Graduate Arts & Sci,3.22,21,4,7,0,1,1,2,3,2,0,1
2025 Spring,ECON,4110,Competitive Strategy,045763,"Moore,Michael",001,12908,College & Graduate Arts & Sci,3.58,56,3,15,20,11,4,0,1,1,1,0
2025 Spring,EDIS,3020,The Exceptional Learner,009391,"Myers-Mitchell,H. Nicole",501,17505,School of Education and HumanDev,3.93,30,2,21,7,0,0,0,0,0,0,0
2025 Spring,LAW,7160,Computer Crime,044272,"Bamzai,Aditya",1,10236,School of Law,3.61,77,0,25,20,28,3,1,0,0,0,0
2025 Spring,BIOL,3240,Introduction to Immunology,003549,"Kittlesen,David",001,10595,College & Graduate Arts & Sci,3.40,157,18,41,25,23,17,17,8,4,2,2
2025 Spring,BIOL,2200,Intro Bio w/Lab: Orgnsm & Evol,003471,"Manson,Jessamyn",001,10592,College & Graduate Arts & Sci,3.25,432,35,74,93,65,57,36,28,26,10,8
2025 Spring,PHYS,1429,Intro Physics 1 Workshop,031036,"Bychkov,Maksim",004,10823,College & Graduate Arts & Sci,3.95,25,3,19,2,1,0,0,0,0,0,0
2025 Spring,PHYS,1429,Intro Physics 1 Workshop,031036,"Bychkov,Maksim",019,10836,College & Graduate Arts & Sci,3.48,26,3,15,0,3,2,0,0,1,0,2
2025 Spring,CHEM,1421,Intro College Chemistry II Lab,005994,"Morkowchuk,Lisa",029,12116,College & Graduate Arts & Sci,3.98,24,21,1,2,0,0,0,0,0,0,0
2025 Spring,GDS,4991,Fourth-Year Seminar,041012,"Edmunds,David",001,12914,College & Graduate Arts & Sci,3.62,32,0,24,3,2,0,0,0,1,0,2
2025 Spring,ECE,3250,Electromag Energy Conversion,007678,"Barnes,Adam",001,14994,Engineering & Applied Science,3.47,29,3,10,5,3,3,1,2,2,0,0
2025 Spring,ANTH,3240,The Anthropology of Food,041611,"Jernigan,Kasey",100,19631,College & Graduate Arts & Sci,4.00,58,27,31,0,0,0,0,0,0,0,0
2025 Spring,MATH,1220,A Survey of Calculus II,022945,"Kurtz,Brianna A.",600,10749,College & Graduate Arts & Sci,3.50,21,1,8,2,5,3,1,0,1,0,0
2025 Spring,MATH,1320,Calculus II,022954,"Aitzhanova,Bakhyt",300,10755,College & Graduate Arts & Sci,3.35,23,4,8,1,0,5,0,3,0,2,0
2025 Spring,CHEM,1421,Intro College Chemistry II Lab,005994,"Morkowchuk,Lisa",009,11119,College & Graduate Arts & Sci,3.71,20,14,0,1,3,0,0,2,0,0,0
2025 Spring,PHIL,3800,Feminist Philosophy,044472,"Payton,Dee",001,12044,College & Graduate Arts & Sci,3.61,27,0,13,3,6,4,1,0,0,0,0
2025 Spring,GERM,2020,Intermediate German,015679,"Gutterman,Julia",002,13546,College & Graduate Arts & Sci,3.94,17,2,14,0,0,1,0,0,0,0,0
2025 Spring,CHEM,1421,Intro College Chemistry II Lab,005994,"Morkowchuk,Lisa",038,14561,College & Graduate Arts & Sci,3.88,24,18,3,1,0,0,2,0,0,0,0
2025 Spring,EGMT,1540,Ethical Engagement,044515,"Bernard,Benjamin",215,14573,College & Graduate Arts & Sci,3.74,34,6,18,4,1,2,2,0,0,1,0
2025 Spring,MSE,3070,Kinetics of Materials,045589,"Zhou,Bicheng",001,15917,Engineering & Applied Science,3.90,19,5,10,3,0,1,0,0,0,0,0
2025 Spring,RUSS,3020,Third-Year Russian,034653,"Borovskaya-Ellis,Anna",001,10903,College & Graduate Arts & Sci,3.80,10,0,7,1,1,1,0,0,0,0,0
2025 Spring,CHIN,2020,Intermediate Chinese,006054,"Wang,Jun",001,12669,College & Graduate Arts & Sci,3.96,17,12,4,0,1,0,0,0,0,0,0
2025 Spring,CHEM,2420,Organic Chemistry II,005699,"Serbulea,Vlad",400,12672,College & Graduate Arts & Sci,3.03,113,7,38,13,7,12,4,4,6,7,15
2025 Spring,MATH,2310,Calculus III,023024,"Sonkin,Dmitriy",200,10758,College & Graduate Arts & Sci,3.11,34,0,9,4,7,6,2,2,1,0,3
2025 Spring,PSYC,4500,Spec Tops: Psychology,032600,"Barrentine,Kyle",002,20377,College & Graduate Arts & Sci,3.64,25,1,15,5,1,1,0,1,0,0,1
2025 Spring,CLAS,2020,Roman Civilization,006298,"Hays,Bradford",100,11484,College & Graduate Arts & Sci,3.02,20,0,4,3,3,2,2,2,2,2,0
2025 Spring,PHYS,1425,Intro Physics 1 for Engineers,031032,"Norum,Blaine",001,10817,College & Graduate Arts & Sci,3.32,79,15,9,12,9,22,4,2,3,2,1
2025 Spring,PHYS,1429,Intro Physics 1 Workshop,031036,"Bychkov,Maksim",010,10829,College & Graduate Arts & Sci,3.90,25,5,17,1,0,1,1,0,0,0,0
2025 Spring,LAW,7088,Law and Public Service,040070,"Kim,Annie",2,10254,School of Law,3.55,23,0,8,1,13,1,0,0,0,0,0
2025 Spring,LAW,8807,PT Externship: Directed Study,042592,"Ryan,Anne Sprightley",1,10037,School of Law,3.85,10,0,5,5,0,0,0,0,0,0,0
2025 Spring,LAW,7082,Secured Transactions,021616,"Hynes,Richard",1,10263,School of Law,3.55,51,1,9,20,13,7,1,0,0,0,0
2025 Spring,JPTR,3100,Myths and Legends of Japan,039286,"Heldt,Gustav",001,19097,College & Graduate Arts & Sci,3.46,17,0,3,7,3,2,1,1,0,0,0
2025 Spring,ARAB,1020,Elementary Arabic II,001280,"Maanaki,Bilal",002,10563,College & Graduate Arts & Sci,3.63,15,0,7,6,1,0,0,0,0,0,1
2025 Spring,PHYS,1429,Intro Physics 1 Workshop,031036,"Bychkov,Maksim",020,10838,College & Graduate Arts & Sci,3.73,26,2,16,3,1,2,0,2,0,0,0
2025 Spring,AAS,2500,Topics in Africana Studies,046413,"Mohamed,Naseemah",004,14317,College & Graduate Arts & Sci,3.52,13,0,6,3,3,0,0,0,0,0,1
2025 Spring,DRAM,2620,Sound Design,007233,"Rasbury,Michael",002,11914,College & Graduate Arts & Sci,3.92,12,1,9,1,1,0,0,0,0,0,0
2025 Spring,ECON,2020,Principles of Econ: Macroecon,007877,"Coppock,Lee",002,10638,College & Graduate Arts & Sci,3.03,314,7,40,71,54,43,30,15,20,12,22
2025 Spring,MATH,3250,Ordinary Differential Equatns,023068,"Shapiro,Brandon",200,10764,College & Graduate Arts & Sci,3.48,36,2,13,8,3,2,5,2,0,1,0
2025 Spring,ITAL,1020,Elementary Italian II,020556,"Annunziato,Sarah",004,13943,College & Graduate Arts & Sci,3.82,10,0,4,6,0,0,0,0,0,0,0
2025 Spring,PHYS,2020,Principles of Physics 2,030810,"Grouchy,Rebecca",002,10839,College & Graduate Arts & Sci,3.39,114,22,22,20,15,15,6,2,9,1,2
2025 Spring,GSGS,4200,Applied Rsrch in GlobalStudies,046972,"Edmunds,David",001,20051,College & Graduate Arts & Sci,3.80,25,0,22,1,1,0,0,0,0,0,1
2025 Spring,PHYS,1429,Intro Physics 1 Workshop,031036,"Bychkov,Maksim",001,10820,College & Graduate Arts & Sci,3.67,26,1,17,2,1,2,2,0,0,0,1
2025 Spring,PHYS,1429,Intro Physics 1 Workshop,031036,"Bychkov,Maksim",015,10832,College & Graduate Arts & Sci,3.89,25,4,14,6,0,1,0,0,0,0,0
2025 Spring,EGMT,1540,Ethical Engagement,044515,"Armengol,Roberto Ignacio",126,21509,College & Graduate Arts & Sci,3.87,35,4,16,15,0,0,0,0,0,0,0
2025 Spring,ASTR,1220,Intro Stars Galaxies Universe,003047,"Pryal,Matthew",002,12938,College & Graduate Arts & Sci,3.40,108,3,22,41,17,8,4,2,7,3,1
2025 Spring,BIOL,9920,Rotation Research,003896,"Bergland,Alan",001,10598,College & Graduate Arts & Sci,3.94,21,0,18,2,1,0,0,0,0,0,0
2025 Spring,ECE,6435,Computer Architecture & Design,007719,"Delong,Todd",001,15481,Engineering & Applied Science,3.63,8,3,2,1,1,0,0,0,1,0,0
2025 Spring,LAW,6100,Accounting/Financial Statemnts,021684,"Franks,Harry",1,10001,School of Law,3.43,26,0,2,7,14,3,0,0,0,0,0
2025 Spring,DS,5001,Exploratory Text Analytics,045703,"Alvarado,Rafael",001,14909,School of Data Science,3.81,12,4,4,2,1,1,0,0,0,0,0
2025 Spring,LAW,6006,Property,021565,"Mahoney,Julia",DI,10034,School of Law,3.40,62,0,3,18,31,10,0,0,0,0,0
2025 Spring,LAW,9277,Conservation Planning and Law,044342,"Szeptycki,Leon",1,10064,School of Law,3.39,11,0,0,4,5,2,0,0,0,0,0
2025 Spring,EGMT,1520,Empirical Engagement,044513,"Bultman,Rebecca",111,13075,College & Graduate Arts & Sci,3.98,36,32,2,2,0,0,0,0,0,0,0
2025 Spring,CHEM,1421,Intro College Chemistry II Lab,005994,"Morkowchuk,Lisa",015,11125,College & Graduate Arts & Sci,3.74,24,17,1,2,2,1,0,0,0,0,1
2025 Spring,LASE,3510,Topics in the Liberal Arts,046610,"LaFleur,Jennifer",002,13168,College & Graduate Arts & Sci,3.09,14,2,7,0,1,0,0,0,2,0,2
2025 Spring,LPPS,3440,Intro Management Consulting,046561,"Boler,Brendan",001,20517,Batten Leadership & Public Pol,3.72,77,1,28,32,14,2,0,0,0,0,0
2025 Spring,STAT,3080,From Data to Knowledge,040829,"Brown,Taylor",001,11696,College & Graduate Arts & Sci,3.78,58,0,38,11,6,1,0,1,0,1,0
2025 Spring,PSYC,4603,Psyc of Sexual Orientation,032634,"Patterson,Charlotte",001,14323,College & Graduate Arts & Sci,3.73,25,0,17,2,2,3,0,1,0,0,0
2025 Spring,NUCO,4210,Public Health Nursing,043229,"Mitchell,Emma",100,17867,School of Nursing,3.97,48,0,46,1,0,1,0,0,0,0,0
2025 Spring,LAW,7024,Banking & Financial Institutns,040097,"Verdier,Pierre-Hugues",1,10233,School of Law,3.41,21,0,2,6,9,3,1,0,0,0,0
2025 Spring,EGMT,1540,Ethical Engagement,044515,"Swoboda,Jessica",103,12310,College & Graduate Arts & Sci,4.00,37,11,26,0,0,0,0,0,0,0,0
2025 Spring,LAW,7019,Criminal Investigation,021639,"Armacost,Barbara",1,10040,School of Law,3.50,72,0,14,20,27,10,1,0,0,0,0
2025 Spring,LAW,7108,Real Est Trans & Litigation,041691,"Arsali,Anthony",1,10139,School of Law,3.48,14,0,0,7,6,1,0,0,0,0,0
2025 Spring,CHE,4417,Tissue Engineering,044491,"Caliari,Steven",001,14948,Engineering & Applied Science,3.84,10,1,5,3,1,0,0,0,0,0,0
2025 Spring,APMA,2120,Multivariable Calculus,001144,"Ryals,Megan",004,14954,Engineering & Applied Science,2.38,21,0,2,1,1,3,2,3,4,2,3
2025 Spring,CHEM,1421,Intro College Chemistry II Lab,005994,"Morkowchuk,Lisa",018,11128,College & Graduate Arts & Sci,3.95,24,18,3,2,1,0,0,0,0,0,0
2025 Spring,PHS,4991,GPH Capstone,044464,"Valdez,Rupa",004,13021,College & Graduate Arts & Sci,3.95,18,0,15,3,0,0,0,0,0,0,0
2025 Spring,GETR,3464,Stories of Love and Adventure,045859,"McDonald,William",001,13024,College & Graduate Arts & Sci,3.54,30,0,9,12,4,4,0,0,0,0,1
2025 Spring,PHYS,1429,Intro Physics 1 Workshop,031036,"Bychkov,Maksim",017,10834,College & Graduate Arts & Sci,3.78,26,3,19,2,0,1,0,0,0,0,1
2025 Spring,APMA,2120,Multivariable Calculus,001144,"Hellings,Christian",005,15424,Engineering & Applied Science,2.86,43,1,4,8,8,5,2,8,2,0,5
2025 Spring,LAW,6006,Property,021565,"Nicoletti,Cynthia",EJ,10154,School of Law,3.40,63,0,11,10,27,13,2,0,0,0,0
2025 Spring,EDHS,4210,Speech Sound Devel & Disorders,046565,"Hilton,Jane",001,17163,School of Education and HumanDev,3.63,14,0,6,5,0,2,0,1,0,0,0
2025 Spring,MUSI,2340,Learn to Groove,039726,"Jospe,Robert",001,11490,College & Graduate Arts & Sci,4.00,17,4,13,0,0,0,0,0,0,0,0
2025 Spring,ARTH,2054,Roman Art & Archaeology,002454,"Kreindler,Kate",100,12899,College & Graduate Arts & Sci,3.47,55,3,18,19,5,6,0,0,1,0,3
2025 Spring,PHYS,1425,Intro Physics 1 for Engineers,031032,"Yoshida,Atsushi",005,13582,College & Graduate Arts & Sci,3.43,122,4,22,39,18,27,7,2,2,1,0
2025 Spring,ANTH,3590,Social & Cultural Anthropology,041002,"Mentore,George",001,13012,College & Graduate Arts & Sci,3.47,24,0,4,9,3,8,0,0,0,0,0
2025 Spring,ENGL,3500,Studies in English Literature,045449,"Pasanek,Brad",001,14394,College & Graduate Arts & Sci,3.76,22,4,12,3,2,0,0,0,0,0,1
2025 Spring,AAS,3559,New Course: AAS,038532,"Kelly,Darren",001,19105,College & Graduate Arts & Sci,3.60,19,3,6,5,2,1,0,1,1,0,0
2025 Spring,CHEM,1420,Intro College Chemistry II,005650,"Welch,Kevin",100,10601,College & Graduate Arts & Sci,3.24,478,7,79,106,92,95,45,25,13,4,12
2025 Spring,LAW,6001,Constitutional Law,021552,"Ross,Bertrall",CH,10004,School of Law,3.40,63,0,8,14,28,10,3,0,0,0,0
2025 Spring,PSLP,5340,Financial Mgmt for Leaders,004345,"Coyle,Ian",701,20599,Continuing & Prof Studies,3.91,23,0,16,7,0,0,0,0,0,0,0
2025 Spring,STAT,4120,Applied Linear Models,046319,"Woo,Jeffrey",001,13549,College & Graduate Arts & Sci,3.44,59,4,19,13,3,13,2,2,1,0,2
2025 Spring,APMA,3080,Linear Algebra,001151,"Li,Meiqin",001,14960,Engineering & Applied Science,3.42,31,4,8,5,3,6,1,3,1,0,0
2025 Spring,CS,1110,Introduction to Programming,006846,"Khargonkar,Arohi",001,14972,Engineering & Applied Science,3.43,146,0,65,28,8,13,14,7,6,2,3
2025 Spring,ASTR,1210,Intro Sky and Solar System,003045,"Li,Zhi-Yun",001,10586,College & Graduate Arts & Sci,3.18,109,14,20,11,23,7,17,4,3,3,7
2025 Spring,PSPA,5030,Public Budgeting and Fin Mgmt,040510,"Beckett,Corey",701,20204,Continuing & Prof Studies,4.00,9,3,6,0,0,0,0,0,0,0,0
2025 Spring,ETP,2030,"Politics, Science, and Values",013694,"Cushman,Stephen",001,12959,College & Graduate Arts & Sci,3.68,40,0,15,17,4,1,3,0,0,0,0
2025 Spring,PSYC,3990,RM: Grp Process & Facilitatn I,045941,"Nagel,Alison",001,12965,College & Graduate Arts & Sci,3.94,34,6,26,0,0,2,0,0,0,0,0
2025 Spring,STAT,3220,Intro to Regression Analysis,040001,"Varanyak,Krista",002,12083,College & Graduate Arts & Sci,3.94,77,15,52,7,2,1,0,0,0,0,0
2025 Spring,ANTH,2280,Medical Anthropology,000655,"Zigon,Jarrett",100,11475,College & Graduate Arts & Sci,3.85,234,24,136,58,6,5,1,2,1,1,0
2025 Spring,CHEM,1421,Intro College Chemistry II Lab,005994,"Morkowchuk,Lisa",026,12113,College & Graduate Arts & Sci,3.97,22,19,1,2,0,0,0,0,0,0,0
2025 Spring,FREN,3043,French-Speaking World III,014368,"Lyu,Claire",001,19663,College & Graduate Arts & Sci,3.90,12,0,8,4,0,0,0,0,0,0,0
2025 Spring,CE,2110,Environmental Engineering Lab,040525,"Culver,Teresa",002,15060,Engineering & Applied Science,3.82,19,2,9,6,1,1,0,0,0,0,0
2025 Spring,CHEM,2321,Org Lab II Non-Chem Maj/Min,043155,"Chruma,Jason",013,12732,College & Graduate Arts & Sci,3.93,29,2,23,3,0,1,0,0,0,0,0
2025 Spring,PHYS,2040,Princip of Physics 2 Workshop,030812,"Bychkov,Maksim",004,10843,College & Graduate Arts & Sci,3.98,26,4,20,2,0,0,0,0,0,0,0
2025 Spring,PHYS,2040,Princip of Physics 2 Workshop,030812,"Bychkov,Maksim",007,10846,College & Graduate Arts & Sci,3.99,25,6,18,1,0,0,0,0,0,0,0
2025 Spring,PHYS,3420,Electricity and Magnetism I,030865,"Paschke,Kent",001,10852,College & Graduate Arts & Sci,3.13,45,4,7,6,5,11,4,4,2,0,2
2025 Spring,MAE,3010,Astronautics,022579,"Knospe,Carl",001,15000,Engineering & Applied Science,3.48,72,17,21,8,7,6,4,1,4,4,0
2025 Spring,PLIR,4450,Clash Ideas World Pol,041610,"Owen,John",001,19376,College & Graduate Arts & Sci,3.63,15,0,3,7,5,0,0,0,0,0,0
2025 Spring,KINE,2850,Medical Terminology,042975,"Sikoryak,George",502,16977,School of Education and HumanDev,3.99,98,8,88,2,0,0,0,0,0,0,0
2025 Spring,EDIS,3012,Mindfulness & Development,044838,"Mischenko,Polina",001,16980,School of Education and HumanDev,3.86,27,16,7,1,0,1,2,0,0,0,0
2025 Spring,ENWR,2510,Advanced Writing Seminar,013441,"Fowler,Charity",004,14564,College & Graduate Arts & Sci,3.55,13,1,6,2,1,1,1,0,0,1,0
2025 Spring,KINE,2420,Intro to Personal Training,043639,"Davis,Jason",001,16927,School of Education and HumanDev,4.00,22,20,2,0,0,0,0,0,0,0,0
2025 Spring,ENGR,1020,Engineering Foundations 2,046986,"Williams,Shaylin",007,16220,Engineering & Applied Science,3.90,38,0,33,3,0,1,0,0,1,0,0
2025 Spring,LAR,7120,Design Research Seminar,043834,"Putalik,Erin",100,20069,School of Architecture,3.61,14,0,3,7,2,2,0,0,0,0,0
2025 Spring,BME,3030,Design&Innovation in Medicine,044047,"Barker,Tom",001,15448,Engineering & Applied Science,3.94,43,0,37,4,2,0,0,0,0,0,0
2025 Spring,PHYS,2040,Princip of Physics 2 Workshop,030812,"Bychkov,Maksim",013,10849,College & Graduate Arts & Sci,4.00,26,13,13,0,0,0,0,0,0,0,0
2025 Spring,ENWR,2520,Special Topics in Writing,013448,"Goad,Rhiannon",006,14110,College & Graduate Arts & Sci,3.79,16,0,11,1,3,1,0,0,0,0,0
2025 Spring,APMA,2120,Multivariable Calculus,001144,"Fernando,Thiwanka",001,14951,Engineering & Applied Science,2.27,25,0,2,0,1,6,2,0,6,3,5
2025 Spring,ALAR,8020,Research Studio 2,000310,"Schumann,Kyle",004,10388,School of Architecture,3.93,9,3,4,2,0,0,0,0,0,0,0
2025 Spring,ARCH,2020,Foundation Studio III,001494,...,004,10367,School of Architecture,3.34,14,0,2,3,3,5,1,0,0,0,0
2025 Spring,DRAM,1010,How Theatre Works,007177,"Garey,Cady",001,10635,College & Graduate Arts & Sci,3.55,51,0,19,14,9,4,1,3,1,0,0
2025 Spring,EDLF,8387,Practical Evaluation,044855,"Webber,Krysti",501,17433,School of Education and HumanDev,3.75,11,1,4,5,0,0,1,0,0,0,0
2025 Spring,ECON,4430,Environmental Economics,007977,"Sekhri,Sheetal",099,13790,College & Graduate Arts & Sci,3.57,66,2,20,26,8,4,4,0,0,0,2
2025 Spring,GCOM,7371,FinReportng&PrdictiveAnalytics,041148,"YU,Yingri",001,20734,McIntire School of Commerce,3.69,16,0,3,11,1,1,0,0,0,0,0
2025 Spring,PSYC,2700,Intro to Child Psychology,032516,"Robertson,Zoe",001,10876,College & Graduate Arts & Sci,3.78,332,15,209,54,22,16,11,2,0,2,1
2025 Spring,LING,5409,Acoustic Phonetics,042565,"Mirzayan,Armik",001,14057,College & Graduate Arts & Sci,3.71,9,1,5,1,0,1,1,0,0,0,0
2025 Spring,EGMT,1510,Engaging Aesthetics,044512,"Farooqi,Mehr",111,14068,College & Graduate Arts & Sci,3.85,35,2,22,8,2,0,1,0,0,0,0
2025 Spring,EGMT,1510,Engaging Aesthetics,044512,"Felski,Rita",223,14095,College & Graduate Arts & Sci,3.91,30,0,28,1,0,0,0,0,0,1,0
2025 Spring,ASL,2020,Intermed Amer Sign Language II,003002,"Eshgi,Maher",004,13027,College & Graduate Arts & Sci,3.45,15,0,6,3,2,2,0,1,0,1,0
2025 Spring,PHYS,8610,Condensed Matter Theory I,030960,"Teo,Chi Yan Jeffrey",001,13591,College & Graduate Arts & Sci,3.90,6,0,4,2,0,0,0,0,0,0,0
2025 Spring,EVSC,4290,Limnology,039284,"Pace,Michael",001,13597,College & Graduate Arts & Sci,3.43,26,0,4,9,6,5,1,1,0,0,0
2025 Spring,EDHS,2250,Stress and Anxiety Management,044538,"Framel,Courtney",001,16974,School of Education and HumanDev,3.98,59,0,56,2,1,0,0,0,0,0,0
2025 Spring,LAW,7025,Employment Law: Health/Safety,021978,"Verkerke,J",1,10242,School of Law,3.49,16,0,2,5,8,1,0,0,0,0,0
2025 Spring,SOC,3310,Sociology of Self,040428,"Skubby,David",001,13997,College & Graduate Arts & Sci,3.16,24,0,3,6,5,4,3,0,2,0,1
2025 Spring,LAW,7178,Feminist Jurisprudence,045582,"Coughlin,Anne",1,10067,School of Law,3.52,60,1,10,18,27,2,2,0,0,0,0
2025 Spring,ASL,2020,Intermed Amer Sign Language II,003002,"Eshgi,Maher",002,11987,College & Graduate Arts & Sci,3.11,16,0,5,1,1,5,1,1,1,0,1
2025 Spring,ENWR,1510,Writing and Critical Inquiry,013432,"Stephenson,Kate",036,11990,College & Graduate Arts & Sci,3.86,17,5,9,1,1,0,1,0,0,0,0
2025 Spring,CHEM,2321,Org Lab II Non-Chem Maj/Min,043155,"Chruma,Jason",003,11717,College & Graduate Arts & Sci,3.64,28,0,12,9,1,4,2,0,0,0,0
2025 Spring,ANTH,1010,Introduction to Anthropology,000600,"Danziger,Eve",100,10560,College & Graduate Arts & Sci,3.26,106,1,11,28,27,19,9,8,1,2,0
2025 Spring,ECON,4880,Seminar in Policy Analysis,007987,"Friedberg,Leora",001,10647,College & Graduate Arts & Sci,3.87,10,0,7,2,1,0,0,0,0,0,0
2025 Spring,ENWR,2510,Advanced Writing Seminar,013441,"Carter,Tyler",001,12104,College & Graduate Arts & Sci,3.96,16,2,12,2,0,0,0,0,0,0,0
2025 Spring,WGS,3500,Research and Methods in WGS,041823,"Chin,Matthew",001,13579,College & Graduate Arts & Sci,3.70,11,4,3,2,0,1,0,1,0,0,0
2025 Spring,LPPP,7559,New Course: PPOL,044184,"Lipscomb,Molly",001,20686,Batten Leadership & Public Pol,3.87,9,0,5,4,0,0,0,0,0,0,0
2025 Spring,DRAM,2020,Acting I,007200,"Chebli,Karim",002,11693,College & Graduate Arts & Sci,3.70,14,0,8,4,0,1,0,0,1,0,0
2025 Spring,CHE,3322,Transprt Proc II: Heat & Mass,005449,"Giri,Gaurav",001,14988,Engineering & Applied Science,2.78,40,1,1,4,5,6,9,8,3,3,0
2025 Spring,SYS,6050,Risk Analysis,036967,"Lambert,James",600,15624,Engineering & Applied Science,3.70,11,1,3,4,3,0,0,0,0,0,0
2025 Spring,EDHS,4030,Speech and Hearing Science,044036,"Loncke,Filip",001,16935,School of Education and HumanDev,3.78,68,30,20,7,4,5,0,0,1,0,1
2025 Spring,EDLF,8662,Politics and Education,009800,"Pusser,Brian",001,17157,School of Education and HumanDev,3.70,34,0,17,9,4,2,2,0,0,0,0
2025 Spring,EDLF,5040,Education and Neuroscience,046604,"Evans,Tanya",001,17454,School of Education and HumanDev,3.94,82,20,48,13,0,0,1,0,0,0,0
2025 Spring,ENWR,2520,Special Topics in Writing,013448,"Parks,Stephen",002,13385,College & Graduate Arts & Sci,3.76,15,6,3,3,1,2,0,0,0,0,0
2025 Spring,ANTH,5559,New Course: ANTH,038619,"Marie,Aron",100,19654,College & Graduate Arts & Sci,3.90,6,2,2,2,0,0,0,0,0,0,0
2025 Spring,CS,6501,Spec Top: Computer Science,006981,"Sun,Yixin",002,15901,Engineering & Applied Science,3.87,61,3,45,7,3,2,0,1,0,0,0
2025 Spring,SOC,2520,Topics in Death & Dying,035319,"Aviles,Natalie",100,20161,College & Graduate Arts & Sci,3.60,56,13,24,5,2,6,0,2,2,1,1
2025 Spring,STAT,5630,Statistical Machine Learning,043509,"Lubberts,Zach",001,12896,College & Graduate Arts & Sci,3.98,43,9,31,3,0,0,0,0,0,0,0
2025 Spring,MUEN,3650,University Singers,024591,"Slon,Michael",001,10803,College & Graduate Arts & Sci,3.98,80,1,77,1,0,0,1,0,0,0,0
2025 Spring,HIAF,2002,Modern African History,018134,"Burrill,Emily",001,13355,College & Graduate Arts & Sci,3.65,54,0,20,25,5,1,0,2,0,0,1
2025 Spring,PLAC,6090,Planning Capstone,044530,"Cockrell,William",001,10409,School of Architecture,4.00,15,3,12,0,0,0,0,0,0,0,0
2025 Spring,ANTH,2190,Desire and World Economics,000646,"Mentore,George",001,14027,College & Graduate Arts & Sci,3.41,30,0,1,10,14,5,0,0,0,0,0
2025 Spring,ANTH,3590,Social & Cultural Anthropology,041002,"Puckett,Randall",002,14030,College & Graduate Arts & Sci,3.85,22,4,12,3,2,1,0,0,0,0,0
2025 Spring,PHYS,1429,Intro Physics 1 Workshop,031036,"Bychkov,Maksim",011,11604,College & Graduate Arts & Sci,3.89,24,1,17,4,2,0,0,0,0,0,0
2025 Spring,PHYS,2419,Intro Physics 2 Workshop,031079,"Bychkov,Maksim",003,11607,College & Graduate Arts & Sci,3.91,21,6,10,4,1,0,0,0,0,0,0
2025 Spring,EGMT,1530,Engaging Differences,044514,"Walsh,Meaghan",202,13054,College & Graduate Arts & Sci,3.97,32,0,30,1,1,0,0,0,0,0,0
2025 Spring,EGMT,1510,Engaging Aesthetics,044512,"Stec,Justin",220,14174,College & Graduate Arts & Sci,3.98,35,5,28,2,0,0,0,0,0,0,0
2025 Spring,BIOL,5070,Prac Aspects Light Microscopy,003662,"Periasamy,Ammasi",001,14418,College & Graduate Arts & Sci,3.83,8,2,4,0,2,0,0,0,0,0,0
2025 Spring,MATH,3310,Basic Real Analysis,023072,"Campbell,Jacob",100,10767,College & Graduate Arts & Sci,3.30,35,6,10,6,2,3,0,4,1,0,3
2025 Spring,PORT,2120,Interm Intensive Portuguese,032104,"Feitosa,Lilian",001,14009,College & Graduate Arts & Sci,3.76,20,0,8,9,3,0,0,0,0,0,0
2025 Spring,SPAN,2020,Advanced Intermediate Spanish,035854,"Barlow,Jennifer",009,11377,College & Graduate Arts & Sci,3.69,18,0,5,9,4,0,0,0,0,0,0
2025 Spring,ARTH,3525,Topics in Ren Art History,040304,"White,Tonya L.",501,19388,College & Graduate Arts & Sci,3.99,28,22,5,1,0,0,0,0,0,0,0
2025 Spring,APMA,2501,Special Topics in APMA,044139,"Chen,Heze",001,19693,Engineering & Applied Science,4.00,21,13,8,0,0,0,0,0,0,0,0
2025 Spring,DS,6013,DS Capstone Work II,043919,"Hartvigsen,Tom",003,14912,School of Data Science,3.64,12,0,7,1,0,4,0,0,0,0,0
2025 Spring,MATH,1210,A survey of Calculus I,022944,"Mitchell,Susan Beth",920,14288,College & Graduate Arts & Sci,3.09,29,3,7,4,0,7,2,2,0,1,3
2025 Spring,BIOC,8151,Biochemical Literature,003293,"Wotton,David",001,18409,Medical School - BIMS/PHS,3.96,19,5,13,0,1,0,0,0,0,0,0
2025 Spring,MAE,3620,Machine Elem & Fatigue Design,022588,"Momot,Michael",001,15003,Engineering & Applied Science,3.28,101,8,17,20,15,20,8,6,3,3,1
2025 Spring,BIOL,4770,Synthetic Biology,043426,"Kozminski,Keith",001,11821,College & Graduate Arts & Sci,3.87,15,0,11,3,0,1,0,0,0,0,0
2025 Spring,SOC,2595,Special Topics in Sociology,041382,"Vickerman,Milton",100,20165,College & Graduate Arts & Sci,3.19,25,0,7,9,2,1,0,1,2,0,3
2025 Spring,GSVS,4991,Capstone Seminar- GSVS,044017,"Crisman,Phoebe",001,11949,College & Graduate Arts & Sci,3.86,25,9,10,3,1,2,0,0,0,0,0
2025 Spring,HIST,5130,Global Legal History,044984,"Halliday,Paul",001,20042,College & Graduate Arts & Sci,3.56,7,0,3,0,3,1,0,0,0,0,0
2025 Spring,EGMT,1510,Engaging Aesthetics,044512,"Duong,Kevin",101,14060,College & Graduate Arts & Sci,3.90,29,0,19,10,0,0,0,0,0,0,0
2025 Spring,CE,5035,Constructn Estimatng & Biddng,046362,"O'malley,Matthew",001,15923,Engineering & Applied Science,3.73,20,1,12,0,5,2,0,0,0,0,0
2025 Spring,BIOL,3250,Intro to Animal Behavior,003550,"Kawasaki,Masashi",001,11690,College & Graduate Arts & Sci,3.62,150,9,61,29,26,16,6,0,3,0,0
2025 Spring,PSLP,5330,Communication & Team Develpmnt,004346,"McCarthy,John",701,20201,Continuing & Prof Studies,4.00,23,17,6,0,0,0,0,0,0,0,0
2025 Spring,ANTH,4420,Theories of Language,000851,"Sicoli,Mark",001,19640,College & Graduate Arts & Sci,3.98,19,10,8,1,0,0,0,0,0,0,0
2025 Spring,ENWR,1506,Writing & Critical Inquiry S2,013429,"Natishan,Kate",005,12062,College & Graduate Arts & Sci,3.79,11,6,2,2,0,0,0,1,0,0,0
2025 Spring,MATH,3354,Survey of Algebra,023084,"Branman,Beth",001,10770,College & Graduate Arts & Sci,3.79,35,7,20,5,1,1,0,0,0,0,1
2025 Spring,LPPP,4991,Capstone Seminar,042163,"Lipscomb,Molly",007,20361,Batten Leadership & Public Pol,3.84,14,0,10,2,1,1,0,0,0,0,0
2025 Spring,EGMT,1530,Engaging Differences,044514,"Hedstrom,Matthew",215,13412,College & Graduate Arts & Sci,3.74,32,2,20,5,2,0,1,0,2,0,0
2025 Spring,EGMT,1540,Ethical Engagement,044515,"Choi,Christopher",225,20131,College & Graduate Arts & Sci,4.00,36,13,23,0,0,0,0,0,0,0,0
2025 Spring,MDST,3712,Interactive Storytelling,045802,"Duncan,Sean",001,12833,College & Graduate Arts & Sci,3.42,11,0,5,0,2,3,0,0,1,0,0
2025 Spring,CHEM,1421,Intro College Chemistry II Lab,005994,"Morkowchuk,Lisa",021,11131,College & Graduate Arts & Sci,3.80,24,16,2,5,0,0,0,0,0,0,1
2025 Spring,EGMT,1520,Empirical Engagement,044513,"Wrigley,Claire",201,13051,College & Graduate Arts & Sci,3.89,27,0,21,3,3,0,0,0,0,0,0
2025 Spring,APMA,1110,Single Variable Calculus II,001140,"Abramenko,Monika",004,15903,Engineering & Applied Science,2.52,32,5,3,6,1,1,1,3,3,1,8
2025 Spring,MDST,2810,Cinema As An Art Form,023498,"Marshall,Matthew",001,13976,College & Graduate Arts & Sci,3.96,227,0,214,5,4,3,0,0,1,0,0
2025 Spring,AMST,3559,New Course: AMST,038536,"Azua,Anneleise",001,20502,College & Graduate Arts & Sci,3.62,25,0,5,15,2,1,2,0,0,0,0
2025 Spring,BIOL,4330,Wiring the Brain,003620,"Condron,Barry",001,12920,College & Graduate Arts & Sci,3.93,29,8,14,7,0,0,0,0,0,0,0
2025 Spring,ENWR,1510,Writing and Critical Inquiry,013432,"Airy,Kaitlyn",033,11836,College & Graduate Arts & Sci,3.98,18,4,13,1,0,0,0,0,0,0,0
2025 Spring,CHE,6630,Mass Transfer,005514,"Geise,Geoffrey",001,14991,Engineering & Applied Science,3.90,12,0,8,4,0,0,0,0,0,0,0
2025 Spring,LAW,8805,Grad Legal Research/Writing II,042533,"Moran,Karen",2,10103,School of Law,3.40,27,0,0,10,13,4,0,0,0,0,0
2025 Spring,SOC,3020,Introduction to Social Theory,035372,"Olick,Jeffrey",100,10912,College & Graduate Arts & Sci,3.49,57,0,18,14,10,5,10,0,0,0,0
2025 Spring,BME,4417,Tissue Engineering,004076,"Caliari,Steven",001,15630,Engineering & Applied Science,3.77,38,4,23,2,4,4,1,0,0,0,0
2025 Spring,EVEC,5220,Terrestrial Ecology,013736,"Yang,Xi",100,12968,College & Graduate Arts & Sci,3.61,10,0,6,2,0,1,0,0,0,1,0
2025 Spring,ENWR,1510,Writing and Critical Inquiry,013432,"Casteen,John",011,11011,College & Graduate Arts & Sci,3.55,17,0,4,7,5,0,0,0,1,0,0
2025 Spring,PHYS,3340,Mathematics for Physics,046535,"Vucelja,Marija",001,13588,College & Graduate Arts & Sci,3.48,43,3,13,6,11,4,3,3,0,0,0
2025 Spring,EGMT,1510,Engaging Aesthetics,044512,"Siliunas,Andreja",210,14086,College & Graduate Arts & Sci,3.96,35,0,32,2,1,0,0,0,0,0,0
2025 Spring,EGMT,1510,Engaging Aesthetics,044512,"Tite,Philip",214,14089,College & Graduate Arts & Sci,3.94,35,22,12,0,0,0,0,0,1,0,0
2025 Spring,BIOL,4559,New Course: BIOL,038577,"Lewis,Gwendolyn",001,20213,College & Graduate Arts & Sci,3.92,25,14,8,2,0,0,1,0,0,0,0
2025 Spring,CHE,2202,Thermodynamics,005435,"Anderson,Eric",001,14985,Engineering & Applied Science,3.02,39,0,8,10,3,5,4,2,1,1,5
2025 Spring,SOC,4530,Topics in Sociology of Health,045393,"Aviles,Natalie",001,13300,College & Graduate Arts & Sci,3.54,19,0,7,5,5,0,0,1,1,0,0
2025 Spring,SPAN,4500,Spec Topics Sem: Literature,035967,"Valverde,Fernando",001,13594,College & Graduate Arts & Sci,4.00,21,5,16,0,0,0,0,0,0,0,0
2025 Spring,CHEM,2321,Org Lab II Non-Chem Maj/Min,043155,"Chruma,Jason",012,12384,College & Graduate Arts & Sci,3.67,31,1,13,8,5,3,1,0,0,0,0
2025 Spring,MUSI,2342,Learn to Groove Int,041028,"Jospe,Robert",001,14495,College & Graduate Arts & Sci,4.00,18,7,11,0,0,0,0,0,0,0,0
2025 Spring,SPAN,2020,Advanced Intermediate Spanish,035854,"Moguel,Ana Piriz",015,12836,College & Graduate Arts & Sci,3.82,17,0,7,10,0,0,0,0,0,0,0
2025 Spring,STS,4500,STS and Engineering Practice,036749,"Elliott,Travis",002,15998,Engineering & Applied Science,3.62,30,0,15,6,6,1,1,0,0,0,1
2025 Spring,LAW,6006,Property,021565,"Gocke,Alison",CH,10013,School of Law,3.40,60,0,11,9,25,13,2,0,0,0,0
2025 Spring,DRAM,1020,Speaking in Public,007178,"Close,Tovah",004,12654,College & Graduate Arts & Sci,3.94,16,0,13,3,0,0,0,0,0,0,0
2025 Spring,CHEM,2421,Organic Chemistry II Lab,006018,"Chruma,Jason",100,10607,College & Graduate Arts & Sci,3.48,94,2,35,17,6,24,5,2,3,0,0
2025 Spring,EGMT,1540,Ethical Engagement,044515,"Bernard,Benjamin",213,13424,College & Graduate Arts & Sci,3.93,35,14,17,3,0,0,0,1,0,0,0
2025 Spring,CS,6501,Spec Top: Computer Science,006981,"Sullivan,Kevin",001,15445,Engineering & Applied Science,3.81,31,12,10,4,2,2,1,0,0,0,0
2025 Spring,LASE,3602,Catalyst Capstone,047063,"Gleek,Charlie",001,14045,College & Graduate Arts & Sci,3.79,17,0,10,5,1,0,1,0,0,0,0
2025 Spring,ENWR,1510,Writing and Critical Inquiry,013432,"Goad,Rhiannon",048,13382,College & Graduate Arts & Sci,3.74,18,0,8,8,0,1,1,0,0,0,0
2025 Spring,EVHY,5559,New Course: EVHY,039121,"Cheng,Frederick",001,19091,College & Graduate Arts & Sci,3.73,9,0,5,1,3,0,0,0,0,0,0
2025 Spring,APMA,3100,Probability,001152,"Maiti,Deepyaman",001,14963,Engineering & Applied Science,3.75,37,14,11,6,1,2,1,2,0,0,0
2025 Spring,CHTR,4010,Legendary Women in Early China,006136,"Kinney,Anne",001,19094,College & Graduate Arts & Sci,3.96,16,0,14,2,0,0,0,0,0,0,0
2025 Spring,EGMT,1510,Engaging Aesthetics,044512,"Harper,Elizabeth",104,14063,College & Graduate Arts & Sci,3.91,35,0,32,1,1,0,0,0,0,1,0
2025 Spring,EGMT,1530,Engaging Differences,044514,"Walsh,Meaghan",102,12301,College & Graduate Arts & Sci,3.94,33,0,28,4,1,0,0,0,0,0,0
2025 Spring,EGMT,1530,Engaging Differences,044514,"Jameson-Ellsmore,Ben",115,12307,College & Graduate Arts & Sci,3.98,33,22,9,2,0,0,0,0,0,0,0
2025 Spring,HIUS,3011,Colonial British America,019563,"Edelson,S.",100,13367,College & Graduate Arts & Sci,3.47,19,0,3,6,6,4,0,0,0,0,0
2025 Spring,CS,3130,Computer Systems and Org 2,046230,"White,Tonya L.",501,19390,Engineering & Applied Science,3.88,27,7,13,5,1,1,0,0,0,0,0
2025 Spring,PSYC,5500,Current Topics in Psychology,032717,"Mathews,Channing",002,14326,College & Graduate Arts & Sci,3.70,14,5,4,3,0,0,1,0,1,0,0
2025 Spring,PHS,3825,Global Public Health,043001,"Colvin,Chris",001,12337,College & Graduate Arts & Sci,4.00,43,8,35,0,0,0,0,0,0,0,0
2025 Spring,PLCP,4201,Comparative Political Parties,031716,"Mershon,Carol A",001,14480,College & Graduate Arts & Sci,3.55,15,0,3,8,0,3,1,0,0,0,0
2025 Spring,MUSI,1310,Basic Musical Skills,024703,"Rous,Benjamin",002,12983,College & Graduate Arts & Sci,3.67,36,7,16,6,2,0,2,0,3,0,0
2025 Spring,EDLF,3170,Introduction to Adolescence,044395,"Sjogren,Ashlee",001,16956,School of Education and HumanDev,3.79,23,1,12,7,2,0,1,0,0,0,0
2025 Spring,LAW,6104,Evidence,021648,"Collins,Michael",1,10007,School of Law,3.61,85,0,18,35,32,0,0,0,0,0,0
2025 Spring,EDIS,5041,Behav & Classroom Management,009428,"Aigotti,Susan Michelle",501,17334,School of Education and HumanDev,3.80,22,15,5,1,0,0,0,0,0,0,1
2025 Spring,LPPP,6350,Politics of Public Policy,045109,"Holbein,John",200,21303,Batten Leadership & Public Pol,3.54,5,0,1,2,1,1,0,0,0,0,0
2025 Spring,PERS,1020,Elementary Persian II,029843,"Mohit,Mahshad",001,10808,College & Graduate Arts & Sci,3.79,15,2,5,6,2,0,0,0,0,0,0
2025 Spring,ANTH,3020,Using Anthropology,042701,"Rosado-Ramirez,Roberto",001,13436,College & Graduate Arts & Sci,3.92,30,25,3,0,0,1,1,0,0,0,0
2025 Spring,ENGL,2508,Studies in Fiction,012491,"Kinney,James",004,19994,College & Graduate Arts & Sci,3.34,18,0,1,9,6,1,0,0,0,0,1
2025 Spring,PLAC,5822,Plant Cultures and Ecologies,047438,"Jafari,Ghazal",001,20072,School of Architecture,3.56,11,2,2,6,0,0,0,0,0,0,1
2025 Spring,HIST,3861,Soccer Politics,047183,"Dubois,Laurent",001,14531,College & Graduate Arts & Sci,3.90,36,3,25,6,1,1,0,0,0,0,0
2025 Spring,MUSI,3307,Play Guitar! Level 2,046568,"Rosensky,Michael",001,13090,College & Graduate Arts & Sci,3.80,15,0,9,3,3,0,0,0,0,0,0
2025 Spring,PLPT,3030,Contemporary Political Thought,031928,"Rubenstein,Jennifer",100,12577,College & Graduate Arts & Sci,3.67,115,1,54,30,15,12,1,0,1,0,1
2025 Spring,ARTH,2961,Arts of the Islamic World,037383,"Phillips,Amanda",100,13865,College & Graduate Arts & Sci,3.53,29,0,11,10,1,6,0,0,0,0,1
2025 Spring,PHYS,3250,Applied Nuclear Physics,041556,"Pocanic,Dinko",001,19913,College & Graduate Arts & Sci,3.09,11,1,1,2,3,2,1,0,0,0,1
2025 Spring,PHYS,5640,Computational Physics II,030898,"Chern,Gia-Wei",001,10855,College & Graduate Arts & Sci,3.41,13,1,6,2,2,0,0,1,0,0,1
2025 Spring,PHYS,7210,Statistical Mechanics,030954,"Pesin,Dmytro",001,10858,College & Graduate Arts & Sci,3.23,23,0,4,4,5,7,1,1,0,0,1
2025 Spring,EDHS,8240,Substance Abuse Counseling,009270,"Pleszkoch,Elisabeth",001,16777,School of Education and HumanDev,3.80,21,0,11,7,3,0,0,0,0,0,0
2025 Spring,SPAN,3040,Business Spanish,035896,"Rodriguez,Maria Esparza",002,12494,College & Graduate Arts & Sci,3.88,17,0,10,7,0,0,0,0,0,0,0
2025 Spring,CHEM,2321,Org Lab II Non-Chem Maj/Min,043155,"Chruma,Jason",005,12122,College & Graduate Arts & Sci,3.61,24,1,6,10,2,5,0,0,0,0,0
2025 Spring,NUCO,2220,Cells to Society for Nursing,043100,"Kastello,Jennifer",003,18963,School of Nursing,3.96,23,0,20,3,0,0,0,0,0,0,0
2025 Spring,CGBM,2710,Making Financial Decisions,047004,"Gamrat,Gretchen",002,17655,McIntire School of Commerce,3.46,21,0,9,3,3,3,1,0,2,0,0
2025 Spring,PSYC,3006,Res Methods & Data Analysis II,032540,"Graves,Andrew Joseph",100,12325,College & Graduate Arts & Sci,3.78,96,23,41,19,8,1,2,0,1,0,1
2025 Spring,APMA,3080,Linear Algebra,001151,"Wellbeloved,Elizabeth A.",501,19408,Engineering & Applied Science,3.63,14,3,6,4,0,0,0,0,0,0,1
2025 Spring,BME,2315,Computational BME,004067,"Wellbeloved,Elizabeth A.",501,19411,Engineering & Applied Science,3.42,16,2,1,5,5,1,1,0,1,0,0
2025 Spring,ENGL,4561,Modern Lit & Culture Seminar,012610,"Ramazani,Jahan",001,19949,College & Graduate Arts & Sci,3.75,13,0,6,5,1,1,0,0,0,0,0
2025 Spring,EDLF,3150,Intro Chld Growth & Developmnt,009660,"Sweeney,Beverly",001,20083,School of Education and HumanDev,3.94,32,2,26,2,2,0,0,0,0,0,0
2025 Spring,KRTR,3700,Contemporary Korean Culture,044417,"Lee,Heejin",001,21312,College & Graduate Arts & Sci,3.36,15,3,0,5,3,1,1,1,1,0,0
2025 Spring,MDST,2508,Topics in Media Practice,044925,"Sweeney,Kate",001,13892,College & Graduate Arts & Sci,3.70,20,1,16,0,1,0,1,0,0,0,1
2025 Spring,EGMT,1540,Ethical Engagement,044515,"Braun,Erik",110,13415,College & Graduate Arts & Sci,3.92,35,0,28,5,2,0,0,0,0,0,0
2025 Spring,LAW,6103,Corporations,021636,"Hu,Edwin",2,18810,School of Law,3.45,51,1,4,15,25,4,2,0,0,0,0
2025 Spring,ISSS,3190,American Political Development,020452,"Guttman,Robert J",DC01,20287,Continuing & Prof Studies,3.87,23,1,12,10,0,0,0,0,0,0,0
2025 Spring,EDHS,2240,Substance Abuse,009090,"Pleszkoch,Elisabeth",001,16856,School of Education and HumanDev,3.40,31,1,11,7,2,5,2,0,0,2,1
2025 Spring,MDST,2000,Introduction to Media Studies,023487,"Vaidhyanathan,Siva",100,11678,College & Graduate Arts & Sci,3.66,235,0,110,78,16,15,7,2,3,1,3
2025 Spring,CHEM,1421,Intro College Chemistry II Lab,005994,"Morkowchuk,Lisa",007,11669,College & Graduate Arts & Sci,3.81,22,14,1,4,1,1,1,0,0,0,0
2025 Spring,ECON,3020,Intermediate Macroeconomics,007909,"Smirnyagin,Vladimir",091,12571,College & Graduate Arts & Sci,2.96,42,3,6,4,5,6,6,3,2,7,0
2025 Spring,RELG,1000,Questions in the Study of Reli,046967,"Schmidt,Jalane Dawn",002,21268,College & Graduate Arts & Sci,3.30,12,0,5,1,4,0,1,0,0,0,1
2025 Spring,CHE,5456,Bioproduct & Bioprocess Eng,044955,"Okita,Blair",001,15737,Engineering & Applied Science,3.78,6,3,0,2,1,0,0,0,0,0,0
2025 Spring,CHEM,2321,Org Lab II Non-Chem Maj/Min,043155,"Chruma,Jason",014,12851,College & Graduate Arts & Sci,3.92,29,4,20,4,0,1,0,0,0,0,0
2025 Spring,SPAN,3300,Texts and Interpretation,035904,"Bonino,Nicole",006,12002,College & Graduate Arts & Sci,4.00,17,10,7,0,0,0,0,0,0,0,0
2025 Spring,STS,4600,Engr Ethcs Prof Responsibility,036750,"Earle,Joshua",011,16119,Engineering & Applied Science,3.89,28,0,26,0,0,1,0,0,1,0,0
2025 Spring,ASTR,1280,Origins of Almost Everything,043984,"Torrey,Paul",001,13898,College & Graduate Arts & Sci,3.87,130,0,104,16,3,4,2,0,0,0,1
2025 Spring,BUS,5040,Creat & Conduct Secur Assess,004339,"Wojcik,Michael",701,20186,Continuing & Prof Studies,3.59,12,0,8,3,0,0,0,0,0,0,1
2025 Spring,PHYS,2040,Princip of Physics 2 Workshop,030812,"Bychkov,Maksim",017,14555,College & Graduate Arts & Sci,3.99,24,10,13,1,0,0,0,0,0,0,0
2025 Spring,SPAN,3300,Texts and Interpretation,035904,"Monteros-Freeman,Maria",004,11622,College & Graduate Arts & Sci,4.00,14,7,7,0,0,0,0,0,0,0,0
2025 Spring,ECON,3030,Money and Banking,007910,"Doyle,Carter",100,11628,College & Graduate Arts & Sci,3.41,147,0,35,58,24,8,6,5,6,2,3
2025 Spring,SPAN,2020,Advanced Intermediate Spanish,035854,"Park,Sara",022,19017,College & Graduate Arts & Sci,3.55,10,0,5,3,0,0,1,0,0,1,0
2025 Spring,ARH,1020,History of Architecture II,001845,"Crane,Sheila",100,10349,School of Architecture,3.56,121,4,46,33,19,8,5,2,1,1,2
2025 Spring,STAT,6130,Applied Multivariate Stats,036673,"Yu,Shan",001,14240,College & Graduate Arts & Sci,3.87,17,4,7,5,1,0,0,0,0,0,0
2025 Spring,MSE,2200,AM and 3-D Printing,045587,"Ma,Ji",001,15740,Engineering & Applied Science,3.97,43,0,41,1,0,1,0,0,0,0,0
2025 Spring,LAW,9218,Public Law Colloquium,042802,"Ahdout,Payvand",1,18865,School of Law,3.73,10,0,5,2,3,0,0,0,0,0,0
2025 Spring,ENWR,1510,Writing and Critical Inquiry,013432,"Fowler,Charity",078,14838,College & Graduate Arts & Sci,3.90,17,13,1,1,2,0,0,0,0,0,0
2025 Spring,RELC,2360,Elements of Christian Thought,033965,"Jones,Paul",100,13871,College & Graduate Arts & Sci,3.46,59,1,19,18,10,5,1,3,0,0,2
2025 Spring,SOC,4720,Nations and Nationalism,045757,"Kumar,Krishan",001,20180,College & Graduate Arts & Sci,3.57,18,0,4,10,1,2,0,0,1,0,0
2025 Spring,ARCH,7020,Foundation Studio IV,042373,"McDowell,Seth",001,10391,School of Architecture,3.51,12,0,2,5,3,1,1,0,0,0,0
2025 Spring,SARC,5400,Data Visualization,044034,"Field,Eric",001,10394,School of Architecture,3.60,30,0,16,3,5,2,3,1,0,0,0
2025 Spring,ENGL,2508,Studies in Fiction,012491,"Olwell,Victoria",005,19997,College & Graduate Arts & Sci,3.72,16,0,5,8,3,0,0,0,0,0,0
2025 Spring,EVSC,1300,Earth's Weather and Climate,013862,"Davis,Robert",001,11863,College & Graduate Arts & Sci,3.40,54,9,12,13,4,4,6,2,1,2,1
2025 Spring,EGMT,1520,Empirical Engagement,044513,"Brubaker,Evan",214,14186,College & Graduate Arts & Sci,3.96,35,0,33,0,2,0,0,0,0,0,0
2025 Spring,LAW,7827,Global Bus & Corruption (SC),046142,"Dean,Richard",1,10100,School of Law,3.48,20,0,2,8,9,0,0,1,0,0,0
2025 Spring,EGMT,1530,Engaging Differences,044514,"Edwards,Brandon",112,12304,College & Graduate Arts & Sci,3.95,33,6,21,6,0,0,0,0,0,0,0
2025 Spring,ISHU,3310,"Film, Hist, Pltcs, Controversy",039917,"Andrews,George",101,20257,Continuing & Prof Studies,3.95,31,26,2,2,0,1,0,0,0,0,0
2025 Spring,EGMT,1530,Engaging Differences,044514,"Mehfoud,Lauren",211,13409,College & Graduate Arts & Sci,3.96,33,0,31,1,0,1,0,0,0,0,0
2025 Spring,LAW,7501,Spec Topics Short Course (SC),046387,"Convert,Laurent",1,18765,School of Law,3.46,11,0,2,1,8,0,0,0,0,0,0
2025 Spring,ECON,4820,Experimental Economics,007985,"Holt,Charles",001,13919,College & Graduate Arts & Sci,3.88,42,7,21,12,2,0,0,0,0,0,0
2025 Spring,SPAN,2020,Advanced Intermediate Spanish,035854,"Florez-Murillo,David",007,13329,College & Graduate Arts & Sci,3.79,17,3,5,7,2,0,0,0,0,0,0
2025 Spring,ENGR,1020,Engineering Foundations 2,046986,"Starling,Anna Leyf",016,16229,Engineering & Applied Science,3.90,39,0,30,7,1,1,0,0,0,0,0
2025 Spring,MSE,7340,Phase Transformations,024445,"Floro,Jerrold A",001,21265,Engineering & Applied Science,3.63,7,2,1,2,0,2,0,0,0,0,0
2025 Spring,LAW,7071,Professional Responsibility,021935,"Cohen,George",1,10025,School of Law,3.58,68,9,13,15,21,4,5,1,0,0,0
2025 Spring,PLPT,5500,Special Topics in Pol Theory,044639,"Balfour,Lawrie",001,19023,College & Graduate Arts & Sci,3.88,8,0,6,1,1,0,0,0,0,0,0
2025 Spring,ECON,3010,Intermediate Microeconomics,007908,"Kripalani,Jessica",092,13907,College & Graduate Arts & Sci,3.04,110,24,26,5,11,9,8,7,3,2,15
2025 Spring,STAT,3120,Intro Mathematical Statistics,040000,"Somal,Harsimran",001,12625,College & Graduate Arts & Sci,3.92,74,0,70,0,1,1,0,0,2,0,0
2025 Spring,ENGL,8500,Studies in English Literature,046042,"Carey,Tamika",002,19982,College & Graduate Arts & Sci,3.69,7,0,2,4,0,1,0,0,0,0,0
2025 Spring,MSE,6020,Defects & Microstruct in Matls,024420,"Agnew,Sean",001,15021,Engineering & Applied Science,3.53,11,0,2,5,2,1,1,0,0,0,0
2025 Spring,EGMT,1540,Ethical Engagement,044515,"Mullins,Ian",210,13421,College & Graduate Arts & Sci,3.85,34,2,30,0,0,1,0,0,0,0,1
2025 Spring,MDST,3559,New Course: MDST,039189,"Swartz,Lana",004,20137,College & Graduate Arts & Sci,3.69,25,0,5,17,1,2,0,0,0,0,0
2025 Spring,PHS,3104,Intro to Epidemiology,043760,"Colston,Josh",001,12521,College & Graduate Arts & Sci,3.65,22,0,10,5,5,0,2,0,0,0,0
2025 Spring,RELG,3730,Study of Religion,046968,"Biemann,Asher",100,13877,College & Graduate Arts & Sci,3.86,18,0,12,4,2,0,0,0,0,0,0
2025 Spring,ARCH,2070,Design & Thinking,045099,"Cleckley,Elgin",100,10525,School of Architecture,3.91,35,2,25,6,2,0,0,0,0,0,0
2025 Spring,CE,3400,Trans Infrastructure Design,004462,"Chen,Tong",001,14969,Engineering & Applied Science,3.12,14,3,2,3,1,2,0,0,1,0,2
2025 Spring,SPAN,2020,Advanced Intermediate Spanish,035854,"Arevalo,Gabriela Dongo",012,12390,College & Graduate Arts & Sci,3.65,13,0,4,6,2,0,1,0,0,0,0
2025 Spring,EGMT,1520,Empirical Engagement,044513,"Yang,Lingyu",114,12298,College & Graduate Arts & Sci,3.97,30,1,26,3,0,0,0,0,0,0,0
2025 Spring,ENGL,2508,Studies in Fiction,012491,"Rody,Caroline",006,20000,College & Graduate Arts & Sci,3.67,19,0,6,7,6,0,0,0,0,0,0
2025 Spring,GCOM,7240,Advanced Quantitative Analysis,043908,"Netemeyer,Richard G",001,17631,McIntire School of Commerce,3.67,17,0,6,6,4,1,0,0,0,0,0
2025 Spring,LAW,8644,Econ & Cons Justice Clin (YR),043217,"Klosko,Caroline",1,10049,School of Law,3.57,8,0,2,2,4,0,0,0,0,0,0
2025 Spring,COMM,4569,GCI: Topics in Management,043879,"Seaborn,Paul",501,17688,McIntire School of Commerce,3.77,16,0,5,10,1,0,0,0,0,0,0
2025 Spring,ENGL,2508,Studies in Fiction,012491,"Fowler,Charity",003,19988,College & Graduate Arts & Sci,3.98,19,14,4,1,0,0,0,0,0,0,0
2025 Spring,ENWR,1510,Writing and Critical Inquiry,013432,"Sophronius,Jeddie",008,11008,College & Graduate Arts & Sci,3.93,18,1,13,4,0,0,0,0,0,0,0
2025 Spring,ENCW,2600,Fiction Writing,013455,"Yates,Robert",001,19964,College & Graduate Arts & Sci,3.65,13,0,5,4,2,2,0,0,0,0,0
2025 Spring,LAW,7060,Land Use Law,021698,"O'Neill,Moira",1,18816,School of Law,3.48,47,3,2,18,15,7,2,0,0,0,0
2025 Spring,ITTR,2710,Italian Cultural History,041023,"White,Tonya L.",501,19396,College & Graduate Arts & Sci,4.00,17,13,4,0,0,0,0,0,0,0,0
2025 Spring,NUIP,2311,Intro to Professional Practice,045254,"Campbell,Cathy",004,18969,School of Nursing,3.97,32,0,29,3,0,0,0,0,0,0,0
2025 Spring,EGMT,1520,Empirical Engagement,044513,"Clabough,Erin",105,12295,College & Graduate Arts & Sci,3.95,35,23,8,3,0,1,0,0,0,0,0
2025 Spring,LASE,2515,A&S Skills AcceleratorCatalyst,046611,"Gleek,Charlie",004,13294,College & Graduate Arts & Sci,3.78,13,0,8,3,1,0,1,0,0,0,0
2025 Spring,PHYS,8750,Elementary Particle Physics I,030965,"Heeck,Julian",001,19916,College & Graduate Arts & Sci,3.65,11,3,3,2,0,2,1,0,0,0,0
2025 Spring,ENCW,2300,Poetry Writing,013450,"Nnadi,Samuel",003,19955,College & Graduate Arts & Sci,3.52,15,0,3,6,2,4,0,0,0,0,0
2025 Spring,EGMT,1520,Empirical Engagement,044513,"Bultman,Rebecca",219,14189,College & Graduate Arts & Sci,3.93,36,27,6,2,0,0,0,0,1,0,0
2025 Spring,EGMT,1520,Empirical Engagement,044513,"Chajes,Johanna",211,13400,College & Graduate Arts & Sci,3.99,36,1,34,1,0,0,0,0,0,0,0
2025 Spring,PSHM,3330,Long-term Care Administration,046770,"Hutchinson,Mark",101,20278,Continuing & Prof Studies,3.91,14,6,5,2,1,0,0,0,0,0,0
2025 Spring,ENGL,3540,Studies in Nineteenth-Century,012784,"Arata,Stephen",002,19943,College & Graduate Arts & Sci,3.30,25,0,10,7,2,2,1,0,0,0,3
2025 Spring,HBIO,4820,Capstone Sem Human Biology II,017971,"Guler,Jennifer",001,10710,College & Graduate Arts & Sci,3.91,21,4,12,4,1,0,0,0,0,0,0
2025 Spring,EDLF,8823,Designing Learning Environment,043794,"Stacy,Jaime",001,20331,School of Education and HumanDev,4.00,10,3,7,0,0,0,0,0,0,0,0
2025 Spring,EDHS,7120,Fundamentals of Clinical Pract,041987,"Traub,Jaimee",001,17490,School of Education and HumanDev,3.95,13,3,8,2,0,0,0,0,0,0,0
2025 Spring,PHYS,2040,Princip of Physics 2 Workshop,030812,"Bychkov,Maksim",015,13645,College & Graduate Arts & Sci,3.96,26,8,16,1,1,0,0,0,0,0,0
2025 Spring,ENGL,1500,Masterworks of Literature,041064,"Hopkins,Stephen",001,19922,College & Graduate Arts & Sci,3.41,40,2,13,9,5,4,3,2,1,0,1
2025 Spring,APMA,2130,Ordinary Differentl Equations,001145,"Spencer,Julie",003,14957,Engineering & Applied Science,3.34,41,6,9,8,6,3,4,2,0,0,3
2025 Spring,EDHS,1120,Found of Community Engagement,043507,"Curtis,Sabrina",002,17427,School of Education and HumanDev,3.79,39,0,35,1,0,0,0,0,2,0,1
2025 Spring,PSPM,5030,Intro to Project Mgmt,029786,"Onu,Stephen",702,21306,Continuing & Prof Studies,3.96,15,0,13,2,0,0,0,0,0,0,0
2025 Spring,CJ,3325,Crit Incid:Decision-Making,046942,"Yansick,Michael",B2,22093,Continuing & Prof Studies,4.00,10,2,8,0,0,0,0,0,0,0,0
2025 Spring,LAW,7501,Spec Topics Short Course (SC),046387,"Wilkinson,Christopher",6,18993,School of Law,3.39,11,0,2,2,3,4,0,0,0,0,0
2025 Spring,ENGL,3610,Global Cultural Studies,044436,"Levenson,Michael",100,19910,College & Graduate Arts & Sci,3.75,56,0,28,19,5,2,2,0,0,0,0
2025 Spring,ARTS,2220,Introduction to New Media I,002858,"Villanueva,Maria",001,13111,College & Graduate Arts & Sci,3.71,14,0,9,1,2,1,1,0,0,0,0
2025 Spring,PHYS,1429,Intro Physics 1 Workshop,031036,"Bychkov,Maksim",023,13123,College & Graduate Arts & Sci,3.95,19,3,13,3,0,0,0,0,0,0,0
2025 Spring,PLAN,5500,Special Topics in Planning,031328,"Hinkle,Tyler",001,20322,School of Architecture,3.83,6,0,4,1,1,0,0,0,0,0,0
2025 Spring,ENGR,6501,Special Topics Graduate Engr,047122,"Dunham,Don",001,16306,Engineering & Applied Science,3.94,5,1,3,1,0,0,0,0,0,0,0
2025 Spring,EGMT,1520,Empirical Engagement,044513,"Maloni,Sara",118,14180,College & Graduate Arts & Sci,3.99,36,31,4,1,0,0,0,0,0,0,0
2025 Spring,DS,6015,DS Capstone,046836,"Waggoner,Philip",001,18757,School of Data Science,3.98,14,4,9,1,0,0,0,0,0,0,0
2025 Spring,SOC,3595,Special Topics in Sociology,035436,"Fink,Pierre-Christian",001,20171,College & Graduate Arts & Sci,3.93,24,4,14,6,0,0,0,0,0,0,0
2025 Spring,PHIL,3120,Aristotle,030113,"McCready-Flora,Ian",1,19599,College & Graduate Arts & Sci,3.55,28,3,9,6,5,1,3,0,0,1,0
2025 Spring,DS,3001,Foundations of ML,045203,"Freenor,Michael R",002,21246,School of Data Science,3.96,47,3,40,3,0,1,0,0,0,0,0
2025 Spring,LAW,9135,"Geopltics, Law & Wrld Economy",040111,"Verdier,Pierre-Hugues",1,18819,School of Law,3.45,11,0,1,4,4,2,0,0,0,0,0
2025 Spring,MAE,4620,ME Design II,037541,"Momot,Michael",003,19976,Engineering & Applied Science,3.62,11,4,3,2,0,0,1,0,0,1,0
2025 Spring,MATH,1210,A survey of Calculus I,022944,"James,Daniel",800,10743,College & Graduate Arts & Sci,3.00,28,2,5,7,3,3,0,0,3,3,2
2025 Spring,DRAM,3820,Video Design I,044178,"Villanueva,Maria",001,12334,College & Graduate Arts & Sci,3.47,13,0,4,5,2,1,0,0,0,0,1
2025 Spring,LAW,9354,Privacy Law & Theory Seminar,046378,"Citron,Danielle",1,10260,School of Law,3.52,16,1,2,5,5,3,0,0,0,0,0
2025 Spring,EVSC,4050,Topics in Oceanography,013932,"Macko,Stephen",001,10680,College & Graduate Arts & Sci,3.64,31,0,23,1,0,5,0,0,1,0,1
2025 Spring,CJ,5200,Psychology of Leadership,042279,"Coleman,Marian Elizabeth",B1,21360,Continuing & Prof Studies,3.98,26,22,2,2,0,0,0,0,0,0,0
2025 Spring,EDLF,4082,Politics of Public Education,046114,"Schueler,Beth",001,17316,School of Education and HumanDev,3.59,20,0,6,7,4,2,1,0,0,0,0
2025 Spring,COMM,4881,Ldrship Practicum I,006748,"Seaborn,Paul",001,17601,McIntire School of Commerce,3.70,22,0,5,14,2,1,0,0,0,0,0
2025 Spring,ENGL,5530,Seminar in 18th-Century Lit,047207,"Suarez,Michael",001,14603,College & Graduate Arts & Sci,3.86,7,0,5,1,1,0,0,0,0,0,0
2025 Spring,EGMT,1540,Ethical Engagement,044515,"Hilker,Eric",218,14252,College & Graduate Arts & Sci,3.91,35,0,33,0,0,1,0,0,1,0,0
2025 Spring,EGMT,1540,Ethical Engagement,044515,"Ott,Walter",224,14258,College & Graduate Arts & Sci,3.31,23,0,3,7,6,2,3,1,1,0,0
2025 Spring,LPPS,3240,Terrorism and Counterterrorism,041550,"Moy,Daniel",001,16530,Batten Leadership & Public Pol,3.11,37,0,0,8,9,12,5,2,0,1,0
2025 Spring,EGMT,1510,Engaging Aesthetics,044512,"Reilly,Bridget",205,14083,College & Graduate Arts & Sci,3.99,35,15,19,1,0,0,0,0,0,0,0
2025 Spring,APMA,3100,Probability,001152,"McMillan,Matthew",004,15308,Engineering & Applied Science,2.78,11,1,0,1,5,0,1,0,1,1,1
2025 Spring,MATH,1220,A Survey of Calculus II,022945,"Kurtz,Brianna A.",100,10746,College & Graduate Arts & Sci,3.24,11,0,5,0,0,3,0,2,1,0,0
2025 Spring,ACCT,5110,Intermediate Accounting I,045932,"Hutton,Leon",701,20089,Continuing & Prof Studies,3.64,21,0,13,5,1,0,1,0,0,0,1
2025 Spring,ENWR,1510,Writing and Critical Inquiry,013432,"Gomez,Jessica",018,11017,College & Graduate Arts & Sci,3.97,18,1,15,2,0,0,0,0,0,0,0
2025 Spring,CS,4790,Cryptocurrency,047502,"Bloomfield,Aaron",001,20860,Engineering & Applied Science,2.75,51,3,13,5,2,10,4,2,1,1,10
2025 Spring,SPAN,2020,Advanced Intermediate Spanish,035854,"Hogg,Jennifer",019,19014,College & Graduate Arts & Sci,3.31,17,0,2,10,2,1,0,0,0,1,1
2025 Spring,MDST,7701,Media and Everyday Life,046291,"Cavalcante,Andre",001,19423,College & Graduate Arts & Sci,3.86,17,0,12,3,2,0,0,0,0,0,0
2025 Spring,COMM,3230,Managing Innovation,045750,"Martin,Eric",001,17595,McIntire School of Commerce,3.52,35,0,7,11,12,5,0,0,0,0,0
2025 Spring,ARCH,3020,Foundation Studio V,001518,"Fullmer,Cameron Miers",005,10454,School of Architecture,3.78,13,2,4,5,2,0,0,0,0,0,0
2025 Spring,EBUS,2850,Government & Entrepreneurship,043894,"Lark,James",001,18960,Engineering & Applied Science,3.90,10,0,8,1,1,0,0,0,0,0,0
2025 Spring,PHS,5015,Qual Mthd for Comm & Glob Hlth,040627,"Kelly,Kelsie",001,18712,Medical School - BIMS/PHS,3.02,6,0,2,1,0,1,0,0,0,2,0
2025 Spring,RUSS,2020,Second-Year Russian,034638,"Beadles,Bryant",002,10900,College & Graduate Arts & Sci,3.75,13,0,5,6,2,0,0,0,0,0,0
2025 Spring,STAT,3250,Data Analysis with Python,044090,"Somal,Harsimran",001,12251,College & Graduate Arts & Sci,3.95,92,3,86,0,0,2,0,0,0,0,1
2025 Spring,BIOL,4014,Cell Origin-Animal Diversity,046553,"Pani,Ariel",001,20012,College & Graduate Arts & Sci,3.93,40,6,29,2,2,1,0,0,0,0,0
2025 Spring,ECE,4501,Special Topics: ECE,040915,"Qian,Kun",002,16161,Engineering & Applied Science,3.95,15,1,13,0,1,0,0,0,0,0,0
2025 Spring,EVSC,4140,Global Coastal Change,042705,"Mcglathery,Karen",001,18972,College & Graduate Arts & Sci,3.80,28,4,15,4,3,1,1,0,0,0,0
2025 Spring,SPAN,4203,Structure of Spanish,035937,"Rini,Joel",001,18912,College & Graduate Arts & Sci,3.92,17,12,2,2,1,0,0,0,0,0,0
2025 Spring,COMM,3220,Data Mgmt for Decision Making,006500,"Schuff,David",003,17613,McIntire School of Commerce,3.56,38,0,13,13,3,6,2,0,1,0,0
2025 Spring,ECON,8991,Research Methods,008078,"Sukhtankar,Sandip",002,13786,College & Graduate Arts & Sci,4.00,6,2,4,0,0,0,0,0,0,0,0
2025 Spring,CHIN,1020,Elementary Chinese,006048,"Gao,Ying",004,11833,College & Graduate Arts & Sci,3.85,16,0,12,1,3,0,0,0,0,0,0
2025 Spring,PLAP,4500,Special Topics,031588,"Savage,James",002,13317,College & Graduate Arts & Sci,3.63,13,0,2,8,2,1,0,0,0,0,0
2025 Spring,EDLF,2080,Fundamentals of Statistics,044842,"Hull,Michael",001,16983,School of Education and HumanDev,3.50,38,18,4,1,5,4,3,2,0,0,1
2025 Spring,EGMT,1510,Engaging Aesthetics,044512,"Tite,Philip",114,14071,College & Graduate Arts & Sci,4.00,36,16,20,0,0,0,0,0,0,0,0
2025 Spring,LAW,9200,Federal Litigation Practice,042756,"O'Keeffe,James",1,10046,School of Law,3.59,15,2,3,2,6,2,0,0,0,0,0
2025 Spring,LAW,8805,Grad Legal Research/Writing II,042533,"Moran,Karen",1,10052,School of Law,3.44,16,0,0,7,7,2,0,0,0,0,0
2025 Spring,MICR,8044,Mediators & Targeting Cancer,042503,"Gioeli,Daniel",001,18376,Medical School - BIMS/PHS,3.84,23,4,9,9,0,1,0,0,0,0,0
2025 Spring,CHEM,1421,Intro College Chemistry II Lab,005994,"Morkowchuk,Lisa",001,11113,College & Graduate Arts & Sci,3.70,23,12,3,5,1,0,0,0,0,2,0
2025 Spring,KINE,5760,Principles of Strength & Cond,044848,"Higgins,Michael",001,16986,School of Education and HumanDev,3.50,28,0,5,11,7,2,3,0,0,0,0
2025 Spring,ITAL,2020,Intermediate Italian II,020568,"Calamita,Francesca",001,11772,College & Graduate Arts & Sci,3.54,12,1,5,5,0,0,0,0,0,0,1
2025 Spring,LAW,7798,Business of Banking & Reg (SC),045590,"Trost,Adam",1,10168,School of Law,3.56,8,0,3,0,5,0,0,0,0,0,0
2025 Spring,AMST,3559,New Course: AMST,038536,"Ngo,Fiona",004,20505,College & Graduate Arts & Sci,3.88,24,2,20,0,0,1,0,0,1,0,0
2025 Spring,ECE,4550,Applied Research & Design Lab,044084,"Stan,Mircea",001,15463,Engineering & Applied Science,3.67,12,4,7,0,0,0,0,0,0,0,1
2025 Spring,ENWR,1510,Writing and Critical Inquiry,013432,"Kiser,Gabby",041,12098,College & Graduate Arts & Sci,3.89,17,5,8,3,0,1,0,0,0,0,0
2025 Spring,MAE,3730,Flight Vehicle Dynamics,022593,"Dong,Haibo",001,15380,Engineering & Applied Science,3.59,74,9,31,13,6,8,2,3,0,1,1
2025 Spring,LPPS,5671,Education in US&Int'l Prisons,047457,"Robinson,Gerard",100,20626,Batten Leadership & Public Pol,3.86,18,0,14,2,1,0,1,0,0,0,0
2025 Spring,LPPS,4330,Confronting US Climate Policy,047495,"Martin,Paul",001,20785,Batten Leadership & Public Pol,3.78,13,0,5,7,1,0,0,0,0,0,0
2025 Spring,ENWR,1510,Writing and Critical Inquiry,013432,"Berry,Cameron",015,11014,College & Graduate Arts & Sci,3.89,18,0,13,4,1,0,0,0,0,0,0
2025 Spring,ENWR,1506,Writing & Critical Inquiry S2,013429,"Sullivan,Patricia",004,10659,College & Graduate Arts & Sci,3.77,10,0,5,3,2,0,0,0,0,0,0
2025 Spring,BME,7370,Quan Bio Reasoning,040983,"Janes,Kevin",001,15502,Engineering & Applied Science,3.61,20,0,2,12,6,0,0,0,0,0,0
2025 Spring,EGMT,1540,Ethical Engagement,044515,"Hendrickson,Caleb",204,12313,College & Graduate Arts & Sci,3.90,36,0,33,0,1,0,1,1,0,0,0
2025 Spring,LAW,9208,Monetary Constitution Seminar,042780,"Kitch,Edmund",1,10088,School of Law,3.44,9,0,0,4,4,1,0,0,0,0,0
2025 Spring,GERM,2020,Intermediate German,015679,"Parker,Stefanie",001,11830,College & Graduate Arts & Sci,3.87,13,0,10,1,2,0,0,0,0,0,0
2025 Spring,MUSI,3060,Motown vs Everybody,047229,"Armstrong,JoVia",001,14732,College & Graduate Arts & Sci,3.84,19,8,8,0,1,1,1,0,0,0,0
2025 Spring,NESC,3450,Molecules to Minds,047491,"Lewis,Gwendolyn",104,20833,College & Graduate Arts & Sci,3.58,11,1,7,2,0,0,0,0,0,0,1
2025 Spring,ACCT,5410,Fraud Examination,040496,"Hood,Michael",701,20092,Continuing & Prof Studies,3.73,18,0,12,4,0,0,1,0,0,1,0
2025 Spring,MDST,3510,Topics in Media Research,045771,"Goin,Keara",001,13335,College & Graduate Arts & Sci,3.81,30,0,25,1,2,0,0,1,0,1,0
2025 Spring,ENGR,1020,Engineering Foundations 2,046986,"Serrano,David Gutierrez",013,16226,Engineering & Applied Science,3.93,38,0,35,1,0,1,1,0,0,0,0
2025 Spring,MICR,8400,Bacteriology & Virology,042499,"Kendall,Melissa",001,18379,Medical School - BIMS/PHS,3.75,15,3,7,0,4,1,0,0,0,0,0
2025 Spring,STS,2600,Engineering Ethics,046988,"Webb-Destefano,Kathryn",012,20508,Engineering & Applied Science,3.95,26,20,2,4,0,0,0,0,0,0,0
2025 Spring,KINE,7410,Principles of Cardio Rehab,039790,"Weltman,Arthur",001,16871,School of Education and HumanDev,3.71,7,0,5,0,0,2,0,0,0,0,0
2025 Spring,DRAM,3050,Making Theatre Histories,007247,"Wood,Katelyn",001,14294,College & Graduate Arts & Sci,3.86,22,0,12,10,0,0,0,0,0,0,0
2025 Spring,EDHS,8100,Disorders of Language II,009257,"Hoffman,LaVae",001,16759,School of Education and HumanDev,3.84,35,2,17,14,2,0,0,0,0,0,0
2025 Spring,GCOM,7260,Unstructured Data Analytics,043910,"Maurer,Chris",001,20725,McIntire School of Commerce,3.60,29,0,9,9,7,4,0,0,0,0,0
2025 Spring,CJ,5290,Emotional Intelligence,041302,"Coleman,Marian Elizabeth",B1,22099,Continuing & Prof Studies,4.00,23,14,9,0,0,0,0,0,0,0,0
2025 Spring,LAW,6102,Administrative Law,021597,"Woolhandler,Nettie",1,10010,School of Law,3.65,62,0,12,35,13,2,0,0,0,0,0
2025 Spring,EDIS,6880,Masters Comp in Curric & Inst,045850,"Woodward,Tyler Douglas",502,21641,School of Education and HumanDev,3.91,18,0,15,2,0,1,0,0,0,0,0
2025 Spring,LAR,8320,Professional Practice,020997,"Hametz,Isaac",001,10421,School of Architecture,3.73,19,1,9,5,2,1,1,0,0,0,0
2025 Spring,LAW,9309,Lit. Skills & Prof Liab Law,045200,"Livingston,Ronald",1,10058,School of Law,3.42,12,0,0,5,5,2,0,0,0,0,0
2025 Spring,ANTH,3290,Biopolitics,045108,"Tidey,Sylvia",001,12239,College & Graduate Arts & Sci,3.87,87,8,60,13,1,3,1,0,1,0,0
2025 Spring,RELB,2200,Intro Buddhist Philosophy,046592,"MacNee,James",001,13492,College & Graduate Arts & Sci,3.86,24,14,4,2,4,0,0,0,0,0,0
2025 Spring,APMA,3110,Applied Stats & Probability,001153,"Koenig,Gary",001,14966,Engineering & Applied Science,3.33,33,1,13,6,1,4,3,1,0,2,2
2025 Spring,PHYS,2020,Principles of Physics 2,030810,"Grouchy,Rebecca",001,11932,College & Graduate Arts & Sci,3.32,102,12,18,25,12,15,5,7,2,4,2
2025 Spring,CS,4501,Spec Top: Computer Science,006942,"Qian,Kun",002,15743,Engineering & Applied Science,3.81,19,4,12,0,0,2,0,1,0,0,0
2025 Spring,LAW,6001,Constitutional Law,021552,"Prakash,Saikrishna",EJ,10148,School of Law,3.40,64,0,7,18,20,19,0,0,0,0,0
2025 Spring,BIOL,4910,Life Sciences Research,043055,"Kawasaki,Masashi",001,11812,College & Graduate Arts & Sci,3.98,139,76,55,7,0,1,0,0,0,0,0
2025 Spring,MAE,6430,Statistics Engrs & Scientists,022669,"Li,Meiqin",001,15466,Engineering & Applied Science,4.00,9,2,7,0,0,0,0,0,0,0,0
2025 Spring,CE,6500,Special Topics in CE,004607,"Klotz,Leidy",003,15986,Engineering & Applied Science,4.00,9,2,7,0,0,0,0,0,0,0,0
2025 Spring,EDIS,3060,Poverty and the Young Child,045749,"Vitiello,Virginia E",504,17496,School of Education and HumanDev,3.61,24,10,8,2,0,1,0,1,0,0,2
2025 Spring,ECON,4150,Economics of Labor,007955,"Harrington,Emma",100,13913,College & Graduate Arts & Sci,3.70,60,8,19,18,10,2,3,0,0,0,0
2025 Spring,LAW,7007,Bankruptcy,021618,"Francus,Michael",1,10145,School of Law,3.55,17,0,4,5,6,2,0,0,0,0,0
2025 Spring,PSED,1091,PCT: Entrepreneurship II,046847,"Temkin,Jacqueline Lauren",F550,20758,Continuing & Prof Studies,3.37,19,1,2,8,5,2,0,0,0,0,1
2025 Spring,JPTR,3020,Survey of Modern Jpn Lit.,020824,"Yasuda,Anri",001,13952,College & Graduate Arts & Sci,3.87,23,0,18,3,0,2,0,0,0,0,0
2025 Spring,COMM,4624,Adv. Strat. & Implementation,047510,"Marcel,Jeremy",001,20875,College & Graduate Arts & Sci,3.87,26,6,9,11,0,0,0,0,0,0,0
2025 Spring,MATH,4140,Math of Derivative Securities,023122,"Gromoll,Christian",001,11905,College & Graduate Arts & Sci,2.97,29,3,6,0,4,5,3,3,3,0,2
2025 Spring,CHIN,3020,Pre-Advanced Chinese II,006060,"Wang,Jun",002,12266,College & Graduate Arts & Sci,3.89,12,5,6,0,0,0,1,0,0,0,0
2025 Spring,FREN,2010,Intermediate French I,014315,"Hall,Elizabeth B",003,10692,College & Graduate Arts & Sci,3.81,13,0,6,6,1,0,0,0,0,0,0
2025 Spring,LAW,7742,Mangmnt BigLaw: Cult/Prof (SC),043841,"Robinson,Arthur",1,10097,School of Law,3.57,15,0,1,10,2,2,0,0,0,0,0
2025 Spring,SOC,2442,Systems of Inequality,040429,"Shao,Di",001,13988,College & Graduate Arts & Sci,3.86,34,4,15,14,1,0,0,0,0,0,0
2025 Spring,CJ,5290,Emotional Intelligence,041302,"Coleman,Marian Elizabeth",A1,21348,Continuing & Prof Studies,3.99,29,17,11,1,0,0,0,0,0,0,0
2025 Spring,CHEM,2321,Org Lab II Non-Chem Maj/Min,043155,"Chruma,Jason J",010,12375,College & Graduate Arts & Sci,3.69,14,0,6,4,3,1,0,0,0,0,0
2025 Spring,FREN,4585,Adv Topics Cultural Studies,014411,"Boutaghou,Ferial",001,13370,College & Graduate Arts & Sci,3.55,11,1,6,1,1,1,0,0,0,0,1
2025 Spring,MATH,3350,Applied Linear Algebra,042858,"Sonkin,Dmitriy",003,20638,College & Graduate Arts & Sci,3.79,36,0,25,6,1,3,0,0,1,0,0
2025 Spring,ENWR,1510,Writing and Critical Inquiry,013432,"Little,Dana",024,11020,College & Graduate Arts & Sci,4.00,18,4,14,0,0,0,0,0,0,0,0
2025 Spring,DRAM,3430,Improvisation,007265,"Chebli,Karim",001,14373,College & Graduate Arts & Sci,3.85,15,0,10,4,0,1,0,0,0,0,0
2025 Spring,PSPM,5200,"Proj Sched, Cost & Budg Contrl",029796,"Smith,Douglass",701,20207,Continuing & Prof Studies,3.69,23,0,14,6,0,0,1,0,2,0,0
2025 Spring,LAW,7821,Advncg Svc Thru Pro Bono (SC),046031,"Graves,Tiffany",1,10094,School of Law,3.54,11,0,2,3,6,0,0,0,0,0,0
2025 Spring,NUIP,4200,Pathophysiology,029460,"Weiland,Anne Pitman",003,18009,School of Nursing,3.89,15,0,11,3,1,0,0,0,0,0,0
2025 Spring,GSGS,3330,Ecological Economics,046918,"Phillips,Spencer",001,14314,College & Graduate Arts & Sci,3.78,36,1,17,15,2,0,0,0,1,0,0
2025 Spring,EDLF,3470,Hip-Hop Education,044385,"Freeman,Trayc",001,20095,School of Education and HumanDev,3.92,13,8,3,1,1,0,0,0,0,0,0
2025 Spring,ENWR,1506,Writing & Critical Inquiry S2,013429,"Kostelnik,Kate",001,10656,College & Graduate Arts & Sci,3.78,12,0,10,0,0,1,0,1,0,0,0
2025 Spring,DRAM,2310,Costume Technology,007220,"Linton,Marcy",001,19657,College & Graduate Arts & Sci,3.86,14,4,6,2,2,0,0,0,0,0,0
2025 Spring,BIOL,3270,Microbiology with Lab,044428,"Abdullah,Ahmed",100,12026,College & Graduate Arts & Sci,3.24,155,6,23,32,25,36,17,8,4,0,4
2025 Spring,ARTH,4591,Seminar in the History of Art,002569,"Skerritt,Henry",002,13265,College & Graduate Arts & Sci,3.60,13,2,6,4,0,0,0,0,0,0,1
2025 Spring,DS,6015,DS Capstone,046836,"Shakeri,Heman",004,20541,School of Data Science,4.00,7,2,5,0,0,0,0,0,0,0,0
2025 Spring,PSCJ,5310,Organizational & Personal Dev,032184,"Hoover,Mark",550,20722,Continuing & Prof Studies,3.75,11,0,3,7,1,0,0,0,0,0,0
2025 Spring,DRAM,2020,Acting I,007200,"Chebli,Karim",007,19666,College & Graduate Arts & Sci,3.65,13,0,4,6,2,0,1,0,0,0,0
2025 Spring,PSPS,6010,Constitutional Framework of PS,046293,"Cantil-Sakauye,Tani",581,20656,Continuing & Prof Studies,3.82,30,5,19,5,0,0,0,0,0,0,1
2025 Spring,ECON,8230,Advanced International Trade,041366,"Harrigan,James",001,13081,College & Graduate Arts & Sci,2.96,7,0,0,1,1,3,1,0,1,0,0
2025 Spring,AAS,4570,Adv Research Sem in AAS,000120,"Mohamed,Naseemah",001,13430,College & Graduate Arts & Sci,3.58,10,0,5,4,0,0,0,0,0,0,1
2025 Spring,PLAP,2250,American Political Tradition,031555,"Keiser,Kennon",002,13314,College & Graduate Arts & Sci,3.44,18,2,5,3,3,2,1,1,1,0,0
2025 Spring,ARTH,2882,Modern Aboriginal Art,046176,"Skerritt,Henry",100,13259,College & Graduate Arts & Sci,3.75,57,2,27,23,3,1,0,0,0,0,1
2025 Spring,PLCP,3500,Topics in Comp Politics,041289,"Solomon,Sophia",003,20210,College & Graduate Arts & Sci,3.80,30,0,17,11,1,0,0,0,1,0,0
2025 Spring,EGMT,1520,Empirical Engagement,044513,"Spitzner,Dan",206,13397,College & Graduate Arts & Sci,3.98,36,1,34,0,1,0,0,0,0,0,0
2025 Spring,SPAN,2020,Advanced Intermediate Spanish,035854,"Barlow,Jennifer",014,13958,College & Graduate Arts & Sci,3.51,17,0,2,10,1,2,2,0,0,0,0
2025 Spring,AAS,3500,Intermediate Seminar in AAS,039376,"Fields,Kimberly",006,13970,College & Graduate Arts & Sci,3.81,14,0,10,2,0,2,0,0,0,0,0
2025 Spring,PSPS,6040,Create & Sustain Comm Dialogue,046294,"Dion,Shannon",580,20650,Continuing & Prof Studies,3.76,48,0,23,23,1,0,0,0,0,0,1
2025 Spring,ENCW,2300,Poetry Writing,013450,"Zhou,Holly",009,19961,College & Graduate Arts & Sci,3.89,15,0,11,3,1,0,0,0,0,0,0
2025 Spring,BIOL,4310,Sensory Neurobiology,003618,"Provencio,Ignacio",001,13251,College & Graduate Arts & Sci,3.27,43,6,6,5,7,6,8,4,1,0,0
2025 Spring,COMM,1800,Foundations of Commerce,006438,"Costa,Elaine",001,17520,McIntire School of Commerce,3.39,150,2,46,36,24,18,5,7,7,2,3
2025 Spring,MAE,2310,Strength of Materials,022575,"Wellbeloved,Elizabeth A.",501,19414,Engineering & Applied Science,3.81,18,3,8,5,0,2,0,0,0,0,0
2025 Spring,MATH,3100,Introduction to Probability,023058,"Dimou,Evangelos",002,11803,College & Graduate Arts & Sci,3.15,33,3,7,4,2,8,2,2,2,2,1
2025 Spring,EDIS,5025,"Curric, Instruct & Assessment",044060,"Allen,Amanda",501,17268,School of Education and HumanDev,3.74,23,0,15,3,2,1,2,0,0,0,0
2025 Spring,EDIS,5142,IEP Develop & Implementation,045417,"Gentry,Roberta",500,17235,School of Education and HumanDev,3.78,6,3,2,0,0,0,1,0,0,0,0
2025 Spring,EVGE,5860,Isotope Geochemistry,013771,"Macko,Stephen",100,10966,College & Graduate Arts & Sci,3.68,8,2,4,0,0,0,2,0,0,0,0
2025 Spring,LAW,7730,"Lawyers,Clerks,Jud Dcisionmkng",043271,"CUI,GREGORY",1,10305,School of Law,3.79,8,2,1,3,2,0,0,0,0,0,0
2025 Spring,FREN,1020,Elementary French II,014274,"Rey,Cecile",001,10686,College & Graduate Arts & Sci,3.52,18,0,7,3,2,5,1,0,0,0,0
2025 Spring,EDLF,7815,Ldshp Equity Dverse Population,046606,"White,Tinkhani",500,17307,School of Education and HumanDev,3.98,18,15,2,1,0,0,0,0,0,0,0
2025 Spring,STAT,2120,Intro to Statistical Analysis,036655,"Holt,Jeffrey",100,10939,College & Graduate Arts & Sci,3.46,179,3,61,39,30,19,10,9,3,5,0
2025 Spring,APMA,1090,Single Variable Calculus I,001138,"Spencer,Julie",001,16034,Engineering & Applied Science,2.82,10,0,1,3,0,2,2,0,0,0,2
2025 Spring,ISSS,3610,Contemporary Problems in Econ,020471,"Schnur,Michael",101,20266,Continuing & Prof Studies,3.53,11,0,3,5,1,1,0,0,1,0,0
2025 Spring,MAE,2330,Mechanics Laboratory,045221,"Smith,Natasha",002,21120,Engineering & Applied Science,3.94,42,29,10,2,0,0,0,0,1,0,0
2025 Spring,PHYS,2040,Princip of Physics 2 Workshop,030812,"Bychkov,Maxim Aleksandrovich",024,21289,College & Graduate Arts & Sci,4.00,22,8,14,0,0,0,0,0,0,0,0
2025 Spring,SPAN,1060,Accelerated Elementary Spanish,035820,"Street,Matthew",003,10927,College & Graduate Arts & Sci,3.41,14,2,3,5,2,0,1,0,0,0,1
2025 Spring,ENGL,4560,Seminar Modern & Contemp Lit,012608,"Fraiman,Susan",001,19928,College & Graduate Arts & Sci,3.70,14,1,4,6,2,1,0,0,0,0,0
2025 Spring,PLAN,2111,GIS for Planners,045666,"Walker,Richard",001,10439,School of Architecture,3.75,24,0,14,6,0,3,1,0,0,0,0
2025 Spring,CS,4501,Spec Top: Computer Science,006942,"Fletcher,Tom",006,16098,Engineering & Applied Science,3.57,18,6,3,3,3,0,1,2,0,0,0
2025 Spring,LAW,7163,Legislation and Regulation,044706,"Johnston,Jason",1,18849,School of Law,3.44,5,1,0,0,3,1,0,0,0,0,0
2025 Spring,LAW,7501,Spec Topics Short Course (SC),046387,"Rubio-Marin,Ruth",3,18852,School of Law,3.47,12,0,3,2,5,1,1,0,0,0,0
2025 Spring,BME,2220,Biomechanics,004068,"Hu,Xiao",001,15045,Engineering & Applied Science,3.60,66,4,22,20,8,9,1,1,0,0,1
2025 Spring,CS,3140,Software Dev Essentials,046231,"Nguyen,Rich",001,16070,Engineering & Applied Science,3.64,137,0,58,44,14,17,1,1,0,0,2
2025 Spring,LAW,7014,Conflict of Laws,021767,"Harrison,John",1,18840,School of Law,3.59,56,1,20,6,26,3,0,0,0,0,0
2025 Spring,FREN,2020,Intermediate French II,014316,"Simotas,Spyridon",004,11737,College & Graduate Arts & Sci,3.90,13,0,10,2,1,0,0,0,0,0,0
2025 Spring,EGMT,1540,Ethical Engagement,044515,"Choi,Christopher",208,14249,College & Graduate Arts & Sci,3.99,36,19,16,1,0,0,0,0,0,0,0
2025 Spring,LPPP,4991,Capstone Seminar,042163,"Stam,Allan",004,16539,Batten Leadership & Public Pol,3.96,16,1,13,2,0,0,0,0,0,0,0
2025 Spring,LPPL,2100,The Resilient Student,045390,"Davis,Timothy",100,16557,Batten Leadership & Public Pol,3.46,113,0,16,67,13,6,4,2,1,0,4
2025 Spring,CHEM,3821,Physical Chemistry Lab II,005741,"Gahlmann,Andreas",100,12319,College & Graduate Arts & Sci,3.47,36,0,11,13,5,2,3,0,0,0,2
2025 Spring,ASTR,1250,Alien Worlds,044877,"Zhou,Yifan",001,13456,College & Graduate Arts & Sci,3.59,101,5,42,27,12,3,4,3,3,0,2
2025 Spring,DS,2002,Data Science Systems,046059,"Magee,Neal",003,20222,School of Data Science,3.85,65,1,50,7,4,1,0,1,1,0,0
2025 Spring,APMA,2130,Ordinary Differentl Equations,001145,"Fernando,Anne",007,16086,Engineering & Applied Science,3.59,41,8,16,7,2,4,1,1,0,1,1
2025 Spring,CHEM,1421,Intro College Chemistry II Lab,005994,"Morkowchuk,Lisa",024,11660,College & Graduate Arts & Sci,3.96,24,19,2,3,0,0,0,0,0,0,0
2025 Spring,EDHS,2895,Mental Health and Schools,042737,"Gest,Scott David",001,17463,School of Education and HumanDev,3.61,39,1,20,8,2,3,2,1,2,0,0
2025 Spring,ECON,4740,Algorithmic Economics,046915,"Nekipelov,Denis",001,13654,College & Graduate Arts & Sci,3.52,26,0,2,17,4,0,2,0,1,0,0
2025 Spring,PSLP,5300,Foundations of Leadership,044292,"Degner,Kai",701,20275,Continuing & Prof Studies,3.91,15,0,13,0,2,0,0,0,0,0,0
2025 Spring,EDIS,6880,Masters Comp in Curric & Inst,045850,"Woodward,Tyler",501,17304,School of Education and HumanDev,3.88,20,0,17,1,1,0,1,0,0,0,0
2025 Spring,NESC,8080,NESC Grad Student Sem Series,029309,"Cope,Elise",001,18505,Medical School - BIMS/PHS,3.95,53,0,47,5,0,1,0,0,0,0,0
2025 Spring,EDIS,6740,Diagnosis & Remediation II,009476,"Stewart,Jennifer",501,17274,School of Education and HumanDev,3.98,15,2,12,1,0,0,0,0,0,0,0
2025 Spring,CELL,5950,Jrnl Survey in Cell & Dev Biol,005250,"Dwyer,Noelle",001,18466,Medical School - BIMS/PHS,3.95,22,15,5,1,1,0,0,0,0,0,0
2025 Spring,PHS,7020,Epi & Translational Research,030366,"Wells,Kristen",001,18547,Medical School - BIMS/PHS,4.00,43,25,18,0,0,0,0,0,0,0,0
2025 Spring,PLAN,6040,Quantitative Methods of Plan,031387,"Mondschein,Andrew",001,10463,School of Architecture,3.89,15,0,13,1,0,0,1,0,0,0,0
2025 Spring,MUSI,3310,Theory I,024801,"Walker,John Michael",001,11778,College & Graduate Arts & Sci,3.95,13,0,11,2,0,0,0,0,0,0,0
2025 Spring,LAW,8629,Innocence Project Clinic (YR),040057,"Givens,Jennifer",1,10044,School of Law,3.54,14,0,0,10,3,0,1,0,0,0,0
2025 Spring,CHEM,1421,Intro College Chemistry II Lab,005994,"Morkowchuk,Lisa",012,11122,College & Graduate Arts & Sci,3.80,20,13,1,2,3,0,1,0,0,0,0
2025 Spring,RUTR,2470,Understanding Russia,034781,"Urbanovich,Yuri",001,12111,College & Graduate Arts & Sci,3.97,35,3,29,3,0,0,0,0,0,0,0
2025 Spring,CHEM,1421,Intro College Chemistry II Lab,005994,"Morkowchuk,Lisa",027,12114,College & Graduate Arts & Sci,3.98,24,21,1,2,0,0,0,0,0,0,0
2025 Spring,LAW,6103,Corporations,021636,"Kitch,Edmund",1,10026,School of Law,3.47,15,1,3,3,3,4,1,0,0,0,0
2025 Spring,ARTS,2610,Drawing I,002836,"Taylor,Jackson",001,11773,College & Graduate Arts & Sci,4.00,17,2,15,0,0,0,0,0,0,0,0
2025 Spring,LAW,9199,Interntnl Business Negotiation,042754,"Starling,Kenneth",1,10141,School of Law,3.40,15,0,0,6,6,3,0,0,0,0,0
2025 Spring,ARCH,2020,Foundation Studio III,001494,"Dripps,Robin D",002,10365,School of Architecture,3.61,13,0,6,1,4,2,0,0,0,0,0
2025 Spring,CHEM,1500,Chemistry for Health Sciences,043753,"Stelmach,Kamil",001,12012,College & Graduate Arts & Sci,3.53,37,5,8,10,6,6,0,0,1,1,0
2025 Spring,GERM,1020,Elementary German,015643,"Parker,Stefanie",002,11698,College & Graduate Arts & Sci,3.51,14,0,6,0,4,4,0,0,0,0,0
2025 Spring,LAW,9081,Trial Advocacy,022023,"Johnson,Bethany",2,10101,School of Law,3.41,14,0,1,2,11,0,0,0,0,0,0
2025 Spring,CHEM,1421,Intro College Chemistry II Lab,005994,"Morkowchuk,Lisa",025,12082,College & Graduate Arts & Sci,3.86,24,18,2,1,1,1,1,0,0,0,0
2025 Spring,LAW,9069,Antitrust Review of Mergers,021987,"Fullerton,Lawrence",1,10093,School of Law,3.59,16,0,4,7,3,1,1,0,0,0,0
2025 Spring,LAW,7011,Comparative Constitutional Law,021624,"Versteeg,Emiliana",1,10146,School of Law,3.57,22,0,1,13,8,0,0,0,0,0,0
2025 Spring,LAW,6104,Evidence,021648,"Mitchell,Paul",2,10150,School of Law,3.54,89,0,13,41,26,7,1,1,0,0,0
2025 Spring,CHEM,1421,Intro College Chemistry II Lab,005994,"Morkowchuk,Lisa",020,11130,College & Graduate Arts & Sci,3.64,24,12,0,7,1,1,2,0,0,1,0
2025 Spring,LAW,9287,Law and Economics Workshop,044727,"Fischman,Joshua",1,10089,School of Law,3.58,12,0,4,2,5,1,0,0,0,0,0
2025 Spring,LAW,7786,"Topics in Law, Med & Soc (SC)",045212,"Shepherd,Lois",1,10191,School of Law,3.37,17,0,3,3,4,7,0,0,0,0,0
2025 Spring,LAW,6113,Intro to Law and Business,045995,"Geis,George",1,10195,School of Law,3.48,79,0,7,25,45,2,0,0,0,0,0
2025 Spring,CHEM,1421,Intro College Chemistry II Lab,005994,"Morkowchuk,Lisa",013,11123,College & Graduate Arts & Sci,3.88,24,16,3,3,1,0,1,0,0,0,0
2025 Spring,CHEM,1421,Intro College Chemistry II Lab,005994,"Morkowchuk,Lisa",014,11124,College & Graduate Arts & Sci,3.85,24,14,6,1,1,0,2,0,0,0,0
2025 Spring,EVSC,4991,Conserv Theory and Practice,043438,"Doney,Scott",001,11816,College & Graduate Arts & Sci,3.77,23,0,13,5,4,1,0,0,0,0,0
2025 Spring,LAW,8652,Emerging Markets: Prin & Pract,021986,"Dean,Richard",1,10086,School of Law,3.53,16,0,0,9,7,0,0,0,0,0,0
2025 Spring,CHEM,1421,Intro College Chemistry II Lab,005994,"Morkowchuk,Lisa",011,11121,College & Graduate Arts & Sci,3.67,17,12,1,2,0,1,0,0,0,0,1
2025 Spring,BIOL,4260,Cellular Mechanisms,003613,"Wormington,Mike",001,11811,College & Graduate Arts & Sci,3.96,52,17,29,5,1,0,0,0,0,0,0
2025 Spring,CHEM,1421,Intro College Chemistry II Lab,005994,"Morkowchuk,Lisa",004,11116,College & Graduate Arts & Sci,3.89,23,19,0,2,1,0,1,0,0,0,0
2025 Spring,LAW,7080,Health Law Survey,021615,"Riley,Margaret",1,10144,School of Law,3.50,37,0,3,15,17,2,0,0,0,0,0
2025 Spring,SPAN,3430,Contemp Latin American Voices,035911,"Acevedo-Reyes,Manuel",001,10938,College & Graduate Arts & Sci,4.00,21,8,13,0,0,0,0,0,0,0,0
2025 Spring,LAW,9124,On Purpose: Intro to Leadshp,022319,"Mathas,Theodore",1,10258,School of Law,3.47,17,0,0,8,8,1,0,0,0,0,0
2025 Spring,STAT,3110,Foundations of Statistics,044444,"Weinstock,Justin Benjamin",001,12623,College & Graduate Arts & Sci,3.38,48,5,19,9,4,2,1,2,0,2,4
2025 Spring,ECON,8010,Microeconomic Theory III,008046,"Engers,Maxim",100,11738,College & Graduate Arts & Sci,3.33,18,0,3,2,6,6,1,0,0,0,0
2025 Spring,LAW,8006,Corporate Tax,021634,"Yale,Ethan",1,10059,School of Law,3.49,21,0,4,8,4,3,2,0,0,0,0
2025 Spring,LAW,7088,Law and Public Service,040070,"Block,Andrew",1,10015,School of Law,3.56,23,0,6,11,4,1,0,0,0,0,1
2025 Spring,CHEM,1421,Intro College Chemistry II Lab,005994,"Morkowchuk,Lisa",010,11120,College & Graduate Arts & Sci,3.64,20,12,1,4,1,0,1,0,0,0,1
2025 Spring,LAW,9093,State Attorneys General,022249,"Herring,Mark",1,10265,School of Law,3.58,19,0,2,10,7,0,0,0,0,0,0
2025 Spring,LAW,9070,Voice and Silence Law/Lit Sem,022209,"Coughlin,Anne",1,10268,School of Law,3.54,19,0,3,6,10,0,0,0,0,0,0
2025 Spring,ECON,3010,Intermediate Microeconomics,007908,"Kripalani,Jessica",091,11736,College & Graduate Arts & Sci,3.10,106,26,20,12,11,9,7,3,1,4,13
2025 Spring,LAW,6105,Federal Courts,021652,"Ahdout,Payvand",1,10033,School of Law,3.69,64,3,18,25,15,3,0,0,0,0,0
2025 Spring,LAW,6102,Administrative Law,021597,"Bamzai,Aditya",2,10143,School of Law,3.70,61,0,24,22,12,3,0,0,0,0,0
2025 Spring,MDST,2690,Sports Journalism,044470,"Clay,Anna",001,12742,College & Graduate Arts & Sci,3.75,20,0,7,10,3,0,0,0,0,0,0
2025 Spring,SOC,5020,Introduction to Statistics,043304,"Driscoll,Daniel",100,12870,College & Graduate Arts & Sci,4.00,5,2,3,0,0,0,0,0,0,0,0
2025 Spring,ARCH,3020,Foundation Studio V,001518,"Bachman,JT",001,10368,School of Architecture,3.51,11,0,6,0,3,0,1,0,1,0,0
2025 Spring,KOR,2020,Intermediate Korean II,020867,"Han,Rosa",002,11995,College & Graduate Arts & Sci,3.46,16,1,3,4,4,2,2,0,0,0,0
2025 Spring,ENWR,1510,Writing and Critical Inquiry,013432,"Shaman,Cory",030,11560,College & Graduate Arts & Sci,3.85,18,0,13,2,3,0,0,0,0,0,0
2025 Spring,MATH,7310,Real Analysis,023220,"Farhat,Aseel",001,11675,College & Graduate Arts & Sci,3.43,7,0,3,0,1,2,1,0,0,0,0
2025 Spring,PHS,4050,Public Health Policy,043758,"Quissell,Kathryn",001,12335,College & Graduate Arts & Sci,3.96,54,23,27,2,1,1,0,0,0,0,0
2025 Spring,ARCH,6020,Foundation Studio II,001669,"Vanecek,Jess",001,10377,School of Architecture,3.65,12,0,5,4,1,1,1,0,0,0,0
2025 Spring,ARCH,1030,Foundation Studio I,042201,"Jarabo,Marta",001,10384,School of Architecture,3.41,93,2,13,36,17,13,8,3,0,0,1
2025 Spring,CASS,1011,Miller Arts Scholars Disc,041910,"Rasbury,Michael",001,11561,College & Graduate Arts & Sci,3.97,19,15,2,2,0,0,0,0,0,0,0
2025 Spring,ARCH,6261,Building Workshop II,040966,"MacDonald,Katie",001,10380,School of Architecture,3.84,23,5,12,3,2,0,1,0,0,0,0
2025 Spring,ECON,4360,Empirical Finance,007970,"Peterson,Steven",001,11564,College & Graduate Arts & Sci,3.84,19,0,9,10,0,0,0,0,0,0,0
2025 Spring,EGMT,1540,Ethical Engagement,044515,"Mullins,Ian",209,12676,College & Graduate Arts & Sci,3.73,37,3,28,0,0,4,0,0,0,0,2
2025 Spring,SPAN,2010,Intermediate Spanish,035853,"Raczyk,Ciara",006,11508,College & Graduate Arts & Sci,3.72,17,0,7,7,2,0,1,0,0,0,0
2025 Spring,PSYC,2005,Rsch Methods & Data Analysis I,032539,"Clerkin,Elise",001,10878,College & Graduate Arts & Sci,3.58,178,48,55,22,19,12,7,1,7,3,4
2025 Spring,ENWR,1510,Writing and Critical Inquiry,013432,"Modica,John",003,11495,College & Graduate Arts & Sci,4.00,18,3,15,0,0,0,0,0,0,0,0
2025 Spring,ARAB,2020,Intermediate Arabic II,001285,"Mohamed,Suad",001,10961,College & Graduate Arts & Sci,3.76,14,0,7,4,3,0,0,0,0,0,0
2025 Spring,DRAM,1010,How Theatre Works,007177,"Garey,Cady",002,12653,College & Graduate Arts & Sci,3.63,49,0,19,20,6,2,0,1,0,0,1
2025 Spring,STAT,3110,Foundations of Statistics,044444,"Weinstock,Justin",002,12624,College & Graduate Arts & Sci,3.56,62,4,18,19,8,8,2,2,1,0,0
2025 Spring,ARCH,7020,Foundation Studio IV,042373,"Ripple,Jeana D'Agostino",003,10419,School of Architecture,3.43,12,0,2,2,6,2,0,0,0,0,0
2025 Spring,SARC,6720,Design Computation 2,045090,"Vanecek,Jess",001,10416,School of Architecture,3.80,23,0,11,10,1,1,0,0,0,0,0
2025 Spring,MUSI,2600,Jazz Improvisation,024777,"Rosensky,Michael",001,11316,College & Graduate Arts & Sci,3.87,15,0,11,3,0,1,0,0,0,0,0
2025 Spring,ARCH,7020,Foundation Studio IV,042373,"Martin Robles,Ines Maria",002,10405,School of Architecture,3.62,13,4,0,5,2,2,0,0,0,0,0
2025 Spring,LAW,7816,Postgrad Pub Int Fellow (SC),045998,"Kim,Annie",1,10085,School of Law,3.46,5,0,0,2,3,0,0,0,0,0,0
2025 Spring,EGMT,1530,Engaging Differences,044514,"Shutt,Lisa",111,12629,College & Graduate Arts & Sci,3.93,33,0,30,0,2,1,0,0,0,0,0
2025 Spring,MATH,1210,A survey of Calculus I,022944,"Mitchell,Susan Beth",900,11554,College & Graduate Arts & Sci,3.28,30,1,9,6,3,7,1,0,0,1,2
2025 Spring,ARCH,3020,Foundation Studio V,001518,"Mangual Martnez,Isaac Alejandro",004,10371,School of Architecture,3.80,13,4,5,2,1,0,1,0,0,0,0
2025 Spring,SPAN,2010,Intermediate Spanish,035853,"Young,Sara",005,11507,College & Graduate Arts & Sci,3.46,14,0,1,7,3,2,1,0,0,0,0
2025 Spring,CLAS,2040,Greek Mythology,006300,"Miller,John",100,10629,College & Graduate Arts & Sci,3.48,207,8,119,3,10,41,0,3,17,0,6
2025 Spring,EVSC,4995,Supervised Research,013985,"Epstein,Howard",010,11324,College & Graduate Arts & Sci,3.92,13,6,6,0,0,1,0,0,0,0,0
2025 Spring,CHEM,1421,Intro College Chemistry II Lab,005994,"Morkowchuk,Lisa",003,11115,College & Graduate Arts & Sci,3.99,23,19,3,1,0,0,0,0,0,0,0
2025 Spring,ENWR,1520,Writing & Community Engagement,045365,"Stephenson,Kate",001,12635,College & Graduate Arts & Sci,3.96,18,9,8,0,1,0,0,0,0,0,0
2025 Spring,STAT,2120,Intro to Statistical Analysis,036655,"Holt,Jeffrey",300,10941,College & Graduate Arts & Sci,3.43,193,1,50,52,34,29,13,11,2,1,0
2025 Spring,LAW,7035,Foreign Relations Law,021783,"Deeks,Ashley",1,10248,School of Law,3.51,46,2,6,13,19,6,0,0,0,0,0
2025 Spring,LAW,7667,Global Contracting (SC),041316,"Sion,Gilles",1,10249,School of Law,3.41,10,0,0,5,3,1,1,0,0,0,0
2025 Spring,PLCP,4500,Special Topics,031707,"Walsh,Denise",002,12576,College & Graduate Arts & Sci,3.54,16,0,10,1,3,0,0,0,1,0,1
2025 Spring,ENWR,1510,Writing and Critical Inquiry,013432,"Hadley,Henrietta",031,11636,College & Graduate Arts & Sci,3.79,17,0,12,4,0,0,0,0,0,1,0
2025 Spring,LAW,9081,Trial Advocacy,022023,"Stolpe,Kristin",1,10047,School of Law,3.58,16,0,0,12,3,1,0,0,0,0,0
2025 Spring,ALAR,8020,Research Studio 2,000310,"Mark,Earl J",003,10443,School of Architecture,3.81,10,0,6,3,0,1,0,0,0,0,0
2025 Spring,CHIN,4020,Advanced Chinese II,006068,"Zhao,Ran",001,10628,College & Graduate Arts & Sci,3.96,14,0,12,2,0,0,0,0,0,0,0
2025 Spring,MDST,3504,Topics in Global Media,042990,"Morimoto,Lori",004,12831,College & Graduate Arts & Sci,3.95,30,16,9,5,0,0,0,0,0,0,0
2025 Spring,MDST,3510,Topics in Media Research,045771,"Rao,Pallavi",002,12832,College & Graduate Arts & Sci,3.91,28,2,22,2,1,0,1,0,0,0,0
2025 Spring,LAW,7005,Antitrust,021607,"Fischman,Joshua",1,10045,School of Law,3.45,14,0,3,3,5,2,1,0,0,0,0
2025 Spring,LAR,6120,History of Landscape Design II,020910,"Putalik,Erin",001,10445,School of Architecture,3.51,18,0,4,6,3,5,0,0,0,0,0
2025 Spring,PLAN,6050,Land Use and Environmental Law,031388,"Ripple,Christopher",001,10464,School of Architecture,3.37,20,0,4,4,5,4,3,0,0,0,0
2025 Spring,ENWR,1510,Writing and Critical Inquiry,013432,"Mokoko,Sethunya",055,12259,College & Graduate Arts & Sci,3.26,17,1,3,5,2,2,0,1,3,0,0
2025 Spring,PLAC,5860,Green Infrastructure: Sites,031149,"Firehock,Karen",001,10382,School of Architecture,3.93,12,3,6,3,0,0,0,0,0,0,0
2025 Spring,CHEM,1421,Intro College Chemistry II Lab,005994,"Morkowchuk,Lisa",002,11114,College & Graduate Arts & Sci,3.91,24,19,1,3,0,0,1,0,0,0,0
2025 Spring,SPAN,2010,Intermediate Spanish,035853,"Neff,Kate",002,12685,College & Graduate Arts & Sci,3.78,17,0,9,6,1,0,1,0,0,0,0
2025 Spring,JAPN,1020,First-Year Japanese II,020741,"Marshall,Tomoko",002,10721,College & Graduate Arts & Sci,3.25,12,0,4,1,2,2,1,0,2,0,0
2025 Spring,ASTR,3450,Mission to Mars,045716,"Murphy,Edward",001,12659,College & Graduate Arts & Sci,3.19,141,0,27,34,32,16,10,6,4,4,8
2025 Spring,ALAR,8020,Research Studio 2,000310,"Li,Shiqiao",002,10408,School of Architecture,3.95,12,6,4,2,0,0,0,0,0,0,0
2025 Spring,CHEM,1421,Intro College Chemistry II Lab,005994,"Morkowchuk,Lisa",030,12117,College & Graduate Arts & Sci,3.72,24,12,2,6,2,0,1,0,0,1,0
2025 Spring,PHYS,7420,Electricity and Magnetism II,030941,"Nichols,David",001,11691,College & Graduate Arts & Sci,3.60,19,4,3,5,4,2,1,0,0,0,0
2025 Spring,STAT,2120,Intro to Statistical Analysis,036655,"Holt,Jeffrey",200,10940,College & Graduate Arts & Sci,3.42,194,2,49,53,36,27,9,12,5,1,0
2025 Spring,SPAN,2020,Advanced Intermediate Spanish,035854,"Hogg,Jennifer",010,11526,College & Graduate Arts & Sci,3.46,18,0,3,8,3,2,1,0,1,0,0
2025 Spring,ECON,2010,Principles of Econ: Microecon,007876,"Doyle,Carter",100,11535,College & Graduate Arts & Sci,3.13,257,0,66,47,28,41,23,15,17,10,10
2025 Spring,LAW,9040,Animal Law,040104,"Riley,Margaret",1,10091,School of Law,3.43,15,0,0,5,10,0,0,0,0,0,0
2025 Spring,FREN,3032,"Text, Image, Culture",014358,"Simotas,Spyridon",003,11867,College & Graduate Arts & Sci,3.79,13,0,8,2,3,0,0,0,0,0,0
2025 Spring,ARCH,2020,Foundation Studio III,001494,"Scott,Stacy",005,10413,School of Architecture,3.51,14,0,2,7,1,4,0,0,0,0,0
2025 Spring,ARCH,3020,Foundation Studio V,001518,"Somers,Schaeffer Eugene",003,10370,School of Architecture,3.90,14,0,12,0,2,0,0,0,0,0,0
2025 Spring,ARTS,4712,Advanced Painting II,002942,"Rock,Neal",001,11509,College & Graduate Arts & Sci,3.92,11,1,7,3,0,0,0,0,0,0,0
2025 Spring,AMST,3180,Intro to Asian Amer Studies,039585,"Chong,Sylvia",100,12470,College & Graduate Arts & Sci,3.59,52,4,30,4,3,2,4,1,3,0,1
2025 Spring,MATH,2310,Calculus III,023024,"Dimou,Evangelos",300,10759,College & Graduate Arts & Sci,3.21,23,3,4,4,1,6,2,1,1,0,1
2025 Spring,SPAN,2010,Intermediate Spanish,035853,"Jarque,Esperanza Gorriz",007,11555,College & Graduate Arts & Sci,3.64,17,0,2,11,4,0,0,0,0,0,0
2025 Spring,PHYS,1429,Intro Physics 1 Workshop,031036,"Bychkov,Maksim",013,11547,College & Graduate Arts & Sci,3.82,25,3,17,1,2,1,0,1,0,0,0
2025 Spring,MATH,4250,Diff Eqns Dyn Sys,044173,"Do,Yen",001,12090,College & Graduate Arts & Sci,3.91,14,2,11,0,0,0,1,0,0,0,0
2025 Spring,CHEM,1421,Intro College Chemistry II Lab,005994,"Morkowchuk,Lisa",031,12118,College & Graduate Arts & Sci,3.85,24,19,1,1,0,2,1,0,0,0,0
2025 Spring,SPAN,2020,Advanced Intermediate Spanish,035854,"Arevalo,Gabriela Dongo",004,11075,College & Graduate Arts & Sci,3.63,16,0,2,11,2,0,1,0,0,0,0
2025 Spring,RELG,2660,Spirituality in America,041858,"Hedstrom,Matthew",100,11549,College & Graduate Arts & Sci,3.73,73,1,46,14,5,2,1,2,1,0,1
2025 Spring,PHYS,3660,Quantum Physics II,030872,"Kolomeisky,Eugene",001,10853,College & Graduate Arts & Sci,3.10,30,4,2,4,4,6,4,1,5,0,0
2025 Spring,LAW,7047,Trademark Law,021821,"Rowe,Elizabeth",1,10189,School of Law,3.41,31,0,4,9,9,8,1,0,0,0,0
2025 Spring,MATH,3350,Applied Linear Algebra,042858,"Lu,Kang",001,11677,College & Graduate Arts & Sci,3.86,35,13,12,6,3,1,0,0,0,0,0
2025 Spring,LAW,6006,Property,021565,"Doran,Michael",BF,10011,School of Law,3.39,63,0,10,11,22,20,0,0,0,0,0
2025 Spring,STAT,1601,Intro Data Science with R,045055,"Roland,Kristen",002,12253,College & Graduate Arts & Sci,3.75,98,4,54,31,5,1,0,0,0,1,2
2025 Spring,LAW,8010,Patent Law,021689,"Duffy,John",1,10065,School of Law,3.54,17,1,3,4,7,2,0,0,0,0,0
2025 Spring,CHEM,1421,Intro College Chemistry II Lab,005994,"Morkowchuk,Lisa",005,11117,College & Graduate Arts & Sci,3.90,24,17,2,4,0,0,1,0,0,0,0
2025 Spring,LAW,8655,Estate Planning: Princ & Prac,022045,"Murphy,Stephen",1,10041,School of Law,3.49,16,0,3,4,7,2,0,0,0,0,0
2025 Spring,CHEM,1421,Intro College Chemistry II Lab,005994,"Morkowchuk,Lisa",032,12119,College & Graduate Arts & Sci,3.58,24,17,3,0,1,0,1,0,0,0,2
2025 Spring,CHEM,1421,Intro College Chemistry II Lab,005994,"Morkowchuk,Lisa",034,12121,College & Graduate Arts & Sci,3.84,24,14,3,4,2,0,1,0,0,0,0
2025 Spring,LAW,9114,Law of Armed Conflict,022306,"Bill,Brian",1,10140,School of Law,3.48,24,1,2,5,16,0,0,0,0,0,0
2025 Spring,ENWR,1510,Writing and Critical Inquiry,013432,"Goad,Rhiannon",051,12211,College & Graduate Arts & Sci,3.78,17,0,12,1,2,2,0,0,0,0,0
2025 Spring,LAW,7144,Negotiation,043847,"Sachs,Benjamin",1,10051,School of Law,3.51,30,0,2,12,16,0,0,0,0,0,0
2025 Spring,MATH,3315,Adv Calculus and Lin Alg II,043767,"Sherman,David",100,11901,College & Graduate Arts & Sci,3.48,14,0,9,1,1,1,1,0,0,0,1
2025 Spring,DRAM,2020,Acting I,007200,"Close,Tovah",003,11799,College & Graduate Arts & Sci,3.80,14,0,6,7,1,0,0,0,0,0,0
2025 Spring,MATH,1320,Calculus II,022954,"Aitzhanova,Bakhyt",100,11969,College & Graduate Arts & Sci,2.82,26,0,9,2,2,2,1,4,1,2,3
2025 Spring,STAT,3220,Intro to Regression Analysis,040001,"Varanyak,Krista",001,12003,College & Graduate Arts & Sci,3.79,68,7,36,19,1,2,2,0,0,0,1
2025 Spring,MATH,3351,Elementary Linear Algebra,023081,"Spitz,Ben",002,11571,College & Graduate Arts & Sci,3.19,33,1,6,4,7,10,1,0,2,0,2
2025 Spring,BIOL,3420,Human Anatomy & Physiology II,043981,"Massey,Ann",100,11936,College & Graduate Arts & Sci,3.20,225,10,51,40,30,33,20,15,14,5,7
2025 Spring,STAT,1100,Chance: Intro to Statistics,036650,"Holt,Jeffrey J",002,11960,College & Graduate Arts & Sci,3.54,28,1,12,4,6,0,3,1,1,0,0
2025 Spring,PLCP,4500,Special Topics,031707,"Waldner,David",001,12127,College & Graduate Arts & Sci,3.87,19,3,9,6,1,0,0,0,0,0,0
2025 Spring,FREN,2010,Intermediate French I,014315,"Hall,Elizabeth",004,11909,College & Graduate Arts & Sci,3.96,14,0,12,2,0,0,0,0,0,0,0
2025 Spring,MATH,4840,Intro to Math Research,043089,"Abdesselam,Abdelmalek",001,11907,College & Graduate Arts & Sci,3.95,11,5,4,2,0,0,0,0,0,0,0
2025 Spring,BIOL,3010,Genetics and Molecular Biology,003526,"Bergland,Alan",100,11810,College & Graduate Arts & Sci,3.41,325,0,89,105,40,43,17,14,6,4,7
2025 Spring,FREN,1010,Elementary French I,014273,"Jurado,Anne",002,11835,College & Graduate Arts & Sci,3.95,11,3,6,2,0,0,0,0,0,0,0
2025 Spring,ENWR,1510,Writing and Critical Inquiry,013432,"Adams,Hodges",027,11837,College & Graduate Arts & Sci,3.93,18,6,8,4,0,0,0,0,0,0,0
2025 Spring,MATH,3310,Basic Real Analysis,023072,"Campbell,Jacob",200,11900,College & Graduate Arts & Sci,3.21,36,4,9,8,4,1,0,2,5,1,2
2025 Spring,SPAN,2010,Intermediate Spanish,035853,"Jarque,Esperanza Gorriz",010,11862,College & Graduate Arts & Sci,3.34,17,0,4,6,2,2,1,1,0,0,1
2025 Spring,ARCH,2020,Foundation Studio III,001494,"Lorenz,Esther",003,10366,School of Architecture,3.58,14,2,2,5,3,1,1,0,0,0,0
2025 Spring,PHS,4991,GPH Capstone,044464,"Colvin,Chris",001,12045,College & Graduate Arts & Sci,3.76,19,0,16,2,0,0,0,0,0,0,1
2025 Spring,PLAP,3370,Wksp Cntmp Amer Elect Politics,031571,"Stroupe,Kenneth",001,12639,College & Graduate Arts & Sci,3.91,17,3,10,3,1,0,0,0,0,0,0
2025 Spring,MATH,4110,Intro to Stochastic Processes,023119,"Foldes,Juraj",001,11904,College & Graduate Arts & Sci,3.59,50,0,20,10,11,7,2,0,0,0,0
2025 Spring,ASL,1020,Elem Amer Sign Language II,003000,"Slusser,Miranda",003,11611,College & Graduate Arts & Sci,3.58,18,1,9,3,0,4,0,0,0,0,1
2025 Spring,LAW,6006,Property,021565,"Johnson,Alex",AG,10012,School of Law,3.40,61,0,9,12,29,6,4,1,0,0,0
2025 Spring,LAW,9330,Educ in US Prisons Seminar,045782,"Robinson,Gerard",1,10098,School of Law,3.49,16,0,0,9,5,2,0,0,0,0,0
2025 Spring,LAW,6107,International Law,021673,"Bayefsky,Rachel",1,10009,School of Law,3.48,46,0,4,20,20,1,0,0,0,0,1
2025 Spring,LAW,6001,Constitutional Law,021552,"Solum,Lawrence",DI,10005,School of Law,3.40,60,1,4,14,30,10,1,0,0,0,0
2025 Spring,ARTS,2000,Intro to Studio Art,045397,"Cheung,Conrad",004,12634,College & Graduate Arts & Sci,3.57,14,0,2,10,1,0,0,0,0,1,0
2025 Spring,GERM,2010,Intermediate German,015678,"Zuerner,Chrisann",002,11695,College & Graduate Arts & Sci,3.52,12,0,1,7,2,1,1,0,0,0,0
2025 Spring,ENWR,1510,Writing and Critical Inquiry,013432,"D'Errico,Jon",014,12010,College & Graduate Arts & Sci,3.91,18,0,15,1,2,0,0,0,0,0,0
2025 Spring,LAW,6106,Federal Income Tax,021658,"Hayashi,Andrew",1,10008,School of Law,3.47,51,0,5,23,17,5,0,0,0,0,1
2025 Spring,SPAN,3040,Business Spanish,035896,"Rodriguez,Maria Esparza",001,10934,College & Graduate Arts & Sci,3.97,18,0,16,2,0,0,0,0,0,0,0
2025 Spring,SPAN,3300,Texts and Interpretation,035904,"Monteros-Freeman,Maria",002,10936,College & Graduate Arts & Sci,4.00,14,11,3,0,0,0,0,0,0,0,0
2025 Spring,ARCH,3020,Foundation Studio V,001518,"MacDonald,Katherine",002,10369,School of Architecture,3.74,14,1,6,3,4,0,0,0,0,0,0
2025 Spring,EGMT,1540,Ethical Engagement,044515,"Swoboda,Jessica",203,12312,College & Graduate Arts & Sci,3.92,37,8,27,0,0,1,0,0,1,0,0
2025 Spring,SWAH,1020,Introductory Swahili II,036871,"Rotich,Anne",002,11931,College & Graduate Arts & Sci,3.53,10,0,8,0,1,0,0,0,0,0,1
2025 Spring,CHIN,2020,Intermediate Chinese,006054,"Chen,Shu-Chen",003,11697,College & Graduate Arts & Sci,4.00,17,5,12,0,0,0,0,0,0,0,0
2025 Spring,SOC,3130,Intro to Social Statistics,035381,"Slez,Adam",100,10916,College & Graduate Arts & Sci,3.57,43,10,15,5,4,3,3,0,1,1,1
2025 Spring,LATI,2010,Intermediate Latin I,021133,"Haines,Zachary",001,11971,College & Graduate Arts & Sci,3.69,11,3,4,0,2,2,0,0,0,0,0
2025 Spring,PHYS,1429,Intro Physics 1 Workshop,031036,"Bychkov,Maksim",018,10835,College & Graduate Arts & Sci,3.75,25,2,15,4,2,0,0,1,1,0,0
2025 Spring,MATH,3000,Transition to Higher Math,023049,"Abramenko,Peter",100,12088,College & Graduate Arts & Sci,3.00,24,2,4,2,3,5,1,3,1,1,2
2025 Spring,ASTR,8500,Current Astronomical Topics,003128,"Murphy,Edward",001,12004,College & Graduate Arts & Sci,3.98,13,1,11,1,0,0,0,0,0,0,0
2025 Spring,DRAM,2020,Acting I,007200,"Lowinski,Cortney",005,11801,College & Graduate Arts & Sci,3.96,14,0,12,2,0,0,0,0,0,0,0
2025 Spring,LAW,6101,Corporate Finance,021635,"Franks,Harry",1,10006,School of Law,3.37,26,1,3,5,10,3,4,0,0,0,0
2025 Spring,STAT,1601,Intro Data Science with R,045055,"Roland,Kristen",001,12252,College & Graduate Arts & Sci,3.82,97,6,51,34,4,1,0,0,0,0,1
2025 Spring,LAW,7023,Emply Law: Contrcts/Torts/Stat,021641,"Verkerke,J",1,10060,School of Law,3.41,65,0,7,19,28,10,0,0,0,0,1
2025 Spring,ECON,4430,Environmental Economics,007977,"Sekhri,Sheetal",100,12886,College & Graduate Arts & Sci,3.73,69,4,25,30,4,4,2,0,0,0,0
2025 Spring,GSSJ,4991,Capstone Seminar,043545,"Furia,Peter",001,11878,College & Graduate Arts & Sci,3.94,16,0,14,1,1,0,0,0,0,0,0
2025 Spring,PSYC,5720,Funds of Item Response Theory,042637,"Schmidt,Karen",001,11785,College & Graduate Arts & Sci,3.66,8,0,4,1,2,1,0,0,0,0,0
2025 Spring,SOC,3700,Health and Society,043187,"Skubby,David",001,12877,College & Graduate Arts & Sci,3.64,31,0,14,7,4,5,1,0,0,0,0
2025 Spring,PHYS,8640,Modern Field Theory,030959,"Arnold,Peter",001,12009,College & Graduate Arts & Sci,3.90,6,2,2,2,0,0,0,0,0,0,0
2025 Spring,CHEM,1421,Intro College Chemistry II Lab,005994,"Morkowchuk,Lisa",022,11132,College & Graduate Arts & Sci,3.96,24,15,6,3,0,0,0,0,0,0,0
2025 Spring,DRAM,1020,Speaking in Public,007178,"Wales,Jennifer",001,12193,College & Graduate Arts & Sci,3.92,16,0,14,1,0,1,0,0,0,0,0
2025 Spring,WGS,2100,Gender and Sexuality Studies,036786,"Speidel,Lisa",100,11576,College & Graduate Arts & Sci,3.89,118,0,102,3,7,5,0,1,0,0,0
2025 Spring,ECON,7030,Microeconomic Theory II,008022,"Anderson,Simon",100,11578,College & Graduate Arts & Sci,3.28,18,0,2,3,5,6,2,0,0,0,0
2025 Spring,ENWR,1510,Writing and Critical Inquiry,013432,"Shaman,Cory",034,11974,College & Graduate Arts & Sci,3.93,18,0,16,1,0,1,0,0,0,0,0
2025 Spring,ASTR,1220,Intro Stars Galaxies Universe,003047,"Pryal,Matthew",001,12087,College & Graduate Arts & Sci,3.35,25,0,7,6,4,2,2,3,1,0,0
2025 Spring,HIEA,1501,Intro Sem in East Asian Hist,018286,"Liu,Xiaoyuan",001,12112,College & Graduate Arts & Sci,3.89,14,5,6,2,0,1,0,0,0,0,0
2025 Spring,WGS,3125,Transnational Feminism,040835,"King,Tiffany",001,12872,College & Graduate Arts & Sci,3.70,28,5,9,8,2,3,0,1,0,0,0
2025 Spring,PHYS,1425,Intro Physics 1 for Engineers,031032,"Dukes,E",003,10819,College & Graduate Arts & Sci,3.47,80,0,24,23,16,9,4,1,1,0,2
2025 Spring,PHYS,1429,Intro Physics 1 Workshop,031036,"Bychkov,Maksim",005,10824,College & Graduate Arts & Sci,3.71,25,3,16,2,0,0,2,0,2,0,0
2025 Spring,BIOL,3180,Plants and Society,003544,"Timko,Michael",001,12508,College & Graduate Arts & Sci,3.56,30,4,15,1,1,3,4,0,2,0,0
2025 Spring,CHEM,1421,Intro College Chemistry II Lab,005994,"Morkowchuk,Lisa",028,12115,College & Graduate Arts & Sci,3.75,24,17,1,4,1,0,0,0,0,0,1
2025 Spring,CHEM,2321,Org Lab II Non-Chem Maj/Min,043155,"Chruma,Jason",001,11715,College & Graduate Arts & Sci,3.47,19,0,5,4,4,6,0,0,0,0,0
2025 Spring,CHEM,2321,Org Lab II Non-Chem Maj/Min,043155,"Chruma,Jason",002,11716,College & Graduate Arts & Sci,3.75,26,0,14,6,4,2,0,0,0,0,0
2025 Spring,LAW,9142,Criminal Law Colloquium,041103,"Frampton,Thomas",1,10239,School of Law,3.47,19,0,2,6,9,2,0,0,0,0,0
2025 Spring,BIOL,2200,Intro Bio w/Lab: Orgnsm & Evol,003471,"Manson,Jessamyn",002,11829,College & Graduate Arts & Sci,3.27,298,31,52,64,42,44,19,20,11,5,10
2025 Spring,PSYC,2600,Intro to Social Psychology,032521,"Wood,Adrienne",002,11880,College & Graduate Arts & Sci,3.42,334,5,117,69,47,33,29,15,7,6,6
2025 Spring,LAW,6001,Constitutional Law,021552,"Nachbar,Thomas",BG,10002,School of Law,3.40,64,0,6,18,24,15,1,0,0,0,0
2025 Spring,LAW,6001,Constitutional Law,021552,"Milligan,Joy",AF,10003,School of Law,3.35,63,0,5,13,33,6,5,1,0,0,0
2025 Spring,CHEM,1421,Intro College Chemistry II Lab,005994,"Morkowchuk,Lisa",008,11118,College & Graduate Arts & Sci,3.69,20,11,1,4,2,0,1,0,0,1,0
2025 Spring,LAW,8000,Advanced Legal Research,021685,"Doherty,Benjamin",1,10014,School of Law,3.64,18,0,8,3,5,2,0,0,0,0,0
2025 Spring,PSYC,4110,Psycholinguistics,032607,"Loncke,Filip",001,10880,College & Graduate Arts & Sci,3.90,30,1,20,8,1,0,0,0,0,0,0
2025 Spring,MUSI,3320,Theory II,024802,"Puri,Michael",001,11988,College & Graduate Arts & Sci,3.86,16,1,10,4,0,1,0,0,0,0,0
2025 Spring,MATH,1140,Financial Mathematics,022937,"Cernekova,Kristina",002,11802,College & Graduate Arts & Sci,3.35,34,3,7,8,6,5,1,0,0,4,0
2025 Spring,CHEM,1421,Intro College Chemistry II Lab,005994,"Morkowchuk,Lisa",033,12120,College & Graduate Arts & Sci,3.81,24,18,1,2,1,0,1,0,1,0,0
2025 Spring,CHEM,1421,Intro College Chemistry II Lab,005994,"Morkowchuk,Lisa",016,11126,College & Graduate Arts & Sci,3.80,24,16,1,5,0,1,0,0,0,1,0
2025 Spring,CHEM,1421,Intro College Chemistry II Lab,005994,"Morkowchuk,Lisa",023,11133,College & Graduate Arts & Sci,3.92,24,17,3,3,0,1,0,0,0,0,0
2025 Spring,WGS,4500,"Topic in Wmn, Gndr & Sexuality",043888,"Stone,Aaron",001,11879,College & Graduate Arts & Sci,3.70,12,1,5,3,2,0,1,0,0,0,0
2025 Spring,LAW,9156,Reg of Political Advocacy Sem,041727,"Sanderson,Matthew",1,10261,School of Law,3.60,14,0,2,7,5,0,0,0,0,0,0
2025 Spring,LAW,8019,Virginia Practice & Procedure,021756,"Harrison,Gessner",1,10095,School of Law,3.26,5,0,1,0,1,3,0,0,0,0,0
2025 Spring,PHIL,2120,History of Philosophy: Modern,030057,"Ziegler,Robert",100,10810,College & Graduate Arts & Sci,3.37,44,0,8,11,14,6,2,1,1,1,0
2025 Spring,CHEM,1821,Organic Chem Lab Accelerated,006008,"Serbulea,Laura",100,12183,College & Graduate Arts & Sci,3.54,43,0,16,12,10,2,0,1,1,0,1
2025 Spring,EGMT,1520,Empirical Engagement,044513,"Clabough,Erin",104,12294,College & Graduate Arts & Sci,3.91,35,18,16,0,0,0,0,0,0,0,1
2025 Spring,PHYS,3120,Applied Physics: Energy,030855,"Liyanage,Nilanga",001,12671,College & Graduate Arts & Sci,3.53,10,1,1,3,4,1,0,0,0,0,0
2025 Spring,PSYC,5270,RM: Computational Neuroscience,045298,"Meliza,Daniel",001,12321,College & Graduate Arts & Sci,3.87,18,0,13,3,2,0,0,0,0,0,0
2025 Spring,PLAN,3810,Climate Justice in Cities,045483,"Wilson,Barbara",001,10489,School of Architecture,3.92,37,11,19,5,2,0,0,0,0,0,0
2025 Spring,LAW,6112,Environmental Law,021646,"Livermore,Michael",1,10274,School of Law,3.46,19,0,1,9,5,4,0,0,0,0,0
2025 Spring,EGMT,1520,Empirical Engagement,044513,"Williams,Jennie",116,12299,College & Graduate Arts & Sci,4.00,36,7,29,0,0,0,0,0,0,0,0
2025 Spring,CHEM,1421,Intro College Chemistry II Lab,005994,"Morkowchuk,Lisa",019,11129,College & Graduate Arts & Sci,3.87,24,17,3,3,0,0,0,0,0,1,0
2025 Spring,SPAN,2010,Intermediate Spanish,035853,"Young,Sara",003,10929,College & Graduate Arts & Sci,3.04,16,0,0,4,2,4,5,0,0,1,0
2025 Spring,SLAV,2360,Dracula,035128,"Stepanic,Stanley",001,11580,College & Graduate Arts & Sci,3.83,195,2,143,30,5,9,3,0,0,3,0
2025 Spring,PHYS,1429,Intro Physics 1 Workshop,031036,"Bychkov,Maksim",008,10827,College & Graduate Arts & Sci,3.80,26,5,13,4,1,2,1,0,0,0,0
2025 Spring,SPAN,3300,Texts and Interpretation,035904,"Cobb,Erica",001,10935,College & Graduate Arts & Sci,3.94,15,0,12,3,0,0,0,0,0,0,0
2025 Spring,LAW,9081,Trial Advocacy,022023,"Morrison,Alexia",3,10109,School of Law,3.52,14,0,2,5,6,1,0,0,0,0,0
2025 Spring,MATH,4651,Advanced Linear Algebra,023151,"Wang,Oliver",001,12091,College & Graduate Arts & Sci,3.59,24,6,10,2,0,4,1,0,0,0,1
2025 Spring,LAW,8000,Advanced Legal Research,021685,"Boudouris,Kate",2,10230,School of Law,3.57,18,0,1,11,5,1,0,0,0,0,0
2025 Spring,EGMT,1520,Empirical Engagement,044513,"Yang,Lingyu",115,12636,College & Graduate Arts & Sci,3.99,23,4,18,1,0,0,0,0,0,0,0
2025 Spring,ENWR,1510,Writing and Critical Inquiry,013432,"Modica,John",039,12096,College & Graduate Arts & Sci,4.00,18,4,14,0,0,0,0,0,0,0,0
2025 Spring,ENWR,1510,Writing and Critical Inquiry,013432,"Lieber,Aryeh",040,12097,College & Graduate Arts & Sci,3.88,18,0,13,4,0,1,0,0,0,0,0
2025 Spring,PHYS,2040,Princip of Physics 2 Workshop,030812,"Bychkov,Maksim",003,10842,College & Graduate Arts & Sci,3.99,24,7,16,1,0,0,0,0,0,0,0
2025 Spring,ARH,8604,Field Methods I Bldg Arch,044083,"Johnston,Andrew",001,10441,School of Architecture,3.92,19,0,15,3,1,0,0,0,0,0,0
2025 Spring,MATH,3250,Ordinary Differential Equatns,023068,"Shapiro,Brandon",100,10763,College & Graduate Arts & Sci,3.46,33,5,9,7,3,4,2,0,2,0,1
2025 Spring,ITAL,2030,Int Italian II (Professionals),044896,"Mattioli,Stella",001,12182,College & Graduate Arts & Sci,3.97,19,6,11,2,0,0,0,0,0,0,0
2025 Spring,ECON,8991,Research Methods,008078,"Leeper,Eric",001,10970,College & Graduate Arts & Sci,3.90,6,0,4,2,0,0,0,0,0,0,0
2025 Spring,EVSC,3020,GIS Methods,013919,"Porter,John",100,11537,College & Graduate Arts & Sci,3.56,57,18,12,6,12,4,2,0,1,1,1
2025 Spring,PLAD,8310,Regression Analysis,031237,"Zhirkov,Kirill",100,12670,College & Graduate Arts & Sci,3.89,8,0,5,3,0,0,0,0,0,0,0
2025 Spring,PORT,2050,Intensive Portuguese,045572,"Feitosa,Lilian",001,12658,College & Graduate Arts & Sci,3.55,16,2,7,4,0,1,0,0,1,0,1
2025 Spring,LAW,7188,Privacy,045988,"Citron,Danielle",1,10074,School of Law,3.58,70,7,8,23,26,4,2,0,0,0,0
2025 Spring,MATH,1210,A survey of Calculus I,022944,"Bowling,James Darrol",300,10742,College & Graduate Arts & Sci,3.02,27,1,5,4,3,4,4,1,2,1,2
2025 Spring,ECON,2020,Principles of Econ: Macroecon,007877,"Coppock,Lee",001,10637,College & Graduate Arts & Sci,2.99,312,11,40,65,52,47,34,9,11,12,31
2025 Spring,CHEM,4421,Biological Chemistry Lab II,005758,"Price,Carol",100,10616,College & Graduate Arts & Sci,3.62,78,0,35,20,13,5,2,0,1,2,0
2025 Spring,SPAN,3400,Spain: From Kingdom to Empire,035908,"Riva,FERNANDO",001,10937,College & Graduate Arts & Sci,3.99,23,12,10,1,0,0,0,0,0,0,0
2025 Spring,PHYS,2040,Princip of Physics 2 Workshop,030812,"Bychkov,Maksim",002,10841,College & Graduate Arts & Sci,3.98,24,7,15,2,0,0,0,0,0,0,0
2025 Spring,STAT,1100,Chance: Intro to Statistics,036650,"Holt,Jeffrey J",001,11959,College & Graduate Arts & Sci,3.78,26,1,14,7,2,1,1,0,0,0,0
2025 Spring,SPAN,2010,Intermediate Spanish,035853,"Neff,Kate",004,11861,College & Graduate Arts & Sci,3.64,18,3,3,8,1,2,1,0,0,0,0
2025 Spring,ARCH,7210,Advanced Structural Design,001691,"Ismail,Mohamed",100,10447,School of Architecture,3.74,49,2,16,23,7,1,0,0,0,0,0
2025 Spring,LAW,8026,Taking Effective Depositions,043842,"Sajadi,Susan",1,10282,School of Law,3.64,15,0,1,11,3,0,0,0,0,0,0
2025 Spring,BIOL,3020,Evolution and Ecology,003527,"Brodie,Edmund",100,10594,College & Graduate Arts & Sci,2.79,315,3,50,48,29,49,33,30,21,11,41
2025 Spring,LAR,6020,Foundation Studio II,020951,"Shivers,William John",002,10442,School of Architecture,3.22,6,0,0,1,3,1,1,0,0,0,0
2025 Spring,ASL,1020,Elem Amer Sign Language II,003000,"Propp,Gregory",001,10581,College & Graduate Arts & Sci,3.55,14,0,5,3,2,4,0,0,0,0,0
2025 Spring,ENWR,1510,Writing and Critical Inquiry,013432,"D'Errico,Jon",028,11497,College & Graduate Arts & Sci,3.84,18,0,13,3,1,0,1,0,0,0,0
2025 Spring,PHYS,2419,Intro Physics 2 Workshop,031079,"Bychkov,Maksim",001,11605,College & Graduate Arts & Sci,3.98,24,6,16,2,0,0,0,0,0,0,0
2025 Spring,ARTS,2000,Intro to Studio Art,045397,"Cheung,Conrad",003,12632,College & Graduate Arts & Sci,3.43,12,0,2,7,1,0,0,0,2,0,0
2025 Spring,ARTS,2000,Intro to Studio Art,045397,"Cheung,Conrad",002,12633,College & Graduate Arts & Sci,3.70,14,0,4,7,3,0,0,0,0,0,0
2025 Spring,RELG,2210,Religion Ethics & Environment,042484,"Jenkins,Willis",100,12235,College & Graduate Arts & Sci,3.73,291,5,165,81,16,8,5,3,1,3,4
2025 Spring,FREN,3031,Finding Your Voice in French,014357,"Geer,Rachel",002,11865,College & Graduate Arts & Sci,3.94,15,0,12,3,0,0,0,0,0,0,0
2025 Spring,PLAN,5230,Des Dimensions of Real Estate,045046,"Petrus,Michael",001,10444,School of Architecture,3.76,17,2,9,2,2,2,0,0,0,0,0
2025 Spring,ECON,3720,Introduction to Econometrics,007939,"Ruediger,Stefan",200,12881,College & Graduate Arts & Sci,3.46,114,0,23,44,18,18,4,4,2,1,0
2025 Spring,CHEM,1421,Intro College Chemistry II Lab,005994,"Morkowchuk,Lisa",035,12741,College & Graduate Arts & Sci,3.57,24,14,1,3,0,1,3,0,0,2,0
2025 Spring,FREN,3032,"Text, Image, Culture",014358,"Boutaghou,Ferial",001,12205,College & Graduate Arts & Sci,3.97,11,1,9,1,0,0,0,0,0,0,0
2025 Spring,MATH,4652,Intro to Abstract Algebra,023152,"Wang,Weiqiang",001,11906,College & Graduate Arts & Sci,2.93,31,2,6,3,2,5,5,1,3,2,2
2025 Spring,MDST,3508,Adv Topics in Media Practice,046136,"Sweeney,Kate",001,12834,College & Graduate Arts & Sci,3.98,18,2,15,1,0,0,0,0,0,0,0
2025 Spring,AAS,3113,Black Americans in Horror Film,047903,"Means Coleman,Robin R",001,21274,College & Graduate Arts & Sci,3.45,11,1,3,1,2,3,1,0,0,0,0
2025 Spring,APMA,3100,Probability,001152,"Hellings,Christian",006,15571,Engineering & Applied Science,3.21,32,3,10,9,3,0,0,1,2,0,4
2025 Spring,ENWR,1510,Writing and Critical Inquiry,013432,"Cotti-Lowell,Alison Shona",079,20120,College & Graduate Arts & Sci,3.79,18,0,8,8,2,0,0,0,0,0,0
2025 Spring,MDST,3559,New Course: MDST,039189,"Swartz,Deja Elana",006,21448,College & Graduate Arts & Sci,3.72,11,1,3,6,0,0,1,0,0,0,0
2025 Spring,COMM,4210,Managerial View of AI,047505,"Johnson,Steven",001,20866,McIntire School of Commerce,3.67,26,2,6,12,4,1,1,0,0,0,0
2025 Spring,KINE,6740,Athletic Training Seminar,044803,"Madrak,Emily",001,17023,School of Education and HumanDev,3.90,19,0,16,2,0,0,1,0,0,0,0
2025 Spring,CJ,5890,Law Enforcement ExecEssentials,044117,"Castillo,Angel",A1,21353,Continuing & Prof Studies,3.93,25,0,19,6,0,0,0,0,0,0,0
2025 Spring,HIAF,3051,West African History,018143,"Fleur,James La",001,19178,College & Graduate Arts & Sci,3.72,28,1,12,10,3,1,0,1,0,0,0
2025 Spring,HIST,2152,Climate History,046171,"Gratien,Christopher",100,19180,College & Graduate Arts & Sci,3.94,82,0,75,2,1,4,0,0,0,0,0
2025 Spring,GCOM,7750,Asset Management,015430,"Dennis,Patrick",001,17638,McIntire School of Commerce,3.50,31,0,12,4,6,5,4,0,0,0,0
2025 Spring,NUCO,4730,Professional Practice,043232,"Hallowell,Sara",001,17892,School of Nursing,3.94,108,3,85,19,1,0,0,0,0,0,0
2025 Spring,NUCO,2220,Cells to Society for Nursing,043100,"Campbell,Cathy",001,17924,School of Nursing,3.99,32,1,30,1,0,0,0,0,0,0,0
2025 Spring,EGMT,1520,Empirical Engagement,044513,"LaViolette,Adria",220,19549,College & Graduate Arts & Sci,3.90,29,0,24,3,0,2,0,0,0,0,0
2025 Spring,CS,2130,Computer Systems and Org 1,046226,"Delong,Todd",002,19554,Engineering & Applied Science,3.57,165,25,79,16,9,12,8,4,6,3,3
2025 Spring,EDLF,5160,Life Span Development,043142,"Smith,Ray",500,17255,School of Education and HumanDev,3.69,35,4,19,2,5,3,1,0,0,1,0
2025 Spring,HIST,3501,Introductory History Workshop,046540,"Owensby,Brian",003,20527,College & Graduate Arts & Sci,3.72,14,0,5,6,3,0,0,0,0,0,0
2025 Spring,BIOL,4016,Precision Medicine,046597,"Grainger,Robert",001,20005,College & Graduate Arts & Sci,3.89,20,4,12,2,1,1,0,0,0,0,0
2025 Spring,ARCH,8480,Professional Practices,001732,"Bachman,JT",001,10399,School of Architecture,3.93,44,3,34,5,1,1,0,0,0,0,0
2025 Spring,MAE,4620,ME Design II,037541,"Momot,Michael",002,19975,Engineering & Applied Science,3.90,30,16,10,3,0,0,0,0,1,0,0
2025 Spring,RELG,1000,Questions in the Study of Reli,046967,"Shuman,Sam",001,19276,College & Graduate Arts & Sci,3.66,20,1,4,9,6,0,0,0,0,0,0
2025 Spring,MDST,3510,Topics in Media Research,045771,"Bridges,Lauren",004,19769,College & Graduate Arts & Sci,3.55,29,6,11,6,0,2,2,0,0,0,2
2025 Spring,MATH,2310,Calculus III,023024,"Sonkin,Dmitriy",100,10757,College & Graduate Arts & Sci,2.68,29,4,2,1,4,4,3,3,3,1,4
2025 Spring,ARAB,1020,Elementary Arabic II,001280,"Maanaki,Bilal",003,10564,College & Graduate Arts & Sci,3.14,14,0,4,4,4,0,0,0,0,0,2
2025 Spring,EGMT,1540,Ethical Engagement,044515,"Hilker,Eric",118,19529,College & Graduate Arts & Sci,3.91,35,0,32,0,1,1,1,0,0,0,0
2025 Spring,EGMT,1510,Engaging Aesthetics,044512,"Klich,Israel",108,19530,College & Graduate Arts & Sci,3.87,35,0,26,7,0,1,1,0,0,0,0
2025 Spring,EDHS,4810,Personal Adjustment,009132,"Rambo,Tim",001,16755,School of Education and HumanDev,3.83,37,14,16,2,0,4,0,1,0,0,0
2025 Spring,CS,3130,Computer Systems and Org 2,046230,"Campbell,Brad",002,19556,Engineering & Applied Science,3.21,138,3,46,20,19,10,6,14,12,1,7
2025 Spring,CS,3710,Intro to Cybersecurity,045511,"Orebaugh,Angela",002,19559,Engineering & Applied Science,3.91,151,1,115,32,0,1,2,0,0,0,0
2025 Spring,EDLF,8383,Qualitative Inquiry,044850,"Webber,Krysti",500,20101,School of Education and HumanDev,3.56,12,1,7,2,1,0,0,0,0,0,1
2025 Spring,ENWR,1510,Writing and Critical Inquiry,013432,"Zarif,Adnan",007,11007,College & Graduate Arts & Sci,3.75,16,1,9,2,3,0,1,0,0,0,0
2025 Spring,ENWR,1510,Writing and Critical Inquiry,013432,"Tran,Davy",012,11012,College & Graduate Arts & Sci,3.93,18,10,6,1,0,1,0,0,0,0,0
2025 Spring,EGMT,1520,Empirical Engagement,044513,"Castorani,Max",120,19533,College & Graduate Arts & Sci,4.00,36,2,34,0,0,0,0,0,0,0,0
2025 Spring,CHE,5561,Spec Top: Chemical Engineering,005499,"Paolucci,Chris",001,19872,Engineering & Applied Science,3.93,14,3,9,1,1,0,0,0,0,0,0
2025 Spring,COMM,3040,Strategic Value Creation,006456,"Cowen,Amanda",007,17528,McIntire School of Commerce,3.52,36,0,11,7,10,7,1,0,0,0,0
2025 Spring,COMM,3040,Strategic Value Creation,006456,"Cowen,Amanda",008,17529,McIntire School of Commerce,3.36,35,0,5,9,9,7,5,0,0,0,0
2025 Spring,COMM,4641,Public Speaking & Persuasion,006490,"Patterson,Robert",001,17550,McIntire School of Commerce,3.93,18,2,12,4,0,0,0,0,0,0,0
2025 Spring,CJ,5200,Psychology of Leadership,042279,"Coleman,Marian Elizabeth",A1,21347,Continuing & Prof Studies,4.00,25,15,10,0,0,0,0,0,0,0,0
2025 Spring,MAE,2300,Statics,022574,"Smith,Natasha",001,15905,Engineering & Applied Science,3.82,35,24,6,1,1,1,1,0,0,0,1
2025 Spring,PLAC,5623,Inclusive Cities,046745,"Guerra,Vanessa",001,19540,School of Architecture,3.76,16,0,7,6,3,0,0,0,0,0,0
2025 Spring,SPAN,3040,Business Spanish,035896,"Wellbeloved,Elizabeth A.",501,19445,College & Graduate Arts & Sci,3.77,10,0,5,3,2,0,0,0,0,0,0
2025 Spring,ENWR,2520,Special Topics in Writing,013448,"Seitz,James",008,20495,College & Graduate Arts & Sci,3.85,15,3,8,2,1,1,0,0,0,0,0
2025 Spring,ENGR,1020,Engineering Foundations 2,046986,"Dufalla,Nicole",019,20500,Engineering & Applied Science,3.92,38,0,30,7,0,1,0,0,0,0,0
2025 Spring,GREE,1020,Elementary Greek,017176,"Petrovic,Andrej",100,10705,College & Graduate Arts & Sci,3.63,17,2,8,1,2,2,2,0,0,0,0
2025 Spring,BME,2315,Computational BME,004067,"Meyer,Craig",001,15559,Engineering & Applied Science,3.76,56,4,37,4,5,2,2,1,0,1,0
2025 Spring,KOR,2020,Intermediate Korean II,020867,"Han,Rosa",001,10956,College & Graduate Arts & Sci,3.46,17,2,4,4,3,0,3,0,1,0,0
2025 Spring,APMA,3100,Probability,001152,"McMillan,Matthew",003,14965,Engineering & Applied Science,3.42,26,6,4,6,3,4,1,0,1,0,1
2025 Spring,SARC,6720,Design Computation 2,045090,"Teichman,Theodore Siegmund",002,20140,School of Architecture,3.74,15,2,4,6,3,0,0,0,0,0,0
2025 Spring,ENWR,1506,Writing & Critical Inquiry S2,013429,"Chantell,Claire",003,10658,College & Graduate Arts & Sci,3.90,12,3,5,4,0,0,0,0,0,0,0
2025 Spring,EVSC,3201,Fundamentals of Ecology Lab,014094,"Blumstein,Meghan",004,10671,College & Graduate Arts & Sci,3.88,11,0,9,1,0,1,0,0,0,0,0
2025 Spring,EDIS,5041,Behav & Classroom Management,009428,"Kunemund,Rachel",500,17286,School of Education and HumanDev,3.93,23,5,15,1,2,0,0,0,0,0,0
2025 Spring,COMM,3040,Strategic Value Creation,006456,"Du,Yuxiang",005,17526,McIntire School of Commerce,3.39,38,0,4,13,16,2,1,0,0,2,0
2025 Spring,PHYS,1429,Intro Physics 1 Workshop,031036,"Bychkov,Maksim",014,10831,College & Graduate Arts & Sci,3.88,26,4,16,4,0,2,0,0,0,0,0
2025 Spring,DRAM,2010,"Theatre Design, Technology",007199,"Ma,Yi-Hsuan",001,13460,College & Graduate Arts & Sci,3.88,20,2,13,4,0,0,1,0,0,0,0
2025 Spring,APMA,2130,Ordinary Differentl Equations,001145,"Dizaji,Farzad Shafiei",004,14958,Engineering & Applied Science,3.29,46,5,11,10,6,5,2,0,3,1,3
2025 Spring,HIST,7559,New Course: HIST,039306,"Hitchcock,William",002,20041,College & Graduate Arts & Sci,3.91,7,1,4,2,0,0,0,0,0,0,0
2025 Spring,GSGS,3559,New Course: GSGS,043479,"Safdar,Muhammad Tayyab",004,20511,College & Graduate Arts & Sci,3.74,16,0,7,6,2,1,0,0,0,0,0
2025 Spring,EDLF,3150,Intro Chld Growth & Developmnt,009660,"Braxton,Destini",003,21456,School of Education and HumanDev,3.75,23,0,20,0,1,1,0,0,0,0,1
2025 Spring,NUIP,3420,Pathophysiology II,043238,"Apple,Ashley",001,17937,School of Nursing,3.65,91,9,35,25,6,8,4,2,2,0,0
2025 Spring,PSPM,5030,Intro to Project Mgmt,029786,"Kropp,Edward",701,20206,Continuing & Prof Studies,3.97,18,1,15,2,0,0,0,0,0,0,0
2025 Spring,PSYC,7720,Quantitative Methods II,032792,"Meyer,M. Joseph",100,10881,College & Graduate Arts & Sci,3.98,16,13,2,1,0,0,0,0,0,0,0
2025 Spring,EDLF,7807,LEAD I,009747,"Spicer,David Eddy",500,17260,School of Education and HumanDev,3.87,9,0,5,4,0,0,0,0,0,0,0
2025 Spring,PSYC,2150,Introduction to Cognition,032487,"Golino,Mariana",100,12320,College & Graduate Arts & Sci,3.45,194,6,32,85,22,28,7,5,6,0,3
2025 Spring,GCOM,7210,PredictiveAnalyticsLowCodeTech,043907,"Kitchens,Brent",001,17629,McIntire School of Commerce,3.69,34,0,11,15,6,2,0,0,0,0,0
2025 Spring,CE,3050,Intro to Green Engineering,042099,"Clarens,Andres",001,19610,Engineering & Applied Science,3.61,23,0,4,14,3,1,0,1,0,0,0
2025 Spring,EDIS,4340,Language and Comm in ECE,045381,"Turnbull,Khara",500,19500,School of Education and HumanDev,3.43,23,7,6,2,0,1,3,1,3,0,0
2025 Spring,GCOM,7870,Foundations of Global Commerce,038183,"Burroughs,James",002,17641,McIntire School of Commerce,3.73,43,0,11,27,5,0,0,0,0,0,0
2025 Spring,HBIO,4960,Indep Research for Human Biol,017973,"Guler,Jennifer",001,10711,College & Graduate Arts & Sci,3.98,14,1,12,1,0,0,0,0,0,0,0
2025 Spring,GCOM,7760,Real Estate Investments,015431,"Healy,Brian",001,17639,McIntire School of Commerce,3.71,39,0,12,19,8,0,0,0,0,0,0
2025 Spring,ENWR,1510,Writing and Critical Inquiry,013432,"Kempf-Harris,Zoe",046,12102,College & Graduate Arts & Sci,3.71,18,1,7,6,3,0,1,0,0,0,0
2025 Spring,EDIS,5872,Sem: Tch Intern: English Ed,039326,"Heny,Natasha",001,17011,School of Education and HumanDev,3.88,6,3,2,0,1,0,0,0,0,0,0
2025 Spring,EDLF,8361,Structural Equation Modeling,040297,"Soland,Jim",001,17022,School of Education and HumanDev,3.74,16,1,4,9,2,0,0,0,0,0,0
2025 Spring,EDHS,2460,Clinical Observation,045733,"Hilton,Jane",001,17085,School of Education and HumanDev,3.89,14,5,7,1,0,0,1,0,0,0,0
2025 Spring,GCNL,5250,CNL in Health Care System,015370,"Bragg,Sharon",001,17824,School of Nursing,4.00,37,25,12,0,0,0,0,0,0,0,0
2025 Spring,CHEM,2420,Organic Chemistry II,005699,"Frantz,Alicia",200,12483,College & Graduate Arts & Sci,2.92,106,0,5,15,22,25,16,10,8,0,5
2025 Spring,APMA,3140,App Partial Differentl Equatns,001155,"Morris,Diana",004,20877,Engineering & Applied Science,3.23,28,1,9,8,1,1,3,0,1,2,2
2025 Spring,ITAL,2020,Intermediate Italian II,020568,"Calamita,Francesca",002,10718,College & Graduate Arts & Sci,3.65,15,2,7,4,1,0,0,0,0,0,1
2025 Spring,GCOM,7870,Foundations of Global Commerce,038183,"Burroughs,James",001,17640,McIntire School of Commerce,3.78,46,0,16,27,3,0,0,0,0,0,0
2025 Spring,GNUR,8140,Stat Mthd Health Care Rsch II,017050,"Byon,Ha Do",001,17969,School of Nursing,3.91,7,1,4,2,0,0,0,0,0,0,0
2025 Spring,EDLF,3000,Research for Youth Development,043698,"Bell,Bethany",001,17018,School of Education and HumanDev,3.73,24,8,10,0,2,3,0,0,1,0,0
2025 Spring,ASL,1020,Elem Amer Sign Language II,003000,"Slusser,Miranda",004,12246,College & Graduate Arts & Sci,3.74,15,4,6,2,1,0,2,0,0,0,0
2025 Spring,PLPT,4500,Special Topics,031937,"Phulwani,Vijay",004,20566,College & Graduate Arts & Sci,3.53,11,0,6,4,0,0,0,0,0,0,1
2025 Spring,MATH,3340,Complex Variables,023074,"Imbrie,John",001,10768,College & Graduate Arts & Sci,3.41,31,5,10,4,2,3,4,0,1,1,1
2025 Spring,MATH,7752,Algebra II,023232,"Rapinchuk,Andrei",001,10774,College & Graduate Arts & Sci,3.74,11,0,8,1,0,0,2,0,0,0,0
2025 Spring,PHYS,2415,Intro Physics 2 for Engineers,031076,"Chatterjee,Utpal",001,11629,College & Graduate Arts & Sci,3.40,37,1,11,4,8,8,3,2,0,0,0
2025 Spring,GCOM,7720,Financial Trading Analytics,015427,"Grazioli,Stefano",001,17636,McIntire School of Commerce,3.82,39,0,24,11,1,3,0,0,0,0,0
2025 Spring,CGBM,2210,Digital Skills for Workplace,047002,"Martin,Eric",003,17650,McIntire School of Commerce,3.35,45,0,6,14,10,10,3,0,2,0,0
2025 Spring,CGBM,2310,Principles of Marketing,047003,"Landgraf,Polina",002,17653,McIntire School of Commerce,3.53,33,0,7,13,5,8,0,0,0,0,0
2025 Spring,PHIL,2640,Rational Choice and Happiness,044474,"Barnes,Elizabeth",100,12504,College & Graduate Arts & Sci,3.42,119,0,28,44,13,20,5,3,3,0,3
2025 Spring,CHEM,2321,Org Lab II Non-Chem Maj/Min,043155,"Chruma,Jason",020,19759,College & Graduate Arts & Sci,3.83,28,2,15,9,0,2,0,0,0,0,0
2025 Spring,ISCP,4991,Capstone Project II,020318,"Corlett,David M",101,20085,Continuing & Prof Studies,3.87,35,14,13,5,0,3,0,0,0,0,0
2025 Spring,PHYS,2040,Princip of Physics 2 Workshop,030812,"Bychkov,Maksim",018,20799,College & Graduate Arts & Sci,3.95,13,4,7,2,0,0,0,0,0,0,0
2025 Spring,ECON,8180,Industrial Organization II,008058,"Ciliberto,Federico",001,10651,College & Graduate Arts & Sci,3.41,10,5,0,1,0,1,2,0,1,0,0
2025 Spring,PHYS,2040,Princip of Physics 2 Workshop,030812,"Bychkov,Maksim",001,10840,College & Graduate Arts & Sci,3.80,26,2,20,2,1,0,0,0,0,0,1
2025 Spring,CHE,6618,Chemical Reaction Engineering,005512,"Bates,Jason",001,14990,Engineering & Applied Science,3.36,21,0,3,4,7,6,1,0,0,0,0
2025 Spring,EDIS,5423,English Linguistics,043456,"Fox,William",500,17242,School of Education and HumanDev,3.68,5,0,3,1,0,0,1,0,0,0,0
2025 Spring,ARCH,2715,Elements of Design,047140,"Clark,William",100,19517,School of Architecture,3.76,84,7,41,23,5,4,3,0,1,0,0
2025 Spring,MDST,3559,New Course: MDST,039189,"Bridges,Lauren",003,20074,College & Graduate Arts & Sci,3.73,29,4,11,9,1,3,1,0,0,0,0
2025 Spring,COMM,4251,Inventing the Future,043955,"Lewis,Bryan",001,20862,McIntire School of Commerce,3.86,36,3,23,9,0,0,0,0,0,1,0
2025 Spring,EDIS,4871,Internship Seminar Elementary,046574,"Leigh,Katie",001,17165,School of Education and HumanDev,3.90,24,4,16,1,3,0,0,0,0,0,0
2025 Spring,MATH,1320,Calculus II,022954,"Aitzhanova,Bakhyt",200,10754,College & Graduate Arts & Sci,3.25,26,4,8,1,3,3,1,4,1,0,1
2025 Spring,ARCH,4995,Ind Design Res (Thesis) Studio,042517,"Phinney,Lucia",003,20122,School of Architecture,3.86,13,0,7,6,0,0,0,0,0,0,0
2025 Spring,FREN,1020,Elementary French II,014274,"Rey,Cecile Helene Christiane",003,10688,College & Graduate Arts & Sci,3.72,14,0,8,4,0,1,0,1,0,0,0
2025 Spring,PLIR,7020,Core Seminar in Intl Security,047458,"Copeland,Dale",001,20825,College & Graduate Arts & Sci,3.50,6,0,2,1,1,2,0,0,0,0,0
2025 Spring,ALAR,8995,Thesis II,000312,"Jull,Matthew",002,10449,School of Architecture,3.33,16,0,2,3,6,3,2,0,0,0,0
2025 Spring,ISHU,4180,The Nature of the Hero,040282,"Henry,Robert",101,20259,Continuing & Prof Studies,3.80,28,0,25,1,0,0,1,0,0,0,1
2025 Spring,CS,3710,Intro to Cybersecurity,045511,"Pettit,Raymond",003,19560,Engineering & Applied Science,3.78,137,0,84,38,6,5,0,3,0,0,1
2025 Spring,DS,3025,Mathematics for Data Science,046960,"Abrams,Aaron",200,20225,School of Data Science,3.75,38,0,21,11,3,1,1,1,0,0,0
2025 Spring,PC,5010,Procurement Policy & Practices,029784,"Fischetti,Michael",701,20227,Continuing & Prof Studies,3.20,18,0,3,3,5,6,0,0,0,0,1
2025 Spring,GCOM,7831,IT Product Management,041538,"Nelson,Russell",001,17673,McIntire School of Commerce,3.47,26,1,6,1,15,3,0,0,0,0,0
2025 Spring,COMM,2730,Personal Finance,006451,"Kelly,Dorothy",002,17679,McIntire School of Commerce,3.83,52,0,45,1,3,0,2,0,0,0,1
2025 Spring,RUTR,3500,Topics in Russian Literature,034800,"Stuart,Madelyn",001,19562,College & Graduate Arts & Sci,3.88,13,0,9,3,1,0,0,0,0,0,0
2025 Spring,CS,4774,Machine Learning,045513,"Nguyen,Rich",001,19567,Engineering & Applied Science,3.79,126,54,39,15,6,7,2,1,1,0,1
2025 Spring,ASL,3559,New Course: ASL,038554,"Marie,Aron",002,19850,College & Graduate Arts & Sci,3.86,14,4,6,2,2,0,0,0,0,0,0
2025 Spring,GCOM,7252,Consulting,046803,"Seaborn,Paul",001,17632,McIntire School of Commerce,3.50,27,0,1,13,11,2,0,0,0,0,0
2025 Spring,CHEM,2420,Organic Chemistry II,005699,"Wellbeloved,Elizabeth A.",501,19474,College & Graduate Arts & Sci,3.73,24,0,10,9,4,1,0,0,0,0,0
2025 Spring,PLIR,4430,"Empire, Hegemony, Leadership",040541,"Owen,John",001,19353,College & Graduate Arts & Sci,3.68,14,0,3,8,3,0,0,0,0,0,0
2025 Spring,GERM,1010,Elementary German,015642,"Schenberg,Cora",001,14315,College & Graduate Arts & Sci,3.57,13,4,5,1,1,0,0,0,0,2,0
2025 Spring,GCOM,7150,Consumer Behavior & Pricing,042882,"Cheema,Amar",001,17626,McIntire School of Commerce,3.41,35,1,6,7,11,7,3,0,0,0,0
2025 Spring,ECON,5351,International Econ Since 1850,046634,"Thomas,Mark",100,19803,College & Graduate Arts & Sci,3.49,8,0,1,2,5,0,0,0,0,0,0
2025 Spring,WGS,4500,"Topic in Wmn, Gndr & Sexuality",043888,"Gonzales,Isabel",003,19842,College & Graduate Arts & Sci,3.91,13,3,6,4,0,0,0,0,0,0,0
2025 Spring,ARAB,2020,Intermediate Arabic II,001285,"Mohamed,Suad",002,10565,College & Graduate Arts & Sci,3.83,16,1,10,2,3,0,0,0,0,0,0
2025 Spring,EVSC,2800,Fundamentals of Geology,013912,"Richardson,Justin",001,10662,College & Graduate Arts & Sci,3.61,88,8,35,18,9,11,2,3,2,0,0
2025 Spring,ENWR,1510,Writing and Critical Inquiry,013432,"Abry,George",042,12099,College & Graduate Arts & Sci,3.74,18,3,9,3,1,0,1,1,0,0,0
2025 Spring,ARCH,5500,Special Topics in Architecture,001621,"Fenaux,Hugo",005,19523,School of Architecture,3.77,10,0,6,2,1,1,0,0,0,0,0
2025 Spring,BME,6006,Biomed Data Sci & Analytics,047339,"Fallahi-Sichani,Mohammad",001,20507,Engineering & Applied Science,3.90,36,5,24,3,4,0,0,0,0,0,0
2025 Spring,MAE,3820,Aerodynamics Laboratory,022595,"Dedic,Chloe",100,15004,Engineering & Applied Science,3.84,79,0,51,18,8,2,0,0,0,0,0
2025 Spring,CS,1113,Introduction to Programming,043741,"Suarez,Cristina Mantilla",001,21033,Engineering & Applied Science,3.49,39,1,11,9,11,2,3,2,0,0,0
2025 Spring,FREN,2020,Intermediate French II,014316,"Geer,Rachel Carrie",005,10695,College & Graduate Arts & Sci,3.55,13,0,3,5,2,3,0,0,0,0,0
2025 Spring,ASTR,3130,Observational Astronomy,003074,"Majewski,Steven",100,11667,College & Graduate Arts & Sci,3.52,29,1,6,12,6,2,0,0,2,0,0
2025 Spring,PLAN,6020,Methods of Community Research,044529,"Wilson,Barbara",001,10438,School of Architecture,3.96,15,3,10,2,0,0,0,0,0,0,0
2025 Spring,CLAS,3220,Ancient Race & Ethnicity,047379,"Kuin,Inger Neeltje Irene",001,19278,College & Graduate Arts & Sci,3.88,29,4,16,8,0,1,0,0,0,0,0
2025 Spring,SPAN,1060,Accelerated Elementary Spanish,035820,"Street,Matthew",002,10926,College & Graduate Arts & Sci,3.57,13,4,3,3,1,0,0,0,2,0,0
2025 Spring,CS,4330,Advanced Computer Architecture,038716,"Venkat,Ashish",001,19561,Engineering & Applied Science,2.88,20,1,6,5,1,1,1,0,0,0,5
2025 Spring,SPAN,2010,Intermediate Spanish,035853,"Jarque,Esperanza Gorriz",008,11556,College & Graduate Arts & Sci,3.60,13,0,2,7,3,1,0,0,0,0,0
2025 Spring,SPAN,4600,Literature and Cinema,035955,"Wellbeloved,Elizabeth A.",501,19459,College & Graduate Arts & Sci,3.92,11,0,8,3,0,0,0,0,0,0,0
2025 Spring,STAT,1100,Chance: Intro to Statistics,036650,"Holt,Jeffrey J",003,19736,College & Graduate Arts & Sci,3.17,29,7,3,6,1,1,4,0,2,5,0
2025 Spring,ENCW,2300,Poetry Writing,013450,"Walker,Kamau",002,19954,College & Graduate Arts & Sci,3.81,15,1,9,3,1,0,1,0,0,0,0
2025 Spring,MUSI,2120,History of Jazz Music,024755,"DeVeaux,Scott",100,20062,College & Graduate Arts & Sci,3.06,58,1,9,8,12,5,11,4,5,2,1
2025 Spring,PSYC,3310,RM: R Applications in Psych,045373,"Meyer,M. Joseph",001,12336,College & Graduate Arts & Sci,3.83,93,19,51,14,5,1,1,0,1,0,1
2025 Spring,SPAN,2020,Advanced Intermediate Spanish,035854,"Wellbeloved,Elizabeth A.",501,19440,College & Graduate Arts & Sci,3.74,15,1,6,5,2,1,0,0,0,0,0
2025 Spring,GCOM,7730,"Mrg&Acq, Pri Equty & Restruct",015428,"Erwin,Gayle",001,17637,McIntire School of Commerce,3.59,48,2,12,16,11,6,1,0,0,0,0
2025 Spring,CGBM,2310,Principles of Marketing,047003,"Landgraf,Polina",001,17652,McIntire School of Commerce,3.34,22,0,5,3,5,5,4,0,0,0,0
2025 Spring,ARCH,4020,Advanced Design Res Studio,001547,"Comazzi,John",001,10372,School of Architecture,3.71,11,0,3,6,2,0,0,0,0,0,0
2025 Spring,ARTS,2000,Intro to Studio Art,045397,"Cheung,Conrad",001,12631,College & Graduate Arts & Sci,3.75,15,0,4,10,1,0,0,0,0,0,0
2025 Spring,COMM,4733,Asset Mgmt in Global Economy,046802,"Gallmeyer,Michael",001,17615,McIntire School of Commerce,3.46,51,2,17,6,8,13,4,0,1,0,0
2025 Spring,COMM,4644,Persuasion & Influence,046711,"Allison,Kiera",001,17619,McIntire School of Commerce,3.70,23,1,10,6,3,3,0,0,0,0,0
2025 Spring,EVSC,5030,Applied Stats for Envr Sci,013992,"Carr,David",100,10681,College & Graduate Arts & Sci,3.81,16,3,9,2,1,0,0,1,0,0,0
2025 Spring,COMM,3330,Mkt Research & Analytic Tech,006475,"Mick,David",002,17544,McIntire School of Commerce,3.92,31,11,14,4,2,0,0,0,0,0,0
2025 Spring,ARTS,4672,Advanced Printmaking II,002940,"Taylor,Jackson P",001,10579,College & Graduate Arts & Sci,4.00,13,8,5,0,0,0,0,0,0,0,0
2025 Spring,STAT,1602,Intro Data Science with Python,045052,"Holt,Jeffrey J",003,19738,College & Graduate Arts & Sci,3.56,23,1,5,9,5,2,0,0,1,0,0
2025 Spring,EDHS,5220,Career Development,044576,"Flora,Amanda",500,17026,School of Education and HumanDev,3.92,32,0,30,0,1,0,0,0,1,0,0
2025 Spring,EDLF,7808,Strat Align of Plan & Resource,009751,"Stacy,Jaime",500,17261,School of Education and HumanDev,3.93,10,4,5,0,1,0,0,0,0,0,0
2025 Spring,CS,6501,Spec Top: Computer Science,006981,"Kautz,Henry",007,19572,Engineering & Applied Science,4.00,28,21,7,0,0,0,0,0,0,0,0
2025 Spring,ARCH,5500,Special Topics in Architecture,001621,"Scott,Stacy",004,19522,School of Architecture,3.75,14,0,8,5,0,0,0,0,1,0,0
2025 Spring,EVSC,3601,Physical Hydrology Laboratory,014095,"Scanlon,Todd",001,10673,College & Graduate Arts & Sci,3.63,10,0,3,3,4,0,0,0,0,0,0
2025 Spring,EVSC,3300,Atmosphere and Weather,013917,"Wekker,Stephan De",001,10676,College & Graduate Arts & Sci,3.28,76,10,12,17,10,9,10,1,3,1,3
2025 Spring,RELG,2160,Religion in America Since 1865,034154,"Warren,Heather",100,10893,College & Graduate Arts & Sci,3.66,59,0,36,10,5,3,2,0,1,0,2
2025 Spring,AAS,2500,Topics in Africana Studies,046413,"Richardson,Liana",002,13059,College & Graduate Arts & Sci,3.80,14,0,6,7,1,0,0,0,0,0,0
2025 Spring,PSPS,5500,Contemp Issues in Leadership,047811,"Levine,Stephen L",581,21449,Continuing & Prof Studies,3.64,14,7,5,0,0,1,0,0,0,0,1
2025 Spring,EDLF,7805,Cultivating Profess Capacity,009745,"Baptist,June",500,17258,School of Education and HumanDev,4.00,9,6,3,0,0,0,0,0,0,0,0
2025 Spring,GCOM,7292,Entrepreneurship,046796,"Martin,Eric",001,17634,McIntire School of Commerce,3.73,25,0,8,13,4,0,0,0,0,0,0
2025 Spring,GCOM,7291,Frontiers in Biotechnology II,046774,"Hastings,Nikki",001,17633,McIntire School of Commerce,3.68,18,1,8,6,1,1,0,0,0,1,0
2025 Spring,SPAN,2010,Intermediate Spanish,035853,"Wellbeloved,Elizabeth A.",501,19439,College & Graduate Arts & Sci,3.73,25,2,10,9,2,0,2,0,0,0,0
2025 Spring,SPAN,4707,Introduction to Spanish Art,039958,"Wellbeloved,Elizabeth A.",501,19465,College & Graduate Arts & Sci,3.89,15,0,12,2,0,1,0,0,0,0,0
2025 Spring,ECE,3103,Solid State Devices,007675,"Beling,Andreas",001,19577,Engineering & Applied Science,3.68,16,1,6,5,2,1,1,0,0,0,0
2025 Spring,EDIS,5230,Reading Writing Instr Spec Ed,009444,"Collins,Lauren",500,17237,School of Education and HumanDev,3.93,19,0,16,2,1,0,0,0,0,0,0
2025 Spring,PHS,3050,Fundamentals Public Health,041885,"Hornsby,Paige",001,12249,College & Graduate Arts & Sci,3.86,71,0,48,17,5,1,0,0,0,0,0
2025 Spring,ARTS,2112,Introduction to Photography II,002866,"Wylie,William",001,10568,College & Graduate Arts & Sci,3.73,12,4,3,3,1,0,0,1,0,0,0
2025 Spring,GERM,1020,Elementary German,015643,"Lahme,Klara",001,10698,College & Graduate Arts & Sci,3.91,14,1,9,4,0,0,0,0,0,0,0
2025 Spring,ARCH,7020,Foundation Studio IV,042373,"Stec,Peter",004,10420,School of Architecture,3.36,13,1,1,4,4,2,0,0,0,1,0
2025 Spring,SPAN,3010,Finding your Voice in Spanish,035893,"Silva,Sergio",008,20229,College & Graduate Arts & Sci,3.88,10,0,6,4,0,0,0,0,0,0,0
2025 Spring,LPPS,4260,Politics of Development,046571,"Johannessen,Peter",001,20826,Batten Leadership & Public Pol,3.69,14,3,3,4,3,1,0,0,0,0,0
2025 Spring,FREN,2010,Intermediate French I,014315,"Hall,Elizabeth B",001,10690,College & Graduate Arts & Sci,3.92,12,0,9,3,0,0,0,0,0,0,0
2025 Spring,EGMT,1530,Engaging Differences,044514,"Jameson-Ellsmore,Ben",201,12308,College & Graduate Arts & Sci,3.87,12,5,5,1,0,0,1,0,0,0,0
2025 Spring,GCOM,7160,Brand Management & Strategy,043912,"Memmi,Sarah",001,17627,McIntire School of Commerce,3.54,31,0,4,13,12,2,0,0,0,0,0
2025 Spring,LPPS,3390,Special Ed Policy & Practice,046874,"Roorbach,Kristen",001,20370,Batten Leadership & Public Pol,3.88,17,0,10,7,0,0,0,0,0,0,0
2025 Spring,MATH,3351,Elementary Linear Algebra,023081,"Wang,Weiqiang",001,10769,College & Graduate Arts & Sci,3.04,25,0,4,5,4,4,2,3,1,0,2
2025 Spring,CHEM,2321,Org Lab II Non-Chem Maj/Min,043155,"Chruma,Jason",004,12315,College & Graduate Arts & Sci,3.82,31,0,21,6,1,3,0,0,0,0,0
2025 Spring,CS,2910,CS Education Practicum,044243,"Basit,Nada",001,15650,Engineering & Applied Science,3.78,59,0,51,0,5,0,1,0,0,0,2
2025 Spring,EDHS,7300,Race and Power in Counseling,009213,"Williams,Derick",001,16757,School of Education and HumanDev,4.00,21,16,5,0,0,0,0,0,0,0,0
2025 Spring,LAW,9367,Law & Bus Colloquium,047077,"Curtis,Quinn",1,10253,School of Law,3.53,16,0,0,9,7,0,0,0,0,0,0
2025 Spring,BIOL,4040,Laboratory in Cell Biology,003591,"Bloom,George",100,12084,College & Graduate Arts & Sci,3.74,46,0,23,14,5,3,1,0,0,0,0
2025 Spring,EDHS,8030,Neurogenic Comm Disorders,009251,"Robey,Randall",001,16758,School of Education and HumanDev,3.98,32,12,19,0,1,0,0,0,0,0,0
2025 Spring,PLAN,5400,Housing & Community Devel,031335,"Moomaw,Suzanne",001,19541,School of Architecture,3.88,18,0,11,7,0,0,0,0,0,0,0
2025 Spring,RELG,3416,Sustainability and Asceticism,046074,"Allen,Michael",001,19283,College & Graduate Arts & Sci,3.82,18,0,11,5,1,1,0,0,0,0,0
2025 Spring,MUSI,4523,Issues in Ethnomusicology,024854,"Lobley,Noel",001,19763,College & Graduate Arts & Sci,3.79,11,3,5,2,0,0,0,1,0,0,0
2025 Spring,ARCH,7100,Design Research Methods,045147,"Putalik,Erin",100,20043,School of Architecture,3.40,50,0,4,20,14,8,3,0,0,1,0
2025 Spring,AAS,3559,New Course: AAS,038532,"Sinclair,Shelby",004,20594,College & Graduate Arts & Sci,3.93,18,2,12,4,0,0,0,0,0,0,0
2025 Spring,SPAN,4559,New Course: SPAN,042071,"Moore,Kelly",001,20595,College & Graduate Arts & Sci,4.00,21,14,7,0,0,0,0,0,0,0,0
2025 Spring,EVSC,1010,Intro Environmental Sciences,013836,"Doney,Scott",001,10660,College & Graduate Arts & Sci,3.81,318,19,203,49,17,23,2,1,4,0,0
2025 Spring,KINE,3620,Biomechanics/Motor Control,009106,"Kuenze,Christopher",001,16872,School of Education and HumanDev,3.04,59,0,10,11,7,11,9,5,1,0,5
2025 Spring,EDIS,7220,Intro to Gifted,009709,"Missett,Tracy",500,17248,School of Education and HumanDev,3.81,12,0,8,2,1,1,0,0,0,0,0
2025 Spring,STAT,5180,Sample Surveys,036678,"Wang,Lingxiao",001,19743,College & Graduate Arts & Sci,3.74,34,0,16,13,3,1,0,0,1,0,0
2025 Spring,SPAN,3010,Finding your Voice in Spanish,035893,"Morales,Josue",005,12332,College & Graduate Arts & Sci,3.78,13,0,7,4,1,1,0,0,0,0,0
2025 Spring,PHYS,1429,Intro Physics 1 Workshop,031036,"Bychkov,Maksim",006,10825,College & Graduate Arts & Sci,3.82,25,0,19,3,1,0,1,1,0,0,0
2025 Spring,LATI,2020,Intermediate Latin II,021134,"Celotto,Giulio",001,10732,College & Graduate Arts & Sci,2.96,21,1,4,4,3,2,2,0,1,1,3
2025 Spring,PC,5040,Advanced Contract Management,029787,"McCarthy,John",701,20228,Continuing & Prof Studies,3.78,20,1,13,1,3,2,0,0,0,0,0
2025 Spring,PHYS,2040,Princip of Physics 2 Workshop,030812,"Bychkov,Maksim",006,10845,College & Graduate Arts & Sci,3.97,22,5,15,2,0,0,0,0,0,0,0
2025 Spring,GNUR,6052,Epidemiology and World Health,016930,"Byon,Ha Do",001,17807,School of Nursing,3.93,37,8,22,6,1,0,0,0,0,0,0
2025 Spring,CHEM,2420,Organic Chemistry II,005699,"Chruma,Jason",800,19734,College & Graduate Arts & Sci,2.99,119,4,17,13,16,29,10,8,14,3,5
2025 Spring,GCNL,5991,CNL Role Immersion & Capstone,015380,"Bowen,Hillary",100,17825,School of Nursing,4.00,37,25,12,0,0,0,0,0,0,0,0
2025 Spring,MATH,7754,Algebra IV,023234,"Abramenko,Peter",001,19854,College & Graduate Arts & Sci,3.86,7,0,5,1,1,0,0,0,0,0,0
2025 Spring,RELC,3222,From Jefferson to King,041421,"Hadley,Mark",001,19275,College & Graduate Arts & Sci,3.44,20,0,6,6,5,2,0,0,0,0,1
2025 Spring,EDIS,6220,Assessment of Curriculum: K-12,045848,"Bragg,Cheryl Fuller",500,21485,School of Education and HumanDev,3.86,22,8,7,6,0,0,1,0,0,0,0
2025 Spring,SPAN,4704,Islamic Iberia,040240,"Wellbeloved,Elizabeth A.",501,19461,College & Graduate Arts & Sci,3.94,14,3,8,3,0,0,0,0,0,0,0
2025 Spring,FREN,2020,Intermediate French II,014316,"Simotas,Spyridon",003,10694,College & Graduate Arts & Sci,3.70,14,0,9,3,0,0,1,0,1,0,0
2025 Spring,DRAM,2060,The Body and Performance,046593,"Schetlick,Kathryn",001,13461,College & Graduate Arts & Sci,3.93,20,0,17,2,1,0,0,0,0,0,0
2025 Spring,CS,4501,Spec Top: Computer Science,006942,"Floryan,Mark",005,19565,Engineering & Applied Science,3.71,67,1,39,14,6,3,0,2,1,0,1
2025 Spring,CHEM,2321,Org Lab II Non-Chem Maj/Min,043155,"Chruma,Jason",006,12316,College & Graduate Arts & Sci,3.91,14,1,11,1,0,1,0,0,0,0,0
2025 Spring,EDLF,3220,What is Education For?,044841,"Sung,Jieun",001,20093,School of Education and HumanDev,3.98,30,1,27,2,0,0,0,0,0,0,0
2025 Spring,LATI,1020,Elementary Latin II,021104,"Corbeill,Anthony",100,10728,College & Graduate Arts & Sci,3.67,39,13,7,10,4,3,0,1,0,1,0
2025 Spring,GSSJ,4991,Capstone Seminar,043545,"Safdar,Muhammad Tayyab",002,13464,College & Graduate Arts & Sci,3.76,16,1,9,5,0,0,0,0,0,1,0
2025 Spring,EGMT,1540,Ethical Engagement,044515,"Ott,Walter",104,12309,College & Graduate Arts & Sci,3.39,35,0,5,11,7,10,1,1,0,0,0
2025 Spring,EDLF,3150,Intro Chld Growth & Developmnt,009660,"Jirout,Jamie",002,17019,School of Education and HumanDev,3.89,29,0,26,1,0,1,0,0,1,0,0
2025 Spring,SPAN,1060,Accelerated Elementary Spanish,035820,"Colon,Daniel",001,10925,College & Graduate Arts & Sci,3.85,15,0,10,4,0,1,0,0,0,0,0
2025 Spring,COMM,4221,Data Exp. & Visualization w/ R,047507,"Gong,Jing",001,20865,McIntire School of Commerce,3.84,12,0,8,3,0,1,0,0,0,0,0
2025 Spring,CHEM,2820,Thermo/Kinetics (Accelerated),005712,"Harman,Walter",100,10608,College & Graduate Arts & Sci,3.56,59,5,15,23,5,5,5,0,0,0,1
2025 Spring,SPAN,4040,Translation Spanish to English,035927,"Prados,Nieves Garcia",002,12497,College & Graduate Arts & Sci,3.76,17,4,10,0,0,2,0,0,1,0,0
2025 Spring,EDHS,3110,Understanding Autism,044840,"Dubay,Michaela",001,20124,School of Education and HumanDev,3.81,26,1,21,0,1,2,0,0,0,1,0
2025 Spring,ASL,1020,Elem Amer Sign Language II,003000,"Slusser,Miranda",002,10582,College & Graduate Arts & Sci,3.63,18,1,9,2,3,2,0,0,1,0,0
2025 Spring,CHEM,3420,Phys Chem - Thermodynamics,005732,"DuBay,Kateri",100,10610,College & Graduate Arts & Sci,2.87,101,6,14,10,17,14,10,2,12,6,10
2025 Spring,PHYS,1429,Intro Physics 1 Workshop,031036,"Bychkov,Maksim",012,10830,College & Graduate Arts & Sci,3.82,25,2,13,7,2,1,0,0,0,0,0
2025 Spring,ENWR,1510,Writing and Critical Inquiry,013432,"Adams,Hodges",043,12100,College & Graduate Arts & Sci,3.83,18,6,8,2,1,0,0,1,0,0,0
2025 Spring,SOC,3640,Human Society in History,043077,"Kumar,Krishan",001,20172,College & Graduate Arts & Sci,3.70,32,0,15,9,6,1,0,1,0,0,0
2025 Spring,KINE,4400,Nutrition & the Athlete,044197,"Bird,Randy",001,17027,School of Education and HumanDev,3.70,14,3,5,4,0,1,0,0,1,0,0
2025 Spring,GCOM,7214,Managerial View of AI,046782,"Johnson,Steven",001,17630,McIntire School of Commerce,3.49,40,0,6,14,16,3,0,0,1,0,0
2025 Spring,LAR,7220,EcoTech IV,042663,"Davis,Brian",001,10401,School of Architecture,3.40,16,1,3,3,2,6,1,0,0,0,0
2025 Spring,GDS,3114,"Science, Tech & Development",043964,"Edmunds,David",001,20075,College & Graduate Arts & Sci,3.97,46,3,38,5,0,0,0,0,0,0,0
2025 Spring,CS,3140,Software Dev Essentials,046231,"Stone,Derrick",002,19558,Engineering & Applied Science,3.32,270,1,67,70,54,30,19,4,12,3,10
2025 Spring,FREN,2020,Intermediate French II,014316,"Geer,Rachel Carrie",007,11416,College & Graduate Arts & Sci,3.57,14,0,5,3,3,3,0,0,0,0,0
2025 Spring,GCOM,7850,IT-Driven Org Transformation,015439,"Kitchens,Brent",001,17674,McIntire School of Commerce,3.56,26,0,6,7,12,1,0,0,0,0,0
2025 Spring,GCOM,7860,Digital Innovation,015440,"Kitchens,Brent",001,17675,McIntire School of Commerce,3.56,26,0,6,7,12,1,0,0,0,0,0
2025 Spring,PHYS,1425,Intro Physics 1 for Engineers,031032,"Zheng,Xiaochao",002,10818,College & Graduate Arts & Sci,3.34,124,5,25,33,22,18,8,6,1,5,1
2025 Spring,SYS,6041,Engineering Ethics,043196,"Louis,Garrick",001,15928,Engineering & Applied Science,3.23,7,1,3,0,2,0,0,0,0,0,1
2025 Spring,LAR,8222,Seeing Plants:Observation+Doc,047439,"Gastinger,Lara",001,20070,School of Architecture,3.78,10,1,3,5,1,0,0,0,0,0,0
2025 Spring,ENGR,1020,Engineering Foundations 2,046986,"Dufalla,Nicole",018,20499,Engineering & Applied Science,3.84,38,0,27,6,3,1,1,0,0,0,0
2025 Spring,ENGL,2599,Special Topics,012514,"Casteen,John",004,19987,College & Graduate Arts & Sci,3.65,19,0,7,5,6,1,0,0,0,0,0
2025 Spring,ISSS,3760,Issues in Leadership,020476,"Kirsch,Robert",101,20086,Continuing & Prof Studies,3.28,13,1,5,2,0,0,1,2,2,0,0
2025 Spring,HBIO,4999,Thesis Res for Human Biology,017975,"Guler,Jennifer",001,10712,College & Graduate Arts & Sci,3.96,21,5,13,3,0,0,0,0,0,0,0
2025 Spring,MATH,1220,A Survey of Calculus II,022945,"Kurtz,Brianna A.",400,12284,College & Graduate Arts & Sci,3.23,20,1,11,1,3,1,0,0,0,0,3
2025 Spring,CS,6501,Spec Top: Computer Science,006981,"Chandra,Rohan",010,19575,Engineering & Applied Science,3.86,13,1,6,6,0,0,0,0,0,0,0
2025 Spring,WGS,4559,New Course: WGS,039671,"Hagerman,Bonnie",001,19843,College & Graduate Arts & Sci,3.46,14,0,2,6,3,2,0,1,0,0,0
2025 Spring,DS,3021,Analytics I:Machine Learning I,047264,"Annapareddy,Navya",001,20223,School of Data Science,3.88,38,0,28,8,0,2,0,0,0,0,0
2025 Spring,ECON,4370,Behavioral Finance,007971,"Burton,Edwin",001,10646,College & Graduate Arts & Sci,3.55,135,1,68,7,4,54,1,0,0,0,0
2025 Spring,SLAV,2500,Topics in Slavic Lit & Cul,041806,"Sherriff,Mark",001,19818,College & Graduate Arts & Sci,3.69,147,21,71,30,7,6,2,5,2,1,2
2025 Spring,SPAN,4700,Spanish Culture & Civilization,035932,"Amago,Samuel",001,12498,College & Graduate Arts & Sci,3.74,20,3,7,6,3,0,1,0,0,0,0
2025 Spring,EDIS,3060,Poverty and the Young Child,045749,"Turnbull,Khara",502,17392,School of Education and HumanDev,3.69,23,8,9,0,2,2,0,1,1,0,0
2025 Spring,GSGS,3240,Working with/across Cultures,045770,"Wellbeloved,Elizabeth A.",501,19432,College & Graduate Arts & Sci,3.79,56,0,53,0,0,0,0,0,0,0,3
2025 Spring,PHYS,2040,Princip of Physics 2 Workshop,030812,"Bychkov,Maksim",011,10847,College & Graduate Arts & Sci,4.00,25,9,16,0,0,0,0,0,0,0,0
2025 Spring,EGMT,1530,Engaging Differences,044514,"Wahl,Rachel",223,19650,College & Graduate Arts & Sci,3.96,34,11,18,5,0,0,0,0,0,0,0
2025 Spring,GNUR,6020,Advanced Pharmacology,016900,"Haizlip,Julie",001,17805,School of Nursing,3.95,61,9,45,4,3,0,0,0,0,0,0
2025 Spring,RUTR,3360,20th Century Russian Lit,034789,"Clowes,Edith",001,11784,College & Graduate Arts & Sci,2.91,10,0,2,4,1,1,0,0,0,0,2
2025 Spring,PSYC,2600,Intro to Social Psychology,032521,"Mazurek,Christopher",001,10877,College & Graduate Arts & Sci,3.45,312,6,97,103,35,28,16,3,12,3,9
2025 Spring,PHYS,3180,Advanced Laboratory B,030858,"Yoon,Jongsoo",001,10851,College & Graduate Arts & Sci,3.80,20,5,9,3,2,0,0,1,0,0,0
2025 Spring,PHYS,2040,Princip of Physics 2 Workshop,030812,"Bychkov,Maksim",014,13644,College & Graduate Arts & Sci,3.97,24,5,18,0,1,0,0,0,0,0,0
2025 Spring,CGBM,2110,Accounting for Business,047001,"Franks,Harry",001,17648,McIntire School of Commerce,3.40,34,5,3,7,8,5,6,0,0,0,0
2025 Spring,MATH,7800,Algebraic Topology I,023238,"Quigley,J.D.",001,10775,College & Graduate Arts & Sci,3.69,14,2,6,2,1,3,0,0,0,0,0
2025 Spring,EDIS,6710,Rdng/Wrtng Found Divrse Lrners,009522,"Thacker-Gwaltney,Susan",500,17249,School of Education and HumanDev,3.69,20,0,14,3,2,0,0,0,0,0,1
2025 Spring,NUCO,4450,Population & Public Health Nsg,042287,"Toll,Crystal",002,17955,School of Nursing,3.63,12,3,2,4,0,2,1,0,0,0,0
2025 Spring,MAE,6310,Fluid Mechanics I,022661,"Quinn,Daniel",001,19674,Engineering & Applied Science,3.76,34,9,12,6,5,1,0,0,1,0,0
2025 Spring,CS,4720,Mobile Application Development,041616,"McBurney,Paul",001,20127,Engineering & Applied Science,3.39,64,1,33,10,3,5,3,0,1,3,5
2025 Spring,MDST,2305,Podcasting Radio Sound,043728,"Majerczyk,Elliot",001,12468,College & Graduate Arts & Sci,3.92,12,0,10,1,1,0,0,0,0,0,0
2025 Spring,DRAM,1220,Art of the Creature,045569,"Temmink,Anne",001,19608,College & Graduate Arts & Sci,3.88,19,0,17,1,0,0,0,0,1,0,0
2025 Spring,CE,5410,Transportation Planning,004576,"Miller,John",001,15557,Engineering & Applied Science,3.64,10,0,4,4,1,0,0,1,0,0,0
2025 Spring,APMA,3080,Linear Algebra,001151,"Chen,Heze",003,14962,Engineering & Applied Science,2.57,38,5,2,2,6,6,2,2,2,2,9
2025 Spring,ANTH,1010,Introduction to Anthropology,000600,"Benitez,Ernesto",002,19621,College & Graduate Arts & Sci,3.51,25,7,7,0,4,4,0,2,1,0,0
2025 Spring,EGMT,1520,Empirical Engagement,044513,"Reilly,Bridget",209,19543,College & Graduate Arts & Sci,4.00,36,12,24,0,0,0,0,0,0,0,0
2025 Spring,LAW,8011,International Taxation,021669,"Hayashi,Andrew",1,10050,School of Law,3.50,14,0,2,5,5,2,0,0,0,0,0
2025 Spring,SPAN,2010,Intermediate Spanish,035853,"Young,Sara",001,10928,College & Graduate Arts & Sci,3.32,13,0,1,5,2,2,3,0,0,0,0
2025 Spring,ECE,3501,Special Topics ECE,040913,"Yi,Xu",001,19578,Engineering & Applied Science,3.94,16,8,5,3,0,0,0,0,0,0,0
2025 Spring,EDLF,7410,Mixed Methods,043658,"Debnam,Katrina",001,20100,School of Education and HumanDev,4.00,22,14,8,0,0,0,0,0,0,0,0
2025 Spring,MUSI,3050,Music and Discourse,024790,"Joyce,Molly",002,19762,College & Graduate Arts & Sci,3.87,15,9,3,1,1,1,0,0,0,0,0
2025 Spring,EDIS,5770,Soc/Em Issues in Talent Dev,045469,"Dmitrieva,Svetlana",500,17244,School of Education and HumanDev,3.82,11,0,8,1,1,1,0,0,0,0,0
2025 Spring,GCOM,7170,Digital Strategy & Analytics,043913,"Montgomery,Nicole",001,17628,McIntire School of Commerce,3.44,31,0,8,7,6,6,4,0,0,0,0
2025 Spring,EDLF,5711,"Global, Childhood & Culture",038150,"Hoffman,Diane",500,17088,School of Education and HumanDev,3.64,30,3,14,7,3,0,2,0,0,0,1
2025 Spring,EDIS,5175,Issues in K-12 Education,009699,"Baran,John",500,17236,School of Education and HumanDev,3.92,21,0,18,2,0,1,0,0,0,0,0
2025 Spring,SPAN,3050,Spanish for Medical Profession,039916,"Opere,Alicia Lopez",001,12333,College & Graduate Arts & Sci,3.91,17,3,9,5,0,0,0,0,0,0,0
2025 Spring,BIOL,4017,The Immortal Germ Line,047482,"McIntyre,Dan",001,20790,College & Graduate Arts & Sci,3.95,46,15,23,8,0,0,0,0,0,0,0
2025 Spring,PSYC,4100,Neuro of Emotion/Motivation,046687,"Williams,Cedric",001,20375,College & Graduate Arts & Sci,3.45,30,6,5,5,6,5,0,1,2,0,0
2025 Spring,PHYS,1429,Intro Physics 1 Workshop,031036,"Bychkov,Maksim",016,10833,College & Graduate Arts & Sci,3.86,25,1,20,2,0,0,1,1,0,0,0
2025 Spring,GNUR,6633,PNP-AC Seminar III,044780,"Haizlip,Julie",001,17920,School of Nursing,3.96,8,1,6,1,0,0,0,0,0,0,0
2025 Spring,NUIP,2311,Intro to Professional Practice,045254,"Sherwood,Paula",002,17929,School of Nursing,4.00,31,27,4,0,0,0,0,0,0,0,0
2025 Spring,AAS,1020,African-Amer & African Stds II,000084,"Blyden,Nemata",100,10552,College & Graduate Arts & Sci,3.63,152,10,60,45,15,9,6,2,3,1,1
2025 Spring,APMA,3100,Probability,001152,"Dizaji,Farzad Shafiei",002,14964,Engineering & Applied Science,3.47,26,9,9,1,1,3,0,1,0,0,2
2025 Spring,SOC,8710,Sociology of Organizations,035658,"Gorman,Elizabeth",001,20144,College & Graduate Arts & Sci,3.62,6,0,2,2,1,1,0,0,0,0,0
2025 Spring,COMM,4722,CorpRestruct & DistressInvstg,046861,"Smith,David",001,17622,McIntire School of Commerce,3.46,97,10,22,20,15,19,8,1,1,1,0
2025 Spring,GCOM,7140,Customer Analytics,042881,"Johnson,Reeves",001,17625,McIntire School of Commerce,3.58,20,0,8,5,2,3,2,0,0,0,0
2025 Spring,COMM,2700,Basic Finance for Real Estate,046582,"Chapman,David",003,17614,McIntire School of Commerce,3.22,37,0,5,8,13,8,1,0,0,0,2
2025 Spring,SOC,3320,Sociology of the Body,046838,"Sarioglu,Esra",001,20173,College & Graduate Arts & Sci,3.52,33,3,15,3,5,0,1,6,0,0,0
2025 Spring,BIOL,3430,Physio Mech in Health Disease,047455,"Massey,Ann",001,20604,College & Graduate Arts & Sci,3.82,32,8,12,7,4,1,0,0,0,0,0
2025 Spring,FREN,1020,Elementary French II,014274,"Rey,Cecile Helene Christiane",002,10687,College & Graduate Arts & Sci,3.77,13,1,9,1,1,0,0,0,1,0,0
2025 Spring,CHEM,2321,Org Lab II Non-Chem Maj/Min,043155,"Chruma,Jason",019,19758,College & Graduate Arts & Sci,3.74,28,0,14,10,2,1,0,0,1,0,0
2025 Spring,COMM,2020,Intro Management Accounting,006441,"Mitchell,Jill",100,17678,McIntire School of Commerce,3.73,563,151,198,82,75,28,13,14,2,0,0
2025 Spring,FREN,1050,Accelerated Elementary French,014277,"Rey,Cecile Helene Christiane",001,10689,College & Graduate Arts & Sci,3.05,13,0,1,2,3,4,1,0,1,1,0
2025 Spring,EVSC,3301,Atmosphere & Weather Lab,014096,"Wekker,Stephan De",001,10677,College & Graduate Arts & Sci,3.28,10,5,0,3,0,0,0,0,0,1,1
2025 Spring,CHE,4476,Chemical Engineering Design,005476,"Anderson,Eric",001,14989,Engineering & Applied Science,3.69,42,0,20,14,3,2,2,0,1,0,0
2025 Spring,EDLF,4080,U.S. Education Policy,043600,"Schueler,Beth",001,20097,School of Education and HumanDev,3.51,35,0,10,9,7,7,2,0,0,0,0
2025 Spring,LING,5401,Linguistic Field Methods,000818,"Mirzayan,Armik",100,19506,College & Graduate Arts & Sci,3.93,8,1,5,2,0,0,0,0,0,0,0
2025 Spring,PHIL,2060,Phil Problems in Law,030052,"Motchoulski,Alexander",100,19507,College & Graduate Arts & Sci,3.55,113,1,45,22,18,20,3,2,2,0,0
2025 Spring,APMA,3110,Applied Stats & Probability,001153,"Ma,Hui",004,19694,Engineering & Applied Science,3.41,41,5,11,7,6,5,3,1,2,0,1
2025 Spring,ENWR,3750,Rhetoric Propaganda Conspiracy,046550,"Fountain,T. Kenny",001,19725,College & Graduate Arts & Sci,3.98,37,0,35,2,0,0,0,0,0,0,0
2025 Spring,EDIS,7815,Pro-seminar: Innovations in Ed,044637,"Wheelock,Matthew",500,17253,School of Education and HumanDev,3.88,24,2,15,6,0,1,0,0,0,0,0
2025 Spring,EDLF,7601,Social Foundations of ED,009731,"Hoffman,Diane",500,17256,School of Education and HumanDev,3.98,14,1,12,1,0,0,0,0,0,0,0
2025 Spring,EDLF,7210,Adolescent Development,009708,"Smith,Naila",001,20099,School of Education and HumanDev,3.69,7,0,2,4,0,1,0,0,0,0,0
2025 Spring,FREN,2020,Intermediate French II,014316,"Geer,Rachel",002,10693,College & Graduate Arts & Sci,3.89,14,0,9,5,0,0,0,0,0,0,0
2025 Spring,HIEU,2041,Roman Republic and Empire,018391,"Meyer,Elizabeth",100,11665,College & Graduate Arts & Sci,3.22,17,0,5,2,2,2,4,0,2,0,0
2025 Spring,CHEM,2420,Organic Chemistry II,005699,"Frantz,Alicia",300,12484,College & Graduate Arts & Sci,2.96,129,0,17,16,19,27,18,11,13,4,4
2025 Spring,LAW,7680,Evolution Holistic Defense(SC),041723,"McWeay,Aisha",1,10286,School of Law,3.55,8,0,1,4,2,1,0,0,0,0,0
2025 Spring,EVSC,3201,Fundamentals of Ecology Lab,014094,"Blumstein,Meghan",002,10669,College & Graduate Arts & Sci,3.10,10,2,4,1,1,0,0,0,0,0,2
2025 Spring,EDIS,7076,"Tech, Learning Systems&Culture",044374,"Maddrell,Jennifer",500,17247,School of Education and HumanDev,4.00,14,7,7,0,0,0,0,0,0,0,0
2025 Spring,CS,4774,Machine Learning,045513,"Chen,Chen",002,19568,Engineering & Applied Science,3.77,70,8,40,12,5,2,1,1,0,0,1
2025 Spring,CS,6501,Spec Top: Computer Science,006981,"Hassan,Wajih Ul",008,19573,Engineering & Applied Science,3.79,18,0,12,1,5,0,0,0,0,0,0
2025 Spring,EDIS,2200,"Designing Art, Music, & Games",045873,"Bull,Glen",001,17195,School of Education and HumanDev,3.81,16,0,14,0,0,1,0,0,1,0,0
2025 Spring,CS,1110,Introduction to Programming,006846,"Khargonkar,Arohi",002,14980,Engineering & Applied Science,3.31,150,0,52,33,21,16,8,5,5,2,8
2025 Spring,ANTH,3590,Social & Cultural Anthropology,041002,"Jackson,Sebastian",003,21488,College & Graduate Arts & Sci,3.93,28,0,21,7,0,0,0,0,0,0,0
2025 Spring,STAT,1601,Intro Data Science with R,045055,"Roland,Kristen",003,12626,College & Graduate Arts & Sci,3.74,92,12,37,29,8,4,1,0,0,0,1
2025 Spring,GCOM,7342,Judgment & Decsn Makg in Acc,044608,"Winchel,Jennifer",001,17620,McIntire School of Commerce,3.76,12,0,5,5,2,0,0,0,0,0,0
2025 Spring,COMM,3050,Managerial Decision Making,006457,"Landgraf,Polina",001,17530,McIntire School of Commerce,3.55,31,0,4,15,9,3,0,0,0,0,0
2025 Spring,FREN,3030,Phonetics,014365,"Rey,Cecile",001,19770,College & Graduate Arts & Sci,3.77,17,0,9,5,2,1,0,0,0,0,0
2025 Spring,GCOM,7251,EssentialsofProject Management,046801,"Maurer,Chris",001,17618,McIntire School of Commerce,3.61,16,0,3,8,4,1,0,0,0,0,0
2025 Spring,KINE,5470,Metabolic Adap to Exercise,009284,"Angadi,Siddhartha",001,16873,School of Education and HumanDev,4.00,13,10,3,0,0,0,0,0,0,0,0
2025 Spring,ENWR,3900,Career-Based Writing/Rhetoric,040841,"Little,Dana",001,14640,College & Graduate Arts & Sci,4.00,15,4,11,0,0,0,0,0,0,0,0
2025 Spring,ENWR,1510,Writing and Critical Inquiry,013432,"Carter,Tyler",001,19518,College & Graduate Arts & Sci,3.82,18,0,11,4,3,0,0,0,0,0,0
2025 Spring,PC,5100,Adv Contracting by Negotiatio,029793,"Brooks,Sheila",701,20230,Continuing & Prof Studies,3.82,10,0,4,6,0,0,0,0,0,0,0
2025 Spring,EAST,1200,East Asian Calligraphy,046736,"Wang,Ju Min",002,21325,College & Graduate Arts & Sci,3.96,20,3,14,3,0,0,0,0,0,0,0
2025 Spring,PHYS,2040,Princip of Physics 2 Workshop,030812,"Bychkov,Maksim",012,10848,College & Graduate Arts & Sci,3.97,26,11,14,0,1,0,0,0,0,0,0
2025 Spring,SPAN,4040,Translation Spanish to English,035927,"Wellbeloved,Elizabeth A.",501,19458,College & Graduate Arts & Sci,3.78,13,0,6,6,0,1,0,0,0,0,0
2025 Spring,CS,3120,Discrete Math and Theory 2,046229,"Lin,Wei-Kai",002,19555,Engineering & Applied Science,3.05,122,5,11,16,32,23,12,8,8,3,4
2025 Spring,ENGL,3540,Studies in Nineteenth-Century,012784,"Griffin,Cristina",001,19933,College & Graduate Arts & Sci,3.90,25,0,20,3,1,1,0,0,0,0,0
2025 Spring,LAW,9006,Advanced Verbal Persuasion,040010,"Shadel,Molly",1,10035,School of Law,3.53,12,0,0,7,5,0,0,0,0,0,0
2025 Spring,PHYS,1429,Intro Physics 1 Workshop,031036,"Bychkov,Maksim",003,10822,College & Graduate Arts & Sci,3.71,25,2,17,3,0,1,1,0,0,0,1
2025 Spring,STS,4600,Engr Ethcs Prof Responsibility,036750,"Wayland,Kent",020,15440,Engineering & Applied Science,3.40,27,1,14,5,1,2,0,0,2,0,2
2025 Spring,PLIR,4500,Special Topics,031830,"Pandya,Sonal",001,19354,College & Graduate Arts & Sci,3.25,12,0,3,3,3,1,0,0,1,0,1
2025 Spring,GBAC,7222,Analytics Project Management,045293,"Grushka-Cockayne,Yael",001,21187,McIntire Darden Grad Business,3.21,57,5,6,4,16,14,8,0,4,0,0
2025 Spring,EDIS,5134,Behav Observations & Analysis,045206,"Metras,Rachel",500,17232,School of Education and HumanDev,3.69,21,0,10,6,3,0,2,0,0,0,0
2025 Spring,COMM,3720,Intermediate Corporate Finance,006484,"Chen,Zhaohui",001,17546,McIntire School of Commerce,3.49,36,2,7,6,15,6,0,0,0,0,0
2025 Spring,ARTH,2559,New Course: ARTH,040386,"Flores,Tatiana",300,21153,College & Graduate Arts & Sci,3.44,16,0,9,2,0,3,1,0,0,0,1
2025 Spring,EDIS,5422,Cross-Cultural Education,043455,"Amato,Wendy",501,17300,School of Education and HumanDev,3.80,20,4,15,0,0,0,0,0,0,0,1
2025 Spring,COMM,1800,Foundations of Commerce,006438,"Costa,Elaine",004,17644,McIntire School of Commerce,3.50,158,2,55,38,24,22,10,4,1,0,2
2025 Spring,ECE,6502,Spec Top:Elect & Computer Engr,007732,"Weikle,Robert",009,21020,Engineering & Applied Science,3.75,14,2,5,5,0,2,0,0,0,0,0
2025 Spring,EVAT,5559,New Course: EVAT,039112,"Schiro,Kathleen",002,20984,College & Graduate Arts & Sci,3.96,7,3,3,1,0,0,0,0,0,0,0
2025 Spring,HIUS,3051,The Age of Jefferson,019567,"Dierksheide,Christa",001,19174,College & Graduate Arts & Sci,3.75,28,0,12,11,4,1,0,0,0,0,0
2025 Spring,HIEU,3091,Ancient Law and Society,018438,"Meyer,Elizabeth",001,19175,College & Graduate Arts & Sci,3.39,14,2,3,3,2,1,1,1,0,1,0
2025 Spring,HIUS,3072,The Civil War & Reconstruction,019571,"Janney,Caroline",100,19177,College & Graduate Arts & Sci,3.53,58,0,28,14,5,1,4,1,3,1,1
2025 Spring,ETP,4010,Environmental Decisions,013700,"Kuhn,Mary",002,20019,College & Graduate Arts & Sci,3.97,18,0,16,2,0,0,0,0,0,0,0
2025 Spring,MDST,3490,Comedy & Humor Across Media,046537,"Rao,Pallavi",001,13063,College & Graduate Arts & Sci,3.82,30,2,18,6,2,1,1,0,0,0,0
2025 Spring,SOC,5320,Sociology of Gender,041837,"Sarioglu,Esra",001,20145,College & Graduate Arts & Sci,3.81,7,0,4,2,1,0,0,0,0,0,0
2025 Spring,ENGL,2506,Studies in Poetry,012488,"Airy,Kaitlyn",005,21021,College & Graduate Arts & Sci,3.95,20,2,16,1,1,0,0,0,0,0,0
2025 Spring,BIOL,2100,IntroBio w/Lab:Cell & Genetics,003470,"Kittlesen,David",100,20006,College & Graduate Arts & Sci,3.19,75,6,8,11,17,11,11,7,3,1,0
2025 Spring,ECE,6502,Spec Top:Elect & Computer Engr,007732,"Tao,Gang",007,20846,Engineering & Applied Science,3.91,7,0,5,2,0,0,0,0,0,0,0
2025 Spring,EDIS,6220,Assessment of Curriculum: K-12,045848,"Moran,Melinda",501,17298,School of Education and HumanDev,3.83,23,12,5,2,2,2,0,0,0,0,0
2025 Spring,EDIS,4100,Char of Ind w/Emot & Behav Dis,044942,"Coleman,Olivia Nicole",500,17226,School of Education and HumanDev,3.81,27,25,0,0,0,1,0,0,0,0,1
2025 Spring,EDLF,7140,LEAD II: Professional Learning,009701,"Beavers,Michelle",500,17275,School of Education and HumanDev,3.64,11,1,9,0,0,0,0,0,0,0,1
2025 Spring,BME,4550,Spec Topics: Biomedical Engr,004090,"Barker,Shannon",001,20301,Engineering & Applied Science,3.99,60,56,2,2,0,0,0,0,0,0,0
2025 Spring,EDLF,2050,What the Innovators Do,043697,"Castleman,Benjamin",001,17084,School of Education and HumanDev,3.88,69,1,51,11,5,0,1,0,0,0,0
2025 Spring,ANTH,2120,The Concept of Culture,042869,"Bashkow,Ira",100,13359,College & Graduate Arts & Sci,3.71,175,7,95,35,18,10,6,1,1,0,2
2025 Spring,SPAN,3300,Texts and Interpretation,035904,"Prados,Nieves Garcia",005,11623,College & Graduate Arts & Sci,3.98,16,2,13,1,0,0,0,0,0,0,0
2025 Spring,CGBM,2710,Making Financial Decisions,047004,"Gamrat,Gretchen",001,17654,McIntire School of Commerce,3.63,42,2,17,9,6,6,2,0,0,0,0
2025 Spring,COMM,4690,Global Management,006532,"Oliver,Abbie",001,17656,McIntire School of Commerce,3.80,38,3,18,13,1,3,0,0,0,0,0
2025 Spring,PSED,1070,Financial Capability,046785,"Temkin,Jacqueline Lauren",F550,21004,Continuing & Prof Studies,3.57,13,1,7,3,1,0,0,0,0,0,1
2025 Spring,COMM,4791,Real Estate Investmnt Analysis,040720,"Healy,Brian",001,17561,McIntire School of Commerce,3.87,36,0,24,11,0,0,1,0,0,0,0
2025 Spring,CS,2130,Computer Systems and Org 1,046226,"Graham,Daniel",001,15897,Engineering & Applied Science,3.44,146,18,51,18,10,21,12,4,5,7,0
2025 Spring,COMM,4822,Invest in Sustainable Future,006744,"White,Mark",001,17563,McIntire School of Commerce,3.71,28,0,11,12,2,3,0,0,0,0,0
2025 Spring,EDIS,5141,IEP & Transition,040533,"Gentry,Roberta",500,17234,School of Education and HumanDev,3.89,9,4,4,0,0,1,0,0,0,0,0
2025 Spring,NUIP,3230,Spanish Health Care Providers,044509,"Estrada,Michelet McLean",001,17903,School of Nursing,3.95,14,3,10,0,1,0,0,0,0,0,0
2025 Spring,MDST,4510,Capstone Topics,045773,"Borrione,Francesca",004,18828,College & Graduate Arts & Sci,3.96,16,0,14,2,0,0,0,0,0,0,0
2025 Spring,SPAN,2010,Intermediate Spanish,035853,"Monteros-Freeman,Maria",009,19009,College & Graduate Arts & Sci,3.50,15,4,2,4,0,4,0,0,0,1,0
2025 Spring,SOC,3595,Special Topics in Sociology,035436,"O'Loughlin,Johanna Carmen",002,21162,College & Graduate Arts & Sci,3.83,28,0,15,11,2,0,0,0,0,0,0
2025 Spring,ISIN,4520,Sp Tps Conduct Inquiry: HU,043256,"May,Julia",101,20274,Continuing & Prof Studies,3.82,28,7,14,3,2,1,0,1,0,0,0
2025 Spring,ENWR,1510,Writing and Critical Inquiry,013432,"Lewis,Bella",006,11006,College & Graduate Arts & Sci,3.95,18,1,14,3,0,0,0,0,0,0,0
2025 Spring,COMM,3200,Project & Product Management,006498,"Schuff,David",003,17597,McIntire School of Commerce,3.58,31,0,13,9,2,2,4,1,0,0,0
2025 Spring,LAW,7054,Pain and the Law,021828,"Abrokwa,Alice",1,18815,School of Law,3.54,17,0,3,7,4,3,0,0,0,0,0
2025 Spring,MDST,3510,Topics in Media Research,045771,"Martin,Aaron",003,18822,College & Graduate Arts & Sci,3.60,18,2,7,4,1,2,1,0,1,0,0
2025 Spring,MDST,3811,American Broadcast News,046693,"Bodroghkozy,Aniko",001,18835,College & Graduate Arts & Sci,3.27,26,0,8,7,6,1,0,1,0,0,3
2025 Spring,CHTR,3559,New Course: CHTR,041326,"Morse,Canaan",001,18907,College & Graduate Arts & Sci,3.78,19,0,9,7,3,0,0,0,0,0,0
2025 Spring,DS,6030,Statistical Learning,046346,"Gedeck,Peter",001,18756,School of Data Science,3.92,51,27,22,1,0,0,0,0,0,0,1
2025 Spring,DS,6015,DS Capstone,046836,"Kazemipour,Abbas",002,18758,School of Data Science,3.79,10,0,3,7,0,0,0,0,0,0,0
2025 Spring,PHS,5500,Spec Topics in Public Health,030348,"Wellbeloved,Elizabeth A.",501,18740,Medical School - BIMS/PHS,3.69,13,11,1,0,0,0,0,0,0,0,1
2025 Spring,DS,4002,Data Science Project,046061,"Rasero,Javier",002,18751,School of Data Science,3.70,40,0,32,0,0,6,0,0,1,0,1
2025 Spring,LASE,2559,New Course: LASE,039340,"Seidel,Sandra",001,20597,College & Graduate Arts & Sci,3.97,20,0,18,2,0,0,0,0,0,0,0
2025 Spring,BIOL,8082,Advanced Ecology & Evolution 2,043127,"Kasimatis,Katja",001,20002,College & Graduate Arts & Sci,3.71,9,0,5,2,1,0,1,0,0,0,0
2025 Spring,PLAP,2030,"Politics, Science and Values",031558,"Cushman,Stephen",001,12861,College & Graduate Arts & Sci,3.69,20,0,6,11,1,1,1,0,0,0,0
2025 Spring,EDIS,3045,Mathematics in Early Childhood,045741,"Kutaka,Traci",500,17267,School of Education and HumanDev,2.69,15,1,0,0,2,3,3,3,2,1,0
2025 Spring,COMM,3200,Project & Product Management,006498,"Morrill,Matthew Stephen",001,17551,McIntire School of Commerce,3.57,21,0,6,6,6,3,0,0,0,0,0
2025 Spring,GNUR,5260,Care Environment Management I,016898,"Ridge,Richard",001,17823,School of Nursing,3.97,41,5,32,4,0,0,0,0,0,0,0
2025 Spring,EDHS,2250,Stress and Anxiety Management,044538,"Knape,Erin",500,17372,School of Education and HumanDev,3.78,28,8,12,3,2,1,1,1,0,0,0
2025 Spring,PSYC,3415,RM: Developmental Psychology,046308,"Robertson,Zoe",001,20372,College & Graduate Arts & Sci,3.76,35,0,27,3,3,0,0,0,0,1,1
2025 Spring,KINE,4600,Athletic Injuries,009160,"Saliba,Susan",001,16869,School of Education and HumanDev,3.79,27,10,6,8,2,0,0,0,1,0,0
2025 Spring,LATI,2020,Intermediate Latin II,021134,"Herbert,Sarah",002,10733,College & Graduate Arts & Sci,3.32,18,1,5,2,2,4,2,1,1,0,0
2025 Spring,PSYC,2600,Intro to Social Psychology,032521,"Wellbeloved,Elizabeth A.",501,19438,College & Graduate Arts & Sci,3.68,21,3,6,8,1,1,2,0,0,0,0
2025 Spring,CJ,3890,Law Enforcement Essentials,044133,"Castillo,Angel",A1,21392,Continuing & Prof Studies,3.95,11,0,9,2,0,0,0,0,0,0,0
2025 Spring,COMM,3040,Strategic Value Creation,006456,"Du,Yuxiang",006,17527,McIntire School of Commerce,3.48,40,2,6,11,15,3,3,0,0,0,0
2025 Spring,MATH,3100,Introduction to Probability,023058,"Dimou,Evangelos",001,11624,College & Graduate Arts & Sci,3.19,30,1,9,3,4,4,4,2,2,0,1
2025 Spring,COMM,4372,Int Comm & Digital Campaign,006697,"Heilman,Carrie",001,17553,McIntire School of Commerce,3.90,25,11,7,6,1,0,0,0,0,0,0
2025 Spring,NUCO,4440,Trends/Issues Clin Nrsg Pract,042286,"Wiersma,Gretchen",003,17974,School of Nursing,3.82,15,3,9,0,1,2,0,0,0,0,0
2025 Spring,ENGL,4590,Seminar in Literary Genres,012175,"Rody,Caroline",002,20001,College & Graduate Arts & Sci,3.60,17,3,7,5,0,0,1,0,0,0,1
2025 Spring,PSYC,4660,High-Level Cognition,047230,"Willingham,Daniel",001,20380,College & Graduate Arts & Sci,3.75,20,1,6,10,3,0,0,0,0,0,0
2025 Spring,MESA,2559,New Course: MESA,041732,"Resha,Adrienne",001,18898,College & Graduate Arts & Sci,4.00,20,7,13,0,0,0,0,0,0,0,0
2025 Spring,CJ,5495,CI: Executive Decision Making,047240,"Yansick,Michael",A2,21397,Continuing & Prof Studies,4.00,33,5,28,0,0,0,0,0,0,0,0
2025 Spring,NUCO,3310,Pediatric Nursing,043225,"Boitnott,Amy",100,17855,School of Nursing,3.77,47,1,20,19,6,1,0,0,0,0,0
2025 Spring,STS,2600,Engineering Ethics,046988,"Guillen,Sergio",009,16238,Engineering & Applied Science,3.82,28,0,23,2,1,0,0,1,1,0,0
2025 Spring,MAE,4300,Wind Energy,047519,"Loth,Eric",001,20998,Engineering & Applied Science,3.64,10,2,1,4,2,1,0,0,0,0,0
2025 Spring,EDIS,2020,Disability in the Media,045467,"Cook,Lysandra",001,17142,School of Education and HumanDev,3.77,30,6,19,1,1,0,0,0,3,0,0
2025 Spring,EDIS,5080,Differentiating Instruction,045846,"Sullivan,Melissa",500,17152,School of Education and HumanDev,3.65,22,0,10,10,1,0,0,0,0,0,1
2025 Spring,EDIS,5871,Sem: Tch Intern: Elementary Ed,039325,"Paulick,Judith",001,17154,School of Education and HumanDev,4.00,13,7,6,0,0,0,0,0,0,0,0
2025 Spring,CS,6501,Spec Top: Computer Science,006981,"Meng,Yu",015,16260,Engineering & Applied Science,3.93,28,20,6,0,0,2,0,0,0,0,0
2025 Spring,COMM,4150,Intro Auditing,044592,"McDermott,Katie",001,17583,McIntire School of Commerce,3.88,36,0,27,6,1,2,0,0,0,0,0
2025 Spring,SPAN,2020,Advanced Intermediate Spanish,035854,"Florez-Murillo,David",011,11557,College & Graduate Arts & Sci,3.80,18,0,6,12,0,0,0,0,0,0,0
2025 Spring,SYS,6007,Human Factors I,044552,"Bolton,Matthew",001,15927,Engineering & Applied Science,3.64,44,5,16,13,0,5,4,1,0,0,0
2025 Spring,NUIP,3430,Pharmacology II,043239,"Hall,Katy",001,17976,School of Nursing,3.60,26,0,6,12,4,4,0,0,0,0,0
2025 Spring,PHYS,1429,Intro Physics 1 Workshop,031036,"Bychkov,Maksim",022,13122,College & Graduate Arts & Sci,3.95,26,3,20,2,1,0,0,0,0,0,0
2025 Spring,MATH,1220,A Survey of Calculus II,022945,"Kurtz,Brianna A.",800,13451,College & Graduate Arts & Sci,3.56,27,4,12,2,2,3,3,0,0,0,1
2025 Spring,LAW,9134,Empirical Legal Studies (YR),040165,"Cope,Kevin",1,18821,School of Law,3.38,6,0,0,2,3,1,0,0,0,0,0
2025 Spring,AAS,3500,Intermediate Seminar in AAS,039376,"Fields,Kimberly",005,13969,College & Graduate Arts & Sci,3.63,24,4,11,6,0,0,1,1,0,0,1
2025 Spring,MDST,3404,Politics and New Media,023516,"Williams,Bruce",001,18827,College & Graduate Arts & Sci,3.66,30,0,12,9,7,0,2,0,0,0,0
2025 Spring,LAW,9197,Public Utility Reg Seminar,042752,"Gocke,Alison",1,18863,School of Law,3.51,13,0,4,2,4,3,0,0,0,0,0
2025 Spring,LAW,7043,Insurance,021667,"Abraham,Kenneth",1,18814,School of Law,3.55,111,1,16,41,51,1,1,0,0,0,0
2025 Spring,MDST,8001,Histories Media Tech,045837,"Ellcessor,Elizabeth",001,18834,College & Graduate Arts & Sci,3.82,19,5,6,6,1,1,0,0,0,0,0
2025 Spring,LAW,9153,Law and Riots,041692,"Heaphy,Timothy",1,18864,School of Law,3.63,16,0,4,6,6,0,0,0,0,0,0
2025 Spring,EDHS,3850,Intro to Counseling,043204,"Rambo,Tim",001,20988,School of Education and HumanDev,3.94,27,1,23,2,0,1,0,0,0,0,0
2025 Spring,MATH,1310,Calculus I,022953,"Wang,Xiaojing",300,19860,College & Graduate Arts & Sci,3.11,25,8,4,1,1,4,2,1,1,0,3
2025 Spring,CHEM,4440,Biochemistry for Pre-Health,046085,"Samonina,Jelena",100,12858,College & Graduate Arts & Sci,3.50,45,15,11,7,3,2,1,0,3,1,2
2025 Spring,AAS,3500,Intermediate Seminar in AAS,039376,"Richardson,Liana",008,13972,College & Graduate Arts & Sci,3.57,15,0,9,4,0,0,1,0,0,0,1
2025 Spring,ISBU,3410,Commercial Law,020280,"Pao,Roger",101,20081,Continuing & Prof Studies,3.71,26,0,16,4,2,3,0,0,1,0,0
2025 Spring,PHIL,2350,"Minds, Machines, and Persons",046935,"Irving,Zachary",100,19589,College & Graduate Arts & Sci,3.39,148,2,21,50,39,23,7,2,1,1,2
2025 Spring,ENGL,2502,Masterpieces of English Lit,012478,"Hurley,Alison",002,19929,College & Graduate Arts & Sci,3.42,17,0,2,10,4,0,0,0,0,0,1
2025 Spring,COMM,3220,Data Mgmt for Decision Making,006500,"Sarker,Suprateek",002,17591,McIntire School of Commerce,3.66,37,0,21,5,3,5,3,0,0,0,0
2025 Spring,COMM,3040,Strategic Value Creation,006456,"Oliver,Abbie",001,17522,McIntire School of Commerce,3.60,31,1,5,16,5,4,0,0,0,0,0
2025 Spring,LAW,7071,Professional Responsibility,021935,"Faglioni,Kelly",2,10075,School of Law,3.33,73,0,9,16,23,18,5,2,0,0,0
2025 Spring,LAW,8016,Securities Regulation,021747,"Mahoney,Paul",1,18857,School of Law,3.52,40,1,7,13,12,6,1,0,0,0,0
2025 Spring,SARC,5400,Data Visualization,044034,"Field,Eric Matthew",002,20869,School of Architecture,3.55,10,0,3,4,0,2,1,0,0,0,0
2025 Spring,HHE,5600,"Health, Aging, and Society",046741,"Mutter,Justin",001,18696,Medical School - BIMS/PHS,3.85,17,0,10,6,1,0,0,0,0,0,0
2025 Spring,DS,5100,Programming for Data Science,046284,"Alvarado,Rafael",001,18752,School of Data Science,3.61,75,12,31,8,12,8,2,0,0,0,2
2025 Spring,NURS,4951,Distinguished Majors Sem II,029616,"Acquaviva,Kimberly",001,17817,School of Nursing,3.96,15,5,8,2,0,0,0,0,0,0,0
2025 Spring,ENWR,1510,Writing and Critical Inquiry,013432,"Tran,Davy",035,13380,College & Graduate Arts & Sci,3.79,16,10,3,1,0,1,0,0,1,0,0
2025 Spring,CHEM,2321,Org Lab II Non-Chem Maj/Min,043155,"Chruma,Jason",016,12853,College & Graduate Arts & Sci,3.71,30,0,14,10,3,2,0,1,0,0,0
2025 Spring,ENGL,2560,Contemporary Literature,012508,"Krentz,Christopher",001,20939,College & Graduate Arts & Sci,3.37,19,0,0,9,5,4,0,1,0,0,0
2025 Spring,RELC,2401,Hist of American Catholicism,033966,"Henry,James",001,19265,College & Graduate Arts & Sci,3.90,19,0,14,4,1,0,0,0,0,0,0
2025 Spring,LAR,7500,Special Tops in Landscape Arch,045643,"Bohannon,Cermetrius",001,20028,School of Architecture,3.68,18,3,4,5,6,0,0,0,0,0,0
2025 Spring,LASE,2515,A&S Skills AcceleratorCatalyst,046611,"Stertzer,Jennifer",003,13293,College & Graduate Arts & Sci,3.98,15,9,5,1,0,0,0,0,0,0,0
2025 Spring,SOC,5060,Contemporary Sociological Thry,035529,"Olick,Jeffrey",001,13279,College & Graduate Arts & Sci,3.96,7,1,5,1,0,0,0,0,0,0,0
2025 Spring,STAT,6021,Linear Models for Data Science,043281,"Woo,Jeffrey",001,18753,College & Graduate Arts & Sci,3.75,73,11,40,14,2,2,2,0,0,0,2
2025 Spring,MDST,5559,New Course in Media Studies,047258,"Morimoto,Lori",001,18837,College & Graduate Arts & Sci,3.98,12,8,3,1,0,0,0,0,0,0,0
2025 Spring,ACCT,5120,Intermediate Accounting II,045933,"Jones,Ambrose",701,20090,Continuing & Prof Studies,3.45,11,0,3,2,3,2,1,0,0,0,0
2025 Spring,MESA,3380,A 1001 Nights at the Cinema,046093,"Sunya,Samhita",001,18909,College & Graduate Arts & Sci,3.94,24,7,12,5,0,0,0,0,0,0,0
2025 Spring,GBAC,7209,Data Analytics II,045281,"Mousavi,Reza",001,18742,McIntire Darden Grad Business,3.52,57,3,10,14,25,2,3,0,0,0,0
2025 Spring,MATH,3250,Ordinary Differential Equatns,023068,"Melcher,Tai",400,19829,College & Graduate Arts & Sci,3.27,34,0,11,6,2,11,0,1,1,0,2
2025 Spring,CHEM,5380,Structure Diffraction Methods,005815,"Dickie,Diane",001,18924,College & Graduate Arts & Sci,3.37,17,1,4,2,5,2,2,0,1,0,0
2025 Spring,CHTR,3840,Writing Women in Modern China,041872,"Laughlin,Charles",001,18970,College & Graduate Arts & Sci,3.86,30,0,23,3,2,2,0,0,0,0,0
2025 Spring,BME,6550,Spec Topics: Biomedical Engr,004145,"Hastings,Nikki",006,21104,Engineering & Applied Science,3.68,5,0,2,2,0,1,0,0,0,0,0
2025 Spring,NUCO,4720,Synthesis Practicum,043231,"Taliaferro-Jones,Elizabeth",001,18008,School of Nursing,3.99,49,19,28,2,0,0,0,0,0,0,0
2025 Spring,PHIL,1000,Introduction to Philosophy,029990,"MacKenzie,Jordan",100,19486,College & Graduate Arts & Sci,3.60,57,4,24,14,6,5,1,1,0,0,2
2025 Spring,BIOL,3010,Genetics and Molecular Biology,003526,"Wellbeloved,Elizabeth A.",501,19472,College & Graduate Arts & Sci,3.69,16,0,6,6,3,1,0,0,0,0,0
2025 Spring,EDHS,7225,Assessment in Counseling,045489,"Walsh,Robyn",500,17075,School of Education and HumanDev,3.90,21,0,18,1,1,1,0,0,0,0,0
2025 Spring,PHYS,2040,Princip of Physics 2 Workshop,030812,"Bychkov,Maksim",009,13010,College & Graduate Arts & Sci,4.00,25,11,14,0,0,0,0,0,0,0,0
2025 Spring,CHE,6630,Mass Transfer,005514,"Geise,Geoffrey",600,19885,Engineering & Applied Science,3.22,9,0,3,1,1,1,1,1,1,0,0
2025 Spring,PHYS,2040,Princip of Physics 2 Workshop,030812,"Bychkov,Maxim Aleksandrovich",025,21290,College & Graduate Arts & Sci,3.98,26,8,16,2,0,0,0,0,0,0,0
2025 Spring,ENGL,2508,Studies in Fiction,012491,"Sullivan,Patricia",002,19923,College & Graduate Arts & Sci,4.00,17,8,9,0,0,0,0,0,0,0,0
2025 Spring,BIOP,8201,Cell Physiology and Biophysics,004193,"Redemann,Stefanie",001,18572,Medical School - BIMS/PHS,3.77,15,0,6,7,2,0,0,0,0,0,0
2025 Spring,EDIS,2920,Debunking Classroom Myths,043990,"Maeng,Jennifer",002,17374,School of Education and HumanDev,3.77,22,3,16,0,0,2,0,0,0,0,1
2025 Spring,PSYC,4500,Spec Tops: Psychology,032600,"Robertson,Zoe",004,20379,College & Graduate Arts & Sci,3.77,24,10,7,3,0,2,2,0,0,0,0
2025 Spring,STAT,4220,Applied Analytics for Business,044088,"Martinet,Gretchen",002,12895,College & Graduate Arts & Sci,3.35,55,0,24,2,3,21,0,1,2,1,1
2025 Spring,LAW,7634,Mediation Law and Pract (SC),040066,"Ballou,Robert",1,18763,School of Law,3.55,16,0,0,10,6,0,0,0,0,0,0
2025 Spring,LAW,7769,Emerging AI Legal Issues (SC),044673,"Robertson,Thomas Andrew",1,18764,School of Law,3.45,11,0,2,2,5,2,0,0,0,0,0
2025 Spring,ASTR,5450,High Energy Astrophysics,003111,"Davis,Shane",001,18767,College & Graduate Arts & Sci,3.81,24,3,13,6,0,1,0,1,0,0,0
2025 Spring,ARTH,3591,Art History Colloquium,042072,"Jimoh,Ganiyu",004,18795,College & Graduate Arts & Sci,3.65,11,2,2,5,0,1,1,0,0,0,0
2025 Spring,LAW,9077,Asian Amer and the Law,022002,"Law,David",1,18796,School of Law,3.39,17,0,1,3,12,1,0,0,0,0,0
2025 Spring,SPAN,2020,Advanced Intermediate Spanish,035854,"West,Rachel Katherine",025,21481,College & Graduate Arts & Sci,3.39,15,0,3,7,1,1,2,0,0,0,1
2025 Spring,CJ,5720,Seminar in Managing LE Image,043266,"White,Kenneth D",B2,22102,Continuing & Prof Studies,4.00,21,16,5,0,0,0,0,0,0,0,0
2025 Spring,MATH,1210,A survey of Calculus I,022944,"James,Daniel",700,14287,College & Graduate Arts & Sci,3.13,30,3,6,4,5,3,1,2,3,2,1
2025 Spring,COMM,3120,Intermediate Accounting II,006462,"Winchel,Jennifer",001,17538,McIntire School of Commerce,3.67,58,1,32,8,6,7,3,1,0,0,0
2025 Spring,LAW,7636,Monument Litigation (SC),040074,"Heytens,Toby",1,18855,School of Law,3.61,14,0,2,8,3,1,0,0,0,0,0
2025 Spring,LNGS,3260,Intro Comp-Historical Lings,022531,"Elson,Mark",001,13022,College & Graduate Arts & Sci,3.77,10,0,6,2,1,1,0,0,0,0,0
2025 Spring,EDIS,3060,Poverty and the Young Child,045749,"Hawkins,Jaime-Duke",500,17224,School of Education and HumanDev,3.76,24,12,9,0,1,0,0,0,0,1,1
2025 Spring,LAW,7087,Sports Law,021751,"Levine,Sarah",1,18884,School of Law,3.42,37,0,8,9,11,5,2,2,0,0,0
2025 Spring,ITAL,1010,Elementary Italian I,020555,"White,Tonya L.",501,19377,College & Graduate Arts & Sci,3.88,53,12,31,5,2,2,0,1,0,0,0
2025 Spring,HIEA,3481,Postwar Japan,047489,"Stolz,Robert",001,20954,College & Graduate Arts & Sci,3.37,28,0,7,8,8,2,1,0,0,1,1
2025 Spring,MAE,3840,Mechanical Engineering Lab,022596,"Forman,Jason",100,15007,Engineering & Applied Science,3.95,84,25,51,4,3,0,1,0,0,0,0
2025 Spring,BIOL,3090,Infectious Disease,003534,"Guler,Jennifer",001,12913,College & Graduate Arts & Sci,3.89,93,24,49,12,6,1,0,1,0,0,0
2025 Spring,LAW,8625,Supreme Crt Litigatn Clin (YR),040085,"Long,Robert",1,18886,School of Law,3.86,12,0,9,1,2,0,0,0,0,0,0
2025 Spring,ENGL,3560,Studies in Mod & Contemp Lit,039235,"Arata,Stephen",002,19944,College & Graduate Arts & Sci,3.74,24,0,14,5,2,2,1,0,0,0,0
2025 Spring,NUIP,2311,Intro to Professional Practice,045254,"Hurst,Ashley",001,17928,School of Nursing,3.91,27,0,19,8,0,0,0,0,0,0,0
2025 Spring,CS,3240,Software Engineering,006903,"Stone,Derrick",002,15644,Engineering & Applied Science,3.83,146,1,102,30,6,2,3,1,0,0,1
2025 Spring,EGMT,1520,Empirical Engagement,044513,"Zaccagnini,Michele",221,14190,College & Graduate Arts & Sci,3.82,36,1,29,3,0,1,0,1,0,0,1
2025 Spring,EDIS,3040,Foundations of Early Child Edu,042221,"Neesen,Kathy",500,17302,School of Education and HumanDev,3.81,24,9,10,2,0,2,0,0,1,0,0
2025 Spring,EGMT,1540,Ethical Engagement,044515,"Donahue-Ochoa,Tom",116,13420,College & Graduate Arts & Sci,3.91,14,4,9,0,0,0,1,0,0,0,0
2025 Spring,MDST,2559,New Course: MDST,039188,"Coleman,Robin Means",001,20109,College & Graduate Arts & Sci,3.74,14,2,7,2,1,1,1,0,0,0,0
2025 Spring,COMM,4821,Managing Sustainable Dev,006701,"White,Mark",001,17581,McIntire School of Commerce,3.71,15,0,8,2,4,1,0,0,0,0,0
2025 Spring,NUIP,2250,Principles of Nutrition,029444,"Bayliss,Angie Hasemann",001,17854,School of Nursing,3.97,27,0,24,3,0,0,0,0,0,0,0
2025 Spring,BME,2102,Physiology II,004060,"Christ,George",001,15647,Engineering & Applied Science,3.78,22,7,6,5,2,2,0,0,0,0,0
2025 Spring,STS,4600,Engr Ethcs Prof Responsibility,036750,"Murray,Sean",028,20394,Engineering & Applied Science,3.96,16,0,14,2,0,0,0,0,0,0,0
2025 Spring,LAW,7109,Contemp Housing Policy Debates,041679,"O'Neill,Moira",1,18844,School of Law,3.44,25,0,4,8,7,4,2,0,0,0,0
2025 Spring,CJ,5495,CI: Executive Decision Making,047240,"Yansick,Michael",A1,21393,Continuing & Prof Studies,4.00,21,2,19,0,0,0,0,0,0,0,0
2025 Spring,GCNL,5130,Adults w/Common Health Probs,015374,"Burchfield,Caitlin",100,17802,School of Nursing,3.95,39,0,33,6,0,0,0,0,0,0,0
2025 Spring,CJ,5720,Seminar in Managing LE Image,043266,"Pennybacker,Gail Lyn",B3,22126,Continuing & Prof Studies,4.00,21,18,3,0,0,0,0,0,0,0,0
2025 Spring,HIAF,3559,New Course: HIAF,039224,"Fleur,James La",001,19187,College & Graduate Arts & Sci,3.95,19,6,10,3,0,0,0,0,0,0,0
2025 Spring,STAT,3080,From Data to Knowledge,040829,"Brown,Taylor",002,13539,College & Graduate Arts & Sci,3.74,59,0,39,12,2,4,0,0,0,1,1
2025 Spring,LAW,9296,Econ Tools of Natl Security,044738,"Deeks,Ashley",1,18866,School of Law,3.58,16,0,4,5,6,1,0,0,0,0,0
2025 Spring,LAW,9175,Theor/Prac of Biodiv Consrvatn,041893,"Szeptycki,Leon",1,18869,School of Law,3.52,6,0,0,4,1,1,0,0,0,0,0
2025 Spring,LAW,7764,Pract. Persp. on Policing (SC),044343,"Longo,Timothy",1,18919,School of Law,3.48,12,0,1,6,2,3,0,0,0,0,0
2025 Spring,CJ,5495,CI: Executive Decision Making,047240,"Yansick,Michael",B1,21413,Continuing & Prof Studies,4.00,19,3,16,0,0,0,0,0,0,0,0
2025 Spring,ENWR,1510,Writing and Critical Inquiry,013432,"Carter,Tyler",002,11005,College & Graduate Arts & Sci,3.89,18,0,13,4,1,0,0,0,0,0,0
2025 Spring,CS,3205,HCI in Software Development,006898,"Heo,Seongkook",001,15473,Engineering & Applied Science,3.91,97,0,73,23,0,0,0,0,1,0,0
2025 Spring,PLIR,4410,Pol Econ of For Direct Invest,039534,"Pandya,Sonal",001,19352,College & Graduate Arts & Sci,3.01,13,0,2,4,2,1,1,1,0,1,1
2025 Spring,PHIL,3320,Epistemology,030128,"Langsam,Harold",001,20601,College & Graduate Arts & Sci,3.17,24,0,3,5,7,5,2,0,1,0,1
2025 Spring,ARTS,2710,Intro to Water-Based Painting,002881,"Chan,Amy",001,10570,College & Graduate Arts & Sci,3.94,14,0,11,3,0,0,0,0,0,0,0
2025 Spring,ENWR,1506,Writing & Critical Inquiry S2,013429,"Kostelnik,Kate",006,12392,College & Graduate Arts & Sci,3.60,14,0,7,3,2,0,1,0,1,0,0
2025 Spring,KINE,5440,Exercise Physiology Laboratory,009220,"Weltman,Arthur",001,16876,School of Education and HumanDev,3.73,9,2,3,1,3,0,0,0,0,0,0
2025 Spring,EDIS,6740,Diagnosis & Remediation II,009476,"Hall,Colby Shepard",503,20056,School of Education and HumanDev,3.90,12,0,8,4,0,0,0,0,0,0,0
2025 Spring,KINE,2200,Motor Development,009121,"Block,Martin",001,16874,School of Education and HumanDev,3.97,199,132,52,12,2,1,0,0,0,0,0
2025 Spring,MAE,6592,Spec Topcs in Mech & Aero Engr,022685,"Alfonte,David",003,19677,Engineering & Applied Science,3.71,12,0,3,7,2,0,0,0,0,0,0
2025 Spring,ENWR,1506,Writing & Critical Inquiry S2,013429,"Natishan,Kate",007,12939,College & Graduate Arts & Sci,3.72,13,4,4,1,2,2,0,0,0,0,0
2025 Spring,ENGL,3002,History of Lit in English II,011977,"Stauffer,Andrew",100,13554,College & Graduate Arts & Sci,3.54,154,0,71,26,18,25,6,3,2,2,1
2025 Spring,NUCO,4440,Trends/Issues Clin Nrsg Pract,042286,"Evans,Emily",001,17927,School of Nursing,3.84,19,2,13,1,2,0,1,0,0,0,0
2025 Spring,GCOM,7440,Advanced Corporate Tax,015409,"Seidman,Jeri",001,17590,McIntire School of Commerce,3.71,8,1,2,3,2,0,0,0,0,0,0
2025 Spring,LPPP,5500,Short Course Topics,042124,"Johannessen,Peter",004,21070,Batten Leadership & Public Pol,3.87,7,0,4,3,0,0,0,0,0,0,0
2025 Spring,COMM,4710,Intermediate Investments,006538,"Dennis,Patrick",001,17584,McIntire School of Commerce,3.45,26,0,10,5,3,3,2,3,0,0,0
2025 Spring,EGMT,1520,Empirical Engagement,044513,"Zaccagnini,Michele",223,14192,College & Graduate Arts & Sci,3.96,35,1,31,2,1,0,0,0,0,0,0
2025 Spring,NUIP,2070,Human Physiology & Anatomy II,042611,"Connelly,Christine",100,17833,School of Nursing,3.56,82,20,29,13,3,2,3,6,3,2,1
2025 Spring,ENGR,1020,Engineering Foundations 2,046986,"Tian,Jianghong",006,16219,Engineering & Applied Science,3.93,38,0,35,1,0,1,1,0,0,0,0
2025 Spring,HHE,5701,Bioethics Intern - Clin Ethics,045665,"Marshall,Mary Faith",001,18582,Medical School - BIMS/PHS,4.00,20,4,16,0,0,0,0,0,0,0,0
2025 Spring,LAW,6104,Evidence,021648,"Brown,Darryl",3,21106,School of Law,3.44,51,1,6,9,31,3,1,0,0,0,0
2025 Spring,EDIS,3020,The Exceptional Learner,009391,"Collins,Lauren Wingfield",505,21640,School of Education and HumanDev,3.96,23,4,18,0,0,1,0,0,0,0,0
2025 Spring,EDIS,3020,The Exceptional Learner,009391,"Ruhlman,Bethany",503,17391,School of Education and HumanDev,3.89,30,15,12,1,0,1,0,0,1,0,0
2025 Spring,PSPM,5290,Agile Project Management,043656,"Zucker,Alan",701,20209,Continuing & Prof Studies,3.18,11,0,1,4,4,1,0,0,0,0,1
2025 Spring,ENCW,4810,Advanced Fiction Writing I,013491,"Alison,Jane",001,20494,College & Graduate Arts & Sci,3.95,13,0,11,2,0,0,0,0,0,0,0
2025 Spring,EDLF,7812,Ldshp for Continuous Improve,042238,"Spicer,David Eddy",500,17264,School of Education and HumanDev,3.85,15,1,8,5,1,0,0,0,0,0,0
2025 Spring,CHIN,3010,Pre-Advanced Chinese I,006059,"Yue,Ying",001,19052,College & Graduate Arts & Sci,3.40,11,0,4,4,2,0,0,0,0,0,1
2025 Spring,LAW,7069,International Sales Law,021678,"Walt,Steven",1,18818,School of Law,3.36,9,0,1,1,5,2,0,0,0,0,0
2025 Spring,STAT,4160,Experimental Design,044445,"Ferrara,Maria",001,19741,College & Graduate Arts & Sci,3.67,59,5,23,15,6,8,2,0,0,0,0
2025 Spring,LAW,7640,Jewish Law Jurisprudence (SC),040170,"Porat,Benjamin",1,18027,School of Law,3.53,12,1,2,4,2,2,1,0,0,0,0
2025 Spring,LAW,9053,Hallmks of Distinguished Advoc,021945,"Shadel,Molly",1,18859,School of Law,3.53,12,0,0,7,5,0,0,0,0,0,0
2025 Spring,CJ,5710,Conflict Res for Law Enf Execs,040130,"Craig,Amy L",B1,21423,Continuing & Prof Studies,4.00,24,11,13,0,0,0,0,0,0,0,0
2025 Spring,ECON,4110,Competitive Strategy,045763,"Moore,Michael",002,12909,College & Graduate Arts & Sci,3.54,59,3,13,15,17,11,0,0,0,0,0
2025 Spring,ENCW,2300,Poetry Writing,013450,"Grimes,Jack",004,19956,College & Graduate Arts & Sci,3.82,14,0,8,5,0,1,0,0,0,0,0
2025 Spring,LAW,9044,"Const, Demcrcy and US History",040072,"Milligan,Joy",1,18820,School of Law,3.74,16,0,2,14,0,0,0,0,0,0,0
2025 Spring,EAST,1010,East Asian Canons and Cultures,007647,"Morse,Canaan",100,18903,College & Graduate Arts & Sci,3.77,60,0,37,12,7,2,1,1,0,0,0
2025 Spring,SPAN,3410,Perspectives on Modern Spain,035909,"Moore,Kelly",001,12496,College & Graduate Arts & Sci,4.00,22,6,16,0,0,0,0,0,0,0,0
2025 Spring,STS,2600,Engineering Ethics,046988,"Groves,James",004,16233,Engineering & Applied Science,3.92,24,0,19,4,1,0,0,0,0,0,0
2025 Spring,PLPT,3050,Survey of Amer Pol Theory,031929,"Savage,James",001,12864,College & Graduate Arts & Sci,3.68,10,0,2,6,2,0,0,0,0,0,0
2025 Spring,PHYS,2040,Princip of Physics 2 Workshop,030812,"Bychkov,Maksim",010,13011,College & Graduate Arts & Sci,4.00,23,13,10,0,0,0,0,0,0,0,0
2025 Spring,COMM,3050,Managerial Decision Making,006457,"Landgraf,Polina",002,17531,McIntire School of Commerce,3.49,33,1,5,11,10,4,2,0,0,0,0
2025 Spring,SPAN,4706,Spanish 20th Century History,039960,"Wellbeloved,Elizabeth A.",501,19464,College & Graduate Arts & Sci,3.80,10,0,7,1,1,1,0,0,0,0,0
2025 Spring,CE,2001,Sustainability Science,047236,"Peterson,Lisa",001,19609,Engineering & Applied Science,3.72,69,3,29,25,7,2,2,0,1,0,0
2025 Spring,LAW,9054,AI and IP,022161,"Duffy,John",1,18826,School of Law,3.51,9,0,2,2,4,1,0,0,0,0,0
2025 Spring,CHEM,5180,Organic Techniques,039277,"Pu,Lin",001,18921,College & Graduate Arts & Sci,3.41,16,1,1,4,7,2,1,0,0,0,0
2025 Spring,ENWR,1510,Writing and Critical Inquiry,013432,"Brown,Lydia",044,13381,College & Graduate Arts & Sci,3.61,18,0,8,3,3,4,0,0,0,0,0
2025 Spring,EDIS,7250,Models&Strategies Tchg Gifted,009712,"Hock,Michelle",500,17290,School of Education and HumanDev,3.65,14,2,6,2,1,1,2,0,0,0,0
2025 Spring,LAW,7501,Spec Topics Short Course (SC),046387,"Gulati,Gaurang",5,18854,School of Law,3.59,14,0,0,10,4,0,0,0,0,0,0
2025 Spring,EDIS,8060,Advanced Instruction Seminar,045989,"Lovette,Gail",500,17456,School of Education and HumanDev,3.91,8,2,5,0,1,0,0,0,0,0,0
2025 Spring,PLAP,4500,Special Topics,031588,"Mackey,Amber",001,13282,College & Graduate Arts & Sci,3.85,15,3,6,5,1,0,0,0,0,0,0
2025 Spring,PHYS,2040,Princip of Physics 2 Workshop,030812,"Bychkov,Maksim",016,14554,College & Graduate Arts & Sci,3.89,26,1,21,2,0,1,1,0,0,0,0
2025 Spring,MAE,4800,AE Design II,047357,"Goyne,Chris",001,19670,Engineering & Applied Science,3.94,80,68,8,0,0,2,2,0,0,0,0
2025 Spring,LAW,7501,Spec Topics Short Course (SC),046387,"Chan,Sau Wai Cora",4,18853,School of Law,3.38,6,0,0,2,3,1,0,0,0,0,0
2025 Spring,LASE,2510,Topics in the Liberal Arts,046450,"Mueller,Justin",002,14516,College & Graduate Arts & Sci,3.88,20,2,12,5,0,1,0,0,0,0,0
2025 Spring,MDST,3504,Topics in Global Media,042990,"Goin,Keara",003,12946,College & Graduate Arts & Sci,3.90,30,0,27,1,0,1,0,1,0,0,0
2025 Spring,MAE,7530,Independent Study: Adv Level,022713,"Goyne,Chris",003,21076,Engineering & Applied Science,3.68,12,3,3,4,1,0,0,0,1,0,0
2025 Spring,COMM,3200,Project & Product Management,006498,"Schuff,David",002,17564,McIntire School of Commerce,3.59,38,0,11,13,9,4,1,0,0,0,0
2025 Spring,EDIS,4320,Teaching Mathematics Elem,046127,"Bosch,Emily",001,17144,School of Education and HumanDev,3.92,25,0,21,3,0,1,0,0,0,0,0
2025 Spring,EDIS,4310,Differenting Reading Instruct,046126,"Hayes,Latisha",001,17145,School of Education and HumanDev,3.96,25,3,20,1,1,0,0,0,0,0,0
2025 Spring,EDIS,4350,Interaction with Intention,045392,"Turnbull,Khara",500,17146,School of Education and HumanDev,3.78,24,14,5,2,0,2,0,0,0,0,1
2025 Spring,EDLF,3896,Front Lines of Social ChangeII,046350,"Nichols,Taylor",001,17155,School of Education and HumanDev,3.97,11,1,9,1,0,0,0,0,0,0,0
2025 Spring,ARCH,3260,Building Matters,001532,"McDowell,Seth",001,10523,School of Architecture,3.64,75,7,22,25,10,7,3,1,0,0,0
2025 Spring,CS,4710,Artificial Intelligence,006916,"Kuo,Yen-Ling",002,16255,Engineering & Applied Science,3.68,66,19,25,8,5,3,2,2,0,1,1
2025 Spring,COMM,3420,Commercial Law II,006471,"Moore,Sherri",002,17582,McIntire School of Commerce,3.50,74,0,17,31,11,7,3,3,1,1,0
2025 Spring,BIOC,8131,Colloquium,003291,"Smith,Jeffrey",001,18408,Medical School - BIMS/PHS,3.99,20,6,13,1,0,0,0,0,0,0,0
2025 Spring,MAE,6310,Fluid Mechanics I,022661,"Quinn,Daniel",600,21012,Engineering & Applied Science,3.26,5,0,3,0,0,1,0,0,0,0,1
2025 Spring,COMM,3410,Commercial Law I,006470,"Moore,Sherri",002,17541,McIntire School of Commerce,3.41,207,0,52,74,28,20,15,5,5,3,5
2025 Spring,EDIS,5601,Tchg Social Stds in Sec Sch II,009469,"Boyle,Dean",001,16771,School of Education and HumanDev,3.87,15,0,12,1,1,1,0,0,0,0,0
2025 Spring,SPAN,4711,1492 and the Aftermath,035930,"Opere,Fernando",001,18916,College & Graduate Arts & Sci,3.94,10,0,8,2,0,0,0,0,0,0,0
2025 Spring,SYS,6007,Human Factors I,044552,"Bolton,Matthew",600,15786,Engineering & Applied Science,3.62,31,0,14,8,2,5,1,1,0,0,0
2025 Spring,HIST,2559,New Course: HIST,039301,"Rossman,Jeffrey",100,19136,College & Graduate Arts & Sci,3.46,57,10,14,13,4,10,3,0,1,0,2
2025 Spring,RELC,2850,Kingdom of God,044068,"Marsh,Charles",001,19266,College & Graduate Arts & Sci,3.95,30,1,24,5,0,0,0,0,0,0,0
2025 Spring,EGMT,1520,Empirical Engagement,044513,"Guler,Ali",210,14184,College & Graduate Arts & Sci,3.97,35,11,20,4,0,0,0,0,0,0,0
2025 Spring,ECON,3720,Introduction to Econometrics,007939,"Fisher,Jack",301,19697,College & Graduate Arts & Sci,2.82,42,0,6,8,4,3,8,5,3,1,4
2025 Spring,PLCP,4652,"Markets, Equity & Development",040886,"Echeverri-Gent,John",001,13290,College & Graduate Arts & Sci,3.25,11,0,1,6,2,1,0,0,0,0,1
2025 Spring,PHYS,3040,Physics of the Human Body,030852,"Yoon,Jongsoo",001,10850,College & Graduate Arts & Sci,3.71,17,8,3,2,1,1,2,0,0,0,0
2025 Spring,EGMT,1520,Empirical Engagement,044513,"Maloni,Sara",119,19531,College & Graduate Arts & Sci,3.94,36,31,2,2,0,0,0,1,0,0,0
2025 Spring,ENGL,3560,Studies in Mod & Contemp Lit,039235,"Edmundson,Mark",001,19919,College & Graduate Arts & Sci,3.85,21,0,14,5,1,1,0,0,0,0,0
2025 Spring,ENGL,4500,Seminar in English Literature,045452,"Wall,Cynthia",002,19926,College & Graduate Arts & Sci,3.60,10,0,3,3,3,1,0,0,0,0,0
2025 Spring,EDIS,3020,The Exceptional Learner,009391,"Hua,Youjia",502,17303,School of Education and HumanDev,3.61,30,8,12,2,3,3,0,0,1,0,1
2025 Spring,ECON,1100,Global Macroeconomic Issues,047484,"Burton,Edwin",001,20870,College & Graduate Arts & Sci,3.85,13,3,6,3,0,1,0,0,0,0,0
2025 Spring,SYS,6582,Selected Topics in Sys Engr,036979,"Agrawal,Abhi",700,20816,Engineering & Applied Science,3.45,17,4,6,0,2,1,1,1,2,0,0
2025 Spring,ITAL,2010,Intermediate Italian I,020567,"White,Tonya L.",501,19380,College & Graduate Arts & Sci,3.75,16,1,12,0,0,2,0,0,1,0,0
2025 Spring,MATH,1220,A Survey of Calculus II,022945,"Kurtz,Brianna A.",500,10747,College & Graduate Arts & Sci,3.21,30,1,12,5,1,2,3,1,2,0,3
2025 Spring,ARAB,1020,Elementary Arabic II,001280,"Maanaki,Bilal",001,10562,College & Graduate Arts & Sci,3.65,14,0,4,6,3,1,0,0,0,0,0
2025 Spring,EGMT,1540,Ethical Engagement,044515,"Hendrickson,Caleb",205,12314,College & Graduate Arts & Sci,3.87,36,0,34,0,1,0,0,0,0,0,1
2025 Spring,EGMT,1510,Engaging Aesthetics,044512,"Stec,Justin",224,14170,College & Graduate Arts & Sci,3.98,18,2,15,1,0,0,0,0,0,0,0
2025 Spring,KINE,5432,Human Circulatory Physiology,044862,"Allen,Jason",001,16990,School of Education and HumanDev,3.34,9,0,1,4,2,1,0,0,0,1,0
2025 Spring,PHYS,2020,Principles of Physics 2,030810,"Sundararajan,Jency",005,11655,College & Graduate Arts & Sci,3.35,115,21,28,16,11,13,11,4,4,2,5
2025 Spring,EDIS,5409,Children's Literature,043575,"Schnoor,Diane",500,17239,School of Education and HumanDev,4.00,10,8,2,0,0,0,0,0,0,0,0
2025 Spring,ANTH,2541,Topics in Linguistics,041155,"Wendte,Nathan",001,20497,College & Graduate Arts & Sci,3.59,30,0,17,4,3,3,1,1,0,0,1
2025 Spring,BUS,6000,App'd Wireless Ntwrk Security,041300,"Wojcik,Michael",701,20188,Continuing & Prof Studies,3.20,5,1,3,0,0,0,0,0,0,0,1
2025 Spring,CJ,3145,Navigating Disasters,047939,"Winkler,Kristy Lynn",B2,22104,Continuing & Prof Studies,4.00,11,6,5,0,0,0,0,0,0,0,0
2025 Spring,COMM,3050,Managerial Decision Making,006457,"Ballinger,Gary",007,17536,McIntire School of Commerce,3.61,36,0,11,13,7,4,1,0,0,0,0
2025 Spring,ENGL,3560,Studies in Mod & Contemp Lit,039235,"Ghaly,Adrienne",003,19951,College & Graduate Arts & Sci,3.84,10,0,8,1,0,0,1,0,0,0,0
2025 Spring,GCOM,7870,Foundations of Global Commerce,038183,"Burroughs,James",003,17642,McIntire School of Commerce,3.68,40,0,12,20,7,0,0,0,1,0,0
2025 Spring,ITTR,3670,Contemporary Italian Cinema,045364,"White,Tonya L.",501,19398,College & Graduate Arts & Sci,4.00,16,9,7,0,0,0,0,0,0,0,0
2025 Spring,EDIS,5422,Cross-Cultural Education,043455,"Ford,Karen",500,17241,School of Education and HumanDev,3.97,21,0,19,2,0,0,0,0,0,0,0
2025 Spring,ENWR,3740,Blk Women's Writing & Rhetoric,045906,"Carey,Tamika",001,19724,College & Graduate Arts & Sci,3.68,15,0,5,7,2,0,1,0,0,0,0
2025 Spring,MATH,1140,Financial Mathematics,022937,"Cernekova,Kristina",001,10739,College & Graduate Arts & Sci,2.89,36,3,8,4,3,2,3,2,3,5,3
2025 Spring,CE,4025,VDC Coordination and Control,046268,"Heydarian,Arsalan",001,15922,Engineering & Applied Science,3.98,18,1,16,1,0,0,0,0,0,0,0
2025 Spring,SPAN,3410,Perspectives on Modern Spain,035909,"Fernandez,Jesus Jativa",002,20231,College & Graduate Arts & Sci,3.89,20,9,6,3,2,0,0,0,0,0,0
2025 Spring,PHIL,3500,Seminar in Philosophy,040315,"Payton,Dee",002,19485,College & Graduate Arts & Sci,3.78,27,0,16,6,3,2,0,0,0,0,0
2025 Spring,EGMT,1530,Engaging Differences,044514,"Walsh,Meaghan",101,12300,College & Graduate Arts & Sci,3.79,25,0,23,0,0,0,0,0,1,0,1
2025 Spring,ITAL,1020,Elementary Italian II,020556,"Mattioli,Stella",002,10717,College & Graduate Arts & Sci,4.00,19,10,9,0,0,0,0,0,0,0,0
2025 Spring,NUCO,4310,Mental Health Nursing,043228,"Moore,Lee",001,17868,School of Nursing,3.85,66,0,40,21,5,0,0,0,0,0,0
2025 Spring,PLPT,4060,Politics & Literature,040880,"Balfour,Lawrie",001,19374,College & Graduate Arts & Sci,3.77,15,0,6,7,2,0,0,0,0,0,0
2025 Spring,MAE,6300,Wind Energy,047515,"Loth,Eric",001,20986,Engineering & Applied Science,3.80,6,1,1,4,0,0,0,0,0,0,0
2025 Spring,SOC,2052,Sociology of the Family,035342,"Wilcox,William",100,20151,College & Graduate Arts & Sci,3.79,254,90,82,46,13,15,4,0,2,1,1
2025 Spring,ANTH,5435,Language Documentation,047463,"Dobrin,Lise",001,20853,College & Graduate Arts & Sci,3.79,9,2,3,3,0,1,0,0,0,0,0
2025 Spring,LAW,9042,Corp Social Responsibility Sem,040105,"Butler,Jay",1,18858,School of Law,3.43,21,0,5,2,10,3,1,0,0,0,0
2025 Spring,SPAN,2020,Advanced Intermediate Spanish,035854,"Moguel,Ana Piriz",024,19019,College & Graduate Arts & Sci,3.58,17,0,2,10,3,2,0,0,0,0,0
2025 Spring,CJ,5710,Conflict Res for Law Enf Execs,040130,"Craig,Amy L",A2,21414,Continuing & Prof Studies,4.00,22,6,16,0,0,0,0,0,0,0,0
2025 Spring,EDLF,8315,Causal Inference Ed Pol Rsch,042735,"Miller,Luke",001,16897,School of Education and HumanDev,3.58,11,0,2,5,3,1,0,0,0,0,0
2025 Spring,JAPN,2020,Second-Year Japanese II,020743,"Kawai,Mieko",001,10723,College & Graduate Arts & Sci,3.25,14,0,5,3,0,2,2,1,0,0,1
2025 Spring,ANTH,5590,Social & Cultural Anthropology,037368,"Moriarty,Erin",002,21056,College & Graduate Arts & Sci,3.95,6,2,3,1,0,0,0,0,0,0,0
2025 Spring,HIEA,2011,Hist of Chinese Civilization,018287,"Zhang,Cong",001,19176,College & Graduate Arts & Sci,3.59,28,2,5,14,2,4,0,0,1,0,0
2025 Spring,LAW,7118,Transactional IP Law,042266,"Oliar,Dotan",1,18845,School of Law,3.40,10,0,0,4,4,2,0,0,0,0,0
2025 Spring,CS,4630,Defense Against the Dark Arts,038715,"Reiss,Charles",001,19566,Engineering & Applied Science,2.79,51,3,5,7,5,8,5,2,6,8,2
2025 Spring,EDIS,6800,Creativity and Problem Solving,045849,"Brighton,Catherine",500,17281,School of Education and HumanDev,3.74,14,0,10,2,1,0,0,0,0,1,0
2025 Spring,ENGL,2599,Special Topics,012514,"Brown,Lydia",003,19934,College & Graduate Arts & Sci,3.60,19,2,5,5,3,4,0,0,0,0,0
2025 Spring,ISCP,3991,Capstone Project I,043821,"May,Julia S",101,20084,Continuing & Prof Studies,3.82,19,0,13,4,0,1,1,0,0,0,0
2025 Spring,LAW,9236,Bthcs/Law Intnshp Sem: HP/Admi,043527,"Shepherd,Lois",1,10175,School of Law,3.52,5,0,2,0,2,1,0,0,0,0,0
2025 Spring,PHS,7100,Intro US Hlth Care Pol & Sys,030371,"Wanchek,Tanya",001,18710,Medical School - BIMS/PHS,3.97,22,3,18,0,1,0,0,0,0,0,0
2025 Spring,GBAC,7208,Customer Analytics,045277,"Netemeyer,Richard",001,18741,McIntire Darden Grad Business,3.56,57,0,15,20,10,12,0,0,0,0,0
2025 Spring,DS,2023,Design I: Communicating w Data,047262,"Afriyie,Prince",002,18750,School of Data Science,4.00,38,5,33,0,0,0,0,0,0,0,0
2025 Spring,DS,6002,Ethics of Big Data I,043459,"Cummings,Renee",001,18755,School of Data Science,4.00,43,37,6,0,0,0,0,0,0,0,0
2025 Spring,PSYC,4500,Spec Tops: Psychology,032600,"Avery,Lanice",001,20376,College & Graduate Arts & Sci,3.82,25,5,16,1,1,0,0,2,0,0,0
2025 Spring,GSGS,2400,Mass Migration & Global Devlp,047179,"Vonk,Levi",001,20510,College & Graduate Arts & Sci,3.92,61,0,50,8,2,0,1,0,0,0,0
2025 Spring,EDIS,5140,Instruct & Collab Special Ed,009436,"Aigotti,Susan",500,17273,School of Education and HumanDev,3.92,9,3,5,0,1,0,0,0,0,0,0
2025 Spring,SLTR,3200,Poland: History and Culture,042190,"Tolczyk,Dariusz",001,19552,College & Graduate Arts & Sci,3.91,30,0,21,9,0,0,0,0,0,0,0
2025 Spring,ENGL,2507,Studies in Drama,012489,"Kinney,Clare",001,19931,College & Graduate Arts & Sci,3.56,14,0,5,4,2,1,2,0,0,0,0
2025 Spring,PHYS,2040,Princip of Physics 2 Workshop,030812,"Bychkov,Maksim",005,10844,College & Graduate Arts & Sci,3.91,26,4,17,3,2,0,0,0,0,0,0
2025 Spring,CHEM,4420,Biological Chemistry II,005756,"Nakamoto,Robert K",001,10614,College & Graduate Arts & Sci,3.49,95,4,18,33,20,12,4,2,2,0,0
2025 Spring,GNUR,6056,Health Policy,016935,"Acquaviva,Kimberly",001,17809,School of Nursing,3.99,51,24,26,0,1,0,0,0,0,0,0
2025 Spring,PSYC,3420,The Nature Nurture Debate,044985,"Turkheimer,Eric",001,20373,College & Graduate Arts & Sci,3.15,95,0,40,0,8,27,1,3,7,1,8
2025 Spring,CS,6501,Spec Top: Computer Science,006981,"Qi,Yanjun",017,21062,Engineering & Applied Science,3.92,19,5,10,3,1,0,0,0,0,0,0
2025 Spring,ECE,3502,Special Topics ECE,040914,"Barnes,Adam",003,19579,Engineering & Applied Science,3.88,29,4,17,6,1,1,0,0,0,0,0
2025 Spring,APMA,2130,Ordinary Differentl Equations,001145,"Spencer,Julie",005,14959,Engineering & Applied Science,2.83,32,2,6,4,4,4,2,3,1,1,5
2025 Spring,CJ,3490,Lgl Issues Impact Law Enf Ops,039968,"Chechak,Kevin",B1,22107,Continuing & Prof Studies,3.70,23,1,8,10,1,2,1,0,0,0,0
2025 Spring,EDIS,6990,Professional Capstone,046123,"Paulick,Judith",001,17148,School of Education and HumanDev,4.00,13,10,3,0,0,0,0,0,0,0,0
2025 Spring,DS,3001,Foundations of ML,045203,"Annapareddy,Navya",003,21247,School of Data Science,3.91,46,4,40,1,0,0,0,0,0,0,1
2025 Spring,RELJ,3708,Enduring Questions,046075,"Biemann,Asher",001,19302,College & Graduate Arts & Sci,3.95,12,1,9,2,0,0,0,0,0,0,0
2025 Spring,CJ,3450,Wellness and Fitness in LE,047080,"Van Vorst,John",B2,22094,Continuing & Prof Studies,3.98,50,1,48,0,0,1,0,0,0,0,0
2025 Spring,ENGL,3791,American Cinema,047186,"Chong,Sylvia",001,14509,College & Graduate Arts & Sci,3.70,12,0,6,3,2,0,1,0,0,0,0
2025 Spring,KINE,4000,Practicum in Kinesiology,009122,"Fines,Abby",001,16870,School of Education and HumanDev,4.00,27,5,22,0,0,0,0,0,0,0,0
2025 Spring,LATI,3110,Ovid,021153,"Myers,Karen",001,19308,College & Graduate Arts & Sci,3.76,16,0,9,5,0,1,1,0,0,0,0
2025 Spring,GBAC,7214,Prototyping & Product Dev,045284,"Chao,Raul",001,18744,McIntire Darden Grad Business,3.56,57,1,12,17,24,3,0,0,0,0,0
2025 Spring,ISHU,4165,American Directors,040957,"Moon,Hyeyon",101,20258,Continuing & Prof Studies,3.21,21,0,5,6,5,2,1,0,0,0,2
2025 Spring,SPAN,4705,Spanish Mass Media,039961,"Wellbeloved,Elizabeth A.",501,19463,College & Graduate Arts & Sci,3.71,20,0,10,5,3,1,1,0,0,0,0
2025 Spring,MATH,7830,Fiber Bundles,023241,"Mark,Thomas",001,19856,College & Graduate Arts & Sci,3.28,5,0,2,1,0,0,1,0,1,0,0
2025 Spring,ACCT,3010,Intro Acct I,045930,"Lee,Nammy",701,20088,Continuing & Prof Studies,3.61,17,6,2,3,3,2,0,1,0,0,0
2025 Spring,COMM,4522,Topics in BA,046287,"Kitchens,Brent Michael",001,17602,McIntire School of Commerce,3.73,25,0,13,9,0,2,0,0,1,0,0
2025 Spring,ENCW,2600,Fiction Writing,013455,"Bindley-Taylor,Stefan",003,19966,College & Graduate Arts & Sci,3.83,11,0,6,4,1,0,0,0,0,0,0
2025 Spring,BME,2101,Physiology I for Engineers,004059,"Guilford,William",001,15558,Engineering & Applied Science,3.13,35,3,5,8,1,10,3,0,2,1,2
2025 Spring,EDIS,5012,Mindfulness for Teachers,044537,"Nicholas-Stokes,Pamela",500,17230,School of Education and HumanDev,3.91,15,6,6,2,1,0,0,0,0,0,0
2025 Spring,APMA,1110,Single Variable Calculus II,001140,"McMillan,Matthew",001,14949,Engineering & Applied Science,2.95,32,3,7,4,5,3,1,1,2,1,5
2025 Spring,DRAM,2211,Designing Spaces,047483,"Ma,Yi-Hsuan",0001,21058,College & Graduate Arts & Sci,3.78,16,3,6,5,1,0,1,0,0,0,0
2025 Spring,RELC,3155,Christianity and Ecology,045568,"Wilner,Addison",001,19274,College & Graduate Arts & Sci,3.74,14,0,10,2,0,1,0,0,1,0,0
2025 Spring,SPAN,3410,Perspectives on Modern Spain,035909,"Wellbeloved,Elizabeth A.",501,19456,College & Graduate Arts & Sci,3.77,18,0,4,14,0,0,0,0,0,0,0
2025 Spring,GBAC,7215,Data Analytics III,045288,"Mousavi,Reza",001,18745,McIntire Darden Grad Business,3.75,57,3,17,34,0,0,3,0,0,0,0
2025 Spring,DS,2023,Design I: Communicating w Data,047262,"Kupperman,Natalie",001,18749,School of Data Science,3.92,35,0,28,6,0,1,0,0,0,0,0
2025 Spring,RELB,3180,Nondualism,047492,"Cohen,Tamara",100,20795,College & Graduate Arts & Sci,3.93,13,6,4,3,0,0,0,0,0,0,0
2025 Spring,EDIS,5410,Young Adult Literature,009456,"Johnson,Wintre",500,17240,School of Education and HumanDev,3.97,9,4,4,1,0,0,0,0,0,0,0
2025 Spring,COMM,3040,Strategic Value Creation,006456,"Pentz-Harris,Marcia Lynne",002,17523,McIntire School of Commerce,3.59,33,1,5,15,10,2,0,0,0,0,0
2025 Spring,GNUR,8230,Historical Inquiry,017038,"Tobbell,Dominique",001,17978,School of Nursing,3.84,8,1,6,0,0,0,1,0,0,0,0
2025 Spring,LATI,5559,New Course: LATI,038613,"Hays,Bradford",001,19312,College & Graduate Arts & Sci,3.83,6,0,4,1,1,0,0,0,0,0,0
2025 Spring,SOC,3410,Race and Ethnic Relations,035402,"Buckelew,Rose",001,20965,College & Graduate Arts & Sci,3.47,32,0,14,6,4,4,1,0,2,0,1
2025 Spring,MDST,3559,New Course: MDST,039189,"Little,William",001,18839,College & Graduate Arts & Sci,3.64,29,2,8,10,5,4,0,0,0,0,0
2025 Spring,LAW,7090,Regulatn of Political Process,040076,"Martin,John Joseph",1,18843,School of Law,3.47,34,1,5,8,14,6,0,0,0,0,0
2025 Spring,GNUR,6031,Transition to Adv Practice,016923,"Reyna,Barbara",001,17919,School of Nursing,3.99,21,13,7,1,0,0,0,0,0,0,0
2025 Spring,PHIL,3720,Contemporary Ethics,030137,"Stangl,Rebecca",1,19602,College & Graduate Arts & Sci,3.60,29,0,13,9,4,1,0,1,0,0,1
2025 Spring,NUCO,3610,Maternal/Child Nursing,043226,"Kastello,Jennifer",100,17861,School of Nursing,3.76,42,0,20,16,3,2,1,0,0,0,0
2025 Spring,ENGL,5060,The Sonnet Revised & Revisited,046872,"Kinney,Clare",001,19932,College & Graduate Arts & Sci,3.95,12,0,10,2,0,0,0,0,0,0,0
2025 Spring,PSYC,2410,Abnormal Psychology,032566,"Clerkin,Elise",001,20365,College & Graduate Arts & Sci,3.95,348,249,76,10,5,3,4,0,0,0,1
2025 Spring,FREN,1010,Elementary French I,014273,"Jurado,Anne",001,11671,College & Graduate Arts & Sci,3.90,12,0,8,4,0,0,0,0,0,0,0
2025 Spring,COMM,2010,Intro to Financial Accounting,006440,"Mitchell,Jill",100,17677,McIntire School of Commerce,3.35,61,3,17,17,5,5,4,4,4,1,1
2025 Spring,MATH,1210,A survey of Calculus I,022944,"Turner,Joshua Lenwood",200,13449,College & Graduate Arts & Sci,2.96,31,3,5,6,3,3,3,1,1,2,4
2025 Spring,CS,4501,Spec Top: Computer Science,006942,"Cheng,Zezhou",003,19563,Engineering & Applied Science,3.96,67,4,55,7,1,0,0,0,0,0,0
2025 Spring,ARCH,5500,Special Topics in Architecture,001621,"Cantrell,Lauren",001,19520,School of Architecture,3.72,6,1,2,1,2,0,0,0,0,0,0
2025 Spring,CS,4501,Spec Top: Computer Science,006942,"Nekipelov,Denis",004,19564,Engineering & Applied Science,3.56,38,0,7,24,4,0,1,0,1,0,1
2025 Spring,CJ,5610,Constitutional Law & Policing,039972,"Chechak,Kevin",B1,22113,Continuing & Prof Studies,3.80,17,1,6,9,1,0,0,0,0,0,0
2025 Spring,SPAN,2010,Intermediate Spanish,035853,"Colon,Daniel",012,19012,College & Graduate Arts & Sci,3.63,14,0,4,6,2,2,0,0,0,0,0
2025 Spring,CHIN,1020,Elementary Chinese,006048,"Gao,Ying",003,10625,College & Graduate Arts & Sci,3.40,15,0,11,1,1,0,0,0,0,0,2
2025 Spring,IT,3110,Networking Fundamentals,046644,"Malave,Laura",701,20194,Continuing & Prof Studies,2.98,16,0,7,2,2,1,0,0,1,0,3
2025 Spring,PSYC,3006,Res Methods & Data Analysis II,032540,"Schmidt,Karen M",200,21229,College & Graduate Arts & Sci,3.62,47,2,12,22,5,2,3,1,0,0,0
2025 Spring,RELB,3000,Buddhist Mysticism & Modernity,033844,"Germano,David",100,19260,College & Graduate Arts & Sci,3.91,20,4,10,6,0,0,0,0,0,0,0
2025 Spring,PHYS,1429,Intro Physics 1 Workshop,031036,"Bychkov,Maksim",002,10821,College & Graduate Arts & Sci,3.96,25,6,16,3,0,0,0,0,0,0,0
2025 Spring,HIUS,7621,Topics in US Gender History,043511,"Varon,Elizabeth",001,19168,College & Graduate Arts & Sci,3.90,6,0,4,2,0,0,0,0,0,0,0
2025 Spring,MATH,3354,Survey of Algebra,023084,"Qi,You",002,10771,College & Graduate Arts & Sci,3.41,33,1,15,2,6,4,2,0,2,0,1
2025 Spring,MESA,2110,Intro to ME / SA Film History,044419,"Sunya,Samhita",001,20957,College & Graduate Arts & Sci,3.99,28,3,24,1,0,0,0,0,0,0,0
2025 Spring,PSED,1070,Financial Capability,046785,"Jamison,Carrie Lynn",D550,21003,Continuing & Prof Studies,3.76,14,3,4,4,3,0,0,0,0,0,0
2025 Spring,HIEU,2721,"Supernatural Europe, 1500-1800",043756,"Lambert,Erin",100,19151,College & Graduate Arts & Sci,3.70,58,0,23,26,5,3,0,0,0,0,1
2025 Spring,BME,6005,Research Fund for Biomed Eng,047338,"Griffin,Donald",001,20506,Engineering & Applied Science,3.97,23,0,21,2,0,0,0,0,0,0,0
2025 Spring,CHEM,1421,Intro College Chemistry II Lab,005994,"Morkowchuk,Lisa",006,11670,College & Graduate Arts & Sci,3.76,24,14,2,5,1,0,1,0,0,1,0
2025 Spring,GSGS,2400,Mass Migration & Global Devlp,047179,"Vonk,Levi",002,20949,College & Graduate Arts & Sci,3.93,59,3,48,7,0,0,0,0,1,0,0
2025 Spring,EGMT,1510,Engaging Aesthetics,044512,"O'Donoghue,Meghan",207,19545,College & Graduate Arts & Sci,4.00,12,3,9,0,0,0,0,0,0,0,0
2025 Spring,ECE,6502,Spec Top:Elect & Computer Engr,007732,"Shukla,Nikhil",005,19584,Engineering & Applied Science,3.41,19,8,1,1,3,0,4,1,1,0,0
2025 Spring,HIEU,3501,Introductory History Workshop,046290,"Halliday,Paul",002,19761,College & Graduate Arts & Sci,3.30,17,0,6,5,2,2,0,0,0,0,2
2025 Spring,ENCW,2300,Poetry Writing,013450,"Shearon,Nicole",010,21065,College & Graduate Arts & Sci,3.64,12,0,9,1,0,0,0,1,0,1,0
2025 Spring,MAE,6592,Spec Topcs in Mech & Aero Engr,022685,"Lagor,Frank",006,21067,Engineering & Applied Science,3.86,7,1,4,1,1,0,0,0,0,0,0
2025 Spring,PHS,7001,Intro to Biostatistics II,030392,"Chernyavskiy,Pavel",001,18546,Medical School - BIMS/PHS,3.96,20,0,17,3,0,0,0,0,0,0,0
2025 Spring,CS,6888,Software Analysis,045682,"Dwyer,Matthew",001,15949,Engineering & Applied Science,3.83,27,15,5,4,1,0,2,0,0,0,0
2025 Spring,ENGL,2599,Special Topics,012514,"Barman,Shalmi",006,20026,College & Graduate Arts & Sci,3.63,15,0,11,2,0,1,0,0,0,0,1
2025 Spring,CE,6015,Project Management,046363,"Pennetti,Cody",001,15946,Engineering & Applied Science,3.81,13,5,2,5,0,1,0,0,0,0,0
2025 Spring,CE,6015,Project Management,046363,"Pennetti,Cody",600,15947,Engineering & Applied Science,3.82,17,0,13,2,1,0,0,1,0,0,0
2025 Spring,EDIS,5176,Contemporary Issues Special Ed,047516,"Allison,Dr. Rinyka",500,20994,School of Education and HumanDev,3.34,7,0,2,2,1,1,0,0,0,1,0
2025 Spring,CE,6500,Special Topics in CE,004607,"Heydarian,Arsalan",004,20514,Engineering & Applied Science,4.00,9,2,7,0,0,0,0,0,0,0,0
2025 Spring,PHYS,2419,Intro Physics 2 Workshop,031079,"Bychkov,Maksim",002,11606,College & Graduate Arts & Sci,3.94,21,5,13,2,1,0,0,0,0,0,0
2025 Spring,MATH,1140,Financial Mathematics,022937,"Cernekova,Kristina",004,14610,College & Graduate Arts & Sci,3.46,33,4,9,6,5,3,3,1,2,0,0
2025 Spring,NESC,3450,Molecules to Minds,047491,"Lewis,Gwendolyn",101,20830,College & Graduate Arts & Sci,3.61,17,2,8,2,2,1,0,1,1,0,0
2025 Spring,LPPP,5500,Short Course Topics,042124,"Sturm,Russell Whitney",008,21074,Batten Leadership & Public Pol,3.67,7,0,2,3,2,0,0,0,0,0,0
2025 Spring,DRAM,2020,Acting I,007200,"Dabney,Karen",006,19665,College & Graduate Arts & Sci,3.98,14,2,11,1,0,0,0,0,0,0,0
2025 Spring,MSE,3101,Materials Sci Investigations,024407,"Ihlefeld,Jon",001,15019,Engineering & Applied Science,3.70,13,1,6,3,1,1,1,0,0,0,0
2025 Spring,ENWR,2800,Public Speaking,045101,"donovan,devin",001,12255,College & Graduate Arts & Sci,3.96,16,0,14,2,0,0,0,0,0,0,0
2025 Spring,MUSI,3040,20th and 21st Century Music,040440,"Conlee,Jade",001,20291,College & Graduate Arts & Sci,3.71,22,4,15,1,0,0,0,0,1,0,1
2025 Spring,ECON,4720,Econometric Methods,007983,"Kosenkova,Lidia",090,19702,College & Graduate Arts & Sci,3.73,11,1,5,2,2,1,0,0,0,0,0
2025 Spring,CHEM,1420,Intro College Chemistry II,005650,"Welch,Kevin",200,10602,College & Graduate Arts & Sci,3.26,335,6,69,69,70,49,25,19,14,7,7
2025 Spring,CE,2100,Intro Environmental Engr,004432,"Culver,Teresa",001,14968,Engineering & Applied Science,3.12,44,2,12,6,6,7,1,2,4,1,3
2025 Spring,MUSI,3374,Composing Mixtapes,045404,"Carson,A.D.",100,19775,College & Graduate Arts & Sci,3.96,16,13,2,0,1,0,0,0,0,0,0
2025 Spring,COMM,2730,Personal Finance,006451,"Kelly,Dorothy",001,17521,McIntire School of Commerce,3.94,47,0,43,2,1,0,1,0,0,0,0
2025 Spring,ECON,4559,New Course: ECON,038667,"Frailey,Anderson",001,20944,College & Graduate Arts & Sci,3.88,13,1,8,3,1,0,0,0,0,0,0
2025 Spring,PHYS,2040,Princip of Physics 2 Workshop,030812,"Bychkov,Maxim Aleksandrovich",023,21219,College & Graduate Arts & Sci,3.88,24,8,12,1,2,0,1,0,0,0,0
2025 Spring,PLAP,3270,Public Opinion and Am Dem,031557,"Winter,Nicholas",100,19036,College & Graduate Arts & Sci,3.68,176,49,76,18,8,11,3,3,3,0,5
2025 Spring,RELC,3006,Augustine's City of God,039557,"Mathewes,Charles",001,19267,College & Graduate Arts & Sci,3.66,18,0,4,10,3,1,0,0,0,0,0
2025 Spring,EGMT,1520,Empirical Engagement,044513,"Simkins,Lauren",109,13050,College & Graduate Arts & Sci,3.88,30,10,16,3,0,0,0,0,0,0,1
2025 Spring,ENGL,2599,Special Topics,012514,"Watts,Courtney",002,19930,College & Graduate Arts & Sci,3.71,19,2,12,3,1,0,0,0,0,0,1
2025 Spring,ASL,3410,Contemporary Disability Theory,045145,"Krentz,Christopher",001,19849,College & Graduate Arts & Sci,3.43,12,0,1,5,4,0,2,0,0,0,0
2025 Spring,EGMT,1530,Engaging Differences,044514,"Edwards,Brandon",109,13053,College & Graduate Arts & Sci,3.89,20,2,12,5,1,0,0,0,0,0,0
2025 Spring,EVSC,2050,Introduction to Oceanography,013897,"Macko,Stephen",001,10661,College & Graduate Arts & Sci,3.48,54,0,38,0,0,10,0,0,2,0,4
2025 Spring,SARC,5555,Visualization Elective,042230,"Lorenz,Esther",001,21990,School of Architecture,3.91,13,1,8,4,0,0,0,0,0,0,0
2025 Spring,HIUS,2053,American Slavery,044872,"Edwards,Justene Hill",100,19162,College & Graduate Arts & Sci,3.37,26,0,6,8,7,0,4,0,0,0,1
2025 Spring,CJ,3710,Conflict Resolution for Law En,006194,"Craig,Amy L",B1,21416,Continuing & Prof Studies,4.00,13,6,7,0,0,0,0,0,0,0,0
2025 Spring,ENGL,2502,Masterpieces of English Lit,012478,"Cozzio,Viola",003,20886,College & Graduate Arts & Sci,3.74,18,1,4,12,0,1,0,0,0,0,0
2025 Spring,PLAN,3030,"Neighborhoods, Comm & Regions",031279,"LAWRENCE,JENNIFER",001,18772,School of Architecture,3.89,62,13,35,9,3,2,0,0,0,0,0
2025 Spring,EVSC,4559,New Course: EVSC,039169,"Lerdau,Manuel T",001,21209,College & Graduate Arts & Sci,3.71,18,0,13,2,1,0,0,1,0,1,0
2025 Spring,CJ,5140,National Sec & Intel for LE,045809,"Vasi,Sal",A2,21403,Continuing & Prof Studies,3.81,14,12,0,0,1,0,0,0,1,0,0
2025 Spring,PHIL,3710,Ethics,030136,"Brewer,Talbot",1,19601,College & Graduate Arts & Sci,3.67,30,0,11,10,7,2,0,0,0,0,0
2025 Spring,EBUS,4580,Special Topics Engrng Enrepren,045236,"Garland,Doug",001,20941,Engineering & Applied Science,3.58,10,0,2,5,2,0,1,0,0,0,0
2025 Spring,BIOL,3000,Cell Biology,003525,"Kozminski,Keith",100,10593,College & Graduate Arts & Sci,2.43,227,1,19,10,16,67,10,22,39,4,39
2025 Spring,ENWR,1510,Writing and Critical Inquiry,013432,"Driver,Keith",010,11010,College & Graduate Arts & Sci,3.87,18,0,16,0,0,1,1,0,0,0,0
2025 Spring,NUCO,4710,Team-Based Care Synthesis,043230,"Bragg,Sharon",002,18007,School of Nursing,3.84,49,0,30,15,3,1,0,0,0,0,0
2025 Spring,ENGR,1020,Engineering Foundations 2,046986,"Dufalla,Nicole",020,20501,Engineering & Applied Science,3.80,21,0,13,4,3,1,0,0,0,0,0
2025 Spring,BME,2104,Cell & Molecular for Engineers,004061,"Abebayehu,Daniel",001,15044,Engineering & Applied Science,3.79,71,0,33,33,1,4,0,0,0,0,0
2025 Spring,ISLS,3000,Transformations: Liberal Arts,044252,"Horton,David",102,21098,Continuing & Prof Studies,3.32,22,2,12,3,0,2,0,0,0,0,3
2025 Spring,ECE,6750,Digital Signal Processing,042967,"Fletcher,Tom",600,21022,Engineering & Applied Science,3.34,5,1,2,0,0,1,0,0,0,1,0
2025 Spring,LAW,9263,Government Contract Law,044206,"Mullen,Kevin Patrick",1,19172,School of Law,3.38,17,0,2,5,6,1,3,0,0,0,0
2025 Spring,LATI,5300,Latin Survey,043146,"Miller,John",001,19311,College & Graduate Arts & Sci,3.75,8,0,6,0,0,2,0,0,0,0,0
2025 Spring,PSLP,5500,Contemp Issues in Leadership,047810,"McClellan,Sara E.",701,21231,Continuing & Prof Studies,3.62,5,0,1,3,0,1,0,0,0,0,0
2025 Spring,ANTH,3344,Anthropology and Anarchy,047478,"Sicoli,Mark",001,20808,College & Graduate Arts & Sci,3.82,11,2,7,0,1,0,1,0,0,0,0
2025 Spring,DS,5002,How to Train your LLM,047503,"Kropko,Jonathan",001,20861,School of Data Science,3.89,24,14,5,3,1,1,0,0,0,0,0
2025 Spring,ENWR,1510,Writing and Critical Inquiry,013432,"Barman,Shalmi",053,12257,College & Graduate Arts & Sci,3.87,18,0,14,2,1,1,0,0,0,0,0
2025 Spring,USEM,1570,University Seminar,037196,"Schmidt,Rebecca",002,20299,Executive VP & Provost,4.00,17,13,4,0,0,0,0,0,0,0,0
2025 Spring,MATH,1310,Calculus I,022953,"Wang,Xiaojing",600,19863,College & Graduate Arts & Sci,3.12,14,4,2,1,2,0,0,0,3,2,0
2025 Spring,SPAN,4710,Latin Amer Cult & Civilization,035933,"Opere,Fernando",001,20018,College & Graduate Arts & Sci,3.65,14,0,5,5,2,2,0,0,0,0,0
2025 Spring,ENGL,5190,The Bible,047521,"Cushman,Stephen",001,20999,College & Graduate Arts & Sci,3.56,12,0,9,1,0,1,0,0,0,0,1
2025 Spring,ENGL,5500,Special Topics in English Lit.,047520,"Edmundson,Mark",001,21000,College & Graduate Arts & Sci,3.95,12,1,9,2,0,0,0,0,0,0,0
2025 Spring,GBAC,7212,Databases & Data Mgmt,045282,"Maurer,Chris",001,18743,McIntire Darden Grad Business,3.58,57,0,11,26,14,5,1,0,0,0,0
2025 Spring,MSE,2090,Intro to Materials Science,024402,"McDonnell,Stephen",002,15017,Engineering & Applied Science,3.18,43,3,7,7,9,5,5,1,4,0,2
2025 Spring,CS,4414,Operating Systems,006914,"Lin,Felix",001,14983,Engineering & Applied Science,3.76,41,1,28,8,0,2,1,0,0,0,1
2025 Spring,SOC,4430,"Love, Sex and Sociology",044163,"Press,Andrea",001,20187,College & Graduate Arts & Sci,3.74,20,0,8,10,0,1,1,0,0,0,0
2025 Spring,GNUR,6027,Adv Pharm Specialty Sem,046407,"Brick,Jamie",001,17957,School of Nursing,3.97,20,4,14,2,0,0,0,0,0,0,0
2025 Spring,EDHS,2250,Stress and Anxiety Management,044538,"Knape,Erin Oakley",501,21276,School of Education and HumanDev,3.81,28,12,7,4,4,0,1,0,0,0,0
2025 Spring,MAE,6300,Wind Energy,047515,"Loth,Eric",600,20987,Engineering & Applied Science,3.56,5,0,1,3,0,0,1,0,0,0,0
2025 Spring,GETR,3470,Writing & Screening Holocaust,015950,"Zuerner,Chrisann Victoria",001,21182,College & Graduate Arts & Sci,3.92,24,0,22,0,1,0,1,0,0,0,0
2025 Spring,GNUR,6054,Rsch & Biostats Proc Hlth Care,016931,"Evans,Emily",001,17808,School of Nursing,3.90,25,0,19,4,2,0,0,0,0,0,0
2025 Spring,EDIS,5060,Math Instruction Special Ed,009429,"Gelman,Jennifer",500,17147,School of Education and HumanDev,3.94,22,9,11,1,0,1,0,0,0,0,0
2025 Spring,EDLF,8383,Qualitative Inquiry,044850,"Uzzell,Elizabeth",501,17270,School of Education and HumanDev,3.13,11,0,0,5,4,0,1,0,0,0,1
2025 Spring,GCNL,5170,Persons w/Complex Health Probs,015378,"Craig,Sarah",100,17821,School of Nursing,3.97,39,0,35,4,0,0,0,0,0,0,0
2025 Spring,APMA,3110,Applied Stats & Probability,001153,"Rahman,Md Arafatur",005,20878,Engineering & Applied Science,2.98,37,1,3,7,8,8,1,2,1,4,2
2025 Spring,SOC,1220,Social Problems,035321,"Platts,Todd",100,20147,College & Graduate Arts & Sci,3.82,55,14,35,0,0,3,0,0,2,0,1
2025 Spring,EAST,1200,East Asian Calligraphy,046736,"Chen,Shu-Chen",001,13641,College & Graduate Arts & Sci,3.97,20,6,12,2,0,0,0,0,0,0,0
2025 Spring,BME,6315,Systems Bioengineering,046242,"Allen,Timothy",001,21061,Engineering & Applied Science,4.00,7,2,5,0,0,0,0,0,0,0,0
2025 Spring,HIUS,3232,The South in the 20th Century,019586,"Hale,Grace",100,19155,College & Graduate Arts & Sci,3.25,11,1,4,0,1,1,2,0,2,0,0
2025 Spring,ECON,3010,Intermediate Microeconomics,007908,"Westerfield,Maria",400,19490,College & Graduate Arts & Sci,2.94,102,5,9,12,16,13,18,12,11,5,1
2025 Spring,MATH,3100,Introduction to Probability,023058,"Gromoll,Christian",003,19825,College & Graduate Arts & Sci,2.92,30,2,2,5,2,2,9,3,3,2,0
2025 Spring,ENWR,3640,Writing with Sound,044171,"Gelly,Piers",001,14456,College & Graduate Arts & Sci,3.83,15,0,12,1,0,1,1,0,0,0,0
2025 Spring,ECON,8820,Experimental Economics,008076,"Lin,Po",001,19707,College & Graduate Arts & Sci,3.96,7,2,4,1,0,0,0,0,0,0,0
2025 Spring,EGMT,1540,Ethical Engagement,044515,"Coleman,Creighton Dugan",125,21557,College & Graduate Arts & Sci,3.98,26,0,24,2,0,0,0,0,0,0,0
2025 Spring,LPPP,5500,Short Course Topics,042124,"Artuso,Anthony",010,21232,Batten Leadership & Public Pol,3.66,8,0,4,1,2,1,0,0,0,0,0
2025 Spring,KINE,2850,Medical Terminology,042975,"Sikoryak,George",500,16948,School of Education and HumanDev,4.00,99,2,96,1,0,0,0,0,0,0,0
2025 Spring,STAT,3120,Intro Mathematical Statistics,040000,"Somal,Harsimran",002,19740,College & Graduate Arts & Sci,3.93,78,3,69,1,1,3,0,1,0,0,0
2025 Spring,CGBM,2710,Making Financial Decisions,047004,"Gamrat,Gretchen",004,20670,McIntire School of Commerce,3.51,32,0,15,4,5,5,1,0,1,0,1
2025 Spring,AAS,3157,Caribbean Perspectives,039566,"SIWAJU,FATIMA",001,14318,College & Graduate Arts & Sci,3.82,18,2,10,3,2,1,0,0,0,0,0
2025 Spring,EDIS,3060,Poverty and the Young Child,045749,"Turnbull,Khara",501,17297,School of Education and HumanDev,3.90,23,14,5,2,1,1,0,0,0,0,0
2025 Spring,EDIS,5425,Teaching Writing,043200,"Austin,Ottilie",500,17306,School of Education and HumanDev,3.88,24,0,21,2,0,0,0,0,0,1,0
2025 Spring,MATH,8310,Operator Theory I,023250,"Sherman,David",001,19835,College & Graduate Arts & Sci,3.88,8,0,6,1,1,0,0,0,0,0,0
2025 Spring,PLAN,3050,Planning Methods,031281,"Wilson,Bev",001,10363,School of Architecture,3.92,32,0,25,6,1,0,0,0,0,0,0
2025 Spring,ENCW,2600,Fiction Writing,013455,"Eisenberg,Danny",004,19967,College & Graduate Arts & Sci,3.49,15,0,7,3,0,3,0,1,1,0,0
2025 Spring,PSPA,5000,Intro to Public Administration,039947,"Dinglas,Rudolf-Victor",701,20202,Continuing & Prof Studies,3.81,13,0,6,6,1,0,0,0,0,0,0
2025 Spring,ENCW,2300,Poetry Writing,013450,"Havens,Lyd",005,19957,College & Graduate Arts & Sci,3.82,15,0,12,1,1,0,0,1,0,0,0
2025 Spring,MESA,2300,Crossing Borders: ME & SA,042658,"Cohen,Richard",001,20243,College & Graduate Arts & Sci,3.73,55,0,30,17,1,3,3,0,1,0,0
2025 Spring,AMST,3559,New Course: AMST,038536,"Ngo,Fiona",003,20504,College & Graduate Arts & Sci,3.72,19,3,13,1,0,1,0,0,0,0,1
2025 Spring,EVSC,3201,Fundamentals of Ecology Lab,014094,"Blumstein,Meghan",003,10670,College & Graduate Arts & Sci,3.74,11,0,7,3,0,0,0,0,1,0,0
2025 Spring,EDIS,5428,ESL Methods PreK-12,045531,"Salerno,April",500,17243,School of Education and HumanDev,3.85,11,0,9,1,0,0,1,0,0,0,0
2025 Spring,PSPS,5500,Contemp Issues in Leadership,047811,"McClellan,Sara E.",580,21222,Continuing & Prof Studies,3.69,18,0,10,4,2,1,0,0,1,0,0
2025 Spring,CHIN,2020,Intermediate Chinese,006054,"Wang,Jun",002,11626,College & Graduate Arts & Sci,3.46,14,6,3,2,0,1,0,0,1,0,1
2025 Spring,ECE,6502,Spec Top:Elect & Computer Engr,007732,"Li,Jundong",006,19588,Engineering & Applied Science,3.91,13,0,9,4,0,0,0,0,0,0,0
2025 Spring,PHYS,5320,Fundamentals of Photonics,030891,"Pfister,Olivier",001,14588,College & Graduate Arts & Sci,3.48,6,1,2,0,2,0,0,1,0,0,0
2025 Spring,CS,6501,Spec Top: Computer Science,006981,"Li,Jundong",016,19606,Engineering & Applied Science,3.98,12,4,7,1,0,0,0,0,0,0,0
2025 Spring,ENWR,1510,Writing and Critical Inquiry,013432,"Childers,Jodie",013,11013,College & Graduate Arts & Sci,3.43,18,3,4,3,5,0,1,0,0,2,0
2025 Spring,HR,5112,SHRM Exam Prep,046993,"Giles,G. Faye",701,20191,Continuing & Prof Studies,3.62,6,0,4,1,0,0,0,0,1,0,0
2025 Spring,GNUR,6027,Adv Pharm Specialty Sem,046407,"Yost,Terri",002,17958,School of Nursing,3.91,7,0,5,2,0,0,0,0,0,0,0
2025 Spring,GSGS,3030,Global Cultural Studies,041956,"Levenson,Michael",200,20696,College & Graduate Arts & Sci,3.67,51,1,27,9,8,4,1,0,0,0,1
2025 Spring,DS,7540,Machine Learning IV,047157,"Hartvigsen,Tom",002,20856,School of Data Science,3.81,7,0,5,1,0,1,0,0,0,0,0
2025 Spring,HIUS,2051,War and the Making of America,019530,"Varon,Elizabeth",100,19147,College & Graduate Arts & Sci,3.48,53,5,16,12,6,6,4,2,1,0,1
2025 Spring,ENGL,2506,Studies in Poetry,012488,"Sophronius,Jeddie",003,19989,College & Graduate Arts & Sci,3.92,17,0,14,2,1,0,0,0,0,0,0
2025 Spring,RELB,5559,New Course: RELB,039199,"Cassaniti,Julie",001,19264,College & Graduate Arts & Sci,3.91,7,0,5,2,0,0,0,0,0,0,0
2025 Spring,ARTH,3591,Art History Colloquium,042072,"Kreindler,Kate",003,18791,College & Graduate Arts & Sci,3.60,17,0,5,8,3,0,0,0,0,1,0
2025 Spring,RUSS,1020,First-Year Russian,034615,"Borovskaya-Ellis,Anna",003,19551,College & Graduate Arts & Sci,3.77,14,0,7,5,1,1,0,0,0,0,0
2025 Spring,EVSC,5559,New Course: EVSC,039170,"Mooney,Chris",001,20627,College & Graduate Arts & Sci,3.44,10,0,3,4,2,0,0,0,0,0,1
2025 Spring,EDLF,2080,Fundamentals of Statistics,044842,"Hull,Michael",002,16984,School of Education and HumanDev,3.90,20,10,6,2,2,0,0,0,0,0,0
2025 Spring,EGMT,1510,Engaging Aesthetics,044512,"Halvorson-Taylor,Martien",219,19550,College & Graduate Arts & Sci,3.91,34,0,29,4,0,0,0,0,1,0,0
2025 Spring,ENGL,8596,Form and Theory of Poetry,043532,"Chakraborty,Sumita",001,19974,College & Graduate Arts & Sci,3.92,11,0,8,3,0,0,0,0,0,0,0
2025 Spring,AMST,5232,Oral History Workshop,046947,"Hale,Grace",001,19214,College & Graduate Arts & Sci,3.94,5,2,2,1,0,0,0,0,0,0,0
2025 Spring,HIAF,1501,Intro Sem in African History,018130,"Fleur,James La",001,19166,College & Graduate Arts & Sci,3.88,13,0,8,5,0,0,0,0,0,0,0
2025 Spring,EDHS,4150,Intro to Aural (Re)Hab,045580,"Halinski,Margaret",001,20126,School of Education and HumanDev,3.89,20,0,14,5,1,0,0,0,0,0,0
2025 Spring,CJ,5430,Forensic Sc Ldrsp Police Execs,047358,"McGinnis Jr.,Charles Edward",B1,22147,Continuing & Prof Studies,4.00,14,9,5,0,0,0,0,0,0,0,0
2025 Spring,ECE,2330,Digital Logic Design,007674,"Crockett,Caroline",001,16245,Engineering & Applied Science,3.86,83,14,57,5,1,3,0,2,0,0,1
2025 Spring,CE,5035,Constructn Estimatng & Biddng,046362,"O'malley,Matthew",600,15924,Engineering & Applied Science,3.54,10,2,5,2,0,0,0,0,0,0,1
2025 Spring,MDST,3504,Topics in Global Media,042990,"Zhou,Wendy",002,18824,College & Graduate Arts & Sci,3.80,18,8,7,2,0,0,0,0,0,0,1
2025 Spring,MEST,2280,A Guide to Medieval Baghdad,047064,"Richardson,Kristina",001,18908,College & Graduate Arts & Sci,3.94,18,1,15,1,1,0,0,0,0,0,0
2025 Spring,LPPL,6050,Leadership in the Public Arena,040971,"Pennock,Andrew",100,18870,Batten Leadership & Public Pol,3.52,39,0,15,11,8,2,0,0,1,0,2
2025 Spring,AMST,3280,Intro to Native Studies,046072,"Jernigan,Kasey",001,19209,College & Graduate Arts & Sci,3.95,15,6,8,0,1,0,0,0,0,0,0
2025 Spring,CJ,5720,Seminar in Managing LE Image,043266,"Pennybacker,Gail Lyn",B4,22137,Continuing & Prof Studies,4.00,21,18,3,0,0,0,0,0,0,0,0
2025 Spring,PHYS,2040,Princip of Physics 2 Workshop,030812,"Bychkov,Maxim Aleksandrovich",019,20800,College & Graduate Arts & Sci,3.79,15,0,10,1,4,0,0,0,0,0,0
2025 Spring,COMM,5559,New Course in Commerce,045299,"Maillet,Peter",003,20683,McIntire School of Commerce,3.83,22,0,13,7,1,1,0,0,0,0,0
2025 Spring,MDST,3502,Special Topics in Film Genre,039989,"Duncan,Sean",001,14059,College & Graduate Arts & Sci,3.49,27,5,8,2,8,1,0,2,0,0,1
2025 Spring,ANTH,2590,Social & Cultural Anthropology,041001,"Benitez,Ernesto",001,19629,College & Graduate Arts & Sci,3.98,32,21,10,0,1,0,0,0,0,0,0
2025 Spring,ECON,3020,Intermediate Macroeconomics,007909,"Westerfield,Maria",400,12052,College & Graduate Arts & Sci,3.72,120,14,39,39,20,8,0,0,0,0,0
2025 Spring,PHYS,1429,Intro Physics 1 Workshop,031036,"Bychkov,Maksim",009,10828,College & Graduate Arts & Sci,3.84,26,3,13,8,1,1,0,0,0,0,0
2025 Spring,LPPS,3724,Just Policy,047472,"Campanelli,Richard",001,20755,Batten Leadership & Public Pol,3.44,19,2,4,3,4,4,1,1,0,0,0
2025 Spring,NUCO,4720,Synthesis Practicum,043231,"Taliaferro-Jones,Elizabeth",002,18967,School of Nursing,3.99,59,39,19,1,0,0,0,0,0,0,0
2025 Spring,ECON,7040,Macroeconomic Theory II,008023,"Leeper,Eric",100,10648,College & Graduate Arts & Sci,3.59,18,3,3,5,5,1,1,0,0,0,0
2025 Spring,SOC,4180,American Dream and Its Limits,046734,"Vickerman,Milton",001,20176,College & Graduate Arts & Sci,3.60,19,0,8,4,4,1,2,0,0,0,0
2025 Spring,PSLP,5300,Foundations of Leadership,044292,"Degner,Kai",702,21326,Continuing & Prof Studies,3.74,5,1,3,0,0,0,1,0,0,0,0
2025 Spring,PST,4870,PST Core Seminar II,032368,"Reed,Isaac",001,10875,College & Graduate Arts & Sci,4.00,21,3,18,0,0,0,0,0,0,0,0
2025 Spring,SOC,4520,Topics in Religion and Society,044654,"Makarova,Ekaterina",001,20181,College & Graduate Arts & Sci,3.57,13,0,4,5,2,1,0,1,0,0,0
2025 Spring,SPAN,4040,Translation Spanish to English,035927,"Prados,Nieves Garcia",001,11205,College & Graduate Arts & Sci,3.82,18,2,9,5,1,1,0,0,0,0,0
2025 Spring,DRAM,2620,Sound Design,007233,"Rasbury,Michael",001,10636,College & Graduate Arts & Sci,3.98,12,2,9,1,0,0,0,0,0,0,0
2025 Spring,CHEM,2420,Organic Chemistry II,005699,"Serbulea,Laura L",600,11492,College & Graduate Arts & Sci,3.77,27,3,17,3,1,0,1,2,0,0,0
2025 Spring,EGMT,1510,Engaging Aesthetics,044512,"Siliunas,Andreja",110,14067,College & Graduate Arts & Sci,3.88,35,0,31,2,0,1,0,0,0,0,1
2025 Spring,ACCT,5250,Advanced Auditing,000191,"Henrichs,Derek",701,20600,Continuing & Prof Studies,3.90,9,0,6,3,0,0,0,0,0,0,0
2025 Spring,APMA,1110,Single Variable Calculus II,001140,"Abramenko,Monika",003,15902,Engineering & Applied Science,2.76,34,3,6,3,4,5,1,3,2,2,5
2025 Spring,PLCP,3500,Topics in Comp Politics,041289,"Alexander,Gerard",001,19340,College & Graduate Arts & Sci,3.48,60,1,16,20,7,8,5,2,0,1,0
2025 Spring,CJ,5660,Leading Through Wellness,041450,"Western,Gerald",A3,21815,Continuing & Prof Studies,3.98,12,3,8,1,0,0,0,0,0,0,0
2025 Spring,MSE,6240,Kinetics Solid-State Reactions,024427,"Opila,Elizabeth",001,15022,Engineering & Applied Science,3.71,9,0,4,3,1,1,0,0,0,0,0
2025 Spring,EGMT,1510,Engaging Aesthetics,044512,"Dalton,Dave",112,14069,College & Graduate Arts & Sci,4.00,35,23,12,0,0,0,0,0,0,0,0
2025 Spring,ENWR,1506,Writing & Critical Inquiry S2,013429,"Chantell,Claire",002,10657,College & Graduate Arts & Sci,3.82,12,0,6,5,1,0,0,0,0,0,0
2025 Spring,ACCT,5310,Topics in Advanced Accounting,000192,"Lee,Dana",701,20294,Continuing & Prof Studies,3.84,12,0,7,4,1,0,0,0,0,0,0
2025 Spring,ENGR,1420,Synthesis Design II,012397,"Bailey,Reid",001,14997,Engineering & Applied Science,3.71,22,0,14,4,3,0,0,0,0,0,1
2025 Spring,STAT,2020,Statistics for Biologists,039999,"Ferrara,Maria",100,11776,College & Graduate Arts & Sci,3.46,136,7,38,41,18,14,5,4,5,1,3
2025 Spring,LAR,6220,EcoTech II,042660,"Foley,Nathan",001,10407,School of Architecture,3.23,15,1,0,1,8,3,2,0,0,0,0
2025 Spring,LAR,7020,Foundation IV,043836,"Cantrell,Bradley",001,10398,School of Architecture,3.39,16,0,0,6,7,3,0,0,0,0,0
2025 Spring,ARCH,2020,Foundation Studio III,001494,"Goradia,Dhara Dhanvant",006,10414,School of Architecture,3.47,14,0,2,4,6,2,0,0,0,0,0
2025 Spring,MATH,5700,Introduction to Geometry,023159,"Blackwell,Sarah",001,10772,College & Graduate Arts & Sci,3.73,9,2,3,1,3,0,0,0,0,0,0
2025 Spring,EDHS,3130,The Psychology of Trauma,046200,"Yoder,Matthew",001,17140,School of Education and HumanDev,3.75,57,0,43,4,5,1,1,0,2,0,1
2025 Spring,STAT,2020,Statistics for Biologists,039999,"Ferrara,Maria",200,11777,College & Graduate Arts & Sci,3.52,155,8,46,55,16,11,5,6,2,3,3
2025 Spring,CHEM,2321,Org Lab II Non-Chem Maj/Min,043155,"Chruma,Jason",011,12383,College & Graduate Arts & Sci,3.78,31,0,17,10,1,3,0,0,0,0,0
2025 Spring,ARCH,5500,Special Topics in Architecture,001621,"Goldman,Melissa",002,10503,School of Architecture,3.91,7,0,5,2,0,0,0,0,0,0,0
2025 Spring,SOC,4540,Topics in Politics and Society,046495,"Driscoll,Daniel",001,20178,College & Graduate Arts & Sci,3.94,20,7,9,4,0,0,0,0,0,0,0
2025 Spring,EGMT,1520,Empirical Engagement,044513,"Morse,Jennifer",117,14179,College & Graduate Arts & Sci,3.94,20,5,14,0,0,0,1,0,0,0,0
2025 Spring,EVSC,3200,Fundamentals of Ecology,013913,"Blumstein,Meghan",001,10667,College & Graduate Arts & Sci,3.32,116,7,24,22,23,20,7,7,1,3,2
2025 Spring,NUIP,4420,Basic Research Concepts,029458,"Jones,Randy",002,17943,School of Nursing,3.95,11,0,9,2,0,0,0,0,0,0,0
2025 Spring,CLAS,2559,New Course: CLAS,038601,"Williams,David",001,19279,College & Graduate Arts & Sci,3.84,22,0,14,5,3,0,0,0,0,0,0
2025 Spring,AMST,2660,Spirituality in America,044408,"Hedstrom,Matthew",100,13038,College & Graduate Arts & Sci,3.66,214,0,127,40,17,11,4,5,4,3,3
2025 Spring,CHEM,1421,Intro College Chemistry II Lab,005994,"Morkowchuk,Lisa",017,11127,College & Graduate Arts & Sci,3.87,24,15,3,4,1,0,1,0,0,0,0
2025 Spring,ARTS,2559,New Course: ARTS,038549,"Hogg,Anna",001,19820,College & Graduate Arts & Sci,3.50,14,2,7,1,2,0,1,0,0,0,1
2025 Spring,BME,3310,Biomed Sys Analysis & Design,004066,"Kubelick,Kelsey",001,15560,Engineering & Applied Science,3.40,38,6,13,2,4,4,6,0,1,1,1
2025 Spring,KINE,3420,Contemporary Health Issues,009125,"Edwards,David",001,16899,School of Education and HumanDev,3.95,153,0,145,5,1,1,0,0,0,0,1
2025 Spring,EVSC,2801,Fundamentals of Geology Lab,014091,"Richardson,Justin",002,10664,College & Graduate Arts & Sci,3.84,14,0,12,1,0,0,0,0,1,0,0
2025 Spring,ENWR,1510,Writing and Critical Inquiry,013432,"Christjohn,Zana",037,11991,College & Graduate Arts & Sci,4.00,18,15,3,0,0,0,0,0,0,0,0
2025 Spring,NUIP,2430,Pharmacology I,043235,"Kastello,Jennifer",001,17840,School of Nursing,3.38,92,3,26,24,8,15,4,5,3,3,1
2025 Spring,ECON,7720,Econometrics II,008043,"Pepper,John",100,10649,College & Graduate Arts & Sci,3.53,19,2,3,5,5,4,0,0,0,0,0
2025 Spring,EGMT,1520,Empirical Engagement,044513,"Reid,Sean",216,19546,College & Graduate Arts & Sci,3.70,29,0,25,2,0,0,0,0,0,0,2
2025 Spring,GETR,3420,Intellectual History II,015945,"Wellmon,Michael",001,19824,College & Graduate Arts & Sci,3.83,10,0,8,0,1,1,0,0,0,0,0
2025 Spring,ASL,3559,New Course: ASL,038554,"Moriarty,Erin",003,19851,College & Graduate Arts & Sci,3.86,18,4,8,4,2,0,0,0,0,0,0
2025 Spring,CE,4990,CE Design & Practice I,042102,"Duran,Diana Franco",001,20879,Engineering & Applied Science,3.82,45,10,20,11,2,0,1,0,0,1,0
2025 Spring,RELG,3051,Religion and Society,034202,"Rose,Kevin",100,20857,College & Graduate Arts & Sci,3.89,14,0,9,5,0,0,0,0,0,0,0
2025 Spring,ARCH,3020,Foundation Studio V,001518,"Duddy,Lindsay Martine",006,10485,School of Architecture,3.71,14,4,3,2,5,0,0,0,0,0,0
2025 Spring,COMM,4733,Asset Mgmt in Global Economy,046802,"Gallmeyer,Michael",002,17616,McIntire School of Commerce,3.40,39,2,8,9,9,2,8,0,1,0,0
2025 Spring,CJ,4730,Forensic Sci for Admin & Mgrs,006238,"McGinnis Jr.,Charles Edward",A1,21807,Continuing & Prof Studies,3.98,12,3,8,1,0,0,0,0,0,0,0
2025 Spring,ITAL,1020,Elementary Italian II,020556,"White,Tonya L.",501,19378,College & Graduate Arts & Sci,3.79,29,7,16,1,1,2,1,1,0,0,0
2025 Spring,ECE,2300,Applied Circuits,046962,"Crockett,Caroline",001,16248,Engineering & Applied Science,3.69,50,3,23,12,5,5,1,0,1,0,0
2025 Spring,PHYS,2040,Princip of Physics 2 Workshop,030812,"Bychkov,Maksim",008,13629,College & Graduate Arts & Sci,3.88,25,4,16,4,0,0,0,1,0,0,0
2025 Spring,ASTR,1610,Intro to Astronomical Research,003059,"Murphy,Edward",001,10587,College & Graduate Arts & Sci,3.60,22,7,5,5,1,1,1,1,0,0,1
2025 Spring,CHE,4456,Bioproduct & Bioprocess Eng,044954,"Okita,Blair",001,15736,Engineering & Applied Science,3.90,18,8,4,6,0,0,0,0,0,0,0
2025 Spring,EGMT,1510,Engaging Aesthetics,044512,"Harper,Elizabeth",203,19539,College & Graduate Arts & Sci,3.93,35,0,32,2,0,0,0,0,1,0,0
2025 Spring,PLAC,5250,Applied Real Estate,045477,"Roy,Brian",001,10514,School of Architecture,3.85,10,0,5,5,0,0,0,0,0,0,0
2025 Spring,ASL,2020,Intermed Amer Sign Language II,003002,"Propp,Gregory",003,11664,College & Graduate Arts & Sci,3.43,18,0,4,6,3,4,0,0,0,1,0
2025 Spring,PHYS,1010,The Physical Universe,030772,"Hirosky,Robert",001,14123,College & Graduate Arts & Sci,2.94,36,0,5,2,7,5,7,5,5,0,0
2025 Spring,ANTH,2250,"Nationalism, Racism, Multicult",000652,"Handler,Richard",001,14023,College & Graduate Arts & Sci,3.50,80,4,32,12,15,7,3,3,3,0,1
2025 Spring,CJ,5710,Conflict Res for Law Enf Execs,040130,"Craig,Amy L",B2,22136,Continuing & Prof Studies,3.99,25,14,10,1,0,0,0,0,0,0,0
2025 Spring,EGMT,1510,Engaging Aesthetics,044512,"Kennedy,R.",103,14062,College & Graduate Arts & Sci,4.00,35,10,25,0,0,0,0,0,0,0,0
2025 Spring,PHIL,3160,18th Century Philosophy,030117,"LoLordo,Antonia",001,20591,College & Graduate Arts & Sci,3.73,22,0,10,6,6,0,0,0,0,0,0
2025 Spring,CHEM,2321,Org Lab II Non-Chem Maj/Min,043155,"Chruma,Jason",009,12374,College & Graduate Arts & Sci,3.66,17,1,6,7,0,2,0,1,0,0,0
2025 Spring,SYS,6002,Systems Integration,036948,"Burkett,Matthew",700,20818,Engineering & Applied Science,3.93,17,2,11,4,0,0,0,0,0,0,0
2025 Spring,LAW,9064,Adv Topics in First Amendment,022185,"Armacost,Barbara",1,18860,School of Law,3.68,12,1,1,7,3,0,0,0,0,0,0
2025 Spring,EVEC,7140,Global Coastal Change,042988,"Mcglathery,Karen",001,18973,College & Graduate Arts & Sci,3.67,11,2,4,2,0,3,0,0,0,0,0
2025 Spring,GBAC,7216,Managing Big Data,045287,"Li,Jingjing",001,18746,McIntire Darden Grad Business,3.56,57,0,5,28,24,0,0,0,0,0,0
2025 Spring,PLCP,3500,Topics in Comp Politics,041289,"Schoppa,Len",002,19341,College & Graduate Arts & Sci,3.49,23,1,7,8,2,2,1,1,0,0,1
2025 Spring,EGMT,1510,Engaging Aesthetics,044512,"Martello,Matthew",105,14064,College & Graduate Arts & Sci,4.00,35,2,33,0,0,0,0,0,0,0,0
2025 Spring,LAW,9324,"Law, Inequality & Educ Reform",045618,"Robinson,Kimberly",1,18868,School of Law,3.48,13,0,2,4,5,2,0,0,0,0,0
2025 Spring,LAW,7779,Topics in Priv Co Acq (SC),045154,"Denison,Thomas",1,18885,School of Law,3.56,19,0,0,14,3,2,0,0,0,0,0
2025 Spring,NUCO,2440,Case-Based Learning,043223,"Craig,Sarah",100,17839,School of Nursing,3.98,92,0,90,1,0,0,1,0,0,0,0
2025 Spring,PHIL,1330,Virtual Worlds and Philosophy,047181,"Cameron,Ross",100,14490,College & Graduate Arts & Sci,3.69,113,0,40,49,17,4,2,1,0,0,0
2025 Spring,CE,5240,GW Hydrol & Contam Transport,004491,"Smith,James",001,20868,Engineering & Applied Science,3.59,15,1,5,5,1,1,1,1,0,0,0
2025 Spring,ARAH,9535,Sem 18th/19th Cent Art,039177,"Fordham,Douglas",001,18778,College & Graduate Arts & Sci,3.67,6,0,3,1,1,1,0,0,0,0,0
2025 Spring,SOC,3470,Sociology of Development,035406,"Wang,Yingyao",001,20175,College & Graduate Arts & Sci,3.70,35,1,10,20,2,1,0,0,1,0,0
2025 Spring,STS,2600,Engineering Ethics,046988,"Seabrook,Bryn",001,16230,Engineering & Applied Science,3.87,29,0,20,7,1,1,0,0,0,0,0
2025 Spring,CS,6316,Machine Learning,006975,"Zhang,Shangtong",001,16258,Engineering & Applied Science,3.96,36,27,7,1,0,1,0,0,0,0,0
2025 Spring,CS,4710,Artificial Intelligence,006916,"Ji,Yangfeng",001,16254,Engineering & Applied Science,3.89,72,51,11,4,2,1,2,0,1,0,0
2025 Spring,LAW,7136,Regulatory Law and Policy,043252,"Livermore,Michael",1,18847,School of Law,3.58,18,0,3,8,6,1,0,0,0,0,0
2025 Spring,LAW,7200,Trade Secret Law,046771,"Rowe,Elizabeth",1,18850,School of Law,3.55,44,0,10,19,5,8,2,0,0,0,0
2025 Spring,PLCP,2420,Politics of Modernity,031686,"Echeverri-Gent,John",001,12126,College & Graduate Arts & Sci,3.44,63,0,9,17,27,8,1,1,0,0,0
2025 Spring,AIRS,1200,Foundations of USAF II,000290,"Bibb,Kevin",001,16664,Executive VP & Provost,4.00,17,11,6,0,0,0,0,0,0,0,0
2025 Spring,ENGR,1020,Engineering Foundations 2,046986,"Tian,Jianghong",001,16214,Engineering & Applied Science,3.93,39,0,31,7,1,0,0,0,0,0,0
2025 Spring,SPAN,2020,Advanced Intermediate Spanish,035854,"Badang,Germain",021,19016,College & Graduate Arts & Sci,3.59,18,0,3,11,0,4,0,0,0,0,0
2025 Spring,MATH,1110,Probability/Finite Mathematics,022934,"Dass,Wendi",001,10738,College & Graduate Arts & Sci,3.24,40,0,17,4,5,4,3,1,2,1,3
2025 Spring,MATH,1190,A Survey of Calc I w Algebra,023387,"James,Daniel",100,10744,College & Graduate Arts & Sci,2.76,33,5,2,3,4,5,1,2,5,2,4
2025 Spring,EVSC,7390,Climate Modeling and Analysis,046662,"Grise,Kevin",001,18975,College & Graduate Arts & Sci,3.83,6,3,2,0,0,1,0,0,0,0,0
2025 Spring,RUSS,3050,Russ Declension & Conjugation,034656,"Elson,Mark",001,18932,College & Graduate Arts & Sci,3.41,10,0,6,2,0,0,1,0,0,0,1
2025 Spring,ISBU,3760,Issues in Leadership,046889,"Kirsch,Robert",101,20082,Continuing & Prof Studies,3.62,13,4,6,1,1,0,0,0,0,0,1
2025 Spring,EDIS,2022,Teaching Mindful Movement,047154,"Cook,Lysandra",001,17464,School of Education and HumanDev,4.00,15,5,10,0,0,0,0,0,0,0,0
2025 Spring,CHEM,5460,Chemical Biology,047202,"Stains,Cliff",001,14574,College & Graduate Arts & Sci,3.99,23,16,6,1,0,0,0,0,0,0,0
2025 Spring,EDLF,7810,Legal & Educ Policy Context,009813,"Roberts,Wendell",500,17262,School of Education and HumanDev,4.00,13,10,3,0,0,0,0,0,0,0,0
2025 Spring,EGMT,1520,Empirical Engagement,044513,"Bultman,Rebecca",218,14188,College & Graduate Arts & Sci,3.98,36,27,7,2,0,0,0,0,0,0,0
2025 Spring,ENGR,2500,Intro to Nanoscience & Tech,012268,"Lee,Kyusang",001,15782,Engineering & Applied Science,4.00,22,7,15,0,0,0,0,0,0,0,0
2025 Spring,EVSC,4460,Synoptic Meteorology,046215,"Grise,Kevin",100,18976,College & Graduate Arts & Sci,3.81,17,4,7,3,2,1,0,0,0,0,0
2025 Spring,MDST,3504,Topics in Global Media,042990,"Zhou,Wendy",001,20111,College & Graduate Arts & Sci,3.79,15,7,4,3,0,0,0,0,0,1,0
2025 Spring,CHEM,2321,Org Lab II Non-Chem Maj/Min,043155,"Chruma,Jason",015,12852,College & Graduate Arts & Sci,3.89,32,1,24,4,2,1,0,0,0,0,0
2025 Spring,FREN,4031,Writing With Style,014402,"Ferguson,Gary",001,14038,College & Graduate Arts & Sci,3.69,15,0,5,6,4,0,0,0,0,0,0
2025 Spring,EVSC,4390,Climate Modeling and Analysis,046689,"Grise,Kevin",001,18974,College & Graduate Arts & Sci,3.84,10,0,6,3,1,0,0,0,0,0,0
2025 Spring,CJ,3710,Conflict Resolution for Law En,006194,"Craig,Amy L",A1,21377,Continuing & Prof Studies,4.00,12,7,5,0,0,0,0,0,0,0,0
2025 Spring,LASE,3601,Critical Inquiry,047062,"Flood,David",003,19450,College & Graduate Arts & Sci,3.66,24,1,18,3,0,0,0,0,0,0,2
2025 Spring,LAW,7055,International Human Rights Law,021672,"Versteeg,Emiliana",1,10081,School of Law,3.43,45,0,3,16,17,9,0,0,0,0,0
2025 Spring,GSGS,3559,New Course: GSGS,043479,"Siliunas,Andreja",003,19903,College & Graduate Arts & Sci,3.98,29,0,27,2,0,0,0,0,0,0,0
2025 Spring,PSYC,5323,RM: R in Psychology,045671,"Meyer,M. Joseph",001,12612,College & Graduate Arts & Sci,3.92,25,4,18,2,0,0,1,0,0,0,0
2025 Spring,ECE,6502,Spec Top:Elect & Computer Engr,007732,"Sun,Yixin",002,15966,Engineering & Applied Science,3.68,15,0,6,6,1,1,1,0,0,0,0
2025 Spring,MUSI,4543,Sound Studio,024871,"Coffey,Ted",001,19780,College & Graduate Arts & Sci,3.85,13,1,8,2,2,0,0,0,0,0,0
2025 Spring,LAW,7728,Reproductive Ethics&Law (SC),043254,"Shepherd,Lois",1,18856,School of Law,3.41,7,0,1,1,4,1,0,0,0,0,0
2025 Spring,PHYS,1420,Introductory Physics 1,046322,"Baessler,Stefan",001,13007,College & Graduate Arts & Sci,3.29,31,0,9,3,8,6,3,1,0,0,1
2025 Spring,PHYS,2620,Modern Physics,030844,"Yagi,Kento",100,13008,College & Graduate Arts & Sci,3.48,73,12,16,13,15,8,4,2,1,1,1
2025 Spring,HR,5020,Staffing and Career Management,019926,"Beckwith,Ronald",701,20189,Continuing & Prof Studies,3.91,11,4,5,1,1,0,0,0,0,0,0
2025 Spring,ARTS,2610,Drawing I,002836,"Chan,Amy",003,19821,College & Graduate Arts & Sci,3.85,15,0,12,1,0,2,0,0,0,0,0
2025 Spring,SPAN,2020,Advanced Intermediate Spanish,035854,"Florez-Murillo,David",006,19013,College & Graduate Arts & Sci,3.87,18,1,12,3,2,0,0,0,0,0,0
2025 Spring,RUTR,2730,Dostoevsky,034784,"Dianina,Katia",001,12985,College & Graduate Arts & Sci,3.75,22,2,15,3,0,0,1,0,0,0,1
2025 Spring,HILA,3021,Human Rights in Latin America,046555,"Sweeney,Lean",100,13064,College & Graduate Arts & Sci,3.92,58,23,29,3,1,0,1,1,0,0,0
2025 Spring,PLAN,5710,Transportation and Environment,043109,"Lopes,Caetano de Campos",001,19547,School of Architecture,3.78,10,0,5,4,0,1,0,0,0,0,0
2025 Spring,APMA,3140,App Partial Differentl Equatns,001155,"Morris,Diana",002,15741,Engineering & Applied Science,2.66,40,1,7,7,1,4,7,0,1,5,7
2025 Spring,SPAN,3030,Cultural Conversations,035895,"Wellbeloved,Elizabeth A.",501,19443,College & Graduate Arts & Sci,3.62,16,2,7,1,4,0,1,1,0,0,0
2025 Spring,COMM,4680,Entrepreneurship,006531,"Ransler,Charles",001,17594,McIntire School of Commerce,3.67,30,0,9,14,5,1,1,0,0,0,0
2025 Spring,GCOM,7215,Python for Data Science,046794,"Mousavi,Reza",001,17617,McIntire School of Commerce,3.87,23,2,16,1,4,0,0,0,0,0,0
2025 Spring,NUIP,3311,"Quality, Safety, and EBP",045255,"Mattos,Meghan",001,17922,School of Nursing,3.95,46,0,40,5,1,0,0,0,0,0,0
2025 Spring,SOC,2680,Introduction to Demography,046154,"Wan,Yifeng",001,21084,College & Graduate Arts & Sci,3.73,17,2,7,4,2,2,0,0,0,0,0
2025 Spring,COMM,4831,Cultivating Wisdom&Well-Being,042515,"Mick,David",001,17565,McIntire School of Commerce,3.95,20,5,12,3,0,0,0,0,0,0,0
2025 Spring,CHEM,5120,Organic Chemistry IV,039276,"Hilinski,Michael",001,18920,College & Graduate Arts & Sci,3.81,12,0,7,3,2,0,0,0,0,0,0
2025 Spring,DS,5111,Software and Automation Skills,047100,"Kropko,Jonathan Michael",001,21143,School of Data Science,3.91,33,11,16,4,1,1,0,0,0,0,0
2025 Spring,MDST,4510,Capstone Topics,045773,"Morimoto,Lori",002,13435,College & Graduate Arts & Sci,3.92,17,7,8,1,0,1,0,0,0,0,0
2025 Spring,CE,3330,Structural Design,044636,"Harris,Devin",001,15950,Engineering & Applied Science,3.22,23,7,2,0,3,2,5,3,0,1,0
2025 Spring,STS,2600,Engineering Ethics,046988,"Pappas,Jesse",007,16236,Engineering & Applied Science,3.95,26,0,24,1,0,1,0,0,0,0,0
2025 Spring,ENCW,2300,Poetry Writing,013450,"Costello,Gabriel",007,19959,College & Graduate Arts & Sci,3.61,15,0,9,3,1,0,0,0,1,1,0
2025 Spring,DS,2003,Communicating with Data,046060,"Yildirim,Nur",002,14895,School of Data Science,3.73,61,0,33,17,6,2,1,1,0,1,0
2025 Spring,CE,6000,Civil Engineering Forefronts,038125,"Lakshmi,Venkataraman",001,19614,Engineering & Applied Science,4.00,11,4,7,0,0,0,0,0,0,0,0
2025 Spring,ASTR,2120,Intro to Astrophysics II,003065,"Johnson,Bradley",100,10588,College & Graduate Arts & Sci,3.45,24,0,9,5,3,2,2,3,0,0,0
2025 Spring,CHEM,5390,Inorganic Nanomaterials,047141,"Personick,Michelle",001,14559,College & Graduate Arts & Sci,3.79,20,2,12,3,1,0,2,0,0,0,0
2025 Spring,COMM,3050,Managerial Decision Making,006457,"Ballinger,Gary",008,17537,McIntire School of Commerce,3.45,35,0,7,9,10,7,2,0,0,0,0
2025 Spring,EGMT,1540,Ethical Engagement,044515,"Ferguson,Andrew",124,21508,College & Graduate Arts & Sci,3.84,29,0,19,7,2,1,0,0,0,0,0
2025 Spring,ECON,3820,Behavioral Economics,046916,"Holt,Charles",100,19714,College & Graduate Arts & Sci,3.98,29,8,19,2,0,0,0,0,0,0,0
2025 Spring,EVGE,5820,Geomorphology,013762,"Limaye,Ajay",100,18806,College & Graduate Arts & Sci,3.48,5,0,2,2,0,0,0,0,1,0,0
2025 Spring,COMM,5160,Govt & Nonprofit Accounting,045977,"McDermott,Katie",001,17600,McIntire School of Commerce,3.78,33,0,18,10,3,2,0,0,0,0,0
2025 Spring,ECON,4190,Industrial Organization,007959,"Ciliberto,Federico",090,13272,College & Graduate Arts & Sci,3.21,50,7,8,7,11,6,2,2,2,1,4
2025 Spring,EGMT,1520,Empirical Engagement,044513,"Reilly,Bridget",208,13399,College & Graduate Arts & Sci,4.00,36,10,26,0,0,0,0,0,0,0,0
2025 Spring,CJ,3490,Lgl Issues Impact Law Enf Ops,039968,"Chechak,Kevin",B2,22140,Continuing & Prof Studies,3.72,14,4,1,6,3,0,0,0,0,0,0
2025 Spring,STAT,4800,Advanced Sports Analytics I,045718,"Rodu,Jordan",001,19742,College & Graduate Arts & Sci,3.97,43,0,41,0,2,0,0,0,0,0,0
2025 Spring,SPAN,2020,Advanced Intermediate Spanish,035854,"West,Rachel",005,11076,College & Graduate Arts & Sci,3.58,17,0,6,6,3,1,0,0,0,1,0
2025 Spring,EVSC,3600,Physical Hydrology,013915,"Scanlon,Todd",001,10672,College & Graduate Arts & Sci,3.24,34,3,5,9,5,4,3,1,1,0,3
2025 Spring,PLCP,3330,Politics of Latin America,044401,"Wellbeloved,Elizabeth A.",501,19419,College & Graduate Arts & Sci,3.94,11,3,7,0,1,0,0,0,0,0,0
2025 Spring,ENGL,3162,Chaucer II,012681,"Fowler,Elizabeth",001,20847,College & Graduate Arts & Sci,3.71,17,1,7,4,4,1,0,0,0,0,0
2025 Spring,CHEM,1421,Intro College Chemistry II Lab,005994,"Morkowchuk,Lisa",036,12802,College & Graduate Arts & Sci,3.96,23,15,5,3,0,0,0,0,0,0,0
2025 Spring,SYS,6050,Risk Analysis,036967,"Lambert,James",001,15040,Engineering & Applied Science,3.64,23,3,11,4,0,2,1,1,1,0,0
2025 Spring,EDHS,5230,"Women, Work, and Wellness",044577,"Flora,Amanda",501,17398,School of Education and HumanDev,3.95,30,0,28,1,0,0,1,0,0,0,0
2025 Spring,CJ,5490,Critical Incident for LE Exec,047120,"Dalfonzo,Vincent A",B2,22148,Continuing & Prof Studies,4.00,29,6,23,0,0,0,0,0,0,0,0
2025 Spring,PSYC,7245,"Foud of Sys, Beh & Cog Neursci",047934,"Meliza,Chad Daniel",001,21299,College & Graduate Arts & Sci,3.87,10,0,7,2,1,0,0,0,0,0,0
2025 Spring,CE,2110,Environmental Engineering Lab,040525,"Culver,Teresa",001,15059,Engineering & Applied Science,3.49,13,5,4,2,0,0,0,0,1,0,1
2025 Spring,IT,3405,Database Mgmt & Administration,046655,"Al-Ghandour,Majed",701,20196,Continuing & Prof Studies,3.14,11,0,4,2,0,1,3,0,0,0,1
2025 Spring,IT,3230,Basics of Web Design,020518,"Smith,Mary",701,20198,Continuing & Prof Studies,3.25,12,8,0,1,1,0,0,0,0,0,2
2025 Spring,CHEM,2120,The Chemist's Compass,047909,"Morkowchuk,Lisa Nicole",001,21307,College & Graduate Arts & Sci,4.00,21,17,4,0,0,0,0,0,0,0,0
2025 Spring,MSE,2090,Intro to Materials Science,024402,"Kelly,Robert",001,15803,Engineering & Applied Science,3.41,51,7,7,11,8,14,1,1,2,0,0
2025 Spring,ECE,6784,ML for Wireless Communications,007729,"Shen,Cong",001,16320,Engineering & Applied Science,2.63,9,0,1,1,1,2,1,1,0,1,1
2025 Spring,EDHS,2450,Intro Communication Disorders,044546,"Albaugh,Susan",001,17442,School of Education and HumanDev,3.58,36,1,15,10,4,4,0,0,1,0,1
2025 Spring,WGS,3600,Pleasure Activism Across Time,046920,"Speidel,Lisa",001,14052,College & Graduate Arts & Sci,3.83,29,0,24,0,3,1,0,1,0,0,0
2025 Spring,SOC,2010,Principles of Sociology,047895,"Unlu,Resat Baris",001,21241,College & Graduate Arts & Sci,3.72,25,6,10,5,1,0,2,0,0,1,0
2025 Spring,EDIS,3020,The Exceptional Learner,009391,"Wilson,Sarah Emily",504,21148,School of Education and HumanDev,3.67,28,16,6,4,0,0,0,0,0,0,2
2025 Spring,PHIL,1410,Forms of Reasoning,030021,"Boone,Trey",001,11992,College & Graduate Arts & Sci,3.61,116,0,51,24,26,7,3,4,0,1,0
2025 Spring,APMA,3110,Applied Stats & Probability,001153,"Wellbeloved,Elizabeth A.",501,19409,Engineering & Applied Science,3.73,32,3,14,6,8,0,1,0,0,0,0
2025 Spring,ISSS,3416,Social Psychology,044518,"Wallace,Lillian",101,20264,Continuing & Prof Studies,3.64,11,1,9,0,0,0,0,0,0,0,1
2025 Spring,PHYS,2040,Princip of Physics 2 Workshop,030812,"Bychkov,Maxim Aleksandrovich",022,21218,College & Graduate Arts & Sci,3.99,26,13,12,1,0,0,0,0,0,0,0
2025 Spring,ACCT,5200,Intro to Acct Info Systems,047272,"Evans,Richard",701,20091,Continuing & Prof Studies,3.67,30,0,10,14,3,1,2,0,0,0,0
2025 Spring,ARTH,2153,Romanesque and Gothic Art,040475,"Ramirez-Weaver,Eric",100,18779,College & Graduate Arts & Sci,3.23,52,6,11,12,6,6,3,0,2,1,5
2025 Spring,CJ,5610,Constitutional Law & Policing,039972,"Chechak,Kevin",B2,22149,Continuing & Prof Studies,3.90,10,2,6,1,1,0,0,0,0,0,0
2025 Spring,SPAN,3010,Finding your Voice in Spanish,035893,"Wellbeloved,Elizabeth A.",501,19442,College & Graduate Arts & Sci,3.96,23,11,10,1,1,0,0,0,0,0,0
2025 Spring,ENCW,2600,Fiction Writing,013455,"Perrone,Vincent",005,19968,College & Graduate Arts & Sci,3.85,15,0,12,1,1,0,1,0,0,0,0
2025 Spring,ECE,2410,Intro to Machine Learning,046964,"Jacob,Mathews",001,16251,Engineering & Applied Science,3.70,41,5,15,11,6,2,2,0,0,0,0
2025 Spring,APMA,2130,Ordinary Differentl Equations,001145,"Wellbeloved,Elizabeth A.",501,19407,Engineering & Applied Science,3.59,17,4,5,5,2,0,0,0,0,0,1
2025 Spring,MAE,6100,Thermomechanics,022648,"Brown,David",001,19671,Engineering & Applied Science,3.74,14,1,6,4,2,1,0,0,0,0,0
2025 Spring,ENWR,3660,Travel Writing,044572,"Stephenson,Kate",001,12356,College & Graduate Arts & Sci,3.58,16,0,5,7,0,3,0,1,0,0,0
2025 Spring,PHIL,1730,Intro to Moral & Pol Phil,030030,"Adams,Nate",100,14147,College & Graduate Arts & Sci,3.64,51,3,25,10,4,6,1,0,1,0,1
2025 Spring,EDIS,3060,Poverty and the Young Child,045749,"Vitiello,Ginny",503,17444,School of Education and HumanDev,3.90,24,17,4,2,0,0,0,1,0,0,0
2025 Spring,ARCH,6020,Foundation Studio II,001669,"Davies,Jon Sawyer",002,19519,School of Architecture,3.73,12,0,4,6,2,0,0,0,0,0,0
2025 Spring,LPPS,7310,Geopolitical Underpinnings,047465,"DeLozier,Elana",001,20809,Batten Leadership & Public Pol,3.77,17,1,8,5,2,1,0,0,0,0,0
2025 Spring,COMM,3330,Mkt Research & Analytic Tech,006475,"Davis,Derick",001,17543,McIntire School of Commerce,3.69,12,2,4,2,3,1,0,0,0,0,0
2025 Spring,CS,6501,Spec Top: Computer Science,006981,"Skadron,Kevin",004,16074,Engineering & Applied Science,4.00,13,8,5,0,0,0,0,0,0,0,0
2025 Spring,ENGL,2527,Shakespeare,012510,"Maus,Katharine",001,19920,College & Graduate Arts & Sci,3.10,19,0,2,5,3,3,5,0,0,0,1
2025 Spring,MAE,6592,Spec Topcs in Mech & Aero Engr,022685,"Ma,Lin",007,21308,Engineering & Applied Science,3.34,7,1,1,1,0,3,1,0,0,0,0
2025 Spring,GCOM,7216,Data Aggregation&Visualization,046795,"Maurer,Christopher Scott",001,20797,McIntire School of Commerce,3.69,14,0,5,5,4,0,0,0,0,0,0
2025 Spring,ECE,4103,Renewable Energy Conversion,045001,"Zebarjadi,Mona",001,15779,Engineering & Applied Science,3.56,21,1,9,3,3,3,1,0,1,0,0
2025 Spring,SPAN,3010,Finding your Voice in Spanish,035893,"Poveda,Esther",006,12351,College & Graduate Arts & Sci,3.90,13,0,11,1,0,1,0,0,0,0,0
2025 Spring,KINE,5250,Kine Child Severe Disabilities,009237,"Block,Martin",001,16875,School of Education and HumanDev,3.92,9,6,2,0,1,0,0,0,0,0,0
2025 Spring,ARCH,5500,Special Topics in Architecture,001621,"Martinez,Isaac Mangual",003,19521,School of Architecture,3.96,17,13,2,2,0,0,0,0,0,0,0
2025 Spring,ENGL,3025,African American English,045499,"Smith,Connie",001,14556,College & Graduate Arts & Sci,3.88,16,0,13,1,1,1,0,0,0,0,0
2025 Spring,DS,5110,Big Data Systems,046303,"Cheng,Yue",001,14910,School of Data Science,3.88,60,33,17,6,0,1,2,1,0,0,0
2025 Spring,PHYS,2040,Princip of Physics 2 Workshop,030812,"Bychkov,Maxim Aleksandrovich",026,21291,College & Graduate Arts & Sci,3.92,21,2,16,1,2,0,0,0,0,0,0
2025 Spring,AAS,2559,New Course: AAS,038531,"Coleman,Robin Means",001,20025,College & Graduate Arts & Sci,3.41,14,1,5,4,1,1,1,0,0,0,1
2025 Spring,DS,1001,Foundation of Data Science,046672,"Alonzi,Loreto",100,14890,School of Data Science,3.88,158,0,148,0,0,5,0,0,3,0,2
2025 Spring,CS,3710,Intro to Cybersecurity,045511,"Orebaugh,Angela",001,15742,Engineering & Applied Science,3.89,147,0,110,29,4,2,1,0,1,0,0
2025 Spring,ARH,2702,Public Humanities,047437,"Alikhan,Shaheen",001,20077,School of Architecture,3.72,45,2,23,12,2,2,3,1,0,0,0
2025 Spring,COMM,3720,Intermediate Corporate Finance,006484,"Chen,Zhaohui",003,17548,McIntire School of Commerce,3.33,24,0,3,7,11,1,1,0,0,0,1
2025 Spring,EDHS,3055,Prevention of Youth Violence,043203,"Bottiani,Jessika",001,16901,School of Education and HumanDev,3.61,26,2,10,7,2,3,0,1,1,0,0
2025 Spring,DS,6051,Decoding Large Language Models,047486,"Agarwal,Chirag",001,20854,School of Data Science,4.00,53,51,2,0,0,0,0,0,0,0,0
2025 Spring,NESC,3450,Molecules to Minds,047491,"Lewis,Gwendolyn",103,20832,College & Graduate Arts & Sci,3.69,18,6,5,3,2,1,0,0,0,1,0
2025 Spring,DRAM,4760,Directing the Short Film,046939,"Wagner,Paul",001,14664,College & Graduate Arts & Sci,3.94,10,1,7,2,0,0,0,0,0,0,0
2025 Spring,ENWR,1510,Writing and Critical Inquiry,013432,"Robertson,Mason",059,12481,College & Graduate Arts & Sci,3.93,17,7,6,4,0,0,0,0,0,0,0
2025 Spring,PHIL,3400,Intro to Non-Classical Logic,044245,"Cameron,Ross",001,12036,College & Graduate Arts & Sci,3.59,17,5,5,3,2,0,0,1,0,0,1
2025 Spring,ENTP,1010,Intro to Entrepreneurship,043881,"Ransler,Charles",003,17577,McIntire School of Commerce,3.71,50,0,17,24,5,4,0,0,0,0,0
2025 Spring,SPAN,2020,Advanced Intermediate Spanish,035854,"Hogg,Jennifer",001,11072,College & Graduate Arts & Sci,3.53,16,0,5,6,2,1,1,0,1,0,0
2025 Spring,SPAN,2020,Advanced Intermediate Spanish,035854,"Park,Sara",003,11074,College & Graduate Arts & Sci,3.76,17,0,6,9,2,0,0,0,0,0,0
2025 Spring,GNUR,8120,Intro to Qual Research Methods,017052,"LeBaron,Virginia",001,17986,School of Nursing,3.81,8,0,3,5,0,0,0,0,0,0,0
2025 Spring,CJ,5495,CI: Executive Decision Making,047240,"Yansick,Michael",B2,22100,Continuing & Prof Studies,4.00,22,2,20,0,0,0,0,0,0,0,0
2025 Spring,CS,2501,Spec Topic: Computer Science,041128,"Morrison,Briana",001,21006,Engineering & Applied Science,3.88,70,23,39,4,2,0,0,1,0,0,1
2025 Spring,SPAN,2020,Advanced Intermediate Spanish,035854,"Park,Sara",002,11073,College & Graduate Arts & Sci,3.69,18,0,3,14,0,0,1,0,0,0,0
2025 Spring,KINE,3660,Neuroscience of Exercise,043490,"Resch,Jacob",001,16900,School of Education and HumanDev,3.55,110,0,41,29,19,10,7,1,1,1,1
2025 Spring,ENWR,2510,Advanced Writing Seminar,013441,"Seitz,James",005,21129,College & Graduate Arts & Sci,3.92,16,2,11,2,1,0,0,0,0,0,0
2025 Spring,APMA,2130,Ordinary Differentl Equations,001145,"Provat,Shirin",006,15052,Engineering & Applied Science,3.12,45,5,9,8,5,5,2,3,4,0,4
2025 Spring,STS,4600,Engr Ethcs Prof Responsibility,036750,"Forelle,MC",006,15054,Engineering & Applied Science,3.86,27,0,21,3,0,3,0,0,0,0,0
2025 Spring,JAPN,2020,Second-Year Japanese II,020743,"Hasegawa,Yoko",003,20942,College & Graduate Arts & Sci,3.26,12,0,4,3,2,1,0,0,0,1,1
2025 Spring,EDIS,6200,Principles of Curric Design,045847,"Isley,Deanna",500,17279,School of Education and HumanDev,3.60,24,0,15,4,1,1,2,0,0,0,1
2025 Spring,RELG,1040,Intro to Asian Religions,034141,"Allen,Michael",100,13475,College & Graduate Arts & Sci,3.77,236,1,148,58,14,6,2,1,2,1,3
2025 Spring,CHEM,5240,Principles Magnetic Resonance,047501,"Venkatesh,Amrit",001,21024,College & Graduate Arts & Sci,3.45,8,0,3,0,2,3,0,0,0,0,0
2025 Spring,ENGL,2500,Intro to Literary Studies,012548,"Luftig,Victor",001,19940,College & Graduate Arts & Sci,3.64,18,0,8,3,5,2,0,0,0,0,0
2025 Spring,MICR,8200,Bldg Blocks of the Immune Sys,024107,"Engelhard,Victor",001,18377,Medical School - BIMS/PHS,3.58,30,5,8,6,2,8,1,0,0,0,0
2025 Spring,RELI,2080,Global Islam,034424,"al-Rahim,Ahmed",001,13491,College & Graduate Arts & Sci,3.91,36,3,23,9,1,0,0,0,0,0,0
2025 Spring,ARCH,4995,Ind Design Res (Thesis) Studio,042517,"El Khafif,Mona",004,20123,School of Architecture,3.77,13,2,6,2,2,1,0,0,0,0,0
2025 Spring,FREN,3031,Finding Your Voice in French,014357,"Krueger,Cheryl",003,13372,College & Graduate Arts & Sci,3.89,15,0,11,3,1,0,0,0,0,0,0
2025 Spring,CS,3130,Computer Systems and Org 2,046230,"Reiss,Charles",001,16065,Engineering & Applied Science,3.05,228,7,57,30,36,23,23,13,12,8,19
2025 Spring,FREN,3037,French for Global Development,046549,"James,Karen",001,19664,College & Graduate Arts & Sci,3.92,19,0,14,5,0,0,0,0,0,0,0
2025 Spring,EGMT,1520,Empirical Engagement,044513,"Samonina,Jelena",213,13402,College & Graduate Arts & Sci,4.00,35,28,7,0,0,0,0,0,0,0,0
2025 Spring,SPAN,2020,Advanced Intermediate Spanish,035854,"Badang,Germain",020,19015,College & Graduate Arts & Sci,3.54,16,0,1,11,1,2,1,0,0,0,0
2025 Spring,PHYS,2040,Princip of Physics 2 Workshop,030812,"Bychkov,Maxim Aleksandrovich",021,21217,College & Graduate Arts & Sci,3.93,26,16,9,0,0,0,0,1,0,0,0
2025 Spring,MATH,1210,A survey of Calculus I,022944,"Mitchell,Susan Beth",930,19858,College & Graduate Arts & Sci,2.47,26,0,2,5,2,4,1,2,3,1,6
2025 Spring,MSE,6270,Intro to Atomistic Simulations,024414,"Zhigilei,Leonid",001,19685,Engineering & Applied Science,3.84,16,2,11,1,0,1,1,0,0,0,0
2025 Spring,MSE,6167,"Elec, Mag & Opt Prop of Matl",024432,"Reinke,Petra",001,19683,Engineering & Applied Science,3.64,11,0,5,2,2,2,0,0,0,0,0
2025 Spring,EDIS,6765,Instructional Coaching,047517,"Jewett,Anne",500,20995,School of Education and HumanDev,3.84,14,0,10,3,0,0,1,0,0,0,0
2025 Spring,EDLF,3620,21st Century Parenting,047518,"Jeon,Lieny",001,21210,School of Education and HumanDev,3.87,12,4,4,3,1,0,0,0,0,0,0
2025 Spring,CJ,5430,Forensic Sc Ldrsp Police Execs,047358,"McGinnis Jr.,Charles Edward",A1,21813,Continuing & Prof Studies,4.00,30,13,17,0,0,0,0,0,0,0,0
2025 Spring,ENGL,3559,New Course: ENGL,039144,"Martens,Lorna",002,21077,College & Graduate Arts & Sci,3.33,14,0,4,2,4,2,0,1,0,1,0
2025 Spring,ASL,3559,New Course: ASL,038554,"Sofinski,Bruce Alan",001,19848,College & Graduate Arts & Sci,3.85,11,0,9,0,1,1,0,0,0,0,0
2025 Spring,COMM,4560,Topics in Management,006524,"Metcalf,Mark",001,17661,McIntire School of Commerce,3.88,20,8,6,5,0,1,0,0,0,0,0
2025 Spring,GCOM,7520,Topics in IT,042001,"Gong,Jing",001,17662,McIntire School of Commerce,3.64,16,0,3,9,3,1,0,0,0,0,0
2025 Spring,MUSI,3050,Music and Discourse,024790,"Miller,Karl",001,14099,College & Graduate Arts & Sci,3.77,19,6,11,1,0,0,0,0,0,0,1
2025 Spring,COMM,3040,Strategic Value Creation,006456,"Allison,Kiera",004,17525,McIntire School of Commerce,3.69,34,0,12,12,10,0,0,0,0,0,0
2025 Spring,SPAN,4700,Spanish Culture & Civilization,035932,"Wellbeloved,Elizabeth A.",501,19460,College & Graduate Arts & Sci,3.85,24,6,11,4,2,1,0,0,0,0,0
2025 Spring,LPPP,6250,Policy Analysis,032142,"Player,Daniel",100,16535,Batten Leadership & Public Pol,3.47,55,0,9,23,13,9,0,0,0,0,1
2025 Spring,EDLF,3200,Exam Effects Social Innovat,042962,"Greenberg,Miriam",001,16855,School of Education and HumanDev,3.64,48,7,22,9,1,5,2,0,0,1,1
2025 Spring,CE,2300,Statics,004438,"Smith,Natasha",001,15957,Engineering & Applied Science,3.48,11,4,2,1,3,0,0,0,0,0,1
2025 Spring,GCOM,7349,Introduction to Auditing,046426,"McDermott,Katie Eileen",001,17607,McIntire School of Commerce,3.75,10,0,5,4,0,0,1,0,0,0,0
2025 Spring,ISSS,3850,Media and Politics,020480,"Kiernan,Vincent",DC01,20289,Continuing & Prof Studies,3.84,23,8,10,2,1,1,1,0,0,0,0
2025 Spring,EDIS,3013,Positive Behavior in ECE,045468,"Lhospital,Ann",500,17481,School of Education and HumanDev,3.86,23,11,8,3,0,0,0,0,0,1,0
2025 Spring,EDIS,5133,Principles of ABA,045102,"Matthews,Katherine",500,17465,School of Education and HumanDev,3.37,10,0,6,1,0,2,0,0,0,0,1
2025 Spring,ENWR,1510,Writing and Critical Inquiry,013432,"Richardson,Sarah",021,11018,College & Graduate Arts & Sci,3.97,18,15,1,2,0,0,0,0,0,0,0
2025 Spring,CS,3100,Data Structures and Algo 2,046228,"Bloomfield,Aaron",001,16062,Engineering & Applied Science,3.13,200,6,62,29,31,19,14,12,4,5,18
2025 Spring,EDLF,7420,Quantitative Methods II,043817,"Konold,Timothy",001,16963,School of Education and HumanDev,3.98,35,0,33,2,0,0,0,0,0,0,0
2025 Spring,EDLF,5425,Governance Collegiate Athletic,043450,"Baum,Jason",001,16976,School of Education and HumanDev,3.60,23,0,4,12,5,2,0,0,0,0,0
2025 Spring,COMM,2700,Basic Finance for Real Estate,046582,"Chapman,David",001,17608,McIntire School of Commerce,3.18,39,0,5,8,11,6,3,4,1,0,1
2025 Spring,COMM,4522,Topics in BA,046287,"Mousavi,Reza",002,17603,McIntire School of Commerce,3.70,12,1,5,3,2,0,1,0,0,0,0
2025 Spring,PSPS,6050,Stewardship PA & Managing HC,046295,"Farr,Murray",581,20653,Continuing & Prof Studies,3.76,23,0,11,8,3,1,0,0,0,0,0
2025 Spring,PSPS,6005,Prac Apps of Risk Mgmt in PSO,046661,"Graham,Gordon",581,20654,Continuing & Prof Studies,3.65,15,0,6,5,2,1,1,0,0,0,0
2025 Spring,ARCH,5715,Elements of Design,045503,"Clark,William",100,10440,School of Architecture,3.79,21,0,11,8,0,2,0,0,0,0,0
2025 Spring,PLAP,3810,Constitutional Interpretation,031582,"Vradenburgh,Holly",001,19887,College & Graduate Arts & Sci,3.73,49,3,21,17,3,2,3,0,0,0,0
2025 Spring,ECON,4170,"Econ: Risk, Uncertainty & Info",039715,"Santugini,Marc",100,21157,College & Graduate Arts & Sci,3.60,81,36,15,13,3,3,2,5,2,0,2
2025 Spring,APMA,2120,Multivariable Calculus,001144,"Hellings,Christian",006,15546,Engineering & Applied Science,2.79,43,1,6,4,10,6,4,2,4,1,5
2025 Spring,MAE,2310,Strength of Materials,022575,"Gomez,Jose",002,15549,Engineering & Applied Science,3.80,35,15,13,3,1,0,1,1,0,1,0
2025 Spring,LPPP,3250,Global Development Policy,041846,"Straight,Katie",001,20567,Batten Leadership & Public Pol,3.84,14,3,6,3,2,0,0,0,0,0,0
2025 Spring,ENTP,1010,Intro to Entrepreneurship,043881,"Ransler,Charles",001,17573,McIntire School of Commerce,3.69,43,0,14,20,7,0,2,0,0,0,0
2025 Spring,COMM,4660,Mgmt Consulting & Advisory Svc,006529,"Seaborn,Paul",001,17576,McIntire School of Commerce,3.34,17,0,1,8,4,2,1,0,0,0,1
2025 Spring,ENTP,1010,Intro to Entrepreneurship,043881,"Etienne,Bevin",002,17574,McIntire School of Commerce,3.75,46,0,23,12,10,1,0,0,0,0,0
2025 Spring,GCOM,7770,Financial Analytics,015432,"Grazioli,Stefano",001,17557,McIntire School of Commerce,3.84,19,3,12,1,2,0,1,0,0,0,0
2025 Spring,MATH,1210,A survey of Calculus I,022944,"Bowling,James Darrol",500,13450,College & Graduate Arts & Sci,3.23,31,2,7,5,6,4,3,2,0,0,2
2025 Spring,KINE,5750,"Assess & Interv Conc, Head, CS",044715,"Higgins,Michael",001,16978,School of Education and HumanDev,3.49,18,0,4,6,4,2,2,0,0,0,0
2025 Spring,EDHS,2250,Stress and Anxiety Management,044538,"Cholewa,Blaire",002,17504,School of Education and HumanDev,3.94,45,0,42,1,0,0,2,0,0,0,0
2025 Spring,CHE,3398,Chemical Engineering Lab I,005458,"Prpich,George",100,15301,Engineering & Applied Science,3.47,40,0,8,14,9,3,6,0,0,0,0
2025 Spring,STAT,6160,Experimental Design,036676,"Slawski,Martin",001,19744,College & Graduate Arts & Sci,3.71,15,2,6,3,2,2,0,0,0,0,0
2025 Spring,MUSI,1620,History of the Wind Band,024724,"Koch,Andrew",001,13076,College & Graduate Arts & Sci,3.96,30,0,26,4,0,0,0,0,0,0,0
2025 Spring,ARTS,2372,Intro to Cinematography II,002894,"Hogg,Anna",001,10573,College & Graduate Arts & Sci,3.77,10,1,5,2,1,1,0,0,0,0,0
2025 Spring,EGMT,1520,Empirical Engagement,044513,"Yang,Lingyu",113,12297,College & Graduate Arts & Sci,3.99,34,4,29,1,0,0,0,0,0,0,0
2025 Spring,IT,3000,Cloud Computing Foundations,046643,"Rzeszut,Eric",701,20193,Continuing & Prof Studies,3.75,24,2,14,2,2,4,0,0,0,0,0
2025 Spring,EDLF,5700,"Race, Ethnicity and Diversity",043451,"Smith,Naila",001,16981,School of Education and HumanDev,3.88,5,1,2,2,0,0,0,0,0,0,0
2025 Spring,STAT,1100,Chance: Intro to Statistics,036650,"Holt,Jeffrey J",004,19737,College & Graduate Arts & Sci,3.13,29,1,7,6,5,2,2,2,2,0,2
2025 Spring,COMM,4730,Adv Inv: Derivates & Fixed Inc,006536,"Dennis,Patrick",001,17606,McIntire School of Commerce,3.48,30,0,10,5,7,5,2,1,0,0,0
2025 Spring,EGMT,1520,Empirical Engagement,044513,"Bultman,Rebecca",110,13074,College & Graduate Arts & Sci,3.96,35,27,5,2,1,0,0,0,0,0,0
2025 Spring,ENWR,1510,Writing and Critical Inquiry,013432,"Grayson,Spencer",017,11016,College & Graduate Arts & Sci,3.94,18,0,16,1,1,0,0,0,0,0,0
2025 Spring,PHS,3104,Intro to Epidemiology,043760,"Wellbeloved,Elizabeth A.",501,19476,College & Graduate Arts & Sci,3.74,16,0,8,5,2,0,1,0,0,0,0
2025 Spring,CS,4730,Computer Game Design,041617,"Hott,Robbie",001,16073,Engineering & Applied Science,3.43,73,2,24,28,6,1,2,4,1,2,3
2025 Spring,COMM,4380,Consumer Behav & Mktg Strategy,006522,"Mittal,Chiraag",001,17604,McIntire School of Commerce,3.60,19,0,7,5,5,0,2,0,0,0,0
2025 Spring,CE,2020,Engineering Economic Analysis,042731,"Burden,Lindsay",001,15497,Engineering & Applied Science,3.96,27,1,24,1,1,0,0,0,0,0,0
2025 Spring,LING,2430,Languages of the World,000670,"Mirzayan,Armik",100,19502,College & Graduate Arts & Sci,3.79,54,0,42,6,1,2,2,0,0,0,1
2025 Spring,SOC,1010,Introductory Sociology,035243,"Buckelew,Rose",100,10908,College & Graduate Arts & Sci,3.23,168,3,51,32,22,20,13,10,4,1,12
2025 Spring,STAT,7100,Intro to Advanced Inference,036696,"Wang,Jingming",001,11621,College & Graduate Arts & Sci,3.45,34,5,5,7,7,4,6,0,0,0,0
2025 Spring,PHYS,7620,Quantum Theory II,030944,"Cates,Gordon",001,10857,College & Graduate Arts & Sci,3.53,21,4,5,4,2,2,4,0,0,0,0
2025 Spring,EDIS,6740,Diagnosis & Remediation II,009476,"Dahl-Leonard,Katlynn",506,20989,School of Education and HumanDev,3.90,13,1,9,2,1,0,0,0,0,0,0
2025 Spring,PSYC,4980,Distinguished Major Thesis II,032670,"Dodson,Chad",001,13514,College & Graduate Arts & Sci,3.90,21,6,13,0,0,2,0,0,0,0,0
2025 Spring,FREN,4410,The Enlightenment,043674,"Tsien,Jennifer",001,19661,College & Graduate Arts & Sci,3.96,17,3,12,2,0,0,0,0,0,0,0
2025 Spring,ASTR,1220,Intro Stars Galaxies Universe,003047,"Mohamed,Shazrene",003,13455,College & Graduate Arts & Sci,3.57,114,1,39,41,15,8,5,3,0,0,2
2025 Spring,EGMT,1540,Ethical Engagement,044515,"Rosenblith,Gillet",212,13423,College & Graduate Arts & Sci,3.97,37,8,28,0,0,1,0,0,0,0,0
2025 Spring,ASTR,1220,Intro Stars Galaxies Universe,003047,"Modjaz,Maryam",004,13457,College & Graduate Arts & Sci,3.79,136,6,81,34,6,4,2,1,1,0,1
2025 Spring,EGMT,1530,Engaging Differences,044514,"Yonnetti,Eben",206,19643,College & Graduate Arts & Sci,3.93,31,1,24,5,1,0,0,0,0,0,0
2025 Spring,CE,4040,Sust & Sys in Built Environ,045026,"Klotz,Leidy",001,15746,Engineering & Applied Science,3.72,39,2,28,2,1,3,0,0,1,2,0
2025 Spring,PSPM,5015,Stakeholder Engagement,046984,"Parente,Susan",701,20205,Continuing & Prof Studies,3.67,7,0,3,2,1,1,0,0,0,0,0
2025 Spring,ARCH,4995,Ind Design Res (Thesis) Studio,042517,"Waldman,Peter",001,20108,School of Architecture,3.72,13,5,1,4,2,1,0,0,0,0,0
2025 Spring,COMM,4760,Private Equity,039906,"Marston,Felicia",001,17559,McIntire School of Commerce,3.81,45,0,26,13,5,0,1,0,0,0,0
2025 Spring,COMM,4792,Commercial Real Estate Seminar,040590,"Healy,Brian",001,17560,McIntire School of Commerce,3.90,25,0,17,8,0,0,0,0,0,0,0
2025 Spring,EDHS,1120,Found of Community Engagement,043507,"Levy,Melissa",001,16902,School of Education and HumanDev,3.54,37,0,25,3,2,1,1,0,2,1,2
2025 Spring,PLAP,4500,Special Topics,031588,"Kromkowski,Charles",006,19888,College & Graduate Arts & Sci,3.72,13,0,7,3,1,2,0,0,0,0,0
2025 Spring,PLAP,3400,American Political Economy,044879,"Pivonka,Evan",001,19889,College & Graduate Arts & Sci,3.83,31,0,16,13,2,0,0,0,0,0,0
2025 Spring,COMM,3720,Intermediate Corporate Finance,006484,"Smith,David",005,17562,McIntire School of Commerce,3.56,46,2,21,9,5,4,2,2,0,0,1
2025 Spring,COMM,3220,Data Mgmt for Decision Making,006500,"Gong,Jing",001,17566,McIntire School of Commerce,3.61,41,0,14,16,4,3,4,0,0,0,0
2025 Spring,COMM,1800,Foundations of Commerce,006438,"Costa,Elaine",002,17567,McIntire School of Commerce,3.61,157,0,69,41,19,15,8,3,1,0,1
2025 Spring,ANTH,5590,Social & Cultural Anthropology,037368,"Bashkow,Ira",001,19647,College & Graduate Arts & Sci,3.94,5,2,2,1,0,0,0,0,0,0,0
2025 Spring,APMA,3501,Spec Topics in APMA,040943,"Ryals,Megan",001,15569,Engineering & Applied Science,3.51,29,7,10,6,0,3,1,0,0,0,2
2025 Spring,MATH,1150,The Shape of Space,022938,"Choi,Kyong Mi",001,19832,College & Graduate Arts & Sci,3.69,34,1,22,1,3,4,2,1,0,0,0
2025 Spring,STAT,4220,Applied Analytics for Business,044088,"Martinet,Gretchen",001,12894,College & Graduate Arts & Sci,3.66,44,0,34,0,2,2,1,0,4,1,0
2025 Spring,ANTH,3280,Intro to Native Studies,046071,"Jernigan,Kasey",001,19315,College & Graduate Arts & Sci,4.00,15,8,7,0,0,0,0,0,0,0,0
2025 Spring,ISSS,3422,Managing Your Emotions,042347,"Oliver,Stephen W",DC02,20288,Continuing & Prof Studies,3.83,23,3,13,3,3,1,0,0,0,0,0
2025 Spring,PSPA,5010,Public Policy Analysis,040700,"Beckett,Corey",701,20203,Continuing & Prof Studies,3.76,9,0,3,5,1,0,0,0,0,0,0
2025 Spring,ANTH,3390,Pregnancy Birthing Post-Partum,045760,"Fraser,Gertrude",001,19636,College & Graduate Arts & Sci,3.77,57,1,39,12,1,2,0,0,0,0,2
2025 Spring,PSPS,6030,Dev & Imp Systems of Emer Prep,046292,"Peumsang,Lisa",580,20648,Continuing & Prof Studies,3.84,45,0,23,21,1,0,0,0,0,0,0
2025 Spring,ECE,4660,Analog Integrated Circuits,007698,"Bowers,Steven",001,16506,Engineering & Applied Science,3.34,18,0,4,5,4,2,2,0,0,0,1
2025 Spring,EGMT,1530,Engaging Differences,044514,"Sweeney,Lean",213,19646,College & Graduate Arts & Sci,3.97,33,29,2,1,1,0,0,0,0,0,0
2025 Spring,PLIR,3610,European Union in World Affair,031820,"Pfefferkorn,Karl",001,19890,College & Graduate Arts & Sci,3.84,27,0,17,7,3,0,0,0,0,0,0
2025 Spring,ENGL,4520,Seminar Renaissance Literature,012910,"Rush,Rebecca",001,19905,College & Graduate Arts & Sci,3.92,20,0,16,3,1,0,0,0,0,0,0
2025 Spring,EGMT,1520,Empirical Engagement,044513,"Lillard,Angeline S",125,21459,College & Graduate Arts & Sci,3.42,19,0,10,1,1,4,0,0,3,0,0
2025 Spring,EDIS,5080,Differentiating Instruction,045846,"Coyne,Elizabeth",501,19496,School of Education and HumanDev,3.59,15,0,9,4,0,1,0,0,0,0,1
2025 Spring,COMM,4374,IntComm&DigCampaign-Media Lab,043608,"Heilman,Carrie",001,17575,McIntire School of Commerce,3.91,25,11,8,5,1,0,0,0,0,0,0
2025 Spring,PHYS,1060,How Things Work,030777,"Neu,Chris",001,10816,College & Graduate Arts & Sci,3.40,100,0,36,22,12,10,7,4,6,3,0
2025 Spring,COMM,4620,Strategic Leadership,045370,"Lovelace,Jeffrey",002,17605,McIntire School of Commerce,3.74,42,1,11,27,1,2,0,0,0,0,0
2025 Spring,EDHS,7020,Evidence Based Practice,041986,"Robey,Randall",001,16975,School of Education and HumanDev,3.97,36,13,21,1,1,0,0,0,0,0,0
2025 Spring,MAE,2320,Dynamics,022576,"Sun,Sarah",001,15631,Engineering & Applied Science,3.02,132,7,22,20,15,22,14,10,11,2,9
2025 Spring,HIND,1020,Elementary Hindi-Urdu I,018891,"Chaussee,Griffith",001,12338,College & Graduate Arts & Sci,3.47,12,1,7,0,2,0,0,1,0,0,1
2025 Spring,COMM,4370,Digital Strategy & Analytics,044926,"Montgomery,Nicole",001,17585,McIntire School of Commerce,3.42,32,0,8,13,6,0,2,0,0,1,2
2025 Spring,ENGL,3260,Milton,012904,"Rush,Rebecca",001,19904,College & Graduate Arts & Sci,3.95,17,2,12,3,0,0,0,0,0,0,0
2025 Spring,MSP,3501,Exploring the Middle Ages,024481,"McGrady,Deborah",001,20014,College & Graduate Arts & Sci,3.82,24,0,17,2,4,1,0,0,0,0,0
2025 Spring,ANTH,3880,African Archaeology,000794,"LaViolette,Adria",001,19639,College & Graduate Arts & Sci,3.63,29,10,8,5,1,2,2,0,0,0,1
2025 Spring,PLAP,4500,Special Topics,031588,"Morrison,Jeffry",007,20323,College & Graduate Arts & Sci,4.00,14,3,11,0,0,0,0,0,0,0,0
2025 Spring,ANTH,5360,World Mental Health,040466,"Merkel,Richard",001,11518,College & Graduate Arts & Sci,3.79,14,3,9,0,0,1,0,0,1,0,0
2025 Spring,PSPS,6040,Create & Sustain Comm Dialogue,046294,"Dion,Shannon",581,20651,Continuing & Prof Studies,3.98,51,8,39,4,0,0,0,0,0,0,0
2025 Spring,BIOL,3040,Develop and Regen Biol,043968,"Kucenas,Sarah",100,20003,College & Graduate Arts & Sci,3.43,87,1,26,25,18,6,3,1,1,3,3
2025 Spring,SOC,2595,Special Topics in Sociology,041382,"Skubby,David Andrew",002,21176,College & Graduate Arts & Sci,3.42,27,1,8,5,4,5,2,1,1,0,0
2025 Spring,PSHM,3080,Hlthcare Legal Ethic Decision,020403,"Erath,Mark",101,20277,Continuing & Prof Studies,3.81,21,7,9,3,1,0,0,0,0,1,0
2025 Spring,LPPL,4225,Leadership and Practice,044049,"Davis,Timothy",001,16556,Batten Leadership & Public Pol,3.87,45,0,25,20,0,0,0,0,0,0,0
2025 Spring,GSGS,4559,New Course: GSGS,043480,"Maradiaga,Felix",001,19906,College & Graduate Arts & Sci,3.99,26,20,5,1,0,0,0,0,0,0,0
2025 Spring,ISSS,3160,Democracy in America,020449,"Pitman,Paul",101,20261,Continuing & Prof Studies,3.39,17,0,1,6,8,1,0,0,1,0,0
2025 Spring,EDIS,5401,Teaching Secondary English II,040534,"Heny,Natasha",001,16827,School of Education and HumanDev,3.90,6,1,3,2,0,0,0,0,0,0,0
2025 Spring,ARH,7500,Spec Tops:Architecture History,002005,"Alikhan,Shaheen",001,19481,School of Architecture,3.63,6,0,2,3,0,0,1,0,0,0,0
2025 Spring,COMM,5559,New Course in Commerce,045299,"King,Adelaide",002,20682,McIntire School of Commerce,3.94,19,0,15,4,0,0,0,0,0,0,0
2025 Spring,ECE,4332,Introduction to VLSI Design,007693,"Calhoun,Benton",001,15500,Engineering & Applied Science,3.48,25,2,12,3,1,2,0,2,3,0,0
2025 Spring,STS,4600,Engr Ethcs Prof Responsibility,036750,"Forelle,MC",007,15548,Engineering & Applied Science,3.70,26,0,20,2,0,2,1,0,0,0,1
2025 Spring,BME,4315,Systems Bioengineering,046422,"Allen,Timothy",001,20298,Engineering & Applied Science,3.97,31,0,29,1,1,0,0,0,0,0,0
2025 Spring,APMA,3140,App Partial Differentl Equatns,001155,"Morris,Diana",001,15495,Engineering & Applied Science,3.26,36,0,12,7,3,3,5,2,1,2,1
2025 Spring,STS,4600,Engr Ethcs Prof Responsibility,036750,"Rider,Karina",014,15659,Engineering & Applied Science,3.83,27,7,13,3,1,3,0,0,0,0,0
2025 Spring,COMM,5460,Taxes & Business Strategy,006557,"Seidman,Jeri",002,17587,McIntire School of Commerce,3.68,17,2,6,3,5,1,0,0,0,0,0
2025 Spring,LPPP,4991,Capstone Seminar,042163,"Parker,Kevin",002,16538,Batten Leadership & Public Pol,4.00,18,15,3,0,0,0,0,0,0,0,0
2025 Spring,ENGL,3300,Engl Lit: Restoration & 18th C,011643,"O'Brien,John",001,19917,College & Graduate Arts & Sci,3.59,15,0,5,6,3,0,0,0,0,1,0
2025 Spring,HIME,4501,Sem Mid East & North Afr Hist,018864,"Kahlenberg,Caroline",001,19708,College & Graduate Arts & Sci,3.74,15,0,9,3,1,1,1,0,0,0,0
2025 Spring,EDIS,6760,Literacy Leadership Coaching,041923,"Thacker-Gwaltney,Susan Frances",501,20059,School of Education and HumanDev,3.94,21,0,18,2,1,0,0,0,0,0,0
2025 Spring,EGMT,1540,Ethical Engagement,044515,"Driver,Keith",112,13417,College & Graduate Arts & Sci,4.00,35,7,28,0,0,0,0,0,0,0,0
2025 Spring,EDIS,3040,Foundations of Early Child Edu,042221,"Larson,Elisa",501,17443,School of Education and HumanDev,3.93,24,4,16,3,1,0,0,0,0,0,0
2025 Spring,DRAM,4070,Hip Hop Theatre,046936,"Davis,Theresa",001,20136,College & Graduate Arts & Sci,3.44,20,0,5,8,4,2,0,0,0,0,1
2025 Spring,PLAN,5500,Special Topics in Planning,031328,"LAWRENCE,JENNIFER",002,20330,School of Architecture,3.85,17,1,11,3,1,1,0,0,0,0,0
2025 Spring,PSCJ,5350,Indvl & Orgnzl Effectiveness,032188,"Hoover,Mark",550,20733,Continuing & Prof Studies,3.80,11,0,6,4,0,1,0,0,0,0,0
2025 Spring,LPPS,3490,War and Society,047471,"Stam,Allan",01,20749,Batten Leadership & Public Pol,3.87,15,3,8,2,2,0,0,0,0,0,0
2025 Spring,ASTR,5420,Interstellar Medium,003108,"Indebetouw,Remy",001,18768,College & Graduate Arts & Sci,3.95,6,1,4,1,0,0,0,0,0,0,0
2025 Spring,MAE,6710,Finite Element Analysis,022680,"Panzer,Matthew",600,15550,Engineering & Applied Science,3.77,7,1,3,2,0,1,0,0,0,0,0
2025 Spring,CE,5410,Transportation Planning,004576,"Miller,John",600,15749,Engineering & Applied Science,3.89,8,1,4,3,0,0,0,0,0,0,0
2025 Spring,MATH,8750,Topology of Manifolds,023273,"Stees,Ryan",001,12998,College & Graduate Arts & Sci,3.67,6,0,4,0,0,2,0,0,0,0,0
2025 Spring,EDIS,5424,Second Language Acquisition,043457,"El-Bilawi,Nora",500,20053,School of Education and HumanDev,3.93,20,8,10,0,2,0,0,0,0,0,0
2025 Spring,NUIP,4420,Basic Research Concepts,029458,"Fleming,Louise",001,17884,School of Nursing,3.77,27,0,24,0,0,1,1,0,0,0,1
2025 Spring,ECE,4501,Special Topics: ECE,040915,"Alemzadeh,Homa",001,16112,Engineering & Applied Science,3.89,15,7,4,3,1,0,0,0,0,0,0
2025 Spring,EDHS,4040,Anat & Phys of Speech & Hear,044389,"Dubay,Michaela",001,16954,School of Education and HumanDev,3.83,43,0,32,7,1,2,0,0,0,0,1
2025 Spring,MSE,4210,Materials Processing,041919,"Fitz-Gerald,James",001,15277,Engineering & Applied Science,3.89,15,6,5,3,1,0,0,0,0,0,0
2025 Spring,ISLS,3360,Role of Memory & Human Cndtn,040972,"Matthews,Charlotte",101,20252,Continuing & Prof Studies,3.60,20,4,7,6,1,0,0,0,0,1,1
2025 Spring,EDLF,3180,Lifespan Development,044394,"Sweeney,Beverly",001,16957,School of Education and HumanDev,3.99,35,13,21,1,0,0,0,0,0,0,0
2025 Spring,ECE,3502,Special Topics ECE,040914,"Zhang,Miaomiao",001,16321,Engineering & Applied Science,3.79,14,4,5,2,2,1,0,0,0,0,0
2025 Spring,ENCW,4550,Topics in Literary Prose,043441,"Alison,Jane",002,20680,College & Graduate Arts & Sci,3.85,13,0,9,3,0,1,0,0,0,0,0
2025 Spring,EBUS,1800,Business Fundamentals,043892,"Cheng,James",001,19894,Engineering & Applied Science,3.86,54,0,35,16,1,2,0,0,0,0,0
2025 Spring,LAW,7036,CRT and Criminal Justice Lec,021848,"Forde-Mazrui,Kim",1,18813,School of Law,3.42,15,0,2,4,5,4,0,0,0,0,0
2025 Spring,CS,3501,Spec Topics Computer Science,045086,"Zhang,Miaomiao",001,16322,Engineering & Applied Science,3.73,57,30,15,1,4,2,1,1,1,1,1
2025 Spring,PHIL,8560,Political Philosophy Topic,043318,"Adams,Nate",001,19605,College & Graduate Arts & Sci,3.74,5,0,3,1,0,1,0,0,0,0,0
2025 Spring,ENTP,1010,Intro to Entrepreneurship,043881,"Kerpelman,Adam",004,17599,McIntire School of Commerce,3.73,39,2,28,5,1,0,0,1,0,0,2
2025 Spring,COMM,3050,Managerial Decision Making,006457,"Gray,Peter",006,17535,McIntire School of Commerce,3.51,40,1,5,14,16,3,1,0,0,0,0
2025 Spring,MAE,6260,Robotic Autonomy,046515,"Furukawa,Tomonari",600,16132,Engineering & Applied Science,3.94,5,3,1,1,0,0,0,0,0,0,0
2025 Spring,COMM,5161,ESG Accounting,047156,"McDermott,Katie",001,17663,McIntire School of Commerce,3.83,32,0,17,13,2,0,0,0,0,0,0
2025 Spring,CS,4710,Artificial Intelligence,006916,"White,Tonya L.",501,19392,Engineering & Applied Science,3.89,29,9,13,6,0,0,1,0,0,0,0
2025 Spring,GNUR,8660,Evidence-Based Practice,039371,"Yost,Terri",001,17883,School of Nursing,3.96,14,2,10,2,0,0,0,0,0,0,0
2025 Spring,PLAP,4500,Special Topics,031588,"Winter,Nicholas",005,19089,College & Graduate Arts & Sci,3.52,18,0,14,2,0,0,0,0,0,0,2
2025 Spring,CS,6501,Spec Top: Computer Science,006981,"Jog,Adwait",011,16263,Engineering & Applied Science,3.92,12,0,9,3,0,0,0,0,0,0,0
2025 Spring,MAE,3220,Aerodynamics,022583,"Ward,Thomas",001,15002,Engineering & Applied Science,3.39,43,0,16,5,7,7,3,4,0,1,0
2025 Spring,CS,6501,Spec Top: Computer Science,006981,"Behl,Madhur",012,16264,Engineering & Applied Science,3.66,17,1,4,8,2,2,0,0,0,0,0
2025 Spring,MATH,1190,A Survey of Calc I w Algebra,023387,"James,Daniel",200,12999,College & Graduate Arts & Sci,3.09,33,1,7,5,6,5,3,2,1,0,3
2025 Spring,STS,2600,Engineering Ethics,046988,"Berne,Rosalyn",011,19007,Engineering & Applied Science,3.59,25,1,6,9,5,4,0,0,0,0,0
2025 Spring,COMM,4230,Fintech: Info Tech in Finance,006501,"Grazioli,Stefano",001,17552,McIntire School of Commerce,3.84,31,0,22,6,0,2,1,0,0,0,0
2025 Spring,MUSI,4559,New Course: Music,042851,"Ozment,Elizabeth",001,19764,College & Graduate Arts & Sci,3.93,10,8,1,0,1,0,0,0,0,0,0
2025 Spring,SPAN,4530,Spec Topics Seminar: Language,035970,"Ferrando,Lorena Albert",001,13954,College & Graduate Arts & Sci,3.74,18,2,12,2,0,0,0,0,2,0,0
2025 Spring,AMST,3001,Theories & Methods of Amer Std,000457,"Tapia,Ruby",002,14417,College & Graduate Arts & Sci,3.69,12,0,8,0,2,1,1,0,0,0,0
2025 Spring,SYS,6018,Data Mining,036956,"Porter,Michael",600,15961,Engineering & Applied Science,3.71,9,0,5,2,0,2,0,0,0,0,0
2025 Spring,MDST,2690,Sports Journalism,044470,"Clay,Anna",002,19058,College & Graduate Arts & Sci,3.39,20,0,6,5,4,4,0,0,0,0,1
2025 Spring,STS,4600,Engr Ethcs Prof Responsibility,036750,"Davis,William",010,15272,Engineering & Applied Science,3.71,28,6,9,5,6,1,1,0,0,0,0
2025 Spring,APMA,2130,Ordinary Differentl Equations,001145,"Dizaji,Farzad Shafiei",001,14955,Engineering & Applied Science,3.21,35,5,12,5,1,5,0,0,2,1,4
2025 Spring,PLAD,2500,Special Topics,040272,"Leblang,David",001,13926,College & Graduate Arts & Sci,3.81,198,51,88,37,9,9,0,0,2,0,2
2025 Spring,ENGR,1020,Engineering Foundations 2,046986,"Mcalister,Anne",010,16223,Engineering & Applied Science,3.73,27,0,19,5,0,0,1,1,0,0,1
2025 Spring,ENGR,1020,Engineering Foundations 2,046986,"Starling,Anna Leyf",011,16224,Engineering & Applied Science,3.91,35,0,29,3,2,1,0,0,0,0,0
2025 Spring,SYS,6465,Human-Robot Interaction,045231,"Iqbal,Tariq",001,16080,Engineering & Applied Science,3.89,19,0,16,0,3,0,0,0,0,0,0
2025 Spring,EGMT,1530,Engaging Differences,044514,"Reilly,Lisa",127,20536,College & Graduate Arts & Sci,3.98,29,4,24,0,1,0,0,0,0,0,0
2025 Spring,ENGL,4560,Seminar Modern & Contemp Lit,012608,"Olwell,Victoria",002,19998,College & Graduate Arts & Sci,3.85,17,0,10,6,1,0,0,0,0,0,0
2025 Spring,CS,6763,CPS Safety and Security,046327,"Feng,Lu",001,15962,Engineering & Applied Science,3.98,45,0,43,1,1,0,0,0,0,0,0
2025 Spring,APMA,3110,Applied Stats & Probability,001153,"Ma,Hui",002,16115,Engineering & Applied Science,3.30,41,5,7,11,8,5,0,1,0,1,3
2025 Spring,SYS,2001,Systems Engineering Concepts,036895,"Burkett,Matthew",001,16284,Engineering & Applied Science,3.49,55,2,13,15,11,9,4,1,0,0,0
2025 Spring,HIEU,3312,"Europe at War, 1939-45",046089,"Hitchcock,William",100,19118,College & Graduate Arts & Sci,3.65,58,7,28,10,4,2,4,1,0,0,2
2025 Spring,HIEU,3141,Romans to Normans (43-1066),018443,"Kershaw,Paul",100,19126,College & Graduate Arts & Sci,3.71,35,0,12,16,6,1,0,0,0,0,0
2025 Spring,MUSI,1410,Symphonic Listening,046169,"Rous,Benjamin",100,12990,College & Graduate Arts & Sci,3.72,44,0,27,10,4,1,1,0,0,0,1
2025 Spring,SYS,5581,Topics in Systems Engineering,040876,"Schoka,Andrew",003,19891,Engineering & Applied Science,3.74,8,1,4,0,3,0,0,0,0,0,0
2025 Spring,SYS,5581,Topics in Systems Engineering,040876,"Schoka,Andrew",600,19892,Engineering & Applied Science,3.57,23,1,9,6,3,1,1,1,1,0,0
2025 Spring,CS,1112,Introduction to Programming,007058,"Basit,Nada",002,16241,Engineering & Applied Science,3.91,89,36,42,6,1,2,0,1,1,0,0
2025 Spring,EDHS,2230,Drug Awareness,044847,"Pleszkoch,Elisabeth",001,16985,School of Education and HumanDev,3.87,79,1,65,5,4,2,1,0,0,0,1
2025 Spring,EGMT,1510,Engaging Aesthetics,044512,"Dalton,Dave",204,14082,College & Graduate Arts & Sci,4.00,35,17,18,0,0,0,0,0,0,0,0
2025 Spring,CELL,8301,Adv Topics in Cell Biology,042509,"Dwyer,Noelle",001,18467,Medical School - BIMS/PHS,4.00,10,7,3,0,0,0,0,0,0,0,0
2025 Spring,ISIN,4510,Sp Tps Conduct Inquiry: So Sci,043255,"Plunkett,Ann Marie",101,20271,Continuing & Prof Studies,3.66,25,0,8,9,7,1,0,0,0,0,0
2025 Spring,MAE,6070,Theory of Elasticity,022646,"Xu,Baoxing",001,16267,Engineering & Applied Science,3.82,13,3,6,1,3,0,0,0,0,0,0
2025 Spring,KOR,1020,Elementary Korean II,020865,"CHOI,YOON HWA",004,13944,College & Graduate Arts & Sci,3.75,19,4,6,6,0,3,0,0,0,0,0
2025 Spring,CHEM,1820,Organic Chemistry Accelerated,005667,"Serbulea,Laura",100,10603,College & Graduate Arts & Sci,3.52,74,2,36,9,11,6,4,2,1,2,1
2025 Spring,CS,3250,Software Testing,045512,"Wang,Wenxi",001,20539,Engineering & Applied Science,3.84,70,14,33,15,7,0,0,0,1,0,0
2025 Spring,CGBM,2210,Digital Skills for Workplace,047002,"Schuff,David",002,20666,McIntire School of Commerce,3.54,37,0,8,14,9,4,2,0,0,0,0
2025 Spring,ASTR,3490,Galaxies,047481,"Whittle,Mark",001,20668,College & Graduate Arts & Sci,2.88,36,4,6,4,6,3,4,2,0,2,5
2025 Spring,AAS,3500,Intermediate Seminar in AAS,039376,"Claytor,Kache",001,19102,College & Graduate Arts & Sci,3.78,12,0,10,0,1,0,0,0,1,0,0
2025 Spring,PLCP,2110,Italy and European Politics,031761,"White,Tonya L.",501,19401,College & Graduate Arts & Sci,3.86,14,4,6,2,2,0,0,0,0,0,0
2025 Spring,PLAP,3700,Racial Politics,031580,"Mackey,Amber",001,19086,College & Graduate Arts & Sci,3.74,26,2,12,7,2,2,1,0,0,0,0
2025 Spring,BME,2101,Physiology I for Engineers,004059,"Wellbeloved,Elizabeth A.",501,19410,Engineering & Applied Science,3.82,13,1,7,3,2,0,0,0,0,0,0
2025 Spring,PLPT,5500,Special Topics in Pol Theory,044639,"Donahue-Ochoa,Tom",002,20555,College & Graduate Arts & Sci,3.97,9,4,4,1,0,0,0,0,0,0,0
2025 Spring,PSYC,7559,New Course: PSYC,040938,"Long,Nicole",003,20389,College & Graduate Arts & Sci,3.97,9,7,1,1,0,0,0,0,0,0,0
2025 Spring,COMM,1800,Foundations of Commerce,006438,"Costanza,David",003,17580,McIntire School of Commerce,3.52,150,5,49,45,21,14,5,3,3,3,2
2025 Spring,GNUR,5390,Intro. to U.S. Healthcare,043722,"Mayes,Rick",001,18020,School of Nursing,3.97,31,0,29,1,1,0,0,0,0,0,0
2025 Spring,SYS,6763,CPS Safety and Security,046328,"Feng,Lu",001,15963,Engineering & Applied Science,3.95,13,0,11,2,0,0,0,0,0,0,0
2025 Spring,GCNL,5230,Thry Research & Nurs Practice,045563,"Westphal,Richard",001,17935,School of Nursing,3.98,43,5,35,3,0,0,0,0,0,0,0
2025 Spring,AAS,3830,"Being Human: Race, Tech, Arts",044910,"Hamilton,Njelle",001,19101,College & Graduate Arts & Sci,3.58,14,3,6,3,0,1,0,0,0,0,1
2025 Spring,ENCW,2600,Fiction Writing,013455,"Kim,Seonah",010,20855,College & Graduate Arts & Sci,3.82,12,0,6,5,1,0,0,0,0,0,0
2025 Spring,HIUS,2002,American History Since 1865,019528,"Kahrl,Andrew",100,19119,College & Graduate Arts & Sci,3.45,38,0,13,9,4,5,4,3,0,0,0
2025 Spring,ECE,2200,Applied Physics,046963,"Ghosh,Avik",002,16250,Engineering & Applied Science,3.84,60,4,37,13,2,4,0,0,0,0,0
2025 Spring,MUSI,2307,Play Guitar! Level 1,045484,"Rosensky,Michael",001,12981,College & Graduate Arts & Sci,3.64,19,0,6,8,2,3,0,0,0,0,0
2025 Spring,SYS,6018,Data Mining,036956,"Porter,Michael",001,15960,Engineering & Applied Science,3.75,24,0,21,0,0,2,0,0,0,0,1
2025 Spring,RELI,5415,Intro Arabic & Islamic Studies,046146,"al-Rahim,Ahmed",001,13887,College & Graduate Arts & Sci,3.95,6,3,2,1,0,0,0,0,0,0,0
2025 Spring,APMA,1110,Single Variable Calculus II,001140,"Abramenko,Monika",002,14950,Engineering & Applied Science,2.60,36,5,2,5,2,3,5,1,5,1,7
2025 Spring,STS,4600,Engr Ethcs Prof Responsibility,036750,"Foley,Rider",005,15053,Engineering & Applied Science,3.45,29,0,18,0,0,8,0,0,2,0,1
2025 Spring,CS,4640,PL for Web Applications,044244,"Hott,Robbie",001,16253,Engineering & Applied Science,3.20,67,2,12,6,19,9,13,2,2,0,2
2025 Spring,SOC,3490,Cities and Cultures,037662,"Makarova,Ekaterina",001,13998,College & Graduate Arts & Sci,3.81,18,0,9,7,2,0,0,0,0,0,0
2025 Spring,EAST,1559,New Course: EAST,038643,"Zhao,Ran",001,19055,College & Graduate Arts & Sci,4.00,20,3,17,0,0,0,0,0,0,0,0
2025 Spring,SPAN,1060,Accelerated Elementary Spanish,035820,"Street,Matthew",004,19063,College & Graduate Arts & Sci,3.53,16,3,9,0,0,0,1,0,2,1,0
2025 Spring,ISIN,4510,Sp Tps Conduct Inquiry: So Sci,043255,"Floyd,Richard",102,20273,Continuing & Prof Studies,3.21,18,0,6,4,1,3,0,0,2,1,1
2025 Spring,COMM,3120,Intermediate Accounting II,006462,"Winchel,Jennifer",002,17539,McIntire School of Commerce,3.68,53,1,27,9,9,6,0,1,0,0,0
2025 Spring,COMM,2600,Leadership Across Disciplines,006449,"Lovelace,Jeffrey",001,17593,McIntire School of Commerce,3.75,66,2,29,25,5,3,2,0,0,0,0
2025 Spring,RELA,5094,What is Love?,045836,"Ogunnaike,Oludamini",001,19254,College & Graduate Arts & Sci,4.00,6,2,4,0,0,0,0,0,0,0,0
2025 Spring,NUCO,4450,Population & Public Health Nsg,042287,"Whitlow,Malinda",001,17831,School of Nursing,3.62,26,8,9,2,0,3,1,3,0,0,0
2025 Spring,ECE,3251,Electromag Energy Convers Lab,041834,"Barnes,Adam",001,15275,Engineering & Applied Science,4.00,11,8,3,0,0,0,0,0,0,0,0
2025 Spring,MATH,1310,Calculus I,022953,"Wang,Xiaojing",500,13004,College & Graduate Arts & Sci,2.81,22,5,4,0,5,1,0,1,1,0,5
2025 Spring,WGS,3612,Gender in the U.S. 1865-Pres,041840,"Hagerman,Bonnie",001,19847,College & Graduate Arts & Sci,3.32,22,1,8,4,2,2,0,1,3,0,1
2025 Spring,PSPS,6010,Constitutional Framework of PS,046293,"Cantil-Sakauye,Tani",580,20655,Continuing & Prof Studies,3.94,26,11,11,3,1,0,0,0,0,0,0
2025 Spring,EDHS,8670,Assessment of Children,009300,"Mazurek,Micah",001,16764,School of Education and HumanDev,3.89,9,1,6,1,1,0,0,0,0,0,0
2025 Spring,STS,4600,Engr Ethcs Prof Responsibility,036750,"Laugelli,Benjamin",027,20339,Engineering & Applied Science,3.94,28,9,13,6,0,0,0,0,0,0,0
2025 Spring,EDIS,2010,Teaching as a Profession,009383,"Chabalengula,Vivien",500,16767,School of Education and HumanDev,3.88,39,0,35,1,1,1,0,0,0,0,1
2025 Spring,EDIS,5340,Tchng Soc Stu in Elem School,009454,"Blatt,Aaron",001,16780,School of Education and HumanDev,3.95,13,0,11,2,0,0,0,0,0,0,0
2025 Spring,BIOL,4070,Developmental Biology Lab,003594,"Keller,Raymond",001,13358,College & Graduate Arts & Sci,4.00,22,6,16,0,0,0,0,0,0,0,0
2025 Spring,EDLF,3160,Intro to Educ Psychology,009661,"Wood,Kathryn Leigh Keller",001,16772,School of Education and HumanDev,3.91,11,2,7,1,1,0,0,0,0,0,0
2025 Spring,DS,1002,Programming for Data Science,046058,"Dahshan,Mai",003,20530,School of Data Science,3.64,17,2,9,4,0,1,0,0,0,0,1
2025 Spring,LPPS,3150,Practical Nonproft Fundraising,045946,"Hall,Erin",001,20296,Batten Leadership & Public Pol,3.51,17,0,4,10,2,0,0,0,0,0,1
2025 Spring,EDHS,8130,Dysphagia,009260,"Mason,Kazlin",001,16760,School of Education and HumanDev,3.74,32,0,16,9,5,2,0,0,0,0,0
2025 Spring,STS,2600,Engineering Ethics,046988,"Davis,William",002,16231,Engineering & Applied Science,3.84,28,0,20,5,1,1,1,0,0,0,0
2025 Spring,ARCH,7230,Building Workshop III,001692,"Robles,Ines Martin",001,10360,School of Architecture,3.69,50,2,19,16,11,1,0,0,1,0,0
2025 Spring,APMA,3150,From Data to Knowledge,044104,"Chen,Heze",001,16293,Engineering & Applied Science,3.59,37,2,16,11,2,3,1,0,1,0,1
2025 Spring,COMM,3410,Commercial Law I,006470,"Moore,Sherri",001,17540,McIntire School of Commerce,3.45,250,0,63,93,37,18,23,6,3,3,4
2025 Spring,KINE,3500,Special Topics in Kinesiology,043152,"Kelly,Darren",001,20540,School of Education and HumanDev,3.11,10,1,3,1,0,2,0,0,1,2,0
2025 Spring,MSE,6080,Chm & Electrchm Prop Solid Mat,024424,"Scully,John",001,20542,Engineering & Applied Science,3.76,14,4,4,2,4,0,0,0,0,0,0
2025 Spring,EDIS,5820,Assessment Of and For Learning,045053,"Fitzpatrick,Mary",500,20054,School of Education and HumanDev,3.77,7,0,3,3,1,0,0,0,0,0,0
2025 Spring,COMM,3050,Managerial Decision Making,006457,"Gray,Peter",005,17534,McIntire School of Commerce,3.47,38,3,6,18,5,3,0,0,1,1,1
2025 Spring,LPPA,7160,Rsch Mthds & Data Analysis II,038283,"Trillo,Daniel Tello",200,16534,Batten Leadership & Public Pol,3.17,49,0,2,10,7,20,10,0,0,0,0
2025 Spring,EDHS,8730,Family Theory and Therapy,009305,"Robinson,Sara",001,16766,School of Education and HumanDev,3.99,26,1,24,1,0,0,0,0,0,0,0
2025 Spring,EDHS,9761,Child Therapy,039111,"Wymer,Sarah",001,16779,School of Education and HumanDev,3.94,10,2,6,2,0,0,0,0,0,0,0
2025 Spring,ECE,6660,Analog Integrated Circuits,007727,"Bowers,Steven",001,19581,Engineering & Applied Science,2.85,17,1,4,1,2,1,3,0,2,0,3
2025 Spring,EVGE,5559,New Course: EVGE,039118,"Richardson,Justin",001,20549,College & Graduate Arts & Sci,3.96,7,1,5,1,0,0,0,0,0,0,0
2025 Spring,PLPT,4500,Special Topics,031937,"Ceaser,James",003,20559,College & Graduate Arts & Sci,3.77,14,0,8,5,0,0,0,1,0,0,0
2025 Spring,EDHS,3240,Peer Health Education,009096,"Jones,Jason",001,20329,School of Education and HumanDev,3.85,19,2,10,6,0,1,0,0,0,0,0
2025 Spring,LPPS,6330,Confronting US Climate Policy,047496,"Martin,Paul",001,20786,Batten Leadership & Public Pol,3.35,8,0,2,3,0,1,1,0,1,0,0
2025 Spring,EDIS,5710,Rdng/Wrtng Acrss Content Areas,009474,"Bailey,Cassie A",500,20052,School of Education and HumanDev,3.87,17,0,11,5,1,0,0,0,0,0,0
2025 Spring,PSCJ,5320,"Leadership, Mngmt, and Commun",032185,"Hoover,Mark",550,20724,Continuing & Prof Studies,3.57,11,0,4,2,3,2,0,0,0,0,0
2025 Spring,MDST,3113,Black Americans in Horror Film,047490,"Coleman,Robin Means",001,20764,College & Graduate Arts & Sci,3.56,15,3,3,3,2,3,1,0,0,0,0
2025 Spring,STS,4600,Engr Ethcs Prof Responsibility,036750,"Jacques,Richard",022,15547,Engineering & Applied Science,3.86,33,4,19,9,0,0,0,0,1,0,0
2025 Spring,PHS,7411,Hlth Policy Analysis: Sec Data,045367,"Zelle,Heather",001,18565,Medical School - BIMS/PHS,3.97,21,1,18,2,0,0,0,0,0,0,0
2025 Spring,LPPS,6365,Effectual Entrepreneurship,047497,"Crombie,Amanda",001,20783,Batten Leadership & Public Pol,3.53,9,0,2,4,1,1,1,0,0,0,0
2025 Spring,EVSC,4542,Topics in Landscape Evolution,046151,"Limaye,Ajay",001,18804,College & Graduate Arts & Sci,3.88,16,6,6,3,0,1,0,0,0,0,0
2025 Spring,LPPL,6050,Leadership in the Public Arena,040971,"Pennock,Andrew",200,18877,Batten Leadership & Public Pol,3.36,41,0,7,12,15,2,1,1,1,1,1
2025 Spring,MUSI,2559,New Course: MUSI,040725,"DeVeaux,Scott",001,20763,College & Graduate Arts & Sci,3.71,20,2,8,6,1,2,1,0,0,0,0
2025 Spring,COMM,4350,Cust Analytics & Brand Strat,006519,"Maxham,James",002,17588,McIntire School of Commerce,3.96,23,6,14,3,0,0,0,0,0,0,0
2025 Spring,RELG,2285,"Religion, Politics, Society",040760,"Maffly-Kipp,Laurie",001,21298,College & Graduate Arts & Sci,3.46,17,1,4,6,2,1,2,0,0,1,0
2025 Spring,PHYS,2040,Princip of Physics 2 Workshop,030812,"Bychkov,Maxim Aleksandrovich",020,20801,College & Graduate Arts & Sci,3.98,13,1,11,1,0,0,0,0,0,0,0
2025 Spring,EDLF,8383,Qualitative Inquiry,044850,"Uzzell,Elizabeth",502,20102,School of Education and HumanDev,3.54,12,1,5,4,0,1,0,0,0,0,1
2025 Spring,LAW,7701,Mutual Fund Regulation (SC),042372,"Zack,Robert",1,20639,School of Law,3.54,5,0,2,1,1,0,1,0,0,0,0
2025 Spring,BIOL,8559,New Course: BIOL,038581,"Campbell,John",001,20369,College & Graduate Arts & Sci,3.81,10,2,4,3,0,1,0,0,0,0,0
2025 Spring,EDIS,2013,Media Portrayals of Teachers,046848,"Pease,Jennifer",001,20676,School of Education and HumanDev,3.89,14,2,10,1,0,0,1,0,0,0,0
2025 Spring,CGBM,2210,Digital Skills for Workplace,047002,"Schuff,David",001,20665,McIntire School of Commerce,3.59,40,0,6,20,12,2,0,0,0,0,0
2025 Spring,LPPS,3220,Big Tech Society&Public Policy,047451,"Touve,David",001,20762,Batten Leadership & Public Pol,3.76,27,0,9,15,3,0,0,0,0,0,0
2025 Spring,LPPA,7160,Rsch Mthds & Data Analysis II,038283,"Trillo,Daniel Tello",100,16533,Batten Leadership & Public Pol,3.16,46,0,2,5,20,8,9,2,0,0,0
2025 Spring,NESC,8010,Seminar in Neuroscience,029306,"Beenhakker,Mark",001,18529,Medical School - BIMS/PHS,3.88,54,32,13,3,3,2,1,0,0,0,0
2025 Spring,PHY,8041,Physiology B,042507,"Ebrahim,Seham",001,18459,Medical School - BIMS/PHS,3.94,10,1,7,2,0,0,0,0,0,0,0
2025 Spring,EGMT,1520,Empirical Engagement,044513,"Castorani,Max",108,20624,College & Graduate Arts & Sci,3.93,36,5,30,0,0,0,0,0,0,0,1
2025 Spring,COMM,3420,Commercial Law II,006471,"Moore,Sherri",001,17542,McIntire School of Commerce,3.57,153,0,50,60,19,12,5,2,2,1,2
2025 Spring,LPPS,6724,Just Policy,047476,"Campanelli,Richard",001,20760,Batten Leadership & Public Pol,3.43,19,1,4,2,7,4,1,0,0,0,0
2025 Spring,LAW,7028,Interp Theory and Mthds Lec,021647,"Solum,Lawrence",1,18812,School of Law,3.64,18,1,0,13,4,0,0,0,0,0,0
2025 Spring,ENWR,1510,Writing and Critical Inquiry,013432,"Williams,Tom",064,13065,College & Graduate Arts & Sci,3.88,16,0,14,0,0,2,0,0,0,0,0
2025 Spring,ARTS,2000,Intro to Studio Art,045397,"Williamson,Marisa",005,20642,College & Graduate Arts & Sci,3.98,15,8,6,1,0,0,0,0,0,0,0
2025 Spring,ACCT,3020,Intro Acct II,045931,"Lahijani,Rich",701,20777,Continuing & Prof Studies,3.56,13,0,6,2,2,2,0,1,0,0,0
2025 Spring,LAW,7106,Law of the Police I,041686,"Harmon,Rachel",1,18842,School of Law,3.55,51,2,8,18,19,3,0,1,0,0,0
2025 Spring,PLCP,8200,Compar Institutions,031746,"Mershon,Carol A",001,19024,College & Graduate Arts & Sci,3.89,8,0,5,3,0,0,0,0,0,0,0
2025 Spring,PSPM,5230,Leadership & Proj Team Mgmt,029799,"Powers,Michael",701,20208,Continuing & Prof Studies,3.45,24,0,10,7,0,1,4,0,1,0,1
2025 Spring,AAS,3559,New Course: AAS,038532,"Mutwafy,Salma",002,19106,College & Graduate Arts & Sci,3.13,15,1,3,1,4,2,1,1,1,0,1
2025 Spring,COMM,4681,Entrepreneurship Trck Capstone,040148,"Martin,Eric",001,17558,McIntire School of Commerce,3.66,43,0,10,24,5,4,0,0,0,0,0
2025 Spring,SPAN,4040,Translation Spanish to English,035927,"Cobb,Erica",003,18917,College & Graduate Arts & Sci,4.00,18,4,14,0,0,0,0,0,0,0,0
2025 Spring,KINE,3630,Emergency Medical Care,009126,"Swaim,Erin",100,17438,School of Education and HumanDev,3.82,39,11,17,6,2,2,0,1,0,0,0
2025 Spring,EDIS,5221,Reading & Writing Foundations,009443,"Hayes,Latisha",500,17446,School of Education and HumanDev,3.62,17,0,8,8,0,0,0,0,0,0,1
2025 Spring,ECE,4435,Computer Architecture & Design,007695,"Delong,Todd",001,15334,Engineering & Applied Science,3.89,77,31,37,2,2,4,0,0,0,1,0
2025 Spring,COMM,3050,Managerial Decision Making,006457,"Heng,Yu Tse",004,17533,McIntire School of Commerce,3.73,34,0,13,14,7,0,0,0,0,0,0
2025 Spring,PSPS,6000,Transform Ldrshp in Chng Times,046466,"Bradshaw,Thomas",581,20645,Continuing & Prof Studies,3.90,44,0,42,1,0,0,0,0,0,0,1
2025 Spring,MSE,2090,Intro to Materials Science,024402,"Cai,Liheng",003,16091,Engineering & Applied Science,3.38,27,1,3,12,6,1,1,1,1,0,1
2025 Spring,MAE,3210,Fluid Mechanics,022582,"Griffiths,Peter",001,19630,Engineering & Applied Science,3.46,20,5,4,2,4,1,1,3,0,0,0
2025 Spring,CS,4501,Spec Top: Computer Science,006942,"Kautz,Henry",001,20647,Engineering & Applied Science,3.99,32,23,8,1,0,0,0,0,0,0,0
2025 Spring,GCOM,7340,Corporate Financial Reporting,015401,"McDermott,Katie",1,17572,McIntire School of Commerce,3.66,31,0,11,11,6,3,0,0,0,0,0
2025 Spring,CGBM,2710,Making Financial Decisions,047004,"Gamrat,Gretchen",003,20669,McIntire School of Commerce,3.45,20,0,6,3,4,6,1,0,0,0,0
2025 Spring,BME,6550,Spec Topics: Biomedical Engr,004145,"Dolatshahi,Sepideh",004,20677,Engineering & Applied Science,3.95,6,1,4,1,0,0,0,0,0,0,0
2025 Spring,STS,2600,Engineering Ethics,046988,"Davis,William",003,16232,Engineering & Applied Science,3.93,28,0,23,4,1,0,0,0,0,0,0
2025 Spring,EDIS,5270,Teaching Read & Write to ELs,043202,"Simkin,Carrie",500,17238,School of Education and HumanDev,4.00,10,3,7,0,0,0,0,0,0,0,0
2025 Spring,PSHM,4750,Organiz Behavior & Leadership,045162,"Mitchell,Herron",101,20280,Continuing & Prof Studies,3.76,21,3,14,0,2,0,1,0,0,1,0
2025 Spring,CHEM,5770,Mass Spectrometry,047477,"Ma,Xin",001,20679,College & Graduate Arts & Sci,3.73,15,9,0,2,2,2,0,0,0,0,0
2025 Spring,PSPS,6000,Transform Ldrshp in Chng Times,046466,"Gustafson,Bryon",580,20644,Continuing & Prof Studies,3.89,47,0,30,17,0,0,0,0,0,0,0
2025 Spring,PSPS,6030,Dev & Imp Systems of Emer Prep,046292,"Plummer,Eric",581,20649,Continuing & Prof Studies,3.85,20,0,10,10,0,0,0,0,0,0,0
2025 Spring,ENWR,1510,Writing and Critical Inquiry,013432,"Robins,River",073,13441,College & Graduate Arts & Sci,4.00,18,4,14,0,0,0,0,0,0,0,0
2025 Spring,CS,6501,Spec Top: Computer Science,006981,"Alemzadeh,Homa",013,16114,Engineering & Applied Science,3.80,8,2,2,3,1,0,0,0,0,0,0
2025 Spring,LPPP,4991,Capstone Seminar,042163,"Jardina,Ashley",001,16537,Batten Leadership & Public Pol,3.66,18,0,9,5,1,1,1,1,0,0,0
2025 Spring,IT,1010,Explorations in Cyber Security,044658,"Spencer,Jennie",560,20292,Continuing & Prof Studies,3.28,15,1,5,5,0,0,1,0,2,0,1
2025 Spring,STS,2600,Engineering Ethics,046988,"Pappas,Jesse",005,16234,Engineering & Applied Science,3.83,28,0,21,4,1,1,0,0,1,0,0
2025 Spring,CS,2120,Discrete Math and Theory 1,046227,"Datar,Shivani",003,20643,Engineering & Applied Science,2.96,124,3,24,17,12,24,12,13,6,4,9
2025 Spring,EDLF,3492,Political Dialogue,046660,"Wahl,Rachel",001,17453,School of Education and HumanDev,4.00,14,4,10,0,0,0,0,0,0,0,0
2025 Spring,PLIR,4431,Democracy and Foreign Policy,042174,"Furia,Peter",001,19893,College & Graduate Arts & Sci,3.60,14,0,11,1,0,0,1,0,0,0,1
2025 Spring,MDST,4510,Capstone Topics,045773,"Rao,Pallavi",003,13524,College & Graduate Arts & Sci,3.93,18,0,15,2,1,0,0,0,0,0,0
2025 Spring,COMM,5559,New Course in Commerce,045299,"Johnson,Steven",001,20681,McIntire School of Commerce,3.87,9,1,4,4,0,0,0,0,0,0,0
2025 Spring,CS,3120,Discrete Math and Theory 2,046229,"White,Tonya L.",501,19389,Engineering & Applied Science,3.91,33,4,22,5,2,0,0,0,0,0,0
2025 Spring,GETR,3392,Fairy Tales,045570,"Schmid,Marcel",002,19808,College & Graduate Arts & Sci,3.97,30,4,23,3,0,0,0,0,0,0,0
2025 Spring,MAE,2310,Strength of Materials,022575,"Kerrigan,Jason",001,14999,Engineering & Applied Science,3.05,121,10,26,22,12,11,11,4,9,4,12
2025 Spring,KINE,3450,Exercise & Nutrition Medicine,044387,"Angadi,Siddhartha",001,16953,School of Education and HumanDev,3.13,62,0,5,22,11,8,6,2,3,2,3
2025 Spring,RELB,2450,Zen,033836,"Heller,Natasha",100,19256,College & Graduate Arts & Sci,3.58,30,2,14,5,3,3,0,2,0,0,1
2025 Spring,GCOM,7621,Managing Sustainable Dev,044168,"White,Mark",001,17666,McIntire School of Commerce,3.19,7,0,1,0,1,5,0,0,0,0,0
2025 Spring,MAE,2320,Dynamics,022576,"Wellbeloved,Elizabeth A.",501,19415,Engineering & Applied Science,3.61,14,0,3,7,3,0,1,0,0,0,0
2025 Spring,ECON,3020,Intermediate Macroeconomics,007909,"Smirnyagin,Vladimir",090,12569,College & Graduate Arts & Sci,3.02,84,4,14,5,12,14,14,9,9,3,0
2025 Spring,EGMT,1510,Engaging Aesthetics,044512,"O'Donoghue,Meghan",206,14084,College & Graduate Arts & Sci,4.00,34,2,32,0,0,0,0,0,0,0,0
2025 Spring,CHE,4445,Fund Process Safety,046931,"Unnerstall,Ronald",001,16160,Engineering & Applied Science,3.95,25,5,17,2,1,0,0,0,0,0,0
2025 Spring,CJ,5730,Leadership in Complex Environ,046499,"Lehman,Matthew D",C901,21439,Continuing & Prof Studies,3.43,11,0,5,3,2,0,0,0,0,0,1
2025 Spring,EGMT,1510,Engaging Aesthetics,044512,"Dakouri-Hild,Anastasia",107,14066,College & Graduate Arts & Sci,4.00,35,9,26,0,0,0,0,0,0,0,0
2025 Spring,APMA,2501,Special Topics in APMA,044139,"Williams,Keith",002,20660,Engineering & Applied Science,3.78,28,0,17,7,2,1,0,1,0,0,0
2025 Spring,ECE,2200,Applied Physics,046963,"Ghosh,Avik",001,16249,Engineering & Applied Science,3.88,143,8,96,31,6,0,0,0,2,0,0
2025 Spring,GNUR,6310,AG-AC Seminar I,016999,"Lester,Elizabeth",001,17932,School of Nursing,3.81,16,0,9,6,0,0,1,0,0,0,0
2025 Spring,ECON,4350,Corporate Finance,007969,"Mcgee,Christopher",100,14011,College & Graduate Arts & Sci,3.18,92,2,12,23,15,14,11,8,4,0,3
2025 Spring,PSPS,6050,Stewardship PA & Managing HC,046295,"Kerner,Patrice",580,20652,Continuing & Prof Studies,3.94,35,0,29,5,1,0,0,0,0,0,0
2025 Spring,ARCH,2114,Sust & Sys in Built Environ,047423,"Klotz,Leidy",001,19075,School of Architecture,3.76,82,9,53,7,4,5,0,1,2,0,1
2025 Spring,COMM,5110,Financial Statement Analysis,043381,"Koch,Adam",001,17568,McIntire School of Commerce,3.60,36,1,13,7,9,6,0,0,0,0,0
2025 Spring,EGMT,1510,Engaging Aesthetics,044512,"Zaccagnini,Michele",115,14072,College & Graduate Arts & Sci,3.89,35,2,32,0,0,0,0,0,0,0,1
2025 Spring,EGMT,1510,Engaging Aesthetics,044512,"Dakouri-Hild,Anastasia",213,14173,College & Graduate Arts & Sci,3.91,34,5,26,0,0,3,0,0,0,0,0
2025 Spring,PORT,3030,Lusophone Cultures,047467,"Feitosa,Lilian",001,20678,College & Graduate Arts & Sci,3.95,14,6,7,0,1,0,0,0,0,0,0
2025 Spring,MATH,1310,Calculus I,022953,"Wang,Xiaojing",100,10750,College & Graduate Arts & Sci,3.25,15,5,1,3,1,0,1,2,1,0,1
2025 Spring,EDIS,2010,Teaching as a Profession,009383,"Chabalengula,Vivien",700,16858,School of Education and HumanDev,3.99,37,1,35,1,0,0,0,0,0,0,0
2025 Spring,BIMS,8702,Computational Biology II,047247,"Sheffield,Nathan",001,18730,Medical School - BIMS/PHS,3.95,12,0,10,2,0,0,0,0,0,0,0
2025 Spring,GETR,3464,Stories of Love and Adventure,045859,"McDonald,William",002,13131,College & Graduate Arts & Sci,3.59,27,0,10,7,4,5,1,0,0,0,0
2025 Spring,COMM,5110,Financial Statement Analysis,043381,"Koch,Adam",002,17569,McIntire School of Commerce,3.68,40,0,21,8,2,9,0,0,0,0,0
2025 Spring,ENGL,2508,Studies in Fiction,012491,"Ganguly,Debjani",001,19912,College & Graduate Arts & Sci,3.55,18,0,6,9,2,0,0,0,0,0,1
2025 Spring,EGMT,1520,Empirical Engagement,044513,"Chajes,Johanna",212,13401,College & Graduate Arts & Sci,3.99,34,4,29,1,0,0,0,0,0,0,0
2025 Spring,COMM,4350,Cust Analytics & Brand Strat,006519,"Maxham,James",001,17571,McIntire School of Commerce,3.89,28,8,12,6,2,0,0,0,0,0,0
2025 Spring,MUSI,4770,Choral Arranging,044425,"Slon,Michael",001,19809,College & Graduate Arts & Sci,3.77,10,1,5,2,1,1,0,0,0,0,0
2025 Spring,EGMT,1510,Engaging Aesthetics,044512,"Zaccagnini,Michele",113,14070,College & Graduate Arts & Sci,4.00,35,9,26,0,0,0,0,0,0,0,0
2025 Spring,CHEM,2420,Organic Chemistry II,005699,"Frantz,Alicia",100,10605,College & Graduate Arts & Sci,3.12,92,0,17,12,16,18,13,7,6,2,1
2025 Spring,ENGL,3610,Global Cultural Studies,044436,"Levenson,Michael",200,19911,College & Graduate Arts & Sci,3.68,32,0,17,8,1,3,2,1,0,0,0
2025 Spring,ECE,6502,Spec Top:Elect & Computer Engr,007732,"Stan,Mircea",001,15504,Engineering & Applied Science,3.97,10,3,6,1,0,0,0,0,0,0,0
2025 Spring,AAS,2500,Topics in Africana Studies,046413,"Sinclair,Shelby",001,13083,College & Graduate Arts & Sci,3.91,14,0,11,2,1,0,0,0,0,0,0
2025 Spring,EGMT,1530,Engaging Differences,044514,"O'Rourke,Eyleen",120,14213,College & Graduate Arts & Sci,3.98,33,2,29,2,0,0,0,0,0,0,0
2025 Spring,PHS,7202,App Econ Pol Analy/Strat Plan,046868,"You,Wen",001,18711,Medical School - BIMS/PHS,3.93,8,0,6,2,0,0,0,0,0,0,0
2025 Spring,GETR,3392,Fairy Tales,045570,"Bennett,Benjamin K",003,21267,College & Graduate Arts & Sci,3.61,19,0,4,9,5,0,1,0,0,0,0
2025 Spring,DS,2002,Data Science Systems,046059,"Rivera,Austin Taylor",004,21262,School of Data Science,3.95,40,22,15,2,0,0,1,0,0,0,0
2025 Spring,RELA,2850,Afro Creole Relg in Americas,033807,"Schmidt,Jalane",100,19249,College & Graduate Arts & Sci,2.67,11,1,2,3,1,1,0,0,0,0,3
2025 Spring,SPAN,2020,Advanced Intermediate Spanish,035854,"West,Rachel",023,19018,College & Graduate Arts & Sci,3.72,17,1,5,10,0,0,0,1,0,0,0
2025 Spring,CS,3120,Discrete Math and Theory 2,046229,"Floryan,Mark",001,16064,Engineering & Applied Science,2.95,187,7,37,26,22,23,18,16,10,11,17
2025 Spring,MAE,4620,ME Design II,037541,"Momot,Michael",001,15058,Engineering & Applied Science,3.93,36,21,10,4,0,0,1,0,0,0,0
2025 Spring,HIUS,3171,U.S. Since 1945,019579,"Milov,Sarah",100,19113,College & Graduate Arts & Sci,3.56,34,2,13,9,7,1,0,0,0,1,1
2025 Spring,CJ,5890,Law Enforcement ExecEssentials,044117,"Castillo,Angel",A2,21406,Continuing & Prof Studies,3.96,22,0,19,3,0,0,0,0,0,0,0
2025 Spring,CE,2310,Strength of Materials,004439,"Gomez,Jose",001,15379,Engineering & Applied Science,3.70,32,5,14,9,1,1,1,0,0,0,1
2025 Spring,PLAP,3310,American Presidency,031568,"Milkis,Sidney",001,19076,College & Graduate Arts & Sci,3.28,25,0,6,4,4,10,0,0,0,0,1
2025 Spring,DS,2002,Data Science Systems,046059,"Williamson,Jason",002,14885,School of Data Science,3.95,70,42,18,8,2,0,0,0,0,0,0
2025 Spring,GNUR,8645,Ethics & Leadership,047389,"Bourne,Dawn",001,19003,School of Nursing,3.89,33,0,22,10,1,0,0,0,0,0,0
2025 Spring,MATH,1310,Calculus I,022953,"Wang,Xiaojing",200,10751,College & Graduate Arts & Sci,3.10,21,6,7,0,0,1,0,4,0,0,3
2025 Spring,EDLF,3420,Athletics in the University,043147,"Axson-Lawrence,Dashan Jamel",001,17089,School of Education and HumanDev,3.89,38,0,29,7,1,0,1,0,0,0,0
2025 Spring,DANC,2230,Jazz Dance I,007228,"Hopkins,Demetia",001,19668,College & Graduate Arts & Sci,3.82,10,0,4,6,0,0,0,0,0,0,0
2025 Spring,PLIR,4150,Economics & National Security,037615,"Copeland,Dale",001,13936,College & Graduate Arts & Sci,3.33,16,0,7,1,2,3,1,0,1,0,1
2025 Spring,ENGR,1020,Engineering Foundations 2,046986,"Williams,Shaylin",008,16221,Engineering & Applied Science,3.98,37,0,34,3,0,0,0,0,0,0,0
2025 Spring,COMM,2700,Basic Finance for Real Estate,046582,"Chapman,David",002,17609,McIntire School of Commerce,3.34,41,0,7,5,12,16,1,0,0,0,0
2025 Spring,CS,3100,Data Structures and Algo 2,046228,"Pettit,Raymond",002,16063,Engineering & Applied Science,3.24,135,2,49,22,12,15,11,7,6,1,10
2025 Spring,GNUR,9026,Health Policy & Finances,047392,"Smith,Shelly",001,19004,School of Nursing,3.89,28,0,22,4,0,2,0,0,0,0,0
2025 Spring,STS,2600,Engineering Ethics,046988,"Guillen,Sergio",010,16239,Engineering & Applied Science,3.85,28,3,17,5,2,0,1,0,0,0,0
2025 Spring,DRAM,1020,Speaking in Public,007178,"Garey,Cady",003,12397,College & Graduate Arts & Sci,3.71,16,0,11,2,1,1,0,0,0,1,0
2025 Spring,EGMT,1510,Engaging Aesthetics,044512,"Felski,Rita",222,14094,College & Graduate Arts & Sci,3.92,34,1,31,0,0,1,0,1,0,0,0
2025 Spring,SEC,3020,"Cyber Sec Policy, Law, Ethics",045341,"Holbert,Derek",701,20246,Continuing & Prof Studies,3.41,14,1,9,1,0,0,0,1,0,1,1
2025 Spring,STS,4600,Engr Ethcs Prof Responsibility,036750,"Francisco,Pedro",018,15378,Engineering & Applied Science,3.87,29,24,3,0,1,0,0,0,0,0,1
2025 Spring,CE,3220,Water Resources Engineering,004459,"Band,Lawrence",001,15250,Engineering & Applied Science,3.29,27,2,3,7,5,4,4,0,1,1,0
2025 Spring,PLCP,3110,The Politics of Western Europe,031689,"Alexander,Gerard",100,19335,College & Graduate Arts & Sci,3.68,55,0,20,28,2,4,0,0,0,0,1
2025 Spring,NUCO,4056,Introduction to Health Policy,045043,"Acquaviva,Kimberly",001,17916,School of Nursing,4.00,61,58,3,0,0,0,0,0,0,0,0
2025 Spring,CHE,6445,Fund Process Safety,046924,"Unnerstall,Ronald",600,16153,Engineering & Applied Science,3.83,6,2,2,1,1,0,0,0,0,0,0
2025 Spring,MATH,3350,Applied Linear Algebra,042858,"Lu,Kang",002,14237,College & Graduate Arts & Sci,3.78,29,10,7,7,3,1,1,0,0,0,0
2025 Spring,ISSS,3460,Lifespan Development,040614,"James,Abigail",101,20265,Continuing & Prof Studies,3.53,17,0,12,1,1,1,0,0,1,0,1
2025 Spring,PSED,1091,PCT: Entrepreneurship II,046847,"Jamison,Carrie Lynn",D550,20771,Continuing & Prof Studies,3.52,11,2,5,2,1,0,0,0,0,0,1
2025 Spring,ENGL,2506,Studies in Poetry,012488,"Hadley,Henrietta",001,19908,College & Graduate Arts & Sci,3.97,19,0,17,2,0,0,0,0,0,0,0
2025 Spring,CS,2100,Data Structures and Algo 1,046225,"Morrison,Briana",001,15892,Engineering & Applied Science,3.47,253,40,91,42,20,20,13,11,3,2,11
2025 Spring,ENWR,2520,Special Topics in Writing,013448,"Parks,Stephen",003,13607,College & Graduate Arts & Sci,3.84,16,4,6,4,2,0,0,0,0,0,0
2025 Spring,ENGL,8262,Spenser,012927,"Fowler,Elizabeth",001,19942,College & Graduate Arts & Sci,3.87,7,1,3,3,0,0,0,0,0,0,0
2025 Spring,ENGR,1020,Engineering Foundations 2,046986,"Williams,Shaylin",009,16222,Engineering & Applied Science,3.92,31,0,27,2,0,2,0,0,0,0,0
2025 Spring,LPPA,7110,Economics of Public Policy II,032140,"Shimshack,Jay",100,16528,Batten Leadership & Public Pol,3.42,54,1,8,17,14,8,4,2,0,0,0
2025 Spring,EGMT,1530,Engaging Differences,044514,"Walsh,David",222,14226,College & Graduate Arts & Sci,3.79,32,0,21,4,6,0,1,0,0,0,0
2025 Spring,COMM,4643,Adv Business Speaking,006544,"Pentz,Marcia",001,17554,McIntire School of Commerce,3.82,23,1,14,6,0,1,1,0,0,0,0
2025 Spring,AMST,4500,Fourth Year Seminar AMST,000461,"Cacho,Lisa",001,12324,College & Graduate Arts & Sci,3.76,15,1,9,2,1,1,1,0,0,0,0
2025 Spring,ENGL,4902,The Bible Part 2,046922,"Parker,John",001,19999,College & Graduate Arts & Sci,3.77,14,1,6,5,1,1,0,0,0,0,0
2025 Spring,CHEM,2321,Org Lab II Non-Chem Maj/Min,043155,"Chruma,Jason",007,12317,College & Graduate Arts & Sci,3.67,30,0,17,5,3,2,2,1,0,0,0
2025 Spring,EGMT,1530,Engaging Differences,044514,"Yonnetti,Eben",104,12303,College & Graduate Arts & Sci,3.96,33,2,29,1,0,1,0,0,0,0,0
2025 Spring,MATH,1320,Calculus II,022954,"Aitzhanova,Bakhyt",600,14292,College & Graduate Arts & Sci,3.47,16,2,8,0,1,2,0,1,2,0,0
2025 Spring,APMA,3120,Statistics,001154,"Lark,James",002,16292,Engineering & Applied Science,3.11,41,0,8,7,5,7,5,5,3,0,1
2025 Spring,EGMT,1530,Engaging Differences,044514,"Yonnetti,Eben",103,12302,College & Graduate Arts & Sci,3.94,33,1,29,1,1,1,0,0,0,0,0
2025 Spring,STAT,7995,Statistical Consulting,036712,"Kafadar,Karen",001,14263,College & Graduate Arts & Sci,3.80,29,11,8,4,5,1,0,0,0,0,0
2025 Spring,LPPP,5350,NGO Leadership Public Policy,044150,"Warburg,Gerald",001,16566,Batten Leadership & Public Pol,3.57,27,1,6,9,8,2,1,0,0,0,0
2025 Spring,ENGL,2599,Special Topics,012514,"Wall,Cynthia",001,19927,College & Graduate Arts & Sci,3.72,16,1,7,5,0,3,0,0,0,0,0
2025 Spring,ENWR,1510,Writing and Critical Inquiry,013432,"donovan,devin",067,13387,College & Graduate Arts & Sci,3.94,16,0,14,1,1,0,0,0,0,0,0
2025 Spring,CS,4457,Computer Networks,006931,"Kim,Hyojoon",001,15390,Engineering & Applied Science,3.54,73,15,25,10,7,7,2,3,1,1,2
2025 Spring,ISSS,4320,Colonial America,039942,"Haury,Clifford",101,20270,Continuing & Prof Studies,3.51,24,0,12,2,4,3,1,0,2,0,0
2025 Spring,LPPP,6250,Policy Analysis,032142,"Player,Daniel",200,16536,Batten Leadership & Public Pol,3.59,45,0,12,18,8,6,1,0,0,0,0
2025 Spring,LPPL,3210,Behavioral Sci:Civic Leadershp,042166,"Chou,Eileen",001,20295,Batten Leadership & Public Pol,3.60,30,0,14,9,3,2,1,0,0,0,1
2025 Spring,STAT,7620,Advanced Topics in Probability,047933,"Brown,Taylor Reid",001,21245,College & Graduate Arts & Sci,3.80,16,0,10,4,0,2,0,0,0,0,0
2025 Spring,STS,4600,Engr Ethcs Prof Responsibility,036750,"Francisco,Pedro",016,15437,Engineering & Applied Science,3.84,30,21,4,3,0,1,0,0,0,0,1
2025 Spring,CHEM,1421,Intro College Chemistry II Lab,005994,"Morkowchuk,Lisa",039,14562,College & Graduate Arts & Sci,3.80,24,16,1,3,2,0,2,0,0,0,0
2025 Spring,PSYC,3445,Intro to Clinical Psychology,043419,"Reuben,Aaron Samuel",001,20552,College & Graduate Arts & Sci,3.51,147,8,40,36,33,16,6,5,3,0,0
2025 Spring,CHTR,3850,Chinese Documentary and Film,042183,"Laughlin,Charles Andrew",001,21425,College & Graduate Arts & Sci,3.91,15,0,13,1,0,1,0,0,0,0,0
2025 Spring,ENWR,1510,Writing and Critical Inquiry,013432,"Griffin,Cristina",047,12103,College & Graduate Arts & Sci,3.97,18,0,16,2,0,0,0,0,0,0,0
2025 Spring,CHEM,2321,Org Lab II Non-Chem Maj/Min,043155,"Chruma,Jason",008,12318,College & Graduate Arts & Sci,3.81,32,0,20,8,2,1,1,0,0,0,0
2025 Spring,GSVS,2050,Sustainable Energy Systems,044233,"Groves,James",001,12174,College & Graduate Arts & Sci,3.27,27,0,8,9,2,3,1,2,0,0,2
2025 Spring,EGMT,1530,Engaging Differences,044514,"King,Alice",106,12305,College & Graduate Arts & Sci,3.98,33,0,31,2,0,0,0,0,0,0,0
2025 Spring,MDST,3050,History of Media,023526,"Goin,Keara",001,12273,College & Graduate Arts & Sci,3.48,71,0,29,15,11,5,5,3,1,1,1
2025 Spring,EGMT,1520,Empirical Engagement,044513,"Guler,Ali",103,12293,College & Graduate Arts & Sci,3.86,36,13,14,5,3,0,1,0,0,0,0
2025 Spring,SPAN,2020,Advanced Intermediate Spanish,035854,"Barlow,Jennifer",013,12396,College & Graduate Arts & Sci,3.76,18,0,6,10,2,0,0,0,0,0,0
2025 Spring,DRAM,1020,Speaking in Public,007178,"Lowinski,Cortney",002,12287,College & Graduate Arts & Sci,3.77,16,0,11,1,3,0,1,0,0,0,0
2025 Spring,MATH,1320,Calculus II,022954,"Aitzhanova,Bakhyt",400,12285,College & Graduate Arts & Sci,3.09,18,2,5,1,0,3,2,3,0,1,1
2025 Spring,ECON,3010,Intermediate Microeconomics,007908,"Kripalani,Jessica M",300,12275,College & Graduate Arts & Sci,3.27,80,20,24,6,6,4,2,4,4,2,8
2025 Spring,MDST,4000,Media Theory and Methods,023559,"Williams,Bruce",001,12274,College & Graduate Arts & Sci,3.57,10,0,8,1,0,0,0,0,0,0,1
2025 Spring,WGS,2600,Human Sexualities,045710,"Speidel,Lisa",001,12638,College & Graduate Arts & Sci,3.97,60,0,58,0,0,2,0,0,0,0,0
2025 Spring,EGMT,1530,Engaging Differences,044514,"Smith,Wendy",113,12306,College & Graduate Arts & Sci,3.96,33,6,24,2,1,0,0,0,0,0,0
2025 Spring,PHS,4991,GPH Capstone,044464,"Quissell,Kathryn",002,13019,College & Graduate Arts & Sci,3.92,20,13,4,2,0,1,0,0,0,0,0
2025 Spring,ENWR,1510,Writing and Critical Inquiry,013432,"Luborsky,Alexa",016,11015,College & Graduate Arts & Sci,3.97,18,0,16,2,0,0,0,0,0,0,0
2025 Spring,GCCS,4991,Fourth-year Seminar,045928,"Fink,Pierre-Christian",001,12915,College & Graduate Arts & Sci,3.94,21,6,11,4,0,0,0,0,0,0,0
2025 Spring,PSYC,3200,Fundamentals of Neuroscience,046163,"Cang,Jianhua",001,12943,College & Graduate Arts & Sci,3.47,149,9,48,40,12,15,9,7,7,1,1
2025 Spring,ECON,3720,Introduction to Econometrics,007939,"Fisher,Jack",300,12952,College & Graduate Arts & Sci,3.34,57,2,9,16,14,8,5,1,0,0,2
2025 Spring,PHS,4991,GPH Capstone,044464,"Hornsby,Paige",003,13020,College & Graduate Arts & Sci,3.78,18,4,9,3,1,0,0,0,0,1,0
2025 Spring,GETR,3392,Fairy Tales,045570,"Schmid,Marcel",001,13023,College & Graduate Arts & Sci,3.96,32,1,27,4,0,0,0,0,0,0,0
2025 Spring,CE,5500,Special Topics in CE,044375,"Burden,Lindsay",600,16127,Engineering & Applied Science,3.88,5,0,3,2,0,0,0,0,0,0,0
2025 Spring,ECE,6502,Spec Top:Elect & Computer Engr,007732,"Gupta,Mool",004,16335,Engineering & Applied Science,3.59,8,0,4,1,0,3,0,0,0,0,0
2025 Spring,CS,6456,Operating Systems,006985,"Lin,Felix",001,19570,Engineering & Applied Science,3.96,15,0,13,2,0,0,0,0,0,0,0
2025 Spring,BME,4380,Microbial BME,047031,"Papin,Jason",001,16314,Engineering & Applied Science,3.68,17,2,9,2,2,0,0,2,0,0,0
2025 Spring,ECE,5260,Microwave Engineering I,007704,"Weikle,Robert",001,15921,Engineering & Applied Science,3.47,15,2,3,5,2,1,0,0,2,0,0
2025 Spring,ISLS,3780,The Criminal Justice System,040610,"Rasmussen,Alan",101,20253,Continuing & Prof Studies,3.93,23,12,7,3,1,0,0,0,0,0,0
2025 Spring,ISBU,3710,Managerial Finance,020285,"Hulburt,John",101,20254,Continuing & Prof Studies,3.81,12,4,6,1,0,0,0,0,1,0,0
2025 Spring,MISC,3025,Advanced Applied Mil Leadershp,037900,"Hassell,Nicholas",001,16674,Executive VP & Provost,4.00,19,17,2,0,0,0,0,0,0,0,0
2025 Spring,COMM,4370,Digital Strategy & Analytics,044926,"Montgomery,Nicole",002,17589,McIntire School of Commerce,3.43,30,0,7,9,8,3,0,1,2,0,0
2025 Spring,MICR,8202,Integration and Divers of Immu,024116,"Engelhard,Victor",001,18378,Medical School - BIMS/PHS,3.75,25,4,12,4,1,3,1,0,0,0,0
2025 Spring,CS,2100,Data Structures and Algo 1,046225,"Morrison,Briana",002,15893,Engineering & Applied Science,3.63,86,10,42,17,4,3,3,2,2,0,3
2025 Spring,UD,8612,Urban Design History & Theory,046668,"Berman,Ila",001,10474,School of Architecture,3.80,25,0,11,12,2,0,0,0,0,0,0
2025 Spring,COMM,4620,Strategic Leadership,045370,"Lovelace,Jeffrey",001,17592,McIntire School of Commerce,3.66,39,1,7,23,6,2,0,0,0,0,0
2025 Spring,MATH,1210,A survey of Calculus I,022944,"Turner,Joshua Lenwood",400,14286,College & Graduate Arts & Sci,3.16,32,5,3,8,3,5,2,2,1,1,2
2025 Spring,DS,6050,Deep Learning,046347,"Li,Sheng",002,18761,School of Data Science,4.00,70,43,26,1,0,0,0,0,0,0,0
2025 Spring,CJ,3660,Concepts in LE Wellness,039969,"Western,Gerald",A3,21816,Continuing & Prof Studies,4.00,10,2,8,0,0,0,0,0,0,0,0
2025 Spring,CE,3010,Project Business Planning,046521,"Duran,Diana Franco",001,16102,Engineering & Applied Science,3.88,55,0,38,14,2,1,0,0,0,0,0
2025 Spring,ECON,3720,Introduction to Econometrics,007939,"Ruediger,Stefan",500,20317,College & Graduate Arts & Sci,3.46,96,0,17,36,21,14,4,4,0,0,0
2025 Spring,APMA,3080,Linear Algebra,001151,"Li,Meiqin",002,14961,Engineering & Applied Science,3.40,26,2,9,6,2,2,2,0,0,1,2
2025 Spring,EDHS,4400,YSI Capstone II,045735,"Curtis,Sabrina",001,17086,School of Education and HumanDev,3.90,31,0,28,0,0,3,0,0,0,0,0
2025 Spring,APMA,3120,Statistics,001154,"Lark,James",001,14967,Engineering & Applied Science,2.70,22,0,3,3,2,2,2,3,3,1,3
2025 Spring,EDIS,7890,Ed Entrepreneurship Practicum,045348,"Wheelock,Matthew",500,17254,School of Education and HumanDev,3.92,20,5,13,1,0,0,1,0,0,0,0
2025 Spring,KINE,5230,Disability and Sport,039770,"Fines,Abby",001,20079,School of Education and HumanDev,3.51,15,0,9,2,2,0,1,0,0,0,1
2025 Spring,ENGL,2599,Special Topics,012514,"Olla,Nasrin",005,19996,College & Graduate Arts & Sci,3.71,16,0,10,1,3,1,1,0,0,0,0
2025 Spring,LAW,7147,Employee Benefits Law,044216,"Doran,Michael",1,18848,School of Law,3.55,78,0,19,23,25,11,0,0,0,0,0
2025 Spring,MISC,3020,Applied Ldrship in Unit Opns,024257,"Hassell,Nicholas",001,16680,Executive VP & Provost,3.88,16,4,9,2,0,0,1,0,0,0,0
2025 Spring,APMA,3140,App Partial Differentl Equatns,001155,"Fernando,Thiwanka",003,16088,Engineering & Applied Science,3.06,32,0,7,8,2,3,3,2,3,3,1
2025 Spring,AMST,3471,American Cinema,046318,"Chong,Sylvia",001,14420,College & Graduate Arts & Sci,3.60,26,1,8,9,5,1,1,0,1,0,0
2025 Spring,CS,4740,Cloud Computing,043033,"Shen,Haiying",001,16257,Engineering & Applied Science,3.88,55,31,17,5,0,0,1,0,0,0,1
2025 Spring,MUSI,4582,Composition II,024885,"Reid,Leah",001,19765,College & Graduate Arts & Sci,4.00,10,2,8,0,0,0,0,0,0,0,0
2025 Spring,NUCO,4710,Team-Based Care Synthesis,043230,"Ridge,Richard",001,17890,School of Nursing,3.99,59,7,51,1,0,0,0,0,0,0,0
2025 Spring,EDIS,6760,Literacy Leadership Coaching,041923,"Thacker-Gwaltney,Susan",500,17252,School of Education and HumanDev,3.90,17,0,14,1,2,0,0,0,0,0,0
2025 Spring,KINE,4601,Athletic Injuries Lab,040719,"Rosenblum,Daniel",001,16868,School of Education and HumanDev,3.98,18,13,4,1,0,0,0,0,0,0,0
2025 Spring,APMA,2120,Multivariable Calculus,001144,"Fernando,Thiwanka",002,14952,Engineering & Applied Science,2.77,35,0,2,5,5,5,7,2,5,1,3
2025 Spring,MAE,6592,Spec Topcs in Mech & Aero Engr,022685,"Cui,Chen",001,19675,Engineering & Applied Science,3.78,13,7,2,2,0,1,1,0,0,0,0
2025 Spring,CE,3000,CE Systems Analysis,004460,"Alemazkoor,Negin",001,16271,Engineering & Applied Science,3.74,23,9,4,6,2,1,0,1,0,0,0
2025 Spring,EBUS,4810,New Product Development,037153,"Ramakrishnan,Adarsh",001,18962,Engineering & Applied Science,3.86,51,0,32,16,2,1,0,0,0,0,0
2025 Spring,HIUS,3620,All Politics is Local,047172,"Kahrl,Andrew",001,19717,College & Graduate Arts & Sci,3.83,29,0,25,3,0,0,0,0,0,0,1
2025 Spring,PSHM,3805,Health Info Sys and App,044523,"Jackson,Kevin",101,20279,Continuing & Prof Studies,3.42,12,0,6,1,2,1,0,0,1,1,0
2025 Spring,PHS,3102,Intro PH: Pop. Data Analysis,042649,"Balkrishnan,Rajesh",001,14428,College & Graduate Arts & Sci,3.96,60,15,39,5,0,1,0,0,0,0,0
2025 Spring,MEST,3559,New Course: MEST,042026,"Solomon,Sophia",001,20237,College & Graduate Arts & Sci,3.80,26,0,13,10,3,0,0,0,0,0,0
2025 Spring,ANTH,2450,Language & Environment,047167,"Wendte,Nathan",100,14548,College & Graduate Arts & Sci,3.88,117,0,99,9,2,4,1,1,0,0,1
2025 Spring,LPPS,3350,Constitutional Law,047450,"Moore,Sherri",001,20562,Batten Leadership & Public Pol,3.60,71,0,26,24,9,6,5,0,0,1,0
2025 Spring,EGMT,1530,Engaging Differences,044514,"Smith,Wendy",207,13407,College & Graduate Arts & Sci,3.96,33,1,30,1,0,1,0,0,0,0,0
2025 Spring,COMM,3330,Mkt Research & Analytic Tech,006475,"Mick,David",003,17545,McIntire School of Commerce,3.92,28,11,15,1,0,0,0,0,1,0,0
2025 Spring,CJ,5660,Leading Through Wellness,041450,"Western,Gerald",A4,21819,Continuing & Prof Studies,3.95,24,7,13,4,0,0,0,0,0,0,0
2025 Spring,EDIS,5000,The Exceptional Learner,009423,"Cook,Bryan",500,17229,School of Education and HumanDev,3.75,23,2,17,1,2,0,0,0,0,0,1
2025 Spring,GSGS,3030,Global Cultural Studies,041956,"Levenson,Michael",100,20687,College & Graduate Arts & Sci,3.78,60,0,39,14,2,1,2,1,1,0,0
2025 Spring,EDLF,5470,Psyc of Motvtng Yrself & Othr,009676,"Hulleman,Chris",001,17461,School of Education and HumanDev,4.00,17,14,3,0,0,0,0,0,0,0,0
2025 Spring,DS,3025,Mathematics for Data Science,046960,"Guadagni,Gianluca",100,14932,School of Data Science,3.77,33,0,20,9,2,0,1,0,0,1,0
2025 Spring,EDIS,5014,Trauma Sensitive Classroom,045539,"Nicholas-Stokes,Pamela",500,17284,School of Education and HumanDev,3.80,20,8,11,0,0,0,0,0,0,0,1
2025 Spring,DS,2003,Communicating with Data,046060,"Faruqe,Farhana",001,14881,School of Data Science,3.83,62,0,42,14,3,2,0,0,1,0,0
2025 Spring,EDIS,2650,Cultural and Physical Geo,047891,"Cranford,Sara L",500,21213,School of Education and HumanDev,3.64,23,0,19,1,0,1,0,0,0,0,2
2025 Spring,NUIP,2311,Intro to Professional Practice,045254,"Moore,Lee",003,17975,School of Nursing,3.59,26,0,2,16,7,1,0,0,0,0,0
2025 Spring,MAE,3420,Computational Methods in MAE,022586,"Gao,Xinfeng",001,15739,Engineering & Applied Science,3.79,104,17,47,26,9,3,0,0,1,1,0
2025 Spring,LPPS,3280,Lessons in Leadership: JFK,045379,"Sabato,Larry",100,20532,Batten Leadership & Public Pol,3.73,129,5,44,57,18,4,1,0,0,0,0
2025 Spring,NUIP,3311,"Quality, Safety, and EBP",045255,"Reid,Kathryn",002,17923,School of Nursing,3.88,43,0,33,9,0,0,0,0,0,1,0
2025 Spring,PHYS,3140,Intermediate Laboratory,046840,"Marshall,Rick",100,13610,College & Graduate Arts & Sci,3.26,21,3,7,5,3,0,0,0,0,0,3
2025 Spring,NUIP,4200,Pathophysiology,029460,"Roberts,Sarah",001,17926,School of Nursing,3.50,19,0,4,7,3,4,1,0,0,0,0
2025 Spring,EDIS,5025,"Curric, Instruct & Assessment",044060,"Jewett,Anne",500,17425,School of Education and HumanDev,3.82,25,0,18,3,1,3,0,0,0,0,0
2025 Spring,ENWR,1510,Writing and Critical Inquiry,013432,"Shankar,Karthik",060,13383,College & Graduate Arts & Sci,3.83,17,0,12,4,0,0,0,1,0,0,0
2025 Spring,EDIS,5136,Ethics of Behavior Analysts,045208,"Matthews,Katherine",501,17233,School of Education and HumanDev,4.00,9,2,7,0,0,0,0,0,0,0,0
2025 Spring,STAT,2020,Statistics for Biologists,039999,"Wellbeloved,Elizabeth A.",501,21962,College & Graduate Arts & Sci,3.72,14,1,6,4,1,2,0,0,0,0,0
2025 Spring,EDIS,5075,Online Teachng & Course Design,043011,"O'Neil,Colleen",500,17231,School of Education and HumanDev,3.80,8,6,0,1,0,0,1,0,0,0,0
2025 Spring,PHS,7410,Introduction to Data Science,040252,"Pannone,Aaron",001,18560,Medical School - BIMS/PHS,3.79,37,3,18,11,3,1,1,0,0,0,0
2025 Spring,KINE,5730,Medical Aspects Athl Training,044587,"Madrak,Emily",001,17159,School of Education and HumanDev,3.66,18,0,4,10,3,1,0,0,0,0,0
2025 Spring,EGMT,1510,Engaging Aesthetics,044512,"Farooqi,Mehr",116,14073,College & Graduate Arts & Sci,3.81,35,2,19,11,1,0,2,0,0,0,0
2025 Spring,KINE,3400,Nutrition,009128,"Kranz,Sibylle",001,17076,School of Education and HumanDev,3.97,169,134,28,1,2,4,0,0,0,0,0
2025 Spring,APMA,2120,Multivariable Calculus,001144,"Ryals,Megan",003,14953,Engineering & Applied Science,2.72,38,0,5,4,4,5,8,2,4,2,4
2025 Spring,EBUS,2830,Innovation New Ventures,043893,"Garland,Doug",001,18959,Engineering & Applied Science,3.96,43,20,17,6,0,0,0,0,0,0,0
2025 Spring,MDST,3559,New Course: MDST,039189,"Duncan,Sean",002,20616,College & Graduate Arts & Sci,3.71,23,7,7,0,8,1,0,0,0,0,0
2025 Spring,PSCJ,5340,Negotiation and Collaboration,032187,"Hoover,Mark",550,20730,Continuing & Prof Studies,3.81,11,3,1,7,0,0,0,0,0,0,0
2025 Spring,COMM,1800,Foundations of Commerce,006438,"Costa,Elaine",005,20664,McIntire School of Commerce,3.41,77,0,24,20,15,11,1,0,1,1,4
2025 Spring,KINE,3430,Phys Activ Health Disparities,046562,"Swift,Damon",001,17162,School of Education and HumanDev,3.75,39,2,21,8,5,2,0,0,1,0,0
2025 Spring,CJ,5610,Constitutional Law & Policing,039972,"Chechak,Kevin",A1,21349,Continuing & Prof Studies,3.85,19,6,8,3,1,0,1,0,0,0,0
2025 Spring,EDIS,4110,Char of Ind w/Lrn Disablities,044943,"Coleman,Olivia Nicole",500,17227,School of Education and HumanDev,3.83,23,17,5,0,0,0,0,0,0,0,1
2025 Spring,PSCJ,5330,Leadership & Criminal Justice,032186,"Hoover,Mark",550,20726,Continuing & Prof Studies,3.84,11,3,2,6,0,0,0,0,0,0,0
2025 Spring,MISC,4020,Mission Command & the Company,024261,"EatonFerenzi,Elizabeth",001,16681,Executive VP & Provost,4.00,12,4,8,0,0,0,0,0,0,0,0
2025 Spring,ARTH,2769,Queer Histories of US Art,046854,"Getsy,David",100,19065,College & Graduate Arts & Sci,3.26,35,0,8,12,3,2,4,3,2,0,1
2025 Spring,LAW,7127,AI and Machine Learning,042767,"Nachbar,Thomas",1,18846,School of Law,3.51,45,0,5,20,14,5,1,0,0,0,0
2025 Spring,MAE,3220,Aerodynamics,022583,"Ward,Thomas",002,15818,Engineering & Applied Science,3.09,36,0,8,6,4,6,4,1,3,4,0
2025 Spring,SYS,3060,Stochastic Decision Models,036906,"Riggs,Robert",001,15744,Engineering & Applied Science,3.64,81,0,42,17,10,7,2,1,1,0,1
2025 Spring,SPAN,4665,Encoding Maya Stories,047512,"Bigelow,Allison",001,20874,College & Graduate Arts & Sci,3.92,19,9,6,3,1,0,0,0,0,0,0
2025 Spring,HIEA,4501,Seminar in East Asian History,018308,"Seeley,Joseph",001,19167,College & Graduate Arts & Sci,3.83,15,0,11,2,1,0,1,0,0,0,0
2025 Spring,MATH,4300,Elementary Numerical Analysis,023098,"Turner,Joshua",001,14281,College & Graduate Arts & Sci,3.97,23,17,4,2,0,0,0,0,0,0,0
2025 Spring,LAW,7076,Law & Theories of Justice Lec,022320,"Strauss,Gregg",1,18841,School of Law,3.46,12,0,2,2,7,1,0,0,0,0,0
2025 Spring,ARAB,2060,Accelerated Arabic II,047925,"Humeidan,Bilal Ali Mohammed",001,21260,College & Graduate Arts & Sci,3.69,15,0,5,9,0,0,0,0,1,0,0
2025 Spring,LPPS,7184,Innovating for Defense,046179,"Robinson,John",001,16575,Batten Leadership & Public Pol,3.59,14,0,3,5,6,0,0,0,0,0,0
2025 Spring,GNUR,8110,Quantitative Research Methods,017048,"Williams,Ishan",001,17811,School of Nursing,3.83,7,0,3,4,0,0,0,0,0,0,0
2025 Spring,LPPP,2200,Introduction to Public Policy,042084,"Johannessen,Peter",100,16573,Batten Leadership & Public Pol,3.63,232,22,29,131,26,16,5,1,2,0,0
2025 Spring,MUSI,3310,Theory I,024801,"Swanson,Carlehr",002,14413,College & Graduate Arts & Sci,3.67,14,1,7,3,0,2,0,1,0,0,0
2025 Spring,CS,6501,Spec Top: Computer Science,006981,"Fletcher,Tom",014,16099,Engineering & Applied Science,3.63,8,2,3,0,1,1,1,0,0,0,0
2025 Spring,KRTR,3030,Survey Korean Cinema,041861,"Lee,HeeJin",001,13948,College & Graduate Arts & Sci,2.67,20,2,2,1,3,2,3,2,2,0,3
2025 Spring,LPPL,2750,Teambuilding and Facilitation,047216,"Busch,Matthew",001,16642,Batten Leadership & Public Pol,3.89,14,0,9,5,0,0,0,0,0,0,0
2025 Spring,GNUR,6252,PMH Theories and Therapies,017011,"Moore,Lee",001,17909,School of Nursing,3.83,7,0,3,4,0,0,0,0,0,0,0
2025 Spring,CS,6501,Spec Top: Computer Science,006981,"Wang,Tianhao",006,19571,Engineering & Applied Science,3.88,32,2,21,8,0,0,1,0,0,0,0
2025 Spring,LPPA,3650,Economics of Public Policy,042162,"Simon,Andrew",002,16599,Batten Leadership & Public Pol,3.50,64,1,15,22,12,9,2,1,2,0,0
2025 Spring,LPPS,6820,Identity Politics,046876,"Higginbotham,Gerald",001,16600,Batten Leadership & Public Pol,3.67,10,0,3,4,3,0,0,0,0,0,0
2025 Spring,LPPS,3040,US National Security Policy,046149,"Stam,Allan",001,16574,Batten Leadership & Public Pol,3.58,49,5,14,14,9,5,1,0,0,0,1
2025 Spring,MICR,8040,Fundamentals in Cancer Bio,024115,"Dudley,Andrew",001,18375,Medical School - BIMS/PHS,3.81,22,5,6,9,2,0,0,0,0,0,0
2025 Spring,ITAL,1020,Elementary Italian II,020556,"Mattioli,Stella",001,12264,College & Graduate Arts & Sci,4.00,19,9,10,0,0,0,0,0,0,0,0
2025 Spring,ENWR,1510,Writing and Critical Inquiry,013432,"evans,ethan",022,11019,College & Graduate Arts & Sci,3.98,18,5,12,1,0,0,0,0,0,0,0
2025 Spring,LASE,3510,Topics in the Liberal Arts,046610,"Lafleur,Jennifer Lauren",004,21728,College & Graduate Arts & Sci,3.55,51,14,24,0,5,1,1,0,2,1,3
2025 Spring,DRAM,4490,Stage Combat Skills,007307,"Kubik,Marianne",001,13631,College & Graduate Arts & Sci,3.26,14,0,7,3,2,0,0,0,0,0,2
2025 Spring,LAW,7099,Nev v Del:New Mkt for Corp Law,047426,"Barzuza,Michal",1,19208,School of Law,3.51,20,0,1,9,10,0,0,0,0,0,0
2025 Spring,STS,4600,Engr Ethcs Prof Responsibility,036750,"Laugelli,Benjamin",024,16090,Engineering & Applied Science,3.93,28,10,13,4,1,0,0,0,0,0,0
2025 Spring,STS,2600,Engineering Ethics,046988,"Wellbeloved,Elizabeth A.",501,21959,Engineering & Applied Science,3.92,34,0,25,9,0,0,0,0,0,0,0
2025 Spring,STS,2600,Engineering Ethics,046988,"Guillen,Sergio",008,16237,Engineering & Applied Science,3.93,26,2,19,4,1,0,0,0,0,0,0
2025 Spring,CJ,5720,Seminar in Managing LE Image,043266,"White,Kenneth D",B1,22088,Continuing & Prof Studies,4.00,19,14,5,0,0,0,0,0,0,0,0
2025 Spring,DS,6700,"Val I: Data Ethics, Pol & Gov",046832,"Reia,Jess",001,14900,School of Data Science,3.88,11,5,3,2,1,0,0,0,0,0,0
2025 Spring,BIOL,3260,Editing Genes and Genomes,046851,"Hirsh,Jay",001,13609,College & Graduate Arts & Sci,3.32,25,0,9,6,2,0,5,2,0,0,1
2025 Spring,KINE,3410,Exercise Physiology,009117,"Swift,Damon",001,17473,School of Education and HumanDev,3.60,27,5,9,7,1,1,1,1,2,0,0
2025 Spring,BME,4064,Biomed Engr Capstone Design II,004084,"Allen,Timothy",001,15051,Engineering & Applied Science,3.94,108,9,91,3,3,1,0,0,1,0,0
2025 Spring,RUTR,2500,Topics in Russian Literature,041805,"Stuart,Madelyn",001,14553,College & Graduate Arts & Sci,3.75,24,0,11,10,2,0,0,1,0,0,0
2025 Spring,PLIR,2030,Intl Relations of East Asia,031799,"Schoppa,Len",100,13301,College & Graduate Arts & Sci,3.68,118,1,58,33,12,9,2,1,0,1,1
2025 Spring,ECE,6750,Digital Signal Processing,042967,"Fletcher,Tom",001,16094,Engineering & Applied Science,3.69,13,3,2,4,4,0,0,0,0,0,0
2025 Spring,AMST,1050,Slavery and Its Legacies,044616,"Daacke,Kirt von",001,19215,College & Graduate Arts & Sci,3.83,20,0,11,7,2,0,0,0,0,0,0
2025 Spring,CHE,3318,Chemical Reaction Engineering,005447,"Davis,Robert",001,14987,Engineering & Applied Science,3.02,40,2,5,4,7,10,4,3,0,3,2
2025 Spring,SEC,3030,Human Factors Cyber Security,045342,"Spencer,Jennie",701,20247,Continuing & Prof Studies,3.58,13,2,5,5,0,0,0,0,0,0,1
2025 Spring,ENGL,2502,Masterpieces of English Lit,012478,"O'Brien,John",001,19915,College & Graduate Arts & Sci,3.59,20,0,7,7,4,1,0,0,0,1,0
2025 Spring,STS,4600,Engr Ethcs Prof Responsibility,036750,"Wayland,Kent",023,16089,Engineering & Applied Science,3.28,18,0,7,3,3,1,1,0,1,0,2
2025 Spring,ECE,4750,Digital Signal Processing,042966,"Fletcher,Tom",001,16093,Engineering & Applied Science,3.63,24,13,5,2,0,2,0,0,0,1,1
2025 Spring,CE,6500,Special Topics in CE,004607,"Liu,Leo",002,19618,Engineering & Applied Science,3.78,9,5,2,0,1,0,1,0,0,0,0
2025 Spring,EGMT,1540,Ethical Engagement,044515,"Brubaker,Evan",206,13414,College & Graduate Arts & Sci,3.96,36,0,34,0,2,0,0,0,0,0,0
2025 Spring,ISHU,3090,Religion in America,041047,"Wright,Luke",101,20256,Continuing & Prof Studies,3.22,12,0,2,4,4,0,1,0,0,0,1
2025 Spring,ENGR,1020,Engineering Foundations 2,046986,"Goldschneider,Benjamin",003,16216,Engineering & Applied Science,3.80,38,0,26,4,5,3,0,0,0,0,0
2025 Spring,APMA,3100,Probability,001152,"Maiti,Deepyaman",007,16087,Engineering & Applied Science,3.72,25,11,8,2,1,0,0,1,2,0,0
2025 Spring,EDLF,7132,Legal Aspects of College Admin,009797,"Leffers,Robert",001,16852,School of Education and HumanDev,3.87,29,0,20,7,1,1,0,0,0,0,0
2025 Spring,STAT,3280,Data Visual and Management,045458,"Ross,Richard",002,13676,College & Graduate Arts & Sci,3.69,60,0,46,6,0,2,2,0,2,0,2
2025 Spring,COMM,5460,Taxes & Business Strategy,006557,"Seidman,Jeri",001,17556,McIntire School of Commerce,3.32,26,0,2,4,12,8,0,0,0,0,0
2025 Spring,CJ,4730,Forensic Sci for Admin & Mgrs,006238,"McGinnis Jr.,Charles Edward",B1,22143,Continuing & Prof Studies,4.00,10,2,8,0,0,0,0,0,0,0,0
2025 Spring,GERM,1010,Elementary German,015642,"Schenberg,Cora",002,14316,College & Graduate Arts & Sci,3.87,15,3,9,1,1,1,0,0,0,0,0
2025 Spring,EDLF,7601,Social Foundations of ED,009731,"Shaffer,Sharon Eileen",501,21280,School of Education and HumanDev,3.49,19,2,10,1,2,0,3,0,0,0,1
2025 Spring,EDIS,6720,Understanding the Code,009524,"Rawlins,Amanda",500,17251,School of Education and HumanDev,3.45,20,0,8,6,3,1,0,0,1,0,1
2025 Spring,COMM,3720,Intermediate Corporate Finance,006484,"Smith,David",004,17549,McIntire School of Commerce,3.47,50,2,19,8,7,8,1,2,2,1,0
2025 Spring,ARTH,3151,Art and Sci in the Middle Ages,002508,"Ramirez-Weaver,Eric",001,18787,College & Graduate Arts & Sci,3.45,30,7,8,7,3,1,1,0,1,0,2
2025 Spring,ITTR,3680,Foodscapes in Women's Writing,044413,"Calamita,Francesca",001,19213,College & Graduate Arts & Sci,3.97,10,2,7,1,0,0,0,0,0,0,0
2025 Spring,MUSI,3510,Music & Community Engagement I,046539,"Dave,Nomi",001,13072,College & Graduate Arts & Sci,3.57,11,1,6,0,0,3,0,1,0,0,0
2025 Spring,PHY,8040,Physiology A,030459,"Ebrahim,Seham",001,18458,Medical School - BIMS/PHS,3.91,10,1,6,3,0,0,0,0,0,0,0
2025 Spring,CJ,5145,Navigating Disasters LE Execs,047942,"Winkler,Kristy Lynn",B2,22111,Continuing & Prof Studies,4.00,13,8,5,0,0,0,0,0,0,0,0
2025 Spring,EGMT,1530,Engaging Differences,044514,"Gilboa,Zvi",107,13052,College & Graduate Arts & Sci,3.92,30,3,24,1,0,2,0,0,0,0,0
2025 Spring,PHYS,2020,Principles of Physics 2,030810,"Sundararajan,Jency",006,19901,College & Graduate Arts & Sci,3.62,113,27,36,23,6,9,5,2,3,0,2
2025 Spring,EDLF,3240,Educ Multicultural Societies,044021,"Rappeport,Annie",001,16931,School of Education and HumanDev,3.72,20,7,8,3,1,0,0,0,0,0,1
2025 Spring,ENTP,1010,Intro to Entrepreneurship,043881,"Etienne,Bevin",005,17643,McIntire School of Commerce,3.79,49,0,24,20,4,0,1,0,0,0,0
2025 Spring,STS,4600,Engr Ethcs Prof Responsibility,036750,"Wylie,Caitlin",009,15274,Engineering & Applied Science,3.67,28,0,14,5,5,3,1,0,0,0,0
2025 Spring,MAE,2100,Thermodynamics,022573,"Griffiths,Peter",001,14998,Engineering & Applied Science,2.77,111,8,16,15,8,20,10,6,7,4,17
2025 Spring,MAE,3140,Heat and Mass Transfer,022581,"Scott,Ethan",001,15001,Engineering & Applied Science,3.81,105,32,45,17,5,0,1,2,2,1,0
2025 Spring,LPPP,5500,Short Course Topics,042124,"Felder,Adam",001,16613,Batten Leadership & Public Pol,3.87,21,0,18,1,1,0,0,1,0,0,0
2025 Spring,BIOP,8301,Molecular Biophysics,030456,"Redemann,Stefanie",001,18573,Medical School - BIMS/PHS,3.64,11,0,3,4,4,0,0,0,0,0,0
2025 Spring,DS,1002,Programming for Data Science,046058,"Dahshan,Mai",002,14934,School of Data Science,3.82,69,9,47,6,2,1,2,0,0,0,2
2025 Spring,DS,7540,Machine Learning IV,047157,"Tashman,Adam",001,14941,School of Data Science,3.96,8,1,6,1,0,0,0,0,0,0,0
2025 Spring,CS,2120,Discrete Math and Theory 1,046227,"Datar,Shivani",001,15954,Engineering & Applied Science,3.39,134,5,53,20,16,12,8,7,5,6,2
2025 Spring,COMM,3050,Managerial Decision Making,006457,"Heng,Yu Tse",003,17532,McIntire School of Commerce,3.49,38,0,12,9,12,2,1,1,0,0,1
2025 Spring,PHYS,2020,Principles of Physics 2,030810,"Grouchy,Rebecca",003,13592,College & Graduate Arts & Sci,3.35,59,6,10,15,11,8,2,2,3,0,2
2025 Spring,DANC,3400,Dance and Culture,007250,"Schetlick,Kathryn",001,14544,College & Graduate Arts & Sci,3.81,15,0,8,5,2,0,0,0,0,0,0
2025 Spring,SYS,3034,System Evaluation,036904,"Bailey,Reid",001,15031,Engineering & Applied Science,3.19,61,1,16,11,5,9,8,3,3,3,2
2025 Spring,STS,4600,Engr Ethcs Prof Responsibility,036750,"Earle,Joshua",003,15029,Engineering & Applied Science,3.86,28,0,24,0,0,4,0,0,0,0,0
2025 Spring,STS,4600,Engr Ethcs Prof Responsibility,036750,"Wayland,Kent",013,15321,Engineering & Applied Science,3.74,27,0,16,4,4,3,0,0,0,0,0
2025 Spring,PHYS,2020,Principles of Physics 2,030810,"Sundararajan,Jency",004,13593,College & Graduate Arts & Sci,3.60,114,27,37,22,7,11,2,1,3,2,2
2025 Spring,EGMT,1540,Ethical Engagement,044515,"Mullins,Ian",219,14253,College & Graduate Arts & Sci,3.93,36,0,33,0,1,2,0,0,0,0,0
2025 Spring,ENGL,2506,Studies in Poetry,012488,"Schey,Taylor",002,19947,College & Graduate Arts & Sci,3.76,18,0,13,1,2,1,0,1,0,0,0
2025 Spring,ECON,3640,The Economics of Africa,044886,"Plant,Mark",001,13630,College & Graduate Arts & Sci,3.51,40,3,12,6,8,7,4,0,0,0,0
2025 Spring,SYS,2202,Data & Information Engineering,036896,"Doryab,Afsaneh",001,15030,Engineering & Applied Science,3.76,86,1,38,39,5,0,1,0,1,1,0
2025 Spring,STS,4600,Engr Ethcs Prof Responsibility,036750,"Wylie,Caitlin",001,15027,Engineering & Applied Science,3.62,25,0,17,4,0,1,0,0,2,0,1
2025 Spring,EGMT,1510,Engaging Aesthetics,044512,"Carter,Eli",120,14075,College & Graduate Arts & Sci,4.00,35,11,24,0,0,0,0,0,0,0,0
2025 Spring,NUIP,2080,Microbiology for Health Scienc,042612,"Haizlip,Julie",001,17834,School of Nursing,3.88,68,6,45,11,4,2,0,0,0,0,0
2025 Spring,STAT,3220,Intro to Regression Analysis,040001,"Varanyak,Krista",003,14250,College & Graduate Arts & Sci,3.94,79,14,48,17,0,0,0,0,0,0,0
2025 Spring,ECE,3430,Intro Embedded Computer Systms,042681,"Watson,Amanda",001,15333,Engineering & Applied Science,3.66,58,3,36,7,4,4,1,0,0,0,3
2025 Spring,PLPT,3020,Modern Political Thought,031927,"Bird,Colin",100,14503,College & Graduate Arts & Sci,3.27,167,0,16,42,48,35,18,5,2,0,1
2025 Spring,NESC,3450,Molecules to Minds,047491,"Lewis,Gwendolyn",102,20831,College & Graduate Arts & Sci,3.76,17,3,11,1,0,1,0,0,0,0,1
2025 Spring,STS,4600,Engr Ethcs Prof Responsibility,036750,"Laugelli,Benjamin",004,15320,Engineering & Applied Science,3.93,28,13,10,4,1,0,0,0,0,0,0
2025 Spring,EGMT,1540,Ethical Engagement,044515,"Donahue-Ochoa,Tom",216,13426,College & Graduate Arts & Sci,3.99,21,10,10,1,0,0,0,0,0,0,0
2025 Spring,SYS,6581,Selected Topics in Sys Engr,036978,"Burkett,Matthew",700,20817,Engineering & Applied Science,3.52,17,0,5,5,3,2,2,0,0,0,0
2025 Spring,STS,4600,Engr Ethcs Prof Responsibility,036750,"Rider,Karina",008,15055,Engineering & Applied Science,3.84,27,10,12,2,1,1,0,0,1,0,0
2025 Spring,COMM,3040,Strategic Value Creation,006456,"Allison,Kiera",003,17524,McIntire School of Commerce,3.47,38,0,8,12,10,4,3,1,0,0,0
2025 Spring,CJ,3490,Lgl Issues Impact Law Enf Ops,039968,"Chechak,Kevin",A1,21367,Continuing & Prof Studies,3.65,19,4,8,1,1,3,2,0,0,0,0
2025 Spring,BIMS,8995,Topical Research,042296,"Lu,Xiaowei",007,18682,Medical School - BIMS/PHS,4.00,6,4,2,0,0,0,0,0,0,0,0
2025 Spring,DS,6050,Deep Learning,046347,"Adewole,Sodiq Opeyemi",001,14907,School of Data Science,3.99,31,16,14,1,0,0,0,0,0,0,0
2025 Spring,MAE,6710,Finite Element Analysis,022680,"Panzer,Matthew",001,15318,Engineering & Applied Science,3.91,37,8,19,9,1,0,0,0,0,0,0
2025 Spring,PLAP,4500,Special Topics,031588,"Potter,Rachel",004,13939,College & Graduate Arts & Sci,3.62,13,0,7,2,1,2,0,1,0,0,0
2025 Spring,CHE,3347,Biochemical Engineering,005452,"Berger,Bryan",001,15322,Engineering & Applied Science,3.78,10,0,5,4,0,1,0,0,0,0,0
2025 Spring,CS,6501,Spec Top: Computer Science,006981,"Wei,Chen-Yu",003,16259,Engineering & Applied Science,3.98,28,7,19,2,0,0,0,0,0,0,0
2025 Spring,NASC,4200,Leadership and Ethics,025315,"Andrews,Toy",001,16694,Executive VP & Provost,3.78,13,0,8,3,1,0,1,0,0,0,0
2025 Spring,ARTS,2610,Drawing I,002836,"Chan,Amy",002,14334,College & Graduate Arts & Sci,3.96,15,0,13,2,0,0,0,0,0,0,0
2025 Spring,JPTR,3391,Women in Modern Japanese Lit,046079,"Yasuda,Anri",001,18831,College & Graduate Arts & Sci,3.96,17,0,15,2,0,0,0,0,0,0,0
2025 Spring,DS,4002,Data Science Project,046061,"Alonzi,Loreto",001,14883,School of Data Science,3.86,64,0,56,0,0,7,0,0,1,0,0
2025 Spring,SOC,1010,Introductory Sociology,035243,"Unlu,Baris",002,13977,College & Graduate Arts & Sci,3.87,33,10,13,7,3,0,0,0,0,0,0
2025 Spring,DS,2002,Data Science Systems,046059,"Tupitza,Jon",001,14880,School of Data Science,3.71,59,37,9,5,3,1,0,1,0,0,3
2025 Spring,PLAP,3500,Spec Tops: American Politics,039393,"Rivero,Albert",100,13652,College & Graduate Arts & Sci,3.57,179,8,82,35,14,18,7,5,8,1,1
2025 Spring,ENGL,3825,Desktop Publishing,043442,"Livingood,James",001,14366,College & Graduate Arts & Sci,3.90,16,0,13,2,0,1,0,0,0,0,0
2025 Spring,EGMT,1540,Ethical Engagement,044515,"Ferguson,Andrew",223,14257,College & Graduate Arts & Sci,3.88,59,0,48,3,7,0,1,0,0,0,0
2025 Spring,ECE,6501,Topics: Elect & Computer Engr,007731,"Alemzadeh,Homa",001,16113,Engineering & Applied Science,3.55,8,0,2,3,1,2,0,0,0,0,0
2025 Spring,STS,4600,Engr Ethcs Prof Responsibility,036750,"Elliott,Travis",026,16118,Engineering & Applied Science,3.86,29,0,17,11,1,0,0,0,0,0,0
2025 Spring,STS,4500,STS and Engineering Practice,036749,"Elliott,Travis",001,15026,Engineering & Applied Science,3.45,32,3,14,7,5,0,0,0,0,0,3
2025 Spring,LPPP,3230,"Pub Policy Challenges, 21st C",042167,"Volden,Craig",100,16526,Batten Leadership & Public Pol,3.53,166,2,36,74,22,17,11,1,1,2,0
2025 Spring,LPPP,4991,Capstone Seminar,042163,"ZIMMERMAN,JANE",003,16567,Batten Leadership & Public Pol,3.92,16,4,9,2,1,0,0,0,0,0,0
2025 Spring,DS,3001,Foundations of ML,045203,"Johnson,Terence",001,14884,School of Data Science,3.87,65,0,62,0,1,0,0,0,0,0,2
2025 Spring,CS,3240,Software Engineering,006903,"Sherriff,Mark",001,15319,Engineering & Applied Science,3.80,138,2,96,29,3,3,0,2,0,0,3
2025 Spring,COMM,3720,Intermediate Corporate Finance,006484,"Chen,Zhaohui",002,17547,McIntire School of Commerce,3.66,39,3,10,14,10,2,0,0,0,0,0
2025 Spring,PHIL,3500,Seminar in Philosophy,040315,"Barnes,Elizabeth",001,13530,College & Graduate Arts & Sci,3.80,30,0,23,2,3,1,0,0,0,1,0
2025 Spring,PHS,7090,Health Care Economics,030370,"Wanchek,Tanya",001,18549,Medical School - BIMS/PHS,3.80,25,4,17,3,0,0,0,0,0,0,1
2025 Spring,ECON,3650,The Economics of India,007935,"Shukla,Sushma",001,14478,College & Graduate Arts & Sci,3.97,49,0,47,0,2,0,0,0,0,0,0
2025 Spring,ECON,2010,Principles of Econ: Microecon,007876,"Doyle,Carter",200,13494,College & Graduate Arts & Sci,3.25,262,1,65,65,32,37,19,14,13,10,6
2025 Spring,STS,4600,Engr Ethcs Prof Responsibility,036750,"Francisco,Pedro",002,15028,Engineering & Applied Science,3.95,28,21,4,2,1,0,0,0,0,0,0
2025 Spring,ASTR,1210,Intro Sky and Solar System,003045,"Cleeves,Ilse",002,13830,College & Graduate Arts & Sci,3.54,135,21,41,25,23,13,5,1,1,1,4
2025 Spring,SPAN,2020,Advanced Intermediate Spanish,035854,"Badang,Germain",018,14761,College & Graduate Arts & Sci,3.63,19,1,3,10,3,2,0,0,0,0,0
2025 Spring,KOR,2060,Accel Intermediate Korean,046077,"Chung,Juyeon",001,13945,College & Graduate Arts & Sci,3.32,19,0,5,2,7,2,0,2,1,0,0
2025 Spring,PSYC,4435,Psychology of Misinformation,047175,"Golino,Hudson",001,14513,College & Graduate Arts & Sci,3.99,25,11,13,1,0,0,0,0,0,0,0
2025 Spring,DS,6410,ML II: Methods & App,046857,"Porter,Michael",001,14903,School of Data Science,3.80,5,0,3,1,1,0,0,0,0,0,0
2025 Spring,STS,2600,Engineering Ethics,046988,"Pappas,Jesse",006,16235,Engineering & Applied Science,3.93,28,0,24,2,2,0,0,0,0,0,0
2025 Spring,LAW,6114,Comparative Freedom of Speech,047500,"Cope,Kevin",1,20839,School of Law,3.46,35,0,5,9,17,3,1,0,0,0,0
2025 Spring,CJ,5710,Conflict Res for Law Enf Execs,040130,"Craig,Amy L",A1,21375,Continuing & Prof Studies,4.00,19,6,13,0,0,0,0,0,0,0,0
2025 Spring,STS,4600,Engr Ethcs Prof Responsibility,036750,"Earle,Joshua",015,15738,Engineering & Applied Science,3.89,28,0,25,0,0,3,0,0,0,0,0
2025 Spring,SPAN,4210,Hist of the Spanish Lang II,039904,"Mendoza,Omar Velazquez",001,20255,College & Graduate Arts & Sci,3.90,10,3,6,0,0,1,0,0,0,0,0
2025 Spring,WGS,2125,Race& Pwr in Gender& Sexuality,046589,"Orsak,Sarah",100,13547,College & Graduate Arts & Sci,3.62,46,23,8,4,3,5,1,0,0,0,2
2025 Spring,APMA,1110,Single Variable Calculus II,001140,"Provat,Shirin",005,16289,Engineering & Applied Science,2.44,25,2,2,4,2,4,2,1,1,0,7
2025 Spring,ECON,3600,Economics of the Art Market,047057,"Thomas,Mark",001,13911,College & Graduate Arts & Sci,3.60,16,0,4,8,1,2,1,0,0,0,0
2025 Spring,PLCP,3110,The Politics of Western Europe,031689,"Wellbeloved,Elizabeth A.",501,19418,College & Graduate Arts & Sci,3.90,21,5,12,2,2,0,0,0,0,0,0
2025 Spring,ENWR,1510,Writing and Critical Inquiry,013432,"Watts,Courtney",063,12970,College & Graduate Arts & Sci,3.77,18,0,12,4,1,0,0,0,0,1,0
2025 Spring,RELC,1210,Hebrew Bible/Old Testament,033952,"Tite,Philip",100,12972,College & Graduate Arts & Sci,3.95,35,28,5,1,0,0,1,0,0,0,0
2025 Spring,ANTH,2820,Emergence of States and Cities,000700,"Wattenmaker,Patricia",100,13013,College & Graduate Arts & Sci,3.50,60,3,12,20,14,7,1,1,2,0,0
2025 Spring,MUSI,1310,Basic Musical Skills,024703,"Hite,Robert",001,12982,College & Graduate Arts & Sci,3.61,16,7,6,1,0,0,0,0,1,0,1
2025 Spring,MATH,1210,A survey of Calculus I,022944,"Rolf,James Scott",600,13001,College & Graduate Arts & Sci,3.28,33,3,4,12,3,1,4,1,5,0,0
2025 Spring,CS,6501,Spec Top: Computer Science,006981,"Fioretto,Ferdinando",005,16261,Engineering & Applied Science,4.00,32,11,21,0,0,0,0,0,0,0,0
2025 Spring,MEST,3282,The Ottoman Empire,047187,"Unlu,Baris",001,14565,College & Graduate Arts & Sci,3.86,29,5,16,5,2,0,1,0,0,0,0
2025 Spring,APMA,2120,Multivariable Calculus,001144,"Mahmood,Asif",007,16337,Engineering & Applied Science,2.75,34,0,2,6,2,5,6,7,3,1,2
2025 Spring,LPPL,4680,Lead from Anywhere,046781,"Gelsdorf,Kirsten",001,16610,Batten Leadership & Public Pol,3.63,59,0,18,30,4,3,2,1,0,0,1
2025 Spring,PLPT,3500,Special Topics in PT,040944,"Donahue-Ochoa,Tom",002,14518,College & Graduate Arts & Sci,3.98,30,10,18,2,0,0,0,0,0,0,0
2025 Spring,LAW,7625,Intro to Negotiation (SC),021718,"Pruett,Amy",1,18889,School of Law,3.56,19,0,2,9,8,0,0,0,0,0,0
2025 Spring,CE,2110,Environmental Engineering Lab,040525,"Culver,Teresa",003,15807,Engineering & Applied Science,3.90,10,0,8,1,1,0,0,0,0,0,0
2025 Spring,WGS,3100,Intro to WGS Theory,046694,"Walsh,Denise",001,13548,College & Graduate Arts & Sci,3.84,24,1,15,5,2,1,0,0,0,0,0
2025 Spring,LPPS,5720,Data Ethics and Practice,046877,"Claibourn,Michele",001,16601,Batten Leadership & Public Pol,3.95,17,0,14,3,0,0,0,0,0,0,0
2025 Spring,LPPA,7110,Economics of Public Policy II,032140,"Shimshack,Jay",200,16529,Batten Leadership & Public Pol,3.37,41,0,5,12,12,7,4,1,0,0,0
2025 Spring,MAE,6250,Multibody Mechanical Systems,022660,"Russell,Shawn",001,15632,Engineering & Applied Science,3.17,16,0,4,1,2,5,2,1,0,1,0
2025 Spring,APMA,3080,Linear Algebra,001151,"Chen,Heze",006,16290,Engineering & Applied Science,2.80,37,6,2,7,3,4,3,2,3,1,6
2025 Spring,PLAD,4500,Special Topics,044837,"Gingerich,Daniel",001,13927,College & Graduate Arts & Sci,3.55,11,1,6,3,0,0,0,0,0,0,1
2025 Spring,BIMS,8701,Computational Biology I,047248,"Sheffield,Nathan",001,18729,Medical School - BIMS/PHS,3.95,13,0,11,2,0,0,0,0,0,0,0
2025 Spring,PSYC,7485,Determinants of Inequality,045300,"Hurd,Noelle",001,14330,College & Graduate Arts & Sci,3.94,5,1,3,1,0,0,0,0,0,0,0
2025 Spring,EGMT,1540,Ethical Engagement,044515,"Driver,Keith",222,14256,College & Graduate Arts & Sci,3.97,36,3,32,0,0,1,0,0,0,0,0
2025 Spring,ECE,2700,Signals and Systems,046965,"Sidiropoulos,Nikolaos",001,16246,Engineering & Applied Science,2.95,67,10,12,0,8,8,10,3,10,2,4
2025 Spring,ENGR,1020,Engineering Foundations 2,046986,"Goldschneider,Benjamin",005,16218,Engineering & Applied Science,3.61,33,0,17,7,2,4,1,1,0,1,0
2025 Spring,EGMT,1520,Empirical Engagement,044513,"Reid,Sean",215,13403,College & Graduate Arts & Sci,3.86,35,0,30,3,0,0,0,1,0,1,0
2025 Spring,SYS,4050,Risk Analysis,045929,"Lambert,James",001,15930,Engineering & Applied Science,3.77,43,5,22,11,1,1,2,0,0,1,0
2025 Spring,HILA,3501,Introductory History Workshop,047173,"Sweeney,Lean",001,14534,College & Graduate Arts & Sci,3.93,19,6,10,2,1,0,0,0,0,0,0
2025 Spring,MAE,2040,Computer Aided Design,046331,"Dart,Dwight",001,16265,Engineering & Applied Science,3.76,109,37,48,10,2,3,2,2,2,1,2
2025 Spring,EGMT,1530,Engaging Differences,044514,"Sweeney,Lean",214,13411,College & Graduate Arts & Sci,4.00,33,28,5,0,0,0,0,0,0,0,0
2025 Spring,ECE,2600,Electronics,046966,"Crockett,Caroline",001,16247,Engineering & Applied Science,3.65,72,7,31,17,5,8,2,0,1,0,1
2025 Spring,CS,1112,Introduction to Programming,007058,"Basit,Nada",001,16240,Engineering & Applied Science,3.88,88,34,43,6,2,1,0,0,1,0,1
2025 Spring,EGMT,1510,Engaging Aesthetics,044512,"Duong,Kevin",102,14061,College & Graduate Arts & Sci,3.84,33,0,28,3,0,0,1,0,0,0,1
2025 Spring,ENGR,4880,Busi & Tech Leadership in Engr,012292,"Dunham,Don",001,15446,Engineering & Applied Science,3.73,22,0,5,15,2,0,0,0,0,0,0
2025 Spring,GNUR,6010,Advanced Pathophysiology,016929,"Quatrara,Beth",001,17918,School of Nursing,3.50,45,0,7,19,10,6,3,0,0,0,0
2025 Spring,ENGR,1020,Engineering Foundations 2,046986,"Mcalister,Anne",015,16228,Engineering & Applied Science,3.79,39,0,24,8,5,1,1,0,0,0,0
2025 Spring,LPPL,4680,Lead from Anywhere,046781,"Gelsdorf,Kirsten",002,16611,Batten Leadership & Public Pol,3.63,61,0,10,40,3,6,2,0,0,0,0
2025 Spring,APMA,3080,Linear Algebra,001151,"Mahmood,Asif",005,15904,Engineering & Applied Science,3.15,21,1,6,2,1,6,1,0,2,1,1
2025 Spring,SPAN,2020,Advanced Intermediate Spanish,035854,"Arevalo,Gabriela Dongo",016,13330,College & Graduate Arts & Sci,3.57,16,0,1,12,1,0,2,0,0,0,0
2025 Spring,ARTH,1507,Art and Global Cultures,045465,"Wong,Dorothy",100,13257,College & Graduate Arts & Sci,3.70,39,0,14,20,2,2,0,0,0,1,0
2025 Spring,EGMT,1540,Ethical Engagement,044515,"Bernard,Benjamin",214,13425,College & Graduate Arts & Sci,3.96,38,9,26,2,0,1,0,0,0,0,0
2025 Spring,EGMT,1510,Engaging Aesthetics,044512,"Carter,Eli",121,14076,College & Graduate Arts & Sci,3.97,35,9,23,3,0,0,0,0,0,0,0
2025 Spring,HHE,5700,Bioethics Internship Seminar,044045,"Shepherd,Lois",001,18583,Medical School - BIMS/PHS,3.66,5,0,2,1,2,0,0,0,0,0,0
2025 Spring,LAST,2050,Interdisciplinary Seminar,042704,"Nemer,David",001,14436,College & Graduate Arts & Sci,3.97,22,0,20,2,0,0,0,0,0,0,0
2025 Spring,LPPP,4991,Capstone Seminar,042163,"Higginbotham,Gerald",006,16606,Batten Leadership & Public Pol,3.64,18,0,5,9,2,1,1,0,0,0,0
2025 Spring,LPPS,3380,"Poverty,Learning & Educ Policy",045747,"Roorbach,Kristen",001,16635,Batten Leadership & Public Pol,3.69,30,0,13,11,1,4,1,0,0,0,0
2025 Spring,APMA,3340,Complex Variables w/Applicatns,001162,"Fernando,Anne",001,16294,Engineering & Applied Science,3.16,27,2,5,2,5,4,4,3,1,1,0
2025 Spring,NUCO,2220,Cells to Society for Nursing,043100,"Gomes,Melissa",002,17925,School of Nursing,4.00,32,4,28,0,0,0,0,0,0,0,0
2025 Spring,PHS,7051,"Policy Dev, Analysis& Advocacy",045006,"Balkrishnan,Rajesh",001,18709,Medical School - BIMS/PHS,3.83,11,2,6,2,0,0,1,0,0,0,0
2025 Spring,RELA,2748,Intro to African Philosophy,046588,"Ogunnaike,Oludamini",001,13839,College & Graduate Arts & Sci,4.00,25,4,21,0,0,0,0,0,0,0,0
2025 Spring,ENWR,2520,Special Topics in Writing,013448,"Richardson,Sarah",007,14111,College & Graduate Arts & Sci,3.89,15,12,0,2,0,1,0,0,0,0,0
2025 Spring,EVHY,5559,New Course: EVHY,039121,"Cheng,Frederick",002,19092,College & Graduate Arts & Sci,3.75,8,3,2,1,1,1,0,0,0,0,0
2025 Spring,SOC,4100,Black Community Life,035447,"Foster,B.",001,14001,College & Graduate Arts & Sci,3.77,20,14,2,1,1,0,1,0,0,1,0
2025 Spring,STS,4600,Engr Ethcs Prof Responsibility,036750,"Norton,Peter",012,15273,Engineering & Applied Science,3.61,28,1,9,9,3,6,0,0,0,0,0
2025 Spring,DS,6001,Practice and App of Data Sci,043301,"Kropko,Jonathan",001,18754,School of Data Science,3.79,56,8,30,6,8,2,2,0,0,0,0
2025 Spring,ARTH,3591,Art History Colloquium,042072,"Smith,Tyler Jo",001,13263,College & Graduate Arts & Sci,3.58,19,1,2,12,2,1,0,0,1,0,0
2025 Spring,LPPL,3450,Resilient Leadership for Teams,044867,"Davis,Timothy",100,16609,Batten Leadership & Public Pol,3.51,38,0,3,17,15,3,0,0,0,0,0
2025 Spring,BME,3240,Biotransport,004069,"Helmke,Brian",001,15046,Engineering & Applied Science,3.34,64,0,18,9,17,9,6,1,3,0,1
2025 Spring,LPPS,7085,Modern Techniques in Finance,045114,"Myung,Noah",001,16584,Batten Leadership & Public Pol,3.48,13,1,4,3,2,1,0,2,0,0,0
2025 Spring,EGMT,1510,Engaging Aesthetics,044512,"O'Donoghue,Meghan",123,14078,College & Graduate Arts & Sci,3.94,31,0,29,0,0,2,0,0,0,0,0
2025 Spring,EGMT,1520,Empirical Engagement,044513,"Spitzner,Dan",207,13398,College & Graduate Arts & Sci,3.86,35,1,30,1,0,2,0,0,0,0,1
2025 Spring,ENWR,1510,Writing and Critical Inquiry,013432,"Mendez-Garcia,Paola",070,13390,College & Graduate Arts & Sci,3.93,18,0,16,1,0,1,0,0,0,0,0
2025 Spring,ENGR,1020,Engineering Foundations 2,046986,"Serrano,David Gutierrez",014,16227,Engineering & Applied Science,3.64,23,0,13,5,2,1,0,1,0,0,1
2025 Spring,PHYS,1655,Python for Scientists,046731,"Suarez,Cristina Mantilla",001,13595,College & Graduate Arts & Sci,3.15,27,3,8,5,5,0,0,0,2,0,4
2025 Spring,MAE,4710,Mechatronics,022605,"Garner,Gavin",100,15011,Engineering & Applied Science,3.51,95,12,26,21,17,8,4,3,2,1,1
2025 Spring,STS,4600,Engr Ethcs Prof Responsibility,036750,"Murray,Sean",017,15438,Engineering & Applied Science,3.96,27,0,23,4,0,0,0,0,0,0,0
2025 Spring,CE,3222,Water Resources Eng Workshop,045591,"Band,Lawrence",001,15745,Engineering & Applied Science,3.68,27,0,21,2,0,2,0,0,1,0,1
2025 Spring,STS,4600,Engr Ethcs Prof Responsibility,036750,"Seabrook,Bryn",021,15441,Engineering & Applied Science,3.73,28,0,21,4,0,1,1,0,0,0,1
2025 Spring,BME,3090,Biomed IDEAS Lab II,004071,"Allen,Timothy",100,15047,Engineering & Applied Science,3.86,95,3,63,21,4,3,1,0,0,0,0
2025 Spring,CS,4750,Database Systems,006934,"McBurney,Paul",001,15391,Engineering & Applied Science,3.64,139,0,75,31,12,10,4,0,4,2,1
2025 Spring,ENGR,1020,Engineering Foundations 2,046986,"Tian,Jianghong",002,16215,Engineering & Applied Science,3.80,36,0,24,7,3,1,0,0,1,0,0
2025 Spring,SYS,3062,Discrete Event Simulation,036907,"Mortveit,Henning",001,15278,Engineering & Applied Science,3.48,61,6,17,15,9,8,1,2,1,1,1
2025 Spring,LPPL,2600,Foundations Behavioral Science,044753,"Le,Phuong Quynh",001,16571,Batten Leadership & Public Pol,3.83,47,15,18,6,6,2,0,0,0,0,0
2025 Spring,CHE,2216,Mod & Simulation in Chem Engr,005439,"Bilodeau,Camille",001,14986,Engineering & Applied Science,3.21,32,0,1,12,9,2,6,1,0,0,1
2025 Spring,PSYC,5500,Current Topics in Psychology,032717,"Connelly,Jessica",001,14324,College & Graduate Arts & Sci,3.99,20,2,17,1,0,0,0,0,0,0,0
2025 Spring,CHEM,1421,Intro College Chemistry II Lab,005994,"Morkowchuk,Lisa",037,14560,College & Graduate Arts & Sci,3.92,24,17,2,4,1,0,0,0,0,0,0
2025 Spring,ASTR,1290,Black Holes,044559,"Pryal,Matthew",001,13899,College & Graduate Arts & Sci,3.36,128,7,40,25,12,18,11,4,5,2,4
2025 Spring,CHEM,2321,Org Lab II Non-Chem Maj/Min,043155,"Chruma,Jason",017,14743,College & Graduate Arts & Sci,3.90,10,1,7,1,1,0,0,0,0,0,0
2025 Spring,EGMT,1540,Ethical Engagement,044515,"Choi,Christopher",217,14251,College & Graduate Arts & Sci,4.00,37,17,20,0,0,0,0,0,0,0,0
2025 Spring,EGMT,1530,Engaging Differences,044514,"Hedstrom,Matthew",114,14208,College & Graduate Arts & Sci,3.89,32,0,25,5,1,0,1,0,0,0,0
2025 Spring,MATH,4993,Independent Study,023108,"Maloni,Sara",011,13242,College & Graduate Arts & Sci,4.00,20,9,11,0,0,0,0,0,0,0,0
2025 Spring,BME,2000,Biomed Engr Design & Discovery,004058,"Guilford,William",001,15251,Engineering & Applied Science,3.89,42,14,22,2,2,0,2,0,0,0,0
2025 Spring,MDST,4106,Media and the Kennedy Era,041350,"Bodroghkozy,Aniko",001,13252,College & Graduate Arts & Sci,3.83,11,0,6,4,1,0,0,0,0,0,0
2025 Spring,EGMT,1530,Engaging Differences,044514,"King,Alice",221,14225,College & Graduate Arts & Sci,3.90,32,0,27,4,0,0,0,0,1,0,0
2025 Spring,MDST,4510,Capstone Topics,045773,"Clay,Anna",001,13322,College & Graduate Arts & Sci,3.87,23,0,13,10,0,0,0,0,0,0,0
2025 Spring,ENGR,1020,Engineering Foundations 2,046986,"Goldschneider,Benjamin",004,16217,Engineering & Applied Science,3.84,38,0,30,3,3,0,1,1,0,0,0
2025 Spring,FREN,3050,Middle Ages to Revolution,014374,"Ferguson,Gary",001,14037,College & Graduate Arts & Sci,3.55,15,0,5,5,1,2,2,0,0,0,0
2025 Spring,STAT,3480,Nonparametric Statistics,043752,"Weinstock,Justin",001,14712,College & Graduate Arts & Sci,3.42,60,6,17,15,6,6,3,2,1,3,1
2025 Spring,CHEM,3121,Adv Synthetic Techniques Lab,046175,"Zhu,Huiyuan",100,13255,College & Graduate Arts & Sci,3.78,13,3,7,2,0,0,0,0,0,1,0
2025 Spring,STAT,3280,Data Visual and Management,045458,"Ross,Richard",001,12937,College & Graduate Arts & Sci,3.64,60,0,42,5,0,7,0,0,4,1,1
2025 Spring,PHIL,3330,Philosophy of Mind,030130,"Boone,Trey",001,14202,College & Graduate Arts & Sci,3.37,29,0,9,5,8,3,2,1,0,0,1
2025 Spring,EGMT,1530,Engaging Differences,044514,"Shutt,Lisa",110,14205,College & Graduate Arts & Sci,3.70,33,0,23,4,3,1,0,1,0,0,1
2025 Spring,EGMT,1530,Engaging Differences,044514,"Edwards,Brandon",209,14218,College & Graduate Arts & Sci,3.84,17,2,7,7,1,0,0,0,0,0,0
2025 Spring,APMA,3100,Probability,001152,"Ma,Hui",005,15511,Engineering & Applied Science,3.31,44,17,9,4,0,2,1,4,2,1,4
2025 Spring,ENGR,1020,Engineering Foundations 2,046986,"Mcalister,Anne",012,16225,Engineering & Applied Science,3.68,33,0,18,7,2,4,1,1,0,0,0
2025 Spring,ECE,6332,VLSI Design,007717,"Calhoun,Benton",001,15501,Engineering & Applied Science,3.69,18,1,10,2,0,5,0,0,0,0,0
2025 Spring,SPAN,3000,Phonetics,035892,"Rini,Joel",001,13319,College & Graduate Arts & Sci,3.87,18,13,2,1,0,2,0,0,0,0,0
2025 Spring,PLPT,4500,Special Topics,031937,"Rubenstein,Jennifer",001,13318,College & Graduate Arts & Sci,3.61,15,0,4,6,3,2,0,0,0,0,0
2025 Spring,ECE,3251,Electromag Energy Convers Lab,041834,"Barnes,Adam",002,15710,Engineering & Applied Science,3.85,14,2,9,0,3,0,0,0,0,0,0
2025 Spring,LPPS,4730,Impact Investing,042311,"Nolde,Michael",001,16531,Batten Leadership & Public Pol,3.76,59,11,17,21,7,3,0,0,0,0,0
2025 Spring,MAE,2330,Mechanics Laboratory,045221,"Smith,Natasha",001,15637,Engineering & Applied Science,3.95,139,54,71,10,2,1,1,0,0,0,0
2025 Spring,LASE,2515,A&S Skills AcceleratorCatalyst,046611,"Clay,Anna",001,13291,College & Graduate Arts & Sci,3.86,15,0,8,7,0,0,0,0,0,0,0
2025 Spring,BME,8995,Grad Supervsd Project Research,004175,"Peirce-Cottler,Shayn",002,16009,Engineering & Applied Science,3.95,13,2,9,2,0,0,0,0,0,0,0
2025 Spring,HIST,2014,Fascism: A Global History,046591,"Achilles,Manuela",100,14172,College & Graduate Arts & Sci,3.77,119,0,52,55,7,3,2,0,0,0,0
2025 Spring,HIEU,3021,Greek and Roman Warfare,018432,"Lendon,Jon",100,19143,College & Graduate Arts & Sci,3.35,35,2,13,5,5,1,4,3,0,1,1
2025 Spring,LPPA,3650,Economics of Public Policy,042162,"Simon,Andrew",001,16527,Batten Leadership & Public Pol,3.53,37,2,9,15,1,6,2,1,1,0,0
2025 Spring,EGMT,1540,Ethical Engagement,044515,"Goldblatt,Laura",122,14245,College & Graduate Arts & Sci,3.97,36,0,34,1,1,0,0,0,0,0,0
2025 Spring,MATH,2310,Calculus III,023024,"Qi,You",400,14206,College & Graduate Arts & Sci,3.55,35,3,13,8,3,4,2,1,0,0,1
2025 Spring,COGS,4980,Distinguished Major Thesis II,039783,"Dodson,Chad",001,14855,College & Graduate Arts & Sci,4.00,13,3,10,0,0,0,0,0,0,0,0
2025 Spring,GSVS,4020,Ecosystem Services,047180,"Phillips,Spencer",001,14520,College & Graduate Arts & Sci,3.67,27,1,15,6,3,1,0,0,0,0,1
2025 Spring,DS,6013,DS Capstone Work II,043919,"Tashman,Adam",004,14913,School of Data Science,4.00,5,3,2,0,0,0,0,0,0,0,0
2025 Spring,PHYS,1425,Intro Physics 1 for Engineers,031032,"Yoshida,Atsushi",006,14710,College & Graduate Arts & Sci,3.37,124,1,22,41,17,25,11,2,2,3,0
2025 Spring,SPAN,3050,Spanish for Medical Profession,039916,"Opere,Alicia Lopez",002,13333,College & Graduate Arts & Sci,3.92,11,4,4,3,0,0,0,0,0,0,0
2025 Spring,HIME,2001,Making of the Islamic World,018857,"Richardson,Kristina",001,14169,College & Graduate Arts & Sci,3.67,34,3,24,1,0,2,2,0,0,1,1
2025 Spring,EGMT,1540,Ethical Engagement,044515,"Driver,Keith",123,14246,College & Graduate Arts & Sci,3.96,36,9,26,0,0,0,1,0,0,0,0
2025 Spring,ARTH,4591,Seminar in the History of Art,002569,"Flores,Tatiana",001,13264,College & Graduate Arts & Sci,3.84,10,0,6,3,1,0,0,0,0,0,0
2025 Spring,EGMT,1520,Empirical Engagement,044513,"Williams,Jennie",217,14187,College & Graduate Arts & Sci,3.95,28,3,24,0,0,0,1,0,0,0,0
2025 Spring,AMST,2500,Major Works for Amer Studies,000454,"Coyoca,David",001,14552,College & Graduate Arts & Sci,3.93,25,0,23,0,1,1,0,0,0,0,0
2025 Spring,EGMT,1530,Engaging Differences,044514,"King,Alice",220,14224,College & Graduate Arts & Sci,3.86,33,0,26,5,0,1,0,0,1,0,0
2025 Spring,PLPT,3500,Special Topics in PT,040944,"Bird,Colin",001,14517,College & Graduate Arts & Sci,3.39,29,0,5,11,9,1,1,1,0,0,1
2025 Spring,SYS,5581,Topics in Systems Engineering,040876,"Moore,Hunter",002,16368,Engineering & Applied Science,3.96,24,13,8,3,0,0,0,0,0,0,0
2025 Spring,PSYC,3490,Infant Development,032576,"Grossmann,Tobias",001,14321,College & Graduate Arts & Sci,3.83,149,37,71,18,13,7,2,1,0,0,0
2025 Spring,APMA,3110,Applied Stats & Probability,001153,"Rahman,Md Arafatur",003,16291,Engineering & Applied Science,3.21,38,1,11,4,5,8,3,1,2,1,2
2025 Spring,ENWR,3500,Topics in Advanced Wrtg & Rhet,044025,"Shaman,Cory",001,13392,College & Graduate Arts & Sci,3.60,16,0,13,0,1,0,0,1,0,0,1
2025 Spring,DS,6210,Comp II: Num Analy & Optim,046855,"Baek,Stephen",001,14901,School of Data Science,3.80,6,2,0,4,0,0,0,0,0,0,0
2025 Spring,ENWR,2510,Advanced Writing Seminar,013441,"Modica,John",003,13428,College & Graduate Arts & Sci,4.00,16,5,11,0,0,0,0,0,0,0,0
2025 Spring,STAT,1602,Intro Data Science with Python,045052,"Holt,Jeffrey J",001,13537,College & Graduate Arts & Sci,3.43,28,0,10,8,5,2,0,0,2,0,1
2025 Spring,HIEA,2031,Modern China,018288,"Liu,Xiaoyuan",100,14058,College & Graduate Arts & Sci,3.82,53,14,22,8,7,2,0,0,0,0,0
2025 Spring,HIEA,2101,Modern Korean History,018295,"Seeley,Joseph",100,14053,College & Graduate Arts & Sci,3.85,120,2,83,22,5,8,0,0,0,0,0
2025 Spring,MUSI,2340,Learn to Groove,039726,"Jospe,Robert",002,14497,College & Graduate Arts & Sci,4.00,20,5,15,0,0,0,0,0,0,0,0
2025 Spring,HIUS,2201,US Immigration Law and Policy,047169,"Kang,S. Deborah",001,14532,College & Graduate Arts & Sci,3.72,48,0,14,28,3,3,0,0,0,0,0
2025 Spring,ENGL,3273,Shakespeare Tragedies Romances,012902,"Maus,Katharine",100,13571,College & Graduate Arts & Sci,3.21,49,0,6,16,10,4,4,4,4,0,1
2025 Spring,KOR,1020,Elementary Korean II,020865,"CHOI,YOON HWA",003,13357,College & Graduate Arts & Sci,3.59,11,2,2,4,1,0,2,0,0,0,0
2025 Spring,RELJ,2030,"Judaism, Roots and Rebellion",034464,"Alexander,Elizabeth",001,13888,College & Graduate Arts & Sci,3.77,10,0,6,2,1,1,0,0,0,0,0
2025 Spring,DS,1002,Programming for Data Science,046058,"Xie,Jianxin",001,14882,School of Data Science,3.87,72,4,54,9,0,3,0,2,0,0,0
2025 Spring,EGMT,1510,Engaging Aesthetics,044512,"Kennedy,R.",202,14081,College & Graduate Arts & Sci,4.00,34,10,24,0,0,0,0,0,0,0,0
2025 Spring,ITAL,1020,Elementary Italian II,020556,"Annunziato,Sarah",003,13942,College & Graduate Arts & Sci,3.89,15,1,10,3,1,0,0,0,0,0,0
2025 Spring,EGMT,1530,Engaging Differences,044514,"Wang,Tracey",218,14222,College & Graduate Arts & Sci,3.95,31,0,27,3,1,0,0,0,0,0,0
2025 Spring,EGMT,1530,Engaging Differences,044514,"Jaswal,Vikram",122,14215,College & Graduate Arts & Sci,3.94,33,2,30,0,0,0,0,0,1,0,0
2025 Spring,SPAN,3010,Finding your Voice in Spanish,035893,"Poveda,Esther",007,13321,College & Graduate Arts & Sci,3.73,15,0,4,9,2,0,0,0,0,0,0
2025 Spring,RELG,2630,Business Ethics and Society,034171,"Mathewes,Charles",100,13852,College & Graduate Arts & Sci,3.63,56,3,24,13,5,3,8,0,0,0,0
2025 Spring,EGMT,1540,Ethical Engagement,044515,"Braun,Erik",120,14243,College & Graduate Arts & Sci,3.94,36,0,30,5,1,0,0,0,0,0,0
2025 Spring,EGMT,1510,Engaging Aesthetics,044512,"Stec,Justin",218,14093,College & Graduate Arts & Sci,3.96,34,3,27,4,0,0,0,0,0,0,0
2025 Spring,PLIR,3080,Int'l Politics in Nuclear Age,031809,"Sechser,Todd",100,13935,College & Graduate Arts & Sci,3.62,236,8,98,65,28,21,10,0,2,2,2
2025 Spring,CHIN,1010,Elementary Chinese,006047,"Wang,Ju Min",002,13698,College & Graduate Arts & Sci,3.95,18,0,15,3,0,0,0,0,0,0,0
2025 Spring,DS,2004,Data Ethics,046829,"Reia,Jess",001,14899,School of Data Science,3.88,60,11,40,7,0,1,0,0,0,0,1
2025 Spring,PHYS,2720,Problem Solving,046321,"Jones,Robert",001,13590,College & Graduate Arts & Sci,3.69,60,4,19,26,7,1,1,2,0,0,0
2025 Spring,EGMT,1520,Empirical Engagement,044513,"Samonina,Jelena",121,14181,College & Graduate Arts & Sci,3.98,36,32,2,2,0,0,0,0,0,0,0
2025 Spring,ENWR,1510,Writing and Critical Inquiry,013432,"Mokoko,Sethunya",069,13389,College & Graduate Arts & Sci,3.75,18,1,8,6,2,0,1,0,0,0,0
2025 Spring,EGMT,1520,Empirical Engagement,044513,"Chajes,Johanna",112,13393,College & Graduate Arts & Sci,3.94,36,6,29,0,0,0,0,0,1,0,0
2025 Spring,EGMT,1530,Engaging Differences,044514,"Mehfoud,Lauren",210,13408,College & Graduate Arts & Sci,3.96,33,0,30,2,1,0,0,0,0,0,0
2025 Spring,PLAP,2250,American Political Tradition,031555,"Terbeek,Calvin John",001,13313,College & Graduate Arts & Sci,3.56,18,0,8,5,0,3,0,2,0,0,0
