Term Desc,Subject,Catalog Number,Class Title,Course ID,Primary Instructor Name,Class Section,Class Num,Class Academic Group,Course GPA,# of Students,A+,A,A-,B+,B,B-,C+,C,C-,DFW
2026 Spring,LATI,1020,Elementary Latin II,021104,"Corbeill,Anthony",100,10522,College & Graduate Arts & Sci,3.37,29,7,4,5,6,0,3,2,1,0,1
2026 Spring,MATH,7752,Algebra II,023232,"Ershov,Mikhail",001,10566,College & Graduate Arts & Sci,3.67,12,1,6,1,2,1,1,0,0,0,0
2026 Spring,SPAN,2010,Intermediate Spanish,035853,"Colon,Daniel",010,13555,College & Graduate Arts & Sci,3.59,18,0,4,11,0,2,0,0,1,0,0
2026 Spring,PHYS,1425,Intro Physics 1 for Engineers,031032,"Dukes,E",001,10609,College & Graduate Arts & Sci,3.34,62,6,20,7,12,5,3,2,2,1,4
2026 Spring,COMM,3720,Intermediate Corporate Finance,006484,"Gantchev,Nickolay",003,14636,McIntire School of Commerce,3.69,35,0,12,19,1,1,1,0,0,1,0
2026 Spring,KINE,5470,Metabolic Adap to Exercise,009284,"Angadi,Siddhartha",001,15439,School of Education and HumanDev,3.73,7,1,2,3,0,1,0,0,0,0,0
2026 Spring,LAW,9160,Evidence Law: Psych Bases,041705,"Spellman,Barbara",1,19088,School of Law,3.43,14,0,2,4,6,0,2,0,0,0,0
2026 Spring,SPAN,2010,Intermediate Spanish,035853,"Whitfill,Francis",004,11505,College & Graduate Arts & Sci,3.62,12,3,6,2,0,0,0,0,0,0,1
2026 Spring,SPAN,2010,Intermediate Spanish,035853,"Jarque,Esperanza Gorriz",008,11506,College & Graduate Arts & Sci,3.61,14,0,2,9,2,0,1,0,0,0,0
2026 Spring,COMM,4680,Entrepreneurship,006531,"Ransler,Charles",001,14679,McIntire School of Commerce,3.73,40,0,15,18,6,1,0,0,0,0,0
2026 Spring,GCOM,7170,Digital Strategy & Analytics,043913,"Montgomery,Nicole",001,14711,McIntire School of Commerce,3.38,34,0,5,12,7,3,6,1,0,0,0
2026 Spring,GCOM,7621,Managing Sustainable Dev,044168,"White,Mark",001,14739,McIntire School of Commerce,3.45,15,0,1,6,5,3,0,0,0,0,0
2026 Spring,MAE,4502,Spec Topics in Mechanical Engr,022610,"Garner,Gavin",001,17505,Engineering & Applied Science,4.00,11,3,8,0,0,0,0,0,0,0,0
2026 Spring,COMM,3200,Project & Product Management,006498,"Bennett,Andrew",001,14639,McIntire School of Commerce,3.83,35,0,21,11,2,0,1,0,0,0,0
2026 Spring,COMM,5460,Taxes & Business Strategy,006557,"Seidman,Jeri",002,14672,McIntire School of Commerce,3.32,38,0,1,12,12,10,3,0,0,0,0
2026 Spring,CS,2130,Computer Systems and Org 1,046226,"Hott,Robbie",001,16947,Engineering & Applied Science,2.82,207,9,38,20,17,31,24,19,15,10,24
2026 Spring,MUEN,3650,University Singers,024591,"Slon,Michael",001,10595,College & Graduate Arts & Sci,4.00,59,3,56,0,0,0,0,0,0,0,0
2026 Spring,STAT,7100,Intro to Advanced Inference,036696,"Wang,Jingming",001,11293,College & Graduate Arts & Sci,3.59,24,5,6,3,7,2,0,0,1,0,0
2026 Spring,EGMT,1510,Engaging Aesthetics,044512,"Dalton,Dave",219,13150,College & Graduate Arts & Sci,4.00,34,21,13,0,0,0,0,0,0,0,0
2026 Spring,HIUS,4501,Seminar United States History,019633,"Dierksheide,Christa",001,13156,College & Graduate Arts & Sci,3.91,15,3,9,2,1,0,0,0,0,0,0
2026 Spring,COMM,3050,Managerial Decision Making,006457,"Maurer,Chris",004,14621,McIntire School of Commerce,3.38,36,0,7,10,10,5,1,2,0,0,1
2026 Spring,STAT,4220,Applied Analytics for Business,044088,"Martinet,Gretchen",002,12346,College & Graduate Arts & Sci,3.68,44,1,32,0,4,1,0,6,0,0,0
2026 Spring,ENGL,4560,Seminar Modern & Contemp Lit,012608,"Rody,Caroline",003,20219,College & Graduate Arts & Sci,3.87,15,2,8,4,1,0,0,0,0,0,0
2026 Spring,KINE,4000,Practicum in Kinesiology,009122,"Fines,Abby",001,15436,School of Education and HumanDev,3.98,19,8,10,1,0,0,0,0,0,0,0
2026 Spring,COMM,3050,Managerial Decision Making,006457,"Maurer,Chris",007,14624,McIntire School of Commerce,3.61,34,0,11,11,10,1,0,0,1,0,0
2026 Spring,KINE,3450,Exercise & Nutrition Medicine,044387,"Angadi,Siddhartha",001,15514,School of Education and HumanDev,2.91,47,0,1,12,8,10,5,1,6,1,3
2026 Spring,MATH,7310,Real Analysis,023220,"Farhat,Aseel",001,11344,College & Graduate Arts & Sci,3.52,16,1,3,4,6,1,1,0,0,0,0
2026 Spring,COMM,3120,Intermediate Accounting II,006462,"Winchel,Jennifer",003,14627,McIntire School of Commerce,3.94,22,0,20,0,2,0,0,0,0,0,0
2026 Spring,CHEM,1421,Intro College Chemistry II Lab,005994,"Morkowchuk,Lisa",004,10894,College & Graduate Arts & Sci,3.93,24,13,9,1,0,0,1,0,0,0,0
2026 Spring,CHEM,1421,Intro College Chemistry II Lab,005994,"Morkowchuk,Lisa",015,10903,College & Graduate Arts & Sci,3.99,24,16,7,1,0,0,0,0,0,0,0
2026 Spring,SOC,4520,Topics in Religion and Society,044654,"Makarova,Ekaterina",001,14039,College & Graduate Arts & Sci,3.60,10,0,6,1,1,0,1,1,0,0,0
2026 Spring,ENCW,2600,Fiction Writing,013455,"Yates,Robert",003,13946,College & Graduate Arts & Sci,3.93,14,0,12,1,1,0,0,0,0,0,0
2026 Spring,ECON,3010,Intermediate Microeconomics,007908,"Kripalani,Jessica",093,11851,College & Graduate Arts & Sci,2.91,96,22,19,8,6,6,5,7,0,6,17
2026 Spring,MUSI,1310,Basic Musical Skills,024703,"Shen,Qi",003,21500,College & Graduate Arts & Sci,3.37,11,0,7,1,0,1,0,0,0,1,1
2026 Spring,PSYC,3006,Res Methods & Data Analysis II,032540,"Meyer,M. Joseph",200,14388,College & Graduate Arts & Sci,3.84,76,17,39,10,4,4,2,0,0,0,0
2026 Spring,GCOM,7240,Advanced Quantitative Analysis,043908,"Netemeyer,Richard",001,14714,McIntire School of Commerce,3.61,18,1,2,10,3,2,0,0,0,0,0
2026 Spring,ENWR,1510,Writing and Critical Inquiry,013432,"Cavens,Derek",009,10791,College & Graduate Arts & Sci,3.64,16,0,7,6,0,1,1,1,0,0,0
2026 Spring,BIOL,4070,Developmental Biology Lab,003594,"Keller,Raymond",001,12672,College & Graduate Arts & Sci,3.89,22,0,14,8,0,0,0,0,0,0,0
2026 Spring,CHEM,5720,Methods in Bioanalytical Chem,005806,"Pompano,Rebecca",001,20410,College & Graduate Arts & Sci,3.59,32,6,14,1,3,4,2,0,2,0,0
2026 Spring,FREN,1010,Elementary French I,014273,"Ramos,Fabio",002,11484,College & Graduate Arts & Sci,3.72,12,0,8,0,2,2,0,0,0,0,0
2026 Spring,PHYS,1429,Intro Physics 1 Workshop,031036,"Bychkov,Maksim",023,12503,College & Graduate Arts & Sci,3.60,23,1,15,2,2,0,1,0,1,0,1
2026 Spring,GETR,3464,Stories of Love and Adventure,045859,"McDonald,William",002,12509,College & Graduate Arts & Sci,3.76,18,0,7,9,1,1,0,0,0,0,0
2026 Spring,ANTH,2325,Anthropology of God,000680,"Mentore,George",001,20063,College & Graduate Arts & Sci,3.31,29,0,5,4,8,9,2,1,0,0,0
2026 Spring,LING,2430,Languages of the World,000670,"Mirzayan,Armik",100,13732,College & Graduate Arts & Sci,3.93,56,0,53,0,1,1,0,0,1,0,0
2026 Spring,LPPP,6250,Policy Analysis,032142,"Player,Daniel",002,10215,Batten Leadership & Public Pol,3.51,42,0,8,20,8,5,0,0,0,0,1
2026 Spring,EVSC,4070,Advanced GIS,013964,"Porter,John",001,19123,College & Graduate Arts & Sci,3.95,12,8,2,2,0,0,0,0,0,0,0
2026 Spring,CHEM,2321,Org Lab II Non-Chem Maj/Min,043155,"Chruma,Jason",005,11731,College & Graduate Arts & Sci,3.25,15,0,5,3,2,3,0,0,1,0,1
2026 Spring,ASTR,1250,Alien Worlds,044877,"Zhou,Yifan",001,12708,College & Graduate Arts & Sci,3.66,92,9,41,23,6,5,3,1,2,0,2
2026 Spring,LAW,7071,Professional Responsibility,021935,"Shalf,Sarah",3,19097,School of Law,3.56,50,0,10,19,15,6,0,0,0,0,0
2026 Spring,MATH,3354,Survey of Algebra,023084,"Coupek,Pavel",002,10563,College & Graduate Arts & Sci,3.49,35,8,13,4,2,2,1,1,2,1,1
2026 Spring,COMM,3420,Commercial Law II,006471,"Moore,Sherri",001,14630,McIntire School of Commerce,3.49,64,0,18,22,7,9,5,2,0,1,0
2026 Spring,BIOL,4910,Life Sciences Research,043055,"Wormington,Mike",001,11466,College & Graduate Arts & Sci,3.97,134,24,102,6,1,1,0,0,0,0,0
2026 Spring,ARTS,2812,Intro to Sculpture(Wood/Metal),002887,"Rogers,LaRissa",001,10376,College & Graduate Arts & Sci,3.93,13,0,10,3,0,0,0,0,0,0,0
2026 Spring,HIUS,3501,Introductory History Workshop,046577,"Sterling,Erica",002,20444,College & Graduate Arts & Sci,3.92,20,0,18,0,1,1,0,0,0,0,0
2026 Spring,PHYS,1429,Intro Physics 1 Workshop,031036,"Bychkov,Maksim",001,10612,College & Graduate Arts & Sci,3.83,24,5,15,1,2,0,0,0,0,1,0
2026 Spring,PHYS,2040,Princip of Physics 2 Workshop,030812,"Bychkov,Maksim",007,10638,College & Graduate Arts & Sci,3.99,26,13,12,1,0,0,0,0,0,0,0
2026 Spring,MAE,4502,Spec Topics in Mechanical Engr,022610,"Alfonte,David",003,20447,Engineering & Applied Science,3.74,11,0,4,5,2,0,0,0,0,0,0
2026 Spring,ENCW,2300,Poetry Writing,013450,"Grimes,Jack",008,13943,College & Graduate Arts & Sci,3.89,15,0,11,3,1,0,0,0,0,0,0
2026 Spring,LAW,7501,Spec Topics Short Course (SC),046387,"Rakoff,Jed",1,18087,School of Law,3.65,16,0,5,6,4,1,0,0,0,0,0
2026 Spring,ENWR,1510,Writing and Critical Inquiry,013432,"Zhou,Holly",029,11308,College & Graduate Arts & Sci,3.91,18,0,15,2,0,1,0,0,0,0,0
2026 Spring,MATH,1310,Calculus I,022953,"Chueluecha,Petch",100,10542,College & Graduate Arts & Sci,2.58,19,0,2,6,0,0,0,7,0,1,3
2026 Spring,EDLF,3180,Lifespan Development,044394,"Sjogren,Ashlee",001,15517,School of Education and HumanDev,3.95,33,3,25,5,0,0,0,0,0,0,0
2026 Spring,EDLF,2080,Fundamentals of Statistics,044842,"Hull,Michael",001,15541,School of Education and HumanDev,3.88,27,13,8,4,1,0,1,0,0,0,0
2026 Spring,CELL,5950,Jrnl Survey in Cell & Dev Biol,005250,"Kulkarni,Saurabh",001,18256,Medical School - BIMS/PHS,3.93,24,18,3,2,0,1,0,0,0,0,0
2026 Spring,ENCW,2600,Fiction Writing,013455,"Iftikhar,Nazuk",006,13949,College & Graduate Arts & Sci,3.89,14,0,11,2,0,1,0,0,0,0,0
2026 Spring,LPPS,3040,US National Security Policy,046149,"Stam,Allan",001,10251,Batten Leadership & Public Pol,3.67,28,2,6,14,3,3,0,0,0,0,0
2026 Spring,HIST,4501,Major Seminar,019210,"Beissel,Noah",001,13774,College & Graduate Arts & Sci,3.39,12,0,4,2,2,2,1,0,1,0,0
2026 Spring,CHEM,1421,Intro College Chemistry II Lab,005994,"Morkowchuk,Lisa",030,11726,College & Graduate Arts & Sci,3.66,24,10,6,6,0,0,0,0,0,1,1
2026 Spring,SPAN,2020,Advanced Intermediate Spanish,035854,"Badang,Germain",019,13561,College & Graduate Arts & Sci,3.66,16,0,4,9,1,2,0,0,0,0,0
2026 Spring,EGMT,1520,Empirical Engagement,044513,"Samonina,Jelena",221,19681,College & Graduate Arts & Sci,3.97,35,29,2,4,0,0,0,0,0,0,0
2026 Spring,EDHS,4030,Speech and Hearing Science,044036,"Loncke,Filip",001,15496,School of Education and HumanDev,3.89,86,42,31,5,2,5,1,0,0,0,0
2026 Spring,ECON,8220,International Finance,008060,"Wincoop,Eric Van",001,19234,College & Graduate Arts & Sci,3.39,7,0,2,2,1,1,0,0,1,0,0
2026 Spring,ARCH,7020,Foundation Studio IV,042373,"MacDonald,Katie",004,10064,School of Architecture,3.76,11,2,5,3,0,0,0,1,0,0,0
2026 Spring,EGMT,1510,Engaging Aesthetics,044512,"Bennington,Kathryn",106,13075,College & Graduate Arts & Sci,3.98,35,11,22,2,0,0,0,0,0,0,0
2026 Spring,PHYS,1429,Intro Physics 1 Workshop,031036,"Bychkov,Maksim",013,11227,College & Graduate Arts & Sci,3.50,21,3,11,1,3,0,1,0,0,0,2
2026 Spring,CHEM,1421,Intro College Chemistry II Lab,005994,"Morkowchuk,Lisa",025,11696,College & Graduate Arts & Sci,4.00,24,18,6,0,0,0,0,0,0,0,0
2026 Spring,EDIS,4320,Teaching Mathematics Elem,046127,"Feeley,William",002,20471,School of Education and HumanDev,4.00,26,22,4,0,0,0,0,0,0,0,0
2026 Spring,MATH,1190,A Survey of Calc I w Algebra,023387,"Rolf,Jim",200,12420,College & Graduate Arts & Sci,2.99,26,2,2,2,9,2,4,3,0,0,2
2026 Spring,PHYS,2620,Modern Physics,030844,"Yagi,Kento",100,12426,College & Graduate Arts & Sci,3.22,72,9,18,6,8,11,4,7,6,1,2
2026 Spring,ECON,4350,Corporate Finance,007969,"Mcgee,Christopher",100,13045,College & Graduate Arts & Sci,3.25,83,6,17,12,17,12,6,8,2,0,3
2026 Spring,ECE,3251,Electromag Energy Convers Lab,041834,"Barnes,Adam",001,16410,Engineering & Applied Science,3.90,21,4,12,4,0,1,0,0,0,0,0
2026 Spring,SYS,3062,Discrete Event Simulation,036907,"Mortveit,Henning",001,16413,Engineering & Applied Science,3.49,82,0,19,26,22,10,0,4,1,0,0
2026 Spring,EDIS,3020,The Exceptional Learner,009391,"Scott,LaRon",503,15920,School of Education and HumanDev,3.96,30,10,18,1,0,1,0,0,0,0,0
2026 Spring,EGMT,1530,Engaging Differences,044514,"Hedstrom,Matthew",115,19699,College & Graduate Arts & Sci,3.90,35,0,26,7,2,0,0,0,0,0,0
2026 Spring,AAS,3500,Intermediate Seminar in AAS,039376,"Richardson,Liana",007,13036,College & Graduate Arts & Sci,3.81,16,0,7,8,1,0,0,0,0,0,0
2026 Spring,EDIS,2010,Teaching as a Profession,009383,"Chabalengula,Vivien",700,15424,School of Education and HumanDev,3.91,30,0,26,3,0,0,0,1,0,0,0
2026 Spring,PLAD,8310,Regression Analysis,031237,"Zhirkov,Kirill",100,12158,College & Graduate Arts & Sci,3.81,13,0,6,6,1,0,0,0,0,0,0
2026 Spring,ECON,3820,Behavioral Economics,046916,"Holt,Charles",001,13820,College & Graduate Arts & Sci,3.97,30,7,20,3,0,0,0,0,0,0,0
2026 Spring,SPAN,2020,Advanced Intermediate Spanish,035854,"Barlow,Jennifer",008,11077,College & Graduate Arts & Sci,3.64,18,0,4,10,2,2,0,0,0,0,0
2026 Spring,GDS,4991,Fourth-Year Seminar,041012,"Edmunds,David",001,12361,College & Graduate Arts & Sci,3.99,37,6,30,1,0,0,0,0,0,0,0
2026 Spring,CHEM,2321,Org Lab II Non-Chem Maj/Min,043155,"Chruma,Jason",003,11385,College & Graduate Arts & Sci,3.86,36,2,23,9,0,1,1,0,0,0,0
2026 Spring,ITAL,2020,Intermediate Italian II,020568,"Annunziato,Sarah",001,11427,College & Graduate Arts & Sci,3.73,18,1,9,4,2,1,1,0,0,0,0
2026 Spring,ENWR,1510,Writing and Critical Inquiry,013432,"Holup,Elizabeth",070,12884,College & Graduate Arts & Sci,4.00,18,3,15,0,0,0,0,0,0,0,0
2026 Spring,ASTR,5430,Stellar Astrophysics,003109,"Modjaz,Maryam",001,19105,College & Graduate Arts & Sci,3.98,14,4,9,1,0,0,0,0,0,0,0
2026 Spring,LAW,7728,Reproductive Ethics&Law (SC),043254,"Shepherd,Lois",1,19099,School of Law,3.48,18,0,2,7,6,3,0,0,0,0,0
2026 Spring,PERS,2020,Intermediate Persian,029845,"Mohit,Mahshad",001,10601,College & Graduate Arts & Sci,3.86,11,2,4,5,0,0,0,0,0,0,0
2026 Spring,ARH,1020,History of Architecture II,001845,"Nelson,Louis",100,10004,School of Architecture,3.33,133,4,55,18,17,15,6,4,4,1,9
2026 Spring,MATH,1190,A Survey of Calc I w Algebra,023387,"Rolf,Jim",100,10537,College & Graduate Arts & Sci,3.08,33,5,6,1,4,3,5,8,0,0,1
2026 Spring,EGMT,1530,Engaging Differences,044514,"Feldberg,Olya",106,19690,College & Graduate Arts & Sci,3.98,33,7,24,2,0,0,0,0,0,0,0
2026 Spring,GCOM,7770,Financial Analytics,015432,"Grazioli,Stefano",001,14645,McIntire School of Commerce,3.49,20,0,5,6,2,7,0,0,0,0,0
2026 Spring,KINE,3630,Emergency Medical Care,009126,"Swaim,Erin",100,15956,School of Education and HumanDev,3.86,34,6,19,7,0,1,0,1,0,0,0
2026 Spring,DRAM,2020,Acting I,007200,"Close,Tovah",003,11454,College & Graduate Arts & Sci,3.94,14,0,11,3,0,0,0,0,0,0,0
2026 Spring,GCOM,7870,Foundations of Global Commerce,038183,"Burroughs,James",002,14723,McIntire School of Commerce,3.80,44,0,21,18,5,0,0,0,0,0,0
2026 Spring,EGMT,1520,Empirical Engagement,044513,"Bultman,Rebecca",203,19663,College & Graduate Arts & Sci,3.99,35,28,6,1,0,0,0,0,0,0,0
2026 Spring,PHYS,2040,Princip of Physics 2 Workshop,030812,"Bychkov,Maksim",016,13274,College & Graduate Arts & Sci,3.92,26,15,9,1,0,0,0,1,0,0,0
2026 Spring,ECON,3020,Intermediate Macroeconomics,007909,"Smirnyagin,Vladimir",300,19228,College & Graduate Arts & Sci,3.05,70,7,7,11,5,14,8,7,7,4,0
2026 Spring,COMM,3200,Project & Product Management,006498,"Mandell,Abby Fifer",002,14652,McIntire School of Commerce,3.98,39,0,37,2,0,0,0,0,0,0,0
2026 Spring,SYS,4050,Risk Analysis,045929,"Lambert,James",001,16977,Engineering & Applied Science,3.80,56,5,27,19,3,0,1,0,0,1,0
2026 Spring,DRAM,3652,Producing Theatre,007273,"McLeod,Holly",001,20036,College & Graduate Arts & Sci,3.98,13,6,6,1,0,0,0,0,0,0,0
2026 Spring,ARTH,2055,Intro to Classical Archaeology,002455,"Kreindler,Kate",100,20039,College & Graduate Arts & Sci,3.44,38,1,16,8,7,2,1,0,0,0,3
2026 Spring,MICR,8044,Cancer Biology II,042503,"Zong,Hui",001,18170,Medical School - BIMS/PHS,3.78,24,2,14,4,3,0,0,0,1,0,0
2026 Spring,RUTR,2470,Understanding Russia,034781,"Urbanovich,Yuri",001,11720,College & Graduate Arts & Sci,3.79,35,0,17,14,3,1,0,0,0,0,0
2026 Spring,EGMT,1520,Empirical Engagement,044513,"Gibson,Amanda",115,19651,College & Graduate Arts & Sci,3.91,34,0,29,3,0,1,1,0,0,0,0
2026 Spring,PLPT,4500,Special Topics,031937,"Rubenstein,Jennifer",001,12651,College & Graduate Arts & Sci,3.57,15,0,5,6,1,2,0,0,1,0,0
2026 Spring,RELG,3730,Study of Religion,046968,"Marsh,Charles",001,13000,College & Graduate Arts & Sci,3.90,23,0,17,5,1,0,0,0,0,0,0
2026 Spring,ECON,3600,Economics of the Art Market,047057,"Thomas,Mark",001,13009,College & Graduate Arts & Sci,3.66,20,0,8,6,3,3,0,0,0,0,0
2026 Spring,ARAB,1020,Elementary Arabic II,001280,"Maanaki,Bilal",001,10367,College & Graduate Arts & Sci,3.89,11,0,7,4,0,0,0,0,0,0,0
2026 Spring,PHYS,2040,Princip of Physics 2 Workshop,030812,"Bychkov,Maksim",004,10635,College & Graduate Arts & Sci,3.81,25,14,9,0,1,0,0,0,0,0,1
2026 Spring,STS,4600,Engr Ethcs Prof Responsibility,036750,"Earle,Joshua",003,16188,Engineering & Applied Science,3.64,28,0,21,0,0,5,0,0,1,0,1
2026 Spring,PLPT,5500,Special Topics in Pol Theory,044639,"Donahue-Ochoa,Tom",001,13564,College & Graduate Arts & Sci,3.98,12,4,7,1,0,0,0,0,0,0,0
2026 Spring,BIOP,8301,Molecular Biophysics,030456,"Redemann,Stefanie",001,18352,Medical School - BIMS/PHS,3.53,15,3,5,0,2,3,2,0,0,0,0
2026 Spring,COMM,4350,Cust Analytics & Brand Strat,006519,"Maxham,James",002,14673,McIntire School of Commerce,3.88,19,1,13,4,0,1,0,0,0,0,0
2026 Spring,LPPL,4680,Lead from Anywhere,046781,"Gelsdorf,Kirsten",001,10278,Batten Leadership & Public Pol,3.63,62,0,13,39,6,3,0,0,0,0,1
2026 Spring,ENWR,1510,Writing and Critical Inquiry,013432,"Kostelnik,Kate",037,11708,College & Graduate Arts & Sci,3.84,18,0,12,4,1,1,0,0,0,0,0
2026 Spring,CHEM,1421,Intro College Chemistry II Lab,005994,"Morkowchuk,Lisa",027,11723,College & Graduate Arts & Sci,3.87,24,17,3,3,0,0,0,0,0,1,0
2026 Spring,ECON,3720,Introduction to Econometrics,007939,"Farmer,Leland",500,14054,College & Graduate Arts & Sci,3.02,89,10,8,13,6,20,6,9,9,8,0
2026 Spring,ENGL,5580,Seminar in Critical Theory,047159,"Meulen,David Vander",001,20195,College & Graduate Arts & Sci,3.73,6,0,2,3,1,0,0,0,0,0,0
2026 Spring,JPTR,3020,Survey of Modern Jpn Lit.,020824,"Yasuda,Anri",001,13027,College & Graduate Arts & Sci,3.87,23,0,17,4,1,1,0,0,0,0,0
2026 Spring,ARCH,6020,Foundation Studio II,001669,"Stranix,Katie",001,10031,School of Architecture,3.41,15,0,4,3,2,4,2,0,0,0,0
2026 Spring,CHEM,1421,Intro College Chemistry II Lab,005994,"Morkowchuk,Lisa",032,11728,College & Graduate Arts & Sci,4.00,24,19,5,0,0,0,0,0,0,0,0
2026 Spring,PHYS,3340,Mathematics for Physics,046535,"Sackett,Cass",001,12803,College & Graduate Arts & Sci,3.32,37,1,6,8,10,6,2,3,1,0,0
2026 Spring,DRAM,2020,Acting I,007200,"Dabney,Karen",006,13799,College & Graduate Arts & Sci,3.85,13,5,6,0,1,0,1,0,0,0,0
2026 Spring,CE,6290,Hydroinformatics,046715,"Goodall,Jonathan",001,20149,Engineering & Applied Science,3.92,9,2,6,0,1,0,0,0,0,0,0
2026 Spring,MATH,4651,Advanced Linear Algebra,023151,"Stees,Ryan",001,11705,College & Graduate Arts & Sci,3.38,30,5,10,3,4,2,2,1,0,1,2
2026 Spring,LPPS,7085,Modern Techniques in Finance,045114,"Myung,Noah",001,10257,Batten Leadership & Public Pol,3.53,19,0,9,2,3,2,2,1,0,0,0
2026 Spring,LPPA,3650,Economics of Public Policy,042162,"Simon,Andrew",002,10269,Batten Leadership & Public Pol,3.44,62,1,22,10,14,7,3,3,1,0,1
2026 Spring,WGS,4500,"Topic in Wmn, Gndr & Sexuality",043888,"Stone,Aaron",001,11519,College & Graduate Arts & Sci,3.59,12,0,7,2,0,2,0,0,0,1,0
2026 Spring,COMM,5110,Financial Statement Analysis,043381,"Koch,Adam",002,14657,McIntire School of Commerce,3.66,47,0,20,13,6,8,0,0,0,0,0
2026 Spring,PLCP,4500,Special Topics,031707,"MENG,ANNE",002,12080,College & Graduate Arts & Sci,3.79,21,0,9,10,2,0,0,0,0,0,0
2026 Spring,EVSC,4991,Conserv Theory and Practice,043438,"Castorani,Max",001,11469,College & Graduate Arts & Sci,3.90,15,0,10,5,0,0,0,0,0,0,0
2026 Spring,MATH,3340,Complex Variables,023074,"Qi,You",001,10560,College & Graduate Arts & Sci,3.38,34,3,10,9,3,5,1,0,1,0,2
2026 Spring,EDLF,7132,Legal Aspects of College Admin,009797,"Leffers,Robert",001,15418,School of Education and HumanDev,3.87,10,0,7,2,1,0,0,0,0,0,0
2026 Spring,CHEM,2321,Org Lab II Non-Chem Maj/Min,043155,"Chruma,Jason",001,11383,College & Graduate Arts & Sci,3.57,34,0,17,6,5,3,0,2,0,0,1
2026 Spring,PHYS,2040,Princip of Physics 2 Workshop,030812,"Bychkov,Maksim",013,10641,College & Graduate Arts & Sci,3.97,26,12,13,0,1,0,0,0,0,0,0
2026 Spring,ENWR,1510,Writing and Critical Inquiry,013432,"Copeland,Nina",044,11714,College & Graduate Arts & Sci,4.00,18,12,6,0,0,0,0,0,0,0,0
2026 Spring,CHEM,1421,Intro College Chemistry II Lab,005994,"Morkowchuk,Lisa",006,11341,College & Graduate Arts & Sci,3.94,24,11,8,5,0,0,0,0,0,0,0
2026 Spring,EDLF,3200,Exam Effects Social Innovat,042962,"Palacios,Natalia",001,15421,School of Education and HumanDev,3.41,20,0,3,6,6,2,3,0,0,0,0
2026 Spring,GERM,2020,Intermediate German II,015679,"Zuerner,Chrisann",001,11481,College & Graduate Arts & Sci,3.92,17,0,14,2,1,0,0,0,0,0,0
2026 Spring,LAW,7069,International Sales Law,021678,"Walt,Steven",1,18048,School of Law,3.37,11,0,2,0,7,2,0,0,0,0,0
2026 Spring,COMM,4150,Intro Auditing,044592,"Mitchell,Jill",001,14669,McIntire School of Commerce,3.78,57,18,21,8,6,2,1,0,0,0,1
2026 Spring,EGMT,1520,Empirical Engagement,044513,"Wrigley,Claire",118,19654,College & Graduate Arts & Sci,4.00,35,7,28,0,0,0,0,0,0,0,0
2026 Spring,MATH,1310,Calculus I,022953,"Hudson,Matthew",400,12423,College & Graduate Arts & Sci,2.72,25,0,2,3,7,4,1,4,0,0,4
2026 Spring,SPAN,2020,Advanced Intermediate Spanish,035854,"Barlow,Jennifer",012,11940,College & Graduate Arts & Sci,3.65,18,0,4,11,0,3,0,0,0,0,0
2026 Spring,PHS,5621,Health Impact Assessment,040726,"Somers,Schaeffer",001,18325,Medical School - BIMS/PHS,3.78,9,1,5,1,1,1,0,0,0,0,0
2026 Spring,ENWR,1510,Writing and Critical Inquiry,013432,"Tran,Davy",012,10794,College & Graduate Arts & Sci,4.00,18,9,9,0,0,0,0,0,0,0,0
2026 Spring,ENWR,1510,Writing and Critical Inquiry,013432,"Rasak-Oyadiran,Opeyemi",024,10803,College & Graduate Arts & Sci,3.87,17,0,11,5,1,0,0,0,0,0,0
2026 Spring,COMM,4792,Commercial Real Estate Seminar,040590,"Overstreet,George",001,14648,McIntire School of Commerce,3.93,23,0,18,5,0,0,0,0,0,0,0
2026 Spring,COMM,4370,Digital Strategy & Analytics,044926,"Montgomery,Nicole",002,14674,McIntire School of Commerce,3.49,16,0,2,9,2,2,0,0,1,0,0
2026 Spring,SOC,2595,Special Topics in Sociology,041382,"Skubby,David",100,14030,College & Graduate Arts & Sci,3.24,39,3,5,6,10,7,2,3,2,1,0
2026 Spring,STAT,1602,Intro Data Science with Python,045052,"Nguyen,Hang",001,12761,College & Graduate Arts & Sci,3.78,25,7,8,5,3,2,0,0,0,0,0
2026 Spring,SOC,4100,Black Community Life,035447,"Foster,B.",001,13042,College & Graduate Arts & Sci,3.92,19,0,16,2,0,1,0,0,0,0,0
2026 Spring,MATH,1140,Financial Mathematics,022937,"Cernekova,Kristina",002,11457,College & Graduate Arts & Sci,3.51,36,1,19,6,4,0,2,0,2,1,1
2026 Spring,MUSI,2342,Learn to Groove Int,041028,"Jospe,Robert",001,13243,College & Graduate Arts & Sci,4.00,15,6,9,0,0,0,0,0,0,0,0
2026 Spring,PLAD,4961,Thesis Seminar for DMP Pt. 2,040343,"Waldner,David",001,11377,College & Graduate Arts & Sci,3.89,14,0,9,5,0,0,0,0,0,0,0
2026 Spring,DRAM,2060,The Body and Performance,046593,"Schetlick,Kathryn",001,12711,College & Graduate Arts & Sci,3.93,16,0,12,4,0,0,0,0,0,0,0
2026 Spring,SPAN,3000,The Sounds of Spanish,035892,"Wellbeloved,Elizabeth A.",501,19388,College & Graduate Arts & Sci,3.15,11,1,3,0,1,0,4,2,0,0,0
2026 Spring,PORT,2050,Intensive Portuguese,045572,"Feitosa,Lilian",001,12149,College & Graduate Arts & Sci,3.20,13,1,6,0,2,2,0,0,0,0,2
2026 Spring,GCOM,7822,Invest in Sustainable Future,047511,"White,Mark",001,14285,McIntire School of Commerce,3.54,8,0,1,3,4,0,0,0,0,0,0
2026 Spring,CHEM,1421,Intro College Chemistry II Lab,005994,"Morkowchuk,Lisa",024,11332,College & Graduate Arts & Sci,3.98,24,15,7,2,0,0,0,0,0,0,0
2026 Spring,MUSI,3310,Theory I,024801,"Puri,Michael",001,11433,College & Graduate Arts & Sci,3.50,13,2,4,4,0,1,0,0,1,1,0
2026 Spring,LAW,6006,Property,021565,"Schragger,Richard",FI,17939,School of Law,3.39,62,0,3,20,24,15,0,0,0,0,0
2026 Spring,EGMT,1520,Empirical Engagement,044513,"Armengol,Roberto",106,19642,College & Graduate Arts & Sci,3.85,22,3,9,9,1,0,0,0,0,0,0
2026 Spring,MATH,1160,"Algebra, Nbr Sys, Nbr Theory",022939,"Feeley,William",001,10534,College & Graduate Arts & Sci,3.89,36,0,32,1,0,1,2,0,0,0,0
2026 Spring,MDST,3510,Topics in Media Research,045771,"Duncan,Sean",003,20441,College & Graduate Arts & Sci,3.18,12,1,3,0,2,2,1,3,0,0,0
2026 Spring,KINE,5440,Exercise Physiology Laboratory,009220,"Weltman,Arthur",001,15442,School of Education and HumanDev,3.66,5,2,0,1,2,0,0,0,0,0,0
2026 Spring,PHYS,2040,Princip of Physics 2 Workshop,030812,"Bychkov,Maksim",025,14415,College & Graduate Arts & Sci,3.88,25,16,7,0,0,0,1,1,0,0,0
2026 Spring,EGMT,1530,Engaging Differences,044514,"Monteros-Freeman,Maria",103,19687,College & Graduate Arts & Sci,3.94,36,8,26,0,1,0,1,0,0,0,0
2026 Spring,ENGL,4510,Seminar in Medieval Literature,012686,"Watts,Courtney",001,20201,College & Graduate Arts & Sci,3.67,14,0,8,4,1,0,0,0,0,0,1
2026 Spring,EGMT,1520,Empirical Engagement,044513,"Caviness,Stephen",104,19640,College & Graduate Arts & Sci,3.95,35,0,31,3,0,1,0,0,0,0,0
2026 Spring,HIEA,2101,Modern Korean History,018295,"Seeley,Joseph",100,13066,College & Graduate Arts & Sci,3.85,118,0,85,20,6,5,1,1,0,0,0
2026 Spring,SOC,2442,Systems of Inequality,040429,"O'Loughlin,Johanna",001,13039,College & Graduate Arts & Sci,3.86,29,1,16,11,1,0,0,0,0,0,0
2026 Spring,ARTH,2056,Aegean Art and Archaeology,040811,"Dakouri-Hild,Anastasia",001,19242,College & Graduate Arts & Sci,3.69,49,12,13,11,8,2,2,1,0,0,0
2026 Spring,STAT,7995,Statistical Consulting,036712,"Kafadar,Karen",001,13162,College & Graduate Arts & Sci,3.86,16,4,7,3,2,0,0,0,0,0,0
2026 Spring,EDIS,5422,Cross-Cultural Education,043455,"El-Bilawi,Nora",501,15838,School of Education and HumanDev,3.78,20,0,12,6,1,0,0,0,1,0,0
2026 Spring,GSGS,3240,Working with/across Cultures,045770,"Wellbeloved,Elizabeth A.",501,19379,College & Graduate Arts & Sci,3.97,65,49,10,6,0,0,0,0,0,0,0
2026 Spring,BIOL,3260,Editing Genes and Genomes,046851,"Hirsh,Jay",001,12818,College & Graduate Arts & Sci,3.78,37,0,22,10,2,1,2,0,0,0,0
2026 Spring,EDHS,1120,Found of Community Engagement,043507,"Curtis,Sabrina",003,20459,School of Education and HumanDev,3.85,40,4,22,10,3,1,0,0,0,0,0
2026 Spring,EDHS,2250,Stress and Anxiety Management,044538,"Knape,Erin",500,15903,School of Education and HumanDev,3.39,29,5,9,6,3,1,0,1,2,0,2
2026 Spring,WGS,4800,Queer Theory,040463,"Cavalcante,Andre",001,21464,College & Graduate Arts & Sci,3.52,18,0,10,3,2,1,1,0,0,0,1
2026 Spring,PLIR,4410,Pol Econ of For Direct Invest,039534,"Pandya,Sonal",001,13702,College & Graduate Arts & Sci,3.25,15,0,3,1,6,4,0,0,0,0,1
2026 Spring,EDIS,5401,Teaching Secondary English II,040534,"Talley,Italia",001,15395,School of Education and HumanDev,3.61,7,2,2,0,1,2,0,0,0,0,0
2026 Spring,EDHS,4400,YSI Capstone II,045735,"Levy,Melissa",001,15639,School of Education and HumanDev,3.87,65,0,55,4,2,2,0,0,2,0,0
2026 Spring,BIOL,2100,IntroBio w/Lab:Cell & Genetics,003470,"Kittlesen,David",100,13976,College & Graduate Arts & Sci,3.18,74,8,13,15,8,8,7,5,3,2,5
2026 Spring,EDLF,7402,Program Evaluation,009728,"Debnam,Katrina",001,20502,School of Education and HumanDev,3.93,18,0,16,1,0,1,0,0,0,0,0
2026 Spring,ENWR,1510,Writing and Critical Inquiry,013432,"Chaplin,Geoff",050,11836,College & Graduate Arts & Sci,3.26,17,0,7,1,1,5,0,0,1,2,0
2026 Spring,SPAN,3050,Spanish for Medical Profession,039916,"Wellbeloved,Elizabeth A.",501,19393,College & Graduate Arts & Sci,3.73,16,0,8,4,3,1,0,0,0,0,0
2026 Spring,ECON,4444,AI and the Future of Work,045764,"Korinek,Anton",100,19402,College & Graduate Arts & Sci,3.54,23,2,6,5,5,3,2,0,0,0,0
2026 Spring,AAS,1020,African-Amer & African Stds II,000084,"Wade,Ashleigh",100,10358,College & Graduate Arts & Sci,3.52,96,19,34,10,10,10,5,2,3,1,2
2026 Spring,LAW,7742,Mangmnt BigLaw: Cult/Prof (SC),043841,"Robinson,Arthur",1,17897,School of Law,3.56,19,0,3,7,9,0,0,0,0,0,0
2026 Spring,EVEC,5220,Terrestrial Ecology,013736,"Epstein,Howard",100,12399,College & Graduate Arts & Sci,3.79,16,2,9,2,1,2,0,0,0,0,0
2026 Spring,RUTR,2730,Dostoevsky,034784,"Stuart,Madelyn",001,12411,College & Graduate Arts & Sci,3.65,23,4,11,2,3,1,0,0,1,1,0
2026 Spring,CHEM,5330,Structural Inorganic Chemistry,037405,"Machan,Charles",001,20408,College & Graduate Arts & Sci,3.12,11,0,0,1,5,2,3,0,0,0,0
2026 Spring,PSYC,4100,Neuro of Emotion/Motivation,046687,"Williams,Cedric",001,14086,College & Graduate Arts & Sci,2.88,29,3,2,5,1,8,2,1,4,0,3
2026 Spring,ENGL,8540,Studies in 19th-C Literature,012806,"Baena,Victoria",001,20213,College & Graduate Arts & Sci,3.83,11,0,6,4,1,0,0,0,0,0,0
2026 Spring,EDHS,5230,"Women, Work, and Wellness",044577,"Flora,Amanda",500,15859,School of Education and HumanDev,3.91,35,0,32,1,0,1,0,0,1,0,0
2026 Spring,STAT,4120,Applied Linear Models,046319,"Wang,Lingxiao",001,12773,College & Graduate Arts & Sci,3.53,41,4,10,11,6,5,4,1,0,0,0
2026 Spring,EGMT,1510,Engaging Aesthetics,044512,"Will,Richard",126,20290,College & Graduate Arts & Sci,3.96,34,2,29,2,1,0,0,0,0,0,0
2026 Spring,MUEN,3600,Jazz Ensemble,024586,"Hall,Lawton",001,10572,College & Graduate Arts & Sci,4.00,11,8,3,0,0,0,0,0,0,0,0
2026 Spring,PLCP,4500,Special Topics,031707,"Alexander,Gerard",001,11734,College & Graduate Arts & Sci,3.65,15,0,3,8,4,0,0,0,0,0,0
2026 Spring,ECON,3720,Introduction to Econometrics,007939,"Ruediger,Stefan",300,12384,College & Graduate Arts & Sci,3.30,99,1,13,35,20,18,2,1,2,4,3
2026 Spring,EGMT,1520,Empirical Engagement,044513,"Wrigley,Claire",218,19678,College & Graduate Arts & Sci,3.96,32,1,28,2,1,0,0,0,0,0,0
2026 Spring,PLPT,3220,Liberalism and Its Critics,048014,"Bird,Colin",001,20436,College & Graduate Arts & Sci,3.58,28,0,2,16,10,0,0,0,0,0,0
2026 Spring,ARCH,2715,Elements of Design,047140,"Clark,William",100,10136,School of Architecture,3.82,80,16,51,7,1,1,2,0,0,0,2
2026 Spring,MDST,2000,Introduction to Media Studies,023487,"Hamilton,Jack",100,11347,College & Graduate Arts & Sci,3.88,205,168,21,5,2,3,0,0,2,0,4
2026 Spring,MDST,4510,Capstone Topics,045773,"Clay,Anna",001,12654,College & Graduate Arts & Sci,3.85,19,0,14,4,0,0,0,1,0,0,0
2026 Spring,COMM,4822,Invest in Sustainable Future,006744,"White,Mark",001,14651,McIntire School of Commerce,3.77,12,0,4,7,1,0,0,0,0,0,0
2026 Spring,MUSI,2307,Play Guitar! Level 1,045484,"Rosensky,Michael",001,12408,College & Graduate Arts & Sci,3.66,19,0,8,6,2,2,1,0,0,0,0
2026 Spring,MICR,8200,Bldg Blocks of the Immune Sys,024107,"Erickson,Loren",001,19304,Medical School - BIMS/PHS,3.78,23,1,13,4,4,1,0,0,0,0,0
2026 Spring,COMM,1800,Foundations of Commerce,006438,"Costanza,David",003,14666,McIntire School of Commerce,3.36,149,2,37,31,33,22,10,6,3,4,1
2026 Spring,GNUR,6315,AGAC Seminar II,017000,"Brick,Jamie",001,19091,School of Nursing,3.93,8,0,6,2,0,0,0,0,0,0,0
2026 Spring,CE,6440,Advanced Trans Systems,004574,"Smith,Brian",600,20152,Engineering & Applied Science,3.52,6,0,3,1,0,0,2,0,0,0,0
2026 Spring,SPAN,3030,Cultural Conversations,035895,"Wellbeloved,Elizabeth A.",501,19390,College & Graduate Arts & Sci,3.73,18,3,4,7,4,0,0,0,0,0,0
2026 Spring,DRAM,2211,Designing Spaces,047483,"Ma,Yi-Hsuan",001,14326,College & Graduate Arts & Sci,3.66,14,1,9,0,2,0,0,2,0,0,0
2026 Spring,ASTR,1210,Intro Sky and Solar System,003045,"Indebetouw,Remy",001,12983,College & Graduate Arts & Sci,3.49,71,4,23,20,8,6,5,1,1,2,1
2026 Spring,ARTH,2961,Arts of the Islamic World,037383,"Phillips,Amanda",100,12994,College & Graduate Arts & Sci,3.61,32,0,8,16,5,0,2,1,0,0,0
2026 Spring,DRAM,3050,Making Theatre Histories,007247,"Wood,Katelyn",001,13174,College & Graduate Arts & Sci,3.62,13,0,6,3,1,2,1,0,0,0,0
2026 Spring,DS,2024,Value I: Ethics & Policy in DS,047263,"Martin,Aaron",002,18945,School of Data Science,3.96,59,0,57,1,0,0,0,0,0,1,0
2026 Spring,EVSC,2801,Fundamentals of Geology Lab,014091,"Acharya,Nischal",002,10460,College & Graduate Arts & Sci,3.82,15,0,6,9,0,0,0,0,0,0,0
2026 Spring,SYS,5581,Topics in Systems Engineering,040876,"Moore,Hunter",002,17334,Engineering & Applied Science,3.88,18,0,11,7,0,0,0,0,0,0,0
2026 Spring,ECON,3020,Intermediate Macroeconomics,007909,"Smirnyagin,Vladimir",400,11666,College & Graduate Arts & Sci,3.21,53,7,7,6,8,11,8,0,3,3,0
2026 Spring,CS,6888,Software Analysis,045682,"Elbaum,Sebastian",001,16995,Engineering & Applied Science,3.52,13,1,2,5,1,4,0,0,0,0,0
2026 Spring,ENWR,2510,Advanced Writing Seminar,013441,"Carey,Tamika",002,12696,College & Graduate Arts & Sci,3.89,15,0,13,1,0,0,1,0,0,0,0
2026 Spring,RELA,5094,What is Love?,045836,"Ogunnaike,Oludamini",001,13657,College & Graduate Arts & Sci,3.93,13,0,10,3,0,0,0,0,0,0,0
2026 Spring,DANC,3610,Contact Improvisation,039318,"Wright,Emily",001,20024,College & Graduate Arts & Sci,3.89,12,0,10,1,0,1,0,0,0,0,0
2026 Spring,EGMT,1510,Engaging Aesthetics,044512,"Stark,Matias Vilaplana",201,13090,College & Graduate Arts & Sci,3.90,14,0,12,0,2,0,0,0,0,0,0
2026 Spring,ARH,7500,Spec Tops:Architecture History,002005,"Johnston,Andrew",001,10133,School of Architecture,3.93,18,0,16,1,0,1,0,0,0,0,0
2026 Spring,EDLF,5425,Governance Collegiate Athletic,043450,"Baum,Jason",500,15535,School of Education and HumanDev,3.34,21,0,9,3,2,4,1,0,0,1,1
2026 Spring,SPAN,2020,Advanced Intermediate Spanish,035854,"Fernandez,Jesus Jativa",004,10855,College & Graduate Arts & Sci,3.82,17,1,6,10,0,0,0,0,0,0,0
2026 Spring,ARAD,3550,Topics of Arts in Context,042460,"Garcia,Robin",001,20698,College & Graduate Arts & Sci,3.94,22,0,20,1,0,1,0,0,0,0,0
2026 Spring,ECON,2010,Principles of Econ: Microecon,007876,"Doyle,Carter",200,12737,College & Graduate Arts & Sci,3.19,272,0,47,56,50,67,21,8,5,7,11
2026 Spring,STAT,3120,Intro Mathematical Statistics,040000,"Lubberts,Zach",001,12122,College & Graduate Arts & Sci,3.42,72,7,18,13,12,12,3,4,0,3,0
2026 Spring,HIEA,3559,New Course: HIEA,039230,"Cronan,Sean",001,18963,College & Graduate Arts & Sci,3.46,37,3,16,5,2,4,4,1,0,1,1
2026 Spring,CHE,2216,Mod & Simulation in Chem Engr,005439,"Paolucci,Chris",001,16146,Engineering & Applied Science,3.19,45,2,12,8,4,8,4,0,2,1,4
2026 Spring,CHEM,5610,Teaching for the Science Class,045874,"Stains,Marilyne",001,12325,College & Graduate Arts & Sci,3.87,15,0,13,0,1,0,1,0,0,0,0
2026 Spring,SPAN,4705,Spanish Mass Media,039961,"Wellbeloved,Elizabeth A.",501,19408,College & Graduate Arts & Sci,3.90,25,1,17,6,1,0,0,0,0,0,0
2026 Spring,PHYS,2040,Princip of Physics 2 Workshop,030812,"Bychkov,Maksim",023,14382,College & Graduate Arts & Sci,4.00,26,20,6,0,0,0,0,0,0,0,0
2026 Spring,CHEM,2420,Organic Chemistry II,005699,"Frantz,Alicia",200,12008,College & Graduate Arts & Sci,2.66,49,0,3,7,8,5,5,7,6,5,3
2026 Spring,MATH,1310,Calculus I,022953,"Flores,Felipe",300,13895,College & Graduate Arts & Sci,2.60,24,0,2,3,10,0,1,2,1,0,5
2026 Spring,GSGS,3559,New Course: GSGS,043479,"Safdar,Muhammad Tayyab",001,19949,College & Graduate Arts & Sci,3.52,25,0,13,4,3,3,0,1,0,0,1
2026 Spring,CHEM,1421,Intro College Chemistry II Lab,005994,"Morkowchuk,Lisa",001,10891,College & Graduate Arts & Sci,3.70,22,7,7,4,1,1,1,0,0,1,0
2026 Spring,LAW,7071,Professional Responsibility,021935,"Mitchell,Paul",1,17841,School of Law,3.61,110,3,26,40,34,6,0,1,0,0,0
2026 Spring,DRAM,1020,Speaking in Public,007178,"Close,Tovah",004,12146,College & Graduate Arts & Sci,3.94,15,0,12,3,0,0,0,0,0,0,0
2026 Spring,EGMT,1510,Engaging Aesthetics,044512,"Kuhn,Mary",121,13087,College & Graduate Arts & Sci,3.96,35,0,33,1,0,1,0,0,0,0,0
2026 Spring,MATH,1220,A Survey of Calculus II,022945,"Buckland,Amelia",600,19985,College & Graduate Arts & Sci,3.14,28,2,8,2,5,3,2,3,0,1,2
2026 Spring,MDST,2305,Podcasting Radio Sound,043728,"Majerczyk,Elliot",001,11996,College & Graduate Arts & Sci,3.89,11,1,6,4,0,0,0,0,0,0,0
2026 Spring,EDIS,6760,Literacy Leadership Coaching,041923,"Thacker-Gwaltney,Susan Frances",502,21268,School of Education and HumanDev,3.90,24,0,17,6,1,0,0,0,0,0,0
2026 Spring,ASL,2020,Intermed Amer Sign Language II,003002,"Eshgi,Maher",002,11616,College & Graduate Arts & Sci,3.30,18,0,7,2,2,4,1,0,0,1,1
2026 Spring,ANTH,3590,Social & Cultural Anthropology,041002,"Mentore,George",001,12429,College & Graduate Arts & Sci,3.58,25,0,7,8,6,4,0,0,0,0,0
2026 Spring,PHIL,2500,Survey on a PhilosophicalTopic,043637,"Adams,Nate",100,20119,College & Graduate Arts & Sci,3.80,37,0,21,11,3,2,0,0,0,0,0
2026 Spring,LAW,7019,Criminal Investigation,021639,"Armacost,Barbara",1,17852,School of Law,3.55,41,0,7,16,14,4,0,0,0,0,0
2026 Spring,MAE,2100,Thermodynamics,022573,"Griffiths,Peter",001,16158,Engineering & Applied Science,2.98,122,14,20,20,17,12,7,2,8,7,15
2026 Spring,STAT,3220,Intro to Regression Analysis,040001,"Varanyak,Krista",001,11628,College & Graduate Arts & Sci,3.42,37,4,11,9,6,1,2,1,0,1,2
2026 Spring,LPPS,4260,Politics of Development,046571,"Johannessen,Peter",001,10337,Batten Leadership & Public Pol,3.60,23,3,5,9,3,2,0,0,0,1,0
2026 Spring,LPPP,5500,Short Course Topics,042124,"Harrison,Kurt",010,10349,Batten Leadership & Public Pol,3.98,17,6,10,1,0,0,0,0,0,0,0
2026 Spring,DS,4002,Data Science Project,046061,"Siller,Karsten",002,15306,School of Data Science,3.97,47,0,43,4,0,0,0,0,0,0,0
2026 Spring,MUSI,7526,Topics in Ethnomusicology,024968,"Lobley,Noel",001,13871,College & Graduate Arts & Sci,4.00,5,2,3,0,0,0,0,0,0,0,0
2026 Spring,PSYC,2600,Intro to Social Psychology,032521,"Wellbeloved,Elizabeth A.",501,19385,College & Graduate Arts & Sci,3.96,25,13,9,3,0,0,0,0,0,0,0
2026 Spring,ASTR,2120,Intro to Astrophysics II,003065,"Klypin,Anatoly",100,10391,College & Graduate Arts & Sci,3.39,15,1,5,3,1,0,3,1,1,0,0
2026 Spring,COMM,3050,Managerial Decision Making,006457,"Landgraf,Polina",001,14618,McIntire School of Commerce,3.62,34,0,6,20,5,2,1,0,0,0,0
2026 Spring,CHE,4476,Chemical Engineering Design,005476,"Anderson,Eric",001,16149,Engineering & Applied Science,3.63,40,0,23,4,5,5,2,0,0,1,0
2026 Spring,APMA,3150,From Data to Knowledge,044104,"Chen,Heze",002,19997,Engineering & Applied Science,3.33,23,4,9,0,1,0,4,3,1,1,0
2026 Spring,COMM,3040,Strategic Value Creation,006456,"Allison,Kiera",003,14612,McIntire School of Commerce,3.54,34,0,7,10,14,3,0,0,0,0,0
2026 Spring,PLAN,6050,Land Use and Environmental Law,031388,"Ripple,Christopher",001,10100,School of Architecture,3.31,16,0,5,1,4,5,0,0,0,0,1
2026 Spring,MDST,3712,Interactive Storytelling,045802,"Duncan,Sean",001,12304,College & Graduate Arts & Sci,2.93,18,1,5,0,1,6,0,1,0,3,1
2026 Spring,ENWR,3660,Travel Writing,044572,"Stephenson,Kate",001,11902,College & Graduate Arts & Sci,3.53,16,1,3,8,3,0,0,0,0,0,1
2026 Spring,CHEM,1421,Intro College Chemistry II Lab,005994,"Morkowchuk,Lisa",009,10897,College & Graduate Arts & Sci,3.87,19,10,3,5,0,1,0,0,0,0,0
2026 Spring,EDIS,8855,Diversity in Education,043212,"Meadows,Tiffany",500,15687,School of Education and HumanDev,4.00,15,5,10,0,0,0,0,0,0,0,0
2026 Spring,BME,7370,Quan Bio Reasoning,040983,"Janes,Kevin",001,16608,Engineering & Applied Science,3.83,13,0,7,5,1,0,0,0,0,0,0
2026 Spring,SPAN,2020,Advanced Intermediate Spanish,035854,"Florez-Murillo,David",010,11236,College & Graduate Arts & Sci,3.77,18,2,9,5,1,0,0,0,1,0,0
2026 Spring,DS,2003,Communicating with Data,046060,"Bako,Hannah",002,15261,School of Data Science,3.81,40,0,27,7,3,2,1,0,0,0,0
2026 Spring,ARCH,3020,Foundation Studio V,001518,"Somers,Schaeffer",003,10025,School of Architecture,3.54,14,1,5,3,3,0,0,2,0,0,0
2026 Spring,EDIS,6200,Principles of Curric Design,045847,"Isley,Deanna",500,15819,School of Education and HumanDev,3.69,22,0,18,1,0,0,2,0,0,0,1
2026 Spring,MUSI,3374,Composing Mixtapes,045404,"Carson,A.D.",100,13859,College & Graduate Arts & Sci,3.89,13,7,4,0,2,0,0,0,0,0,0
2026 Spring,DS,6002,Ethics of Big Data I,043459,"Faruqe,Farhana",001,18930,School of Data Science,3.95,44,30,9,3,2,0,0,0,0,0,0
2026 Spring,DS,6015,DS Capstone,046836,"Alvarado,Rafael",002,18939,School of Data Science,4.00,14,11,3,0,0,0,0,0,0,0,0
2026 Spring,DANC,3300,Dance Composition,007231,"Mata,Kim",001,20021,College & Graduate Arts & Sci,3.91,10,0,7,3,0,0,0,0,0,0,0
2026 Spring,PSYC,5500,Current Topics in Psychology,032717,"Golino,Hudson",002,19970,College & Graduate Arts & Sci,3.66,8,1,6,0,0,0,0,0,0,0,1
2026 Spring,COMM,2730,Personal Finance,006451,"Kelly,Dorothy",002,14751,McIntire School of Commerce,3.95,47,0,42,4,0,1,0,0,0,0,0
2026 Spring,LAW,9038,Mindfulness and Legal Practice,047368,"Livermore,Michael",1,19067,School of Law,3.53,16,0,0,9,7,0,0,0,0,0,0
2026 Spring,APMA,3080,Linear Algebra,001151,"Abramenko,Monika",003,16125,Engineering & Applied Science,2.88,38,2,7,4,5,4,5,1,3,3,4
2026 Spring,COMM,4722,CorpRestruct & DistressInvstg,046861,"Smith,David",001,14706,McIntire School of Commerce,3.46,45,0,20,5,8,7,1,0,2,1,1
2026 Spring,ECON,4210,Intl Trade: Theory & Policy,007961,"Cosar,Kerem",100,19355,College & Graduate Arts & Sci,3.40,39,4,10,3,11,5,3,1,1,1,0
2026 Spring,MATH,3100,Introduction to Probability,023058,"Gromoll,Christian",003,13877,College & Graduate Arts & Sci,3.02,25,0,1,5,7,4,5,1,1,0,1
2026 Spring,CHEM,1421,Intro College Chemistry II Lab,005994,"Morkowchuk,Lisa",021,10909,College & Graduate Arts & Sci,3.81,23,13,8,1,0,0,0,0,0,0,1
2026 Spring,DRAM,2020,Acting I,007200,"Deglise,Alexandra",002,11362,College & Graduate Arts & Sci,3.98,13,5,7,1,0,0,0,0,0,0,0
2026 Spring,ENWR,1510,Writing and Critical Inquiry,013432,"Costello,Gabriel",040,11711,College & Graduate Arts & Sci,3.90,16,0,12,3,1,0,0,0,0,0,0
2026 Spring,HIST,2014,Fascism: A Global History,046591,"Achilles,Manuela",100,13147,College & Graduate Arts & Sci,3.79,114,0,65,33,10,3,2,1,0,0,0
2026 Spring,EVSC,3301,Atmosphere & Weather Lab,014096,"Zhang,Sixuan",004,11857,College & Graduate Arts & Sci,3.94,10,0,8,2,0,0,0,0,0,0,0
2026 Spring,ECE,2700,Signals and Systems,046965,"Rohde,Gustavo",001,17259,Engineering & Applied Science,3.55,54,2,22,10,8,4,6,0,2,0,0
2026 Spring,MSE,2090,Intro to Materials Science,024402,"Floro,Jerrold",004,20000,Engineering & Applied Science,3.36,24,5,6,3,2,3,2,2,0,0,1
2026 Spring,FREN,3036,Introduction to Translation,045424,"Hall,Elizabeth",001,19192,College & Graduate Arts & Sci,3.86,18,0,15,2,0,0,0,0,1,0,0
2026 Spring,ARCH,8480,Professional Practices,001732,"Bachman,JT",001,10049,School of Architecture,3.72,48,0,7,38,3,0,0,0,0,0,0
2026 Spring,LAR,6220,EcoTech II,042660,"Luegering,Michael",001,10055,School of Architecture,3.41,20,0,9,3,1,5,1,0,0,0,1
2026 Spring,DS,6002,Ethics of Big Data I,043459,"Cummings,Renee",004,18936,School of Data Science,3.91,49,37,10,1,0,0,0,0,0,0,1
2026 Spring,MATH,1310,Calculus I,022953,"Chasteen-Boyd,David",600,19988,College & Graduate Arts & Sci,3.04,26,3,4,6,1,3,1,4,1,1,2
2026 Spring,LAW,8016,Securities Regulation,021747,"Hu,Edwin",1,18069,School of Law,3.52,32,0,8,11,5,6,2,0,0,0,0
2026 Spring,DS,6310,Thry II: Inference & Predict,046858,"Bryan,Jordan",001,15267,School of Data Science,3.34,5,0,1,1,0,3,0,0,0,0,0
2026 Spring,DS,3025,Mathematics for Data Science,046960,"Guadagni,Gianluca",100,15294,School of Data Science,3.94,56,0,49,4,2,1,0,0,0,0,0
2026 Spring,FREN,2010,Intermediate French I,014315,"Simotas,Spyridon",005,19396,College & Graduate Arts & Sci,3.73,16,0,11,2,1,1,0,0,1,0,0
2026 Spring,ECE,3103,Solid State Devices,007675,"Beling,Andreas",001,17485,Engineering & Applied Science,3.60,57,7,21,14,4,3,4,2,2,0,0
2026 Spring,HIEU,4502,Post 1700 Euro Hist Seminar,018520,"Rossman,Jeffrey",001,13210,College & Graduate Arts & Sci,3.76,14,0,8,3,2,1,0,0,0,0,0
2026 Spring,PHS,3102,Intro PH: Pop. Data Analysis,042649,"Balkrishnan,Rajesh",001,13219,College & Graduate Arts & Sci,3.86,79,11,45,20,1,0,0,0,0,2,0
2026 Spring,STAT,2020,Statistics for Biologists,039999,"Wellbeloved,Elizabeth A.",501,19420,College & Graduate Arts & Sci,3.94,16,0,14,1,1,0,0,0,0,0,0
2026 Spring,HIME,2001,Making of the Islamic World,018857,"Richardson,Kristina",100,13144,College & Graduate Arts & Sci,3.47,57,0,12,22,12,4,4,0,3,0,0
2026 Spring,PSYC,2150,Introduction to Cognition,032487,"Willingham,Daniel",100,11869,College & Graduate Arts & Sci,2.90,245,34,24,35,32,25,24,11,21,10,29
2026 Spring,PSYC,3006,Res Methods & Data Analysis II,032540,"Schmidt,Karen",100,11872,College & Graduate Arts & Sci,3.70,75,4,25,28,14,2,2,0,0,0,0
2026 Spring,APMA,2130,Ordinary Differentl Equations,001145,"Spencer,Julie",003,16122,Engineering & Applied Science,2.90,47,9,3,6,9,6,1,3,1,1,8
2026 Spring,EVSC,3300,Atmosphere and Weather,013917,"Chang,Jun-Jie",001,10472,College & Graduate Arts & Sci,3.37,86,3,31,11,11,14,4,5,5,0,2
2026 Spring,MAE,3820,Aerodynamics Laboratory,022595,"Dedic,Chloe",001,16164,Engineering & Applied Science,3.89,47,0,40,4,2,0,0,0,0,0,1
2026 Spring,PHS,4186,Comp. Health Care Systems,048140,"Wellbeloved,Elizabeth A.",501,20331,College & Graduate Arts & Sci,3.91,19,0,13,6,0,0,0,0,0,0,0
2026 Spring,CS,3120,Discrete Math and Theory 2,046229,"Pettit,Raymond",001,17096,Engineering & Applied Science,3.03,185,0,59,18,21,20,20,12,16,5,14
2026 Spring,CGBM,2210,Digital Skills for Workplace,047002,"Bennett,Andrew",003,14729,McIntire School of Commerce,3.79,53,0,22,26,5,0,0,0,0,0,0
2026 Spring,EVSC,4995,Supervised Research,013985,"Epstein,Howard",009,11029,College & Graduate Arts & Sci,3.71,15,0,11,1,0,2,0,0,1,0,0
2026 Spring,GNUR,6027,Adv Pharm Specialty Sem,046407,"Yost,Terri",002,18715,School of Nursing,3.84,8,6,0,1,0,1,0,0,0,0,0
2026 Spring,SOC,5020,Introduction to Statistics,043304,"Slez,Adam",100,12331,College & Graduate Arts & Sci,3.87,7,0,4,3,0,0,0,0,0,0,0
2026 Spring,EDIS,5872,Sem: Tch Intern: English Ed,039326,"Heny,Natasha",001,15568,School of Education and HumanDev,3.57,7,3,1,0,1,1,1,0,0,0,0
2026 Spring,MAE,4501,Spec Topics in Mechanical Engr,022609,"Li,Xiaodong",003,20322,Engineering & Applied Science,3.95,11,0,9,2,0,0,0,0,0,0,0
2026 Spring,GCOM,7520,Topics in IT,042001,"Gong,Jing",001,14737,McIntire School of Commerce,3.28,5,0,0,2,0,3,0,0,0,0,0
2026 Spring,MDST,2508,Topics in Media Practice,044925,"Pirrello,Phil",003,21852,College & Graduate Arts & Sci,3.51,20,0,13,0,3,2,0,1,0,0,1
2026 Spring,EDIS,7072,Performance Improvement,043408,"Aziz,Dawn",500,15822,School of Education and HumanDev,3.96,7,5,1,1,0,0,0,0,0,0,0
2026 Spring,PLAP,3400,American Political Economy,044879,"Pivonka,Evan",001,13901,College & Graduate Arts & Sci,3.86,29,0,19,7,3,0,0,0,0,0,0
2026 Spring,PSYC,3160,Cognitive Neuroscience,045356,"DiNicola,Lauren",001,19937,College & Graduate Arts & Sci,3.58,149,21,55,29,10,19,6,3,2,1,3
2026 Spring,ECE,3502,Special Topics ECE,040914,"Barnes,Adam",003,17487,Engineering & Applied Science,3.71,29,1,14,9,1,3,0,0,1,0,0
2026 Spring,LPPS,3280,Lessons in Leadership: JFK,045379,"Sabato,Larry",100,10319,Batten Leadership & Public Pol,3.64,123,6,43,45,19,3,3,1,1,0,2
2026 Spring,ITAL,2020,Intermediate Italian II,020568,"Fiumara,Francesco",002,10513,College & Graduate Arts & Sci,3.94,20,12,4,4,0,0,0,0,0,0,0
2026 Spring,PSYC,4980,Distinguished Major Thesis II,032670,"Dodson,Chad",001,12752,College & Graduate Arts & Sci,3.98,14,4,9,1,0,0,0,0,0,0,0
2026 Spring,LPPP,5500,Short Course Topics,042124,"Felder,Adam",001,10281,Batten Leadership & Public Pol,3.88,19,0,14,4,0,1,0,0,0,0,0
2026 Spring,CE,2100,Intro Environmental Engr,004432,"Culver,Teresa",001,16131,Engineering & Applied Science,3.21,71,4,14,12,10,12,5,8,4,1,1
2026 Spring,BME,6060,Biomedical Innovation,040984,"Perry,Robert",001,17601,Engineering & Applied Science,3.86,12,2,7,1,2,0,0,0,0,0,0
2026 Spring,EGMT,1510,Engaging Aesthetics,044512,"Kennedy,R.",210,13096,College & Graduate Arts & Sci,3.65,35,6,23,1,0,2,0,0,1,0,2
2026 Spring,LAW,9218,Public Law Colloquium,042802,"Ahdout,Payvand",1,18075,School of Law,3.71,19,0,7,7,5,0,0,0,0,0,0
2026 Spring,DS,3026,Inference and Prediction,047153,"Afriyie,Prince",002,18942,School of Data Science,3.67,26,3,8,10,1,2,1,1,0,0,0
2026 Spring,PSYC,3415,RM: Developmental Psychology,046308,"Robertson,Zoe",001,14083,College & Graduate Arts & Sci,3.81,22,0,18,1,0,0,3,0,0,0,0
2026 Spring,STAT,1100,Chance: Intro to Statistics,036650,"Zhang,Jingyi",003,13829,College & Graduate Arts & Sci,3.60,29,1,14,7,1,2,1,2,1,0,0
2026 Spring,EDHS,8130,Dysphagia,009260,"Mason,Kazlin",001,15332,School of Education and HumanDev,3.62,24,0,10,6,4,2,2,0,0,0,0
2026 Spring,DS,6030,"ML II: Data Mining, Stat Learn",046346,"Porter,Michael",001,18933,School of Data Science,3.87,43,0,36,1,3,3,0,0,0,0,0
2026 Spring,LPPP,3250,Global Development Policy,041846,"Straight,Katie",001,10322,Batten Leadership & Public Pol,3.69,27,0,9,13,2,3,0,0,0,0,0
2026 Spring,PLIR,2020,Foreign Policies of the Powers,031798,"Owen,John",100,20860,College & Graduate Arts & Sci,3.33,171,8,30,49,31,25,8,5,7,5,3
2026 Spring,ITAL,1010,Elementary Italian I,020555,"White,Tonya L.",501,19423,College & Graduate Arts & Sci,3.65,37,2,15,9,5,4,2,0,0,0,0
2026 Spring,HIEU,3505,"History and Fiction, Topics",044604,"Achilles,Manuela",001,18960,College & Graduate Arts & Sci,3.96,24,0,21,3,0,0,0,0,0,0,0
2026 Spring,COMM,4730,Adv Inv: Derivates & Fixed Inc,006536,"Dennis,Patrick",001,14691,McIntire School of Commerce,3.40,32,0,8,11,4,3,2,2,2,0,0
2026 Spring,NUCO,4450,Population & Public Health Nsg,042287,"Hall,Katy",002,18712,School of Nursing,3.80,13,3,7,1,0,1,1,0,0,0,0
2026 Spring,CHEM,1421,Intro College Chemistry II Lab,005994,"Morkowchuk,Lisa",012,10900,College & Graduate Arts & Sci,3.98,24,15,7,2,0,0,0,0,0,0,0
2026 Spring,ASL,1020,Elem Amer Sign Language II,003000,"Slusser,Miranda",002,10385,College & Graduate Arts & Sci,3.54,16,0,8,1,1,5,1,0,0,0,0
2026 Spring,COMM,4831,Wisdom & Well-Being for Growth,042515,"Mick,David",001,14653,McIntire School of Commerce,3.98,25,12,11,2,0,0,0,0,0,0,0
2026 Spring,COMM,5160,Govt & Nonprofit Accounting,045977,"McDermott,Katie",001,14685,McIntire School of Commerce,3.77,35,0,18,10,6,1,0,0,0,0,0
2026 Spring,COMM,4522,Topics in BA,046287,"Mousavi,Reza",002,14688,McIntire School of Commerce,3.44,22,0,3,12,4,0,0,0,3,0,0
2026 Spring,MAE,3140,Heat and Mass Transfer,022581,"Scott,Ethan",001,16161,Engineering & Applied Science,3.84,112,38,48,14,6,3,1,1,0,0,1
2026 Spring,EDLF,7806,Family & Community Engagement,009746,"Baptist,June",501,21800,School of Education and HumanDev,3.92,11,3,5,3,0,0,0,0,0,0,0
2026 Spring,ARTH,4952,University Museums Internship,041506,"Love,Melissa",001,11478,College & Graduate Arts & Sci,3.78,10,0,4,5,1,0,0,0,0,0,0
2026 Spring,WGS,4500,"Topic in Wmn, Gndr & Sexuality",043888,"Gonzales,Isabel",002,12800,College & Graduate Arts & Sci,3.87,18,0,10,8,0,0,0,0,0,0,0
2026 Spring,CS,4774,Machine Learning,045513,"Chen,Chen",001,17476,Engineering & Applied Science,3.72,67,13,30,12,5,3,2,0,1,0,1
2026 Spring,MAE,6290,Turbulence and Multiphase Flow,048152,"Loth,Eric",001,20325,Engineering & Applied Science,3.84,16,2,8,4,2,0,0,0,0,0,0
2026 Spring,SARC,5400,Data Visualization,044034,"Field,Eric",001,10046,School of Architecture,3.48,26,0,8,9,5,2,1,0,0,0,1
2026 Spring,BIOL,3420,Human Anatomy & Physiology II,043981,"Massey,Ann",100,11573,College & Graduate Arts & Sci,3.09,258,10,53,43,30,43,27,15,12,8,17
2026 Spring,BIOL,3010,Genetics and Molecular Biology,003526,"Wellbeloved,Elizabeth A.",501,19417,College & Graduate Arts & Sci,3.85,13,0,8,4,1,0,0,0,0,0,0
2026 Spring,CS,6501,Spec Top: Computer Science,006981,"Chandra,Rohan",010,17483,Engineering & Applied Science,3.88,12,2,8,0,2,0,0,0,0,0,0
2026 Spring,PLCP,3150,Representing Diverse Identitie,048006,"Mershon,Carol",001,20425,College & Graduate Arts & Sci,3.50,28,0,6,7,10,5,0,0,0,0,0
2026 Spring,MATH,3310,Basic Real Analysis,023072,"Jayanti,Pranava",200,11539,College & Graduate Arts & Sci,3.14,38,2,12,5,3,5,3,0,1,3,4
2026 Spring,COMM,4733,Asset Mgmt in Global Economy,046802,"Gallmeyer,Michael",001,14700,McIntire School of Commerce,3.39,55,1,13,11,11,12,5,0,2,0,0
2026 Spring,GCOM,7340,Corporate Financial Reporting,015401,"McDermott,Katie",001,14660,McIntire School of Commerce,3.67,45,0,15,18,8,4,0,0,0,0,0
2026 Spring,FREN,3882,Loving Words: A Poem a Day,048075,"Krueger,Cheryl",001,19399,College & Graduate Arts & Sci,3.97,20,1,18,0,1,0,0,0,0,0,0
2026 Spring,ENWR,2520,Special Topics in Writing,013448,"Goad,Rhiannon",007,20851,College & Graduate Arts & Sci,3.96,15,0,13,2,0,0,0,0,0,0,0
2026 Spring,ASTR,3130,Observational Astronomy,003074,"Majewski,Steven",100,11338,College & Graduate Arts & Sci,3.35,22,1,4,4,6,2,4,1,0,0,0
2026 Spring,STS,4600,Engr Ethcs Prof Responsibility,036750,"Davis,William",010,16407,Engineering & Applied Science,3.88,28,10,11,5,1,0,1,0,0,0,0
2026 Spring,KINE,3600,Musculoskeletal Anatomy,009105,"Cross,Kevin",001,20505,School of Education and HumanDev,3.21,12,0,2,4,1,0,3,1,1,0,0
2026 Spring,KINE,3660,Neuroscience of Exercise,043490,"Resch,Jacob",001,15463,School of Education and HumanDev,3.32,67,1,13,21,10,10,5,2,1,2,2
2026 Spring,PC,5010,Procurement Policy & Practices,029784,"Fischetti,Michael",701,20626,Continuing & Prof Studies,3.74,5,0,3,1,0,1,0,0,0,0,0
2026 Spring,HIUS,3051,The Age of Jefferson,019567,"Dierksheide,Christa",001,13636,College & Graduate Arts & Sci,3.90,29,4,15,10,0,0,0,0,0,0,0
2026 Spring,ENGL,2599,Special Topics,012514,"Willden,Jared",008,20785,College & Graduate Arts & Sci,3.72,17,0,7,7,1,2,0,0,0,0,0
2026 Spring,BIOL,3430,Physio Mech in Health Disease,047455,"Massey,Ann",001,14210,College & Graduate Arts & Sci,3.52,32,4,15,1,5,3,0,2,0,1,1
2026 Spring,COMM,2730,Personal Finance,006451,"Kelly,Dorothy",001,14609,McIntire School of Commerce,3.91,45,0,36,7,0,2,0,0,0,0,0
2026 Spring,ALAR,8995,Thesis II,000312,"Jull,Matthew",002,10088,School of Architecture,3.41,20,0,1,6,10,3,0,0,0,0,0
2026 Spring,STAT,3250,Data Analysis with Python,044090,"Brown,Taylor",001,11830,College & Graduate Arts & Sci,3.74,84,0,36,36,7,3,1,0,1,0,0
2026 Spring,CGBM,2310,Principles of Marketing,047003,"Allred,Nathan",002,14732,McIntire School of Commerce,3.51,56,0,17,18,6,9,4,2,0,0,0
2026 Spring,LAW,7184,Innovating for Defense,045744,"Nachbar,Thomas",1,19043,School of Law,3.51,13,0,3,3,5,2,0,0,0,0,0
2026 Spring,EGMT,1510,Engaging Aesthetics,044512,"Benson,Austin",109,13747,College & Graduate Arts & Sci,3.93,26,10,15,0,0,0,0,1,0,0,0
2026 Spring,CHEM,2321,Org Lab II Non-Chem Maj/Min,043155,"Chruma,Jason",013,12212,College & Graduate Arts & Sci,3.90,13,0,10,2,1,0,0,0,0,0,0
2026 Spring,MATH,3000,Transition to Higher Math,023049,"Sherman,David",100,11702,College & Graduate Arts & Sci,3.08,34,1,12,1,3,4,3,1,5,4,0
2026 Spring,PHYS,3420,Electricity and Magnetism I,030865,"Paschke,Kent",001,10644,College & Graduate Arts & Sci,3.24,42,6,5,8,6,2,8,4,3,0,0
2026 Spring,MATH,3350,Applied Linear Algebra,042858,"James,Daniel",002,13159,College & Graduate Arts & Sci,3.28,45,2,11,9,6,6,2,4,5,0,0
2026 Spring,ANTH,3360,The Museum in Modern Culture,000742,"Handler,Richard",001,20092,College & Graduate Arts & Sci,3.67,25,5,12,3,2,2,0,0,0,0,1
2026 Spring,DS,2004,Data Ethics,046829,"Moss,Emanuel",001,15264,School of Data Science,3.96,29,0,25,4,0,0,0,0,0,0,0
2026 Spring,LPPP,5559,New Crse: Pub Policy&Leadershp,044864,"Gelsdorf,Kirsten",001,19135,Batten Leadership & Public Pol,3.90,12,0,8,4,0,0,0,0,0,0,0
2026 Spring,COMM,3040,Strategic Value Creation,006456,"Marcel,Jeremy",006,14615,McIntire School of Commerce,3.48,39,0,6,8,24,1,0,0,0,0,0
2026 Spring,COMM,1800,Foundations of Commerce,006438,"Costanza,David",004,14726,McIntire School of Commerce,3.38,144,3,45,24,30,16,10,7,4,4,1
2026 Spring,ECON,2020,Principles of Econ: Macroecon,007877,"Coppock,Lee",001,10436,College & Graduate Arts & Sci,3.09,257,10,33,62,42,37,21,16,11,9,16
2026 Spring,GCOM,7549,Commerce in the Global Context,045947,"Cheema,Amar",003,14742,McIntire School of Commerce,3.61,23,1,4,9,9,0,0,0,0,0,0
2026 Spring,LPPP,5500,Short Course Topics,042124,"Felder,Adam",007,10343,Batten Leadership & Public Pol,3.52,18,0,11,3,2,0,0,0,0,1,1
2026 Spring,COMM,2700,Basic Finance for Real Estate,046582,"Chapman,David",002,14694,McIntire School of Commerce,3.33,26,0,8,2,7,2,5,2,0,0,0
2026 Spring,SOC,3320,Sociology of the Body,046838,"Sarioglu,Esra",001,14033,College & Graduate Arts & Sci,3.81,28,4,15,5,3,0,0,1,0,0,0
2026 Spring,BUS,5020,Security Policy Dev & Assess,004337,"Wojcik,Michael",701,20623,Continuing & Prof Studies,3.68,8,0,3,3,1,1,0,0,0,0,0
2026 Spring,CE,2110,Environmental Engineering Lab,040525,"Culver,Teresa",003,16871,Engineering & Applied Science,3.84,23,5,14,0,2,1,1,0,0,0,0
2026 Spring,COMM,3200,Project & Product Management,006498,"Mandell,Abby Fifer",003,14682,McIntire School of Commerce,3.91,33,0,28,3,1,0,1,0,0,0,0
2026 Spring,GCOM,7251,EssentialsofProject Management,046801,"Maurer,Chris",001,14703,McIntire School of Commerce,3.49,18,0,4,6,3,4,1,0,0,0,0
2026 Spring,EDIS,5080,Differentiating Instruction,045846,"Coyne,Elizabeth",501,16028,School of Education and HumanDev,3.93,25,0,19,6,0,0,0,0,0,0,0
2026 Spring,GCOM,7292,Entrepreneurship,046796,"Martin,Eric",001,14717,McIntire School of Commerce,3.89,25,0,16,9,0,0,0,0,0,0,0
2026 Spring,CJ,5430,Forensic Sc Ldrsp Police Execs,047358,"McGinnis Jr.,Charles Edward",A1,21424,Continuing & Prof Studies,4.00,16,9,7,0,0,0,0,0,0,0,0
2026 Spring,CS,3710,Intro to Cybersecurity,045511,"Pettit,Raymond",003,17469,Engineering & Applied Science,3.72,43,1,23,10,4,3,1,0,1,0,0
2026 Spring,ARCH,2020,Foundation Studio III,001494,"Sen,Ozan",005,10058,School of Architecture,3.55,13,0,5,5,2,0,0,0,0,0,1
2026 Spring,PLAC,5822,Plant Cultures and Ecologies,047438,"Jafari,Ghazal",001,10159,School of Architecture,3.60,5,1,2,1,0,0,0,1,0,0,0
2026 Spring,CGBM,2710,Making Financial Decisions,047004,"Murphy,Larry",002,14734,McIntire School of Commerce,3.48,54,0,9,22,10,8,5,0,0,0,0
2026 Spring,MATH,1210,A survey of Calculus I,022944,"Eriksson,Holden",400,12705,College & Graduate Arts & Sci,3.13,33,4,4,5,8,3,2,4,0,1,2
2026 Spring,WGS,2100,Gender and Sexuality Studies,036786,"Field,Corinne",100,11251,College & Graduate Arts & Sci,3.74,30,0,17,10,1,1,0,0,0,0,1
2026 Spring,SPAN,1060,Accelerated Elementary Spanish,035820,"Street,Matthew",001,10713,College & Graduate Arts & Sci,3.24,13,2,2,4,1,2,0,0,1,0,1
2026 Spring,CHEM,1820,Organic Chemistry Accelerated,005667,"Serbulea,Laura",100,10403,College & Graduate Arts & Sci,3.66,88,4,42,18,16,5,1,0,0,0,2
2026 Spring,PLAC,5820,Environmental Plan and Design,031146,"Jafari,Ghazal",001,10145,School of Architecture,3.33,6,0,2,1,0,2,0,1,0,0,0
2026 Spring,BME,2104,Cell & Molecular for Engineers,004061,"Abebayehu,Daniel",001,16203,Engineering & Applied Science,3.73,59,0,33,16,1,6,2,0,1,0,0
2026 Spring,ENGL,8596,Form and Theory of Poetry,043532,"Teare,Brian",001,13952,College & Graduate Arts & Sci,4.00,11,2,9,0,0,0,0,0,0,0,0
2026 Spring,GCOM,7750,Asset Management,015430,"Dennis,Patrick",001,14720,McIntire School of Commerce,3.50,37,0,10,12,6,5,3,1,0,0,0
2026 Spring,PSLP,5300,Foundations of Leadership,044292,"Brown,Santarvis",701,20617,Continuing & Prof Studies,3.89,14,0,9,5,0,0,0,0,0,0,0
2026 Spring,PLIR,2030,Intl Relations of East Asia,031799,"Schoppa,Len",100,12640,College & Graduate Arts & Sci,3.39,157,3,29,53,26,27,8,1,5,4,1
2026 Spring,GERM,2020,Intermediate German II,015679,"Zuerner,Chrisann",002,12770,College & Graduate Arts & Sci,3.95,19,0,16,3,0,0,0,0,0,0,0
2026 Spring,PLAC,5250,Applied Real Estate,045477,"Roy,Brian",001,10118,School of Architecture,3.90,9,0,6,3,0,0,0,0,0,0,0
2026 Spring,CS,4501,Spec Top: Computer Science,006942,"Ferreira,Matheus Xavier",004,17472,Engineering & Applied Science,3.26,26,0,7,2,7,5,1,2,2,0,0
2026 Spring,LAW,9309,Lit. Skills & Prof Liab Law,045200,"Irvine,David",1,17870,School of Law,3.45,11,0,0,4,7,0,0,0,0,0,0
2026 Spring,ECON,8010,Microeconomic Theory III,008046,"Engers,Maxim",100,11397,College & Graduate Arts & Sci,3.40,21,0,4,4,6,6,1,0,0,0,0
2026 Spring,SOC,1220,Social Problems,035321,"Platts,Todd",100,14012,College & Graduate Arts & Sci,3.85,56,28,19,4,1,2,0,0,1,1,0
2026 Spring,CHIN,2060,Accelerated Intermed Chinese,006057,"Liang,Hsin Hsin",002,13283,College & Graduate Arts & Sci,3.73,14,0,7,5,0,1,1,0,0,0,0
2026 Spring,POTR,4240,Brazilian Cinema,045136,"Carter,Eli",001,21333,College & Graduate Arts & Sci,3.95,17,4,10,3,0,0,0,0,0,0,0
2026 Spring,LPPP,4991,Capstone Seminar,042163,"Stam,Allan",006,10275,Batten Leadership & Public Pol,3.68,15,0,4,8,2,1,0,0,0,0,0
2026 Spring,ARCH,2020,Foundation Studio III,001494,"Sanyal,Tithi",004,10022,School of Architecture,3.48,13,0,3,3,4,3,0,0,0,0,0
2026 Spring,CJ,3325,Crit Incid:Decision-Making,046942,"Yansick,Michael",A1,21348,Continuing & Prof Studies,4.00,19,3,16,0,0,0,0,0,0,0,0
2026 Spring,CE,5310,Prestressed Concrete Design,004604,"Gomez,Jose",600,20143,Engineering & Applied Science,3.67,6,1,4,0,0,0,0,0,1,0,0
2026 Spring,ENGL,3260,Milton,012904,"Rush,Rebecca",001,20207,College & Graduate Arts & Sci,3.77,28,3,13,8,3,0,0,0,1,0,0
2026 Spring,PLCP,4201,Comparative Political Parties,031716,"Mershon,Carol",001,13237,College & Graduate Arts & Sci,3.53,15,0,4,3,6,2,0,0,0,0,0
2026 Spring,SOC,2280,Medical Sociology,045905,"Stolte,Allison",100,20719,College & Graduate Arts & Sci,3.94,157,31,107,15,0,2,1,0,1,0,0
2026 Spring,PHIL,2350,"Minds, Machines, and Persons",046935,"Irving,Zachary",100,13756,College & Graduate Arts & Sci,3.52,155,0,31,67,25,23,5,1,2,1,0
2026 Spring,LAW,6112,Environmental Law,021646,"Livermore,Michael",1,18009,School of Law,3.45,40,0,2,17,14,7,0,0,0,0,0
2026 Spring,LPPP,7559,New Course: PPOL,044184,"Goehring,Ben",001,20881,Batten Leadership & Public Pol,3.80,18,0,6,12,0,0,0,0,0,0,0
2026 Spring,ENWR,1510,Writing and Critical Inquiry,013432,"D'Errico,Jon",026,11179,College & Graduate Arts & Sci,3.76,17,0,10,3,3,1,0,0,0,0,0
2026 Spring,EGMT,1520,Empirical Engagement,044513,"Samonina,Jelena",121,19657,College & Graduate Arts & Sci,3.91,35,30,2,1,0,1,0,1,0,0,0
2026 Spring,ARTS,2000,Intro to Studio Art,045397,"Williamson,Marisa",002,12128,College & Graduate Arts & Sci,3.95,13,0,11,2,0,0,0,0,0,0,0
2026 Spring,BIOL,3180,Plants and Society,003544,"Timko,Michael",001,12026,College & Graduate Arts & Sci,3.68,55,0,33,3,9,8,2,0,0,0,0
2026 Spring,EDIS,6200,Principles of Curric Design,045847,"Shields,Jane",502,20483,School of Education and HumanDev,3.42,23,0,8,11,1,0,1,0,0,0,2
2026 Spring,EGMT,1510,Engaging Aesthetics,044512,"Borrione,Francesca",205,13093,College & Graduate Arts & Sci,3.98,34,12,20,2,0,0,0,0,0,0,0
2026 Spring,SPAN,4040,Translation Spanish to English,035927,"Prados,Nieves Garcia",001,10915,College & Graduate Arts & Sci,3.88,13,2,6,5,0,0,0,0,0,0,0
2026 Spring,ENWR,1510,Writing and Critical Inquiry,013432,"Stephenson,Kate",034,11619,College & Graduate Arts & Sci,3.87,18,6,9,0,2,1,0,0,0,0,0
2026 Spring,EGMT,1520,Empirical Engagement,044513,"Spitzner,Dan",206,19666,College & Graduate Arts & Sci,3.86,34,2,29,1,0,0,1,0,0,0,1
2026 Spring,EDLF,3420,Athletics in the University,043147,"Cook,Ellen",001,15642,School of Education and HumanDev,3.87,37,0,26,7,4,0,0,0,0,0,0
2026 Spring,PSPS,6000,Transform Ldrshp in Chng Times,046466,"Dion,Shannon",580,20656,Continuing & Prof Studies,3.93,39,0,30,9,0,0,0,0,0,0,0
2026 Spring,ARCH,6500,Special Topics in Architecture,039125,"Aranguren,Maria Gonzalez",001,20899,School of Architecture,3.94,10,2,6,2,0,0,0,0,0,0,0
2026 Spring,STAT,3080,From Data to Knowledge,040829,"Somal,Harsimran",001,11365,College & Graduate Arts & Sci,3.64,60,4,44,0,4,2,0,1,1,1,3
2026 Spring,ENGL,4500,Seminar in English Literature,045452,"Wall,Cynthia",001,20210,College & Graduate Arts & Sci,3.39,14,0,3,3,3,3,2,0,0,0,0
2026 Spring,CHEM,1421,Intro College Chemistry II Lab,005994,"Morkowchuk,Lisa",039,13280,College & Graduate Arts & Sci,3.86,24,11,6,4,3,0,0,0,0,0,0
2026 Spring,PST,4999,Thesis/Political & Soc Thought,039788,"Parham,Angel",001,13332,College & Graduate Arts & Sci,3.99,20,7,12,1,0,0,0,0,0,0,0
2026 Spring,BIOL,3040,Develop and Regen Biol,043968,"Grainger,Robert",100,13973,College & Graduate Arts & Sci,3.45,82,9,29,16,6,8,3,3,4,3,1
2026 Spring,PLPT,3020,Modern Political Thought,031927,"Bird,Colin",100,13246,College & Graduate Arts & Sci,3.38,118,0,12,37,44,17,5,2,0,0,1
2026 Spring,RELG,2210,Religion Ethics & Environment,042484,"Zuckerman,Devin",001,11815,College & Graduate Arts & Sci,3.80,24,0,13,8,2,1,0,0,0,0,0
2026 Spring,CJ,4670,Law Enf Approaches to CT,042685,"Bryant,James Kenneth",A1,21427,Continuing & Prof Studies,3.85,12,4,2,6,0,0,0,0,0,0,0
2026 Spring,RUTR,3360,20th Century Russian Lit,034789,"Stuart,Madelyn",001,11439,College & Graduate Arts & Sci,3.66,22,3,10,4,1,1,2,0,1,0,0
2026 Spring,PSYC,4500,Spec Tops: Psychology,032600,"Bailey,Natasha",002,19961,College & Graduate Arts & Sci,3.76,25,2,16,3,1,0,2,1,0,0,0
2026 Spring,CHEM,1421,Intro College Chemistry II Lab,005994,"Morkowchuk,Lisa",018,10906,College & Graduate Arts & Sci,3.91,24,10,9,4,0,1,0,0,0,0,0
2026 Spring,MATH,4110,Intro to Stochastic Processes,023119,"Melcher,Tai",002,21623,College & Graduate Arts & Sci,3.23,15,2,3,2,0,3,3,1,0,1,0
2026 Spring,LASE,3510,Topics in the Liberal Arts,046610,"Taylor,Elizabeth",005,20629,College & Graduate Arts & Sci,3.35,24,13,2,3,0,0,1,2,1,0,2
2026 Spring,CS,4740,Cloud Computing,043033,"Shen,Haiying",001,17268,Engineering & Applied Science,3.88,67,12,43,6,3,1,1,1,0,0,0
2026 Spring,ENGR,1020,Engineering Foundations 2,046986,"Williams,Shaylin",006,17235,Engineering & Applied Science,3.84,17,0,14,1,1,0,0,1,0,0,0
2026 Spring,CS,3501,Spec Topics Computer Science,045086,"Zhang,Miaomiao",001,17301,Engineering & Applied Science,3.69,48,9,24,8,2,0,1,1,0,1,2
2026 Spring,EVSC,3301,Atmosphere & Weather Lab,014096,"Baah,Kelvin",003,10475,College & Graduate Arts & Sci,3.56,12,0,9,1,0,1,0,0,0,0,1
2026 Spring,ENGL,2508,Studies in Fiction,012491,"Ganguly,Debjani",003,20216,College & Graduate Arts & Sci,3.68,18,0,7,5,6,0,0,0,0,0,0
2026 Spring,EDIS,5820,Assessment Of and For Learning,045053,"Fitzpatrick,Mary",500,16034,School of Education and HumanDev,3.86,10,0,8,0,2,0,0,0,0,0,0
2026 Spring,ARCH,4995,Ind Design Res (Thesis) Studio,042517,"Waldman,Peter",002,10162,School of Architecture,3.70,13,5,1,4,2,0,1,0,0,0,0
2026 Spring,LPPL,7055,Strats & Processes Negotiation,041248,"Adams,Gabrielle",001,20761,Batten Leadership & Public Pol,3.61,15,0,6,5,1,1,2,0,0,0,0
2026 Spring,SYS,6005,Stochastic Modeling I,036950,"Iqbal,Tariq",600,20266,Engineering & Applied Science,3.31,12,0,4,2,2,0,2,1,1,0,0
2026 Spring,PLAN,6860,Cities + Nature,042847,"Beatley,Timothy",001,21289,School of Architecture,3.85,8,0,4,4,0,0,0,0,0,0,0
2026 Spring,ARCH,2070,Design & Thinking,045099,"Cleckley,Elgin",100,10121,School of Architecture,3.78,32,8,17,4,0,2,0,0,0,0,1
2026 Spring,SPAN,3040,Business Spanish,035896,"Rodriguez,Maria Esparza",001,10719,College & Graduate Arts & Sci,3.94,16,0,13,3,0,0,0,0,0,0,0
2026 Spring,ENGR,6501,Special Topics Graduate Engr,047122,"Kennedy,Todd",001,17295,Engineering & Applied Science,3.89,8,0,5,3,0,0,0,0,0,0,0
2026 Spring,ENGL,4560,Seminar Modern & Contemp Lit,012608,"Olwell,Victoria",004,20236,College & Graduate Arts & Sci,3.49,18,0,7,6,3,0,1,0,0,0,1
2026 Spring,COMM,3120,Intermediate Accounting II,006462,"Winchel,Jennifer",002,21010,McIntire School of Commerce,3.89,34,0,27,3,4,0,0,0,0,0,0
2026 Spring,CHEM,2321,Org Lab II Non-Chem Maj/Min,043155,"Chruma,Jason",018,13847,College & Graduate Arts & Sci,3.72,36,1,16,14,2,1,1,0,1,0,0
2026 Spring,EDIS,5060,Math Instruction Special Ed,009429,"Gelman,Jennifer",500,15696,School of Education and HumanDev,3.84,17,0,14,0,1,2,0,0,0,0,0
2026 Spring,STS,4600,Engr Ethcs Prof Responsibility,036750,"Murray,Sean",017,16557,Engineering & Applied Science,3.92,31,0,23,8,0,0,0,0,0,0,0
2026 Spring,ENGL,5500,Special Topics in English Lit.,047520,"Kinney,Clare",002,20222,College & Graduate Arts & Sci,3.79,14,0,4,10,0,0,0,0,0,0,0
2026 Spring,PHS,7100,Intro US Hlth Care Pol & Sys,030371,"Wanchek,Tanya",001,18481,Medical School - BIMS/PHS,3.93,23,1,18,3,1,0,0,0,0,0,0
2026 Spring,MAE,6430,Statistics Engrs & Scientists,022669,"Li,Meiqin",001,16578,Engineering & Applied Science,3.86,16,9,3,3,0,0,1,0,0,0,0
2026 Spring,PSYC,3440,Child Psychopathology,032569,"Sequeira,Stefanie",001,19946,College & Graduate Arts & Sci,3.77,148,0,99,33,6,2,2,2,1,0,3
2026 Spring,PHS,4991,GPH Capstone,044464,"Eby,Jean",001,11660,College & Graduate Arts & Sci,3.92,17,1,13,2,1,0,0,0,0,0,0
2026 Spring,EBUS,2730,Deals & Negotiations for Eng,043897,"Whitfield,Milton",001,20275,Engineering & Applied Science,3.82,14,0,7,6,1,0,0,0,0,0,0
2026 Spring,FREN,1020,Elementary French II,014274,"Rey,Cecile",003,10484,College & Graduate Arts & Sci,3.65,19,0,5,10,1,3,0,0,0,0,0
2026 Spring,ENWR,1510,Writing and Critical Inquiry,013432,"Sarmah,Raginee",056,12687,College & Graduate Arts & Sci,3.73,17,0,3,13,1,0,0,0,0,0,0
2026 Spring,ARCH,3020,Foundation Studio V,001518,"Siitonen,Tuomas",006,10106,School of Architecture,3.79,14,5,5,1,1,2,0,0,0,0,0
2026 Spring,ARCH,5500,Special Topics in Architecture,001621,"Ozburn,Oz",007,20269,School of Architecture,3.68,14,2,4,5,0,3,0,0,0,0,0
2026 Spring,PHIL,2660,Philosophy of Religion,030098,"Merricks,Trenton",100,20116,College & Graduate Arts & Sci,3.36,43,0,11,13,8,4,2,1,2,0,2
2026 Spring,EGMT,1510,Engaging Aesthetics,044512,"Benson,Austin",220,13102,College & Graduate Arts & Sci,4.00,33,8,25,0,0,0,0,0,0,0,0
2026 Spring,HIEU,3501,Introductory History Workshop,046290,"Linstrum,Erik",001,13850,College & Graduate Arts & Sci,3.67,18,0,10,3,2,2,0,1,0,0,0
2026 Spring,EVSC,3200,Fundamentals of Ecology,013913,"McGrath,Eleanor",001,10463,College & Graduate Arts & Sci,3.23,112,6,21,24,11,22,8,8,8,3,1
2026 Spring,ENGL,3500,Studies in English Literature,045449,"Pasanek,Brad",001,13204,College & Graduate Arts & Sci,3.61,14,3,4,4,0,0,2,1,0,0,0
2026 Spring,ARCH,7020,Foundation Studio IV,042373,"McDowell,Seth",001,10044,School of Architecture,3.60,10,4,2,0,0,4,0,0,0,0,0
2026 Spring,ARCH,3020,Foundation Studio V,001518,"Fullmer,Cameron",004,10026,School of Architecture,3.76,14,3,4,4,3,0,0,0,0,0,0
2026 Spring,ITAL,2030,Int Italian II (Professionals),044896,"Mattioli,Stella",001,11773,College & Graduate Arts & Sci,3.97,20,7,12,0,1,0,0,0,0,0,0
2026 Spring,ARCH,1030,Foundation Studio I,042201,"Lopez,Cesar",001,10038,School of Architecture,2.84,100,0,1,13,20,24,21,10,3,5,3
2026 Spring,CHIN,2020,Intermediate Chinese,006054,"Wang,Jun",003,12157,College & Graduate Arts & Sci,3.88,17,0,15,0,1,0,1,0,0,0,0
2026 Spring,ASTR,3450,Mission to Mars,045716,"Murphy,Edward",001,12150,College & Graduate Arts & Sci,3.27,70,4,9,17,10,18,5,5,0,0,2
2026 Spring,ARCH,5500,Special Topics in Architecture,001621,"Crespo,Luis Pancorbo",005,10141,School of Architecture,3.79,9,0,4,4,1,0,0,0,0,0,0
2026 Spring,PLAN,3050,Planning Methods,031281,"Wilson,Bev",001,10018,School of Architecture,3.68,23,0,12,9,0,0,0,1,0,0,1
2026 Spring,ARCH,2020,Foundation Studio III,001494,"Dripps,Robin",002,10020,School of Architecture,3.56,13,0,3,4,5,1,0,0,0,0,0
2026 Spring,ENWR,1510,Writing and Critical Inquiry,013432,"Bailey,Ki",057,12007,College & Graduate Arts & Sci,3.68,17,0,5,9,1,2,0,0,0,0,0
2026 Spring,NESC,3960,Research in Neuroscience,029288,"Eyo,Ukpong",014,12067,College & Graduate Arts & Sci,4.00,13,2,11,0,0,0,0,0,0,0,0
2026 Spring,ASTR,1220,Intro Stars Galaxies Universe,003047,"Pryal,Matthew",001,11701,College & Graduate Arts & Sci,3.34,17,1,3,5,3,2,2,0,0,0,1
2026 Spring,PLAN,6020,Methods of Community Research,044529,"Wilson,Barbara",001,10078,School of Architecture,3.92,19,11,4,3,1,0,0,0,0,0,0
2026 Spring,ANTH,1010,Introduction to Anthropology,000600,"Danziger,Eve",001,10365,College & Graduate Arts & Sci,3.27,89,0,10,21,25,20,4,7,1,1,0
2026 Spring,LPPP,6250,Policy Analysis,032142,"Player,Daniel",001,10214,Batten Leadership & Public Pol,3.56,63,0,11,32,12,4,3,1,0,0,0
2026 Spring,PLAN,3030,"Neighborhoods, Comm & Regions",031279,"Moomaw,Suzanne",001,10129,School of Architecture,3.41,57,0,16,14,8,14,3,0,1,0,1
2026 Spring,ARCH,3260,Building Matters,001532,"Ismail,Mohamed",001,10120,School of Architecture,3.64,81,3,25,31,11,6,5,0,0,0,0
2026 Spring,STAT,1100,Chance: Intro to Statistics,036650,"Wang,Xiaowen",001,11591,College & Graduate Arts & Sci,3.38,30,3,13,5,2,1,0,0,3,2,1
2026 Spring,STAT,1100,Chance: Intro to Statistics,036650,"Hui,Yumiao",002,11592,College & Graduate Arts & Sci,3.78,30,4,19,4,2,0,0,0,0,0,1
2026 Spring,ARCH,3020,Foundation Studio V,001518,"bailo,manuel",005,10093,School of Architecture,3.44,14,3,2,0,6,1,2,0,0,0,0
2026 Spring,ARCH,7020,Foundation Studio IV,042373,"Robles,Ines Martin",002,10054,School of Architecture,3.36,10,0,4,2,1,0,0,3,0,0,0
2026 Spring,ARCH,7100,Design Research Methods,045147,"Rais,Saadia",100,10150,School of Architecture,3.52,44,3,11,15,9,2,1,1,0,1,1
2026 Spring,ARCH,2114,Sust & Sys in Built Environ,047423,"Klotz,Leidy",001,10132,School of Architecture,3.84,79,0,59,13,4,2,0,0,0,0,1
2026 Spring,ARCH,4995,Ind Design Res (Thesis) Studio,042517,"Baharlou,Ehsan",003,10163,School of Architecture,3.38,10,0,2,5,2,0,0,0,0,0,1
2026 Spring,ASTR,1610,Intro to Astronomical Research,003059,"Murphy,Edward",001,10390,College & Graduate Arts & Sci,3.90,24,9,11,2,1,1,0,0,0,0,0
2026 Spring,LPPA,7160,Rsch Mthds & Data Analysis II,038283,"Trillo,Daniel Tello",002,10213,Batten Leadership & Public Pol,3.37,56,3,4,19,8,18,2,2,0,0,0
2026 Spring,CHEM,1421,Intro College Chemistry II Lab,005994,"Morkowchuk,Lisa",034,11730,College & Graduate Arts & Sci,3.91,22,14,4,3,0,1,0,0,0,0,0
2026 Spring,LPPP,4991,Capstone Seminar,042163,"Higginbotham,Gerald",004,10218,Batten Leadership & Public Pol,3.92,11,0,8,3,0,0,0,0,0,0,0
2026 Spring,ARCH,7210,Advanced Structural Design,001691,"Ismail,Mohamed",100,10086,School of Architecture,3.67,43,2,11,22,4,3,0,0,1,0,0
2026 Spring,LPPS,3050,Intro to Soc Entrepreneurship,042310,"Touve,David",001,10219,Batten Leadership & Public Pol,3.79,34,2,12,17,3,0,0,0,0,0,0
2026 Spring,DRAM,1010,How Theatre Works,007177,"Garey,Cady",002,12145,College & Graduate Arts & Sci,3.50,48,0,13,19,7,5,1,0,2,0,1
2026 Spring,ARCH,2020,Foundation Studio III,001494,"Aranguren,Maria Gonzalez",007,10119,School of Architecture,3.62,13,2,3,3,3,2,0,0,0,0,0
2026 Spring,MATH,1320,Calculus II,022954,"Jaklitsch,Thomas",500,12151,College & Graduate Arts & Sci,3.04,21,4,6,0,4,1,0,2,0,0,4
2026 Spring,PLAN,6040,Quantitative Methods of Plan,031387,"Hinkle,Tyler",001,10099,School of Architecture,3.92,19,3,11,5,0,0,0,0,0,0,0
2026 Spring,ARTH,4591,Seminar in the History of Art,002569,"Fordham,Douglas",002,12623,College & Graduate Arts & Sci,3.37,13,0,0,7,3,2,0,0,1,0,0
2026 Spring,LPPP,4991,Capstone Seminar,042163,"Martin,Paul",003,10244,Batten Leadership & Public Pol,3.91,17,0,12,5,0,0,0,0,0,0,0
2026 Spring,ARCH,2020,Foundation Studio III,001494,"Rafailov,Sasson",006,10059,School of Architecture,3.47,13,1,1,5,3,2,1,0,0,0,0
2026 Spring,ARCH,7230,Building Integration Workshop,001692,"McDowell,Seth",001,10015,School of Architecture,3.71,43,0,24,12,2,2,1,1,0,1,0
2026 Spring,CHEM,1421,Intro College Chemistry II Lab,005994,"Morkowchuk,Lisa",028,11724,College & Graduate Arts & Sci,3.92,24,13,8,2,0,0,1,0,0,0,0
2026 Spring,LPPA,7110,Economics of Public Policy II,032140,"Shimshack,Jay",001,10207,Batten Leadership & Public Pol,3.45,46,0,12,11,8,11,4,0,0,0,0
2026 Spring,LPPP,5500,Short Course Topics,042124,"Felder,Adam",008,10344,Batten Leadership & Public Pol,3.61,7,0,4,0,2,0,1,0,0,0,0
2026 Spring,LPPP,4991,Capstone Seminar,042163,"ZIMMERMAN,JANE",005,10265,Batten Leadership & Public Pol,3.90,18,3,9,6,0,0,0,0,0,0,0
2026 Spring,LPPP,4991,Capstone Seminar,042163,"Lipscomb,Molly",001,10216,Batten Leadership & Public Pol,3.84,17,0,8,9,0,0,0,0,0,0,0
2026 Spring,ARCH,3020,Foundation Studio V,001518,"Phinney,Lucia",002,10024,School of Architecture,3.46,13,0,3,3,4,2,1,0,0,0,0
2026 Spring,LAR,6020,Foundation Studio II,020951,"Wettstein,Emily",001,10033,School of Architecture,3.68,9,1,2,4,1,1,0,0,0,0,0
2026 Spring,MDST,4510,Capstone Topics,045773,"Rao,Pallavi",002,12756,College & Graduate Arts & Sci,3.83,20,1,10,7,2,0,0,0,0,0,0
2026 Spring,DRAM,1020,Speaking in Public,007178,"Deglise,Alexandra",003,11941,College & Graduate Arts & Sci,4.00,16,10,6,0,0,0,0,0,0,0,0
2026 Spring,ARAB,1020,Elementary Arabic II,001280,"Maanaki,Bilal",002,10368,College & Graduate Arts & Sci,3.47,18,0,4,8,3,2,0,0,0,0,1
2026 Spring,AMST,3180,Intro to Asian Amer Studies,039585,"Chong,Sylvia",100,11997,College & Graduate Arts & Sci,3.27,45,3,12,14,6,2,0,1,2,2,3
2026 Spring,ARTS,2372,Intro to Filmmaking II,002894,"Everson,Kevin",001,10377,College & Graduate Arts & Sci,3.77,10,0,6,2,1,1,0,0,0,0,0
2026 Spring,ASL,1020,Elem Amer Sign Language II,003000,"Propp,Gregory",001,10384,College & Graduate Arts & Sci,3.54,14,0,4,7,0,2,0,0,0,1,0
2026 Spring,PHYS,2040,Princip of Physics 2 Workshop,030812,"Bychkov,Maksim",001,10632,College & Graduate Arts & Sci,3.96,26,14,11,0,0,1,0,0,0,0,0
2026 Spring,FREN,2020,Intermediate French II,014316,"Guiziou-Lamour,Oriane",006,10492,College & Graduate Arts & Sci,3.95,17,1,13,3,0,0,0,0,0,0,0
2026 Spring,PHYS,2040,Princip of Physics 2 Workshop,030812,"Bychkov,Maksim",002,10633,College & Graduate Arts & Sci,3.95,26,10,13,2,1,0,0,0,0,0,0
2026 Spring,FREN,2020,Intermediate French II,014316,"Same,Roxanne Ewoudou",005,10491,College & Graduate Arts & Sci,3.85,11,2,7,1,0,0,1,0,0,0,0
2026 Spring,FREN,2020,Intermediate French II,014316,"Geer,Rachel",001,12702,College & Graduate Arts & Sci,3.76,16,0,11,3,0,1,0,0,1,0,0
2026 Spring,CHEM,1500,Chemistry for Health Sciences,043753,"Serbulea,Vlad",001,11635,College & Graduate Arts & Sci,3.28,31,5,7,7,1,3,2,2,1,2,1
2026 Spring,PSYC,5270,RM: Computational Neuroscience,045298,"Meliza,Daniel",001,11870,College & Graduate Arts & Sci,3.88,16,0,14,0,0,2,0,0,0,0,0
2026 Spring,ECON,4430,Environmental Economics,007977,"Sekhri,Sheetal",100,12339,College & Graduate Arts & Sci,3.54,72,4,18,26,15,2,0,3,4,0,0
2026 Spring,PHYS,2040,Princip of Physics 2 Workshop,030812,"Bychkov,Maksim",003,10634,College & Graduate Arts & Sci,3.96,26,17,8,0,0,1,0,0,0,0,0
2026 Spring,FREN,2020,Intermediate French II,014316,"Ice,Christopher",007,11103,College & Graduate Arts & Sci,3.93,18,4,12,1,0,1,0,0,0,0,0
2026 Spring,LPPS,5671,"Prisons, Policy, and Society",047457,"Robinson,Gerard",001,10327,Batten Leadership & Public Pol,3.95,18,0,15,3,0,0,0,0,0,0,0
2026 Spring,ECON,3020,Intermediate Macroeconomics,007909,"He,Chang",091,12075,College & Graduate Arts & Sci,3.50,73,3,21,19,16,5,4,2,2,1,0
2026 Spring,ANTH,2280,Medical Anthropology,000655,"Mulligan,Jessica",001,11159,College & Graduate Arts & Sci,3.55,86,9,14,37,10,12,1,1,1,0,1
2026 Spring,MATH,1220,A Survey of Calculus II,022945,"Luo,Yangxiao",500,12706,College & Graduate Arts & Sci,3.04,29,0,6,6,3,4,3,1,3,1,2
2026 Spring,ENWR,1510,Writing and Critical Inquiry,013432,"Adams,Hodges",041,11712,College & Graduate Arts & Sci,3.95,17,9,5,3,0,0,0,0,0,0,0
2026 Spring,EVSC,3600,Physical Hydrology,013915,"Raymond,Lucas",001,10468,College & Graduate Arts & Sci,3.46,29,4,12,1,5,2,1,0,3,0,1
2026 Spring,SPAN,3010,Finding your Voice in Spanish,035893,"Poveda,Esther",006,12653,College & Graduate Arts & Sci,3.84,16,0,13,2,0,0,0,0,1,0,0
2026 Spring,ECON,2020,Principles of Econ: Macroecon,007877,"Coppock,Lee",002,10437,College & Graduate Arts & Sci,3.12,219,7,35,42,45,29,22,13,6,9,11
2026 Spring,EVSC,3201,Fundamentals of Ecology Lab,014094,"Cantwell,Tierney",002,10465,College & Graduate Arts & Sci,3.95,12,1,9,2,0,0,0,0,0,0,0
2026 Spring,ENWR,1510,Writing and Critical Inquiry,013432,"Driver,Keith",010,10792,College & Graduate Arts & Sci,3.88,18,0,12,5,1,0,0,0,0,0,0
2026 Spring,CHEM,4421,Biological Chemistry Lab II,005758,"Stains,Cliff",100,10416,College & Graduate Arts & Sci,3.93,82,41,28,8,5,0,0,0,0,0,0
2026 Spring,ENWR,1510,Writing and Critical Inquiry,013432,"Sophronius,Jeddie",005,11376,College & Graduate Arts & Sci,4.00,18,4,14,0,0,0,0,0,0,0,0
2026 Spring,PHYS,1429,Intro Physics 1 Workshop,031036,"Bychkov,Maksim",020,10630,College & Graduate Arts & Sci,3.78,26,2,19,3,1,0,0,0,0,0,1
2026 Spring,ARH,2702,Public Humanities,047437,"Nelson,Louis",001,10160,School of Architecture,4.00,17,11,6,0,0,0,0,0,0,0,0
2026 Spring,DRAM,3410,Acting II,007263,"Kubik,Marianne",001,12147,College & Graduate Arts & Sci,3.88,12,0,7,5,0,0,0,0,0,0,0
2026 Spring,SPAN,2010,Intermediate Spanish,035853,"Jarque,Esperanza Gorriz",007,11235,College & Graduate Arts & Sci,3.70,16,1,8,6,0,0,0,0,0,0,1
2026 Spring,CHEM,2420,Organic Chemistry II,005699,"Frantz,Alicia",100,10405,College & Graduate Arts & Sci,2.80,92,0,11,11,11,18,15,8,6,4,8
2026 Spring,PHYS,2419,Intro Physics 2 Workshop,031079,"Bychkov,Maksim",003,11282,College & Graduate Arts & Sci,3.93,26,16,8,0,1,1,0,0,0,0,0
2026 Spring,LPPA,7110,Economics of Public Policy II,032140,"Shimshack,Jay",002,10208,Batten Leadership & Public Pol,3.43,58,1,11,15,13,14,4,0,0,0,0
2026 Spring,LAR,6120,History of Landscape Design II,020910,"Lee,Michael",001,10085,School of Architecture,3.26,21,0,3,8,4,3,1,0,1,0,1
2026 Spring,CHEM,2420,Organic Chemistry II,005699,"Heyboer,Ethan",400,12160,College & Graduate Arts & Sci,3.22,96,9,18,17,11,18,8,5,3,2,5
2026 Spring,MDST,2690,Sports Journalism,044470,"Clay,Anna",001,12220,College & Graduate Arts & Sci,3.82,20,0,12,5,3,0,0,0,0,0,0
2026 Spring,PHYS,1429,Intro Physics 1 Workshop,031036,"Bychkov,Maksim",024,12524,College & Graduate Arts & Sci,3.83,14,1,10,0,2,1,0,0,0,0,0
2026 Spring,PHYS,2020,Principles of Physics 2,030810,"Sundararajan,Jency",005,11327,College & Graduate Arts & Sci,3.45,126,14,39,28,9,17,3,0,12,4,0
2026 Spring,GSVS,4991,Capstone Seminar- GSVS,044017,"Phillips,Spencer",001,11586,College & Graduate Arts & Sci,3.86,28,3,21,1,0,1,2,0,0,0,0
2026 Spring,PHYS,1429,Intro Physics 1 Workshop,031036,"Bychkov,Maksim",008,10619,College & Graduate Arts & Sci,3.90,23,2,18,1,1,0,1,0,0,0,0
2026 Spring,EVSC,1300,Earth's Weather and Climate,013862,"Davis,Robert",001,11507,College & Graduate Arts & Sci,3.12,44,4,7,9,5,5,3,6,1,1,3
2026 Spring,PHYS,3120,Applied Physics: Energy,030855,"Shivaram,Bellave",001,12159,College & Graduate Arts & Sci,3.70,10,5,2,1,0,1,0,1,0,0,0
2026 Spring,PHYS,1429,Intro Physics 1 Workshop,031036,"Bychkov,Maksim",021,10629,College & Graduate Arts & Sci,3.72,25,2,13,7,1,0,1,0,0,0,1
2026 Spring,PHYS,2419,Intro Physics 2 Workshop,031079,"Bychkov,Maksim",001,11280,College & Graduate Arts & Sci,3.87,25,13,8,1,0,3,0,0,0,0,0
2026 Spring,ARCH,6020,Foundation Studio II,001669,"Crespo,Luis Pancorbo",002,10137,School of Architecture,3.49,9,0,3,3,1,1,0,0,1,0,0
2026 Spring,PHYS,1429,Intro Physics 1 Workshop,031036,"Bychkov,Maksim",011,11279,College & Graduate Arts & Sci,3.76,26,2,17,2,1,2,1,1,0,0,0
2026 Spring,LAR,7020,Foundation IV,043836,"Davis,Brian",001,10048,School of Architecture,3.41,12,0,2,2,5,3,0,0,0,0,0
2026 Spring,PHS,3050,Fundamentals Public Health,041885,"Hornsby,Paige",001,11828,College & Graduate Arts & Sci,3.76,71,0,26,38,4,3,0,0,0,0,0
2026 Spring,FREN,2010,Intermediate French I,014315,"Simotas,Spyridon",003,10488,College & Graduate Arts & Sci,3.82,14,0,7,6,1,0,0,0,0,0,0
2026 Spring,CLAS,2020,Roman Civilization,006298,"Hays,Gregory",100,11168,College & Graduate Arts & Sci,3.22,29,0,10,6,1,3,3,3,0,1,2
2026 Spring,MDST,3050,History of Media,023526,"Goin,Keara",001,11849,College & Graduate Arts & Sci,3.53,63,0,31,15,3,4,3,4,0,1,2
2026 Spring,LPPS,3240,Terrorism and Counterterrorism,041550,"Moy,Daniel",001,10209,Batten Leadership & Public Pol,3.03,32,0,1,9,4,9,6,0,1,0,2
2026 Spring,PHYS,2020,Principles of Physics 2,030810,"Grouchy,Rebecca",001,11569,College & Graduate Arts & Sci,3.57,122,20,49,17,5,10,9,8,4,0,0
2026 Spring,ECON,4880,Seminar in Policy Analysis,007987,"Friedberg,Leora",001,10443,College & Graduate Arts & Sci,3.83,11,1,5,4,1,0,0,0,0,0,0
2026 Spring,PHYS,1429,Intro Physics 1 Workshop,031036,"Bychkov,Maksim",019,10628,College & Graduate Arts & Sci,3.83,24,1,19,1,0,2,0,1,0,0,0
2026 Spring,LPPS,3150,Practical Nonproft Fundraising,045946,"Hall,Erin",001,10314,Batten Leadership & Public Pol,3.63,15,0,5,6,3,0,0,1,0,0,0
2026 Spring,PHYS,2040,Princip of Physics 2 Workshop,030812,"Bychkov,Maksim",008,12831,College & Graduate Arts & Sci,3.97,22,11,10,0,1,0,0,0,0,0,0
2026 Spring,ECON,3640,The Economics of Africa,044886,"Plant,Mark",001,12832,College & Graduate Arts & Sci,3.45,39,0,14,6,6,6,6,1,0,0,0
2026 Spring,LPPS,6820,Identity Politics,046876,"Higginbotham,Gerald",001,10270,Batten Leadership & Public Pol,3.78,16,0,9,5,1,0,1,0,0,0,0
2026 Spring,LPPS,5720,Data Ethics and Practice,046877,"Claibourn,Michele",001,10271,Batten Leadership & Public Pol,3.89,15,0,11,3,1,0,0,0,0,0,0
2026 Spring,LPPS,3440,Intro Management Consulting,046561,"Boler,Brendan",001,10318,Batten Leadership & Public Pol,3.63,73,0,26,26,15,3,0,0,3,0,0
2026 Spring,ENWR,1510,Writing and Critical Inquiry,013432,"Rasak-Oyadiran,Opeyemi",015,10796,College & Graduate Arts & Sci,3.91,17,1,12,3,1,0,0,0,0,0,0
2026 Spring,ECON,7720,Econometrics II,008043,"Pepper,John",100,10445,College & Graduate Arts & Sci,3.42,25,2,5,4,7,5,1,0,1,0,0
2026 Spring,BIOL,4820,DMP Seminar- Biology Research,003644,"Condron,Barry",001,11759,College & Graduate Arts & Sci,4.00,17,13,4,0,0,0,0,0,0,0,0
2026 Spring,LPPP,4991,Capstone Seminar,042163,"Goehring,Ben",007,10315,Batten Leadership & Public Pol,3.84,11,0,5,6,0,0,0,0,0,0,0
2026 Spring,SPAN,3010,Finding your Voice in Spanish,035893,"Poveda,Esther",005,11898,College & Graduate Arts & Sci,3.67,13,0,7,2,1,3,0,0,0,0,0
2026 Spring,SPAN,3300,Texts and Interpretation,035904,"Padron,Ricardo",002,10721,College & Graduate Arts & Sci,3.81,15,0,9,4,1,1,0,0,0,0,0
2026 Spring,SPAN,2020,Advanced Intermediate Spanish,035854,"Fernandez,Jesus Jativa",015,12659,College & Graduate Arts & Sci,3.90,15,5,5,5,0,0,0,0,0,0,0
2026 Spring,EVSC,2801,Fundamentals of Geology Lab,014091,"Petrovick,Stephanie",001,10459,College & Graduate Arts & Sci,3.78,13,1,4,7,1,0,0,0,0,0,0
2026 Spring,EVSC,2801,Fundamentals of Geology Lab,014091,"Birardi,Gabriela",003,10461,College & Graduate Arts & Sci,3.73,12,0,7,3,0,1,1,0,0,0,0
2026 Spring,MDST,4106,Media and the Kennedy Era,041350,"Bodroghkozy,Aniko",001,12613,College & Graduate Arts & Sci,3.52,15,0,6,6,2,0,0,0,0,0,1
2026 Spring,CHEM,2820,Thermo/Kinetics (Accelerated),005712,"Harman,Walter",100,10408,College & Graduate Arts & Sci,3.79,39,4,19,11,2,2,1,0,0,0,0
2026 Spring,ECON,3010,Intermediate Microeconomics,007908,"Kripalani,Jessica",091,11395,College & Graduate Arts & Sci,3.03,97,21,24,10,9,3,3,8,2,2,15
2026 Spring,PHYS,2020,Principles of Physics 2,030810,"Grouchy,Rebecca",002,10631,College & Graduate Arts & Sci,3.44,119,9,50,19,7,13,5,1,9,3,3
2026 Spring,CHEM,2321,Org Lab II Non-Chem Maj/Min,043155,"Chruma,Jason",008,11867,College & Graduate Arts & Sci,3.85,21,1,12,6,2,0,0,0,0,0,0
2026 Spring,CHEM,3821,Physical Chemistry Lab II,005741,"Pate,Brooks",100,11868,College & Graduate Arts & Sci,3.73,54,0,28,19,4,0,0,1,0,2,0
2026 Spring,STAT,2020,Statistics for Biologists,039999,"Ferrara,Maria",200,11432,College & Graduate Arts & Sci,3.46,156,5,40,54,19,20,7,5,2,0,4
2026 Spring,ENWR,1510,Writing and Critical Inquiry,013432,"Carter,Tyler",002,10787,College & Graduate Arts & Sci,3.50,18,0,9,2,2,2,1,1,1,0,0
2026 Spring,HILA,3021,Human Rights in Latin America,046555,"Sweeney,Lean",100,12470,College & Graduate Arts & Sci,3.62,59,34,10,1,2,4,2,2,0,3,1
2026 Spring,ARCH,4995,Ind Design Res (Thesis) Studio,042517,"Khafif,Mona El",001,10161,School of Architecture,3.92,13,3,8,1,1,0,0,0,0,0,0
2026 Spring,PHYS,1429,Intro Physics 1 Workshop,031036,"Bychkov,Maksim",018,10627,College & Graduate Arts & Sci,3.81,25,5,15,2,1,0,0,2,0,0,0
2026 Spring,BIOL,4260,Cellular Mechanisms,003613,"Wormington,Mike",001,11465,College & Graduate Arts & Sci,4.00,63,33,30,0,0,0,0,0,0,0,0
2026 Spring,FREN,2010,Intermediate French I,014315,"Simotas,Spyridon",004,11547,College & Graduate Arts & Sci,3.79,15,0,10,4,0,0,0,0,1,0,0
2026 Spring,ARTS,2710,Intro to Water-Based Painting,002881,"Chan,Amy",001,10374,College & Graduate Arts & Sci,3.82,13,0,10,2,0,0,0,1,0,0,0
2026 Spring,LPPL,3210,Behavioral Sci:Civic Leadershp,042166,"Chou,Eileen",001,10313,Batten Leadership & Public Pol,3.63,33,0,12,12,5,2,1,1,0,0,0
2026 Spring,JAPN,1020,First-Year Japanese II,020741,"Marshall,Tomoko",002,11549,College & Graduate Arts & Sci,3.54,10,0,3,4,1,1,0,1,0,0,0
2026 Spring,PHYS,2040,Princip of Physics 2 Workshop,030812,"Bychkov,Maksim",011,10639,College & Graduate Arts & Sci,3.89,24,13,9,1,0,0,0,0,0,1,0
2026 Spring,SPAN,2020,Advanced Intermediate Spanish,035854,"Moguel,Ana Piriz",002,10853,College & Graduate Arts & Sci,3.68,18,0,6,9,1,1,1,0,0,0,0
2026 Spring,ASL,1020,Elem Amer Sign Language II,003000,"Slusser,Miranda",004,11825,College & Graduate Arts & Sci,3.82,18,2,11,2,2,0,1,0,0,0,0
2026 Spring,STAT,3110,Foundations of Statistics,044444,"Weinstock,Justin",002,12121,College & Graduate Arts & Sci,3.39,59,3,17,14,9,5,2,3,3,3,0
2026 Spring,PLAN,5230,Des Dimensions of Real Estate,045046,"Eitler,Thomas",001,10084,School of Architecture,3.69,15,5,3,3,3,0,0,1,0,0,0
2026 Spring,ARCH,2020,Foundation Studio III,001494,"Lorenz,Esther",003,10021,School of Architecture,3.60,14,0,5,4,3,1,1,0,0,0,0
2026 Spring,LPPA,3650,Economics of Public Policy,042162,"Simon,Andrew",001,10206,Batten Leadership & Public Pol,3.58,49,1,22,8,11,2,2,1,2,0,0
2026 Spring,HIND,1020,Elementary Hindi-Urdu I,018891,"Chaussee,Griffith",001,11885,College & Graduate Arts & Sci,3.82,11,3,4,2,2,0,0,0,0,0,0
2026 Spring,CHEM,1421,Intro College Chemistry II Lab,005994,"Morkowchuk,Lisa",033,11729,College & Graduate Arts & Sci,3.99,24,13,10,1,0,0,0,0,0,0,0
2026 Spring,LPPP,2200,Introduction to Public Policy,042084,"Johannessen,Peter",100,10250,Batten Leadership & Public Pol,3.63,193,0,51,104,16,12,6,2,0,1,1
2026 Spring,LPPS,7184,Innovating for Defense,046179,"Robinson,John",001,10252,Batten Leadership & Public Pol,3.61,16,0,2,9,5,0,0,0,0,0,0
2026 Spring,CHEM,2321,Org Lab II Non-Chem Maj/Min,043155,"Chruma,Jason",011,11927,College & Graduate Arts & Sci,3.89,34,1,23,9,0,1,0,0,0,0,0
2026 Spring,ENWR,2520,Special Topics in Writing,013448,"Modica,John",001,12003,College & Graduate Arts & Sci,3.92,16,1,12,2,1,0,0,0,0,0,0
2026 Spring,CHEM,1421,Intro College Chemistry II Lab,005994,"Morkowchuk,Lisa",026,11722,College & Graduate Arts & Sci,3.99,24,14,9,1,0,0,0,0,0,0,0
2026 Spring,LPPA,7160,Rsch Mthds & Data Analysis II,038283,"Trillo,Daniel Tello",001,10212,Batten Leadership & Public Pol,3.27,47,0,3,9,16,14,5,0,0,0,0
2026 Spring,ENWR,1506,Writing & Critical Inquiry S2,013429,"Modica,John",006,11936,College & Graduate Arts & Sci,4.00,11,2,9,0,0,0,0,0,0,0,0
2026 Spring,CHEM,2321,Org Lab II Non-Chem Maj/Min,043155,"Chruma,Jason",010,11919,College & Graduate Arts & Sci,3.87,35,3,21,9,1,1,0,0,0,0,0
2026 Spring,ARTS,2000,Intro to Studio Art,045397,"Mata,Roberto Torres",003,12127,College & Graduate Arts & Sci,3.85,13,2,9,0,0,2,0,0,0,0,0
2026 Spring,CHEM,2321,Org Lab II Non-Chem Maj/Min,043155,"Chruma,Jason",009,11918,College & Graduate Arts & Sci,3.55,33,0,14,12,2,1,0,1,2,0,1
2026 Spring,SPAN,3010,Finding your Voice in Spanish,035893,"Hertel,Tammy",003,11239,College & Graduate Arts & Sci,3.90,15,0,10,5,0,0,0,0,0,0,0
2026 Spring,ALAR,8020,Research Studio 2,000310,"Schumann,Kyle",003,10083,School of Architecture,3.84,10,4,3,2,0,1,0,0,0,0,0
2026 Spring,SPAN,2020,Advanced Intermediate Spanish,035854,"Hertel,Tammy",011,11934,College & Graduate Arts & Sci,3.67,14,0,2,11,0,0,1,0,0,0,0
2026 Spring,ASTR,1220,Intro Stars Galaxies Universe,003047,"Mohamed,Shazrene",003,12707,College & Graduate Arts & Sci,3.58,15,1,8,3,0,1,0,1,0,0,1
2026 Spring,CHEM,2321,Org Lab II Non-Chem Maj/Min,043155,"Chruma,Jason",004,11864,College & Graduate Arts & Sci,3.84,33,0,21,9,1,2,0,0,0,0,0
2026 Spring,SOC,4530,Topics in Sociology of Health,045393,"Stolte,Allison",001,12639,College & Graduate Arts & Sci,3.90,13,0,10,2,1,0,0,0,0,0,0
2026 Spring,MATH,1320,Calculus II,022954,"Cobhthaigh,Micheal O",100,11599,College & Graduate Arts & Sci,2.99,17,2,4,1,5,1,0,0,0,1,3
2026 Spring,LPPP,3230,"Pub Policy Challenges, 21st C",042167,"Volden,Craig",100,10205,Batten Leadership & Public Pol,3.50,196,0,46,64,43,31,9,2,1,0,0
2026 Spring,ECON,8720,Time Series Econometrics,008073,"Farmer,Leland",100,12683,College & Graduate Arts & Sci,3.95,12,2,8,2,0,0,0,0,0,0,0
2026 Spring,ENWR,1510,Writing and Critical Inquiry,013432,"Barlow,Momiji",064,12691,College & Graduate Arts & Sci,3.97,18,0,16,2,0,0,0,0,0,0,0
2026 Spring,ARAB,1020,Elementary Arabic II,001280,"Maanaki,Bilal",003,10369,College & Graduate Arts & Sci,3.88,16,0,12,2,2,0,0,0,0,0,0
2026 Spring,STAT,3220,Intro to Regression Analysis,040001,"Varanyak,Krista",002,11697,College & Graduate Arts & Sci,3.73,67,14,26,12,6,6,2,1,0,0,0
2026 Spring,UD,8612,Urban Design History & Theory,046668,"Berman,Ila",001,10105,School of Architecture,3.69,17,0,2,13,2,0,0,0,0,0,0
2026 Spring,MATH,1320,Calculus II,022954,"Lilly,Astrid",400,11859,College & Graduate Arts & Sci,3.21,16,4,4,1,2,1,1,1,0,0,2
2026 Spring,STAT,1601,Intro Data Science with R,045055,"Roland,Kristen",002,11832,College & Graduate Arts & Sci,3.58,97,5,45,23,10,4,4,1,1,0,4
2026 Spring,ECON,8160,Labor Economics II,008056,"Miller,Amalia",001,12630,College & Graduate Arts & Sci,3.74,11,0,6,3,1,0,1,0,0,0,0
2026 Spring,CHEM,1421,Intro College Chemistry II Lab,005994,"Morkowchuk,Lisa",031,11727,College & Graduate Arts & Sci,3.99,24,14,9,1,0,0,0,0,0,0,0
2026 Spring,ARCH,4995,Ind Design Res (Thesis) Studio,042517,"Clark,William",004,10164,School of Architecture,3.83,13,2,6,4,0,1,0,0,0,0,0
2026 Spring,LAR,7120,Design Research Seminar,043834,"Rais,Saadia",100,10157,School of Architecture,3.51,13,0,4,3,5,0,0,0,1,0,0
2026 Spring,PLAN,5200,Real Estate Develop Process I,045045,"ROWE,FRED",001,10060,School of Architecture,3.82,16,0,12,0,4,0,0,0,0,0,0
2026 Spring,ARCH,6120,Architectural Theory & Analys,001672,"Dripps,Robin",001,10062,School of Architecture,3.78,24,0,12,8,4,0,0,0,0,0,0
2026 Spring,STAT,1601,Intro Data Science with R,045055,"Roland,Kristen",001,11831,College & Graduate Arts & Sci,3.64,91,2,46,24,8,4,2,1,0,1,3
2026 Spring,ANTH,2120,The Concept of Culture,042869,"Bashkow,Ira",100,12673,College & Graduate Arts & Sci,3.70,177,8,93,49,10,7,2,0,3,2,3
2026 Spring,CHEM,2420,Organic Chemistry II,005699,"Frantz,Alicia",300,12009,College & Graduate Arts & Sci,2.86,59,0,4,7,10,15,8,5,6,0,4
2026 Spring,JAPN,3020,Third-Year Japanese II,020747,"Kawai,Mieko",002,11844,College & Graduate Arts & Sci,3.63,12,0,5,5,0,0,1,1,0,0,0
2026 Spring,ENGL,3273,Shakespeare Tragedies Romances,012902,"Maus,Katharine",100,12792,College & Graduate Arts & Sci,3.25,59,0,8,8,15,20,6,1,1,0,0
2026 Spring,CHIN,3020,Pre-Advanced Chinese II,006060,"Wang,Jun",002,12872,College & Graduate Arts & Sci,3.97,10,6,3,1,0,0,0,0,0,0,0
2026 Spring,FREN,2020,Intermediate French II,014316,"Ice,Christopher",008,12889,College & Graduate Arts & Sci,3.98,17,6,10,1,0,0,0,0,0,0,0
2026 Spring,CHEM,2321,Org Lab II Non-Chem Maj/Min,043155,"Chruma,Jason",002,11384,College & Graduate Arts & Sci,3.85,24,0,18,4,0,1,1,0,0,0,0
2026 Spring,PHS,4991,GPH Capstone,044464,"Hornsby,Paige",003,12437,College & Graduate Arts & Sci,3.48,18,0,3,10,0,4,0,0,0,1,0
2026 Spring,PSYC,5323,RM: R in Psychology,045671,"Meyer,M. Joseph",001,12115,College & Graduate Arts & Sci,3.90,23,4,15,2,1,1,0,0,0,0,0
2026 Spring,RELG,1040,Intro to Asian Religions,034141,"Allen,Michael",100,12721,College & Graduate Arts & Sci,3.84,175,1,118,41,6,5,3,0,0,1,0
2026 Spring,ENWR,1510,Writing and Critical Inquiry,013432,"Childers,Jodie",043,11713,College & Graduate Arts & Sci,4.00,18,5,13,0,0,0,0,0,0,0,0
2026 Spring,DRAM,3820,Video Design I,044178,"Kasra,Mona",001,11881,College & Graduate Arts & Sci,3.50,13,0,4,6,1,1,0,0,0,0,1
2026 Spring,SPAN,3050,Spanish for Medical Profession,039916,"Opere,Alicia Lopez",001,11880,College & Graduate Arts & Sci,3.72,18,2,6,8,0,1,0,1,0,0,0
2026 Spring,LAR,6720,Design Computation,046775,"Seibert,Matthew",001,10002,School of Architecture,3.38,22,0,4,11,2,2,1,1,0,0,1
2026 Spring,ECON,3020,Intermediate Macroeconomics,007909,"He,Chang",090,12073,College & Graduate Arts & Sci,3.60,70,12,15,18,18,4,0,2,0,1,0
2026 Spring,MATH,4250,Diff Eqns Dyn Sys,044173,"Do,Yen",001,11704,College & Graduate Arts & Sci,3.89,17,1,12,3,0,1,0,0,0,0,0
2026 Spring,CASS,1011,Miller Arts Scholars Disc,041910,"Kasra,Mona",001,11238,College & Graduate Arts & Sci,3.92,24,0,20,3,0,1,0,0,0,0,0
2026 Spring,STAT,3110,Foundations of Statistics,044444,"Weinstock,Justin",001,12120,College & Graduate Arts & Sci,3.64,58,9,22,15,6,2,0,1,1,1,1
2026 Spring,SPAN,3010,Finding your Voice in Spanish,035893,"Raczyk,Ciara",004,11879,College & Graduate Arts & Sci,3.95,13,0,11,2,0,0,0,0,0,0,0
2026 Spring,PHYS,2040,Princip of Physics 2 Workshop,030812,"Bychkov,Maksim",010,12428,College & Graduate Arts & Sci,4.00,26,15,11,0,0,0,0,0,0,0,0
2026 Spring,MATH,3351,Elementary Linear Algebra,023081,"Aitzhanova,Bakhyt",002,11246,College & Graduate Arts & Sci,3.49,37,8,10,9,3,2,1,0,1,2,1
2026 Spring,ENWR,1510,Writing and Critical Inquiry,013432,"Little,Dana",023,10802,College & Graduate Arts & Sci,4.00,18,3,15,0,0,0,0,0,0,0,0
2026 Spring,DRAM,2010,"Theatre Design, Technology",007199,"Ma,Yi-Hsuan",001,12710,College & Graduate Arts & Sci,3.76,16,1,8,5,1,0,0,1,0,0,0
2026 Spring,CHIN,2020,Intermediate Chinese,006054,"Wang,Jun",001,11298,College & Graduate Arts & Sci,3.86,17,0,14,1,1,0,1,0,0,0,0
2026 Spring,CHEM,1421,Intro College Chemistry II Lab,005994,"Morkowchuk,Lisa",035,12219,College & Graduate Arts & Sci,3.77,24,15,2,4,1,0,1,0,0,1,0
2026 Spring,PHYS,1660,Practical Computing,043759,"Wright,Bryan",001,12453,College & Graduate Arts & Sci,3.97,21,0,19,2,0,0,0,0,0,0,0
2026 Spring,ANTH,3020,Using Anthropology,042701,"Dobrin,Lise",001,12701,College & Graduate Arts & Sci,3.64,29,3,11,5,5,4,1,0,0,0,0
2026 Spring,FREN,2020,Intermediate French II,014316,"Geer,Rachel",002,10489,College & Graduate Arts & Sci,3.84,16,0,10,5,0,1,0,0,0,0,0
2026 Spring,BIOL,4330,Wiring the Brain,003620,"Condron,Barry",001,12365,College & Graduate Arts & Sci,3.98,34,9,23,2,0,0,0,0,0,0,0
2026 Spring,DRAM,1010,How Theatre Works,007177,"Garey,Cady",001,10434,College & Graduate Arts & Sci,3.74,49,0,24,18,1,4,2,0,0,0,0
2026 Spring,WGS,2600,Human Sexualities,045710,"Speidel,Lisa",001,12132,College & Graduate Arts & Sci,3.97,60,0,58,0,1,1,0,0,0,0,0
2026 Spring,LPPL,4225,Leadership and Practice,044049,"Davis,Timothy",001,10234,Batten Leadership & Public Pol,3.78,51,0,18,30,2,1,0,0,0,0,0
2026 Spring,WGS,3100,Intro to WGS Theory,046694,"King,Tiffany",001,12772,College & Graduate Arts & Sci,3.85,23,1,14,7,0,0,1,0,0,0,0
2026 Spring,ENWR,1510,Writing and Critical Inquiry,013432,"Little,Dana",058,12148,College & Graduate Arts & Sci,4.00,18,2,16,0,0,0,0,0,0,0,0
2026 Spring,CHIN,1010,Elementary Chinese,006047,"Wang,Ju Min",002,12880,College & Graduate Arts & Sci,3.95,13,0,11,2,0,0,0,0,0,0,0
2026 Spring,LPPS,3350,Constitutional Law,047450,"Moore,Sherri",001,10321,Batten Leadership & Public Pol,3.60,40,0,16,12,7,2,2,0,0,0,1
2026 Spring,CHIN,1020,Elementary Chinese,006048,"Gao,Ying",002,11483,College & Graduate Arts & Sci,3.94,15,0,12,3,0,0,0,0,0,0,0
2026 Spring,LNGS,3260,Intro Comp-Historical Lings,022531,"Elson,Mark",001,12439,College & Graduate Arts & Sci,3.68,12,0,6,3,0,3,0,0,0,0,0
2026 Spring,ENGL,3002,History of Lit in English II,011977,"Miller,Joshua",100,12778,College & Graduate Arts & Sci,3.68,159,7,75,40,15,11,5,6,0,0,0
2026 Spring,SPAN,2010,Intermediate Spanish,035853,"Young,Sara",003,10716,College & Graduate Arts & Sci,3.39,16,0,2,8,2,1,2,0,0,1,0
2026 Spring,SPAN,2010,Intermediate Spanish,035853,"Jarque,Esperanza Gorriz",006,11234,College & Graduate Arts & Sci,3.84,18,0,10,7,1,0,0,0,0,0,0
2026 Spring,EVSC,2800,Fundamentals of Geology,013912,"Gaarder,Gabi",001,10458,College & Graduate Arts & Sci,3.52,97,19,22,28,4,11,6,2,1,2,2
2026 Spring,SPAN,3000,The Sounds of Spanish,035892,"Rini,Joel",001,12652,College & Graduate Arts & Sci,3.72,17,5,7,1,1,2,0,1,0,0,0
2026 Spring,MATH,3100,Introduction to Probability,023058,"Turner,Joshua",002,11458,College & Graduate Arts & Sci,3.89,36,17,15,0,3,0,0,1,0,0,0
2026 Spring,CHEM,1421,Intro College Chemistry II Lab,005994,"Morkowchuk,Lisa",011,10899,College & Graduate Arts & Sci,3.99,20,7,12,1,0,0,0,0,0,0,0
2026 Spring,LPPS,3390,Special Ed Policy & Practice,046874,"Roorbach,Kristen",001,10316,Batten Leadership & Public Pol,3.93,24,0,18,6,0,0,0,0,0,0,0
2026 Spring,ECON,4360,Empirical Finance,007970,"Peterson,Steven",001,11241,College & Graduate Arts & Sci,3.90,23,1,14,8,0,0,0,0,0,0,0
2026 Spring,SPAN,2020,Advanced Intermediate Spanish,035854,"Florez-Murillo,David",007,12658,College & Graduate Arts & Sci,3.58,18,2,7,6,1,1,0,0,0,0,1
2026 Spring,CHEM,1421,Intro College Chemistry II Lab,005994,"Morkowchuk,Lisa",013,10901,College & Graduate Arts & Sci,3.92,24,17,4,2,0,0,1,0,0,0,0
2026 Spring,RELG,2660,Spirituality in America,041858,"Wren,Ame",001,11228,College & Graduate Arts & Sci,3.85,28,0,26,1,0,0,0,0,0,0,1
2026 Spring,WGS,3150,Race& Pwr in Gender& Sexuality,046589,"Nichols,Taylor",100,12771,College & Graduate Arts & Sci,3.83,24,2,11,10,0,1,0,0,0,0,0
2026 Spring,PHYS,2040,Princip of Physics 2 Workshop,030812,"Bychkov,Maksim",006,10637,College & Graduate Arts & Sci,3.88,25,11,11,2,0,0,0,0,0,1,0
2026 Spring,EVSC,3020,GIS Methods,013919,"Porter,John",100,11217,College & Graduate Arts & Sci,3.73,46,14,19,5,4,2,0,0,1,0,1
2026 Spring,STAT,3080,From Data to Knowledge,040829,"Somal,Harsimran",002,12763,College & Graduate Arts & Sci,3.78,52,0,41,0,6,3,0,0,2,0,0
2026 Spring,PHYS,1429,Intro Physics 1 Workshop,031036,"Bychkov,Maksim",005,10616,College & Graduate Arts & Sci,3.84,26,3,18,3,0,1,0,0,0,1,0
2026 Spring,BIOL,4770,Synthetic Biology,043426,"Kozminski,Keith",001,11474,College & Graduate Arts & Sci,3.77,12,0,8,0,4,0,0,0,0,0,0
2026 Spring,MUSI,1310,Basic Musical Skills,024703,"Rous,Benjamin",002,12410,College & Graduate Arts & Sci,3.71,38,5,21,4,3,1,2,0,1,1,0
2026 Spring,DRAM,1020,Speaking in Public,007178,"Lowinski,Cortney",002,11861,College & Graduate Arts & Sci,3.48,15,0,8,1,5,0,0,0,0,0,1
2026 Spring,HIUS,3011,Colonial British America,019563,"Edelson,S.",001,12680,College & Graduate Arts & Sci,3.59,20,0,11,2,2,4,0,0,0,1,0
2026 Spring,CHIN,1020,Elementary Chinese,006048,"Yue,Ying",004,10423,College & Graduate Arts & Sci,3.66,13,0,10,0,1,0,0,1,1,0,0
2026 Spring,LPPP,5350,NGO Leadership Public Policy,044150,"Warburg,Gerald",001,10243,Batten Leadership & Public Pol,3.57,33,1,6,12,11,3,0,0,0,0,0
2026 Spring,LPPL,3450,Resilient Leadership for Teams,044867,"Davis,Timothy",100,10277,Batten Leadership & Public Pol,3.62,38,0,4,26,5,3,0,0,0,0,0
2026 Spring,LPPL,2100,The Resilient Student,045390,"Davis,Timothy",100,10235,Batten Leadership & Public Pol,3.57,76,0,8,49,11,5,1,1,1,0,0
2026 Spring,ECON,8180,Industrial Organization II,008058,"Ciliberto,Federico",001,10447,College & Graduate Arts & Sci,3.48,12,2,2,4,1,1,1,0,1,0,0
2026 Spring,LPPL,4680,Lead from Anywhere,046781,"Gelsdorf,Kirsten",002,10279,Batten Leadership & Public Pol,3.65,58,0,13,34,6,4,0,0,1,0,0
2026 Spring,MUEN,3651,Chamber Singers,024590,"Slon,Michael",001,10594,College & Graduate Arts & Sci,3.99,24,1,22,1,0,0,0,0,0,0,0
2026 Spring,ECON,4370,Behavioral Finance,007971,"Burton,Edwin",001,10442,College & Graduate Arts & Sci,3.52,202,2,90,13,20,67,10,0,0,0,0
2026 Spring,MUEN,3630,Chamber Ensemble,024589,"Fang,I-Jen",001,10581,College & Graduate Arts & Sci,3.98,19,1,17,1,0,0,0,0,0,0,0
2026 Spring,BIOL,3000,Cell Biology,003525,"Kozminski,Keith",100,10396,College & Graduate Arts & Sci,2.24,167,0,21,11,16,14,12,20,25,6,42
2026 Spring,DRAM,2020,Acting I,007200,"Lowinski,Cortney",004,11455,College & Graduate Arts & Sci,3.64,14,0,11,1,1,0,0,0,0,0,1
2026 Spring,BIOL,2200,Intro Bio w/Lab: Orgnsm & Evol,003471,"Manson,Jessamyn",002,11480,College & Graduate Arts & Sci,3.60,352,100,80,76,33,19,24,7,4,4,5
2026 Spring,MATH,3315,Adv Calculus and Lin Alg II,043767,"Hayes,Benjamin",100,11540,College & Graduate Arts & Sci,3.31,12,1,3,1,2,2,2,0,1,0,0
2026 Spring,AAS,3500,Intermediate Seminar in AAS,039376,"Richardson,Liana",002,12699,College & Graduate Arts & Sci,3.87,14,0,8,6,0,0,0,0,0,0,0
2026 Spring,SOC,5140,Qualitative Methods,035536,"Foster,B.",001,12632,College & Graduate Arts & Sci,3.95,11,0,9,2,0,0,0,0,0,0,0
2026 Spring,PLAP,4500,Special Topics,031588,"Kromkowski,Charles",001,12633,College & Graduate Arts & Sci,3.42,13,0,3,3,2,4,1,0,0,0,0
2026 Spring,CHEM,2321,Org Lab II Non-Chem Maj/Min,043155,"Chruma,Jason",007,11866,College & Graduate Arts & Sci,3.86,32,0,23,6,1,2,0,0,0,0,0
2026 Spring,CHEM,2321,Org Lab II Non-Chem Maj/Min,043155,"Chruma,Jason",006,11865,College & Graduate Arts & Sci,3.65,10,0,3,5,1,0,1,0,0,0,0
2026 Spring,CHEM,1421,Intro College Chemistry II Lab,005994,"Morkowchuk,Lisa",017,10905,College & Graduate Arts & Sci,3.93,24,17,5,1,0,0,1,0,0,0,0
2026 Spring,ITAL,1020,Elementary Italian II,020556,"Mattioli,Stella",001,11841,College & Graduate Arts & Sci,3.92,20,2,15,2,0,1,0,0,0,0,0
2026 Spring,ECON,7040,Macroeconomic Theory II,008023,"Leeper,Eric",100,10444,College & Graduate Arts & Sci,3.40,20,0,6,2,5,4,3,0,0,0,0
2026 Spring,BIOL,8250,Prof Skills Life Sciences II,003781,"Larson,Tracy",001,11304,College & Graduate Arts & Sci,3.67,16,6,2,4,3,0,0,0,1,0,0
2026 Spring,EVSC,1010,Intro Environmental Sciences,013836,"Doney,Scott",001,10456,College & Graduate Arts & Sci,3.90,321,42,221,34,15,6,2,0,0,1,0
2026 Spring,SPAN,2020,Advanced Intermediate Spanish,035854,"Mehfoud,Lauren",005,10856,College & Graduate Arts & Sci,3.49,16,0,7,6,0,1,1,0,0,0,1
2026 Spring,ENWR,1510,Writing and Critical Inquiry,013432,"Wang,Tracey",069,12834,College & Graduate Arts & Sci,3.92,12,1,10,0,0,1,0,0,0,0,0
2026 Spring,SOC,3020,Introduction to Social Theory,035372,"Kumar,Krishan",100,10699,College & Graduate Arts & Sci,3.41,40,1,20,7,2,2,1,3,1,1,2
2026 Spring,ENWR,1510,Writing and Critical Inquiry,013432,"Kostelnik,Kate",025,11486,College & Graduate Arts & Sci,3.82,18,0,12,3,2,1,0,0,0,0,0
2026 Spring,PHIL,2500,Survey on a PhilosophicalTopic,043637,"Bernstein,Justin",200,20120,College & Graduate Arts & Sci,3.63,27,0,9,12,1,4,0,1,0,0,0
2026 Spring,EVSC,3559,New Course: EVSC,039168,"Nyelele,Charity",001,19171,College & Graduate Arts & Sci,3.66,30,0,10,14,4,1,0,0,0,1,0
2026 Spring,NUIP,2311,Intro to Professional Practice,045254,"Campbell,Cathy",003,19180,School of Nursing,3.90,29,0,21,7,1,0,0,0,0,0,0
2026 Spring,FREN,4838,French Society & Civilization,014407,"Horne,Janet",001,19194,College & Graduate Arts & Sci,3.95,19,1,15,3,0,0,0,0,0,0,0
2026 Spring,AAS,2500,Topics in Africana Studies,046413,"Coleman,Robin Means",005,19282,College & Graduate Arts & Sci,3.69,13,0,8,2,2,0,0,0,1,0,0
2026 Spring,LAW,9287,Law and Economics Workshop,044727,"Fischman,Joshua",1,17892,School of Law,3.59,14,0,3,5,6,0,0,0,0,0,0
2026 Spring,LAW,9040,Animal Law,040104,"Riley,Margaret",1,17893,School of Law,3.43,16,0,0,5,11,0,0,0,0,0,0
2026 Spring,EDHS,2250,Stress and Anxiety Management,044538,"Framel,Courtney",001,15533,School of Education and HumanDev,3.91,58,0,55,0,1,0,0,1,0,0,1
2026 Spring,STS,2600,Engineering Ethics,046988,"Guillen,Sergio",010,17255,Engineering & Applied Science,3.70,22,1,13,4,1,1,0,1,1,0,0
2026 Spring,HSCI,1011,Science Scholars Seminar II,019953,"Schmidt,Karen",001,11232,College & Graduate Arts & Sci,3.97,11,3,7,1,0,0,0,0,0,0,0
2026 Spring,MATH,7800,Algebraic Topology I,023238,"Bergner,Julie",001,10567,College & Graduate Arts & Sci,3.62,13,0,6,3,0,4,0,0,0,0,0
2026 Spring,STAT,2120,Intro to Statistical Analysis,036655,"Holt,Jeffrey",200,10725,College & Graduate Arts & Sci,3.54,182,1,73,52,22,14,3,4,12,0,1
2026 Spring,LAW,9301,Lgl Cntrversies Founding Era,044755,"Bamzai,Aditya",1,19170,School of Law,3.74,12,0,3,8,1,0,0,0,0,0,0
2026 Spring,NUCO,4720,Synthesis Practicum,043231,"Taliaferro-Jones,Elizabeth",001,19276,School of Nursing,3.98,58,33,22,3,0,0,0,0,0,0,0
2026 Spring,EGMT,1540,Ethical Engagement,044515,"Achintya,T.C.A",202,19769,College & Graduate Arts & Sci,3.92,33,5,23,3,1,1,0,0,0,0,0
2026 Spring,MATH,5700,Introduction to Geometry,023159,"Blackwell,Sarah",001,10564,College & Graduate Arts & Sci,3.69,12,2,6,0,2,1,1,0,0,0,0
2026 Spring,PLAN,3040,Metropolis,044377,"Sewell,Jessica",001,19556,School of Architecture,3.68,32,0,15,13,1,1,0,0,0,2,0
2026 Spring,PHIL,2510,Seminar in Philosophy,030047,"Harrell,Mara",001,20110,College & Graduate Arts & Sci,3.85,19,0,15,0,4,0,0,0,0,0,0
2026 Spring,MEST,2270,Cult & Soc Contmp Arab MidEast,001290,"Al-Samman,Hanadi",001,20158,College & Graduate Arts & Sci,3.88,11,1,8,1,0,1,0,0,0,0,0
2026 Spring,ENWR,1510,Writing and Critical Inquiry,013432,"Schlich,Margaret",004,11652,College & Graduate Arts & Sci,3.86,18,0,13,3,1,1,0,0,0,0,0
2026 Spring,ENGL,1590,Literature and the Professions,043059,"Schey,Taylor",001,20220,College & Graduate Arts & Sci,3.98,18,3,14,1,0,0,0,0,0,0,0
2026 Spring,EDLF,5711,"Global, Childhood & Culture",038150,"Hoffman,Diane",501,20493,School of Education and HumanDev,3.71,24,0,12,8,0,2,2,0,0,0,0
2026 Spring,ENWR,1510,Writing and Critical Inquiry,013432,"Cotti-Lowell,Alison",003,11177,College & Graduate Arts & Sci,3.78,18,2,4,11,1,0,0,0,0,0,0
2026 Spring,CGBM,2110,Accounting for Business,047001,"Mitchell,Jill",001,14728,McIntire School of Commerce,3.56,64,10,25,10,3,6,5,1,3,0,1
2026 Spring,ECON,3720,Introduction to Econometrics,007939,"Harrigan,James",600,19814,College & Graduate Arts & Sci,3.22,13,0,5,2,0,3,1,0,0,1,1
2026 Spring,ENWR,1520,Writing & Community Engagement,045365,"Richardson,Sarah",004,19540,College & Graduate Arts & Sci,3.92,17,15,0,1,0,1,0,0,0,0,0
2026 Spring,CJ,5660,Leading Through Wellness,041450,"Fortier,Carol Heinzmann",A2,21383,Continuing & Prof Studies,4.00,14,12,2,0,0,0,0,0,0,0,0
2026 Spring,LPPL,6050,Leadership in the Public Arena,040971,"Pennock,Andrew",200,10307,Batten Leadership & Public Pol,3.53,59,0,14,20,18,4,2,0,0,1,0
2026 Spring,EDLF,6040,Intercollegiate Athletic Admin,046181,"Axson-Lawrence,Dashan",500,20495,School of Education and HumanDev,3.05,20,0,7,5,2,0,1,0,0,3,2
2026 Spring,CHIN,1020,Elementary Chinese,006048,"Yue,Ying",003,10422,College & Graduate Arts & Sci,3.88,16,0,14,1,0,0,0,1,0,0,0
2026 Spring,EDIS,5470,ESL Assess & Curriculum Design,009460,"Salerno,April Simun",500,15826,School of Education and HumanDev,3.82,18,0,13,3,0,1,1,0,0,0,0
2026 Spring,LAW,7636,Monument Litigation (SC),040074,"Heytens,Toby",1,20140,School of Law,3.60,13,0,2,7,3,1,0,0,0,0,0
2026 Spring,PSYC,4110,Psycholinguistics,032607,"Loncke,Filip",001,10671,College & Graduate Arts & Sci,3.91,42,21,16,3,0,1,0,0,1,0,0
2026 Spring,APMA,3110,Applied Stats & Probability,001153,"Maiti,Deepyaman",003,17286,Engineering & Applied Science,3.02,35,4,6,3,5,4,3,3,4,1,2
2026 Spring,CHEM,1421,Intro College Chemistry II Lab,005994,"Morkowchuk,Lisa",029,11725,College & Graduate Arts & Sci,3.71,24,11,8,2,0,0,0,1,0,2,0
2026 Spring,ARAH,9585,"Sem Art of E, S, and SE Asia",039185,"Wong,Dorothy",001,13466,College & Graduate Arts & Sci,3.68,6,0,3,2,0,0,1,0,0,0,0
2026 Spring,MSE,7220,Surface Science,024442,"Reinke,Petra",001,20065,Engineering & Applied Science,3.80,11,0,5,5,1,0,0,0,0,0,0
2026 Spring,MATH,1190,A Survey of Calc I w Algebra,023387,"Wills,Michael",300,21456,College & Graduate Arts & Sci,2.82,14,1,1,0,2,2,2,5,1,0,0
2026 Spring,LAW,9255,Human Rghts Study Project (YR),043867,"Sanchez-Leon,Nelson",1,17937,School of Law,3.50,6,0,0,3,3,0,0,0,0,0,0
2026 Spring,ENGL,2599,Special Topics,012514,"Rush,Rebecca",002,20206,College & Graduate Arts & Sci,3.68,11,1,5,3,0,0,2,0,0,0,0
2026 Spring,ECE,2600,Electronics,046966,"Crockett,Caroline",001,17260,Engineering & Applied Science,3.42,38,0,12,9,8,3,2,0,4,0,0
2026 Spring,ECE,2600,Electronics,046966,"Crockett,Caroline",002,19610,Engineering & Applied Science,3.57,63,2,23,15,15,4,2,1,0,0,1
2026 Spring,LAW,9330,Educ in US Prisons Seminar,045782,"Robinson,Gerard",1,17898,School of Law,3.45,14,0,1,5,6,2,0,0,0,0,0
2026 Spring,EDLF,5410,Strat in Higher Ed & Athletics,044393,"Seid,Adam",500,20491,School of Education and HumanDev,2.95,19,1,9,1,2,1,1,0,0,0,4
2026 Spring,CE,2300,Statics,004438,"Tang,Toni",001,17000,Engineering & Applied Science,3.47,20,3,3,6,5,0,1,0,2,0,0
2026 Spring,LAW,8652,Emerging Markets: Prin & Pract,021986,"Stephan,Paul",1,17889,School of Law,3.56,18,0,2,8,8,0,0,0,0,0,0
2026 Spring,LAW,6106,Federal Income Tax,021658,"Stephan,Paul",1,17824,School of Law,3.50,66,0,10,24,22,9,1,0,0,0,0
2026 Spring,ARTH,3525,Topics in Ren Art History,040304,"White,Tonya L.",501,19433,College & Graduate Arts & Sci,4.00,16,8,8,0,0,0,0,0,0,0,0
2026 Spring,ITAL,1020,Elementary Italian II,020556,"Mattioli,Stella",002,10512,College & Graduate Arts & Sci,3.95,21,15,4,1,1,0,0,0,0,0,0
2026 Spring,MICR,8040,Fundamentals in Cancer Bio,024115,"Dudley,Andrew",001,18169,Medical School - BIMS/PHS,3.88,24,3,15,4,1,1,0,0,0,0,0
2026 Spring,PLAP,4500,Special Topics,031588,"Rosenblum,Samuel",003,20877,College & Graduate Arts & Sci,3.66,13,0,7,1,3,2,0,0,0,0,0
2026 Spring,EGMT,1540,Ethical Engagement,044515,"Krause,Erica",115,19757,College & Graduate Arts & Sci,4.00,15,2,13,0,0,0,0,0,0,0,0
2026 Spring,HR,5030,Strategic Compensation,019927,"Runyon,Nicole",701,20585,Continuing & Prof Studies,3.52,9,2,5,1,0,0,0,0,0,0,1
2026 Spring,HR,5050,Org Change & Development,019929,"Beckwith,Ronald",701,20586,Continuing & Prof Studies,3.59,18,4,9,1,0,3,0,0,0,0,1
2026 Spring,ISSS,4063,Work of Hunter Thompson,041529,"Wright,Luke",101,20792,Continuing & Prof Studies,3.37,20,0,2,7,6,2,2,1,0,0,0
2026 Spring,ARCH,5500,Special Topics in Architecture,001621,"Somers,Schaeffer",006,19831,School of Architecture,3.66,7,0,4,0,2,1,0,0,0,0,0
2026 Spring,ENWR,1510,Writing and Critical Inquiry,013432,"Kostelnik,Kate",068,12703,College & Graduate Arts & Sci,3.89,18,0,15,1,1,1,0,0,0,0,0
2026 Spring,EGMT,1540,Ethical Engagement,044515,"Goldblatt,Laura",217,19784,College & Graduate Arts & Sci,3.94,31,0,28,1,1,1,0,0,0,0,0
2026 Spring,ACCT,3010,Intro Financial Accounting,045930,"Lee,Nammy",701,20566,Continuing & Prof Studies,3.50,23,3,8,5,1,4,1,0,0,0,1
2026 Spring,CE,3330,Structural Design,044636,"Ozbulut,Osman",001,16996,Engineering & Applied Science,3.58,36,9,11,7,3,1,0,1,3,1,0
2026 Spring,PHS,7051,"Policy Dev, Analysis& Advocacy",045006,"Balkrishnan,Rajesh",001,18480,Medical School - BIMS/PHS,3.88,30,0,18,12,0,0,0,0,0,0,0
2026 Spring,CHIN,2060,Accelerated Intermed Chinese,006057,"Liang,Hsin Hsin",001,10425,College & Graduate Arts & Sci,3.74,14,1,7,2,3,1,0,0,0,0,0
2026 Spring,MATH,4110,Intro to Stochastic Processes,023119,"Foldes,Juraj",001,11543,College & Graduate Arts & Sci,3.59,44,0,18,13,6,3,1,2,0,1,0
2026 Spring,DS,4023,Data Design II:Interactive App,047152,"Dahshan,Mai",001,19619,School of Data Science,3.96,16,13,2,0,1,0,0,0,0,0,0
2026 Spring,CJ,3325,Crit Incid:Decision-Making,046942,"Yansick,Michael",A2,21362,Continuing & Prof Studies,4.00,19,3,16,0,0,0,0,0,0,0,0
2026 Spring,EGMT,1540,Ethical Engagement,044515,"Ferguson,Andrew",117,19759,College & Graduate Arts & Sci,3.94,60,0,51,7,2,0,0,0,0,0,0
2026 Spring,LAW,9006,Advanced Verbal Persuasion,040010,"Shadel,Molly",1,17849,School of Law,3.48,12,0,0,6,5,1,0,0,0,0,0
2026 Spring,CS,3501,Spec Topics Computer Science,045086,"Apostolellis,Panagiotis",002,21681,Engineering & Applied Science,3.25,12,0,4,2,0,3,0,2,1,0,0
2026 Spring,ACCT,5410,Fraud Examination,040496,"Hood,Michael",701,20572,Continuing & Prof Studies,3.78,10,0,5,4,0,1,0,0,0,0,0
2026 Spring,DRAM,2620,Sound Design,007233,"Rasbury,Michael",001,10435,College & Graduate Arts & Sci,3.95,13,1,11,0,1,0,0,0,0,0,0
2026 Spring,ENGR,1020,Engineering Foundations 2,046986,"Serrano,David Gutierrez",013,17242,Engineering & Applied Science,3.98,38,0,35,3,0,0,0,0,0,0,0
2026 Spring,ENWR,1510,Writing and Critical Inquiry,013432,"Choudhury,Aindrila",036,11707,College & Graduate Arts & Sci,3.98,13,2,10,1,0,0,0,0,0,0,0
2026 Spring,EGMT,1530,Engaging Differences,044514,"Smith,Wendy",213,19721,College & Graduate Arts & Sci,4.00,32,2,30,0,0,0,0,0,0,0,0
2026 Spring,PHIL,3520,Topics in Contemp Phil,030125,"Brewer,Talbot",001,20122,College & Graduate Arts & Sci,3.60,23,1,6,6,9,1,0,0,0,0,0
2026 Spring,GSGS,4610,Thinking in (Global) Systems,048360,"Phillips,Spencer",001,20825,College & Graduate Arts & Sci,3.70,20,0,7,10,2,0,0,1,0,0,0
2026 Spring,ENGL,3611,Art & Science of Time Travel,048403,"Hamilton,Njelle",001,21445,College & Graduate Arts & Sci,3.98,25,12,11,2,0,0,0,0,0,0,0
2026 Spring,MEST,3232,Israeli-Palestinian conflict,048126,"Solomon,Sophia",001,20259,College & Graduate Arts & Sci,3.88,20,0,12,8,0,0,0,0,0,0,0
2026 Spring,ISHU,3170,Poetry and Memoir,020336,"Matthews,Charlotte",101,20516,Continuing & Prof Studies,3.63,30,5,13,8,1,0,0,1,0,1,1
2026 Spring,COMM,4569,GCI: Topics in Management,043879,"Seaborn,Paul",501,14758,McIntire School of Commerce,3.84,16,1,8,6,1,0,0,0,0,0,0
2026 Spring,ENGL,8580,Studies in Critical Theory,047067,"Olla,Nasrin",001,20225,College & Graduate Arts & Sci,3.72,8,1,1,5,1,0,0,0,0,0,0
2026 Spring,LAW,6105,Federal Courts,021652,"Ahdout,Payvand",1,17847,School of Law,3.63,49,1,17,14,14,1,1,0,1,0,0
2026 Spring,BME,4890,Nanomedicine,004088,"Griffin,Donald",001,20806,Engineering & Applied Science,3.95,19,1,17,0,0,1,0,0,0,0,0
2026 Spring,ARTS,2712,Intro Oil-Based Paint,002882,"Rock,Neal",001,10375,College & Graduate Arts & Sci,3.86,18,0,11,6,1,0,0,0,0,0,0
2026 Spring,NESC,4030,The Study of Neuroscience,048112,"Lewis,Gwendolyn",100,19474,College & Graduate Arts & Sci,3.65,38,6,14,6,6,3,2,1,0,0,0
2026 Spring,ARCH,5500,Special Topics in Architecture,001621,"Berman,Ila",002,10116,School of Architecture,3.81,15,5,3,5,2,0,0,0,0,0,0
2026 Spring,ENWR,1506,Writing & Critical Inquiry S2,013429,"Modica,John",001,10452,College & Graduate Arts & Sci,3.94,12,2,9,0,1,0,0,0,0,0,0
2026 Spring,APMA,2130,Ordinary Differentl Equations,001145,"Wellbeloved,Elizabeth A.",501,19349,Engineering & Applied Science,3.88,20,3,10,6,1,0,0,0,0,0,0
2026 Spring,APMA,3110,Applied Stats & Probability,001153,"Wellbeloved,Elizabeth A.",501,19353,Engineering & Applied Science,3.87,32,1,22,5,4,0,0,0,0,0,0
2026 Spring,CHEM,3420,Phys Chem - Thermodynamics,005732,"Egorov,Sergei",100,10410,College & Graduate Arts & Sci,3.83,120,34,55,18,5,5,1,1,0,0,1
2026 Spring,MUSI,2072,Meet the Beatles,048330,"Song,Adai",001,20828,College & Graduate Arts & Sci,3.60,43,1,16,9,12,3,1,1,0,0,0
2026 Spring,MUSI,3559,New Course: MUSI,040894,"Conlee,Jade",001,19803,College & Graduate Arts & Sci,3.76,25,7,13,3,0,1,0,0,0,0,1
2026 Spring,NESC,4046,Neural Injury and Disease,048365,"Lewis,Gwendolyn",001,21035,College & Graduate Arts & Sci,3.90,24,12,10,1,0,0,0,0,1,0,0
2026 Spring,GERM,1020,Elementary German II,015643,"Parker,Stefanie",001,10494,College & Graduate Arts & Sci,3.85,19,0,13,4,1,1,0,0,0,0,0
2026 Spring,ALAR,8020,Research Studio 2,000310,"Gastinger,Breck",006,19483,School of Architecture,3.52,6,0,0,4,1,1,0,0,0,0,0
2026 Spring,MATH,3310,Basic Real Analysis,023072,"Jayanti,Pranava",100,10559,College & Graduate Arts & Sci,2.73,28,3,5,2,1,4,4,3,1,0,5
2026 Spring,RELI,2085,Modern Islam,044563,"Nair,Shankar",100,19523,College & Graduate Arts & Sci,3.52,11,0,4,2,3,0,2,0,0,0,0
2026 Spring,ISBU,3410,Commercial Law,020280,"Pao,Roger",101,20507,Continuing & Prof Studies,3.91,15,4,9,1,0,1,0,0,0,0,0
2026 Spring,DS,4125,Intro to Deep Learning,047352,"Xie,Jianxin",001,19620,School of Data Science,3.88,17,2,12,1,1,1,0,0,0,0,0
2026 Spring,SOC,1010,Introductory Sociology,035243,"Olick,Jeffrey",100,10695,College & Graduate Arts & Sci,3.61,194,26,71,47,20,6,9,7,5,0,3
2026 Spring,CHEM,1421,Intro College Chemistry II Lab,005994,"Morkowchuk,Lisa",010,10898,College & Graduate Arts & Sci,3.75,23,8,5,6,2,0,2,0,0,0,0
2026 Spring,ENWR,1510,Writing and Critical Inquiry,013432,"Gao,Jo",061,12472,College & Graduate Arts & Sci,3.59,18,0,8,4,3,1,1,1,0,0,0
2026 Spring,APMA,3080,Linear Algebra,001151,"Wellbeloved,Elizabeth A.",501,19351,Engineering & Applied Science,3.93,19,2,14,2,1,0,0,0,0,0,0
2026 Spring,LAR,8320,Professional Practice,020997,"Kett,John",001,19561,School of Architecture,3.55,13,0,2,6,3,2,0,0,0,0,0
2026 Spring,EGMT,1540,Ethical Engagement,044515,"Achintya,T.C.A",106,19748,College & Graduate Arts & Sci,3.95,26,2,21,2,1,0,0,0,0,0,0
2026 Spring,GSGS,4550,Topics in Global Studies,048306,"Maradiaga,Felix",001,20823,College & Graduate Arts & Sci,3.98,16,6,9,1,0,0,0,0,0,0,0
2026 Spring,BIOL,4012,Disease Ecology and Evolution,046300,"Gibson,Amanda",001,19459,College & Graduate Arts & Sci,3.72,40,2,17,14,5,0,1,0,0,1,0
2026 Spring,RELB,2900,Buddhist Meditation Traditions,044558,"Zuckerman,Devin",100,19501,College & Graduate Arts & Sci,3.80,46,1,31,9,2,0,1,0,2,0,0
2026 Spring,MUSI,2070,Popular Musics,024750,"Miller,Karl",100,19733,College & Graduate Arts & Sci,3.76,175,58,60,27,12,10,2,3,1,1,1
2026 Spring,STAT,2120,Intro to Statistical Analysis,036655,"Holt,Jeffrey",100,10724,College & Graduate Arts & Sci,3.45,132,2,43,32,16,19,8,6,6,0,0
2026 Spring,PSYC,4310,Cognitive Aging,046311,"Golino,Mariana",001,19954,College & Graduate Arts & Sci,3.72,25,5,7,9,1,2,0,1,0,0,0
2026 Spring,KINE,3430,Phys Activ Health Disparities,046562,"Swift,Damon",001,15709,School of Education and HumanDev,3.66,48,2,23,10,5,4,2,2,0,0,0
2026 Spring,ANTH,1010,Introduction to Anthropology,000600,"Farmer,Tessa",003,20062,College & Graduate Arts & Sci,3.36,82,5,23,22,9,8,6,1,4,0,4
2026 Spring,FREN,1020,Elementary French II,014274,"Bohn,Katelyn",001,10482,College & Graduate Arts & Sci,3.22,10,0,1,4,0,3,1,0,0,1,0
2026 Spring,SOC,5060,Contemporary Sociological Thry,035529,"Aviles,Natalie",001,12631,College & Graduate Arts & Sci,3.59,7,0,2,3,0,2,0,0,0,0,0
2026 Spring,ECE,2300,Applied Circuits,046962,"Crockett,Caroline",001,17261,Engineering & Applied Science,3.69,64,7,34,13,3,2,1,1,1,0,2
2026 Spring,PLAC,5816,Rural Planning,048283,"Roberts,Andrea",001,19572,School of Architecture,3.93,12,0,9,3,0,0,0,0,0,0,0
2026 Spring,CS,4971,Capstone Practicum II,042676,"Sherriff,Mark",001,19580,Engineering & Applied Science,3.87,65,3,49,10,1,1,0,0,0,0,1
2026 Spring,EGMT,1540,Ethical Engagement,044515,"Babineau,Kathryn",206,19773,College & Graduate Arts & Sci,3.97,31,2,28,0,0,1,0,0,0,0,0
2026 Spring,PST,4870,PST Core Seminar II,032368,"Parham,Angel",001,10666,College & Graduate Arts & Sci,4.00,18,7,11,0,0,0,0,0,0,0,0
2026 Spring,CHEM,1421,Intro College Chemistry II Lab,005994,"Morkowchuk,Lisa",003,10893,College & Graduate Arts & Sci,3.96,24,16,5,3,0,0,0,0,0,0,0
2026 Spring,CHEM,1421,Intro College Chemistry II Lab,005994,"Morkowchuk,Lisa",008,10896,College & Graduate Arts & Sci,3.93,24,11,7,6,0,0,0,0,0,0,0
2026 Spring,CS,2120,Discrete Math and Theory 1,046227,"Elder,Sarah",001,16998,Engineering & Applied Science,3.52,108,7,40,24,16,6,7,4,1,1,2
2026 Spring,STS,2600,Engineering Ethics,046988,"Pappas,Jesse",005,17250,Engineering & Applied Science,3.95,28,0,25,2,1,0,0,0,0,0,0
2026 Spring,ECE,2330,Digital Logic Design,007674,"Yang,Xiaoxuan",001,17258,Engineering & Applied Science,3.81,81,13,52,7,4,2,0,1,0,0,2
2026 Spring,MAE,2330,Mechanics Laboratory,045221,"Griffiths,Peter",002,17633,Engineering & Applied Science,3.97,72,46,23,2,0,0,1,0,0,0,0
2026 Spring,EDIS,5015,Social & Emotional Learning,045888,"Gerics,Joseph",500,15824,School of Education and HumanDev,3.84,14,6,5,1,0,2,0,0,0,0,0
2026 Spring,ARCH,6021,Design Methods II,048034,"Sen,Ozan",001,19465,School of Architecture,3.65,24,0,9,7,6,2,0,0,0,0,0
2026 Spring,CS,4501,Spec Top: Computer Science,006942,"Doerner,Jack",006,19577,Engineering & Applied Science,3.25,20,2,5,2,3,2,2,1,3,0,0
2026 Spring,ENGR,1020,Engineering Foundations 2,046986,"Goldschneider,Benjamin",008,17237,Engineering & Applied Science,3.77,35,0,23,5,3,3,1,0,0,0,0
2026 Spring,BME,4350,BME Data Science,046421,"Perry,Robert",001,20805,Engineering & Applied Science,3.87,28,9,16,0,1,1,0,0,1,0,0
2026 Spring,EGMT,1540,Ethical Engagement,044515,"Krause,Erica",207,19774,College & Graduate Arts & Sci,3.89,34,5,24,2,0,3,0,0,0,0,0
2026 Spring,LAW,6113,Intro to Law and Business,045995,"Curtis,Quinn",1,19462,School of Law,3.47,69,0,6,24,32,7,0,0,0,0,0
2026 Spring,ARTH,1153,Space Out!,048325,"Ramirez-Weaver,Eric",100,20812,College & Graduate Arts & Sci,3.31,59,0,10,18,12,8,4,4,2,0,1
2026 Spring,CHEM,1421,Intro College Chemistry II Lab,005994,"Morkowchuk,Lisa",005,10895,College & Graduate Arts & Sci,3.93,24,10,8,6,0,0,0,0,0,0,0
2026 Spring,SOC,7980,Graduate Research Workshop,041901,"Wang,Yingyao",001,13044,College & Graduate Arts & Sci,4.00,6,2,4,0,0,0,0,0,0,0,0
2026 Spring,LAW,9101,Lgl Hist Research Seminar,048370,"Halliday,Paul",1,20834,School of Law,3.50,7,0,0,5,0,2,0,0,0,0,0
2026 Spring,ENGL,3910,Satire,012172,"O'Brien,John",001,20229,College & Graduate Arts & Sci,3.60,25,0,13,3,5,1,1,2,0,0,0
2026 Spring,RUSS,3020,Third-Year Russian,034653,"Borovskaya-Ellis,Anna",001,10690,College & Graduate Arts & Sci,3.49,15,0,9,1,1,0,2,0,2,0,0
2026 Spring,STAT,3559,New Course: STAT,039666,"Ferrara,Maria",001,20699,College & Graduate Arts & Sci,3.88,17,5,8,2,2,0,0,0,0,0,0
2026 Spring,KINE,2850,Medical Terminology,042975,"Southall,Kathryn",502,15536,School of Education and HumanDev,3.96,98,0,94,3,0,0,0,0,0,0,1
2026 Spring,MSE,6130,Electron Microscopy of Crystal,024438,"Zhou,Lin",001,20009,Engineering & Applied Science,3.79,13,0,10,0,1,2,0,0,0,0,0
2026 Spring,CHE,6618,Chemical Reaction Engineering,005512,"Karim,Ayman",600,16997,Engineering & Applied Science,3.39,7,0,1,2,1,3,0,0,0,0,0
2026 Spring,HBIO,4999,Thesis Res for Human Biology,017975,"Timko,Michael",001,10507,College & Graduate Arts & Sci,3.82,17,5,11,0,0,0,0,0,0,0,1
2026 Spring,KOR,3020,Advanced Korean II,020869,"Han,Rosa",001,10521,College & Graduate Arts & Sci,3.58,13,1,2,6,2,1,1,0,0,0,0
2026 Spring,EGMT,1540,Ethical Engagement,044515,"Achintya,T.C.A",201,19768,College & Graduate Arts & Sci,3.93,22,3,17,1,0,0,1,0,0,0,0
2026 Spring,PHYS,3040,Physics of the Human Body,030852,"Yoon,Jongsoo",001,10642,College & Graduate Arts & Sci,3.48,13,2,3,1,3,3,1,0,0,0,0
2026 Spring,USEM,1570,University Seminar,037196,"Heil,Ethan",003,19541,Executive VP & Provost,3.92,13,0,11,1,1,0,0,0,0,0,0
2026 Spring,EVSC,5070,Deep Learning in Envr Science,048308,"Mamalakis,Antonios",001,20576,College & Graduate Arts & Sci,3.94,15,4,8,3,0,0,0,0,0,0,0
2026 Spring,AAS,3500,Intermediate Seminar in AAS,039376,"Mohamed,Naseemah",011,19283,College & Graduate Arts & Sci,3.63,16,2,8,3,1,1,0,0,0,0,1
2026 Spring,SPAN,2010,Intermediate Spanish,035853,"Neff,Kate",002,20044,College & Graduate Arts & Sci,3.75,18,0,10,5,1,1,1,0,0,0,0
2026 Spring,DANC,2210,Ballet I,007222,"Schetlick,Kathryn",001,11363,College & Graduate Arts & Sci,3.95,12,0,10,2,0,0,0,0,0,0,0
2026 Spring,GERM,2010,Intermediate German I,015678,"Parker,Stefanie",001,11364,College & Graduate Arts & Sci,3.78,18,0,14,1,1,1,0,0,1,0,0
2026 Spring,HIAF,3051,West African History,018143,"Fleur,James La",001,13640,College & Graduate Arts & Sci,3.73,29,3,12,9,1,3,1,0,0,0,0
2026 Spring,PLIR,4500,Special Topics,031830,"Pandya,Sonal",001,13704,College & Graduate Arts & Sci,3.22,15,0,4,2,4,3,1,0,0,0,1
2026 Spring,LPPS,7310,Geopolitical Underpinnings,047465,"DeLozier,Elana",001,10336,Batten Leadership & Public Pol,3.78,14,2,4,7,0,1,0,0,0,0,0
2026 Spring,FREN,1010,Elementary French I,014273,"Ice,Christopher",001,11342,College & Graduate Arts & Sci,3.63,16,1,10,1,0,3,0,0,0,0,1
2026 Spring,PHS,4991,GPH Capstone,044464,"Quissell,Kathryn",002,12436,College & Graduate Arts & Sci,3.97,19,0,17,2,0,0,0,0,0,0,0
2026 Spring,SPAN,4700,Spanish Culture & Civilization,035932,"Wellbeloved,Elizabeth A.",501,19406,College & Graduate Arts & Sci,3.70,21,2,7,5,7,0,0,0,0,0,0
2026 Spring,IT,3000,Cloud Computing Foundations,046643,"Chittargi,Kiran",701,20594,Continuing & Prof Studies,3.58,11,3,5,2,0,0,0,0,0,0,1
2026 Spring,IT,3100,Architecture and Design,046646,"Ofarril,Roger",701,20595,Continuing & Prof Studies,3.19,11,1,5,2,0,0,1,0,0,0,2
2026 Spring,STS,2600,Engineering Ethics,046988,"Davis,William",003,17248,Engineering & Applied Science,3.82,27,0,18,5,2,2,0,0,0,0,0
2026 Spring,HIUS,3612,Gender & Sexuality in Am 1865,019620,"Hagerman,Bonnie",001,21145,College & Graduate Arts & Sci,3.42,19,0,4,6,5,2,0,1,1,0,0
2026 Spring,EGMT,1540,Ethical Engagement,044515,"Persons,Anne",101,19743,College & Graduate Arts & Sci,3.93,14,0,12,1,1,0,0,0,0,0,0
2026 Spring,EGMT,1540,Ethical Engagement,044515,"Rosenblith,Gillet",220,19787,College & Graduate Arts & Sci,3.95,32,8,21,2,0,1,0,0,0,0,0
2026 Spring,CS,1112,Introduction to Programming,007058,"Basit,Nada",002,17257,Engineering & Applied Science,3.95,84,37,41,3,1,1,0,1,0,0,0
2026 Spring,LAW,6006,Property,021565,"Doran,Michael",BJ,17827,School of Law,3.40,62,0,6,19,23,10,4,0,0,0,0
2026 Spring,FREN,1020,Elementary French II,014274,"Berr,Chloe",002,10483,College & Graduate Arts & Sci,3.33,16,0,5,2,4,3,0,0,1,1,0
2026 Spring,ECE,4991,Electrical Eng Capstone,042263,"Williams,Keith",001,17795,Engineering & Applied Science,3.78,12,0,9,2,0,0,0,0,1,0,0
2026 Spring,ENGL,2508,Studies in Fiction,012491,"Sullivan,Patricia",005,20224,College & Graduate Arts & Sci,3.93,18,4,10,4,0,0,0,0,0,0,0
2026 Spring,ENGL,2502,Masterpieces of English Lit,012478,"O'Brien,John",001,20228,College & Graduate Arts & Sci,3.70,20,0,8,6,6,0,0,0,0,0,0
2026 Spring,LAW,6107,International Law,021673,"Bayefsky,Rachel",1,17825,School of Law,3.52,17,0,0,10,6,1,0,0,0,0,0
2026 Spring,CHEM,1420,Intro College Chemistry II,005650,"Welch,Kevin",200,10402,College & Graduate Arts & Sci,3.40,405,5,119,95,60,57,37,11,8,8,5
2026 Spring,ECE,6502,Spec Top:Elect & Computer Engr,007732,"Sun,Yixin",002,17009,Engineering & Applied Science,3.55,22,0,6,7,6,2,0,1,0,0,0
2026 Spring,RELJ,3708,Enduring Questions,046075,"Biemann,Asher",001,19797,College & Graduate Arts & Sci,3.80,18,0,10,5,3,0,0,0,0,0,0
2026 Spring,LAW,6102,Administrative Law,021597,"Bamzai,Aditya",1,17826,School of Law,3.67,80,1,33,17,25,3,1,0,0,0,0
2026 Spring,AMST,3790,Moving On: Migration in/to US,046682,"Goff,Lisa",001,19275,College & Graduate Arts & Sci,3.46,11,0,5,2,0,2,1,0,1,0,0
2026 Spring,BIOL,3270,Microbiology with Lab,044428,"Abdullah,Ahmed",100,11641,College & Graduate Arts & Sci,3.32,245,5,56,55,42,42,17,10,14,2,2
2026 Spring,PHYS,1425,Intro Physics 1 for Engineers,031032,"Stevenson,Ian",003,10611,College & Graduate Arts & Sci,3.32,123,3,30,28,14,22,15,6,1,1,3
2026 Spring,SPAN,2010,Intermediate Spanish,035853,"Young,Sara",001,10715,College & Graduate Arts & Sci,3.46,14,0,3,5,2,2,2,0,0,0,0
2026 Spring,ARTS,2610,Drawing I,002836,"Villanueva,Maria",001,11428,College & Graduate Arts & Sci,3.93,16,1,11,4,0,0,0,0,0,0,0
2026 Spring,GETR,3464,Stories of Love and Adventure,045859,"McDonald,William",001,12441,College & Graduate Arts & Sci,3.75,18,1,6,8,3,0,0,0,0,0,0
2026 Spring,ITAL,1020,Elementary Italian II,020556,"White,Tonya L.",501,19424,College & Graduate Arts & Sci,3.90,13,4,6,2,1,0,0,0,0,0,0
2026 Spring,GETR,3372,German Jewish Cult & Lit,041371,"Gutterman,Julia",001,20093,College & Graduate Arts & Sci,3.96,17,0,15,2,0,0,0,0,0,0,0
2026 Spring,SPAN,3300,Texts and Interpretation,035904,"Cobb,Erica",001,10720,College & Graduate Arts & Sci,3.93,18,1,13,4,0,0,0,0,0,0,0
2026 Spring,CHEM,1421,Intro College Chemistry II Lab,005994,"Morkowchuk,Lisa",016,10904,College & Graduate Arts & Sci,3.96,24,17,5,1,1,0,0,0,0,0,0
2026 Spring,CS,3120,Discrete Math and Theory 2,046229,"White,Tonya L.",501,19434,Engineering & Applied Science,3.90,24,3,13,8,0,0,0,0,0,0,0
2026 Spring,PHIL,3310,Metaphysics,030127,"Merricks,Trenton",001,20121,College & Graduate Arts & Sci,3.60,27,0,12,7,2,2,4,0,0,0,0
2026 Spring,EVSC,5020,GIS Methods,014008,"Porter,John",100,11220,College & Graduate Arts & Sci,3.72,5,1,2,0,2,0,0,0,0,0,0
2026 Spring,PHYS,1060,How Things Work,030777,"Neu,Chris",001,10608,College & Graduate Arts & Sci,3.51,151,1,44,54,21,14,8,2,4,3,0
2026 Spring,DANC,2430,Production Laboratory: Dance,043986,"Mata,Kim",001,11585,College & Graduate Arts & Sci,3.99,21,1,19,1,0,0,0,0,0,0,0
2026 Spring,PHIL,5540,Seminar on an Ethics Topic,046001,"Brewer,Talbot",001,20124,College & Graduate Arts & Sci,3.81,8,0,3,5,0,0,0,0,0,0,0
2026 Spring,PHYS,1425,Intro Physics 1 for Engineers,031032,"Zheng,Xiaochao",002,10610,College & Graduate Arts & Sci,3.32,124,4,19,37,22,15,13,12,0,1,1
2026 Spring,EDLF,2080,Fundamentals of Statistics,044842,"Hull,Michael",002,15542,School of Education and HumanDev,3.61,21,10,1,3,5,0,0,1,1,0,0
2026 Spring,EGMT,1540,Ethical Engagement,044515,"Goldblatt,Laura",107,19749,College & Graduate Arts & Sci,3.97,34,0,31,3,0,0,0,0,0,0,0
2026 Spring,PLPT,1010,Intro to Political Theory,031925,"Duong,Kevin",100,20435,College & Graduate Arts & Sci,3.43,174,0,55,46,25,26,9,6,3,0,4
2026 Spring,CHEM,1420,Intro College Chemistry II,005650,"Welch,Kevin",100,10401,College & Graduate Arts & Sci,3.41,479,5,150,102,86,57,41,7,18,6,7
2026 Spring,MATH,3351,Elementary Linear Algebra,023081,"Bergner,Julie",001,10561,College & Graduate Arts & Sci,3.29,32,0,18,3,2,0,1,2,2,2,2
2026 Spring,SOC,3130,Intro to Social Statistics,035381,"Wan,Yifeng",100,10703,College & Graduate Arts & Sci,3.08,44,9,12,2,0,5,6,0,3,2,5
2026 Spring,ANTH,2280,Medical Anthropology,000655,"Mulligan,Jessica",002,20075,College & Graduate Arts & Sci,3.62,81,2,24,36,9,6,0,2,0,2,0
2026 Spring,ANTH,2280,Medical Anthropology,000655,"Jernigan,Kasey",100,20076,College & Graduate Arts & Sci,3.97,59,1,55,2,0,1,0,0,0,0,0
2026 Spring,DRAM,2020,Acting I,007200,"Lowinski,Cortney",005,11456,College & Graduate Arts & Sci,3.98,14,2,11,1,0,0,0,0,0,0,0
2026 Spring,AAS,3500,Intermediate Seminar in AAS,039376,"Evans,Joanna",008,19558,College & Graduate Arts & Sci,3.90,16,8,5,2,0,1,0,0,0,0,0
2026 Spring,STAT,2120,Intro to Statistical Analysis,036655,"Holt,Jeffrey",300,10726,College & Graduate Arts & Sci,3.51,185,0,59,63,18,22,10,8,2,3,0
2026 Spring,STS,4500,STS and Engineering Practice,036749,"Norton,Peter",002,17039,Engineering & Applied Science,3.48,25,0,12,4,2,3,0,2,2,0,0
2026 Spring,CE,6025,VDC Coordination and Control,046368,"Heydarian,Arsalan",001,17107,Engineering & Applied Science,3.91,7,0,5,2,0,0,0,0,0,0,0
2026 Spring,CE,5310,Prestressed Concrete Design,004604,"Gomez,Jose",001,20142,Engineering & Applied Science,3.89,18,7,10,0,0,0,0,0,1,0,0
2026 Spring,CE,5750,Civil Engr Design & Practice,048252,"Burden,Lindsay",600,20148,Engineering & Applied Science,3.89,8,0,5,3,0,0,0,0,0,0,0
2026 Spring,CS,3710,Intro to Cybersecurity,045511,"Orebaugh,Angela",001,16819,Engineering & Applied Science,3.71,118,0,74,28,2,4,2,2,2,2,2
2026 Spring,KINE,3440,Psyc Sport & Physical Activity,048307,"Murray,Ashley",001,20503,School of Education and HumanDev,3.88,38,9,20,5,3,1,0,0,0,0,0
2026 Spring,RELJ,5385,The Song of Songs,043541,"Halvorson-Taylor,Martien",001,20789,College & Graduate Arts & Sci,3.82,5,0,2,3,0,0,0,0,0,0,0
2026 Spring,PHYS,3660,Quantum Physics II,030872,"Kolomeisky,Eugene",001,10645,College & Graduate Arts & Sci,3.00,38,3,6,2,3,7,7,3,7,0,0
2026 Spring,LAW,7135,Law and Economics,043248,"Fischman,Joshua",1,19039,School of Law,3.46,20,0,6,2,7,4,1,0,0,0,0
2026 Spring,LAW,7145,Rules,043863,"Setear,John",1,19040,School of Law,3.44,16,0,3,2,9,2,0,0,0,0,0
2026 Spring,LAW,7148,Empl Law: Wage/Hr Reg. (Lec.),044222,"Verkerke,Rip",1,19041,School of Law,3.54,34,0,2,19,10,3,0,0,0,0,0
2026 Spring,LAW,7174,"Roman Law of Fam, Prop & Sccn",045606,"Doran,Michael",1,19042,School of Law,3.55,19,1,5,3,7,3,0,0,0,0,0
2026 Spring,PHS,7202,App Econ Pol Analy/Strat Plan,046868,"You,Wen",001,18482,Medical School - BIMS/PHS,3.86,11,0,6,5,0,0,0,0,0,0,0
2026 Spring,DS,8104,Network Science,046856,"Gates,Alex",001,19622,School of Data Science,3.68,5,1,1,2,0,1,0,0,0,0,0
2026 Spring,ENGL,2527,Shakespeare,012510,"Kinney,Clare",001,20223,College & Graduate Arts & Sci,3.60,17,1,3,8,2,3,0,0,0,0,0
2026 Spring,AAS,3500,Intermediate Seminar in AAS,039376,"Mohamed,Naseemah",012,19284,College & Graduate Arts & Sci,3.61,18,2,6,7,0,1,0,1,0,1,0
2026 Spring,PHYS,5640,Computational Physics II,030898,"Chern,Gia-Wei",001,10646,College & Graduate Arts & Sci,3.32,17,1,4,6,2,1,1,0,1,0,1
2026 Spring,EGMT,1520,Empirical Engagement,044513,"Heffernan,Elise",213,19673,College & Graduate Arts & Sci,4.00,35,14,21,0,0,0,0,0,0,0,0
2026 Spring,ACCT,5310,Topics in Advanced Accounting,000192,"Brooks,Gary",701,20571,Continuing & Prof Studies,3.81,17,0,9,6,2,0,0,0,0,0,0
2026 Spring,EGMT,1520,Empirical Engagement,044513,"Brubaker,Evan",114,19650,College & Graduate Arts & Sci,3.98,33,0,31,2,0,0,0,0,0,0,0
2026 Spring,PHYS,1429,Intro Physics 1 Workshop,031036,"Bychkov,Maksim",022,12502,College & Graduate Arts & Sci,3.95,26,2,21,2,1,0,0,0,0,0,0
2026 Spring,EGMT,1530,Engaging Differences,044514,"Shutt,Lisa",212,19720,College & Graduate Arts & Sci,3.78,32,0,24,3,1,2,1,0,1,0,0
2026 Spring,STS,2600,Engineering Ethics,046988,"Groves,James",004,17249,Engineering & Applied Science,3.37,24,0,11,1,2,5,1,3,1,0,0
2026 Spring,BIOL,4030,The Study of Neuroscience Lab,048092,"Lewis,Gwendolyn",100,19469,College & Graduate Arts & Sci,3.25,13,1,7,1,2,0,0,0,0,0,2
2026 Spring,AMST,2559,New Course: AMST,038535,"Coyoca,David",001,20127,College & Graduate Arts & Sci,3.92,18,0,16,0,2,0,0,0,0,0,0
2026 Spring,EGMT,1530,Engaging Differences,044514,"Jaswal,Vikram",219,19727,College & Graduate Arts & Sci,3.99,35,1,33,1,0,0,0,0,0,0,0
2026 Spring,PHYS,1429,Intro Physics 1 Workshop,031036,"Bychkov,Maksim",007,10618,College & Graduate Arts & Sci,3.84,24,1,18,2,1,0,2,0,0,0,0
2026 Spring,GSVS,2050,Sustainable Energy Systems,044233,"Groves,James",001,11765,College & Graduate Arts & Sci,3.21,33,0,11,5,8,3,0,0,2,1,3
2026 Spring,SPAN,2020,Advanced Intermediate Spanish,035854,"Barlow,Jennifer",013,13031,College & Graduate Arts & Sci,3.61,18,1,5,8,1,0,3,0,0,0,0
2026 Spring,DS,2004,Data Ethics,046829,"Danks,David",002,19621,School of Data Science,3.78,32,0,14,16,1,0,0,1,0,0,0
2026 Spring,LAR,7220,EcoTech IV,042663,"Davis,Brian",001,10050,School of Architecture,3.50,14,0,4,3,4,2,1,0,0,0,0
2026 Spring,CS,4770,Natural Language Processing,048131,"Ji,Yangfeng",001,19578,Engineering & Applied Science,3.79,62,11,32,12,1,3,0,2,0,1,0
2026 Spring,ANTH,3885,Archaeology of Europe,000796,"LaViolette,Adria",001,20100,College & Graduate Arts & Sci,3.79,33,8,13,6,4,1,1,0,0,0,0
2026 Spring,EGMT,1540,Ethical Engagement,044515,"Mullins,Ian",120,19762,College & Graduate Arts & Sci,4.00,34,3,31,0,0,0,0,0,0,0,0
2026 Spring,ENGR,1020,Engineering Foundations 2,046986,"Mcalister,Anne",015,17244,Engineering & Applied Science,3.66,40,0,22,6,5,5,0,2,0,0,0
2026 Spring,MATH,3350,Applied Linear Algebra,042858,"James,Daniel",001,11346,College & Graduate Arts & Sci,3.24,33,2,7,10,1,5,2,2,2,1,1
2026 Spring,LAW,6006,Property,021565,"Konnoth,Craig",EG,17848,School of Law,3.34,62,0,6,14,29,11,1,0,0,0,1
2026 Spring,EGMT,1540,Ethical Engagement,044515,"Milov,Sarah",223,19790,College & Graduate Arts & Sci,3.94,34,0,29,4,1,0,0,0,0,0,0
2026 Spring,ENGR,1020,Engineering Foundations 2,046986,"Goldschneider,Benjamin",007,17236,Engineering & Applied Science,3.91,37,0,29,6,2,0,0,0,0,0,0
2026 Spring,ENGR,1020,Engineering Foundations 2,046986,"Starling,Anna Leyf",016,17245,Engineering & Applied Science,3.88,38,0,31,4,1,0,2,0,0,0,0
2026 Spring,WGS,3125,Transnational Feminism,040835,"Basu,Srimati",001,12333,College & Graduate Arts & Sci,3.44,25,0,10,6,2,4,0,1,1,0,1
2026 Spring,ISSS,3070,Perspectives on Int'l Studies,040289,"Datta,Vanita",101,20790,Continuing & Prof Studies,3.55,11,0,5,3,0,1,1,1,0,0,0
2026 Spring,DRAM,3559,New Course: DRAM,038629,"Brown,AB",001,20035,College & Graduate Arts & Sci,3.62,14,2,5,4,1,0,0,2,0,0,0
2026 Spring,BME,6315,Systems Bioengineering,046242,"Allen,Timothy",001,17622,Engineering & Applied Science,3.45,6,1,2,1,1,0,0,0,0,1,0
2026 Spring,PLAN,6500,Special Topics in Planning,039131,"Wilson,Barbara",001,19280,School of Architecture,4.00,6,3,3,0,0,0,0,0,0,0,0
2026 Spring,EGMT,1540,Ethical Engagement,044515,"Edwards,Brandon",110,19752,College & Graduate Arts & Sci,3.96,35,0,30,5,0,0,0,0,0,0,0
2026 Spring,LPPP,5500,Short Course Topics,042124,"Sturm,Russell",012,21802,Batten Leadership & Public Pol,3.46,5,0,1,1,2,1,0,0,0,0,0
2026 Spring,RUSS,2020,Second-Year Russian,034638,"Nikolova,Mira",002,10689,College & Graduate Arts & Sci,3.48,11,0,4,1,2,4,0,0,0,0,0
2026 Spring,BIOL,4070,Developmental Biology Lab,003594,"Keller,Raymond",002,21139,College & Graduate Arts & Sci,3.87,14,0,8,6,0,0,0,0,0,0,0
2026 Spring,ENWR,1510,Writing and Critical Inquiry,013432,"Kim,Seonah",017,10798,College & Graduate Arts & Sci,3.82,17,7,5,1,4,0,0,0,0,0,0
2026 Spring,RELC,3447,History of Christian Ethics,039950,"Hawthorne,Laura",001,19504,College & Graduate Arts & Sci,3.84,23,0,15,5,3,0,0,0,0,0,0
2026 Spring,RELC,2360,Elements of Christian Thought,033965,"Jones,Paul",100,19506,College & Graduate Arts & Sci,3.58,111,0,49,37,11,5,1,4,0,1,3
2026 Spring,EGMT,1530,Engaging Differences,044514,"Abdelghaffar,Alaa",110,19694,College & Graduate Arts & Sci,3.99,34,19,14,1,0,0,0,0,0,0,0
2026 Spring,PSPM,5290,Agile Project Management,043656,"Zucker,Alan",701,20582,Continuing & Prof Studies,3.54,21,1,6,6,5,1,1,0,1,0,0
2026 Spring,RELC,1210,Hebrew Bible/Old Testament,033952,"Halvorson-Taylor,Martien",100,12403,College & Graduate Arts & Sci,3.20,32,0,5,10,6,3,3,1,1,2,1
2026 Spring,ARTH,3591,Art History Colloquium,042072,"Robbins,Christa",001,12621,College & Graduate Arts & Sci,3.82,13,0,10,2,0,0,0,1,0,0,0
2026 Spring,STS,2600,Engineering Ethics,046988,"Guillen,Sergio",008,17253,Engineering & Applied Science,3.80,22,0,15,3,3,0,1,0,0,0,0
2026 Spring,CS,1112,Introduction to Programming,007058,"Basit,Nada",001,17256,Engineering & Applied Science,3.93,89,38,41,6,0,2,2,0,0,0,0
2026 Spring,DS,7600,Human-Centered Design,048199,"Yildirim,Nur",001,20099,School of Data Science,3.64,22,6,5,3,3,5,0,0,0,0,0
2026 Spring,LAW,6103,Corporations,021636,"Kordana,Kevin",1,17842,School of Law,3.54,101,3,10,45,33,8,2,0,0,0,0
2026 Spring,MUSI,3307,Play Guitar! Level 2,046568,"Rosensky,Michael",001,12484,College & Graduate Arts & Sci,3.77,20,0,13,3,1,3,0,0,0,0,0
2026 Spring,LAW,9324,"Law, Inequality & Educ Reform",045618,"Robinson,Kimberly",1,19132,School of Law,3.56,16,0,2,7,7,0,0,0,0,0,0
2026 Spring,CJ,5610,Constitutional Law & Policing,039972,"Chechak,Kevin",A1,21382,Continuing & Prof Studies,3.92,19,2,12,5,0,0,0,0,0,0,0
2026 Spring,ENGL,2572,Black Writers in America,012507,"Woolfork,Lisa",001,20233,College & Graduate Arts & Sci,3.73,20,0,12,5,0,2,0,0,1,0,0
2026 Spring,PSYC,2005,Rsch Methods & Data Analysis I,032539,"Clerkin,Elise",001,10669,College & Graduate Arts & Sci,3.60,187,19,91,19,21,12,11,9,2,2,1
2026 Spring,PHYS,8640,Modern Field Theory,030959,"Arnold,Peter",001,11632,College & Graduate Arts & Sci,3.93,12,2,7,3,0,0,0,0,0,0,0
2026 Spring,STS,2600,Engineering Ethics,046988,"Seabrook,Bryn",002,17247,Engineering & Applied Science,3.84,29,0,26,2,0,0,0,0,0,0,1
2026 Spring,CHEM,1421,Intro College Chemistry II Lab,005994,"Morkowchuk,Lisa",002,10892,College & Graduate Arts & Sci,3.86,22,11,4,6,0,0,1,0,0,0,0
2026 Spring,ANTH,2280,Medical Anthropology,000655,"Jernigan,Kasey",200,20080,College & Graduate Arts & Sci,3.91,59,1,55,0,2,0,0,0,0,0,1
2026 Spring,ARCH,5384,Art of the Moving Creature,048282,"Goldman,Melissa",001,19573,School of Architecture,3.81,14,7,4,0,1,2,0,0,0,0,0
2026 Spring,PLIR,4380,America in a World Economy,031833,"Leblang,David",001,20434,College & Graduate Arts & Sci,3.92,15,5,6,4,0,0,0,0,0,0,0
2026 Spring,CS,4501,Spec Top: Computer Science,006942,"Qian,Kun",002,16820,Engineering & Applied Science,3.88,25,1,15,8,1,0,0,0,0,0,0
2026 Spring,KINE,4600,Athletic Injuries,009160,"Saliba,Susan",001,15435,School of Education and HumanDev,3.75,34,6,14,9,3,0,0,1,1,0,0
2026 Spring,PLAC,5860,Green Infrastructure: Sites,031149,"Firehock,Karen",001,10036,School of Architecture,3.89,20,8,6,5,1,0,0,0,0,0,0
2026 Spring,MATH,3100,Introduction to Probability,023058,"Turner,Joshua",001,11296,College & Graduate Arts & Sci,3.79,37,17,14,1,2,1,0,0,1,0,1
2026 Spring,COMM,4230,Fintech: Info Tech in Finance,006501,"Grazioli,Stefano",001,14640,McIntire School of Commerce,3.66,35,0,21,5,5,0,2,0,1,1,0
2026 Spring,SYS,6582,Selected Topics in Sys Engr,036979,"Burkett,Matthew",700,21482,Engineering & Applied Science,3.94,10,1,7,2,0,0,0,0,0,0,0
2026 Spring,EDHS,3130,The Psychology of Trauma,046200,"Yoder,Matthew",001,15689,School of Education and HumanDev,3.76,54,1,32,11,4,4,2,0,0,0,0
2026 Spring,EGMT,1530,Engaging Differences,044514,"Morse,Robyn",223,19731,College & Graduate Arts & Sci,3.84,32,0,26,2,2,1,0,0,1,0,0
2026 Spring,PSYC,2700,Intro to Child Psychology,032516,"Robertson,Zoe",002,19936,College & Graduate Arts & Sci,3.39,329,0,107,63,53,50,26,14,9,3,4
2026 Spring,GSSJ,4991,Capstone Seminar,043545,"Furia,Peter",002,20824,College & Graduate Arts & Sci,3.83,13,0,7,5,1,0,0,0,0,0,0
2026 Spring,CJ,5670,Terrorism/CT for LE Leaders,042371,"Bryant,James Kenneth",A1,21428,Continuing & Prof Studies,3.96,24,18,3,3,0,0,0,0,0,0,0
2026 Spring,ENWR,1510,Writing and Critical Inquiry,013432,"Shaman,Cory",028,11237,College & Graduate Arts & Sci,3.85,18,0,14,1,2,1,0,0,0,0,0
2026 Spring,ECON,3030,Money and Banking,007910,"Doyle,Carter",100,11300,College & Graduate Arts & Sci,3.28,195,0,42,60,25,28,17,7,2,8,6
2026 Spring,BIOL,8410,"Little Cells, Big Data",048281,"Worley,Melanie",001,19555,College & Graduate Arts & Sci,3.97,9,4,4,1,0,0,0,0,0,0,0
2026 Spring,SEC,3010,Securing the Cyber World,045340,"Spencer,Jennie",701,20583,Continuing & Prof Studies,3.29,17,1,13,0,0,0,0,0,0,0,3
2026 Spring,PSYC,2005,Rsch Methods & Data Analysis I,032539,"Shuman,Eric",002,19933,College & Graduate Arts & Sci,3.74,188,27,95,33,8,12,7,2,2,1,1
2026 Spring,CHE,4456,Bioproduct & Bioprocess Eng,044954,"Okita,Blair",001,16813,Engineering & Applied Science,3.95,13,1,10,2,0,0,0,0,0,0,0
2026 Spring,CJ,5290,Emotional Intelligence,041302,"Coleman,Marian Elizabeth",A2,21380,Continuing & Prof Studies,3.99,30,7,22,1,0,0,0,0,0,0,0
2026 Spring,PLAN,2020,Planning Design,031270,"Guerra,Vanessa",001,10035,School of Architecture,3.78,19,0,8,9,2,0,0,0,0,0,0
2026 Spring,KINE,2200,Motor Development,009121,"Block,Martin",001,15440,School of Education and HumanDev,3.91,208,149,40,8,3,2,2,3,0,0,1
2026 Spring,PHYS,2040,Princip of Physics 2 Workshop,030812,"Bychkov,Maksim",028,20962,College & Graduate Arts & Sci,3.96,25,13,10,1,1,0,0,0,0,0,0
2026 Spring,ENGR,1020,Engineering Foundations 2,046986,"Dufalla,Nicole",003,17232,Engineering & Applied Science,3.93,38,0,35,1,1,0,0,1,0,0,0
2026 Spring,STS,4600,Engr Ethcs Prof Responsibility,036750,"Wayland,Kent",026,21147,Engineering & Applied Science,3.64,29,0,17,6,0,3,2,0,0,0,1
2026 Spring,ENWR,1510,Writing and Critical Inquiry,013432,"Casteen,John",011,21144,College & Graduate Arts & Sci,3.54,16,0,4,5,4,3,0,0,0,0,0
2026 Spring,LAW,7769,Evolv AI Govrn Landscape (SC),044673,"Robertson,Thomas",1,18038,School of Law,3.43,10,0,2,2,3,3,0,0,0,0,0
2026 Spring,COMM,2006,Found.of Mngrl Decision-Making,048088,"Heng,Yu Tse",010,21020,McIntire School of Commerce,3.48,33,1,5,8,14,5,0,0,0,0,0
2026 Spring,COMM,2002,Foundations of Finance,048084,"Gamrat,Gretchen",003,20984,McIntire School of Commerce,3.17,43,0,12,8,6,4,4,2,2,3,2
2026 Spring,FREN,4744,Occupation and After,043428,"Blatt,Ari",001,19298,College & Graduate Arts & Sci,3.94,20,0,16,4,0,0,0,0,0,0,0
2026 Spring,LAW,9093,State Attorneys General,022249,"Herring,Mark",1,19133,School of Law,3.52,19,0,2,7,10,0,0,0,0,0,0
2026 Spring,PLIR,7500,Special Topics,039955,"Ruggiero,Joseph",001,20019,College & Graduate Arts & Sci,3.50,6,0,1,2,2,1,0,0,0,0,0
2026 Spring,DANC,3230,Jazz Dance II,007230,"Hopkins,Demetia",001,20020,College & Graduate Arts & Sci,3.90,12,0,8,4,0,0,0,0,0,0,0
2026 Spring,PSPM,5210,Project Risk Management,029797,"Powers,Michael",701,20580,Continuing & Prof Studies,3.76,20,0,13,4,0,1,2,0,0,0,0
2026 Spring,LASE,3602,Catalyst Capstone,047063,"Gleek,Charlie",001,13063,College & Graduate Arts & Sci,3.52,27,1,16,5,2,0,0,0,1,0,2
2026 Spring,EDLF,5430,Counseling Student Athletes,048305,"Axson-Lawrence,Dashan",500,20492,School of Education and HumanDev,3.31,31,0,19,6,0,0,1,0,0,1,4
2026 Spring,LAW,9042,Corp Social Responsibility Sem,040105,"Butler,Jay",1,18070,School of Law,3.39,16,0,2,4,6,3,1,0,0,0,0
2026 Spring,MISC,1020,Leadership & the Prof. of Arms,024241,"Zaradich,Stephen",002,21463,Executive VP & Provost,3.91,11,1,8,1,1,0,0,0,0,0,0
2026 Spring,LAW,7024,Banking & Financial Institutns,040097,"Kitch,Edmund",1,17993,School of Law,3.43,6,1,1,0,1,3,0,0,0,0,0
2026 Spring,COMM,2006,Found.of Mngrl Decision-Making,048088,"Heng,Yu Tse",011,21021,McIntire School of Commerce,3.52,33,4,5,10,8,2,4,0,0,0,0
2026 Spring,PHYS,2040,Princip of Physics 2 Workshop,030812,"Bychkov,Maksim",017,13275,College & Graduate Arts & Sci,3.94,25,11,11,2,0,1,0,0,0,0,0
2026 Spring,BME,3040,Reg & Design of Biomed Prods,047038,"Chen,David",001,20846,Engineering & Applied Science,3.94,11,3,7,0,1,0,0,0,0,0,0
2026 Spring,PLCP,4280,Nation-Building,048011,"Waldner,David",001,20429,College & Graduate Arts & Sci,3.75,13,0,6,4,3,0,0,0,0,0,0
2026 Spring,ECE,3251,Electromag Energy Convers Lab,041834,"Barnes,Adam",002,16790,Engineering & Applied Science,3.89,14,4,5,5,0,0,0,0,0,0,0
2026 Spring,MAE,2040,Computer Aided Design,046331,"Dart,Dwight",001,17275,Engineering & Applied Science,3.73,134,51,60,7,3,2,1,1,2,2,5
2026 Spring,CS,6501,Spec Top: Computer Science,006981,"Skadron,Kevin",004,17104,Engineering & Applied Science,3.96,17,5,10,2,0,0,0,0,0,0,0
2026 Spring,KOR,1020,Elementary Korean II,020865,"CHOI,YOON HWA",001,11623,College & Graduate Arts & Sci,3.72,15,3,5,4,1,1,1,0,0,0,0
2026 Spring,PHYS,2040,Princip of Physics 2 Workshop,030812,"Bychkov,Maksim",030,20964,College & Graduate Arts & Sci,3.96,14,5,7,2,0,0,0,0,0,0,0
2026 Spring,COMM,2005,Found. of Management Comm.,048087,"Pentz,Marcia",007,21004,McIntire School of Commerce,3.48,33,0,4,11,15,2,1,0,0,0,0
2026 Spring,SPAN,3300,Texts and Interpretation,035904,"Opere,Alicia Lopez",003,11294,College & Graduate Arts & Sci,3.90,16,2,10,3,1,0,0,0,0,0,0
2026 Spring,FREN,3040,Introduction to French Studies,048074,"Bellal,Katia",001,19193,College & Graduate Arts & Sci,3.97,18,3,13,2,0,0,0,0,0,0,0
2026 Spring,BIOL,4014,Cell Origin-Animal Diversity,046553,"Pani,Ariel",001,13980,College & Graduate Arts & Sci,3.87,40,7,23,5,4,1,0,0,0,0,0
2026 Spring,LAW,7634,Mediation Law and Pract (SC),040066,"Urbanski,Michael",1,18037,School of Law,3.55,14,0,3,5,4,2,0,0,0,0,0
2026 Spring,COMM,2006,Found.of Mngrl Decision-Making,048088,"Lehman,David",007,21017,McIntire School of Commerce,3.52,33,4,4,11,9,3,0,2,0,0,0
2026 Spring,MATH,1140,Financial Mathematics,022937,"Wu,Aoran",004,19990,College & Graduate Arts & Sci,3.45,36,2,12,6,8,2,2,2,1,1,0
2026 Spring,ENGR,1020,Engineering Foundations 2,046986,"Williams,Shaylin",005,17234,Engineering & Applied Science,3.97,35,0,33,1,1,0,0,0,0,0,0
2026 Spring,DS,3026,Inference and Prediction,047153,"Afriyie,Prince",001,18923,School of Data Science,3.82,44,5,17,20,1,0,1,0,0,0,0
2026 Spring,COMM,2004,QA for Bus. Decision-Making,048086,"Johnson,Reeves",001,20991,McIntire School of Commerce,3.38,70,0,9,19,23,14,3,1,1,0,0
2026 Spring,APMA,3110,Applied Stats & Probability,001153,"Ma,Hui",005,17597,Engineering & Applied Science,3.48,41,2,14,8,7,4,3,1,1,1,0
2026 Spring,PSCJ,5340,Negotiation and Collaboration,032187,"Alvarez,Micole Coronado",MS04,21747,Continuing & Prof Studies,3.89,28,0,18,10,0,0,0,0,0,0,0
2026 Spring,CS,4501,Spec Top: Computer Science,006942,"Stone,Derrick",001,20990,Engineering & Applied Science,3.87,48,14,27,1,1,4,1,0,0,0,0
2026 Spring,LAW,7188,Privacy,045988,"Citron,Danielle",1,17880,School of Law,3.54,75,8,13,16,24,9,5,0,0,0,0
2026 Spring,IT,3410,Intro to Python & Software Dev,046648,"Mujeye,Douglas",701,20597,Continuing & Prof Studies,3.23,12,4,3,2,1,0,0,0,0,0,2
2026 Spring,EDIS,3060,Poverty and the Young Child,045749,"Blackman,Nadiah",501,15835,School of Education and HumanDev,3.67,23,3,15,1,0,1,1,0,1,0,1
2026 Spring,COMM,2006,Found.of Mngrl Decision-Making,048088,"Lehman,David",006,21016,McIntire School of Commerce,3.49,33,1,4,12,10,5,1,0,0,0,0
2026 Spring,MAE,6592,Spec Topcs in Mech & Aero Engr,022685,"Ma,Lin",007,21137,Engineering & Applied Science,3.72,6,0,3,1,2,0,0,0,0,0,0
2026 Spring,CS,4710,Artificial Intelligence,006916,"Kuo,Yen-Ling",002,17267,Engineering & Applied Science,3.62,76,8,32,12,11,7,3,1,0,1,1
2026 Spring,LAW,6104,Evidence,021648,"Barzun,Charles",1,17823,School of Law,3.49,51,0,7,18,20,4,2,0,0,0,0
2026 Spring,PLAN,3860,Cities and Nature,042846,"Beatley,Timothy",001,21288,School of Architecture,3.75,29,0,14,9,5,1,0,0,0,0,0
2026 Spring,ANTH,3915,Med Anth Research Practicum,048351,"Mulligan,Jessica",001,20880,College & Graduate Arts & Sci,3.98,13,3,9,1,0,0,0,0,0,0,0
2026 Spring,CS,4750,Database Systems,006934,"White,Tonya L.",501,19438,Engineering & Applied Science,3.68,12,1,5,1,5,0,0,0,0,0,0
2026 Spring,KOR,2020,Intermediate Korean II,020867,"Han,Rosa",002,11624,College & Graduate Arts & Sci,3.32,15,1,3,3,2,3,2,0,0,1,0
2026 Spring,ENWR,1510,Writing and Critical Inquiry,013432,"Adams,Hodges",031,11485,College & Graduate Arts & Sci,3.91,18,4,10,3,1,0,0,0,0,0,0
2026 Spring,SLFK,2120,Russian Folklore,035180,"Stepanic,Stanley",001,20001,College & Graduate Arts & Sci,3.74,58,2,40,6,2,4,1,0,2,1,0
2026 Spring,MSP,3501,Exploring the Middle Ages,024481,"McGrady,Deborah",001,13981,College & Graduate Arts & Sci,3.86,24,0,19,1,3,1,0,0,0,0,0
2026 Spring,ANTH,1010,Introduction to Anthropology,000600,"Farmer,Tessa",002,13773,College & Graduate Arts & Sci,3.46,85,0,30,28,7,7,2,4,5,0,2
2026 Spring,LAW,9081,Trial Advocacy,022023,"Morrison,Alexia",2,17900,School of Law,3.62,10,0,0,8,2,0,0,0,0,0,0
2026 Spring,LAW,8655,Estate Planning: Princ & Prac,022045,"Murphy,Stephen",1,17853,School of Law,3.51,15,0,3,5,5,1,1,0,0,0,0
2026 Spring,ARTH,2745,African American Art,042038,"Robbins,Christa",001,20811,College & Graduate Arts & Sci,3.97,29,3,25,0,0,1,0,0,0,0,0
2026 Spring,COMM,2005,Found. of Management Comm.,048087,"Allison,Kiera",001,20998,McIntire School of Commerce,3.57,34,1,5,17,7,3,0,1,0,0,0
2026 Spring,LAW,9053,Hallmks of Distinguished Advoc,021945,"Shadel,Molly",1,18071,School of Law,3.46,10,0,0,4,6,0,0,0,0,0,0
2026 Spring,BME,4380,Microbial BME,047031,"Papin,Jason",001,21047,Engineering & Applied Science,3.64,27,0,12,5,8,1,0,1,0,0,0
2026 Spring,LAW,8807,PT Externship: Directed Study,042592,"Ryan,A.",1,21474,School of Law,3.91,17,0,14,2,0,1,0,0,0,0,0
2026 Spring,PHYS,8220,Fundamentals of Photonics,030952,"Pfister,Olivier",001,21532,College & Graduate Arts & Sci,3.30,7,0,2,1,0,2,2,0,0,0,0
2026 Spring,LAW,8000,Advanced Legal Research,021685,"Boudouris,Kate",1,17830,School of Law,3.49,18,0,2,6,9,1,0,0,0,0,0
2026 Spring,CJ,5726,Crime Analysis: LE Executives,047943,"Boccaccio-Smith,Brytne Marie",A1,21420,Continuing & Prof Studies,3.98,13,5,7,1,0,0,0,0,0,0,0
2026 Spring,STS,4600,Engr Ethcs Prof Responsibility,036750,"Carrigan,Coleen",011,17143,Engineering & Applied Science,3.55,28,4,9,5,3,4,2,0,0,1,0
2026 Spring,LAW,6006,Property,021565,"Hynes,Richard",AH,17828,School of Law,3.40,60,0,6,15,25,14,0,0,0,0,0
2026 Spring,APMA,2130,Ordinary Differentl Equations,001145,"Spencer,Julie",005,17113,Engineering & Applied Science,2.83,45,2,5,8,7,7,2,0,4,4,6
2026 Spring,ECE,4660,Analog Integrated Circuits,007698,"Barker,N.",001,20701,Engineering & Applied Science,3.23,15,2,5,1,0,4,1,0,1,0,1
2026 Spring,ISIN,4520,Sp Tps Conduct Inquiry: HU,043256,"May,Julia",101,20520,Continuing & Prof Studies,3.57,24,0,7,7,6,4,0,0,0,0,0
2026 Spring,CJ,3720,Contemp Issues in Police Media,006195,"Jones,Stephen D",A1,21365,Continuing & Prof Studies,4.00,19,2,17,0,0,0,0,0,0,0,0
2026 Spring,ECE,6501,Topics: Elect & Computer Engr,007731,"Fletcher,Tom",002,19628,Engineering & Applied Science,3.67,18,10,5,0,1,0,1,0,0,0,1
2026 Spring,EDHS,3055,Prevention of Youth Violence,043203,"Bradshaw,Catherine",001,15464,School of Education and HumanDev,3.56,19,4,6,3,2,2,1,0,0,0,1
2026 Spring,CE,4050,Risk Analysis,046729,"Lambert,James",001,17150,Engineering & Applied Science,3.42,11,0,1,6,0,2,2,0,0,0,0
2026 Spring,AMST,3280,Intro to Native Studies,046072,"Jernigan,Kasey",001,19881,College & Graduate Arts & Sci,3.91,14,2,9,2,1,0,0,0,0,0,0
2026 Spring,COMM,2005,Found. of Management Comm.,048087,"Patterson,Robert",012,21009,McIntire School of Commerce,3.41,29,0,0,11,14,4,0,0,0,0,0
2026 Spring,STAT,3280,Data Visual and Management,045458,"Ross,Richard",002,12859,College & Graduate Arts & Sci,3.48,42,0,27,2,0,6,1,0,4,0,2
2026 Spring,AIRS,3200,Air Force Leadership & Mgmt,000295,"New,Austin",001,18827,Executive VP & Provost,3.95,11,0,9,2,0,0,0,0,0,0,0
2026 Spring,COMM,2003,Found. of Information Systems,048085,"Kerpelman,Adam",004,20988,McIntire School of Commerce,3.56,68,0,11,31,20,5,1,0,0,0,0
2026 Spring,AAS,2500,Topics in Africana Studies,046413,"Gaines,Alisha",001,12479,College & Graduate Arts & Sci,3.71,18,0,16,0,0,0,0,0,0,1,1
2026 Spring,LAW,9277,Conservation Planning and Law,044342,"Szeptycki,Leon",1,17874,School of Law,3.60,12,0,0,9,3,0,0,0,0,0,0
2026 Spring,LAW,8010,Patent Law,021689,"Duffy,John",1,17875,School of Law,3.53,20,0,3,9,4,4,0,0,0,0,0
2026 Spring,MATH,4652,Intro to Abstract Algebra,023152,"Abramenko,Peter",001,11545,College & Graduate Arts & Sci,3.17,12,0,2,2,2,2,2,2,0,0,0
2026 Spring,ITTR,2710,Italian Cultural History,041023,"White,Tonya L.",501,19441,College & Graduate Arts & Sci,4.00,13,9,4,0,0,0,0,0,0,0,0
2026 Spring,LAW,8000,Advanced Legal Research,021685,"Doherty,Benjamin",2,17991,School of Law,3.62,17,0,5,5,7,0,0,0,0,0,0
2026 Spring,COMM,2005,Found. of Management Comm.,048087,"Du,Yuxiang",004,21001,McIntire School of Commerce,3.50,35,0,6,11,13,5,0,0,0,0,0
2026 Spring,PHIL,3330,Philosophy of Mind,030130,"Irving,Zachary",001,13152,College & Graduate Arts & Sci,3.62,24,1,6,9,5,3,0,0,0,0,0
2026 Spring,LAW,9126,The Business of Sport,048206,"Whitaker,Mark",1,18968,School of Law,3.43,16,0,1,5,8,2,0,0,0,0,0
2026 Spring,NUIP,2311,Intro to Professional Practice,045254,"Sherwood,Paula",002,18696,School of Nursing,3.97,32,8,23,0,0,1,0,0,0,0,0
2026 Spring,DS,2003,Communicating with Data,046060,"Yildirim,Nur",001,15247,School of Data Science,3.87,29,0,21,5,2,1,0,0,0,0,0
2026 Spring,EDLF,3150,Intro Chld Growth & Developmnt,009660,"Jirout,Jamie",002,15576,School of Education and HumanDev,3.95,30,0,27,2,0,1,0,0,0,0,0
2026 Spring,EDIS,6990,Professional Capstone,046123,"Paulick,Judith",001,15697,School of Education and HumanDev,3.71,14,7,6,0,0,0,0,0,0,0,1
2026 Spring,RELG,2300,Religious Ethics & Moral Probs,034161,"Mathewes,Charles",100,19794,College & Graduate Arts & Sci,3.46,40,3,12,4,10,8,1,0,2,0,0
2026 Spring,DRAM,3070,African-American Theatre,007249,"Davis,Theresa",001,20972,College & Graduate Arts & Sci,3.42,20,0,7,1,7,3,1,0,1,0,0
2026 Spring,COMM,2006,Found.of Mngrl Decision-Making,048088,"Lehman,David",008,21018,McIntire School of Commerce,3.37,32,0,0,7,23,2,0,0,0,0,0
2026 Spring,PSYC,2600,Intro to Social Psychology,032521,"MacCormack,Jennifer",002,11520,College & Graduate Arts & Sci,3.94,402,128,213,50,6,4,0,1,0,0,0
2026 Spring,LAW,7126,"Behavrl Science, Psych & Law",042764,"Spellman,Barbara",1,19038,School of Law,3.44,44,0,7,15,10,9,2,1,0,0,0
2026 Spring,LAW,7201,Spanish for Lawyers,046396,"Starbranch,Madeline",1,19044,School of Law,3.56,11,0,0,8,2,1,0,0,0,0,0
2026 Spring,COMM,2002,Foundations of Finance,048084,"Gamrat,Gretchen",001,20982,McIntire School of Commerce,3.03,42,0,6,6,14,1,2,6,2,5,0
2026 Spring,LAW,7014,Conflict of Laws,021767,"Collins,Michael",1,18053,School of Law,3.62,82,0,17,40,20,5,0,0,0,0,0
2026 Spring,ENCW,3610,Intermediate Fiction Writing,013477,"Moffett,Kevin",003,20768,College & Graduate Arts & Sci,3.90,13,4,7,1,0,1,0,0,0,0,0
2026 Spring,PLCP,4150,Comparative Public Policy,031703,"Schoppa,Len",001,20427,College & Graduate Arts & Sci,3.79,14,3,5,4,1,1,0,0,0,0,0
2026 Spring,PSPM,5030,Intro to Project Mgmt,029786,"Kropp,Edward",701,20578,Continuing & Prof Studies,3.66,18,1,10,5,1,0,0,0,0,0,1
2026 Spring,CHEM,1421,Intro College Chemistry II Lab,005994,"Morkowchuk,Lisa",038,13279,College & Graduate Arts & Sci,3.85,24,12,5,5,1,0,1,0,0,0,0
2026 Spring,MATH,2310,Calculus III,023024,"Tikhonov,Mikhail",400,20163,College & Graduate Arts & Sci,3.08,26,2,2,7,3,5,1,2,3,0,1
2026 Spring,COMM,3559,New Course: COMM,041922,"Williams,Carla",001,21094,McIntire School of Commerce,3.66,42,1,13,19,6,1,1,0,1,0,0
2026 Spring,EGMT,1540,Ethical Engagement,044515,"Achintya,T.C.A",105,19747,College & Graduate Arts & Sci,3.92,35,3,25,5,2,0,0,0,0,0,0
2026 Spring,PLCP,3500,Topics in Comp Politics,041289,"Solomon,Sophia",200,21136,College & Graduate Arts & Sci,3.78,81,0,35,38,5,2,1,0,0,0,0
2026 Spring,ANTH,3275,Anthropology of Corporation,045907,"Bashkow,Ira",001,20090,College & Graduate Arts & Sci,3.80,24,4,16,3,0,0,0,0,0,0,1
2026 Spring,HIAF,4260,Medicine and Health in Africa,048328,"Fleur,James La",001,20845,College & Graduate Arts & Sci,3.91,20,4,11,4,1,0,0,0,0,0,0
2026 Spring,ECE,3780,Foundations of Data Analysis,048285,"Zhang,Miaomiao",001,19829,Engineering & Applied Science,3.81,19,4,9,3,2,0,1,0,0,0,0
2026 Spring,DS,4024,Value II: Explainable AI,047323,"Faruqe,Farhana",001,18924,School of Data Science,3.90,47,0,38,6,2,0,1,0,0,0,0
2026 Spring,DS,6002,Ethics of Big Data I,043459,"Cummings,Renee",003,18935,School of Data Science,3.98,43,19,21,3,0,0,0,0,0,0,0
2026 Spring,LAW,8026,Taking Effective Depositions,043842,"Sajadi,Susan",1,18010,School of Law,3.58,16,0,0,11,5,0,0,0,0,0,0
2026 Spring,RELB,2067,Buddhism and Environment,046923,"Heller,Natasha",001,19486,College & Graduate Arts & Sci,3.92,13,0,11,1,1,0,0,0,0,0,0
2026 Spring,COMM,2006,Found.of Mngrl Decision-Making,048088,"Heng,Yu Tse",009,21019,McIntire School of Commerce,3.38,33,0,3,12,6,11,0,1,0,0,0
2026 Spring,CHEM,1421,Intro College Chemistry II Lab,005994,"Morkowchuk,Lisa",023,10911,College & Graduate Arts & Sci,3.91,23,12,7,2,2,0,0,0,0,0,0
2026 Spring,COMM,2006,Found.of Mngrl Decision-Making,048088,"Lehman,David",003,21013,McIntire School of Commerce,3.45,37,3,5,8,11,9,1,0,0,0,0
2026 Spring,ASL,3559,New Course: ASL,038554,"Marie,Aron",001,19935,College & Graduate Arts & Sci,3.93,18,7,7,4,0,0,0,0,0,0,0
2026 Spring,MSE,4592,Spec Tops: Materials Science,037755,"Fitz-Gerald,James",002,17119,Engineering & Applied Science,4.00,11,3,8,0,0,0,0,0,0,0,0
2026 Spring,PLAN,5500,Special Topics in Planning,031328,"Beatley,Timothy",002,21290,School of Architecture,3.82,9,0,5,3,1,0,0,0,0,0,0
2026 Spring,COMM,2004,QA for Bus. Decision-Making,048086,"Johnson,Reeves",002,20992,McIntire School of Commerce,3.45,68,0,12,20,18,15,3,0,0,0,0
2026 Spring,ENTP,1010,Intro to Entrepreneurship,043881,"Etienne,Bevin",002,14662,McIntire School of Commerce,3.80,47,0,25,18,2,0,2,0,0,0,0
2026 Spring,STAT,3080,From Data to Knowledge,040829,"Somal,Harsimran",003,19923,College & Graduate Arts & Sci,3.62,33,0,24,0,2,2,0,3,2,0,0
2026 Spring,COMM,2006,Found.of Mngrl Decision-Making,048088,"Lehman,David",001,21011,McIntire School of Commerce,3.48,34,0,4,13,11,6,0,0,0,0,0
2026 Spring,PHYS,2020,Principles of Physics 2,030810,"Sundararajan,Jency",004,12808,College & Graduate Arts & Sci,3.25,126,5,39,29,7,11,11,6,7,6,5
2026 Spring,GNUR,5390,Intro. to U.S. Healthcare,043722,"Mayes,Rick",001,18769,School of Nursing,3.91,30,0,25,3,1,1,0,0,0,0,0
2026 Spring,GNUR,9026,Health Policy & Finances,047392,"Smith,Shelly",001,18797,School of Nursing,3.98,110,0,104,6,0,0,0,0,0,0,0
2026 Spring,ARH,3403,World Contemporary Arch,042192,"Li,Shiqiao",001,19134,School of Architecture,3.69,87,1,35,28,16,7,0,0,0,0,0
2026 Spring,SYS,6581,Selected Topics in Sys Engr,036978,"Burkett,Matthew",700,21481,Engineering & Applied Science,3.44,10,0,2,3,1,4,0,0,0,0,0
2026 Spring,EDIS,6740,Diagnosis & Remediation II,009476,"Hauser,Lauren",500,15788,School of Education and HumanDev,3.95,12,0,10,2,0,0,0,0,0,0,0
2026 Spring,COMM,2002,Foundations of Finance,048084,"Gamrat,Gretchen",002,20983,McIntire School of Commerce,3.17,45,0,9,8,11,5,2,4,3,3,0
2026 Spring,EDIS,5270,Teaching Read & Write to ELs,043202,"Simkin,Carrie",500,15781,School of Education and HumanDev,3.95,13,0,11,2,0,0,0,0,0,0,0
2026 Spring,SPAN,4710,Latin Amer Cult & Civilization,035933,"Opere,Fernando",001,13983,College & Graduate Arts & Sci,3.77,15,0,5,9,1,0,0,0,0,0,0
2026 Spring,EDLF,3701,AI and the Future of Education,048374,"Atteberry,Allison",001,20954,School of Education and HumanDev,3.67,42,23,8,3,1,4,1,0,0,0,2
2026 Spring,ENWR,1510,Writing and Critical Inquiry,013432,"Eze,Tochi",055,12006,College & Graduate Arts & Sci,3.85,17,0,10,6,1,0,0,0,0,0,0
2026 Spring,PHIL,7560,Political Philosophy Topic,043310,"Motchoulski,Alexander",1,21272,College & Graduate Arts & Sci,3.76,8,0,3,4,1,0,0,0,0,0,0
2026 Spring,DS,6050,ML III: Deep Learning,046347,"Shakeri,Heman",003,18938,School of Data Science,3.81,74,44,21,1,3,2,0,0,0,0,3
2026 Spring,PSYC,3500,Special Topics in Psychology,040634,"Lillard,Angeline",001,19944,College & Graduate Arts & Sci,3.52,21,3,10,1,1,3,1,0,1,0,1
2026 Spring,CHE,4445,Fund Process Safety,046931,"Unnerstall,Ronald",001,17180,Engineering & Applied Science,3.91,24,4,14,5,1,0,0,0,0,0,0
2026 Spring,EDHS,2250,Stress and Anxiety Management,044538,"Knape,Erin",501,16077,School of Education and HumanDev,3.67,28,13,5,4,1,2,2,0,0,0,1
2026 Spring,ASL,2020,Intermed Amer Sign Language II,003002,"Propp,Gregory",003,11336,College & Graduate Arts & Sci,3.57,18,0,5,7,3,1,2,0,0,0,0
2026 Spring,HIEU,2041,Roman Republic and Empire,018391,"Lendon,Jon",100,11337,College & Graduate Arts & Sci,3.20,44,0,8,12,8,6,5,2,1,0,2
2026 Spring,LAW,7054,Pain and the Law,021828,"Abrokwa,Alice",1,18045,School of Law,3.49,19,0,2,8,7,1,1,0,0,0,0
2026 Spring,CE,2030,Mgmt of Eng & Construct Projct,046267,"Duran,Diana Franco",001,20109,Engineering & Applied Science,3.54,81,0,35,15,12,11,4,1,1,2,0
2026 Spring,DS,1002,Programming for Data Science,046058,"Dahshan,Mai",001,15248,School of Data Science,3.87,68,25,31,4,3,4,0,1,0,0,0
2026 Spring,ANTH,3330,Anthropology of Tourism,048350,"Benitez,Ernesto",001,20885,College & Graduate Arts & Sci,3.90,35,23,8,0,2,2,0,0,0,0,0
2026 Spring,LAW,7625,Intro to Negotiation (SC),021718,"Pruett,Amy",1,18084,School of Law,3.56,20,0,2,11,5,2,0,0,0,0,0
2026 Spring,PHYS,1655,Python for Scientists,046731,"Suarez,Cristina Mantilla",001,12810,College & Graduate Arts & Sci,3.74,28,6,12,6,1,0,2,0,0,1,0
2026 Spring,STS,4600,Engr Ethcs Prof Responsibility,036750,"Ripley,Karina",023,17116,Engineering & Applied Science,3.97,28,16,9,3,0,0,0,0,0,0,0
2026 Spring,MSE,2090,Intro to Materials Science,024402,"Cai,Liheng",003,17118,Engineering & Applied Science,3.45,22,0,8,5,6,1,1,0,0,0,1
2026 Spring,SPAN,4202,Spanish Social Dimension,035936,"Mendoza,Omar Velazquez",001,20394,College & Graduate Arts & Sci,3.98,12,3,8,1,0,0,0,0,0,0,0
2026 Spring,LAW,7067,National Security Law,021732,"Deeks,Ashley",1,19032,School of Law,3.50,70,3,11,15,33,7,1,0,0,0,0
2026 Spring,DS,6002,Ethics of Big Data I,043459,"Faruqe,Farhana",002,18934,School of Data Science,3.90,41,26,14,0,0,0,0,0,0,0,1
2026 Spring,LPPP,4991,Capstone Seminar,042163,"Keller,Keenan",008,21054,Batten Leadership & Public Pol,3.83,13,1,6,5,1,0,0,0,0,0,0
2026 Spring,COMM,4559,New Course: COMM,040853,"Gantchev,Nickolay",001,21026,McIntire School of Commerce,3.58,23,0,6,10,2,4,1,0,0,0,0
2026 Spring,COMM,4559,New Course: COMM,040853,"Gantchev,Nickolay",002,21027,McIntire School of Commerce,3.71,16,0,4,10,1,1,0,0,0,0,0
2026 Spring,GCOM,7510,Special Topics in Finance,043915,"Chen,Zhaohui",001,21029,McIntire School of Commerce,3.65,35,5,8,12,5,4,1,0,0,0,0
2026 Spring,ECON,4170,"Econ: Risk, Uncertainty & Info",039715,"Santugini,Marc",002,19352,College & Graduate Arts & Sci,3.74,36,8,17,3,3,4,0,0,0,1,0
2026 Spring,ECON,4220,Intr Finance & Macroeconomics,007962,"Wincoop,Eric Van",100,19359,College & Graduate Arts & Sci,3.39,75,5,20,8,16,17,4,3,1,0,1
2026 Spring,IT,3400,Database Mgmt & Bus Intelligen,042443,"Al-Ghandour,Majed",701,20601,Continuing & Prof Studies,3.93,12,0,9,3,0,0,0,0,0,0,0
2026 Spring,ALAR,8020,Research Studio 2,000310,"Mark,Earl",002,10056,School of Architecture,3.74,5,0,3,1,0,1,0,0,0,0,0
2026 Spring,ETP,2030,"Politics, Science, and Values",013694,"Nyelele,Charity",001,12391,College & Graduate Arts & Sci,3.60,40,0,11,21,4,3,0,0,0,0,1
2026 Spring,MUSI,1620,History of the Wind Band,024724,"Koch,Andrew",001,12475,College & Graduate Arts & Sci,3.98,29,0,27,2,0,0,0,0,0,0,0
2026 Spring,EGMT,1520,Empirical Engagement,044513,"Wrigley,Claire",217,19677,College & Graduate Arts & Sci,3.91,26,3,20,1,1,0,1,0,0,0,0
2026 Spring,DS,2002,Data Science Systems,046059,"Tupitza,Jon",001,15246,School of Data Science,3.84,33,15,10,3,2,3,0,0,0,0,0
2026 Spring,SPAN,2010,Intermediate Spanish,035853,"Soto,Filadelfia",009,13554,College & Graduate Arts & Sci,3.89,16,4,6,6,0,0,0,0,0,0,0
2026 Spring,CE,5700,Foundations Engineering,045189,"Burden,Lindsay",600,20146,Engineering & Applied Science,3.78,9,0,7,0,0,2,0,0,0,0,0
2026 Spring,ECE,4430,Real-time Embedded Systems,048395,"Alemzadeh,Homa",001,21431,Engineering & Applied Science,3.85,19,4,11,3,0,0,0,0,1,0,0
2026 Spring,LAW,8625,Supreme Crt Litigatn Clin (YR),040085,"Long,Robert",1,18082,School of Law,3.85,12,0,6,6,0,0,0,0,0,0,0
2026 Spring,LPPP,5500,Short Course Topics,042124,"Stroman,Deborah",009,10346,Batten Leadership & Public Pol,3.76,7,2,2,1,2,0,0,0,0,0,0
2026 Spring,DS,4002,Data Science Project,046061,"Rasero,Javier",001,15249,School of Data Science,3.97,49,0,47,1,0,1,0,0,0,0,0
2026 Spring,ECE,4103,Renewable Energy Conversion,045001,"Zebarjadi,Mona",001,16845,Engineering & Applied Science,3.70,11,2,4,3,1,0,0,1,0,0,0
2026 Spring,ENWR,3500,Topics in Advanced Wrtg & Rhet,044025,"Shaman,Cory",001,12695,College & Graduate Arts & Sci,3.84,16,4,8,2,1,0,1,0,0,0,0
2026 Spring,CE,2110,Environmental Engineering Lab,040525,"Culver,Teresa",002,16219,Engineering & Applied Science,3.87,20,6,8,4,2,0,0,0,0,0,0
2026 Spring,PSYC,4500,Spec Tops: Psychology,032600,"Golino,Hudson",007,19965,College & Graduate Arts & Sci,4.00,24,13,11,0,0,0,0,0,0,0,0
2026 Spring,EDLF,6050,Higher Education Policy,048375,"Pusser,Brian",001,20955,School of Education and HumanDev,3.41,27,0,11,7,5,1,1,0,0,0,2
2026 Spring,ENGL,3370,Restoration & 18th Cent Drama,011648,"Wall,Cynthia",001,20209,College & Graduate Arts & Sci,3.38,17,3,4,4,2,0,0,1,2,1,0
2026 Spring,LAW,7163,Legislation and Regulation,044706,"Johnston,Jason",1,18062,School of Law,3.46,25,0,2,10,8,5,0,0,0,0,0
2026 Spring,STS,4600,Engr Ethcs Prof Responsibility,036750,"Elliott,Travis",020,17141,Engineering & Applied Science,3.76,27,0,17,5,4,0,0,0,0,1,0
2026 Spring,ECE,2200,Applied Physics,046963,"Williams,Keith",002,17263,Engineering & Applied Science,3.78,75,4,45,17,4,3,0,0,0,1,1
2026 Spring,ECE,2410,Intro to Machine Learning,046964,"Hassanzadeh,Farzad",001,17264,Engineering & Applied Science,3.46,45,1,13,16,4,4,4,1,1,0,1
2026 Spring,CS,4710,Artificial Intelligence,006916,"Zeng,Zhe",001,17266,Engineering & Applied Science,3.64,51,2,14,21,9,4,0,1,0,0,0
2026 Spring,EDIS,5470,ESL Assess & Curriculum Design,009460,"Ford,Karen",501,20478,School of Education and HumanDev,3.89,18,0,14,3,0,1,0,0,0,0,0
2026 Spring,LAW,7829,Real Est Trans & Litig (SC),048148,"Arsali,Anthony",1,19052,School of Law,3.44,7,0,0,4,1,2,0,0,0,0,0
2026 Spring,LAW,7090,Regulatn of Political Process,040076,"Gilbert,Michael",1,18056,School of Law,3.51,78,1,15,22,29,9,1,1,0,0,0
2026 Spring,EGMT,1530,Engaging Differences,044514,"Hedstrom,Matthew",114,19698,College & Graduate Arts & Sci,3.84,34,0,27,4,0,1,1,0,1,0,0
2026 Spring,LAW,9263,Government Contract Law,044206,"Mullen,Kevin",1,18088,School of Law,3.44,16,0,2,5,5,4,0,0,0,0,0
2026 Spring,APMA,3140,App Partial Differentl Equatns,001155,"Morris,Diana",004,17596,Engineering & Applied Science,3.02,36,1,10,4,6,2,2,4,2,1,4
2026 Spring,SOC,4400,Sociology of Empires,046865,"Kumar,Krishan",001,20741,College & Graduate Arts & Sci,3.68,16,0,5,7,3,1,0,0,0,0,0
2026 Spring,LAW,7764,"Cncpts Polcng:Chall,&Appl (SC)",044343,"Waters,Ashley",1,18086,School of Law,3.50,11,0,0,7,3,0,1,0,0,0,0
2026 Spring,CHEM,2321,Org Lab II Non-Chem Maj/Min,043155,"Chruma,Jason",017,13377,College & Graduate Arts & Sci,3.87,31,2,21,7,0,0,0,0,1,0,0
2026 Spring,CHEM,2420,Organic Chemistry II,005699,"Serbulea,Laura L",600,11174,College & Graduate Arts & Sci,3.65,24,0,15,1,2,5,0,1,0,0,0
2026 Spring,PHYS,2720,Problem Solving,046321,"Baessler,Stefan",001,12805,College & Graduate Arts & Sci,3.84,50,13,23,7,3,4,0,0,0,0,0
2026 Spring,KOR,2559,New Course: KOR,038658,"Chung,Juyeon",001,21086,College & Graduate Arts & Sci,3.96,16,8,6,2,0,0,0,0,0,0,0
2026 Spring,HIST,7020,Twentieth Century World,045377,"Hitchcock,William",001,19464,College & Graduate Arts & Sci,3.95,13,0,11,2,0,0,0,0,0,0,0
2026 Spring,LAW,6102,Administrative Law,021597,"Harrison,John",2,17931,School of Law,3.55,16,1,3,3,8,1,0,0,0,0,0
2026 Spring,ALAR,8020,Research Studio 2,000310,"Li,Shiqiao",007,21399,School of Architecture,4.00,7,2,5,0,0,0,0,0,0,0,0
2026 Spring,DS,6030,"ML II: Data Mining, Stat Learn",046346,"Porter,Michael",002,18941,School of Data Science,3.93,46,0,41,2,2,1,0,0,0,0,0
2026 Spring,LAW,9077,Asian Amer and the Law,022002,"Le,Chinh",1,18040,School of Law,3.44,18,0,3,2,12,1,0,0,0,0,0
2026 Spring,ENWR,1510,Writing and Critical Inquiry,013432,"Swaim,Meredith",035,11620,College & Graduate Arts & Sci,3.62,18,0,10,4,1,0,1,1,1,0,0
2026 Spring,ARH,8702,Public Humanities,048250,"Nelson,Louis",001,19146,School of Architecture,3.95,6,2,3,1,0,0,0,0,0,0,0
2026 Spring,MEST,3282,The Ottoman Empire,047187,"Unlu,Baris",001,13282,College & Graduate Arts & Sci,3.89,12,3,8,0,0,0,1,0,0,0,0
2026 Spring,LAW,6001,Constitutional Law,021552,"Hellman,Deborah",CI,17820,School of Law,3.37,61,0,6,8,36,11,0,0,0,0,0
2026 Spring,EGMT,1520,Empirical Engagement,044513,"Reilly,Bridget",210,19670,College & Graduate Arts & Sci,3.75,35,18,11,0,1,2,0,1,1,1,0
2026 Spring,ANTH,3590,Social & Cultural Anthropology,041002,"Flood,David",002,21429,College & Graduate Arts & Sci,3.19,28,1,14,1,2,2,2,1,1,1,3
2026 Spring,STS,4600,Engr Ethcs Prof Responsibility,036750,"Laugelli,Benjamin",012,17564,Engineering & Applied Science,3.99,28,15,12,1,0,0,0,0,0,0,0
2026 Spring,LAW,9153,Law and Riots,041692,"Lorish,Lisa",1,18074,School of Law,3.51,15,0,2,5,7,1,0,0,0,0,0
2026 Spring,COMM,2006,Found.of Mngrl Decision-Making,048088,"Heng,Yu Tse",002,21012,McIntire School of Commerce,3.45,35,3,4,10,11,5,0,2,0,0,0
2026 Spring,BIOL,2200,Intro Bio w/Lab: Orgnsm & Evol,003471,"Manson,Jessamyn",001,10395,College & Graduate Arts & Sci,3.56,432,128,85,80,50,22,36,17,6,5,3
2026 Spring,MDST,3504,Topics in Global Media,042990,"Diehl,Chad",003,20970,College & Graduate Arts & Sci,3.66,23,5,8,5,1,1,1,2,0,0,0
2026 Spring,NUCO,4450,Population & Public Health Nsg,042287,"Whitlow,Malinda",001,18606,School of Nursing,3.94,20,1,15,4,0,0,0,0,0,0,0
2026 Spring,NUIP,4430,Intro Stats in Hlth Care Res,042514,"Hinton,Ivora",001,18607,School of Nursing,3.91,20,6,9,4,1,0,0,0,0,0,0
2026 Spring,LAW,7018,Criminal Adjudication,021637,"Bratt,Jay",1,19026,School of Law,3.55,57,0,10,22,21,3,1,0,0,0,0
2026 Spring,CJ,5720,Seminar in Managing LE Image,043266,"Pennybacker,Gail Lyn",A3,21398,Continuing & Prof Studies,4.00,20,17,3,0,0,0,0,0,0,0,0
2026 Spring,EDIS,5141,IEP & Transition,040533,"Quenneville,Jane",500,15777,School of Education and HumanDev,3.65,11,0,8,0,0,0,3,0,0,0,0
2026 Spring,EDIS,5428,ESL Methods PreK-12,045531,"Salerno,April",500,15786,School of Education and HumanDev,3.72,19,0,16,1,0,1,0,0,0,0,1
2026 Spring,CS,3130,Computer Systems and Org 2,046230,"Campbell,Brad",002,17466,Engineering & Applied Science,2.92,91,0,6,9,17,29,11,7,4,4,4
2026 Spring,AMST,3500,Topics in American Studies,046286,"Rizki,Cole",001,20129,College & Graduate Arts & Sci,3.67,15,0,10,1,2,1,0,0,0,1,0
2026 Spring,ANTH,3559,New Course: ANTH,038540,"Marie,Aron",001,20390,College & Graduate Arts & Sci,3.83,30,5,16,6,1,0,2,0,0,0,0
2026 Spring,SPAN,2020,Advanced Intermediate Spanish,035854,"Hogg,Jennifer",017,13557,College & Graduate Arts & Sci,3.82,17,0,8,8,1,0,0,0,0,0,0
2026 Spring,LAW,8006,Corporate Tax,021634,"Yale,Ethan",1,17871,School of Law,3.66,20,1,8,7,1,1,1,0,1,0,0
2026 Spring,PHIL,5580,Epistemology Topic,043346,"Secada,Jorge",001,21270,College & Graduate Arts & Sci,3.63,9,0,2,4,3,0,0,0,0,0,0
2026 Spring,CE,6015,Project Management,046363,"Pennetti,Cody",001,16993,Engineering & Applied Science,3.85,11,6,3,1,0,0,1,0,0,0,0
2026 Spring,EDIS,5134,Behav Observations & Analysis,045206,"Metras,Rachel",501,20475,School of Education and HumanDev,3.74,20,0,10,6,3,0,1,0,0,0,0
2026 Spring,ARTH,2151,Early Christian &Byzantine Art,002457,"Kondyli,Foteini",001,19243,College & Graduate Arts & Sci,3.95,48,7,38,2,0,0,0,0,1,0,0
2026 Spring,STAT,1100,Chance: Intro to Statistics,036650,"Zhang,Lei",005,19919,College & Graduate Arts & Sci,3.62,25,0,9,7,5,4,0,0,0,0,0
2026 Spring,ISLS,3000,Transformations: Liberal Arts,044252,"Matthews,Charlotte Hilary",FW01,21154,Continuing & Prof Studies,3.69,16,1,5,6,3,1,0,0,0,0,0
2026 Spring,LPPL,6050,Leadership in the Public Arena,040971,"Pennock,Andrew",100,10301,Batten Leadership & Public Pol,3.50,42,0,14,10,13,3,0,0,1,0,1
2026 Spring,PHYS,1425,Intro Physics 1 for Engineers,031032,"Liyanage,Nilanga",005,20118,College & Graduate Arts & Sci,3.43,123,2,36,27,23,21,5,4,3,1,1
2026 Spring,PLCP,3110,The Politics of Western Europe,031689,"Wellbeloved,Elizabeth A.",501,22175,College & Graduate Arts & Sci,3.96,29,9,16,4,0,0,0,0,0,0,0
2026 Spring,COMM,4621,"Measure, Manage, & Motivate",006712,"Costanza,David",001,21023,McIntire School of Commerce,3.64,40,4,20,4,5,2,3,0,2,0,0
2026 Spring,PSYC,4500,Spec Tops: Psychology,032600,"Avery,Lanice",001,19960,College & Graduate Arts & Sci,3.83,23,4,14,3,1,0,0,0,0,1,0
2026 Spring,CS,3100,Data Structures and Algo 2,046228,"Floryan,Mark",001,17094,Engineering & Applied Science,2.91,185,3,57,17,21,24,17,4,5,6,31
2026 Spring,APMA,1090,Single Variable Calculus I,001138,"Ma,Hui",001,17070,Engineering & Applied Science,2.39,14,0,3,3,2,1,0,0,0,0,5
2026 Spring,HIST,2354,Espionage: A Global History,048361,"Rossman,Jeffrey",100,20870,College & Graduate Arts & Sci,3.86,49,13,24,7,1,3,1,0,0,0,0
2026 Spring,ARTH,1861,Silk Road Exchanges,048326,"Wong,Dorothy",100,20816,College & Graduate Arts & Sci,3.49,54,0,8,18,22,4,2,0,0,0,0
2026 Spring,MATH,3354,Survey of Algebra,023084,"Coupek,Pavel",001,10562,College & Graduate Arts & Sci,3.25,33,2,13,5,2,3,2,2,1,0,3
2026 Spring,CHEM,1421,Intro College Chemistry II Lab,005994,"Morkowchuk,Lisa",019,10907,College & Graduate Arts & Sci,3.76,23,4,12,4,1,1,0,0,0,0,1
2026 Spring,ENGR,1020,Engineering Foundations 2,046986,"Mcalister,Anne",010,17239,Engineering & Applied Science,3.91,36,0,29,5,1,1,0,0,0,0,0
2026 Spring,ISBU,3760,Issues in Leadership,046889,"Kirsch,Robert",101,20497,Continuing & Prof Studies,3.92,16,2,11,2,1,0,0,0,0,0,0
2026 Spring,SPAN,2020,Advanced Intermediate Spanish,035854,"Moguel,Ana Piriz",003,10854,College & Graduate Arts & Sci,3.70,12,0,8,2,0,0,1,1,0,0,0
2026 Spring,EGMT,1520,Empirical Engagement,044513,"Bultman,Rebecca",202,19662,College & Graduate Arts & Sci,3.93,35,28,4,1,0,2,0,0,0,0,0
2026 Spring,SYS,4582,Sel Topics Systems Engineering,043992,"Riggs,Sara",002,20188,Engineering & Applied Science,3.70,10,0,7,1,0,1,0,1,0,0,0
2026 Spring,ANTH,3559,New Course: ANTH,038540,"Moriarty,Erin",002,20391,College & Graduate Arts & Sci,3.73,20,4,10,5,0,0,0,0,0,0,1
2026 Spring,GSGS,3559,New Course: GSGS,043479,"Parks,Stephen",003,19951,College & Graduate Arts & Sci,3.94,12,1,10,0,1,0,0,0,0,0,0
2026 Spring,LAW,9081,Trial Advocacy,022023,"Stolpe,Kristin",1,17859,School of Law,3.58,10,0,0,7,3,0,0,0,0,0,0
2026 Spring,ENTP,1010,Intro to Entrepreneurship,043881,"Etienne,Bevin",005,14725,McIntire School of Commerce,3.80,52,0,31,15,4,1,0,0,1,0,0
2026 Spring,ENGR,1020,Engineering Foundations 2,046986,"Serrano,David Gutierrez",012,17241,Engineering & Applied Science,3.95,20,0,18,1,1,0,0,0,0,0,0
2026 Spring,SPAN,1060,Accelerated Elementary Spanish,035820,"Street,Matthew",002,10714,College & Graduate Arts & Sci,2.97,17,0,3,5,2,1,1,1,1,1,2
2026 Spring,LAW,9199,Interntnl Business Negotiation,042754,"Reed,Kimberly",1,17930,School of Law,3.48,11,0,1,4,5,1,0,0,0,0,0
2026 Spring,GSGS,3559,New Course: GSGS,043479,"Maradiaga,Felix",002,19950,College & Graduate Arts & Sci,3.73,13,8,0,3,0,0,2,0,0,0,0
2026 Spring,CS,3140,Software Dev Essentials,046231,"Stone,Derrick",001,17102,Engineering & Applied Science,3.75,109,12,67,13,3,4,4,3,1,1,1
2026 Spring,PSYC,4500,Spec Tops: Psychology,032600,"Golino,Mariana",005,19963,College & Graduate Arts & Sci,3.95,25,4,17,4,0,0,0,0,0,0,0
2026 Spring,ENWR,1510,Writing and Critical Inquiry,013432,"Hays,Marley",060,12471,College & Graduate Arts & Sci,3.93,18,2,12,4,0,0,0,0,0,0,0
2026 Spring,LAW,8805,Grad Legal Research/Writing II,042533,"Moran,Karen",2,17901,School of Law,3.38,16,0,0,7,5,3,1,0,0,0,0
2026 Spring,PLPT,4110,The Politics of Emergencies,048016,"Rubenstein,Jennifer",001,20437,College & Graduate Arts & Sci,3.59,15,0,5,5,2,2,1,0,0,0,0
2026 Spring,ENGL,2506,Studies in Poetry,012488,"Ogden,Emily",001,20231,College & Graduate Arts & Sci,3.80,17,1,6,9,1,0,0,0,0,0,0
2026 Spring,LAW,8805,Grad Legal Research/Writing II,042533,"Moran,Karen",1,17864,School of Law,3.40,8,0,0,2,6,0,0,0,0,0,0
2026 Spring,RELA,2800,Intro to Yoruba Religions,033818,"Ogunnaike,Oludamini",001,19485,College & Graduate Arts & Sci,3.84,20,0,15,4,0,0,0,0,1,0,0
2026 Spring,STAT,1602,Intro Data Science with Python,045052,"Li,Chang",002,13831,College & Graduate Arts & Sci,3.73,26,9,6,5,2,4,0,0,0,0,0
2026 Spring,PHS,4050,Global Public Health Policy,043758,"Quissell,Kathryn",001,11882,College & Graduate Arts & Sci,3.99,52,0,50,2,0,0,0,0,0,0,0
2026 Spring,SPAN,3010,Finding your Voice in Spanish,035893,"Hertel,Tammy",001,10717,College & Graduate Arts & Sci,3.88,15,0,9,6,0,0,0,0,0,0,0
2026 Spring,HIUS,1501,Introductory Sem in U.S. Hist,019492,"King,Alice",002,20890,College & Graduate Arts & Sci,3.69,15,0,4,9,0,2,0,0,0,0,0
2026 Spring,COMM,2003,Found. of Information Systems,048085,"Schuff,David",002,20986,McIntire School of Commerce,3.48,68,0,12,22,25,5,2,1,1,0,0
2026 Spring,BME,3090,Biomed IDEAS Lab II,004071,"Allen,Timothy",102,20853,Engineering & Applied Science,3.93,35,0,31,3,0,0,0,1,0,0,0
2026 Spring,SPAN,1060,Accelerated Elementary Spanish,035820,"Moguel,Ana Piriz",004,21675,College & Graduate Arts & Sci,3.55,16,0,5,5,2,3,1,0,0,0,0
2026 Spring,PLCP,3330,Politics of Latin America,044401,"Wellbeloved,Elizabeth A.",501,19372,College & Graduate Arts & Sci,3.96,30,13,14,2,1,0,0,0,0,0,0
2026 Spring,EGMT,1540,Ethical Engagement,044515,"Edwards,Brandon",210,19777,College & Graduate Arts & Sci,3.92,35,1,26,7,1,0,0,0,0,0,0
2026 Spring,ASL,4750,Contemporary Deaf Studies,003009,"Krentz,Christopher",001,19934,College & Graduate Arts & Sci,3.46,19,0,4,8,4,1,0,1,0,1,0
2026 Spring,ARTS,2220,Introduction to Digital Art I,002858,"Villanueva,Maria",001,20959,College & Graduate Arts & Sci,3.78,13,2,6,3,1,0,1,0,0,0,0
2026 Spring,MDST,3154,Star Wars,048362,"Duncan,Sean",1,20946,College & Graduate Arts & Sci,3.09,19,0,8,0,4,1,0,2,3,0,1
2026 Spring,EGMT,1540,Ethical Engagement,044515,"Hilker,Eric",109,19751,College & Graduate Arts & Sci,3.88,33,0,27,2,3,0,1,0,0,0,0
2026 Spring,ISCP,3991,Capstone Project I,043821,"Horton,David Seth",101,20510,Continuing & Prof Studies,3.48,26,0,12,6,3,2,0,1,1,0,1
2026 Spring,DS,5030,Understanding Uncertainty,047946,"Woo,Jeffrey",001,18928,School of Data Science,3.85,48,33,9,2,1,2,0,0,0,0,1
2026 Spring,PHYS,2040,Princip of Physics 2 Workshop,030812,"Bychkov,Maksim",027,20961,College & Graduate Arts & Sci,3.89,15,4,7,3,1,0,0,0,0,0,0
2026 Spring,COMM,5500,Topics in Commerce,048381,"Johnson,Steven",001,21060,McIntire School of Commerce,3.80,14,0,6,7,1,0,0,0,0,0,0
2026 Spring,CS,6501,Spec Top: Computer Science,006981,"Jog,Adwait",011,17273,Engineering & Applied Science,3.97,19,3,14,2,0,0,0,0,0,0,0
2026 Spring,EDIS,5481,Dual Language Methods,046981,"Montalvo,Lucy Ann",500,20479,School of Education and HumanDev,3.92,30,5,18,6,1,0,0,0,0,0,0
2026 Spring,EGMT,1510,Engaging Aesthetics,044512,"Kennedy,R.",124,19552,College & Graduate Arts & Sci,3.86,35,13,17,1,1,2,0,0,1,0,0
2026 Spring,PHYS,1429,Intro Physics 1 Workshop,031036,"Bychkov,Maksim",003,10614,College & Graduate Arts & Sci,3.85,25,2,16,5,0,1,1,0,0,0,0
2026 Spring,EGMT,1530,Engaging Differences,044514,"Morse,Robyn",105,19689,College & Graduate Arts & Sci,3.83,33,0,25,4,2,1,0,0,1,0,0
2026 Spring,CS,4771,Reinforcement Learning,048132,"Wei,Chen-Yu",001,19579,Engineering & Applied Science,3.82,65,8,44,6,5,0,0,0,0,0,2
2026 Spring,LAW,7023,Emply Law: Contrcts/Torts/Stat,021641,"Verkerke,Rip",1,17872,School of Law,3.45,62,0,4,22,30,5,1,0,0,0,0
2026 Spring,MUSI,4559,New Course: Music,042851,"Ryu,Jennifer",001,19272,College & Graduate Arts & Sci,3.88,10,0,6,4,0,0,0,0,0,0,0
2026 Spring,RELG,2495,Religious Violence in the West,045801,"Shuve,Karl",100,19795,College & Graduate Arts & Sci,3.81,79,3,45,24,4,1,0,1,0,1,0
2026 Spring,ETP,4010,Environmental Decisions,013700,"Freedman,Paul",002,21942,College & Graduate Arts & Sci,3.92,15,0,11,4,0,0,0,0,0,0,0
2026 Spring,EGMT,1530,Engaging Differences,044514,"Miller,Peter",117,19701,College & Graduate Arts & Sci,3.76,14,0,8,3,2,1,0,0,0,0,0
2026 Spring,WGS,7850,Themes and Genres,047148,"Moore,Kelly",001,21525,College & Graduate Arts & Sci,4.00,6,3,3,0,0,0,0,0,0,0,0
2026 Spring,BIOL,4559,New Course: BIOL,038577,"Kasimatis,Katja",001,19305,College & Graduate Arts & Sci,3.90,24,0,22,1,0,0,0,0,1,0,0
2026 Spring,PLAP,4150,Political Psychology,031587,"Winter,Nicholas",001,20423,College & Graduate Arts & Sci,3.81,15,0,8,6,0,1,0,0,0,0,0
2026 Spring,COMM,2004,QA for Bus. Decision-Making,048086,"Coleman,Custis",006,20996,McIntire School of Commerce,3.34,62,0,11,16,13,15,3,2,1,0,1
2026 Spring,EGMT,1530,Engaging Differences,044514,"Chakravorty,Mrinalini",122,19706,College & Graduate Arts & Sci,3.87,35,0,28,4,2,0,0,0,1,0,0
2026 Spring,SPAN,3030,Cultural Conversations,035895,"Bonino,Nicole",001,19288,College & Graduate Arts & Sci,4.00,16,14,2,0,0,0,0,0,0,0,0
2026 Spring,ARCH,6260,Building Matters,001676,"Ismail,Mohamed",001,19463,School of Architecture,3.66,24,0,5,13,6,0,0,0,0,0,0
2026 Spring,LAW,7638,White Col Crim Practice (SC),048163,"Nassikas,John",1,19050,School of Law,3.32,12,0,0,2,8,2,0,0,0,0,0
2026 Spring,PHYS,5160,Introduction to String Theory,041845,"Vaman,Diana",001,20139,College & Graduate Arts & Sci,3.61,15,4,7,2,0,0,1,0,0,0,1
2026 Spring,PLCP,4270,PVI in Global South,048010,"Walsh,Denise",001,20428,College & Graduate Arts & Sci,3.74,16,0,10,4,0,0,1,1,0,0,0
2026 Spring,PSYC,4640,Psychology of Emotions,046681,"Wood,Adrienne",001,19966,College & Graduate Arts & Sci,3.70,25,0,15,3,3,2,2,0,0,0,0
2026 Spring,ENGR,1020,Engineering Foundations 2,046986,"Tian,Jianghong",001,17230,Engineering & Applied Science,3.93,38,0,35,0,1,2,0,0,0,0,0
2026 Spring,BIMS,8380,Practical Biomed Statistics I,024120,"Martin,David",01,21513,Medical School - BIMS/PHS,3.93,41,0,33,7,1,0,0,0,0,0,0
2026 Spring,EDIS,5025,"Curric, Instruct & Assessment",044060,"Allen,Amanda",501,15808,School of Education and HumanDev,3.13,16,0,7,1,3,0,1,0,1,1,2
2026 Spring,EDLF,7815,Ldshp Equity Dverse Population,046606,"White,Tinkhani",500,15844,School of Education and HumanDev,4.00,11,8,3,0,0,0,0,0,0,0,0
2026 Spring,ACCT,5450,Introduction to Taxation,045935,"Hutchinson,Harvey",701,20574,Continuing & Prof Studies,3.74,25,0,15,8,1,0,0,0,0,0,1
2026 Spring,DS,5012,Computation for Data Science,047945,"Malitsky,Yuri",001,18927,School of Data Science,3.81,60,30,15,2,9,2,2,0,0,0,0
2026 Spring,ECON,3010,Intermediate Microeconomics,007908,"Santugini,Marc",200,19221,College & Graduate Arts & Sci,3.10,101,21,20,14,9,7,5,5,4,4,12
2026 Spring,RELG,1000,Questions in the Study of Reli,046967,"Schmidt,Jalane",002,14407,College & Graduate Arts & Sci,3.62,34,3,20,6,1,1,0,0,0,1,2
2026 Spring,PHYS,2040,Princip of Physics 2 Workshop,030812,"Bychkov,Maksim",026,14416,College & Graduate Arts & Sci,3.94,25,15,7,2,0,1,0,0,0,0,0
2026 Spring,GNUR,8230,Historical Inquiry,017038,"Tobbell,Dominique",001,18733,School of Nursing,3.82,5,0,2,3,0,0,0,0,0,0,0
2026 Spring,HHE,5705,"Reproductive, Ethics & Justice",046761,"Shepherd,Lois",001,21075,Medical School - BIMS/PHS,3.76,13,0,6,6,0,0,1,0,0,0,0
2026 Spring,WGS,3896,Front Lines of Social Change 2,048119,"Nichols,Taylor",001,21058,College & Graduate Arts & Sci,3.86,16,7,4,4,0,1,0,0,0,0,0
2026 Spring,AMST,3740,Cultures of Hip-Hop,044503,"Hamilton,Jack",001,19274,College & Graduate Arts & Sci,3.63,58,0,25,18,2,11,0,1,1,0,0
2026 Spring,ANTH,2440,Language and Cinema,041598,"Lefkowitz,Daniel",001,21068,College & Graduate Arts & Sci,3.24,31,4,2,8,7,5,2,0,0,2,1
2026 Spring,NUIP,3420,Pathophysiology II,043238,"Apple,Ashley",001,18701,School of Nursing,3.75,119,23,60,10,10,10,2,3,1,0,0
2026 Spring,CS,6501,Spec Top: Computer Science,006981,"Qi,Yanjun",016,17623,Engineering & Applied Science,3.97,19,4,13,2,0,0,0,0,0,0,0
2026 Spring,CGBM,2110,Accounting for Business,047001,"Mitchell,Jill",002,20975,McIntire School of Commerce,3.57,57,12,15,14,2,5,6,0,3,0,0
2026 Spring,AMST,2421,Borderlands Food and Culture,048321,"Azua,Anneleise",001,20967,College & Graduate Arts & Sci,3.47,30,0,6,14,3,5,0,0,0,2,0
2026 Spring,ENGR,1020,Engineering Foundations 2,046986,"Starling,Anna Leyf",011,17240,Engineering & Applied Science,3.83,37,0,26,5,4,2,0,0,0,0,0
2026 Spring,EGMT,1540,Ethical Engagement,044515,"Goldblatt,Laura",221,19788,College & Graduate Arts & Sci,3.95,35,0,31,3,1,0,0,0,0,0,0
2026 Spring,MAE,3820,Aerodynamics Laboratory,022595,"Dedic,Chloe",002,20167,Engineering & Applied Science,3.73,27,0,17,6,2,0,0,1,0,1,0
2026 Spring,LPPL,7410,Psychology for Leadership,041246,"Yamamoto,Kendall",300,20843,Batten Leadership & Public Pol,3.12,5,1,0,0,2,1,0,0,1,0,0
2026 Spring,EDHS,2895,Mental Health and Schools,042737,"Franco,Meredith",001,15971,School of Education and HumanDev,3.57,40,0,21,5,6,2,2,3,1,0,0
2026 Spring,NUCO,4450,Population & Public Health Nsg,042287,"Wiersma,Gretchen",003,18713,School of Nursing,3.49,11,2,5,2,0,1,0,0,0,0,1
2026 Spring,EGMT,1540,Ethical Engagement,044515,"Feitosa,Lilian",222,19789,College & Graduate Arts & Sci,3.98,16,10,5,1,0,0,0,0,0,0,0
2026 Spring,EDIS,5025,"Curric, Instruct & Assessment",044060,"Jewett,Anne",500,15945,School of Education and HumanDev,3.87,23,0,14,8,1,0,0,0,0,0,0
2026 Spring,LAW,8644,Econ & Cons Justice Clin (YR),043217,"Klosko,Caroline",1,17861,School of Law,3.53,8,0,2,1,5,0,0,0,0,0,0
2026 Spring,ENWR,1506,Writing & Critical Inquiry S2,013429,"King,Ethan",007,12372,College & Graduate Arts & Sci,3.69,12,0,7,1,2,2,0,0,0,0,0
2026 Spring,STAT,7610,Advanced Inference,043815,"Li,Chunlin",001,19932,College & Graduate Arts & Sci,4.00,12,4,8,0,0,0,0,0,0,0,0
2026 Spring,ARTH,4591,Seminar in the History of Art,002569,"Dakouri-Hild,Anastasia",004,19828,College & Graduate Arts & Sci,3.84,10,2,5,2,0,1,0,0,0,0,0
2026 Spring,NUCO,3310,Pediatric Nursing,043225,"Caldwell,Elizabeth",001,18629,School of Nursing,3.69,49,0,22,22,2,1,0,0,0,0,2
2026 Spring,EVSC,2220,Conserv Ecol-Biodivrs & Beyond,013901,"Blumstein,Meghan",001,19563,College & Graduate Arts & Sci,3.25,70,3,10,18,11,13,5,4,4,1,1
2026 Spring,SPAN,4040,Translation Spanish to English,035927,"Prados,Nieves Garcia",002,12017,College & Graduate Arts & Sci,4.00,11,2,9,0,0,0,0,0,0,0,0
2026 Spring,PHYS,1429,Intro Physics 1 Workshop,031036,"Bychkov,Maksim",004,10615,College & Graduate Arts & Sci,3.95,25,5,16,4,0,0,0,0,0,0,0
2026 Spring,ACCT,5200,Intro to Acct Info Systems,047272,"Evans,Richard",701,20570,Continuing & Prof Studies,3.72,24,0,10,9,3,2,0,0,0,0,0
2026 Spring,EGMT,1540,Ethical Engagement,044515,"Braun,Erik",205,19772,College & Graduate Arts & Sci,3.89,35,0,28,4,1,2,0,0,0,0,0
2026 Spring,FREN,4064,Francophone Philosophers,048359,"Boutaghou,Ferial",001,20935,College & Graduate Arts & Sci,3.76,14,3,7,2,0,1,0,1,0,0,0
2026 Spring,ARCH,5784,100 Days of Making,048278,"Iliescu,Sanda",001,19564,School of Architecture,3.96,15,5,8,2,0,0,0,0,0,0,0
2026 Spring,EGMT,1540,Ethical Engagement,044515,"Krakani,Bernice",103,19745,College & Graduate Arts & Sci,3.99,34,14,19,1,0,0,0,0,0,0,0
2026 Spring,PHYS,1429,Intro Physics 1 Workshop,031036,"Bychkov,Maksim",016,10625,College & Graduate Arts & Sci,3.94,26,5,19,1,0,0,1,0,0,0,0
2026 Spring,ENGL,5559,New Course: ENGL,045439,"Cushman,Stephen",001,20194,College & Graduate Arts & Sci,3.96,14,0,12,2,0,0,0,0,0,0,0
2026 Spring,CS,4630,Defense Against the Dark Arts,038715,"Reiss,Charles",001,17474,Engineering & Applied Science,3.31,58,5,20,6,5,9,1,5,4,1,2
2026 Spring,ISSS,3190,American Political Development,020452,"Guttman,Robert",101,21507,Continuing & Prof Studies,3.51,19,2,9,4,1,0,0,2,0,0,1
2026 Spring,CJ,3490,Lgl Issues Impact Law Enf Ops,039968,"Chechak,Kevin",A2,21387,Continuing & Prof Studies,3.75,10,2,3,4,0,0,1,0,0,0,0
2026 Spring,ENGL,2508,Studies in Fiction,012491,"Fowler,Charity",007,21073,College & Graduate Arts & Sci,3.94,19,10,5,4,0,0,0,0,0,0,0
2026 Spring,ARTS,2559,New Course: ARTS,038549,"Kasra,Mona",001,20957,College & Graduate Arts & Sci,3.61,10,0,5,2,0,2,1,0,0,0,0
2026 Spring,ISLS,3780,The Criminal Justice System,040610,"Rasmussen,Alan",101,20526,Continuing & Prof Studies,3.79,30,14,5,7,2,1,0,1,0,0,0
2026 Spring,AMST,3481,US Popular Music,048323,"Miller,Karl",001,20960,College & Graduate Arts & Sci,3.84,24,3,8,13,0,0,0,0,0,0,0
2026 Spring,COMM,2005,Found. of Management Comm.,048087,"Pentz,Marcia",006,21003,McIntire School of Commerce,3.52,33,0,4,13,13,3,0,0,0,0,0
2026 Spring,RELI,3200,Muslim Misfits,046618,"Salomon,Noah",001,19528,College & Graduate Arts & Sci,3.80,15,5,4,3,3,0,0,0,0,0,0
2026 Spring,STS,2600,Engineering Ethics,046988,"Wellbeloved,Elizabeth A.",501,19369,Engineering & Applied Science,3.98,29,0,27,2,0,0,0,0,0,0,0
2026 Spring,PHYS,1429,Intro Physics 1 Workshop,031036,"Bychkov,Maksim",017,10626,College & Graduate Arts & Sci,3.89,26,2,18,5,0,0,1,0,0,0,0
2026 Spring,EVSC,4710,Applied Environ Mineralogy,043172,"Richardson,Justin",001,19151,College & Graduate Arts & Sci,3.85,11,1,8,1,0,0,1,0,0,0,0
2026 Spring,KINE,5260,APE:Phys & Sensory Impaired,009287,"Block,Martin",001,20506,School of Education and HumanDev,3.89,9,6,1,1,1,0,0,0,0,0,0
2026 Spring,PHYS,2040,Princip of Physics 2 Workshop,030812,"Bychkov,Maksim",024,14414,College & Graduate Arts & Sci,3.97,25,10,14,0,1,0,0,0,0,0,0
2026 Spring,CS,6501,Spec Top: Computer Science,006981,"Sun,Yixin",002,16951,Engineering & Applied Science,3.92,52,5,37,7,3,0,0,0,0,0,0
2026 Spring,HISA,3003,20th C South Asia,018924,"Nair,Neeti",001,20893,College & Graduate Arts & Sci,3.70,20,5,7,2,3,2,1,0,0,0,0
2026 Spring,ENWR,2510,Advanced Writing Seminar,013441,"Vargas,Rolando",005,21088,College & Graduate Arts & Sci,3.65,15,6,4,1,2,0,1,0,0,1,0
2026 Spring,MDST,3490,Comedy & Humor Across Media,046537,"Rao,Pallavi",001,12469,College & Graduate Arts & Sci,3.87,24,0,18,4,1,0,1,0,0,0,0
2026 Spring,ENWR,3500,Topics in Advanced Wrtg & Rhet,044025,"Goad,Rhiannon",002,19545,College & Graduate Arts & Sci,3.85,16,0,13,0,2,1,0,0,0,0,0
2026 Spring,EGMT,1540,Ethical Engagement,044515,"Mullins,Ian",119,19761,College & Graduate Arts & Sci,4.00,35,4,31,0,0,0,0,0,0,0,0
2026 Spring,MESA,3640,Israel/Palestine on Film,048363,"Kahlenberg,Caroline",001,21067,College & Graduate Arts & Sci,3.88,20,0,12,8,0,0,0,0,0,0,0
2026 Spring,PHYS,2040,Princip of Physics 2 Workshop,030812,"Bychkov,Maksim",012,10640,College & Graduate Arts & Sci,4.00,25,15,10,0,0,0,0,0,0,0,0
2026 Spring,EDHS,1120,Found of Community Engagement,043507,"Curtis,Sabrina",002,15946,School of Education and HumanDev,3.74,36,8,20,3,0,2,1,0,1,0,1
2026 Spring,COMM,2004,QA for Bus. Decision-Making,048086,"Coleman,Custis",004,20994,McIntire School of Commerce,3.36,68,0,4,23,21,16,3,1,0,0,0
2026 Spring,ISHU,4020,Medical Humanities,048253,"Andrews,George",101,20514,Continuing & Prof Studies,3.66,30,22,1,4,0,1,0,0,0,0,2
2026 Spring,PHS,7001,Intro to Biostatistics II,030392,"Yan,Guofen",001,18326,Medical School - BIMS/PHS,3.89,14,2,7,5,0,0,0,0,0,0,0
2026 Spring,ENWR,1510,Writing and Critical Inquiry,013432,"D'Errico,Jon",014,11633,College & Graduate Arts & Sci,3.84,16,0,10,5,0,1,0,0,0,0,0
2026 Spring,COMM,3040,Strategic Value Creation,006456,"Pentz,Marcia",001,14610,McIntire School of Commerce,3.57,34,0,9,9,14,2,0,0,0,0,0
2026 Spring,SPAN,3400,Spain: From Kingdom to Empire,035908,"Riva,FERNANDO",001,10722,College & Graduate Arts & Sci,3.99,25,5,19,1,0,0,0,0,0,0,0
2026 Spring,COMM,2006,Found.of Mngrl Decision-Making,048088,"Lehman,David",005,21015,McIntire School of Commerce,3.40,34,0,6,7,11,9,0,1,0,0,0
2026 Spring,EVSC,4630,Land-Atmosphere Interaction,043163,"Scanlon,Todd",001,19140,College & Graduate Arts & Sci,3.54,10,1,3,2,1,2,1,0,0,0,0
2026 Spring,WGS,2559,New Course: WGS,039394,"Nichols,Taylor",002,21063,College & Graduate Arts & Sci,3.91,35,1,30,2,1,0,0,1,0,0,0
2026 Spring,GDS,3010,Global Development Theory I,039893,"Kruks-Wisner,Gabrielle",001,19938,College & Graduate Arts & Sci,3.86,35,6,14,14,1,0,0,0,0,0,0
2026 Spring,ENGL,2599,Special Topics,012514,"Parker,Lauren",005,20781,College & Graduate Arts & Sci,3.60,19,0,10,5,1,1,0,1,0,0,1
2026 Spring,EGMT,1510,Engaging Aesthetics,044512,"Goldblatt,Laura",127,20291,College & Graduate Arts & Sci,3.98,32,2,29,0,1,0,0,0,0,0,0
2026 Spring,PHIL,2120,History of Philosophy: Modern,030057,"Secada,Jorge",100,10602,College & Graduate Arts & Sci,3.44,36,5,5,12,5,4,3,0,1,0,1
2026 Spring,BIOL,3030,Biochemistry,003656,"Deppmann,Christopher",100,19306,College & Graduate Arts & Sci,3.49,471,74,172,68,43,40,18,12,22,6,16
2026 Spring,RELG,1200,Chinese Philosophy,047927,"Heller,Natasha",001,19513,College & Graduate Arts & Sci,3.80,15,4,5,3,3,0,0,0,0,0,0
2026 Spring,CS,6771,Reinforcement Learning,048129,"Zhang,Shangtong",001,19595,Engineering & Applied Science,4.00,44,36,8,0,0,0,0,0,0,0,0
2026 Spring,EDIS,5000,The Exceptional Learner,009423,"Ruhlman,Bethany",501,15809,School of Education and HumanDev,3.91,22,3,16,1,1,1,0,0,0,0,0
2026 Spring,EGMT,1520,Empirical Engagement,044513,"Spitzner,Dan",122,19658,College & Graduate Arts & Sci,3.98,16,1,14,1,0,0,0,0,0,0,0
2026 Spring,EGMT,1520,Empirical Engagement,044513,"Petrov,Leonid",123,19659,College & Graduate Arts & Sci,3.58,23,0,16,3,1,0,0,0,2,0,1
2026 Spring,EGMT,1540,Ethical Engagement,044515,"Krause,Erica",208,19775,College & Graduate Arts & Sci,3.64,14,2,10,0,0,1,0,0,0,0,1
2026 Spring,EGMT,1540,Ethical Engagement,044515,"Edwards,Brandon",211,19778,College & Graduate Arts & Sci,4.00,34,2,32,0,0,0,0,0,0,0,0
2026 Spring,SPAN,4530,Spec Topics Seminar: Language,035970,"Ferrando,Lorena Albert",001,13028,College & Graduate Arts & Sci,3.87,15,4,10,0,0,0,0,0,1,0,0
2026 Spring,PHYS,2415,Intro Physics 2 for Engineers,031076,"Chatterjee,Utpal",001,11301,College & Graduate Arts & Sci,3.18,19,0,5,4,3,3,1,0,2,0,1
2026 Spring,ENGL,4902,The Bible Part 2,046922,"Parker,John",001,20232,College & Graduate Arts & Sci,3.70,14,0,6,5,2,0,1,0,0,0,0
2026 Spring,ENGL,2508,Studies in Fiction,012491,"Rody,Caroline",004,20218,College & Graduate Arts & Sci,3.72,19,1,8,7,1,0,2,0,0,0,0
2026 Spring,LPPS,7260,Poverty Reduction & Aid Policy,048313,"Lipscomb,Molly",001,20827,Batten Leadership & Public Pol,3.68,10,0,2,6,2,0,0,0,0,0,0
2026 Spring,MESA,2430,MESA Superheroes,048170,"Resha,Adrienne",200,21080,College & Graduate Arts & Sci,3.94,18,8,9,0,0,1,0,0,0,0,0
2026 Spring,GCOM,7371,FinReportng&PrdictiveAnalytics,041148,"YU,Yingri",001,21028,McIntire School of Commerce,3.71,30,0,6,20,4,0,0,0,0,0,0
2026 Spring,LAW,8003,Civil Rights Litigation,021613,"Woolhandler,Nettie",1,19053,School of Law,3.60,61,0,17,17,26,1,0,0,0,0,0
2026 Spring,MATH,1210,A survey of Calculus I,022944,"Mitchell,Susan",500,19983,College & Graduate Arts & Sci,3.34,29,5,4,4,10,1,2,2,0,0,1
2026 Spring,MATH,1220,A Survey of Calculus II,022945,"Yan,Shengkuan",700,19986,College & Graduate Arts & Sci,3.16,21,0,3,8,0,3,2,1,4,0,0
2026 Spring,IT,1010,Explorations in Cyber Security,044658,"Spencer,Jennie",560,20393,Continuing & Prof Studies,3.79,13,2,9,0,1,0,0,0,1,0,0
2026 Spring,HIUS,2001,American History to 1865,019527,"King,Alice",100,20891,College & Graduate Arts & Sci,3.62,40,0,7,23,7,2,1,0,0,0,0
2026 Spring,DS,6021,ML I: Intr Predictive Modeling,047947,"Woo,Jeffrey",001,18931,School of Data Science,3.78,48,7,28,6,4,2,0,0,0,0,1
2026 Spring,SLAV,2360,Dracula,035128,"Stepanic,Stanley",001,11255,College & Graduate Arts & Sci,3.72,219,3,136,47,10,5,7,1,5,2,3
2026 Spring,STAT,6260,Categorical Data Analysis,040002,"Chattopadhyay,Shounak",001,19930,College & Graduate Arts & Sci,3.87,19,8,3,8,0,0,0,0,0,0,0
2026 Spring,HIUS,3620,All Politics is Local,047172,"Kahrl,Andrew",001,19466,College & Graduate Arts & Sci,3.91,28,0,21,6,1,0,0,0,0,0,0
2026 Spring,LING,4650,Linguistic Typology,046680,"Mirzayan,Armik",001,20113,College & Graduate Arts & Sci,3.97,10,1,8,1,0,0,0,0,0,0,0
2026 Spring,CLAS,2040,Greek Mythology,006300,"Petrovic,Ivana",100,10428,College & Graduate Arts & Sci,3.63,160,70,34,16,10,10,3,8,5,3,1
2026 Spring,ENTP,1010,Intro to Entrepreneurship,043881,"Ransler,Charles",003,14665,McIntire School of Commerce,3.83,49,0,26,19,4,0,0,0,0,0,0
2026 Spring,CJ,4730,Forensic Sci for Admin & Mgrs,006238,"McGinnis Jr.,Charles Edward",A1,21416,Continuing & Prof Studies,4.00,13,8,5,0,0,0,0,0,0,0,0
2026 Spring,COMM,2005,Found. of Management Comm.,048087,"Du,Yuxiang",008,21005,McIntire School of Commerce,3.56,31,0,5,14,9,3,0,0,0,0,0
2026 Spring,ANTH,5440,"Language, AI, and Society",048310,"Wendte,Nathan",001,20886,College & Graduate Arts & Sci,3.90,19,0,15,3,0,1,0,0,0,0,0
2026 Spring,MESA,3270,A History of Astrology,048329,"Richardson,Kristina",001,20898,College & Graduate Arts & Sci,3.91,27,11,9,6,1,0,0,0,0,0,0
2026 Spring,LAW,7827,Global Bus & Corruption (SC),046142,"Dean,Richard",1,17899,School of Law,3.45,28,0,1,10,15,2,0,0,0,0,0
2026 Spring,STS,4600,Engr Ethcs Prof Responsibility,036750,"Laugelli,Benjamin",024,17117,Engineering & Applied Science,3.96,28,17,7,4,0,0,0,0,0,0,0
2026 Spring,EDLF,7200,Child Development,009707,"Palacios,Natalia",001,20501,School of Education and HumanDev,3.83,9,0,4,5,0,0,0,0,0,0,0
2026 Spring,ISCP,4991,Capstone Project II,020318,"Plunkett,Ann Marie Harkins",101,20513,Continuing & Prof Studies,3.72,29,6,16,2,2,2,0,0,0,0,1
2026 Spring,ECE,6660,Analog Integrated Circuits,007727,"Barker,N.",001,20702,Engineering & Applied Science,2.00,12,0,1,0,1,2,0,0,5,0,3
2026 Spring,COMM,2006,Found.of Mngrl Decision-Making,048088,"Heng,Yu Tse",012,21022,McIntire School of Commerce,3.50,29,2,5,8,7,6,1,0,0,0,0
2026 Spring,PLCP,3500,Topics in Comp Politics,041289,"Alexander,Gerard",100,20426,College & Graduate Arts & Sci,3.60,229,0,96,66,26,28,2,4,4,1,2
2026 Spring,BME,4280,Motion Biomechanics,004078,"Blemker,Silvia",001,20803,Engineering & Applied Science,3.78,21,5,8,4,3,0,1,0,0,0,0
2026 Spring,SPAN,3010,Finding your Voice in Spanish,035893,"Bonino,Nicole",007,19173,College & Graduate Arts & Sci,3.98,15,1,13,1,0,0,0,0,0,0,0
2026 Spring,SARC,5400,Data Visualization,044034,"Field,Eric Matthew",002,19181,School of Architecture,3.65,23,0,11,4,5,2,1,0,0,0,0
2026 Spring,EGMT,1520,Empirical Engagement,044513,"Morse,Jennifer",126,20299,College & Graduate Arts & Sci,3.94,35,12,16,7,0,0,0,0,0,0,0
2026 Spring,MDST,4510,Capstone Topics,045773,"Borrione,Francesca",003,13485,College & Graduate Arts & Sci,3.85,22,0,16,5,0,0,0,1,0,0,0
2026 Spring,PLCP,7120,Identity and the State,048274,"Walsh,Denise",001,20018,College & Graduate Arts & Sci,3.93,8,0,6,2,0,0,0,0,0,0,0
2026 Spring,APMA,3150,From Data to Knowledge,044104,"Chen,Heze",001,17288,Engineering & Applied Science,3.09,34,3,4,6,6,6,2,1,3,2,1
2026 Spring,NUIP,2070,Human Physiology & Anatomy II,042611,"Connelly,Christine",100,18608,School of Nursing,3.64,73,16,21,18,6,6,2,3,0,0,1
2026 Spring,COMM,4831,Wisdom & Well-Being for Growth,042515,"Mick,David",002,20997,McIntire School of Commerce,3.98,26,18,6,2,0,0,0,0,0,0,0
2026 Spring,COMM,2005,Found. of Management Comm.,048087,"Allison,Kiera",002,20999,McIntire School of Commerce,3.57,35,0,8,13,11,2,1,0,0,0,0
2026 Spring,COMM,2005,Found. of Management Comm.,048087,"Du,Yuxiang",003,21000,McIntire School of Commerce,3.54,37,0,7,14,11,5,0,0,0,0,0
2026 Spring,PHYS,1429,Intro Physics 1 Workshop,031036,"Bychkov,Maksim",012,10622,College & Graduate Arts & Sci,3.94,26,3,21,1,0,0,1,0,0,0,0
2026 Spring,COMM,3330,Mkt Research & Analytic Tech,006475,"Coleman,Custis",003,21316,McIntire School of Commerce,3.56,20,0,10,6,1,1,1,0,0,0,1
2026 Spring,LPPP,4991,Capstone Seminar,042163,"Parker,Kevin",002,10217,Batten Leadership & Public Pol,3.65,17,0,1,14,1,1,0,0,0,0,0
2026 Spring,GNUR,6027,Adv Pharm Specialty Sem,046407,"Brick,Jamie",001,18714,School of Nursing,3.90,6,0,4,2,0,0,0,0,0,0,0
2026 Spring,MDST,2810,Cinema As An Art Form,023498,"Marshall,Matthew",001,13037,College & Graduate Arts & Sci,3.97,234,3,221,3,4,3,0,0,0,0,0
2026 Spring,EGMT,1530,Engaging Differences,044514,"Bultman,Rebecca",119,19703,College & Graduate Arts & Sci,3.94,36,28,7,0,0,0,0,0,1,0,0
2026 Spring,EDHS,5230,"Women, Work, and Wellness",044577,"Quarles,Jenny Provo",501,15926,School of Education and HumanDev,3.98,29,0,27,2,0,0,0,0,0,0,0
2026 Spring,CHEM,1821,Organic Chem Lab Accelerated,006008,"Serbulea,Laura",100,11774,College & Graduate Arts & Sci,3.59,49,0,19,15,7,4,3,0,0,0,1
2026 Spring,AAS,3760,Reading Black Digital Culture,046839,"Wade,Ashleigh",001,19286,College & Graduate Arts & Sci,3.98,12,6,5,1,0,0,0,0,0,0,0
2026 Spring,EDLF,7810,Legal & Educ Policy Context,009813,"Roberts,Wendell",500,15802,School of Education and HumanDev,3.96,16,11,3,2,0,0,0,0,0,0,0
2026 Spring,PHYS,1429,Intro Physics 1 Workshop,031036,"Bychkov,Maksim",002,10613,College & Graduate Arts & Sci,3.94,26,3,19,3,1,0,0,0,0,0,0
2026 Spring,COMM,2003,Found. of Information Systems,048085,"Kerpelman,Adam",003,20987,McIntire School of Commerce,3.51,66,0,7,36,13,6,2,1,1,0,0
2026 Spring,LAW,6001,Constitutional Law,021552,"Solum,Lawrence",DJ,17821,School of Law,3.40,65,1,4,26,16,12,5,1,0,0,0
2026 Spring,COMM,4371,Brand Consulting & Comm,006696,"Davis,Derick",001,21071,McIntire School of Commerce,3.99,29,4,24,1,0,0,0,0,0,0,0
2026 Spring,BME,6003,Biostat Anlys and Exper Design,047336,"Naegle,Kristen",001,20807,Engineering & Applied Science,3.97,24,3,20,0,1,0,0,0,0,0,0
2026 Spring,GNUR,6052,Epidemiology and World Health,016930,"Logan,Jeongok",001,18584,School of Nursing,3.90,41,15,17,7,1,0,1,0,0,0,0
2026 Spring,COMM,5500,Topics in Commerce,048381,"King,Adelaide",002,21061,McIntire School of Commerce,3.84,16,1,10,3,1,1,0,0,0,0,0
2026 Spring,SPAN,3070,Community Engagement,046866,"Poveda,Esther",001,19152,College & Graduate Arts & Sci,3.75,16,5,10,0,0,0,0,0,0,0,1
2026 Spring,SPAN,3300,Texts and Interpretation,035904,"Prados,Nieves Garcia",004,19153,College & Graduate Arts & Sci,3.90,15,0,10,5,0,0,0,0,0,0,0
2026 Spring,SPAN,3200,Intro Hispanic Linguistics,035891,"Ferrando,Lorena Albert",001,19154,College & Graduate Arts & Sci,3.86,18,2,11,3,1,1,0,0,0,0,0
2026 Spring,SPAN,3420,"Politics, Power-Early Americas",035910,"Opere,Fernando",001,19155,College & Graduate Arts & Sci,3.79,20,1,10,6,2,1,0,0,0,0,0
2026 Spring,LPPL,2750,Teambuilding and Facilitation,047216,"Busch,Matthew",001,10298,Batten Leadership & Public Pol,3.75,15,0,6,7,1,1,0,0,0,0,0
2026 Spring,SPAN,2020,Advanced Intermediate Spanish,035854,"Mehfoud,Lauren",021,14456,College & Graduate Arts & Sci,3.57,13,0,6,4,1,0,0,1,1,0,0
2026 Spring,EGMT,1530,Engaging Differences,044514,"Fraser,Gertrude",123,19707,College & Graduate Arts & Sci,3.94,31,9,16,6,0,0,0,0,0,0,0
2026 Spring,STAT,1601,Intro Data Science with R,045055,"Roland,Kristen",003,12123,College & Graduate Arts & Sci,3.50,99,2,30,35,12,9,1,5,2,2,1
2026 Spring,PERS,1020,Elementary Persian II,029843,"Mohit,Mahshad",001,10600,College & Graduate Arts & Sci,3.92,11,1,7,3,0,0,0,0,0,0,0
2026 Spring,AAS,3500,Intermediate Seminar in AAS,039376,"Fields,Kimberly",005,13035,College & Graduate Arts & Sci,3.75,16,3,5,4,4,0,0,0,0,0,0
2026 Spring,ARTS,2810,Intro Sculpture (Clay),002886,"Rogers,LaRissa",001,20977,College & Graduate Arts & Sci,3.85,14,0,7,7,0,0,0,0,0,0,0
2026 Spring,COMM,2005,Found. of Management Comm.,048087,"Du,Yuxiang",010,21007,McIntire School of Commerce,3.57,33,0,5,16,10,1,1,0,0,0,0
2026 Spring,GNUR,5559,New Course in Graduate Nursing,043123,"Guyer,Sherrie",001,19161,School of Nursing,3.95,19,15,2,1,1,0,0,0,0,0,0
2026 Spring,MDST,3559,New Course: MDST,039189,"Little,William",003,21151,College & Graduate Arts & Sci,3.62,25,2,11,5,3,0,3,0,1,0,0
2026 Spring,HIUS,7658,19th-Century Social & Cultural,019736,"Varon,Elizabeth",001,19467,College & Graduate Arts & Sci,3.84,12,0,7,4,1,0,0,0,0,0,0
2026 Spring,ENGL,5101,Beowulf,012698,"Hopkins,Stephen",001,20202,College & Graduate Arts & Sci,3.89,8,0,5,3,0,0,0,0,0,0,0
2026 Spring,WGS,2559,New Course: WGS,039394,"Orsak,Sarah",001,19957,College & Graduate Arts & Sci,3.89,20,3,11,5,1,0,0,0,0,0,0
2026 Spring,ENGL,3825,Desktop Publishing,043442,"Livingood,James",001,20756,College & Graduate Arts & Sci,3.81,18,0,13,1,3,1,0,0,0,0,0
2026 Spring,NURS,4951,Distinguished Majors Sem II,029616,"Acquaviva,Kimberly",001,18592,School of Nursing,3.78,18,10,7,0,0,0,0,0,0,0,1
2026 Spring,EDLF,7806,Family & Community Engagement,009746,"Stacy,Jaime",500,15799,School of Education and HumanDev,3.95,11,2,7,2,0,0,0,0,0,0,0
2026 Spring,CS,4730,Computer Game Design,041617,"Hott,Robbie",001,17103,Engineering & Applied Science,3.30,76,0,19,26,7,6,6,6,1,2,3
2026 Spring,ISBU,3710,Managerial Finance,020285,"Schnur,Michael",101,20504,Continuing & Prof Studies,3.53,16,0,3,8,2,2,0,1,0,0,0
2026 Spring,CJ,5020,Behav Analysis as Decsn-Supprt,045229,"Dover,Thomas J.",B1,22268,Continuing & Prof Studies,4.00,21,12,9,0,0,0,0,0,0,0,0
2026 Spring,ENGR,1020,Engineering Foundations 2,046986,"Serrano,David Gutierrez",014,17243,Engineering & Applied Science,3.88,36,0,31,1,2,0,2,0,0,0,0
2026 Spring,AMST,3630,Vietnam War Lit & Film,044175,"Chong,Sylvia",001,19273,College & Graduate Arts & Sci,3.34,14,1,5,4,1,0,1,0,1,0,1
2026 Spring,GNUR,6253,PMH Disorders and Diagnoses,017013,"Gomes,Melissa",001,19199,School of Nursing,3.81,14,0,10,2,1,0,1,0,0,0,0
2026 Spring,EGMT,1530,Engaging Differences,044514,"Morse,Robyn",205,19713,College & Graduate Arts & Sci,3.66,35,0,25,4,1,2,0,0,1,0,2
2026 Spring,CS,6501,Spec Top: Computer Science,006981,"Lou,Chang",017,19587,Engineering & Applied Science,4.00,13,6,7,0,0,0,0,0,0,0,0
2026 Spring,CS,6501,Spec Top: Computer Science,006981,"Davidson,Jack",014,19588,Engineering & Applied Science,3.86,7,0,5,1,1,0,0,0,0,0,0
2026 Spring,PETR,3380,Ethics in Persian Literature,048366,"Fayyaz,Parwana",001,20901,College & Graduate Arts & Sci,4.00,14,9,5,0,0,0,0,0,0,0,0
2026 Spring,SOC,2900,Economy & Society,040817,"Fink,Pierre-Christian",001,20750,College & Graduate Arts & Sci,3.80,27,2,10,13,2,0,0,0,0,0,0
2026 Spring,EDIS,7890,Ed Entrepreneurship Practicum,045348,"Wheelock,Matthew",500,15795,School of Education and HumanDev,3.92,9,2,6,0,1,0,0,0,0,0,0
2026 Spring,NUIP,2080,Microbiology for Health Scienc,042612,"Connelly,Christine",001,18609,School of Nursing,3.53,60,4,16,18,9,6,3,4,0,0,0
2026 Spring,GNUR,6010,Advanced Pathophysiology,016929,"Quatrara,Beth",001,18685,School of Nursing,3.41,61,0,13,18,12,8,8,0,2,0,0
2026 Spring,ENGL,2508,Studies in Fiction,012491,"Kinney,James",006,20765,College & Graduate Arts & Sci,3.31,15,0,2,2,6,3,2,0,0,0,0
2026 Spring,ENGL,2599,Special Topics,012514,"Choudhury,Aindrila",006,20782,College & Graduate Arts & Sci,3.97,20,4,14,2,0,0,0,0,0,0,0
2026 Spring,GETR,3470,Writing & Screening Holocaust,015950,"Grossman,Jeffrey",001,14370,College & Graduate Arts & Sci,3.69,24,5,6,9,3,0,0,0,0,0,1
2026 Spring,NUIP,2311,Intro to Professional Practice,045254,"Hurst,Ashley",001,18695,School of Nursing,3.86,30,0,19,9,2,0,0,0,0,0,0
2026 Spring,PC,5060,Fed Acquisition Case Studies,029789,"Rich,James",701,20627,Continuing & Prof Studies,3.94,15,1,11,3,0,0,0,0,0,0,0
2026 Spring,ENWR,3760,Studies in Cultural Rhetoric,047224,"Carey,Tamika",001,19550,College & Graduate Arts & Sci,3.81,15,0,11,3,0,0,0,0,1,0,0
2026 Spring,MDST,3760,Black Digital Culture,044891,"Wade,Ashleigh",001,19166,College & Graduate Arts & Sci,3.97,18,13,3,2,0,0,0,0,0,0,0
2026 Spring,PHYS,8750,Elementary Particle Physics I,030965,"Heeck,Julian",001,13915,College & Graduate Arts & Sci,3.58,11,3,2,2,1,2,1,0,0,0,0
2026 Spring,LPPP,5559,New Crse: Pub Policy&Leadershp,044864,"Fountain,Galen",002,20829,Batten Leadership & Public Pol,3.68,10,0,3,5,1,1,0,0,0,0,0
2026 Spring,CS,6770,Natural Language Processing,048128,"Meng,Yu",001,19591,Engineering & Applied Science,3.96,57,29,23,4,0,1,0,0,0,0,0
2026 Spring,LATI,2020,Intermediate Latin II,021134,"Celotto,Giulio",001,10526,College & Graduate Arts & Sci,3.58,14,0,6,5,1,1,0,0,0,0,1
2026 Spring,GSGS,2000,Intro to Global Studies,047288,"Farmer,Tessa",001,19939,College & Graduate Arts & Sci,3.66,198,4,100,50,17,11,8,0,5,2,1
2026 Spring,ENCW,3610,Intermediate Fiction Writing,013477,"Vallianatos,Corinna",002,20754,College & Graduate Arts & Sci,3.95,11,2,7,2,0,0,0,0,0,0,0
2026 Spring,DRAM,2620,Sound Design,007233,"Rasbury,Michael",002,11552,College & Graduate Arts & Sci,3.93,12,2,7,3,0,0,0,0,0,0,0
2026 Spring,AIRS,1200,Foundations of USAF II,000290,"Smith,DJ",001,18824,Executive VP & Provost,3.87,12,2,6,3,1,0,0,0,0,0,0
2026 Spring,SYS,6582,Selected Topics in Sys Engr,036979,"Du,Hongru",002,21100,Engineering & Applied Science,3.86,9,1,5,2,1,0,0,0,0,0,0
2026 Spring,WGS,2700,Men and Masculinities,041671,"Speidel,Lisa",001,19958,College & Graduate Arts & Sci,3.97,60,0,58,0,1,1,0,0,0,0,0
2026 Spring,PLIR,4431,Democracy and Foreign Policy,042174,"Furia,Peter",001,13903,College & Graduate Arts & Sci,3.86,15,0,8,7,0,0,0,0,0,0,0
2026 Spring,PLAP,4500,Special Topics,031588,"Blinderman,Daniel",002,14059,College & Graduate Arts & Sci,3.79,19,0,7,11,1,0,0,0,0,0,0
2026 Spring,CS,6501,Spec Top: Computer Science,006981,"Fletcher,Tom",003,19629,Engineering & Applied Science,4.00,30,23,7,0,0,0,0,0,0,0,0
2026 Spring,MATH,3250,Ordinary Differential Equatns,023068,"Dimou,Evangelos",200,10556,College & Graduate Arts & Sci,3.09,36,3,9,5,4,4,3,1,4,0,3
2026 Spring,ECON,2010,Principles of Econ: Microecon,007876,"Doyle,Carter",100,11216,College & Graduate Arts & Sci,3.13,250,0,47,50,40,51,21,8,14,7,12
2026 Spring,ASL,1020,Elem Amer Sign Language II,003000,"Slusser,Miranda",003,11284,College & Graduate Arts & Sci,3.86,17,3,10,1,3,0,0,0,0,0,0
2026 Spring,PSYC,5500,Current Topics in Psychology,032717,"Coan,James",001,19969,College & Graduate Arts & Sci,3.90,25,17,4,1,3,0,0,0,0,0,0
2026 Spring,ENCW,5610,Advanced Fiction Writing II,013507,"Ball,Jesse",001,20755,College & Graduate Arts & Sci,4.00,9,2,7,0,0,0,0,0,0,0,0
2026 Spring,EDLF,3000,Research for Youth Development,043698,"Bell,Bethany",001,15575,School of Education and HumanDev,3.67,18,10,3,2,0,1,0,0,1,1,0
2026 Spring,PHYS,7620,Quantum Theory II,030944,"Cates,Gordon",001,10648,College & Graduate Arts & Sci,3.41,15,2,3,2,2,3,3,0,0,0,0
2026 Spring,EGMT,1530,Engaging Differences,044514,"Jaswal,Vikram",218,19726,College & Graduate Arts & Sci,3.99,35,4,30,1,0,0,0,0,0,0,0
2026 Spring,ENWR,1510,Writing and Critical Inquiry,013432,"Zhou,Holly",019,11178,College & Graduate Arts & Sci,3.85,17,0,12,3,1,1,0,0,0,0,0
2026 Spring,AAS,3500,Intermediate Seminar in AAS,039376,"Fields,Kimberly",004,13034,College & Graduate Arts & Sci,3.81,21,7,6,4,4,0,0,0,0,0,0
2026 Spring,MICR,8202,Integration and Divers of Immu,024116,"Erickson,Loren",001,18171,Medical School - BIMS/PHS,3.85,22,8,7,4,3,0,0,0,0,0,0
2026 Spring,SOC,3490,Cities and Cultures,037662,"Makarova,Ekaterina",001,13041,College & Graduate Arts & Sci,3.55,33,0,11,9,7,4,1,0,1,0,0
2026 Spring,PHYS,3180,Advanced Laboratory B,030858,"Yoon,Jongsoo",001,10643,College & Graduate Arts & Sci,3.98,12,6,5,1,0,0,0,0,0,0,0
2026 Spring,KOR,2060,Accel Intermediate Korean,046077,"Chung,Juyeon",001,13025,College & Graduate Arts & Sci,3.64,19,2,6,5,3,2,1,0,0,0,0
2026 Spring,EGMT,1540,Ethical Engagement,044515,"Gibson,Amanda",114,19756,College & Graduate Arts & Sci,3.86,34,0,29,2,0,2,0,0,0,1,0
2026 Spring,ECON,4080,Law and Economics,007948,"Westerfield,Maria",100,19350,College & Graduate Arts & Sci,3.78,24,3,10,7,3,1,0,0,0,0,0
2026 Spring,PHYS,2040,Princip of Physics 2 Workshop,030812,"Bychkov,Maksim",005,10636,College & Graduate Arts & Sci,4.00,26,18,8,0,0,0,0,0,0,0,0
2026 Spring,CLAS,3160,Athenian Democracy,048354,"Arthur-Montagne,Jacqueline",001,20928,College & Graduate Arts & Sci,3.78,29,6,17,2,0,3,0,0,0,0,1
2026 Spring,GCOM,7677,Negotiation,045305,"Burroughs,James E",001,21830,McIntire School of Commerce,3.82,22,0,9,13,0,0,0,0,0,0,0
2026 Spring,GCOM,7672,Open & Dist. Models of Innov.,044348,"Burroughs,James E",001,21832,McIntire School of Commerce,3.88,15,0,9,6,0,0,0,0,0,0,0
2026 Spring,PHS,4991,GPH Capstone,044464,"Valdez,Rupa",004,12438,College & Graduate Arts & Sci,3.94,18,0,16,1,1,0,0,0,0,0,0
2026 Spring,CHEM,2421,Organic Chemistry II Lab,006018,"Chruma,Jason",100,10407,College & Graduate Arts & Sci,3.62,126,4,59,26,12,19,3,0,1,1,1
2026 Spring,BIOL,3240,Introduction to Immunology,003549,"Kittlesen,David",001,10398,College & Graduate Arts & Sci,3.38,165,12,37,46,19,19,17,5,2,4,4
2026 Spring,CHEM,4420,Biological Chemistry II,005756,"Nakamoto,Robert",001,10414,College & Graduate Arts & Sci,3.55,94,3,33,20,15,13,10,0,0,0,0
2026 Spring,COBI,8101,Comp Bio I,048224,"Sheffield,Nathan",001,19226,Medical School - BIMS/PHS,3.88,6,1,4,0,1,0,0,0,0,0,0
2026 Spring,APMA,3110,Applied Stats & Probability,001153,"Maiti,Deepyaman",002,17140,Engineering & Applied Science,3.60,42,11,13,8,3,1,2,1,2,0,1
2026 Spring,EDLF,7812,Ldshp for Continuous Improve,042238,"Spicer,David Eddy",501,21801,School of Education and HumanDev,3.81,11,0,4,7,0,0,0,0,0,0,0
2026 Spring,PHYS,1420,Introductory Physics 1,046322,"Group,Robert",001,12425,College & Graduate Arts & Sci,3.30,32,4,8,3,6,7,1,0,0,1,2
2026 Spring,SPAN,2020,Advanced Intermediate Spanish,035854,"Hogg,Jennifer",009,11208,College & Graduate Arts & Sci,3.53,18,1,3,9,3,0,0,1,1,0,0
2026 Spring,PHYS,7420,Electricity and Magnetism II,030941,"Nichols,David",001,11360,College & Graduate Arts & Sci,3.50,16,0,3,5,6,1,1,0,0,0,0
2026 Spring,APMA,3140,App Partial Differentl Equatns,001155,"Morris,Diana",002,16818,Engineering & Applied Science,2.79,41,0,10,5,7,2,2,3,4,2,6
2026 Spring,PSYC,2700,Intro to Child Psychology,032516,"Vaish,Amrisha",001,10667,College & Graduate Arts & Sci,3.63,335,8,186,49,28,32,8,15,4,2,3
2026 Spring,PLAN,3500,Special Topics in Planning,031287,"Wilson,Barbara",001,19279,School of Architecture,3.87,10,3,4,2,1,0,0,0,0,0,0
2026 Spring,MUSI,3320,Theory II,024802,"Maus,Fred",001,11617,College & Graduate Arts & Sci,3.76,16,4,7,2,0,2,1,0,0,0,0
2026 Spring,ECON,4150,Economics of Labor,007955,"Harrington,Emma",100,19820,College & Graduate Arts & Sci,3.47,59,4,10,17,12,12,2,2,0,0,0
2026 Spring,GERM,3000,Advanced German,015707,"Zuerner,Chrisann",001,11429,College & Graduate Arts & Sci,3.81,17,2,11,2,0,1,0,1,0,0,0
2026 Spring,PSYC,4500,Spec Tops: Psychology,032600,"Shuman,Eric",004,19962,College & Graduate Arts & Sci,3.78,18,0,12,4,1,0,0,0,1,0,0
2026 Spring,PHYS,7210,Statistical Mechanics,030954,"Pesin,Dmytro",001,10649,College & Graduate Arts & Sci,3.47,21,0,8,0,7,5,1,0,0,0,0
2026 Spring,ENWR,3550,Advanced Digital Wrtng & Rhtrc,046579,"Childers,Jodie",002,19546,College & Graduate Arts & Sci,4.00,16,8,8,0,0,0,0,0,0,0,0
2026 Spring,EDHS,2240,Substance Abuse,009090,"Pleszkoch,Elisabeth",001,15422,School of Education and HumanDev,3.56,16,1,9,1,1,3,0,0,0,0,1
2026 Spring,PHYS,2040,Princip of Physics 2 Workshop,030812,"Bychkov,Maksim",009,12427,College & Graduate Arts & Sci,3.97,22,11,9,2,0,0,0,0,0,0,0
2026 Spring,ARAB,2020,Intermediate Arabic II,001285,"Mohamed,Suad",001,10745,College & Graduate Arts & Sci,3.37,15,0,3,7,1,0,2,0,2,0,0
2026 Spring,GETR,3360,The Art of Dreaming,048000,"Gutterman,Julia",001,21710,College & Graduate Arts & Sci,3.96,27,1,24,1,1,0,0,0,0,0,0
2026 Spring,ECON,3020,Intermediate Macroeconomics,007909,"Wang,Zitian",500,21729,College & Graduate Arts & Sci,3.41,29,4,6,7,3,5,1,2,0,0,1
2026 Spring,HIUS,2168,US-Mexico Border,048339,"Kang,S. Deborah",001,20879,College & Graduate Arts & Sci,3.95,30,0,26,3,1,0,0,0,0,0,0
2026 Spring,RELJ,3310,Jewish Law,034497,"Alexander,Elizabeth",100,20857,College & Graduate Arts & Sci,3.62,17,0,6,6,2,2,1,0,0,0,0
2026 Spring,RELC,5980,The Theology of Karl Barth,042630,"Jones,Paul",001,20858,College & Graduate Arts & Sci,3.90,6,0,4,2,0,0,0,0,0,0,0
2026 Spring,NUIP,3230,Spanish Health Care Providers,044509,"Estrada,Michelet McLean",001,18673,School of Nursing,3.88,13,1,8,3,1,0,0,0,0,0,0
2026 Spring,FREN,1050,Accelerated Elementary French,014277,"Huang,Song",001,10485,College & Graduate Arts & Sci,3.83,12,0,9,1,1,1,0,0,0,0,0
2026 Spring,STAT,2020,Statistics for Biologists,039999,"Ferrara,Maria",100,11431,College & Graduate Arts & Sci,3.53,156,7,55,45,18,14,5,4,4,1,3
2026 Spring,ECE,4130,Photovoltaics and Solar Energy,048394,"Gupta,Mool",001,21430,Engineering & Applied Science,3.16,10,0,3,1,3,2,0,0,0,0,1
2026 Spring,HHE,5700,Bioethics Internship Seminar,044045,"Shepherd,Lois",001,18362,Medical School - BIMS/PHS,3.83,6,0,4,1,1,0,0,0,0,0,0
2026 Spring,CE,3222,Water Resources Eng Workshop,045591,"Band,Lawrence",001,16822,Engineering & Applied Science,3.67,21,11,5,2,1,0,0,1,0,0,1
2026 Spring,ENWR,1520,Writing & Community Engagement,045365,"Richardson,Sarah",003,19539,College & Graduate Arts & Sci,3.94,18,14,3,0,0,1,0,0,0,0,0
2026 Spring,ECON,7030,Microeconomic Theory II,008022,"Anderson,Simon",100,11253,College & Graduate Arts & Sci,3.32,22,0,4,3,5,8,2,0,0,0,0
2026 Spring,ENCW,2600,Fiction Writing,013455,"Bunge,Tayler",010,14262,College & Graduate Arts & Sci,3.92,13,0,11,1,1,0,0,0,0,0,0
2026 Spring,GBAC,7215,Data Analytics III,045288,"Mousavi,Reza",001,14937,McIntire Darden Grad Business,3.80,44,0,20,21,2,0,1,0,0,0,0
2026 Spring,BME,6005,Research Fund for Biomed Eng,047338,"Griffin,Donald",001,17570,Engineering & Applied Science,3.96,23,11,10,1,1,0,0,0,0,0,0
2026 Spring,EGMT,1540,Ethical Engagement,044515,"Krause,Erica",113,19755,College & Graduate Arts & Sci,4.00,35,7,28,0,0,0,0,0,0,0,0
2026 Spring,CS,3710,Intro to Cybersecurity,045511,"Orebaugh,Angela",002,17468,Engineering & Applied Science,3.84,136,1,105,16,4,6,0,1,0,3,0
2026 Spring,MATH,4140,Math of Derivative Securities,023122,"Gromoll,Christian",001,11544,College & Graduate Arts & Sci,3.07,36,0,3,8,10,6,2,2,4,0,1
2026 Spring,ENGL,2508,Studies in Fiction,012491,"Krentz,Christopher",001,20199,College & Graduate Arts & Sci,3.20,18,0,4,1,5,4,2,1,0,1,0
2026 Spring,NUCO,4440,Trends/Issues Clin Nrsg Pract,042286,"Shepherd,Andrea",001,18694,School of Nursing,3.95,25,9,12,4,0,0,0,0,0,0,0
2026 Spring,PLAP,5993,Problems in American Politics,031624,"Stroupe,Kenneth",001,21618,College & Graduate Arts & Sci,3.91,14,3,9,1,0,1,0,0,0,0,0
2026 Spring,DS,2024,Value I: Ethics & Policy in DS,047263,"Martin,Aaron",001,18926,School of Data Science,3.99,62,0,59,3,0,0,0,0,0,0,0
2026 Spring,DS,6001,Data Eng I: Data Pipeline Arch,043301,"Kropko,Jonathan",001,18929,School of Data Science,3.74,49,23,17,3,2,1,1,0,0,0,2
2026 Spring,LAW,7022,Employment Discrimination,021642,"Forde-Mazrui,Kim",1,19027,School of Law,3.46,39,0,5,12,15,7,0,0,0,0,0
2026 Spring,MDST,3504,Topics in Global Media,042990,"Goin,Keara",001,12379,College & Graduate Arts & Sci,3.89,25,0,22,1,1,0,0,1,0,0,0
2026 Spring,MATH,5080,Operations Research,046381,"Foldes,Juraj",001,19992,College & Graduate Arts & Sci,3.75,39,1,24,5,6,1,1,1,0,0,0
2026 Spring,COBI,8102,Comp Bio II,048225,"Sheffield,Nathan",001,19227,Medical School - BIMS/PHS,3.88,6,1,4,0,1,0,0,0,0,0,0
2026 Spring,HIEU,2072,Modern Europe and the World,018395,"Sessions,Jennifer",100,18955,College & Graduate Arts & Sci,3.77,51,5,28,10,3,2,1,2,0,0,0
2026 Spring,COMM,3050,Managerial Decision Making,006457,"Landgraf,Polina",002,14619,McIntire School of Commerce,3.44,30,2,6,9,6,5,0,1,0,0,1
2026 Spring,DS,6050,ML III: Deep Learning,046347,"Hartvigsen,Tom",002,18937,School of Data Science,3.88,44,21,17,5,0,0,0,0,0,0,1
2026 Spring,ARTS,2000,Intro to Studio Art,045397,"Chan,Amy",001,12126,College & Graduate Arts & Sci,3.90,16,0,12,3,1,0,0,0,0,0,0
2026 Spring,DS,1002,Programming for Data Science,046058,"Dahshan,Mai",002,15295,School of Data Science,3.85,68,10,41,11,3,1,0,1,0,1,0
2026 Spring,STS,4600,Engr Ethcs Prof Responsibility,036750,"Ripley,Karina",008,16214,Engineering & Applied Science,3.93,28,20,6,0,0,2,0,0,0,0,0
2026 Spring,BIMS,8382,Practical Biomed Statistics II,044058,"Martin,David",01,21514,Medical School - BIMS/PHS,3.91,25,0,19,5,1,0,0,0,0,0,0
2026 Spring,MATH,4330,Calculus on Manifolds,023137,"Quigley,J.D.",001,11343,College & Graduate Arts & Sci,3.79,14,5,6,0,1,1,1,0,0,0,0
2026 Spring,ANTH,2820,Emergence of States and Cities,000700,"Wattenmaker,Patricia",100,12430,College & Graduate Arts & Sci,3.62,51,1,18,18,8,2,2,0,2,0,0
2026 Spring,ECE,2700,Signals and Systems,046965,"Sidiropoulos,Nikolaos",002,19611,Engineering & Applied Science,3.01,42,3,5,5,7,9,0,4,5,4,0
2026 Spring,AIRS,2200,Team & Leadersh Fundamentls II,000293,"Mittelmark,Cary",001,18875,Executive VP & Provost,3.95,11,1,8,2,0,0,0,0,0,0,0
2026 Spring,NUIP,3311,"Quality, Safety, and EBP",045255,"Petermann,Victoria",001,18689,School of Nursing,3.88,55,0,41,11,2,0,0,0,1,0,0
2026 Spring,PSYC,2200,Survey Neural Basis of Behav,032491,"Clabough,Erin",001,20921,College & Graduate Arts & Sci,3.35,131,6,34,19,23,29,9,2,6,3,0
2026 Spring,CS,2130,Computer Systems and Org 1,046226,"Yi,Xinyao",002,17464,Engineering & Applied Science,2.98,44,0,6,6,8,12,2,3,4,1,2
2026 Spring,CJ,5730,Leadership in Complex Environ,046499,"Lehman,Matthew D",C901,21338,Continuing & Prof Studies,3.82,5,0,2,3,0,0,0,0,0,0,0
2026 Spring,ECE,2200,Applied Physics,046963,"Williams,Keith",001,17262,Engineering & Applied Science,3.78,131,22,70,24,6,5,0,0,1,1,2
2026 Spring,EDIS,5409,Children's Literature,043575,"Schnoor,Diane",500,15782,School of Education and HumanDev,3.97,10,7,2,1,0,0,0,0,0,0,0
2026 Spring,EDIS,7815,Pro-seminar: Innovations in Ed,044637,"Wheelock,Matthew",500,15794,School of Education and HumanDev,3.82,24,5,10,6,2,1,0,0,0,0,0
2026 Spring,PHYS,2040,Princip of Physics 2 Workshop,030812,"Bychkov,Maksim",022,14381,College & Graduate Arts & Sci,3.93,26,18,4,3,0,1,0,0,0,0,0
2026 Spring,HIME,2010,History of Palestine/Israel,046971,"Kahlenberg,Caroline",001,18976,College & Graduate Arts & Sci,3.93,30,0,25,4,0,1,0,0,0,0,0
2026 Spring,NASC,1100,Seapower and Maritime Affairs,025306,"Hamilton,Matthew",001,18851,Executive VP & Provost,3.77,15,2,7,5,0,0,0,0,1,0,0
2026 Spring,LAW,7111,Con Law II: Survy/Civl Liberty,041677,"Cope,Kevin",1,19034,School of Law,3.50,27,0,6,5,13,3,0,0,0,0,0
2026 Spring,HIEU,2102,Modern Jewish History,018397,"Dynner,Glenn",001,18961,College & Graduate Arts & Sci,3.90,30,1,23,4,1,1,0,0,0,0,0
2026 Spring,EDLF,8383,Qualitative Inquiry,044850,"Rogers,Laura",500,16052,School of Education and HumanDev,3.90,10,6,2,1,1,0,0,0,0,0,0
2026 Spring,CHEM,2321,Org Lab II Non-Chem Maj/Min,043155,"Chruma,Jason",012,11928,College & Graduate Arts & Sci,3.75,36,1,17,11,4,3,0,0,0,0,0
2026 Spring,PHYS,2040,Princip of Physics 2 Workshop,030812,"Bychkov,Maxim Aleksandrovich",015,12841,College & Graduate Arts & Sci,3.91,11,9,1,0,0,1,0,0,0,0,0
2026 Spring,ARH,8604,Field Methods I Bldg Arch,044083,"Johnston,Andrew",001,10081,School of Architecture,3.94,16,0,13,3,0,0,0,0,0,0,0
2026 Spring,PHYS,2040,Princip of Physics 2 Workshop,030812,"Bychkov,Maxim Aleksandrovich",014,12840,College & Graduate Arts & Sci,4.00,15,12,3,0,0,0,0,0,0,0,0
2026 Spring,STS,4600,Engr Ethcs Prof Responsibility,036750,"Wayland,Kent",025,19903,Engineering & Applied Science,3.45,25,0,13,1,5,2,3,0,0,0,1
2026 Spring,BIOL,4310,Sensory Neurobiology,003618,"Provencio,Ignacio",001,12612,College & Graduate Arts & Sci,2.98,26,3,4,5,2,4,1,0,2,3,2
2026 Spring,EGMT,1540,Ethical Engagement,044515,"Milov,Sarah",213,19780,College & Graduate Arts & Sci,3.91,34,0,27,5,2,0,0,0,0,0,0
2026 Spring,ECON,3010,Intermediate Microeconomics,007908,"Kripalani,Jessica",092,13008,College & Graduate Arts & Sci,3.06,93,17,26,6,9,5,7,5,1,2,15
2026 Spring,EDLF,6030,Student Affairs in Higher Ed,009793,"Whitley,Sarah",001,16049,School of Education and HumanDev,4.00,17,4,13,0,0,0,0,0,0,0,0
2026 Spring,CJ,5610,Constitutional Law & Policing,039972,"Chechak,Kevin",A2,21390,Continuing & Prof Studies,3.87,17,1,10,5,1,0,0,0,0,0,0
2026 Spring,ENWR,2520,Special Topics in Writing,013448,"D'Errico,Jon",004,13064,College & Graduate Arts & Sci,3.90,15,0,10,5,0,0,0,0,0,0,0
2026 Spring,ISIN,4510,Sp Tps Conduct Inquiry: So Sci,043255,"Floyd,Richard",102,20522,Continuing & Prof Studies,3.36,24,0,10,4,4,2,2,0,0,0,2
2026 Spring,ISLS,3000,Transformations: Liberal Arts,044252,"Horton,David",102,20524,Continuing & Prof Studies,3.59,23,3,6,7,0,6,1,0,0,0,0
2026 Spring,ITTR,3670,Contemporary Italian Cinema,045364,"White,Tonya L.",501,19443,College & Graduate Arts & Sci,4.00,12,3,9,0,0,0,0,0,0,0,0
2026 Spring,CHEM,1421,Intro College Chemistry II Lab,005994,"Morkowchuk,Lisa",40,21764,College & Graduate Arts & Sci,3.68,24,8,8,2,2,1,1,2,0,0,0
2026 Spring,CHEM,1421,Intro College Chemistry II Lab,005994,"Morkowchuk,Lisa",42,21766,College & Graduate Arts & Sci,3.88,24,12,7,3,1,0,1,0,0,0,0
2026 Spring,CS,4790,Cryptocurrency,047502,"Bloomfield,Aaron",001,17594,Engineering & Applied Science,2.96,48,3,6,13,7,4,4,1,3,1,6
2026 Spring,FREN,2020,Intermediate French II,014316,"Schuliar,Auguste",004,11396,College & Graduate Arts & Sci,3.75,12,0,7,2,2,1,0,0,0,0,0
2026 Spring,DS,3001,Foundations of ML,045203,"Nelson,Ethan",004,21143,School of Data Science,3.84,65,19,32,6,4,3,0,0,0,0,1
2026 Spring,NUCO,4056,Introduction to Health Policy,045043,"Acquaviva,Kimberly",001,18683,School of Nursing,3.98,61,49,8,4,0,0,0,0,0,0,0
2026 Spring,WGS,3230,Gender and the Olympic Games,044499,"Hagerman,Bonnie",001,19959,College & Graduate Arts & Sci,3.16,25,0,10,5,2,2,0,1,2,1,2
2026 Spring,ECE,3502,Special Topics ECE,040914,"Bezzo,Nicola",005,19614,Engineering & Applied Science,3.43,31,2,10,9,3,3,0,1,1,1,1
2026 Spring,COMM,3040,Strategic Value Creation,006456,"Erwin,Gayle",005,14614,McIntire School of Commerce,3.62,33,0,8,12,13,0,0,0,0,0,0
2026 Spring,CHE,6561,Special Topics in ChE,045727,"Taylor,Phillip",001,17537,Engineering & Applied Science,3.73,6,0,4,1,0,0,1,0,0,0,0
2026 Spring,CS,3250,Software Testing,045512,"Praphamontripong,Upsorn",001,17578,Engineering & Applied Science,2.93,72,6,12,6,5,14,7,5,8,5,4
2026 Spring,PHS,7470,Mngt & Quality in HC Orgs,030390,"Oliver,M",001,18330,Medical School - BIMS/PHS,3.98,31,0,29,2,0,0,0,0,0,0,0
2026 Spring,EGMT,1530,Engaging Differences,044514,"Jameson-Ellsmore,Ben",206,19714,College & Graduate Arts & Sci,4.00,35,17,18,0,0,0,0,0,0,0,0
2026 Spring,DS,5007,Don't Invent The Torment Nexus,048371,"Hicks,Mar",001,20859,School of Data Science,3.87,11,4,5,0,2,0,0,0,0,0,0
2026 Spring,SPAN,2010,Intermediate Spanish,035853,"Wellbeloved,Elizabeth A.",501,19386,College & Graduate Arts & Sci,3.90,20,4,9,7,0,0,0,0,0,0,0
2026 Spring,MSE,6020,Defects & Microstruct in Matls,024420,"Zhigilei,Leonid",600,16967,Engineering & Applied Science,3.26,5,0,0,2,2,0,0,1,0,0,0
2026 Spring,AMST,2500,Major Works for Amer Studies,000454,"Coyoca,David",001,13272,College & Graduate Arts & Sci,3.32,18,0,9,2,1,1,1,1,2,0,1
2026 Spring,MDST,7559,New Course: MDST,040355,"Sloane,Mona",002,21711,College & Graduate Arts & Sci,3.93,9,4,3,2,0,0,0,0,0,0,0
2026 Spring,EDIS,5080,Differentiating Instruction,045846,"Sullivan,Melissa",500,15699,School of Education and HumanDev,3.80,21,0,13,6,0,1,1,0,0,0,0
2026 Spring,LAW,7071,Professional Responsibility,021935,"Faglioni,Kelly",2,17881,School of Law,3.39,41,1,3,10,17,9,1,0,0,0,0
2026 Spring,MATH,1140,Financial Mathematics,022937,"Park,Jun",001,10533,College & Graduate Arts & Sci,3.49,34,0,16,7,3,5,1,0,0,0,2
2026 Spring,MUSI,2110,Listen to Everyday Life,024754,"Davilan,Ali",001,19742,College & Graduate Arts & Sci,3.83,20,0,12,6,1,1,0,0,0,0,0
2026 Spring,ARCH,5715,Elements of Design,045503,"Clark,William",100,10080,School of Architecture,3.95,20,3,14,3,0,0,0,0,0,0,0
2026 Spring,LAR,6020,Foundation Studio II,020951,"Cantrell,Lauren",002,10082,School of Architecture,3.26,10,1,2,2,4,0,0,0,0,0,1
2026 Spring,MATH,1110,Probability/Finite Mathematics,022934,"Cernekova,Kristina",001,10532,College & Graduate Arts & Sci,2.66,32,2,6,3,3,4,0,3,3,3,5
2026 Spring,PSYC,7720,Quantitative Methods II,032792,"Tong,Xin",100,10672,College & Graduate Arts & Sci,3.97,20,0,18,2,0,0,0,0,0,0,0
2026 Spring,RELC,3030,Jesus and the Gospels,033973,"Tite,Philip",001,19503,College & Graduate Arts & Sci,3.69,27,1,20,2,1,1,0,0,1,0,1
2026 Spring,CHEM,2420,Organic Chemistry II,005699,"Wellbeloved,Elizabeth A.",502,19419,College & Graduate Arts & Sci,3.86,14,0,11,1,1,1,0,0,0,0,0
2026 Spring,RELJ,2040,American Judaism,034465,"Shuman,Sam",001,20847,College & Graduate Arts & Sci,3.93,12,1,8,3,0,0,0,0,0,0,0
2026 Spring,APMA,2130,Ordinary Differentl Equations,001145,"Dizaji,Farzad Shafiei",006,21527,Engineering & Applied Science,3.38,48,7,4,16,6,6,4,1,4,0,0
2026 Spring,MSE,2200,AM and 3-D Printing,045587,"Ma,Ji",001,16817,Engineering & Applied Science,3.89,50,0,42,4,2,1,0,1,0,0,0
2026 Spring,PHYS,2419,Intro Physics 2 Workshop,031079,"Bychkov,Maksim",002,11281,College & Graduate Arts & Sci,3.88,26,15,8,1,0,1,0,1,0,0,0
2026 Spring,ANTH,5100,Indigenous Landscape,048299,"Igoe,Jim",001,20883,College & Graduate Arts & Sci,3.78,6,1,3,1,0,1,0,0,0,0,0
2026 Spring,SPAN,2010,Intermediate Spanish,035853,"Young,Sara",005,11189,College & Graduate Arts & Sci,3.41,14,0,1,5,5,2,1,0,0,0,0
2026 Spring,EGMT,1510,Engaging Aesthetics,044512,"Loeb,Hannah",215,13100,College & Graduate Arts & Sci,3.97,22,4,16,2,0,0,0,0,0,0,0
2026 Spring,ENGL,3540,Studies in Nineteenth-Century,012784,"Arata,Stephen",002,20196,College & Graduate Arts & Sci,3.61,17,0,8,4,2,2,0,0,1,0,0
2026 Spring,ENGL,4560,Seminar Modern & Contemp Lit,012608,"Fraiman,Susan",001,20198,College & Graduate Arts & Sci,3.65,17,1,6,5,3,1,1,0,0,0,0
2026 Spring,CLAS,2559,New Course: CLAS,038601,"Williams,David",001,21790,College & Graduate Arts & Sci,3.62,13,1,4,5,2,0,0,0,1,0,0
2026 Spring,EDLF,7811,Ldship for Teaching & Learning,009818,"Dexter,Sara",500,15803,School of Education and HumanDev,3.96,14,0,12,2,0,0,0,0,0,0,0
2026 Spring,BME,3090,Biomed IDEAS Lab II,004071,"Allen,Timothy",101,20852,Engineering & Applied Science,3.97,35,1,32,1,1,0,0,0,0,0,0
2026 Spring,PHIL,2060,Phil Problems in Law,030052,"Adams,Nate",100,13737,College & Graduate Arts & Sci,3.63,108,0,38,40,15,11,2,1,1,0,0
2026 Spring,SYS,5581,Topics in Systems Engineering,040876,"Moore,Hunter",600,20264,Engineering & Applied Science,3.70,13,0,6,4,1,2,0,0,0,0,0
2026 Spring,PSYC,3200,Fundamentals of Neuroscience,046163,"Cang,Jianhua",001,12376,College & Graduate Arts & Sci,3.68,150,9,81,28,7,12,7,1,3,1,1
2026 Spring,MAE,2320,Dynamics,022576,"Wellbeloved,Elizabeth A.",501,19367,Engineering & Applied Science,3.23,18,0,5,4,1,2,3,0,3,0,0
2026 Spring,CS,6501,Spec Top: Computer Science,006981,"Fioretto,Ferdinando",005,17272,Engineering & Applied Science,3.95,26,6,16,4,0,0,0,0,0,0,0
2026 Spring,EGMT,1530,Engaging Differences,044514,"Abdelghaffar,Alaa",210,19718,College & Graduate Arts & Sci,3.99,35,8,26,1,0,0,0,0,0,0,0
2026 Spring,ARTS,2632,Life Drawing II,002875,"Ohira,Akemi",001,20978,College & Graduate Arts & Sci,3.85,11,1,7,2,0,1,0,0,0,0,0
2026 Spring,GERM,3230,Contemporary German,015721,"Bennett,Benjamin",001,20091,College & Graduate Arts & Sci,3.84,12,0,7,4,1,0,0,0,0,0,0
2026 Spring,ECON,4420,Macroeconomic Policy,007976,"Leeper,Eric",100,19363,College & Graduate Arts & Sci,3.60,35,8,7,10,4,2,3,0,0,1,0
2026 Spring,PSYC,5326,The Neurosci of Soc Relations,043416,"Coan,James",001,19968,College & Graduate Arts & Sci,3.92,25,17,5,2,0,0,1,0,0,0,0
2026 Spring,ISLS,3010,Nationalism & Nationl Identity,020398,"Plunkett,Ann Marie",101,20525,Continuing & Prof Studies,3.59,27,0,16,8,1,0,0,0,0,0,2
2026 Spring,EGMT,1520,Empirical Engagement,044513,"Tong,Xin",211,19671,College & Graduate Arts & Sci,3.70,30,14,12,0,0,1,0,0,2,0,1
2026 Spring,ECON,4110,Competitive Strategy,045763,"Moore,Michael",001,12356,College & Graduate Arts & Sci,3.45,41,0,6,15,8,10,2,0,0,0,0
2026 Spring,PSCJ,5320,"Leadership, Mngmt, and Commun",032185,"Piro,George",MS03,21437,Continuing & Prof Studies,3.89,28,0,18,10,0,0,0,0,0,0,0
2026 Spring,STAT,5630,Statistical Machine Learning,043509,"Wang,Lingxiao",001,12347,College & Graduate Arts & Sci,3.94,30,0,25,4,1,0,0,0,0,0,0
2026 Spring,EDIS,5144,Applying Special Ed Research,047892,"Pollitt,Daniel",500,16074,School of Education and HumanDev,3.86,5,1,3,0,1,0,0,0,0,0,0
2026 Spring,EGMT,1540,Ethical Engagement,044515,"Brubaker,Evan",214,19781,College & Graduate Arts & Sci,3.89,34,0,29,3,1,0,0,0,0,1,0
2026 Spring,STAT,1602,Intro Data Science with Python,045052,"Peterson,Kyle",003,19920,College & Graduate Arts & Sci,3.71,30,11,7,6,2,1,2,0,1,0,0
2026 Spring,STAT,3280,Data Visual and Management,045458,"Ross,Richard",001,12370,College & Graduate Arts & Sci,3.80,60,0,49,3,0,6,0,0,1,0,1
2026 Spring,ENGL,2507,Studies in Drama,012489,"Olwell,Victoria",001,20235,College & Graduate Arts & Sci,3.58,18,0,6,6,3,2,0,1,0,0,0
2026 Spring,GCOM,7664,Entrepr. Finance and FinTech,048188,"Burroughs,James E",001,21836,McIntire School of Commerce,3.83,7,0,3,4,0,0,0,0,0,0,0
2026 Spring,ISHU,3501,Themes in Soc Sci and Human,047462,"Ach,Jada",101,21539,Continuing & Prof Studies,3.81,10,1,6,2,0,0,1,0,0,0,0
2026 Spring,GBAC,7500,Topics in Business Analytics,047340,"Wright,Ryan",001,21988,McIntire Darden Grad Business,3.71,44,6,13,14,8,3,0,0,0,0,0
2026 Spring,EDIS,5000,The Exceptional Learner,009423,"Brinkley,Caroline",500,15772,School of Education and HumanDev,3.76,25,5,8,8,1,3,0,0,0,0,0
2026 Spring,EDIS,5175,Issues in K-12 Education,009699,"Baran,John",500,15779,School of Education and HumanDev,3.91,22,0,20,0,0,2,0,0,0,0,0
2026 Spring,ECON,8190,Econ of Underdeveloped Areas,008070,"Sukhtankar,Sandip",001,13014,College & Graduate Arts & Sci,3.90,10,1,7,1,1,0,0,0,0,0,0
2026 Spring,KINE,3410,Exercise Physiology,009117,"Swift,Damon",001,15978,School of Education and HumanDev,3.69,50,6,27,2,5,8,1,0,1,0,0
2026 Spring,PSYC,2600,Intro to Social Psychology,032521,"Mazurek,Christopher",001,10668,College & Graduate Arts & Sci,3.44,393,15,124,114,41,33,27,16,10,4,9
2026 Spring,RELH,5221,Hindu-Muslim Encounters,047111,"Nair,Shankar",001,19521,College & Graduate Arts & Sci,3.74,5,0,2,2,1,0,0,0,0,0,0
2026 Spring,CJ,5660,Leading Through Wellness,041450,"Fortier,Carol Heinzmann",A1,21369,Continuing & Prof Studies,4.00,17,12,5,0,0,0,0,0,0,0,0
2026 Spring,EDIS,3020,The Exceptional Learner,009391,"Corr,Francis",500,15765,School of Education and HumanDev,4.00,29,16,13,0,0,0,0,0,0,0,0
2026 Spring,CE,6500,Special Topics in CE,004607,"Lakshmi,Venkataraman",001,20153,Engineering & Applied Science,4.00,9,4,5,0,0,0,0,0,0,0,0
2026 Spring,ECE,4502,Special Topics ECE,040910,"Shukla,Nikhil",001,17312,Engineering & Applied Science,4.00,15,7,8,0,0,0,0,0,0,0,0
2026 Spring,PSCJ,5350,Indvl & Orgnzl Effectiveness,032188,"Haiman,Marvin",MS05,22167,Continuing & Prof Studies,3.90,28,0,19,9,0,0,0,0,0,0,0
2026 Spring,COMM,3120,Intermediate Accounting II,006462,"Winchel,Jennifer",001,14626,McIntire School of Commerce,3.83,31,0,22,4,3,2,0,0,0,0,0
2026 Spring,ETP,3500,Topics in ETP,047195,"Schuyler,Carolyn",002,21284,College & Graduate Arts & Sci,3.86,11,0,6,5,0,0,0,0,0,0,0
2026 Spring,BME,3090,Biomed IDEAS Lab II,004071,"Allen,Timothy",103,20854,Engineering & Applied Science,3.96,33,1,30,1,0,1,0,0,0,0,0
2026 Spring,HIUS,4501,Seminar United States History,019633,"Harold,Claudrena",002,21977,College & Graduate Arts & Sci,3.76,11,0,8,2,0,0,0,0,1,0,0
2026 Spring,COMM,4660,Mgmt Consulting & Advisory Svc,006529,"Seaborn,Paul",001,14664,McIntire School of Commerce,3.51,17,0,2,9,3,1,2,0,0,0,0
2026 Spring,EGMT,1520,Empirical Engagement,044513,"Lenhart,Benedict",120,19656,College & Graduate Arts & Sci,3.97,35,0,31,4,0,0,0,0,0,0,0
2026 Spring,PHIL,3500,Seminar in Philosophy,040315,"Payton,Dee",001,21331,College & Graduate Arts & Sci,3.56,29,0,17,5,1,0,1,2,3,0,0
2026 Spring,MAE,6592,Spec Topcs in Mech & Aero Engr,022685,"Alfonte,David",004,20448,Engineering & Applied Science,3.86,13,0,7,6,0,0,0,0,0,0,0
2026 Spring,ISSS,3015,Pract App & Understand of Data,048406,"McElvain,James",101,21535,Continuing & Prof Studies,3.85,11,2,7,0,1,1,0,0,0,0,0
2026 Spring,COMM,2005,Found. of Management Comm.,048087,"Patterson,Robert",011,21008,McIntire School of Commerce,3.35,33,0,1,11,17,2,1,0,0,0,1
2026 Spring,MDST,8003,Methods of Media Research,045841,"Driscoll,Kevin",001,13487,College & Graduate Arts & Sci,3.91,14,0,10,4,0,0,0,0,0,0,0
2026 Spring,EGMT,1510,Engaging Aesthetics,044512,"Kuhn,Mary",120,13086,College & Graduate Arts & Sci,3.94,35,0,33,0,1,0,1,0,0,0,0
2026 Spring,LAW,7088,Law and Public Service,040070,"Kim,Annie",2,18001,School of Law,3.53,23,0,5,5,12,1,0,0,0,0,0
2026 Spring,NESC,8010,Seminar in Neuroscience,029306,"Campbell,John",001,18311,Medical School - BIMS/PHS,3.92,54,24,20,8,1,0,1,0,0,0,0
2026 Spring,EDIS,3020,The Exceptional Learner,009391,"Hua,Youjia",502,15840,School of Education and HumanDev,3.93,30,0,25,4,0,1,0,0,0,0,0
2026 Spring,MDST,2727,African-American Pop Culture,048001,"Coleman,Robin Means",001,19164,College & Graduate Arts & Sci,3.57,12,0,7,2,0,1,1,0,0,1,0
2026 Spring,COMM,2005,Found. of Management Comm.,048087,"Du,Yuxiang",009,21006,McIntire School of Commerce,3.49,34,0,6,18,6,2,0,1,0,0,1
2026 Spring,ECE,6502,Spec Top:Elect & Computer Engr,007732,"Shukla,Nikhil",005,17489,Engineering & Applied Science,3.93,18,8,8,1,0,1,0,0,0,0,0
2026 Spring,EGMT,1520,Empirical Engagement,044513,"Heffernan,Elise",216,19676,College & Graduate Arts & Sci,3.98,14,8,5,1,0,0,0,0,0,0,0
2026 Spring,EBUS,2830,Innovation New Ventures,043893,"Prpich,George",001,17459,Engineering & Applied Science,3.92,45,0,36,8,0,1,0,0,0,0,0
2026 Spring,EDLF,7601,Social Foundations of ED,009731,"Shaffer,Sharon",501,16081,School of Education and HumanDev,3.45,20,2,9,6,0,0,1,0,0,0,2
2026 Spring,SYS,2001,Systems Engineering Concepts,036895,"Burkett,Matthew",001,17279,Engineering & Applied Science,3.66,70,0,25,32,9,2,0,0,1,0,1
2026 Spring,CJ,5495,CI: Executive Decision Making,047240,"Yansick,Michael",A1,21355,Continuing & Prof Studies,4.00,23,4,19,0,0,0,0,0,0,0,0
2026 Spring,COMM,2003,Found. of Information Systems,048085,"Schuff,David",001,20985,McIntire School of Commerce,3.50,70,0,8,35,15,6,5,1,0,0,0
2026 Spring,COMM,3230,Managing Innovation,045750,"Martin,Eric",002,21024,McIntire School of Commerce,3.90,20,0,13,7,0,0,0,0,0,0,0
2026 Spring,ARCH,3020,Foundation Studio V,001518,"Bachman,JT",001,10023,School of Architecture,3.22,13,2,2,2,5,0,0,0,0,0,2
2026 Spring,GSGS,3550,Topics in Global Studies,047275,"Vargas,Rolando",001,19940,College & Graduate Arts & Sci,3.90,16,5,7,3,1,0,0,0,0,0,0
2026 Spring,FREN,3061,Cultivating Your Voice,048358,"Ogden,Amy",001,20936,College & Graduate Arts & Sci,3.96,25,1,23,0,0,1,0,0,0,0,0
2026 Spring,EGMT,1520,Empirical Engagement,044513,"Pendergrass,Sabrina",230,21760,College & Graduate Arts & Sci,3.86,14,0,10,2,2,0,0,0,0,0,0
2026 Spring,ASTR,1220,Intro Stars Galaxies Universe,003047,"Pryal,Matthew",002,12371,College & Graduate Arts & Sci,3.44,94,1,25,38,7,7,6,3,3,2,2
2026 Spring,PHYS,2040,Princip of Physics 2 Workshop,030812,"Bychkov,Maksim",029,20963,College & Graduate Arts & Sci,3.94,20,10,8,1,0,1,0,0,0,0,0
2026 Spring,EDLF,5160,Life Span Development,043142,"Smith,Ray",501,21756,School of Education and HumanDev,3.28,21,0,12,3,1,0,1,0,1,1,2
2026 Spring,CJ,5020,Behav Analysis as Decsn-Supprt,045229,"Dover,Thomas J.",A1,21724,Continuing & Prof Studies,4.00,17,10,7,0,0,0,0,0,0,0,0
2026 Spring,LAW,7082,Secured Transactions,021616,"Hynes,Richard",1,18005,School of Law,3.42,16,0,0,7,6,3,0,0,0,0,0
2026 Spring,PHIL,3640,Political Philosophy,030092,"Motchoulski,Alexander",001,20123,College & Graduate Arts & Sci,3.69,30,3,16,3,2,3,3,0,0,0,0
2026 Spring,NUCO,4720,Synthesis Practicum,043231,"Taliaferro-Jones,Elizabeth",002,19593,School of Nursing,3.99,59,27,31,1,0,0,0,0,0,0,0
2026 Spring,GCNL,5170,Persons w/Complex Health Probs,015378,"Craig,Sarah",100,18596,School of Nursing,3.99,61,1,58,2,0,0,0,0,0,0,0
2026 Spring,PHS,7120,Comp Effect and Outcomes,030373,"Lobo,Jennifer",001,18341,Medical School - BIMS/PHS,3.97,10,3,6,1,0,0,0,0,0,0,0
2026 Spring,GCNL,5250,CNL in Health Care System,015370,"Anderson,Joel",001,18599,School of Nursing,3.97,42,20,19,2,1,0,0,0,0,0,0
2026 Spring,COMM,3040,Strategic Value Creation,006456,"Yung,Christopher",008,14617,McIntire School of Commerce,3.39,40,0,6,9,14,8,3,0,0,0,0
2026 Spring,MAE,6250,Multibody Mechanical Systems,022660,"Russell,Shawn",001,16722,Engineering & Applied Science,3.20,15,0,5,1,2,2,2,1,2,0,0
2026 Spring,GNUR,5260,Care Environment Management I,016898,"Ridge,Richard",001,18598,School of Nursing,3.96,61,5,48,8,0,0,0,0,0,0,0
2026 Spring,PHS,7411,Hlth Policy Analysis: Sec Data,045367,"Zelle,Heather",001,18344,Medical School - BIMS/PHS,3.90,26,1,16,9,0,0,0,0,0,0,0
2026 Spring,ENGL,3924,Vietnam War Lit & Film,044122,"Chong,Sylvia",001,20753,College & Graduate Arts & Sci,3.60,22,0,7,6,7,2,0,0,0,0,0
2026 Spring,EGMT,1520,Empirical Engagement,044513,"Lenhart,Benedict",220,19680,College & Graduate Arts & Sci,3.92,35,0,32,1,1,0,0,1,0,0,0
2026 Spring,EGMT,1530,Engaging Differences,044514,"Morse,Robyn",104,19688,College & Graduate Arts & Sci,3.75,35,0,24,8,1,0,0,0,0,1,1
2026 Spring,APMA,3140,App Partial Differentl Equatns,001155,"Fernando,Anne",003,17115,Engineering & Applied Science,2.97,26,0,5,6,2,4,4,1,0,1,3
2026 Spring,COMM,2004,QA for Bus. Decision-Making,048086,"Landgraf,Polina",005,20995,McIntire School of Commerce,3.36,67,0,1,28,17,19,1,0,0,1,0
2026 Spring,CHEM,1421,Intro College Chemistry II Lab,005994,"Morkowchuk,Lisa",41,21765,College & Graduate Arts & Sci,3.96,22,13,6,3,0,0,0,0,0,0,0
2026 Spring,LASE,3559,New Course: LASE,041801,"Frost,Melissa",002,21725,College & Graduate Arts & Sci,3.94,16,8,7,0,0,1,0,0,0,0,0
2026 Spring,PHIL,1410,Forms of Reasoning,030021,"Oswald,Charles",200,21700,College & Graduate Arts & Sci,3.63,18,0,12,1,2,1,1,0,0,0,1
2026 Spring,COMM,2004,QA for Bus. Decision-Making,048086,"Landgraf,Polina",003,20993,McIntire School of Commerce,3.47,66,0,11,22,19,10,4,0,0,0,0
2026 Spring,COMM,2006,Found.of Mngrl Decision-Making,048088,"Heng,Yu Tse",004,21014,McIntire School of Commerce,3.38,35,2,5,9,6,10,1,2,0,0,0
2026 Spring,ARCH,7020,Foundation Studio IV,042373,"Jarabo,Marta",003,10063,School of Architecture,3.74,12,0,4,7,0,1,0,0,0,0,0
2026 Spring,PLAC,6090,Planning Capstone,044530,"Cockrell,William",001,10057,School of Architecture,3.94,17,10,5,1,1,0,0,0,0,0,0
2026 Spring,EDLF,6020,Diversity in Higher Ed,009767,"Steinmetz,Christian",001,15853,School of Education and HumanDev,3.61,20,0,13,3,1,1,1,0,0,0,1
2026 Spring,EDHS,3110,Understanding Autism,044840,"Nevill,Rose",001,16058,School of Education and HumanDev,3.89,47,31,12,2,1,0,0,0,0,0,1
2026 Spring,ACCT,5120,Intermediate Accounting II,045933,"Jones,Ambrose",701,20568,Continuing & Prof Studies,3.73,20,3,6,7,2,2,0,0,0,0,0
2026 Spring,STS,4600,Engr Ethcs Prof Responsibility,036750,"Wayland,Kent",014,16742,Engineering & Applied Science,3.69,28,0,17,3,3,3,2,0,0,0,0
2026 Spring,SYS,6007,Human Factors I,044552,"Bolton,Matthew",600,16851,Engineering & Applied Science,3.88,21,1,14,4,2,0,0,0,0,0,0
2026 Spring,APMA,3110,Applied Stats & Probability,001153,"Maiti,Deepyaman",004,17525,Engineering & Applied Science,3.44,41,8,10,9,4,4,2,1,0,1,2
2026 Spring,EGMT,1530,Engaging Differences,044514,"Edwards,Brandon",225,20310,College & Graduate Arts & Sci,3.81,20,0,14,5,0,0,0,0,0,1,0
2026 Spring,EDLF,5711,"Global, Childhood & Culture",038150,"Hoffman,Diane",500,15641,School of Education and HumanDev,3.75,21,0,11,5,4,1,0,0,0,0,0
2026 Spring,BME,4417,Tissue Engineering,004076,"Caliari,Steven",001,16720,Engineering & Applied Science,3.62,34,3,19,2,2,5,1,1,0,0,1
2026 Spring,EGMT,1530,Engaging Differences,044514,"O'Rourke,Eyleen",120,19704,College & Graduate Arts & Sci,3.82,32,4,19,6,0,2,0,0,1,0,0
2026 Spring,ENWR,1510,Writing and Critical Inquiry,013432,"Childers,Jodie",030,11378,College & Graduate Arts & Sci,4.00,18,3,15,0,0,0,0,0,0,0,0
2026 Spring,SYS,6050,Risk Analysis,036967,"Lambert,James",600,16714,Engineering & Applied Science,3.54,10,0,3,4,1,1,0,1,0,0,0
2026 Spring,HIAF,1559,New Course: HIAF,039222,"Fleur,James La",001,20285,College & Graduate Arts & Sci,3.95,13,0,11,2,0,0,0,0,0,0,0
2026 Spring,ARTH,2054,Roman Art & Archaeology,002454,"Kreindler,Kate",100,12350,College & Graduate Arts & Sci,3.62,53,1,28,10,4,6,2,1,0,0,1
2026 Spring,EDHS,1120,Found of Community Engagement,043507,"Levy,Melissa",001,15465,School of Education and HumanDev,3.84,39,3,25,9,1,0,0,0,0,0,1
2026 Spring,CS,6501,Spec Top: Computer Science,006981,"Hassan,Wajih Ul",008,17481,Engineering & Applied Science,3.76,32,2,12,15,2,0,0,1,0,0,0
2026 Spring,CS,6501,Spec Top: Computer Science,006981,"Daneshmand,Hadi",009,17482,Engineering & Applied Science,3.88,27,5,11,11,0,0,0,0,0,0,0
2026 Spring,CS,3120,Discrete Math and Theory 2,046229,"Lin,Wei-Kai",002,17465,Engineering & Applied Science,2.99,54,6,4,7,2,15,7,4,4,4,1
2026 Spring,EDLF,7812,Ldshp for Continuous Improve,042238,"Spicer,David Eddy",500,15804,School of Education and HumanDev,3.81,12,0,10,0,0,1,1,0,0,0,0
2026 Spring,HIST,2214,The Cold War,045128,"Hitchcock,William",100,19334,College & Graduate Arts & Sci,3.60,117,5,41,32,24,7,2,4,2,0,0
2026 Spring,SYS,6041,Engineering Ethics,043196,"Louis,Garrick",001,16976,Engineering & Applied Science,3.93,8,1,5,2,0,0,0,0,0,0,0
2026 Spring,LATI,2020,Intermediate Latin II,021134,"Celotto,Giulio",003,19909,College & Graduate Arts & Sci,3.39,13,0,1,6,2,3,0,1,0,0,0
2026 Spring,LNGS,2240,Southern American English,022528,"Elson,Mark",001,19900,College & Graduate Arts & Sci,3.70,10,0,6,1,1,2,0,0,0,0,0
2026 Spring,EDIS,6880,Masters Comp in Curric & Inst,045850,"Woodward,Tyler",501,15841,School of Education and HumanDev,3.88,23,0,15,7,1,0,0,0,0,0,0
2026 Spring,CE,4025,VDC Coordination and Control,046268,"Heydarian,Arsalan",001,16970,Engineering & Applied Science,3.95,19,2,15,1,1,0,0,0,0,0,0
2026 Spring,EDLF,7807,LEAD I,009747,"Lockhart,Joscelin",500,15800,School of Education and HumanDev,3.96,15,1,12,2,0,0,0,0,0,0,0
2026 Spring,CS,3130,Computer Systems and Org 2,046230,"White,Tonya L.",501,19435,Engineering & Applied Science,3.99,20,7,12,1,0,0,0,0,0,0,0
2026 Spring,CHE,4442,Applied Surface Chemistry,005465,"Green,David",001,16718,Engineering & Applied Science,3.09,16,2,4,0,0,4,2,0,4,0,0
2026 Spring,CS,3240,Software Engineering,006903,"Elder,Sarah",002,16734,Engineering & Applied Science,3.84,74,0,52,14,3,2,3,0,0,0,0
2026 Spring,MUSI,2340,Learn to Groove,039726,"Jospe,Robert",001,11172,College & Graduate Arts & Sci,3.98,18,6,11,1,0,0,0,0,0,0,0
2026 Spring,CS,2100,Data Structures and Algo 1,046225,"Morrison,Briana",001,16942,Engineering & Applied Science,3.18,134,9,61,9,12,12,4,2,3,4,18
2026 Spring,MSE,3070,Kinetics of Materials,045589,"Zhou,Bicheng",001,16966,Engineering & Applied Science,3.76,19,3,9,3,1,3,0,0,0,0,0
2026 Spring,ACCT,5110,Intermediate Accounting I,045932,"Hutton,Leon",701,20567,Continuing & Prof Studies,3.98,14,1,12,1,0,0,0,0,0,0,0
2026 Spring,CHEM,1421,Intro College Chemistry II Lab,005994,"Morkowchuk,Lisa",014,10902,College & Graduate Arts & Sci,3.95,24,17,5,1,0,1,0,0,0,0,0
2026 Spring,STS,2600,Engineering Ethics,046988,"Neeley,Kathryn",013,17573,Engineering & Applied Science,3.51,24,0,6,6,7,5,0,0,0,0,0
2026 Spring,CE,6500,Special Topics in CE,004607,"Sabeti,Sep",004,17576,Engineering & Applied Science,3.97,10,1,8,1,0,0,0,0,0,0,0
2026 Spring,HIEA,3171,Meiji Japan,041010,"Stolz,Robert",001,18965,College & Graduate Arts & Sci,3.31,19,0,5,8,2,2,0,0,0,0,2
2026 Spring,EGMT,1540,Ethical Engagement,044515,"Swoboda,Jessica",102,19744,College & Graduate Arts & Sci,3.97,35,19,15,0,0,1,0,0,0,0,0
2026 Spring,EGMT,1510,Engaging Aesthetics,044512,"Fiorani,Francesca",107,13076,College & Graduate Arts & Sci,3.84,27,0,14,12,1,0,0,0,0,0,0
2026 Spring,EGMT,1510,Engaging Aesthetics,044512,"Benson,Austin",110,13077,College & Graduate Arts & Sci,3.79,34,20,8,1,0,2,1,1,1,0,0
2026 Spring,EGMT,1510,Engaging Aesthetics,044512,"Borrione,Francesca",204,13092,College & Graduate Arts & Sci,4.00,36,17,19,0,0,0,0,0,0,0,0
2026 Spring,ENGL,3540,Studies in Nineteenth-Century,012784,"Edmundson,Mark",001,20193,College & Graduate Arts & Sci,3.73,26,1,17,1,4,2,0,0,1,0,0
2026 Spring,ISSS,3760,Issues in Leadership,020476,"Kirsch,Robert",101,20529,Continuing & Prof Studies,3.91,18,2,12,3,1,0,0,0,0,0,0
2026 Spring,ENGR,2500,Intro to Nanoscience & Tech,012268,"Lee,Kyusang",001,16847,Engineering & Applied Science,4.00,24,5,19,0,0,0,0,0,0,0,0
2026 Spring,CS,2100,Data Structures and Algo 1,046225,"Yi,Xinyao",002,16943,Engineering & Applied Science,3.31,66,5,27,10,8,6,1,0,1,1,7
2026 Spring,SPAN,2020,Advanced Intermediate Spanish,035854,"Wellbeloved,Elizabeth A.",501,19387,College & Graduate Arts & Sci,3.75,13,1,4,6,2,0,0,0,0,0,0
2026 Spring,PSHM,5805,Health Info Sys and App,044526,"Jackson,Kevin",501,20565,Continuing & Prof Studies,3.52,6,0,3,2,0,0,0,0,0,1,0
2026 Spring,EGMT,1520,Empirical Engagement,044513,"Heffernan,Elise",116,19652,College & Graduate Arts & Sci,3.95,11,0,9,2,0,0,0,0,0,0,0
2026 Spring,EGMT,1510,Engaging Aesthetics,044512,"Bennington,Kathryn",105,13074,College & Graduate Arts & Sci,3.96,35,10,24,0,0,0,1,0,0,0,0
2026 Spring,MSE,2090,Intro to Materials Science,024402,"McDonnell,Stephen",002,16177,Engineering & Applied Science,3.17,60,4,8,11,10,10,9,3,2,1,2
2026 Spring,EGMT,1520,Empirical Engagement,044513,"Elistratov,Ruslan",105,19641,College & Graduate Arts & Sci,4.00,35,29,6,0,0,0,0,0,0,0,0
2026 Spring,MAE,3620,Machine Elem & Fatigue Design,022588,"Momot,Michael",001,16163,Engineering & Applied Science,3.42,113,2,35,26,19,17,3,4,2,4,1
2026 Spring,CHEM,2420,Organic Chemistry II,005699,"Heyboer,Ethan",800,20398,College & Graduate Arts & Sci,2.85,112,6,12,17,13,17,11,11,9,7,9
2026 Spring,EDLF,3620,21st Century Parenting,047518,"Jeon,Lieny",001,16073,School of Education and HumanDev,3.95,13,5,7,0,1,0,0,0,0,0,0
2026 Spring,EDHS,7240,Group Counseling Procedures,009207,"Taylor,Julia",100,15975,School of Education and HumanDev,3.93,24,9,9,6,0,0,0,0,0,0,0
2026 Spring,MAE,2330,Mechanics Laboratory,045221,"Griffiths,Peter",001,16727,Engineering & Applied Science,3.98,118,65,47,4,1,1,0,0,0,0,0
2026 Spring,RELC,2215,Mormonism and American Culture,043081,"Maffly-Kipp,Laurie",001,19502,College & Graduate Arts & Sci,3.43,25,0,5,9,4,5,0,1,1,0,0
2026 Spring,CHEM,1421,Intro College Chemistry II Lab,005994,"Morkowchuk,Lisa",020,10908,College & Graduate Arts & Sci,3.95,24,14,7,2,1,0,0,0,0,0,0
2026 Spring,COMM,1800,Foundations of Commerce,006438,"Costa,Elaine",002,14655,McIntire School of Commerce,3.19,154,3,33,37,22,19,13,8,5,6,8
2026 Spring,ITTR,3680,Foodscapes in Women's Writing,044413,"White,Tonya L.",501,19444,College & Graduate Arts & Sci,3.98,12,9,2,1,0,0,0,0,0,0,0
2026 Spring,ENWR,1510,Writing and Critical Inquiry,013432,"Airy,Kaitlyn",027,11211,College & Graduate Arts & Sci,3.98,18,2,15,1,0,0,0,0,0,0,0
2026 Spring,PHIL,1410,Forms of Reasoning,030021,"Harrell,Mara",100,11621,College & Graduate Arts & Sci,3.74,49,8,23,9,4,3,0,0,1,1,0
2026 Spring,STS,4600,Engr Ethcs Prof Responsibility,036750,"Forelle,MC",013,16451,Engineering & Applied Science,3.54,27,0,14,4,3,1,3,0,1,1,0
2026 Spring,CS,4501,Spec Top: Computer Science,006942,"Evans,David",007,20989,Engineering & Applied Science,3.84,60,4,46,6,1,0,1,0,1,0,1
2026 Spring,AAS,3160,African Americans in Sport,047904,"Kelly,Darren",001,20397,College & Graduate Arts & Sci,3.32,40,0,8,11,4,9,5,2,0,1,0
2026 Spring,PLAP,4210,Federal Budgeting and Economic,047993,"Savage,James",001,20424,College & Graduate Arts & Sci,3.77,10,0,5,3,2,0,0,0,0,0,0
2026 Spring,ALAR,8020,Research Studio 2,000310,"Fard,Ali",005,19482,School of Architecture,3.68,6,0,1,4,1,0,0,0,0,0,0
2026 Spring,PLAP,3370,Wksp Cntmp Amer Elect Politics,031571,"Stroupe,Kenneth",001,12133,College & Graduate Arts & Sci,3.81,17,3,9,4,0,0,0,0,1,0,0
2026 Spring,COMM,3720,Intermediate Corporate Finance,006484,"Parham,Robert",006,21025,McIntire School of Commerce,3.14,25,3,1,5,8,5,1,0,0,0,2
2026 Spring,MATH,1210,A survey of Calculus I,022944,"Mitchell,Susan",200,10535,College & Graduate Arts & Sci,3.08,32,8,7,0,5,0,2,4,1,2,3
2026 Spring,APMA,1110,Single Variable Calculus II,001140,"Dizaji,Farzad Shafiei",006,19981,Engineering & Applied Science,2.65,35,0,5,4,5,3,2,6,2,3,5
2026 Spring,MAE,4800,AE Design II,047357,"Goyne,Chris",001,17507,Engineering & Applied Science,3.98,77,57,14,6,0,0,0,0,0,0,0
2026 Spring,EDIS,3020,The Exceptional Learner,009391,"Li,Bangyan",504,16072,School of Education and HumanDev,3.24,27,0,9,3,3,7,1,0,2,1,1
2026 Spring,BME,4315,Systems Bioengineering,046422,"Allen,Timothy",001,17559,Engineering & Applied Science,3.97,18,1,15,2,0,0,0,0,0,0,0
2026 Spring,BME,4550,Spec Topics: Biomedical Engr,004090,"Barker,Shannon",001,17560,Engineering & Applied Science,3.80,60,20,18,12,8,1,0,1,0,0,0
2026 Spring,AMST,3559,New Course: AMST,038536,"Ngo,Fiona",002,19889,College & Graduate Arts & Sci,2.78,13,0,5,2,0,0,1,0,1,1,3
2026 Spring,ENGR,1020,Engineering Foundations 2,046986,"Mcalister,Anne",017,17566,Engineering & Applied Science,3.78,38,0,24,7,4,2,1,0,0,0,0
2026 Spring,ENGR,1020,Engineering Foundations 2,046986,"Dufalla,Nicole",018,17567,Engineering & Applied Science,3.92,39,0,34,3,0,1,1,0,0,0,0
2026 Spring,EDIS,5876,Sem: Tch Intern: Social Stds,039330,"Hover,Stephanie van",001,15569,School of Education and HumanDev,3.91,7,0,5,2,0,0,0,0,0,0,0
2026 Spring,PSHM,5700,Econ Finance Healthcare,044364,"Erath,Mark",501,20563,Continuing & Prof Studies,4.00,8,5,3,0,0,0,0,0,0,0,0
2026 Spring,STS,4600,Engr Ethcs Prof Responsibility,036750,"Elliott,Travis",006,16213,Engineering & Applied Science,3.23,25,0,11,2,3,5,0,0,0,2,2
2026 Spring,MAE,2320,Dynamics,022576,"Sun,Sarah",001,16721,Engineering & Applied Science,2.98,150,4,29,13,22,24,18,13,10,8,9
2026 Spring,BME,2102,Physiology II,004060,"Christ,George",001,16737,Engineering & Applied Science,3.88,35,18,15,1,0,0,0,0,0,0,1
2026 Spring,EDIS,3040,Foundations of Early Child Edu,042221,"Neesen,Kathy",500,15839,School of Education and HumanDev,3.98,24,11,11,2,0,0,0,0,0,0,0
2026 Spring,EDLF,6080,Education Policy,042736,"Bellows,Laura",001,20498,School of Education and HumanDev,3.95,13,9,2,2,0,0,0,0,0,0,0
2026 Spring,SPAN,3430,Contemp Latin American Voices,035911,"Mirabal,Elizabeth",001,20288,College & Graduate Arts & Sci,4.00,14,10,4,0,0,0,0,0,0,0,0
2026 Spring,EGMT,1530,Engaging Differences,044514,"Feldberg,Olya",204,19712,College & Graduate Arts & Sci,3.99,35,2,32,1,0,0,0,0,0,0,0
2026 Spring,ENGL,3010,History of English Language,012412,"Hopkins,Stephen",001,20203,College & Graduate Arts & Sci,3.90,24,0,16,8,0,0,0,0,0,0,0
2026 Spring,ENGR,1420,Synthesis Design II,012397,"Bailey,Reid",001,16157,Engineering & Applied Science,4.00,27,3,24,0,0,0,0,0,0,0,0
2026 Spring,CHEM,2420,Organic Chemistry II,005699,"Samonina,Jelena",900,20400,College & Graduate Arts & Sci,2.95,119,21,13,17,13,11,6,9,9,7,13
2026 Spring,COMM,2005,Found. of Management Comm.,048087,"Pentz,Marcia",005,21002,McIntire School of Commerce,3.62,34,1,8,13,10,2,0,0,0,0,0
2026 Spring,BIOL,3030,Biochemistry,003656,"Deppmann,Christopher",200,21574,College & Graduate Arts & Sci,3.43,269,44,100,28,19,30,13,7,11,3,14
2026 Spring,EGMT,1520,Empirical Engagement,044513,"Cantor-Echols,David",110,19646,College & Graduate Arts & Sci,3.87,35,14,13,6,1,0,0,0,1,0,0
2026 Spring,MDST,7559,New Course: MDST,040355,"Ellcessor,Elizabeth",001,19905,College & Graduate Arts & Sci,3.78,6,1,3,1,0,1,0,0,0,0,0
2026 Spring,MDST,8800,Developing Media Research,048029,"Williams,Bruce",001,19898,College & Graduate Arts & Sci,3.89,8,0,5,3,0,0,0,0,0,0,0
2026 Spring,RELB,2100,Buddhism,033831,"Heller,Natasha",100,19487,College & Graduate Arts & Sci,3.70,204,25,111,28,16,8,3,3,4,1,5
2026 Spring,SYS,6007,Human Factors I,044552,"Bolton,Matthew",001,16975,Engineering & Applied Science,3.90,36,0,27,7,2,0,0,0,0,0,0
2026 Spring,ECON,3720,Introduction to Econometrics,007939,"Ruediger,Stefan",200,12338,College & Graduate Arts & Sci,3.31,97,3,19,27,16,12,6,7,4,1,2
2026 Spring,CLAS,3350,The Early Celts,043167,"George,Coulter",001,19904,College & Graduate Arts & Sci,3.77,14,0,8,4,1,0,1,0,0,0,0
2026 Spring,PLAD,8120,Qualitative and Mixed Methods,037585,"Kruks-Wisner,Gabrielle",001,20014,College & Graduate Arts & Sci,3.94,15,0,12,3,0,0,0,0,0,0,0
2026 Spring,CS,6501,Spec Top: Computer Science,006981,"Wang,Tianhao",006,17479,Engineering & Applied Science,3.89,31,6,16,8,0,1,0,0,0,0,0
2026 Spring,EGMT,1520,Empirical Engagement,044513,"Brubaker,Evan",103,19639,College & Graduate Arts & Sci,3.93,33,0,30,0,2,1,0,0,0,0,0
2026 Spring,GSSJ,4991,Capstone Seminar,043545,"Safdar,Muhammad Tayyab",001,11518,College & Graduate Arts & Sci,3.95,11,0,9,2,0,0,0,0,0,0,0
2026 Spring,CHEM,5380,Structure Diffraction Methods,005815,"Dickie,Diane",001,13508,College & Graduate Arts & Sci,3.39,16,3,1,3,4,3,1,1,0,0,0
2026 Spring,KINE,3420,Contemporary Health Issues,009125,"Edwards,David",001,15462,School of Education and HumanDev,3.89,119,0,106,7,2,2,0,0,0,0,2
2026 Spring,RUSS,1020,First-Year Russian,034615,"Schultz,Jason",001,20003,College & Graduate Arts & Sci,3.29,14,1,4,4,0,1,1,2,0,0,1
2026 Spring,GNUR,5010,Introduction to Telehealth,043818,"Schweickert,Patty",001,20277,School of Nursing,3.86,29,13,12,1,1,1,0,0,1,0,0
2026 Spring,STS,4600,Engr Ethcs Prof Responsibility,036750,"Francisco,Pedro",016,16556,Engineering & Applied Science,3.77,29,20,5,1,0,1,1,0,0,0,1
2026 Spring,KINE,4400,Nutrition & the Athlete,044197,"Bird,Randy",001,15584,School of Education and HumanDev,3.62,14,1,6,3,2,1,0,0,1,0,0
2026 Spring,EDLF,5160,Life Span Development,043142,"Smith,Ray",500,15796,School of Education and HumanDev,3.76,33,0,25,5,1,0,0,1,0,0,1
2026 Spring,STS,2050,Sustainable Energy Systems,045394,"Groves,James",001,16965,Engineering & Applied Science,3.43,10,0,1,3,4,2,0,0,0,0,0
2026 Spring,KINE,5432,Human Circulatory Physiology,044862,"Allen,Jason",001,15548,School of Education and HumanDev,3.43,7,2,0,1,1,3,0,0,0,0,0
2026 Spring,EGMT,1540,Ethical Engagement,044515,"Tite,Philip",225,20318,College & Graduate Arts & Sci,3.87,35,22,11,0,1,0,0,0,0,0,1
2026 Spring,EGMT,1520,Empirical Engagement,044513,"Bultman,Rebecca",125,20298,College & Graduate Arts & Sci,4.00,35,33,2,0,0,0,0,0,0,0,0
2026 Spring,CE,6015,Project Management,046363,"Pennetti,Cody",600,16994,Engineering & Applied Science,3.84,29,0,21,5,1,1,1,0,0,0,0
2026 Spring,EGMT,1530,Engaging Differences,044514,"Kaelin,Kelly",125,20306,College & Graduate Arts & Sci,3.75,24,0,13,5,5,1,0,0,0,0,0
2026 Spring,EGMT,1510,Engaging Aesthetics,044512,"Jameson-Ellsmore,Ben",122,13088,College & Graduate Arts & Sci,3.98,31,0,29,2,0,0,0,0,0,0,0
2026 Spring,EGMT,1510,Engaging Aesthetics,044512,"Jameson-Ellsmore,Ben",123,13089,College & Graduate Arts & Sci,3.94,16,0,14,1,1,0,0,0,0,0,0
2026 Spring,MAE,2310,Strength of Materials,022575,"Zhao,Xun",001,16159,Engineering & Applied Science,3.72,100,25,37,16,10,7,2,2,0,0,1
2026 Spring,CE,5035,Constructn Estimatng & Biddng,046362,"ASADI,Somayeh",600,16972,Engineering & Applied Science,3.96,7,4,2,1,0,0,0,0,0,0,0
2026 Spring,EDLF,8361,Structural Equation Modeling,040297,"Ruzek,Erik",001,15579,School of Education and HumanDev,4.00,20,4,16,0,0,0,0,0,0,0,0
2026 Spring,SOC,4560,Tpcs in Soc of Sci & Knowledge,046797,"Aviles,Natalie",001,20742,College & Graduate Arts & Sci,3.83,19,1,12,4,1,0,1,0,0,0,0
2026 Spring,SOC,3056,Culture and Power,035413,"Greenland,Fiona",001,20736,College & Graduate Arts & Sci,3.51,33,2,11,9,3,4,1,1,1,1,0
2026 Spring,SOC,3820,Social Movements,035428,"Slez,Adam",001,20739,College & Graduate Arts & Sci,3.50,30,3,5,10,5,2,5,0,0,0,0
2026 Spring,SOC,4559,New Course: SOC,040344,"Skubby,David",002,20744,College & Graduate Arts & Sci,3.78,12,0,7,3,1,1,0,0,0,0,0
2026 Spring,PSPA,5020,Public Organization Mgmt,040509,"McClellan,Sara",701,20622,Continuing & Prof Studies,3.64,23,0,9,11,0,1,1,0,0,0,1
2026 Spring,SOC,2442,Systems of Inequality,040429,"O'Loughlin,Johanna",003,20749,College & Graduate Arts & Sci,3.85,31,5,14,10,1,1,0,0,0,0,0
2026 Spring,LAW,6103,Corporations,021636,"Kitch,Edmund",2,18041,School of Law,3.40,16,0,2,5,4,4,1,0,0,0,0
2026 Spring,MAE,2300,Statics,022574,"Tang,Toni",001,16955,Engineering & Applied Science,3.62,40,14,10,5,0,5,4,1,1,0,0
2026 Spring,CHEM,2410,Organic Chemistry I,005698,"Tepe,Jetze",100,21041,College & Graduate Arts & Sci,2.77,97,0,27,7,11,8,9,6,10,5,14
2026 Spring,APMA,1110,Single Variable Calculus II,001140,"McMillan,Matthew",001,16112,Engineering & Applied Science,2.57,35,0,7,3,5,3,3,1,3,3,7
2026 Spring,STAT,5310,Clinical Trials Methodology,036684,"Ratcliffe,Sarah",001,20267,College & Graduate Arts & Sci,3.72,34,4,14,8,6,1,0,0,1,0,0
2026 Spring,LAW,9374,"Transgdr Hist,Recg, Regl & Rts",048195,"Coughlin,Anne",1,19085,School of Law,3.56,19,0,3,8,7,1,0,0,0,0,0
2026 Spring,LAW,9281,Legal Theory Workshop Seminar,044664,"Hellman,Deborah",1,19080,School of Law,3.56,16,0,3,8,1,4,0,0,0,0,0
2026 Spring,LAW,7648,Federal Sentencing (SC),040438,"Underhill,Stefan",1,19051,School of Law,3.43,10,0,3,2,3,1,0,0,1,0,0
2026 Spring,PSPS,6991,Capstone Project,047420,"Gustafson,Bryon Gordon",580,20680,Continuing & Prof Studies,1.90,6,0,1,2,0,0,0,0,0,0,3
2026 Spring,STS,2600,Engineering Ethics,046988,"Groves,James",017,19894,Engineering & Applied Science,3.67,10,0,6,2,1,0,0,0,1,0,0
2026 Spring,CE,3400,Trans Infrastructure Design,004462,"Chen,Tong",001,16132,Engineering & Applied Science,3.24,24,4,4,5,4,2,2,0,1,0,2
2026 Spring,LAW,6006,Property,021565,"Johnson,Alex",CD,17829,School of Law,3.40,60,2,7,12,27,7,4,1,0,0,0
2026 Spring,SPAN,3040,Business Spanish,035896,"Wellbeloved,Elizabeth A.",501,19392,College & Graduate Arts & Sci,3.80,13,0,7,4,2,0,0,0,0,0,0
2026 Spring,LAW,8004,Con Law II: Speech and Press,021629,"Kendrick,Leslie",1,19262,School of Law,3.66,74,0,15,41,18,0,0,0,0,0,0
2026 Spring,LAW,6104,Evidence,021648,"Stetson,Cate",2,19087,School of Law,3.50,80,0,10,30,32,5,3,0,0,0,0
2026 Spring,ASTR,4470,Computational Astronomy,047060,"Davis,Shane",001,19107,College & Graduate Arts & Sci,3.97,11,6,4,1,0,0,0,0,0,0,0
2026 Spring,PHYS,3250,Applied Nuclear Physics,041556,"Paschke,Kent",001,13912,College & Graduate Arts & Sci,3.59,17,1,5,5,3,2,1,0,0,0,0
2026 Spring,PC,5100,Adv Contracting by Negotiatio,029793,"Brooks,Sheila",701,20628,Continuing & Prof Studies,3.93,9,0,7,2,0,0,0,0,0,0,0
2026 Spring,RUTR,3500,Topics in Russian Literature,034800,"Stuart,Madelyn",001,13755,College & Graduate Arts & Sci,3.84,18,3,10,3,1,0,1,0,0,0,0
2026 Spring,PHYS,3140,Intermediate Laboratory,046840,"Marshall,Rick",100,12819,College & Graduate Arts & Sci,3.88,24,5,12,5,2,0,0,0,0,0,0
2026 Spring,PHYS,2020,Principles of Physics 2,030810,"Grouchy,Rebecca",003,12807,College & Graduate Arts & Sci,3.44,109,11,40,24,2,16,5,1,4,2,4
2026 Spring,EBUS,1800,Business Fundamentals,043892,"Cheng,James",001,17552,Engineering & Applied Science,3.90,55,1,36,18,0,0,0,0,0,0,0
2026 Spring,EGMT,1540,Ethical Engagement,044515,"Tite,Philip",122,19764,College & Graduate Arts & Sci,3.85,34,26,5,1,1,0,0,0,0,0,1
2026 Spring,HISA,1501,Introductory Sem: South Asia,018916,"Nair,Neeti",001,18979,College & Graduate Arts & Sci,3.72,14,2,7,2,0,2,1,0,0,0,0
2026 Spring,HIUS,2559,New Course: HIUS,039310,"Preston,Andrew",100,19057,College & Graduate Arts & Sci,3.50,20,6,8,1,0,3,0,0,0,0,2
2026 Spring,ARTS,2610,Drawing I,002836,"Mata,Roberto Torres",003,21571,College & Graduate Arts & Sci,4.00,15,4,11,0,0,0,0,0,0,0,0
2026 Spring,LAW,7786,"Topics in Law, Med & Soc (SC)",045212,"Shepherd,Lois",1,19100,School of Law,3.52,14,0,2,5,6,1,0,0,0,0,0
2026 Spring,SOC,5056,Sociology of Culture,035563,"Greenland,Fiona",001,20746,College & Graduate Arts & Sci,3.91,10,0,7,3,0,0,0,0,0,0,0
2026 Spring,SOC,2052,Sociology of the Family,035342,"Wilcox,William",100,14016,College & Graduate Arts & Sci,3.58,165,16,46,59,14,14,7,4,2,1,2
2026 Spring,MATH,1210,A survey of Calculus I,022944,"Leshkov,Vadim",930,13894,College & Graduate Arts & Sci,3.38,18,4,5,1,2,2,0,3,0,1,0
2026 Spring,GNUR,6310,AG-AC Seminar I,016999,"Lester,Elizabeth",001,18699,School of Nursing,3.83,9,0,4,5,0,0,0,0,0,0,0
2026 Spring,EDIS,3040,Foundations of Early Child Edu,042221,"Larson,Elisa",501,15961,School of Education and HumanDev,3.89,24,5,16,1,0,1,1,0,0,0,0
2026 Spring,ISHU,4190,Writing Strategies,020363,"Henry,Robert",101,20515,Continuing & Prof Studies,3.89,20,0,14,5,1,0,0,0,0,0,0
2026 Spring,LAW,7072,Prof Resp/Public Interest Law,021739,"Jaffe,Cale",1,19033,School of Law,3.51,35,1,5,10,16,2,1,0,0,0,0
2026 Spring,HIST,5559,New Course: HIST,039304,"Halliday,Paul",001,20442,College & Graduate Arts & Sci,3.82,5,0,2,3,0,0,0,0,0,0,0
2026 Spring,DS,5001,Text as Data,045703,"Alvarado,Rafael",001,15272,School of Data Science,3.94,36,16,16,2,2,0,0,0,0,0,0
2026 Spring,APMA,2130,Ordinary Differentl Equations,001145,"Spencer,Julie",001,16120,Engineering & Applied Science,3.12,46,5,7,6,8,6,4,3,4,1,2
2026 Spring,CE,4990,CE Design & Practice I,042102,"Duran,Diana Franco",001,17598,Engineering & Applied Science,3.64,44,0,24,11,3,1,2,1,0,1,1
2026 Spring,APMA,3501,Spec Topics in APMA,040943,"Ryals,Megan",001,16662,Engineering & Applied Science,3.75,17,5,5,3,3,0,1,0,0,0,0
2026 Spring,ENWR,1510,Writing and Critical Inquiry,013432,"Cavens,Derek",008,10790,College & Graduate Arts & Sci,3.58,15,0,2,7,6,0,0,0,0,0,0
2026 Spring,MAE,3420,Computational Methods in MAE,022586,"Rockwell,Robert",001,16816,Engineering & Applied Science,3.71,94,25,31,19,7,8,0,0,3,0,1
2026 Spring,PSYC,3500,Special Topics in Psychology,040634,"Clabough,Erin",002,19945,College & Graduate Arts & Sci,3.97,59,11,45,2,0,1,0,0,0,0,0
2026 Spring,EDIS,3060,Poverty and the Young Child,045749,"Vitiello,Ginny",503,15962,School of Education and HumanDev,3.98,24,10,12,2,0,0,0,0,0,0,0
2026 Spring,LAW,7055,International Human Rights Law,021672,"Versteeg,Emiliana",1,17887,School of Law,3.39,34,2,2,4,19,7,0,0,0,0,0
2026 Spring,EDIS,5136,Ethics of Behavior Analysts,045208,"Matthews,Katherine",500,15776,School of Education and HumanDev,3.90,29,23,3,0,0,3,0,0,0,0,0
2026 Spring,APMA,2120,Multivariable Calculus,001144,"Hellings,Christian",002,16115,Engineering & Applied Science,2.76,37,1,2,4,7,4,7,3,6,1,2
2026 Spring,GNUR,9720,Dissemin Practice Scholarshp,047400,"Caldwell,Elizabeth",100,19126,School of Nursing,3.84,15,1,6,8,0,0,0,0,0,0,0
2026 Spring,EDIS,8060,Advanced Instruction Seminar,045989,"Lovette,Gail",500,15969,School of Education and HumanDev,3.97,11,3,7,1,0,0,0,0,0,0,0
2026 Spring,CHEM,5180,Organic Techniques,039277,"Pu,Lin",001,13506,College & Graduate Arts & Sci,3.35,21,0,2,6,5,7,1,0,0,0,0
2026 Spring,STS,2600,Engineering Ethics,046988,"Elliott,Travis",014,19891,Engineering & Applied Science,3.54,28,0,12,6,5,2,2,0,0,0,1
2026 Spring,LAW,9282,Constitutional Law & Economics,044661,"Gilbert,Michael",1,19081,School of Law,3.53,23,0,3,8,12,0,0,0,0,0,0
2026 Spring,PSYC,2410,Abnormal Psychology,032566,"Clerkin,Elise",001,14082,College & Graduate Arts & Sci,3.68,391,20,194,79,49,23,12,7,2,3,2
2026 Spring,STAT,3480,Nonparametric Statistics,043752,"Weinstock,Justin",001,13365,College & Graduate Arts & Sci,3.38,64,2,18,17,7,8,5,1,3,2,1
2026 Spring,LAW,9175,Theor/Prac of Biodiv Consrvatn,041893,"Szeptycki,Leon",1,18079,School of Law,3.55,8,0,0,5,3,0,0,0,0,0,0
2026 Spring,PSHM,4750,Organiz Behavior & Leadership,045162,"Oliver,Stephen",101,20537,Continuing & Prof Studies,3.59,18,1,11,2,1,1,0,0,1,0,1
2026 Spring,SPAN,3200,Intro Hispanic Linguistics,035891,"Wellbeloved,Elizabeth A.",501,19394,College & Graduate Arts & Sci,3.28,12,0,4,2,2,1,0,2,0,1,0
2026 Spring,LAW,7780,Transfer Pricing (SC),045178,"McDonald,Michael",1,19086,School of Law,3.50,8,0,1,3,3,1,0,0,0,0,0
2026 Spring,PHYS,1425,Intro Physics 1 for Engineers,031032,"Liyanage,Nilanga",004,13363,College & Graduate Arts & Sci,3.25,122,5,29,18,20,25,10,3,7,1,4
2026 Spring,CS,2120,Discrete Math and Theory 1,046227,"San,Aidan",002,17580,Engineering & Applied Science,3.19,70,5,25,8,7,9,4,1,0,4,7
2026 Spring,PHIL,1510,Intro Philosophy Seminars,030034,"Li,Yucheng",002,20107,College & Graduate Arts & Sci,3.61,30,10,6,6,1,4,1,0,2,0,0
2026 Spring,EDIS,5221,Reading & Writing Foundations,009443,"Reynolds,Courtney",500,15964,School of Education and HumanDev,3.93,24,0,20,3,1,0,0,0,0,0,0
2026 Spring,LAW,6001,Constitutional Law,021552,"Prakash,Saikrishna",FG,17935,School of Law,3.40,62,1,8,13,22,18,0,0,0,0,0
2026 Spring,HIEU,3501,Introductory History Workshop,046290,"Kunakhovich,Kyrill",003,19056,College & Graduate Arts & Sci,3.65,15,0,5,5,4,1,0,0,0,0,0
2026 Spring,LAW,8001,IP Trans. and K Drafting,048230,"Oliar,Dotan",1,19101,School of Law,3.40,6,0,0,3,1,2,0,0,0,0,0
2026 Spring,LAW,9338,Rethinking Criminal Justice,045982,"Stevenson,Megan",1,19083,School of Law,3.47,15,0,0,7,7,1,0,0,0,0,0
2026 Spring,ASTR,1210,Intro Sky and Solar System,003045,"Li,Zhi-Yun",002,19104,College & Graduate Arts & Sci,3.39,80,20,14,11,9,12,5,3,3,0,3
2026 Spring,EDHS,2450,Intro Communication Disorders,044546,"Handon,Amber",001,15960,School of Education and HumanDev,3.83,27,0,19,6,1,0,0,0,1,0,0
2026 Spring,WGS,3612,Gender in the U.S. 1865-Pres,041840,"Hagerman,Bonnie",001,13887,College & Graduate Arts & Sci,3.62,10,0,4,5,0,0,0,0,0,1,0
2026 Spring,EDLF,5470,Psyc of Motvtng Yrself & Othr,009676,"Hulleman,Chris",001,15970,School of Education and HumanDev,3.97,21,19,1,0,1,0,0,0,0,0,0
2026 Spring,LAW,8012,Legal Iss/Corp Fin (Law & Bus),021838,"Geis,George",1,19055,School of Law,3.55,58,0,12,20,22,3,0,1,0,0,0
2026 Spring,EVSC,5050,Advanced Oceanography,013998,"Doney,Scott",001,20276,College & Graduate Arts & Sci,3.75,8,0,5,1,1,1,0,0,0,0,0
2026 Spring,LAW,9157,"US Citizenship:Law, Hist & Pol",041676,"Frost,Amanda",1,19078,School of Law,3.41,18,0,5,6,4,1,0,0,1,0,1
2026 Spring,NUCO,2440,Case-Based Learning,043223,"Craig,Sarah",001,18614,School of Nursing,3.98,91,0,86,5,0,0,0,0,0,0,0
2026 Spring,ENWR,1510,Writing and Critical Inquiry,013432,"Carter,Tyler",001,13745,College & Graduate Arts & Sci,3.87,18,0,13,3,2,0,0,0,0,0,0
2026 Spring,APMA,3080,Linear Algebra,001151,"Morris,Diana",004,16445,Engineering & Applied Science,2.70,36,1,6,4,5,6,1,3,2,2,6
2026 Spring,MDST,5559,New Course in Media Studies,047258,"Mooney,Chris",001,14004,College & Graduate Arts & Sci,2.73,6,0,0,2,1,1,1,0,0,0,1
2026 Spring,JPTR,3310,Haiku and Japanese Poetry,048169,"Heldt,Gustav",001,19261,College & Graduate Arts & Sci,3.72,10,0,3,6,0,1,0,0,0,0,0
2026 Spring,ECE,6502,Spec Top:Elect & Computer Engr,007732,"Tao,Gang",007,17593,Engineering & Applied Science,3.65,13,4,6,2,0,0,0,0,0,0,1
2026 Spring,PSPM,5015,Stakeholder Engagement,046984,"Parente,Susan",701,20577,Continuing & Prof Studies,3.68,24,0,8,12,1,2,1,0,0,0,0
2026 Spring,MUSI,3380,Intro to Composition,024808,"Davis,Kevin",100,19268,College & Graduate Arts & Sci,3.64,14,1,4,4,4,1,0,0,0,0,0
2026 Spring,EGMT,1520,Empirical Engagement,044513,"Pendergrass,Sabrina",229,21759,College & Graduate Arts & Sci,3.88,27,0,19,6,2,0,0,0,0,0,0
2026 Spring,PSYC,7120,Advanced Cognitive Psychology,045886,"Willingham,Daniel",001,19972,College & Graduate Arts & Sci,3.74,9,0,4,3,2,0,0,0,0,0,0
2026 Spring,LAW,7088,Law and Public Service,040070,"Block,Andrew",1,17831,School of Law,3.50,23,0,0,15,4,3,1,0,0,0,0
2026 Spring,EDIS,6720,Understanding the Code,009524,"Pearson,Emma",500,15792,School of Education and HumanDev,3.63,21,0,8,7,2,3,1,0,0,0,0
2026 Spring,PSPS,6000,Transform Ldrshp in Chng Times,046466,"Dion,Shannon",581,20657,Continuing & Prof Studies,3.93,26,0,22,3,0,1,0,0,0,0,0
2026 Spring,EGMT,1510,Engaging Aesthetics,044512,"Dalton,Dave",221,13103,College & Graduate Arts & Sci,3.93,35,22,10,1,0,2,0,0,0,0,0
2026 Spring,EGMT,1540,Ethical Engagement,044515,"Jenkins,Sarah",112,19754,College & Graduate Arts & Sci,3.95,35,0,32,2,0,1,0,0,0,0,0
2026 Spring,EDIS,6710,Rdng/Wrtng Found Divrse Lrners,009522,"Thacker-Gwaltney,Susan",500,15791,School of Education and HumanDev,3.91,26,0,21,3,2,0,0,0,0,0,0
2026 Spring,CE,5035,Constructn Estimatng & Biddng,046362,"ASADI,Somayeh",001,16971,Engineering & Applied Science,3.96,15,10,3,2,0,0,0,0,0,0,0
2026 Spring,EGMT,1540,Ethical Engagement,044515,"Donahue-Ochoa,Tom",226,20319,College & Graduate Arts & Sci,3.96,34,10,20,4,0,0,0,0,0,0,0
2026 Spring,EDIS,6760,Literacy Leadership Coaching,041923,"Thacker-Gwaltney,Susan",500,15793,School of Education and HumanDev,3.85,22,0,16,3,2,1,0,0,0,0,0
2026 Spring,ECE,5260,Microwave Engineering I,007704,"Weikle,Robert",001,16969,Engineering & Applied Science,3.82,24,6,12,2,2,1,1,0,0,0,0
2026 Spring,PLIR,3500,Special Topics,031819,"Stam,Allan",001,20540,College & Graduate Arts & Sci,3.65,29,1,7,13,7,0,1,0,0,0,0
2026 Spring,EDIS,2020,Disability in the Media,045467,"Cook,Lysandra",001,15691,School of Education and HumanDev,4.00,30,11,19,0,0,0,0,0,0,0,0
2026 Spring,MAE,3840,Mechanical Engineering Lab,022596,"Forman,Jason",001,16167,Engineering & Applied Science,3.98,110,44,59,6,1,0,0,0,0,0,0
2026 Spring,CE,4040,Sust & Sys in Built Environ,045026,"Klotz,Leidy",001,16823,Engineering & Applied Science,3.79,35,1,26,5,1,1,0,0,0,0,1
2026 Spring,SPAN,4040,Translation Spanish to English,035927,"Cobb,Erica",003,13504,College & Graduate Arts & Sci,3.88,12,0,7,5,0,0,0,0,0,0,0
2026 Spring,CHE,2202,Thermodynamics,005435,"Wellbeloved,Elizabeth A.",501,19364,Engineering & Applied Science,3.19,11,0,3,2,0,3,1,0,2,0,0
2026 Spring,PSPS,6050,Stewardship PA & Managing HC,046295,"Kerner,Patrice",580,20675,Continuing & Prof Studies,3.84,43,0,24,18,0,0,1,0,0,0,0
2026 Spring,SPAN,4520,Spec Topics Sem: Cult & Civil,035969,"Amago,Samuel",001,20685,College & Graduate Arts & Sci,3.86,18,0,13,3,1,1,0,0,0,0,0
2026 Spring,PSHM,4650,American Healthcare,039931,"Mitchell,Herron",101,20535,Continuing & Prof Studies,3.40,18,2,8,5,0,0,1,0,0,0,2
2026 Spring,LAW,9200,Federal Litigation Practice,042756,"Russell,Anthony",1,20558,School of Law,3.61,16,0,3,7,6,0,0,0,0,0,0
2026 Spring,PLAD,4430,Migration,047985,"Leblang,David",001,20560,College & Graduate Arts & Sci,3.94,15,3,9,3,0,0,0,0,0,0,0
2026 Spring,EGMT,1520,Empirical Engagement,044513,"Paljug,Brian",102,19638,College & Graduate Arts & Sci,3.94,36,7,26,1,1,1,0,0,0,0,0
2026 Spring,EDIS,7000,Intro to Instructional Design,009689,"DeJaegher,Crystal",500,15821,School of Education and HumanDev,3.89,16,1,13,0,1,1,0,0,0,0,0
2026 Spring,ENGL,2599,Special Topics,012514,"Nichols,Molly",007,20783,College & Graduate Arts & Sci,4.00,17,8,9,0,0,0,0,0,0,0,0
2026 Spring,GNUR,8680,Culturally Sensitive Approach,045529,"Anderson,Kelley",001,18802,School of Nursing,3.71,30,0,5,22,3,0,0,0,0,0,0
2026 Spring,PSPS,6030,Dev & Imp Systems of Emer Prep,046292,"Peumsang,Lisa",581,20672,Continuing & Prof Studies,3.96,33,0,29,4,0,0,0,0,0,0,0
2026 Spring,PSLP,5320,Organizational Leadership,044293,"Powers,Michael",701,20619,Continuing & Prof Studies,3.54,24,0,10,6,3,1,3,0,0,1,0
2026 Spring,LAST,2050,Interdisciplinary Seminar,042704,"Mahler,Anne",001,13220,College & Graduate Arts & Sci,3.78,15,2,6,4,3,0,0,0,0,0,0
2026 Spring,PSPS,5500,Contemp Issues in Leadership,047811,"Levine,Stephen L",580,20646,Continuing & Prof Studies,3.93,13,3,7,3,0,0,0,0,0,0,0
2026 Spring,ENGL,2599,Special Topics,012514,"Grandison,K. Ian",004,20763,College & Graduate Arts & Sci,3.68,18,1,6,8,1,0,2,0,0,0,0
2026 Spring,CS,3100,Data Structures and Algo 2,046228,"Bloomfield,Aaron",002,17095,Engineering & Applied Science,2.85,55,1,12,8,7,1,9,1,8,1,7
2026 Spring,DS,3021,Analytics I:Machine Learning,047264,"Wright,Brian",001,15310,School of Data Science,3.87,60,0,47,6,4,3,0,0,0,0,0
2026 Spring,PSLP,5340,Financial Mgmt for Leaders,004345,"Allen,Roxann",701,20620,Continuing & Prof Studies,3.75,12,0,7,2,2,1,0,0,0,0,0
2026 Spring,EBUS,4700,Innovation Garage,048311,"Prpich,George",001,20801,Engineering & Applied Science,3.63,11,0,4,2,5,0,0,0,0,0,0
2026 Spring,ANTH,2650,Indigenous Latin America,048349,"Benitez,Ernesto",001,20884,College & Graduate Arts & Sci,3.92,32,13,16,0,1,2,0,0,0,0,0
2026 Spring,CS,6501,Spec Top: Computer Science,006981,"Sullivan,Kevin",001,16564,Engineering & Applied Science,3.89,17,7,4,6,0,0,0,0,0,0,0
2026 Spring,MISC,2020,Team developmt & Army Doctrine,024250,"Watkins,William",001,21301,Executive VP & Provost,4.00,13,5,8,0,0,0,0,0,0,0,0
2026 Spring,PSPS,6980,MPS Comprehensive Exam,047405,"Gustafson,Bryon Gordon",580,20676,Continuing & Prof Studies,3.02,18,0,1,5,5,1,3,1,1,0,1
2026 Spring,LPPP,7630,Fund of Int Political Analys,047008,"DeLozier,Elana",001,20759,Batten Leadership & Public Pol,3.73,12,0,6,4,1,0,1,0,0,0,0
2026 Spring,PSPS,6010,Constitutional Framework of PS,046293,"Odom,Oscar",581,20665,Continuing & Prof Studies,4.00,30,4,26,0,0,0,0,0,0,0,0
2026 Spring,PHYS,5320,Fundamentals of Photonics,030891,"Pfister,Olivier",001,21531,College & Graduate Arts & Sci,3.06,7,0,0,1,2,1,3,0,0,0,0
2026 Spring,BME,8995,Grad Supervsd Project Research,004175,"Perry,Robert",006,21305,Engineering & Applied Science,3.87,12,2,7,2,0,1,0,0,0,0,0
2026 Spring,SPAN,4559,New Course: SPAN,042071,"Valverde,Fernando",001,20396,College & Graduate Arts & Sci,4.00,22,3,19,0,0,0,0,0,0,0,0
2026 Spring,SPAN,4600,Literature and Cinema,035955,"Wellbeloved,Elizabeth A.",501,19405,College & Graduate Arts & Sci,3.78,11,0,3,8,0,0,0,0,0,0,0
2026 Spring,PHYS,1429,Intro Physics 1 Workshop,031036,"Bychkov,Maksim",006,10617,College & Graduate Arts & Sci,3.88,25,2,18,2,2,1,0,0,0,0,0
2026 Spring,CJ,5495,CI: Executive Decision Making,047240,"Yansick,Michael",A2,21368,Continuing & Prof Studies,4.00,22,5,17,0,0,0,0,0,0,0,0
2026 Spring,KINE,3400,Nutrition,009128,"Kranz,Sibylle",001,15629,School of Education and HumanDev,3.96,170,141,20,4,1,3,1,0,0,0,0
2026 Spring,ENCW,5310,Advanced Poetry Writing II,013503,"Chakraborty,Sumita",001,20779,College & Graduate Arts & Sci,3.75,13,0,8,3,0,1,1,0,0,0,0
2026 Spring,CHE,5456,Bioproduct & Bioprocess Eng,044955,"Okita,Blair",001,16814,Engineering & Applied Science,3.95,6,1,4,1,0,0,0,0,0,0,0
2026 Spring,CHE,2202,Thermodynamics,005435,"Letteri,Rachel",001,16145,Engineering & Applied Science,3.06,53,1,11,12,6,8,5,0,3,0,7
2026 Spring,COMM,5110,Financial Statement Analysis,043381,"Koch,Adam",001,14656,McIntire School of Commerce,3.65,37,1,17,7,4,8,0,0,0,0,0
2026 Spring,HIUS,3501,Introductory History Workshop,046577,"Preston,Andrew",001,19022,College & Graduate Arts & Sci,3.86,18,3,8,6,1,0,0,0,0,0,0
2026 Spring,LAW,7009,Criminal Procedure Survey,021819,"Harmon,Rachel",1,19024,School of Law,3.54,89,0,14,35,31,9,0,0,0,0,0
2026 Spring,DS,6404,Physics-Aware Deep Learning,048298,"Baek,Stephen",001,20445,School of Data Science,3.87,7,0,4,3,0,0,0,0,0,0,0
2026 Spring,LPPP,3559,New Course in PP & Lead,044183,"Stam,Allan",001,20778,Batten Leadership & Public Pol,3.75,19,0,6,11,2,0,0,0,0,0,0
2026 Spring,LPPP,5559,New Crse: Pub Policy&Leadershp,044864,"Diaz,Carmen",003,20770,Batten Leadership & Public Pol,3.96,14,0,12,2,0,0,0,0,0,0,0
2026 Spring,PSHM,5080,Hlthcare Legal Ethic Decision,044525,"Erath,Mark",501,20561,Continuing & Prof Studies,3.14,7,2,3,0,0,0,0,0,1,0,1
2026 Spring,ASTR,5470,Computational Astrophysics,047066,"Davis,Shane",001,19106,College & Graduate Arts & Sci,4.00,22,20,2,0,0,0,0,0,0,0,0
2026 Spring,PSPS,6030,Dev & Imp Systems of Emer Prep,046292,"Plummer,Eric",580,20671,Continuing & Prof Studies,3.88,34,0,20,14,0,0,0,0,0,0,0
2026 Spring,CS,4720,Mobile Application Development,041616,"Morrison,Briana",001,17558,Engineering & Applied Science,3.88,78,48,20,4,3,0,0,1,1,1,0
2026 Spring,BME,2220,Biomechanics,004068,"Hu,Xiao",001,16204,Engineering & Applied Science,3.37,51,2,10,19,5,7,0,3,2,3,0
2026 Spring,CHIN,4830,Classical Chinese Prose,042015,"Morse,Canaan",001,19258,College & Graduate Arts & Sci,3.83,13,0,8,4,0,1,0,0,0,0,0
2026 Spring,PSPS,6040,Create & Sustain Comm Dialogue,046294,"Keesee,Tracie",580,20673,Continuing & Prof Studies,3.99,47,13,33,1,0,0,0,0,0,0,0
2026 Spring,EDHS,8340,Counseling Children/Adolescent,009279,"Cholewa,Blaire",001,15334,School of Education and HumanDev,3.99,24,14,9,1,0,0,0,0,0,0,0
2026 Spring,EDLF,7140,LEAD II: Professional Learning,009701,"Beavers,Michelle Maynes",500,15815,School of Education and HumanDev,3.91,7,2,3,2,0,0,0,0,0,0,0
2026 Spring,CHE,4561,Special Topics in Chem Engr,005470,"Taylor,Phillip",001,17533,Engineering & Applied Science,3.78,12,0,9,0,1,2,0,0,0,0,0
2026 Spring,CHE,6618,Chemical Reaction Engineering,005512,"Karim,Ayman",001,16150,Engineering & Applied Science,3.55,11,0,4,2,2,3,0,0,0,0,0
2026 Spring,GSVS,3150,Sustainability Leadership,045765,"Garner,Lela",001,20645,College & Graduate Arts & Sci,3.81,10,0,5,4,1,0,0,0,0,0,0
2026 Spring,EDIS,6220,Assessment of Curriculum: K-12,045848,"Bragg,Cheryl",500,16091,School of Education and HumanDev,3.82,26,11,5,7,2,0,1,0,0,0,0
2026 Spring,PSPS,6015,Pract App & Understand of Data,047068,"McElvain,James",581,20669,Continuing & Prof Studies,4.00,6,3,3,0,0,0,0,0,0,0,0
2026 Spring,PSPS,6980,MPS Comprehensive Exam,047405,"Gustafson,Bryon Gordon",581,20677,Continuing & Prof Studies,3.38,46,0,4,21,6,14,0,0,0,0,1
2026 Spring,PHYS,1429,Intro Physics 1 Workshop,031036,"Bychkov,Maksim",010,10621,College & Graduate Arts & Sci,3.90,25,1,22,0,1,0,0,1,0,0,0
2026 Spring,STAT,3220,Intro to Regression Analysis,040001,"Varanyak,Krista",003,13161,College & Graduate Arts & Sci,3.67,71,10,27,15,8,7,2,1,1,0,0
2026 Spring,ENGR,1020,Engineering Foundations 2,046986,"Goldschneider,Benjamin",009,17238,Engineering & Applied Science,3.82,38,0,26,7,4,0,0,0,1,0,0
2026 Spring,HIEU,2112,Britain 1688-Present,018399,"Linstrum,Erik",100,20280,College & Graduate Arts & Sci,3.42,19,0,1,10,4,2,1,0,1,0,0
2026 Spring,PSPS,6040,Create & Sustain Comm Dialogue,046294,"Farr,Murray",581,20674,Continuing & Prof Studies,3.72,36,0,11,21,1,3,0,0,0,0,0
2026 Spring,GCOM,7215,Python for Data Science,046794,"Mousavi,Reza",001,14702,McIntire School of Commerce,3.51,28,0,11,10,0,2,2,0,3,0,0
2026 Spring,HIST,3352,The First World War,043411,"Onder,Sila",001,19000,College & Graduate Arts & Sci,3.90,60,0,47,9,3,1,0,0,0,0,0
2026 Spring,LAW,9034,Transactional Approach to M&A,040041,"Lyons,Peter",1,19066,School of Law,3.54,14,2,1,3,6,2,0,0,0,0,0
2026 Spring,CS,4457,Computer Networks,006931,"Cai,Qizhe",001,16513,Engineering & Applied Science,3.61,62,4,30,9,7,5,3,2,2,0,0
2026 Spring,APMA,2120,Multivariable Calculus,001144,"Hellings,Christian",001,16114,Engineering & Applied Science,2.46,32,1,3,1,3,8,3,1,3,3,6
2026 Spring,LAW,8656,Applied Trial Evidence,022217,"Cleary,Mary",1,19068,School of Law,3.48,13,0,0,6,7,0,0,0,0,0,0
2026 Spring,MICR,8400,Bacteriology & Virology,042499,"Rekosh,David",001,18172,Medical School - BIMS/PHS,3.82,9,3,2,3,1,0,0,0,0,0,0
2026 Spring,PSHM,3080,Hlthcare Legal Ethic Decision,020403,"Erath,Mark",101,20533,Continuing & Prof Studies,3.83,18,13,3,0,0,0,1,1,0,0,0
2026 Spring,PSHM,3805,Health Info Sys and App,044523,"Jackson,Kevin",101,20534,Continuing & Prof Studies,3.40,17,0,7,4,2,1,2,0,0,0,1
2026 Spring,SYS,6582,Selected Topics in Sys Engr,036979,"Riggs,Sara",001,20262,Engineering & Applied Science,3.82,18,1,12,3,1,0,0,1,0,0,0
2026 Spring,EGMT,1530,Engaging Differences,044514,"Potter,Rachel",126,20307,College & Graduate Arts & Sci,3.95,35,0,31,3,1,0,0,0,0,0,0
2026 Spring,EGMT,1530,Engaging Differences,044514,"Jacobs,Andrew",127,20308,College & Graduate Arts & Sci,3.89,35,3,29,0,1,1,0,0,1,0,0
2026 Spring,EGMT,1530,Engaging Differences,044514,"Shutt,Lisa",128,20309,College & Graduate Arts & Sci,3.85,35,0,27,4,1,2,1,0,0,0,0
2026 Spring,EGMT,1530,Engaging Differences,044514,"Hermes,Nizar",228,20313,College & Graduate Arts & Sci,4.00,21,3,18,0,0,0,0,0,0,0,0
2026 Spring,COMM,4722,CorpRestruct & DistressInvstg,046861,"Smith,David",002,20981,McIntire School of Commerce,3.55,51,2,17,14,8,5,2,1,2,0,0
2026 Spring,GCNL,5991,CNL Role Immersion & Capstone,015380,"Simmers,Christian",100,18600,School of Nursing,3.99,42,5,35,2,0,0,0,0,0,0,0
2026 Spring,CS,3130,Computer Systems and Org 2,046230,"Reiss,Charles",001,17097,Engineering & Applied Science,2.78,137,3,11,22,14,25,12,17,15,8,10
2026 Spring,HIEU,3141,Romans to Normans (43-1066),018443,"Kershaw,Paul",100,13613,College & Graduate Arts & Sci,3.20,44,0,5,14,10,9,1,1,2,0,2
2026 Spring,LAW,8009,Copyright Law,021643,"Oliar,Dotan",1,19054,School of Law,3.38,12,1,1,2,4,3,1,0,0,0,0
2026 Spring,PORT,2120,Interm Intensive Portuguese,032104,"Feitosa,Lilian",001,13043,College & Graduate Arts & Sci,3.79,15,3,5,6,0,0,1,0,0,0,0
2026 Spring,PHYS,1429,Intro Physics 1 Workshop,031036,"Bychkov,Maksim",009,10620,College & Graduate Arts & Sci,3.94,25,0,21,3,1,0,0,0,0,0,0
2026 Spring,EGMT,1540,Ethical Engagement,044515,"Tite,Philip",125,20314,College & Graduate Arts & Sci,3.93,35,32,1,0,0,0,2,0,0,0,0
2026 Spring,PC,5160,Strategic Customer Relationshi,041574,"Bersson,Thomas",701,20630,Continuing & Prof Studies,3.83,6,1,4,0,0,1,0,0,0,0,0
2026 Spring,BIOP,8201,Cell Physiology and Biophysics,004193,"Redemann,Stefanie",001,18351,Medical School - BIMS/PHS,3.50,16,0,4,4,5,2,1,0,0,0,0
2026 Spring,BME,2000,Biomed Engr Design & Discovery,004058,"Guilford,William",001,16388,Engineering & Applied Science,3.71,53,4,36,5,2,2,1,0,1,0,2
2026 Spring,CHEM,5224,Reaction Kinetics and Dynamics,005799,"Harrison,Allan",001,20407,College & Graduate Arts & Sci,3.90,7,3,3,0,1,0,0,0,0,0,0
2026 Spring,MSE,2090,Intro to Materials Science,024402,"Burns,Kory",001,16867,Engineering & Applied Science,3.27,56,0,12,13,8,13,4,1,3,1,1
2026 Spring,SPAN,3010,Finding your Voice in Spanish,035893,"Wellbeloved,Elizabeth A.",501,19389,College & Graduate Arts & Sci,3.76,38,12,11,8,1,6,0,0,0,0,0
2026 Spring,MSE,6080,Chm & Electrchm Prop Solid Mat,024424,"Scully,John",001,17579,Engineering & Applied Science,3.62,12,1,1,6,4,0,0,0,0,0,0
2026 Spring,LPPP,5540,Applied Policy Clinics,044651,"Lehmann,Brooke",001,10295,Batten Leadership & Public Pol,3.91,7,4,1,2,0,0,0,0,0,0,0
2026 Spring,PSLP,5300,Foundations of Leadership,044292,"Hubbard,Marcus",702,20618,Continuing & Prof Studies,3.61,23,5,10,4,2,0,0,0,0,1,1
2026 Spring,APMA,1110,Single Variable Calculus II,001140,"Abramenko,Monika",004,16953,Engineering & Applied Science,2.55,37,1,3,3,6,3,5,6,2,1,7
2026 Spring,LAW,9249,Corp. Crim. Investigations,043852,"Wheeler,Stephanie",1,19079,School of Law,3.55,15,0,4,4,5,2,0,0,0,0,0
2026 Spring,EVAT,7370,Climate Near the Ground,048050,"Wekker,Stephan De",001,19122,College & Graduate Arts & Sci,3.93,8,2,4,2,0,0,0,0,0,0,0
2026 Spring,MSE,4320,Origins of Mechanical Behavior,038222,"Burns,James",001,16179,Engineering & Applied Science,3.76,13,0,9,0,3,1,0,0,0,0,0
2026 Spring,JAPN,1000,Introductory Japanese,047979,"Marshall,Tomoko",001,19256,College & Graduate Arts & Sci,3.81,11,0,8,0,3,0,0,0,0,0,0
2026 Spring,ARAH,9510,Sem Medieval Architecture,039135,"Reilly,Lisa",001,19251,College & Graduate Arts & Sci,3.53,7,0,2,2,2,0,1,0,0,0,0
2026 Spring,MUSI,3310,Theory I,024801,"Maus,Fred",002,13211,College & Graduate Arts & Sci,3.89,18,6,9,2,0,0,1,0,0,0,0
2026 Spring,BIOL,4660,Biomedical Science Techniques,043425,"Guler,Ali",001,19400,College & Graduate Arts & Sci,3.75,53,23,11,9,3,5,0,1,1,0,0
2026 Spring,PSYC,3420,The Nature Nurture Debate,044985,"Turkheimer,Eric",001,14084,College & Graduate Arts & Sci,3.42,114,25,42,0,7,21,1,2,12,0,4
2026 Spring,EDIS,5340,Tchng Soc Stu in Elem School,009454,"Cash,Harrison",001,15351,School of Education and HumanDev,3.69,14,0,12,1,0,0,0,0,0,0,1
2026 Spring,MAE,3010,Astronautics,022579,"Nickol,Craig",001,16160,Engineering & Applied Science,3.76,82,27,30,7,9,5,3,0,0,0,1
2026 Spring,EGMT,1520,Empirical Engagement,044513,"Pocanic,Dinko",207,19667,College & Graduate Arts & Sci,3.84,34,0,28,2,0,1,3,0,0,0,0
2026 Spring,CHEM,1421,Intro College Chemistry II Lab,005994,"Morkowchuk,Lisa",007,11340,College & Graduate Arts & Sci,3.85,24,17,5,1,0,0,0,0,0,0,1
2026 Spring,COMM,3220,Data Mgmt for Decision Making,006500,"Sarker,Suprateek",001,14654,McIntire School of Commerce,3.68,32,0,16,10,2,2,0,1,1,0,0
2026 Spring,ENGL,2506,Studies in Poetry,012488,"Davis,Peyton",002,20780,College & Graduate Arts & Sci,3.60,13,0,5,5,1,1,0,0,1,0,0
2026 Spring,MUSI,3050,Music and Discourse,024790,"DeVeaux,Scott",001,13104,College & Graduate Arts & Sci,3.65,17,0,10,3,1,1,1,0,1,0,0
2026 Spring,GCOM,7730,"Mrg&Acq, Pri Equty & Restruct",015428,"Erwin,Gayle",001,14719,McIntire School of Commerce,3.53,48,1,11,13,17,5,0,1,0,0,0
2026 Spring,GCOM,7549,Commerce in the Global Context,045947,"King,Adelaide Wilcox",005,14744,McIntire School of Commerce,3.60,14,1,4,5,3,0,0,0,1,0,0
2026 Spring,CHEM,1421,Intro College Chemistry II Lab,005994,"Morkowchuk,Lisa",022,10910,College & Graduate Arts & Sci,3.96,24,13,8,3,0,0,0,0,0,0,0
2026 Spring,PSPS,6005,Prac Apps of Risk Mgmt in PSO,046661,"Wucker,Michele",580,20660,Continuing & Prof Studies,3.61,9,0,1,6,1,1,0,0,0,0,0
2026 Spring,LAW,9354,Privacy Law & Theory Seminar,046378,"Citron,Danielle",1,19098,School of Law,3.51,15,0,0,8,7,0,0,0,0,0,0
2026 Spring,MATH,1220,A Survey of Calculus II,022945,"Kurtz,Brianna",300,10540,College & Graduate Arts & Sci,3.18,32,3,6,7,6,3,1,1,2,0,3
2026 Spring,NUCO,4310,Mental Health Nursing,043228,"Roebuck,Julie",001,18642,School of Nursing,3.99,35,22,12,1,0,0,0,0,0,0,0
2026 Spring,APMA,3100,Probability,001152,"Ryals,Megan",001,16126,Engineering & Applied Science,2.65,37,7,7,3,3,1,1,2,1,4,8
2026 Spring,ENGR,1020,Engineering Foundations 2,046986,"Dufalla,Nicole",019,17568,Engineering & Applied Science,3.79,38,0,25,7,2,2,2,0,0,0,0
2026 Spring,CE,3220,Water Resources Engineering,004459,"Band,Lawrence",001,16387,Engineering & Applied Science,3.11,21,1,6,1,2,4,3,0,2,1,1
2026 Spring,BME,3310,Biomed Sys Analysis & Design,004066,"Kubelick,Kelsey",001,16656,Engineering & Applied Science,3.58,48,15,13,5,6,2,2,2,1,2,0
2026 Spring,GSGS,3330,Ecological Economics,046918,"Phillips,Spencer",001,13183,College & Graduate Arts & Sci,3.80,41,0,21,15,5,0,0,0,0,0,0
2026 Spring,PSPS,6050,Stewardship PA & Managing HC,046295,"Murphy,Gregory",581,20678,Continuing & Prof Studies,3.77,39,0,27,8,2,1,0,0,0,0,1
2026 Spring,PSYC,3310,RM: R Applications in Psych,045373,"Meyer,M. Joseph",001,11883,College & Graduate Arts & Sci,3.76,82,8,43,19,8,2,0,0,1,0,1
2026 Spring,COMM,3720,Intermediate Corporate Finance,006484,"Parham,Robert",005,14650,McIntire School of Commerce,3.46,35,4,7,8,11,3,0,1,0,0,1
2026 Spring,MAE,2310,Strength of Materials,022575,"Wellbeloved,Elizabeth A.",501,19366,Engineering & Applied Science,3.67,20,3,8,2,5,0,2,0,0,0,0
2026 Spring,EDIS,5140,Instruct & Collab Special Ed,009436,"Morano,Stephanie",500,15813,School of Education and HumanDev,4.00,20,4,16,0,0,0,0,0,0,0,0
2026 Spring,MUSI,3400,Ecoacoustics,042047,"Hauge,Kristin",001,13105,College & Graduate Arts & Sci,3.93,15,2,12,0,0,1,0,0,0,0,0
2026 Spring,SOC,3290,Sociology of Childhood,040455,"Skubby,David",100,20737,College & Graduate Arts & Sci,3.54,18,3,6,3,2,2,1,0,0,0,1
2026 Spring,AAS,3157,Caribbean Perspectives,039566,"SIWAJU,FATIMA",001,13187,College & Graduate Arts & Sci,3.75,18,5,6,4,1,0,2,0,0,0,0
2026 Spring,EGMT,1510,Engaging Aesthetics,044512,"Zhao,Ran",212,13148,College & Graduate Arts & Sci,3.91,33,0,30,1,1,0,0,0,1,0,0
2026 Spring,ENGR,1020,Engineering Foundations 2,046986,"Dufalla,Nicole",020,17569,Engineering & Applied Science,3.86,24,0,17,4,3,0,0,0,0,0,0
2026 Spring,EGMT,1510,Engaging Aesthetics,044512,"Stark,Matias Vilaplana",202,13091,College & Graduate Arts & Sci,3.96,23,0,21,1,1,0,0,0,0,0,0
2026 Spring,EGMT,1510,Engaging Aesthetics,044512,"Carter,Eli",211,13097,College & Graduate Arts & Sci,3.94,34,16,13,4,0,1,0,0,0,0,0
2026 Spring,MATH,1210,A survey of Calculus I,022944,"Bowling,James",800,10536,College & Graduate Arts & Sci,2.75,20,1,6,0,3,1,1,5,0,0,3
2026 Spring,AAS,3500,Intermediate Seminar in AAS,039376,"Crawley,Ashon",003,12812,College & Graduate Arts & Sci,4.00,15,12,3,0,0,0,0,0,0,0,0
2026 Spring,BIOL,3010,Genetics and Molecular Biology,003526,"Forson,Kwesi",100,11464,College & Graduate Arts & Sci,3.01,318,0,64,72,41,42,15,21,19,15,29
2026 Spring,CHEM,5430,Nanoscale Imaging,038339,"Gahlmann,Andreas",001,20409,College & Graduate Arts & Sci,3.96,14,2,10,2,0,0,0,0,0,0,0
2026 Spring,EDIS,5770,Soc/Em Issues in Talent Dev,045469,"Dmitrieva,Svetlana",500,15787,School of Education and HumanDev,3.91,11,0,9,1,1,0,0,0,0,0,0
2026 Spring,ECE,6502,Spec Top:Elect & Computer Engr,007732,"Zhang,Qiaochu",001,19632,Engineering & Applied Science,3.72,13,0,5,5,3,0,0,0,0,0,0
2026 Spring,APMA,2130,Ordinary Differentl Equations,001145,"Dizaji,Farzad Shafiei",002,16121,Engineering & Applied Science,3.11,50,7,7,10,7,4,4,3,2,1,5
2026 Spring,EGMT,1520,Empirical Engagement,044513,"Taylor,Elizabeth",228,20305,College & Graduate Arts & Sci,3.92,34,19,11,2,0,2,0,0,0,0,0
2026 Spring,AMST,3326,"Latinx, Ind. Environmentalisms",047970,"Azua,Anneleise",001,20249,College & Graduate Arts & Sci,3.60,28,0,4,18,3,2,0,1,0,0,0
2026 Spring,NUCO,4440,Trends/Issues Clin Nrsg Pract,042286,"Toll,Crystal",002,18711,School of Nursing,3.85,11,3,5,2,0,1,0,0,0,0,0
2026 Spring,COMM,3040,Strategic Value Creation,006456,"Pentz,Marcia",002,14611,McIntire School of Commerce,3.52,30,2,7,7,8,5,0,1,0,0,0
2026 Spring,HIUS,3411,American Business,019601,"Thomas,Mark",001,19018,College & Graduate Arts & Sci,3.15,21,0,1,4,6,4,5,0,1,0,0
2026 Spring,EDHS,3850,Intro to Counseling,043204,"Rambo,Tim",001,16064,School of Education and HumanDev,3.90,26,13,9,1,2,1,0,0,0,0,0
2026 Spring,LAW,7038,Disability Law,021664,"Abrokwa,Alice",1,19028,School of Law,3.49,59,0,7,19,28,5,0,0,0,0,0
2026 Spring,EVSC,4890,Planetary Geology,013978,"Limaye,Ajay",001,19113,College & Graduate Arts & Sci,2.51,10,1,0,1,0,2,2,1,1,1,1
2026 Spring,EGMT,1540,Ethical Engagement,044515,"Mullins,Ian",227,20320,College & Graduate Arts & Sci,3.97,35,1,33,0,0,1,0,0,0,0,0
2026 Spring,EGMT,1510,Engaging Aesthetics,044512,"Benson,Austin",206,13094,College & Graduate Arts & Sci,3.92,34,6,26,0,0,0,2,0,0,0,0
2026 Spring,SLTR,3200,Poland: History and Culture,042190,"Tolczyk,Dariusz",001,13753,College & Graduate Arts & Sci,3.86,40,0,24,14,2,0,0,0,0,0,0
2026 Spring,GCOM,7850,"Digi. Transf., Analytics & AI",015439,"Gong,Jing",001,14746,McIntire School of Commerce,3.42,31,1,5,4,14,7,0,0,0,0,0
2026 Spring,EVSC,4080,Computational Methods for EVSC,044994,"Cheng,Frederick",001,19115,College & Graduate Arts & Sci,3.90,14,0,12,0,2,0,0,0,0,0,0
2026 Spring,EDIS,3460,Intro to English Learners,045338,"Landon,Suzanne",500,15768,School of Education and HumanDev,3.75,16,0,14,0,0,1,0,0,0,0,1
2026 Spring,ISIN,4510,Sp Tps Conduct Inquiry: So Sci,043255,"Floyd,Richard",101,20521,Continuing & Prof Studies,3.20,25,0,8,4,5,3,2,1,0,0,2
2026 Spring,SPAN,4040,Translation Spanish to English,035927,"Wellbeloved,Elizabeth A.",501,19404,College & Graduate Arts & Sci,3.69,14,1,4,7,0,1,1,0,0,0,0
2026 Spring,EGMT,1520,Empirical Engagement,044513,"Tong,Xin",208,19668,College & Graduate Arts & Sci,3.98,35,20,13,2,0,0,0,0,0,0,0
2026 Spring,GNUR,6642,FNP Seminar B,044788,"Bourne,Dawn",001,18674,School of Nursing,3.82,12,0,5,7,0,0,0,0,0,0,0
2026 Spring,LAW,7058,LawTech Lecture,021857,"Livermore,Michael",1,19030,School of Law,3.43,28,0,3,7,14,4,0,0,0,0,0
2026 Spring,HIME,1501,Intro Sem in Middle East Hist,018856,"Dynner,Glenn",001,21570,College & Graduate Arts & Sci,3.92,15,1,10,4,0,0,0,0,0,0,0
2026 Spring,MAE,2310,Strength of Materials,022575,"Gomez,Jose",002,16648,Engineering & Applied Science,3.90,48,15,20,11,2,0,0,0,0,0,0
2026 Spring,MATH,1210,A survey of Calculus I,022944,"Mitchell,Susan",300,13169,College & Graduate Arts & Sci,2.97,32,1,6,1,9,2,3,6,2,1,1
2026 Spring,EDIS,3060,Poverty and the Young Child,045749,"Hawkins,Jaime-Duke",500,15767,School of Education and HumanDev,3.96,23,16,6,0,0,1,0,0,0,0,0
2026 Spring,HIUS,3131,America in the Gilded Age,019575,"Janney,Caroline",100,19004,College & Graduate Arts & Sci,3.78,55,0,30,17,6,1,0,0,1,0,0
2026 Spring,PSYC,3990,RM: Grp Process & Facilitatn I,045941,"Nagel,Alison",001,12397,College & Graduate Arts & Sci,4.00,36,11,25,0,0,0,0,0,0,0,0
2026 Spring,MATH,8380,Random Matrices,044031,"Campbell,Jacob",001,13890,College & Graduate Arts & Sci,3.92,12,3,6,3,0,0,0,0,0,0,0
2026 Spring,EGMT,1510,Engaging Aesthetics,044512,"Loeb,Hannah",104,13073,College & Graduate Arts & Sci,3.97,34,8,24,1,1,0,0,0,0,0,0
2026 Spring,SPAN,3300,Texts and Interpretation,035904,"Wellbeloved,Elizabeth A.",501,19395,College & Graduate Arts & Sci,3.75,12,0,2,10,0,0,0,0,0,0,0
2026 Spring,ECE,3250,Electromag Energy Conversion,007678,"Barnes,Adam",001,16154,Engineering & Applied Science,3.38,45,4,8,12,8,7,3,1,0,0,2
2026 Spring,SYS,6005,Stochastic Modeling I,036950,"Iqbal,Tariq",001,20265,Engineering & Applied Science,2.93,16,0,3,0,3,3,2,2,3,0,0
2026 Spring,LAW,7655,Con Law and Jurisprudence (SC),048153,"Barzun,Charles",1,19020,School of Law,3.62,15,0,2,10,1,2,0,0,0,0,0
2026 Spring,APMA,3110,Applied Stats & Probability,001153,"Ma,Hui",001,16129,Engineering & Applied Science,3.21,41,6,10,7,0,4,4,3,3,3,1
2026 Spring,COMM,3410,Commercial Law I,006470,"Moore,Sherri",002,14629,McIntire School of Commerce,3.26,227,0,35,64,44,35,25,5,9,8,2
2026 Spring,GERM,1010,Elementary German I,015642,"Trice,Ruth",001,13184,College & Graduate Arts & Sci,3.59,15,2,6,3,0,2,1,0,1,0,0
2026 Spring,EDIS,5422,Cross-Cultural Education,043455,"Ford,Karen",500,15784,School of Education and HumanDev,3.96,22,0,19,3,0,0,0,0,0,0,0
2026 Spring,STAT,4220,Applied Analytics for Business,044088,"Martinet,Gretchen",001,12345,College & Graduate Arts & Sci,3.52,43,0,19,9,6,2,0,7,0,0,0
2026 Spring,ENGL,2599,Special Topics,012514,"Fleming,Kelly",003,20240,College & Graduate Arts & Sci,3.55,16,0,1,9,5,1,0,0,0,0,0
2026 Spring,ENGR,4880,Busi & Tech Leadership in Engr,012292,"Kennedy,Todd",001,16565,Engineering & Applied Science,3.90,33,0,27,3,2,1,0,0,0,0,0
2026 Spring,COMM,3410,Commercial Law I,006470,"Moore,Sherri",001,14628,McIntire School of Commerce,3.09,244,0,17,72,44,35,35,19,6,5,11
2026 Spring,CHEM,2321,Org Lab II Non-Chem Maj/Min,043155,"Chruma,Jason",015,12317,College & Graduate Arts & Sci,3.64,22,0,12,6,3,0,0,0,0,0,1
2026 Spring,MDST,3510,Topics in Media Research,045771,"Rao,Pallavi",001,12303,College & Graduate Arts & Sci,3.78,24,0,14,7,0,2,1,0,0,0,0
2026 Spring,MAE,6710,Finite Element Analysis,022680,"Panzer,Matthew",001,16448,Engineering & Applied Science,3.90,13,3,7,2,1,0,0,0,0,0,0
2026 Spring,HIEA,4501,Seminar in East Asian History,018308,"Seeley,Joseph",001,13632,College & Graduate Arts & Sci,3.88,15,0,9,6,0,0,0,0,0,0,0
2026 Spring,PHIL,1730,Intro to Moral & Pol Phil,030030,"MacKenzie,Jordan",100,13133,College & Graduate Arts & Sci,3.75,50,11,16,17,2,1,2,0,0,1,0
2026 Spring,COMM,4791,Real Estate Investmnt Analysis,040720,"Healy,Brian",001,14649,McIntire School of Commerce,3.87,38,0,24,12,2,0,0,0,0,0,0
2026 Spring,EDIS,2600,Intro to Behavior Analysis,045911,"Hua,Youjia",001,15977,School of Education and HumanDev,3.52,11,0,7,1,0,1,0,0,2,0,0
2026 Spring,ISSS,4432,Interpersonal Communication,045544,"Kiernan,Vincent",FW01,21155,Continuing & Prof Studies,3.82,16,0,10,4,1,1,0,0,0,0,0
2026 Spring,MAE,6070,Theory of Elasticity,022646,"Xu,Baoxing",001,17276,Engineering & Applied Science,3.93,8,2,4,2,0,0,0,0,0,0,0
2026 Spring,ANTH,3280,Intro to Native Studies,046071,"Jernigan,Kasey",001,13692,College & Graduate Arts & Sci,3.95,13,7,4,2,0,0,0,0,0,0,0
2026 Spring,ECE,4502,Special Topics ECE,040910,"Li,Jundong",002,17491,Engineering & Applied Science,3.88,13,0,8,5,0,0,0,0,0,0,0
2026 Spring,LAW,7064,Nonprofit Organizations,021621,"Kordana,Kevin",1,18047,School of Law,3.43,32,0,2,14,6,10,0,0,0,0,0
2026 Spring,ISLS,3000,Transformations: Liberal Arts,044252,"Henry,Robert",101,20523,Continuing & Prof Studies,3.30,20,0,12,4,1,0,0,0,0,0,3
2026 Spring,PSYC,3490,Infant Development,032576,"Grossmann,Tobias",001,13188,College & Graduate Arts & Sci,3.82,150,56,50,19,15,8,1,1,0,0,0
2026 Spring,CLAS,3220,Ancient Race & Ethnicity,047379,"Kuin,Inger Neeltje Irene",001,13674,College & Graduate Arts & Sci,3.90,23,3,12,8,0,0,0,0,0,0,0
2026 Spring,EDHS,7120,Fundamentals of Clinical Pract,041987,"Traub,Jaimee",001,15994,School of Education and HumanDev,3.94,10,1,7,2,0,0,0,0,0,0,0
2026 Spring,RELG,1000,Questions in the Study of Reli,046967,"Shuman,Sam",003,19767,College & Graduate Arts & Sci,3.66,34,2,19,5,2,2,2,1,0,1,0
2026 Spring,SOC,3410,Race and Ethnic Relations,035402,"Vickerman,Milton",001,14296,College & Graduate Arts & Sci,3.51,33,0,20,3,3,3,1,0,0,1,2
2026 Spring,EDIS,3020,The Exceptional Learner,009391,"Myers-Mitchell,H. Nicole",505,16096,School of Education and HumanDev,3.97,28,8,17,3,0,0,0,0,0,0,0
2026 Spring,GNUR,8660,Evidence-Based Practice,039371,"Yost,Terri",001,18654,School of Nursing,3.94,23,2,18,2,1,0,0,0,0,0,0
2026 Spring,CE,5410,Transportation Planning,004576,"Miller,John",001,16653,Engineering & Applied Science,3.65,11,2,2,5,0,1,1,0,0,0,0
2026 Spring,MDST,3510,Topics in Media Research,045771,"Goin,Keara",002,13854,College & Graduate Arts & Sci,3.69,22,0,16,3,0,1,0,0,1,0,1
2026 Spring,DRAM,2020,Acting I,007200,"Garey,Cady",007,13800,College & Graduate Arts & Sci,3.23,13,0,6,1,1,1,1,1,1,0,1
2026 Spring,COMM,4681,Entrepreneurship Trck Capstone,040148,"Martin,Eric",001,14646,McIntire School of Commerce,3.96,43,0,37,6,0,0,0,0,0,0,0
2026 Spring,MATH,3250,Ordinary Differential Equatns,023068,"Dimou,Evangelos",300,13878,College & Graduate Arts & Sci,3.16,37,5,8,2,6,6,1,4,3,1,1
2026 Spring,STS,4600,Engr Ethcs Prof Responsibility,036750,"Earle,Joshua",015,16815,Engineering & Applied Science,3.79,28,0,25,0,0,1,0,0,1,0,1
2026 Spring,MATH,1320,Calculus II,022954,"Aitzhanova,Bakhyt",300,10547,College & Graduate Arts & Sci,2.60,22,3,3,0,5,0,1,4,1,1,4
2026 Spring,PSYC,4980,Distinguished Major Thesis II,032670,"Dodson,Chad",002,14430,College & Graduate Arts & Sci,3.97,11,1,9,1,0,0,0,0,0,0,0
2026 Spring,PSPM,5030,Intro to Project Mgmt,029786,"Onu,Stephen",702,20579,Continuing & Prof Studies,3.66,20,0,2,15,2,1,0,0,0,0,0
2026 Spring,CJ,5490,Critical Incident for LE Exec,047120,"Dalfonzo,Vincent A",A2,21425,Continuing & Prof Studies,4.00,23,2,21,0,0,0,0,0,0,0,0
2026 Spring,HISA,1501,Introductory Sem: South Asia,018916,"Guha,Sumit",002,21568,College & Graduate Arts & Sci,3.94,10,5,3,2,0,0,0,0,0,0,0
2026 Spring,GCOM,7675,Social Impact Project Capstone,044346,"Burroughs,James E",001,21833,McIntire School of Commerce,3.93,22,0,17,5,0,0,0,0,0,0,0
2026 Spring,ETP,4010,Environmental Decisions,013700,"Freedman,Paul",001,12446,College & Graduate Arts & Sci,3.77,21,0,13,5,2,0,0,0,1,0,0
2026 Spring,CHEM,2321,Org Lab II Non-Chem Maj/Min,043155,"Chruma,Jason",016,12318,College & Graduate Arts & Sci,3.78,20,0,10,8,0,2,0,0,0,0,0
2026 Spring,PLPT,3050,Survey of Amer Pol Theory,031929,"Savage,James",001,12327,College & Graduate Arts & Sci,3.70,19,0,4,12,3,0,0,0,0,0,0
2026 Spring,MDST,3508,Adv Topics in Media Practice,046136,"Sweeney,Kate",001,12305,College & Graduate Arts & Sci,3.90,20,0,18,0,0,2,0,0,0,0,0
2026 Spring,ENWR,1510,Writing and Critical Inquiry,013432,"Dewan,Vinayak",065,12692,College & Graduate Arts & Sci,3.91,15,0,12,2,1,0,0,0,0,0,0
2026 Spring,CHEM,1421,Intro College Chemistry II Lab,005994,"Morkowchuk,Lisa",036,12274,College & Graduate Arts & Sci,3.93,24,13,9,1,0,0,1,0,0,0,0
2026 Spring,SPAN,2020,Advanced Intermediate Spanish,035854,"Mehfoud,Lauren",014,12306,College & Graduate Arts & Sci,3.69,18,0,7,8,2,0,0,1,0,0,0
2026 Spring,PLIR,3080,Int'l Politics in Nuclear Age,031809,"Sechser,Todd",100,13019,College & Graduate Arts & Sci,3.79,230,2,120,76,18,14,0,0,0,0,0
2026 Spring,PLAP,2030,"Politics, Science and Values",031558,"Nyelele,Charity",001,12326,College & Graduate Arts & Sci,3.78,22,0,12,6,3,1,0,0,0,0,0
2026 Spring,GCCS,4991,Fourth-year Seminar,045928,"Fink,Pierre-Christian",001,12362,College & Graduate Arts & Sci,4.00,25,3,22,0,0,0,0,0,0,0,0
2026 Spring,ENWR,2520,Special Topics in Writing,013448,"Parks,Stephen",100,12817,College & Graduate Arts & Sci,4.00,16,3,13,0,0,0,0,0,0,0,0
2026 Spring,PLIR,4150,Economics & National Security,037615,"Copeland,Dale",001,13020,College & Graduate Arts & Sci,3.86,15,3,5,7,0,0,0,0,0,0,0
2026 Spring,ITAL,1020,Elementary Italian II,020556,"Fiumara,Francesco",004,13023,College & Graduate Arts & Sci,3.96,21,13,5,3,0,0,0,0,0,0,0
2026 Spring,APMA,3100,Probability,001152,"Ryals,Megan",002,16127,Engineering & Applied Science,2.55,41,2,5,8,4,3,5,1,1,3,9
2026 Spring,COMM,3220,Data Mgmt for Decision Making,006500,"Sarker,Suprateek",002,14676,McIntire School of Commerce,3.74,30,0,16,8,2,4,0,0,0,0,0
2026 Spring,STS,4600,Engr Ethcs Prof Responsibility,036750,"Francisco,Pedro",002,16187,Engineering & Applied Science,3.84,29,20,5,1,1,1,0,0,0,0,1
2026 Spring,COMM,2600,Leadership Across Disciplines,006449,"Lovelace,Jeffrey",001,14678,McIntire School of Commerce,3.60,25,2,8,8,2,3,1,0,1,0,0
2026 Spring,EDIS,3060,Poverty and the Young Child,045749,"Shaffer,Autumn",502,15921,School of Education and HumanDev,3.65,24,8,12,1,0,1,0,0,0,0,2
2026 Spring,PSYC,7350,Developing Minds,047923,"Grossmann,Tobias",001,14393,College & Graduate Arts & Sci,3.95,6,1,4,1,0,0,0,0,0,0,0
2026 Spring,HIEU,1501,Intro Sem in Pre1700 Euro Hist,018342,"Kershaw,Paul",001,20913,College & Graduate Arts & Sci,3.23,12,2,3,1,1,1,2,1,0,0,1
2026 Spring,EDIS,6765,Instructional Coaching,047517,"Jewett,Anne",500,16069,School of Education and HumanDev,3.49,9,0,6,2,0,0,0,0,0,0,1
2026 Spring,LAW,6001,Constitutional Law,021552,"Nachbar,Thomas",BH,17818,School of Law,3.40,60,0,5,14,32,7,2,0,0,0,0
2026 Spring,NUIP,4006,Strategies Prehospital Emc II,043149,"Haugh,L.",100,18613,School of Nursing,3.80,13,2,5,4,2,0,0,0,0,0,0
2026 Spring,EDLF,7808,Strat Align of Plan & Resource,009751,"Stacy,Jaime",500,15801,School of Education and HumanDev,3.94,14,1,10,3,0,0,0,0,0,0,0
2026 Spring,GCOM,7150,Consumer Behavior & Pricing,042882,"Mittal,Chiraag",001,14709,McIntire School of Commerce,3.22,31,0,2,5,10,11,1,2,0,0,0
2026 Spring,CE,2310,Strength of Materials,004439,"Gomez,Jose",001,16502,Engineering & Applied Science,3.64,42,7,13,9,5,6,1,1,0,0,0
2026 Spring,SATR,3000,Wmn Wrtng in Ind&Pak: '47-pres,034856,"Farooqi,Mehr",001,20254,College & Graduate Arts & Sci,3.90,15,1,9,5,0,0,0,0,0,0,0
2026 Spring,EGMT,1530,Engaging Differences,044514,"Jameson-Ellsmore,Ben",207,19715,College & Graduate Arts & Sci,3.82,34,11,19,1,1,1,0,0,0,0,1
2026 Spring,FREN,3043,French-Speaking World III,014368,"Lyu,Claire",001,13797,College & Graduate Arts & Sci,3.76,19,0,11,6,0,1,0,1,0,0,0
2026 Spring,EDLF,5040,Education and Neuroscience,046604,"Evans,Tanya",001,15967,School of Education and HumanDev,3.95,82,1,72,8,0,0,1,0,0,0,0
2026 Spring,STS,4600,Engr Ethcs Prof Responsibility,036750,"Francisco,Pedro",018,16501,Engineering & Applied Science,3.89,27,22,2,1,0,1,0,1,0,0,0
2026 Spring,CE,2020,Engineering Economic Analysis,042731,"Burden,Lindsay",001,16603,Engineering & Applied Science,3.67,20,2,13,0,2,1,0,0,1,1,0
2026 Spring,COMM,4620,Strategic Leadership,045370,"Lovelace,Jeffrey",001,14677,McIntire School of Commerce,3.68,41,1,5,30,4,0,1,0,0,0,0
2026 Spring,ENGL,2527,Shakespeare,012510,"Retica,Rachel",002,20784,College & Graduate Arts & Sci,3.70,14,1,4,6,2,1,0,0,0,0,0
2026 Spring,DS,4024,Value II: Explainable AI,047323,"Agarwal,Chirag",002,18943,School of Data Science,3.93,23,0,20,2,0,1,0,0,0,0,0
2026 Spring,JAPN,2020,Second-Year Japanese II,020743,"Hasegawa,Yoko",002,14286,College & Graduate Arts & Sci,3.25,15,0,5,3,1,2,2,0,1,0,1
2026 Spring,AAS,3113,Black Americans in Horror Film,047903,"Coleman,Robin Means",001,14410,College & Graduate Arts & Sci,3.81,13,0,7,5,0,1,0,0,0,0,0
2026 Spring,GCOM,7252,Consulting,046803,"Seaborn,Paul",001,14715,McIntire School of Commerce,3.56,38,0,3,22,12,0,0,1,0,0,0
2026 Spring,NUCO,4710,Team-Based Care Synthesis,043230,"Bragg,Sharon",002,18761,School of Nursing,3.88,58,0,42,12,3,1,0,0,0,0,0
2026 Spring,COMM,2700,Basic Finance for Real Estate,046582,"Chapman,David",003,14699,McIntire School of Commerce,3.25,24,0,4,4,7,3,4,1,1,0,0
2026 Spring,EGMT,1540,Ethical Engagement,044515,"Walden,Catherine",128,20317,College & Graduate Arts & Sci,3.97,31,4,26,0,0,1,0,0,0,0,0
2026 Spring,EGMT,1540,Ethical Engagement,044515,"Mullins,Ian",228,20321,College & Graduate Arts & Sci,3.65,30,4,22,0,1,0,0,1,0,0,2
2026 Spring,EDIS,6740,Diagnosis & Remediation II,009476,"Bowling,Emily",502,16035,School of Education and HumanDev,3.87,13,0,10,1,2,0,0,0,0,0,0
2026 Spring,ENGL,3162,Chaucer II,012681,"Watts,Courtney",001,20200,College & Graduate Arts & Sci,3.69,16,1,6,4,4,1,0,0,0,0,0
2026 Spring,STS,2600,Engineering Ethics,046988,"Guillen,Sergio",009,17254,Engineering & Applied Science,3.85,28,2,20,4,0,1,0,0,1,0,0
2026 Spring,EDIS,5133,Principles of ABA,045102,"McClain,Suzanne",500,15973,School of Education and HumanDev,3.90,15,2,8,5,0,0,0,0,0,0,0
2026 Spring,APMA,3110,Applied Stats & Probability,001153,"Lampe,Kyle",006,19996,Engineering & Applied Science,3.21,42,2,14,6,4,5,1,4,2,2,2
2026 Spring,GCOM,7440,Advanced Corporate Tax,015409,"Franks,Harry",001,14675,McIntire School of Commerce,3.44,10,0,1,4,2,3,0,0,0,0,0
2026 Spring,ECE,6501,Topics: Elect & Computer Engr,007731,"Alemzadeh,Homa",001,17138,Engineering & Applied Science,3.57,9,0,3,4,1,0,0,0,1,0,0
2026 Spring,EDLF,3150,Intro Chld Growth & Developmnt,009660,"Jefferson,Amy",003,16088,School of Education and HumanDev,3.83,20,3,13,1,2,0,0,1,0,0,0
2026 Spring,RELG,2210,Religion Ethics & Environment,042484,"Zuckerman,Devin",002,19792,College & Graduate Arts & Sci,3.53,24,0,10,9,2,1,0,0,0,1,1
2026 Spring,APMA,2120,Multivariable Calculus,001144,"Hellings,Christian",004,16117,Engineering & Applied Science,2.81,36,1,5,2,5,10,3,2,3,2,3
2026 Spring,APMA,3100,Probability,001152,"McMillan,Matthew",003,16128,Engineering & Applied Science,2.92,40,3,5,6,5,5,4,3,3,3,3
2026 Spring,ECON,8320,Public Economics II,008062,"Friedberg,Leora",001,14271,College & Graduate Arts & Sci,3.64,8,0,4,2,0,1,1,0,0,0,0
2026 Spring,KINE,5230,Disability and Sport,039770,"Fines,Abby",001,16042,School of Education and HumanDev,3.82,13,2,9,0,0,1,1,0,0,0,0
2026 Spring,GCOM,7291,Frontiers in Biotechnology II,046774,"Hastings,Nikki",001,14716,McIntire School of Commerce,3.84,17,0,9,7,1,0,0,0,0,0,0
2026 Spring,AMST,4559,New Course: American Studies,038537,"Cacho,Lisa",001,20138,College & Graduate Arts & Sci,3.86,17,0,13,2,1,1,0,0,0,0,0
2026 Spring,PETR,3131,"Love, Lust, Divine in Persian",047928,"Fayyaz,Parwana",001,14404,College & Graduate Arts & Sci,3.96,20,13,4,3,0,0,0,0,0,0,0
2026 Spring,STS,2600,Engineering Ethics,046988,"Pappas,Jesse",007,17252,Engineering & Applied Science,3.98,28,0,26,2,0,0,0,0,0,0,0
2026 Spring,CGBM,2710,Making Financial Decisions,047004,"Murphy,Larry",001,14733,McIntire School of Commerce,3.54,53,0,9,26,9,5,4,0,0,0,0
2026 Spring,LAW,6001,Constitutional Law,021552,"Goluboff,Risa",AE,17819,School of Law,3.40,64,0,5,15,34,10,0,0,0,0,0
2026 Spring,GCOM,7214,Managerial View of AI,046782,"Johnson,Steven",001,14713,McIntire School of Commerce,3.64,40,0,10,19,8,3,0,0,0,0,0
2026 Spring,GCOM,7342,Judgment & Decsn Makg in Acc,044608,"Winchel,Jennifer",001,14705,McIntire School of Commerce,3.85,37,2,24,7,3,0,1,0,0,0,0
2026 Spring,EGMT,1520,Empirical Engagement,044513,"Gibson,Amanda",215,19675,College & Graduate Arts & Sci,3.93,33,0,30,1,0,2,0,0,0,0,0
2026 Spring,STS,4600,Engr Ethcs Prof Responsibility,036750,"Wylie,Caitlin",001,16186,Engineering & Applied Science,3.65,28,0,7,18,0,2,0,0,0,1,0
2026 Spring,MSE,6240,Kinetics Solid-State Reactions,024427,"Opila,Elizabeth",001,16181,Engineering & Applied Science,3.76,14,3,4,4,3,0,0,0,0,0,0
2026 Spring,DS,5001,Text as Data,045703,"Mallikarjun,Sree",002,19615,School of Data Science,3.78,37,14,20,1,0,0,0,0,0,0,2
2026 Spring,ENGL,3560,Studies in Mod & Contemp Lit,039235,"Arata,Stephen",001,20197,College & Graduate Arts & Sci,3.78,25,0,12,9,4,0,0,0,0,0,0
2026 Spring,SPAN,3410,Perspectives on Modern Spain,035909,"Wellbeloved,Elizabeth A.",501,19397,College & Graduate Arts & Sci,3.74,13,0,3,9,1,0,0,0,0,0,0
2026 Spring,ENGL,8560,Studies in Modern Literature,040860,"Hamilton,Njelle",001,20279,College & Graduate Arts & Sci,3.96,8,3,4,1,0,0,0,0,0,0,0
2026 Spring,MAE,3730,Flight Vehicle Dynamics,022593,"Lagor,Frank",001,16503,Engineering & Applied Science,3.63,79,25,21,12,10,4,4,0,0,1,2
2026 Spring,GCOM,7660,Ops & Glbl Supply Chain Mgmt,044263,"Burroughs,James E",001,21835,McIntire School of Commerce,3.43,22,0,0,10,8,4,0,0,0,0,0
2026 Spring,HISA,5559,New Course: HISA,039296,"Chatterjee,Indrani",001,20912,College & Graduate Arts & Sci,3.63,7,0,3,3,0,0,0,1,0,0,0
2026 Spring,ECON,8991,Research Methods,008078,"Sukhtankar,Sandip",002,12958,College & Graduate Arts & Sci,4.00,8,2,6,0,0,0,0,0,0,0,0
2026 Spring,PSHM,5650,American Healthcare,044259,"Mitchell,Herron",501,20562,Continuing & Prof Studies,3.20,5,3,1,0,0,0,0,0,0,0,1
2026 Spring,ECON,4720,Econometric Methods,007983,"Kosenkova,Lidia",090,13809,College & Graduate Arts & Sci,3.65,17,0,5,7,4,1,0,0,0,0,0
2026 Spring,NUCO,4056,Introduction to Health Policy,045043,"Apple,Ashley",002,18760,School of Nursing,3.89,58,42,7,5,1,2,0,0,0,1,0
2026 Spring,HIST,2213,Rule of Law,046170,"Halliday,Paul",100,18991,College & Graduate Arts & Sci,3.47,99,0,8,47,32,7,3,1,0,0,1
2026 Spring,EBUS,4810,New Product Development,037153,"Ramakrishnan,Adarsh",001,17461,Engineering & Applied Science,3.70,45,7,17,13,2,2,2,1,1,0,0
2026 Spring,APMA,1110,Single Variable Calculus II,001140,"Fernando,Anne",005,17284,Engineering & Applied Science,2.40,36,0,4,2,4,5,3,6,3,1,8
2026 Spring,ECON,4110,Competitive Strategy,045763,"Moore,Michael",002,12357,College & Graduate Arts & Sci,3.50,41,0,9,9,17,6,0,0,0,0,0
2026 Spring,ISSS,4314,World of Theodore Roosevelt,041489,"Haury,Clifford",101,20532,Continuing & Prof Studies,3.30,17,2,9,2,0,0,1,0,1,0,2
2026 Spring,ASL,2020,Intermed Amer Sign Language II,003002,"Eshgi,Maher",004,12444,College & Graduate Arts & Sci,3.14,14,0,3,3,3,0,2,2,0,0,1
2026 Spring,LAW,9156,Reg of Political Advocacy Sem,041727,"Sanderson,Matthew",1,18004,School of Law,3.47,17,0,0,8,8,1,0,0,0,0,0
2026 Spring,GCOM,7549,Commerce in the Global Context,045947,"Roberts,Andrea A",006,14891,McIntire School of Commerce,3.66,25,0,7,10,8,0,0,0,0,0,0
2026 Spring,STAT,4160,Experimental Design,044445,"Brown,Taylor",002,19924,College & Graduate Arts & Sci,3.66,59,0,21,26,5,3,2,2,0,0,0
2026 Spring,DS,5003,Healthcare Data Science,047408,"Wernz,Christian",001,19616,School of Data Science,3.82,39,3,22,8,5,1,0,0,0,0,0
2026 Spring,ENGR,1020,Engineering Foundations 2,046986,"Williams,Shaylin",004,17233,Engineering & Applied Science,3.98,36,0,34,2,0,0,0,0,0,0,0
2026 Spring,ENGR,1020,Engineering Foundations 2,046986,"Tian,Jianghong",002,17231,Engineering & Applied Science,3.94,38,0,34,2,1,1,0,0,0,0,0
2026 Spring,PSPS,6010,Constitutional Framework of PS,046293,"Odom,Oscar",580,20664,Continuing & Prof Studies,3.98,37,1,34,2,0,0,0,0,0,0,0
2026 Spring,COMM,4733,Asset Mgmt in Global Economy,046802,"Gallmeyer,Michael",002,14701,McIntire School of Commerce,3.58,36,5,10,7,7,6,0,0,1,0,0
2026 Spring,SOC,2320,Gender & Society,035328,"Sarioglu,Esra",100,20726,College & Graduate Arts & Sci,3.81,30,3,18,4,4,0,0,1,0,0,0
2026 Spring,MSE,6020,Defects & Microstruct in Matls,024420,"Zhigilei,Leonid",001,16180,Engineering & Applied Science,3.54,17,2,5,4,1,2,3,0,0,0,0
2026 Spring,LPPP,3559,New Course in PP & Lead,044183,"Diaz,Carmen",002,21337,Batten Leadership & Public Pol,3.96,14,5,7,2,0,0,0,0,0,0,0
2026 Spring,LAW,9023,Liberalism and its Critics,040037,"Schwartzman,Micah",1,19065,School of Law,3.57,14,0,2,6,6,0,0,0,0,0,0
2026 Spring,APMA,1110,Single Variable Calculus II,001140,"Abramenko,Monika",003,16952,Engineering & Applied Science,2.78,37,1,4,7,3,6,3,2,5,1,5
2026 Spring,MISC,4020,Mission Command & the Company,024261,"EatonFerenzi,Elizabeth",001,18841,Executive VP & Provost,4.00,15,6,9,0,0,0,0,0,0,0,0
2026 Spring,LAW,7501,Spec Topics Short Course (SC),046387,"Benshalom,Ilan",4,22146,School of Law,3.45,6,0,2,2,1,0,0,0,1,0,0
2026 Spring,GNUR,6050,Theoretical Foundation of Nurs,016925,"Campbell,Cathy",001,18660,School of Nursing,3.89,38,6,21,9,2,0,0,0,0,0,0
2026 Spring,ECE,4501,Special Topics: ECE,040915,"Qian,Kun",002,17181,Engineering & Applied Science,3.95,11,0,9,2,0,0,0,0,0,0,0
2026 Spring,COMM,3720,Intermediate Corporate Finance,006484,"Parham,Robert",004,14637,McIntire School of Commerce,3.38,38,0,2,18,12,4,0,1,0,0,1
2026 Spring,COMM,4710,Intermediate Investments,006538,"Dennis,Patrick",001,14670,McIntire School of Commerce,3.54,23,1,7,8,2,3,0,1,1,0,0
2026 Spring,COMM,4370,Digital Strategy & Analytics,044926,"Montgomery,Nicole",001,14671,McIntire School of Commerce,3.72,26,0,9,12,4,1,0,0,0,0,0
2026 Spring,SOC,2010,Principles of Sociology,047895,"Unlu,Baris",001,14395,College & Graduate Arts & Sci,3.69,32,7,15,6,1,0,1,0,1,0,1
2026 Spring,MATH,2310,Calculus III,023024,"Qi,You",200,10550,College & Graduate Arts & Sci,3.60,32,0,15,10,2,2,0,1,0,2,0
2026 Spring,COMM,5460,Taxes & Business Strategy,006557,"Seidman,Jeri",001,14644,McIntire School of Commerce,3.60,25,1,5,9,9,1,0,0,0,0,0
2026 Spring,EDLF,8387,Practical Evaluation,044855,"Lansford,Teresa",501,15952,School of Education and HumanDev,3.91,14,3,8,2,1,0,0,0,0,0,0
2026 Spring,MATH,1320,Calculus II,022954,"Friedman-Brown,Adam",200,10546,College & Graduate Arts & Sci,3.29,22,4,6,3,3,2,0,1,1,0,2
2026 Spring,MATH,3250,Ordinary Differential Equatns,023068,"Kurtz,Brianna",100,10555,College & Graduate Arts & Sci,3.74,38,3,26,0,3,4,0,1,1,0,0
2026 Spring,GCOM,7720,Financial Trading Analytics,015427,"Grazioli,Stefano",001,14718,McIntire School of Commerce,3.52,39,2,9,10,7,11,0,0,0,0,0
2026 Spring,ENGL,3500,Studies in English Literature,045449,"Chakraborty,Sumita",002,20239,College & Graduate Arts & Sci,3.81,20,6,5,7,1,1,0,0,0,0,0
2026 Spring,MSE,3101,Materials Sci Investigations,024407,"Ihlefeld,Jon",001,16178,Engineering & Applied Science,3.46,21,1,6,5,4,2,1,1,1,0,0
2026 Spring,EGMT,1530,Engaging Differences,044514,"Feldberg,Olya",107,19691,College & Graduate Arts & Sci,3.96,35,3,29,2,1,0,0,0,0,0,0
2026 Spring,GCOM,7140,Customer Analytics,042881,"Netemeyer,Richard",001,14708,McIntire School of Commerce,3.70,20,0,9,5,5,1,0,0,0,0,0
2026 Spring,EDIS,2022,Teaching Mindful Movement,047154,"Cook,Lysandra",001,15972,School of Education and HumanDev,3.87,30,19,8,0,0,2,0,0,1,0,0
2026 Spring,PHYS,1429,Intro Physics 1 Workshop,031036,"Bychkov,Maksim",015,10624,College & Graduate Arts & Sci,3.92,26,6,18,0,0,2,0,0,0,0,0
2026 Spring,BIOL,3000,Cell Biology,003525,"Wellbeloved,Elizabeth A.",501,19416,College & Graduate Arts & Sci,3.88,18,1,11,5,1,0,0,0,0,0,0
2026 Spring,STAT,6130,Applied Multivariate Stats,036673,"Slawski,Martin",001,13160,College & Graduate Arts & Sci,3.73,12,0,8,2,0,0,2,0,0,0,0
2026 Spring,DRAM,1020,Speaking in Public,007178,"Close,Tovah",005,20027,College & Graduate Arts & Sci,3.84,16,0,10,4,2,0,0,0,0,0,0
2026 Spring,CHE,6630,Mass Transfer,005514,"Ford,Roseanne",001,16151,Engineering & Applied Science,3.87,19,0,11,8,0,0,0,0,0,0,0
2026 Spring,HIUS,2002,American History Since 1865,019528,"Kahrl,Andrew",100,13609,College & Graduate Arts & Sci,3.68,43,0,16,17,6,3,1,0,0,0,0
2026 Spring,CS,4501,Spec Top: Computer Science,006942,"Floryan,Mark",005,17473,Engineering & Applied Science,3.59,58,0,32,8,8,6,0,0,1,2,1
2026 Spring,SYS,2202,Data & Information Engineering,036896,"Doryab,Afsaneh",001,16189,Engineering & Applied Science,3.53,104,3,14,56,16,11,0,2,1,0,1
2026 Spring,MATH,2310,Calculus III,023024,"Stees,Ryan",100,10549,College & Graduate Arts & Sci,3.53,32,7,11,1,8,0,4,0,0,0,1
2026 Spring,MDST,8005,Master's Thesis Writing,047205,"Sloane,Mona",001,13301,College & Graduate Arts & Sci,3.54,10,4,1,1,1,1,2,0,0,0,0
2026 Spring,PSYC,7245,"Foud of Sys, Beh & Cog Neursci",047934,"Meliza,Daniel",001,14423,College & Graduate Arts & Sci,3.86,9,0,6,2,1,0,0,0,0,0,0
2026 Spring,MUSI,2311,Vocal Performance Class,047294,"Beasley,Pamela",001,13858,College & Graduate Arts & Sci,3.80,10,0,8,0,1,0,1,0,0,0,0
2026 Spring,GCOM,7860,Digital Innovation,015440,"Gong,Jing",001,14747,McIntire School of Commerce,3.42,31,1,5,4,14,7,0,0,0,0,0
2026 Spring,COMM,3420,Commercial Law II,006471,"Moore,Sherri",002,14668,McIntire School of Commerce,3.59,60,0,17,26,7,7,1,1,1,0,0
2026 Spring,DRAM,1220,Art of the Creature,045569,"Temmink,Anne",001,13772,College & Graduate Arts & Sci,3.92,17,1,13,2,1,0,0,0,0,0,0
2026 Spring,COMM,1800,Foundations of Commerce,006438,"Costa,Elaine",005,14870,McIntire School of Commerce,3.23,113,1,29,22,15,21,7,7,4,3,4
2026 Spring,EDIS,4871,Internship Seminar Elementary,046574,"Reist,Kayla",001,15712,School of Education and HumanDev,3.99,21,2,18,1,0,0,0,0,0,0,0
2026 Spring,COMM,5161,ESG Accounting,047156,"McDermott,Katie",001,14738,McIntire School of Commerce,3.83,31,0,15,15,1,0,0,0,0,0,0
2026 Spring,SPAN,1020,Elementary Spanish II,035816,"Colon,Daniel",001,19197,College & Graduate Arts & Sci,3.51,14,0,4,7,1,0,0,1,0,1,0
2026 Spring,CS,3140,Software Dev Essentials,046231,"Stone,Derrick",002,17467,Engineering & Applied Science,3.85,109,5,74,18,8,1,3,0,0,0,0
2026 Spring,CE,3050,Energy Sys. & the Environment,042099,"Clarens,Andres",001,17495,Engineering & Applied Science,3.54,13,2,1,4,4,2,0,0,0,0,0
2026 Spring,STAT,3120,Intro Mathematical Statistics,040000,"Lubberts,Zach",002,13833,College & Graduate Arts & Sci,3.24,58,2,15,11,8,7,5,5,2,0,3
2026 Spring,CGBM,2310,Principles of Marketing,047003,"Allred,Nathan",001,14731,McIntire School of Commerce,3.53,55,0,20,7,20,5,1,2,0,0,0
2026 Spring,HHE,5635,Hepatitis C & US Health System,048383,"Hayden,Margaret",001,21280,Medical School - BIMS/PHS,3.85,11,2,6,1,2,0,0,0,0,0,0
2026 Spring,EGMT,1540,Ethical Engagement,044515,"Braun,Erik",204,19771,College & Graduate Arts & Sci,3.89,35,0,29,4,0,0,2,0,0,0,0
2026 Spring,NUCO,4710,Team-Based Care Synthesis,043230,"Ridge,Richard",001,18661,School of Nursing,3.97,59,1,52,6,0,0,0,0,0,0,0
2026 Spring,STS,2600,Engineering Ethics,046988,"Pappas,Jesse",006,17251,Engineering & Applied Science,3.88,28,0,21,5,0,2,0,0,0,0,0
2026 Spring,CGBM,2210,Digital Skills for Workplace,047002,"Lukyanenko,Roman",002,14872,McIntire School of Commerce,3.56,50,0,10,25,6,6,2,1,0,0,0
2026 Spring,SPAN,4203,Structures-SPAN,035937,"Rini,Joel",001,13501,College & Graduate Arts & Sci,3.97,29,16,11,1,1,0,0,0,0,0,0
2026 Spring,EGMT,1510,Engaging Aesthetics,044512,"Loeb,Hannah",103,13072,College & Graduate Arts & Sci,3.97,34,5,27,1,1,0,0,0,0,0,0
2026 Spring,EGMT,1510,Engaging Aesthetics,044512,"Tite,Philip",222,13145,College & Graduate Arts & Sci,3.93,34,24,7,2,0,0,0,1,0,0,0
2026 Spring,MATH,2310,Calculus III,023024,"Dimou,Evangelos",300,13154,College & Graduate Arts & Sci,3.46,35,4,10,3,9,5,2,1,0,1,0
2026 Spring,ENWR,2520,Special Topics in Writing,013448,"Sullivan,Rory",005,13106,College & Graduate Arts & Sci,3.86,16,0,11,3,2,0,0,0,0,0,0
2026 Spring,GNUR,6031,Transition to Adv Practice,016923,"Reyna,Barbara",001,18686,School of Nursing,3.94,26,7,14,5,0,0,0,0,0,0,0
2026 Spring,EDLF,4080,U.S. Education Policy,043600,"Malhotra,Katharine",001,16048,School of Education and HumanDev,3.39,34,2,14,4,3,3,2,2,2,2,0
2026 Spring,GNUR,6054,Rsch & Biostats Proc Hlth Care,016931,"Evans,Emily",001,18585,School of Nursing,3.90,16,0,13,2,0,1,0,0,0,0,0
2026 Spring,GNUR,6056,Health Policy,016935,"Acquaviva,Kimberly",001,18586,School of Nursing,3.94,44,7,31,5,0,1,0,0,0,0,0
2026 Spring,STS,4600,Engr Ethcs Prof Responsibility,036750,"Wylie,Caitlin",009,16409,Engineering & Applied Science,3.60,28,0,2,22,2,1,0,0,0,1,0
2026 Spring,DS,1001,Foundation of Data Science,046672,"Wright,Brian",100,15256,School of Data Science,3.87,153,0,142,0,0,4,0,0,6,0,1
2026 Spring,CE,2001,Sustainability Science,047236,"Peterson,Lisa",001,17494,Engineering & Applied Science,3.75,76,3,27,35,9,2,0,0,0,0,0
2026 Spring,EDHS,4150,Intro to Aural (Re)Hab,045580,"Halinski,Margaret",001,16059,School of Education and HumanDev,3.64,30,0,15,7,5,2,0,0,0,0,1
2026 Spring,EDLF,7805,Cultivating Profess Capacity,009745,"Baptist,June",500,15798,School of Education and HumanDev,3.99,21,7,13,1,0,0,0,0,0,0,0
2026 Spring,GBAC,7216,Managing Big Data,045287,"Li,Jingjing",001,14938,McIntire Darden Grad Business,3.64,44,0,6,28,9,1,0,0,0,0,0
2026 Spring,APMA,2130,Ordinary Differentl Equations,001145,"Chen,Heze",004,16211,Engineering & Applied Science,2.74,46,5,2,10,6,6,1,0,8,0,8
2026 Spring,GBAC,7208,Customer Analytics,045277,"Netemeyer,Richard",001,14933,McIntire Darden Grad Business,3.69,44,0,15,20,4,5,0,0,0,0,0
2026 Spring,EDIS,2010,Teaching as a Profession,009383,"Chabalengula,Vivien",500,15339,School of Education and HumanDev,3.85,39,2,32,1,1,1,0,1,1,0,0
2026 Spring,MAE,4710,Mechatronics,022605,"Garner,Gavin",001,16171,Engineering & Applied Science,3.50,137,12,30,38,30,13,9,2,1,0,2
2026 Spring,EDHS,2250,Stress and Anxiety Management,044538,"Cholewa,Blaire",002,16007,School of Education and HumanDev,3.85,42,0,30,8,3,0,0,0,1,0,0
2026 Spring,GBAC,7212,Databases & Data Mgmt,045282,"Schuff,David",001,14935,McIntire Darden Grad Business,3.52,44,0,11,14,11,5,2,1,0,0,0
2026 Spring,EDIS,4340,Language and Comm in ECE,045381,"Turnbull,Khara",500,16031,School of Education and HumanDev,3.81,23,9,11,0,0,1,1,0,1,0,0
2026 Spring,NUIP,2430,Pharmacology I,043235,"Hall,Katy",001,18615,School of Nursing,3.80,91,8,49,21,6,5,1,1,0,0,0
2026 Spring,ENGL,3740,Intro to Asian Amer Studies,039586,"Chong,Sylvia",100,13205,College & Graduate Arts & Sci,3.79,11,2,6,1,0,2,0,0,0,0,0
2026 Spring,APMA,6430,Statistics Engrs & Scientists,001210,"Li,Meiqin",001,16613,Engineering & Applied Science,3.88,8,2,5,0,0,1,0,0,0,0,0
2026 Spring,GBAC,7209,Data Analytics II,045281,"Mousavi,Reza",001,14934,McIntire Darden Grad Business,3.69,44,0,17,18,5,1,3,0,0,0,0
2026 Spring,GBAC,7214,Prototyping & Product Dev,045284,"Chao,Raul",001,14936,McIntire Darden Grad Business,3.81,44,0,25,12,7,0,0,0,0,0,0
2026 Spring,SPAN,1020,Elementary Spanish II,035816,"Colon,Daniel",002,19198,College & Graduate Arts & Sci,3.42,18,0,9,5,0,0,2,0,0,1,1
2026 Spring,DEM,7501,Democracy Seminar II,045926,"Espejo,Paulina Ochoa",001,12418,College & Graduate Arts & Sci,3.86,9,4,4,0,0,0,1,0,0,0,0
2026 Spring,MAE,6710,Finite Element Analysis,022680,"Panzer,Matthew",600,16649,Engineering & Applied Science,3.88,6,1,4,0,1,0,0,0,0,0,0
2026 Spring,EDIS,5176,Contemporary Issues Special Ed,047516,"Blackman,Nadiah",500,16068,School of Education and HumanDev,3.62,12,0,5,3,2,1,1,0,0,0,0
2026 Spring,APMA,2120,Multivariable Calculus,001144,"Hellings,Christian",005,16546,Engineering & Applied Science,2.81,38,0,5,4,5,6,5,6,2,2,3
2026 Spring,SOC,3559,New Course: SOC,039374,"Safdar,Muhammad Tayyab",001,20740,College & Graduate Arts & Sci,2.81,13,0,1,1,2,3,0,4,2,0,0
2026 Spring,NUCO,4730,Nursing Practice Synthesis,043232,"Hallowell,Sara",001,18662,School of Nursing,3.93,117,12,91,10,0,2,1,0,1,0,0
2026 Spring,DS,2002,Data Science Systems,046059,"Siller,Karsten",003,15309,School of Data Science,3.84,26,0,15,9,2,0,0,0,0,0,0
2026 Spring,LPPP,6250,Policy Analysis,032142,"Rorem,Anna",300,20837,Batten Leadership & Public Pol,3.47,7,0,2,1,2,2,0,0,0,0,0
2026 Spring,ECE,6435,Computer Architecture & Design,007719,"Delong,Todd",001,16587,Engineering & Applied Science,3.53,16,4,7,2,0,0,1,1,0,0,1
2026 Spring,PLIR,7020,Core Seminar in Intl Security,047458,"Copeland,Dale",001,14253,College & Graduate Arts & Sci,3.76,8,0,4,3,0,1,0,0,0,0,0
2026 Spring,EDHS,4810,Personal Adjustment,009132,"Rambo,Tim",001,15327,School of Education and HumanDev,3.96,20,9,8,3,0,0,0,0,0,0,0
2026 Spring,HIUS,2053,American Slavery,044872,"Edwards,Justene Hill",100,13630,College & Graduate Arts & Sci,3.43,39,0,10,12,8,3,2,3,0,1,0
2026 Spring,MDST,2690,Sports Journalism,044470,"Clay,Anna",002,13587,College & Graduate Arts & Sci,3.80,19,0,11,7,0,0,0,1,0,0,0
2026 Spring,RELG,1000,Questions in the Study of Reli,046967,"Salomon,Noah",001,13672,College & Graduate Arts & Sci,3.69,23,1,13,6,2,0,0,0,0,0,1
2026 Spring,EDHS,7220,Intro to Career Interventions,009205,"Kronstain,John",001,15328,School of Education and HumanDev,3.87,24,2,16,5,0,0,0,1,0,0,0
2026 Spring,LAW,7206,Litigating in Delaware (SC),048193,"Barzuza,Michal",1,19046,School of Law,3.57,11,0,2,4,5,0,0,0,0,0,0
2026 Spring,NUIP,2250,Principles of Nutrition,029444,"Bayliss,Angie Hasemann",001,18628,School of Nursing,3.94,34,0,29,4,1,0,0,0,0,0,0
2026 Spring,NUCO,2220,Cells to Society for Nursing,043100,"Campbell,Cathy",001,18691,School of Nursing,4.00,40,2,38,0,0,0,0,0,0,0,0
2026 Spring,APMA,2501,Special Topics in APMA,044139,"Li,Meiqin",001,17524,Engineering & Applied Science,3.75,16,9,6,0,0,0,0,0,0,0,1
2026 Spring,FREN,4123,Medieval Love,043430,"Ogden,Amy",001,19195,College & Graduate Arts & Sci,3.63,18,0,8,4,2,4,0,0,0,0,0
2026 Spring,CJ,5290,Emotional Intelligence,041302,"Coleman,Marian Elizabeth",A1,21367,Continuing & Prof Studies,4.00,20,13,7,0,0,0,0,0,0,0,0
2026 Spring,EDIS,3012,Mindfulness & Development,044838,"Tshomo,Ugyen",001,15539,School of Education and HumanDev,3.66,27,8,14,1,0,1,0,0,2,0,1
2026 Spring,EDHS,4040,Anat & Phys of Speech & Hear,044389,"Dubay,Michaela",001,15515,School of Education and HumanDev,3.66,48,0,32,4,6,3,0,1,0,1,1
2026 Spring,BME,3240,Biotransport,004069,"Helmke,Brian",001,16205,Engineering & Applied Science,3.45,35,0,9,9,7,7,1,2,0,0,0
2026 Spring,ECE,6501,Topics: Elect & Computer Engr,007731,"Watson,Amanda",003,21259,Engineering & Applied Science,3.89,9,2,5,1,1,0,0,0,0,0,0
2026 Spring,ECE,4435,Computer Architecture & Design,007695,"Delong,Todd",001,16463,Engineering & Applied Science,3.78,96,22,51,11,2,5,1,0,3,0,1
2026 Spring,SYS,2620,Engineering Public Policy,042530,"Louis,Garrick",001,16585,Engineering & Applied Science,3.88,16,2,12,0,0,2,0,0,0,0,0
2026 Spring,ENWR,1510,Writing and Critical Inquiry,013432,"Fowler,Charity",072,13434,College & Graduate Arts & Sci,3.94,18,16,1,0,0,1,0,0,0,0,0
2026 Spring,EGMT,1540,Ethical Engagement,044515,"Driver,Keith",212,19779,College & Graduate Arts & Sci,4.00,30,10,20,0,0,0,0,0,0,0,0
2026 Spring,ENCW,2300,Poetry Writing,013450,"Nnadi,Samuel",003,13939,College & Graduate Arts & Sci,3.85,15,0,9,5,1,0,0,0,0,0,0
2026 Spring,DS,3001,Foundations of ML,045203,"Peng,Cheng",002,15322,School of Data Science,3.48,43,7,21,4,2,4,0,0,1,1,3
2026 Spring,DS,6210,Comp II: Num Analy & Optim,046855,"Shakeri,Heman",001,15266,School of Data Science,3.62,5,0,2,2,0,0,1,0,0,0,0
2026 Spring,EDLF,3170,Introduction to Adolescence,044395,"Smith,Naila",001,15516,School of Education and HumanDev,3.70,22,0,10,7,2,3,0,0,0,0,0
2026 Spring,STAT,4160,Experimental Design,044445,"Brown,Taylor",001,13834,College & Graduate Arts & Sci,3.60,59,0,14,32,7,2,2,0,0,2,0
2026 Spring,EDLF,8662,Politics and Education,009800,"Pusser,Brian",001,15704,School of Education and HumanDev,3.91,20,0,15,4,1,0,0,0,0,0,0
2026 Spring,CS,4501,Spec Top: Computer Science,006942,"Cheng,Zezhou",003,17471,Engineering & Applied Science,3.92,65,10,46,6,1,1,0,1,0,0,0
2026 Spring,CS,3205,HCI in Software Development,006898,"Apostolellis,Panagiotis",001,16582,Engineering & Applied Science,3.57,25,0,12,6,1,4,0,0,1,1,0
2026 Spring,SYS,3034,System Evaluation,036904,"Bailey,Reid",001,16190,Engineering & Applied Science,3.18,77,2,11,15,18,10,10,5,2,3,1
2026 Spring,MSE,6320,Deformation & Frac Struc Matls,037756,"Burns,James",001,16563,Engineering & Applied Science,3.44,7,0,1,3,1,1,1,0,0,0,0
2026 Spring,DS,6700,"Val I: Data Ethics, Pol & Gov",046832,"Reia,Jess",001,15265,School of Data Science,3.90,19,10,5,3,0,1,0,0,0,0,0
2026 Spring,EDHS,8100,Disorders of Language II,009257,"Hoffman,LaVae",001,15331,School of Education and HumanDev,3.61,21,0,6,9,4,0,2,0,0,0,0
2026 Spring,GCNL,5130,Adults w/Common Health Probs,015374,"Burchfield,Caitlin",100,18580,School of Nursing,3.90,61,0,51,4,3,3,0,0,0,0,0
2026 Spring,COMM,4210,Managerial View of AI,047505,"Johnson,Steven",001,14880,McIntire School of Commerce,3.67,42,2,7,25,6,2,0,0,0,0,0
2026 Spring,ECON,4170,"Econ: Risk, Uncertainty & Info",039715,"Santugini,Marc",001,14364,College & Graduate Arts & Sci,3.58,65,10,27,10,3,9,1,1,1,1,2
2026 Spring,DS,3025,Mathematics for Data Science,046960,"Guadagni,Gianluca",200,15312,School of Data Science,3.93,65,0,61,1,1,1,0,0,0,1,0
2026 Spring,EDHS,8030,Neurogenic Comm Disorders,009251,"Robey,Randall",001,15330,School of Education and HumanDev,4.00,24,22,2,0,0,0,0,0,0,0,0
2026 Spring,CHEM,2120,The Chemist's Compass,047909,"Morkowchuk,Lisa",001,14426,College & Graduate Arts & Sci,3.94,23,15,7,0,0,0,1,0,0,0,0
2026 Spring,APMA,3080,Linear Algebra,001151,"Li,Meiqin",001,16123,Engineering & Applied Science,3.01,43,5,7,8,2,9,3,3,1,0,5
2026 Spring,APMA,1110,Single Variable Calculus II,001140,"McMillan,Matthew",002,16113,Engineering & Applied Science,1.86,33,1,1,2,0,5,3,3,4,2,12
2026 Spring,EVSC,4140,Global Coastal Change,042705,"Mcglathery,Karen",001,13544,College & Graduate Arts & Sci,3.85,37,2,22,9,4,0,0,0,0,0,0
2026 Spring,CJ,5740,Emerging Tech Influence on PS,046525,"Lehman,Matthew D",C901,21339,Continuing & Prof Studies,3.54,5,1,0,2,1,1,0,0,0,0,0
2026 Spring,GNUR,8559,New Course: GNUR,043695,"Mitchell,Emma",002,20794,School of Nursing,4.00,14,11,3,0,0,0,0,0,0,0,0
2026 Spring,CS,6501,Spec Top: Computer Science,006981,"Li,Jundong",015,17493,Engineering & Applied Science,3.84,15,0,7,8,0,0,0,0,0,0,0
2026 Spring,PSPA,5000,Intro to Public Administration,039947,"Dinglas,Rudy de Leon",701,20621,Continuing & Prof Studies,3.68,10,0,2,6,2,0,0,0,0,0,0
2026 Spring,EDIS,5041,Behav & Classroom Management,009428,"Gentry,Roberta",500,15825,School of Education and HumanDev,3.94,20,5,13,1,0,1,0,0,0,0,0
2026 Spring,EAST,1010,East Asian Canons and Cultures,007647,"Morse,Canaan",100,13494,College & Graduate Arts & Sci,3.71,60,0,34,9,8,8,1,0,0,0,0
2026 Spring,ECE,6502,Spec Top:Elect & Computer Engr,007732,"Li,Jundong",006,17492,Engineering & Applied Science,3.63,15,0,4,6,4,1,0,0,0,0,0
2026 Spring,STAT,1100,Chance: Intro to Statistics,036650,"Snow,Parker",004,13830,College & Graduate Arts & Sci,3.75,30,10,10,3,4,2,0,1,0,0,0
2026 Spring,POL,1220,Intro to Polish Language,032001,"Stepanic,Stanley",001,13754,College & Graduate Arts & Sci,3.60,15,0,10,1,1,1,0,1,0,1,0
2026 Spring,ENCW,2600,Fiction Writing,013455,"Bochenkova,Polina",001,13945,College & Graduate Arts & Sci,3.90,14,0,12,0,2,0,0,0,0,0,0
2026 Spring,LPPP,6350,Politics of Public Policy,045109,"Kim,Kisoo",300,20839,Batten Leadership & Public Pol,3.77,7,0,4,2,0,1,0,0,0,0,0
2026 Spring,CJ,3490,Lgl Issues Impact Law Enf Ops,039968,"Chechak,Kevin",A1,21375,Continuing & Prof Studies,3.72,15,7,1,4,0,3,0,0,0,0,0
2026 Spring,SATR,2110,Cult. Tr: TravWriting in SAsia,034855,"Farooqi,Mehr",001,20255,College & Graduate Arts & Sci,3.83,12,8,3,0,0,0,0,0,1,0,0
2026 Spring,ENTP,1010,Intro to Entrepreneurship,043881,"Kerpelman,Adam",004,14684,McIntire School of Commerce,3.86,49,3,36,7,1,0,1,0,0,0,1
2026 Spring,GCOM,7831,Project & Product Management,041538,"Wright,Ryan",001,14745,McIntire School of Commerce,3.55,31,2,8,10,6,2,1,2,0,0,0
2026 Spring,MAE,3220,Compressible Aerodynamics,022583,"Ward,Thomas",001,16162,Engineering & Applied Science,3.24,68,0,24,11,7,10,4,4,1,1,6
2026 Spring,COMM,3050,Managerial Decision Making,006457,"Stewart,Virginia",006,14623,McIntire School of Commerce,3.28,39,2,3,11,9,7,2,4,1,0,0
2026 Spring,NESC,8080,NESC Grad Student Sem Series,029309,"Nieh,Edward",001,18290,Medical School - BIMS/PHS,3.90,53,1,38,11,3,0,0,0,0,0,0
2026 Spring,GCOM,7349,Introduction to Auditing,046426,"Mitchell,Jill",001,14692,McIntire School of Commerce,3.90,10,1,7,1,1,0,0,0,0,0,0
2026 Spring,KINE,5750,"Assess & Interv Conc, Head, CS",044715,"Higgins,Michael",001,15537,School of Education and HumanDev,3.38,14,0,3,2,5,2,2,0,0,0,0
2026 Spring,ENWR,1510,Writing and Critical Inquiry,013432,"Goad,Rhiannon",046,12686,College & Graduate Arts & Sci,3.96,17,0,15,2,0,0,0,0,0,0,0
2026 Spring,ECON,4820,Experimental Economics,007985,"Holt,Charles",001,13013,College & Graduate Arts & Sci,3.93,39,8,24,5,2,0,0,0,0,0,0
2026 Spring,ASTR,1290,Black Holes,044559,"Pryal,Matthew",001,13005,College & Graduate Arts & Sci,3.30,135,2,40,34,16,15,9,3,6,3,7
2026 Spring,ECON,4430,Environmental Economics,007977,"Sekhri,Sheetal",099,12961,College & Graduate Arts & Sci,3.72,71,8,24,24,9,4,2,0,0,0,0
2026 Spring,ECE,6332,VLSI Design,007717,"Calhoun,Benton",001,16607,Engineering & Applied Science,3.84,12,0,7,4,1,0,0,0,0,0,0
2026 Spring,PHYS,2040,Princip of Physics 2 Workshop,030812,"Bychkov,Maksim",021,14380,College & Graduate Arts & Sci,3.98,25,18,5,2,0,0,0,0,0,0,0
2026 Spring,KINE,2850,Medical Terminology,042975,"Southall,Kathryn",501,15510,School of Education and HumanDev,3.92,49,0,47,0,0,0,1,0,0,0,1
2026 Spring,EDIS,4310,Differenting Reading Instruct,046126,"Demchak,Alisha",001,15694,School of Education and HumanDev,4.00,26,13,13,0,0,0,0,0,0,0,0
2026 Spring,STS,4600,Engr Ethcs Prof Responsibility,036750,"Laugelli,Benjamin",004,16450,Engineering & Applied Science,3.94,30,7,17,6,0,0,0,0,0,0,0
2026 Spring,KINE,5730,Medical Aspects Athl Training,044587,"Moore,Erin",001,15706,School of Education and HumanDev,3.66,14,0,3,9,1,0,1,0,0,0,0
2026 Spring,KINE,2850,Medical Terminology,042975,"Southall,Kathryn",500,15509,School of Education and HumanDev,3.94,96,0,90,3,1,0,0,1,0,1,0
2026 Spring,PSYC,3445,Intro to Clinical Psychology,043419,"Reuben,Aaron",001,14196,College & Graduate Arts & Sci,3.73,144,23,69,21,13,13,2,1,1,0,1
2026 Spring,GCNL,5230,Thry Research & Nurs Practice,045563,"Shepherd,Andrea",001,18700,School of Nursing,3.97,59,4,50,5,0,0,0,0,0,0,0
2026 Spring,EDIS,6220,Assessment of Curriculum: K-12,045848,"Falls,Melanie",501,15836,School of Education and HumanDev,3.40,24,0,12,3,2,1,4,0,1,0,1
2026 Spring,DS,6410,Advanced ML II: Methods & App,046857,"Zhang,Aiying",001,15268,School of Data Science,3.46,5,0,1,1,2,1,0,0,0,0,0
2026 Spring,BME,4064,Biomed Engr Capstone Design II,004084,"Allen,Timothy",001,16210,Engineering & Applied Science,3.98,93,16,73,2,1,1,0,0,0,0,0
2026 Spring,MATH,1320,Calculus II,022954,"Gomez,Kevin",600,13172,College & Graduate Arts & Sci,3.19,10,2,2,0,2,0,1,2,1,0,0
2026 Spring,PLAP,3270,Public Opinion and Am Dem,031557,"Winter,Nicholas",100,13574,College & Graduate Arts & Sci,3.56,209,9,112,30,16,16,8,5,3,3,7
2026 Spring,EDIS,5134,Behav Observations & Analysis,045206,"Metras,Rachel",500,15775,School of Education and HumanDev,3.73,24,0,19,2,0,2,0,0,0,0,1
2026 Spring,MATH,1210,A survey of Calculus I,022944,"Basu,Aaratrick",700,13170,College & Graduate Arts & Sci,2.74,25,3,1,3,7,2,0,4,0,0,5
2026 Spring,EDIS,3045,Mathematics in Early Childhood,045741,"Kutaka,Traci",500,15807,School of Education and HumanDev,3.28,19,1,6,3,1,4,0,1,2,1,0
2026 Spring,EGMT,1540,Ethical Engagement,044515,"Rosenblith,Gillet",219,19786,College & Graduate Arts & Sci,3.96,34,7,23,4,0,0,0,0,0,0,0
2026 Spring,APMA,3140,App Partial Differentl Equatns,001155,"Morris,Diana",001,16601,Engineering & Applied Science,2.89,36,0,10,1,8,5,1,3,2,2,4
2026 Spring,STS,4600,Engr Ethcs Prof Responsibility,036750,"Foley,Rider",005,16212,Engineering & Applied Science,3.82,28,0,23,0,0,5,0,0,0,0,0
2026 Spring,EDIS,2650,Cultural and Physical Geo,047891,"Cranford,Sara",500,16075,School of Education and HumanDev,3.85,24,0,19,2,1,1,1,0,0,0,0
2026 Spring,BME,2101,Physiology I for Engineers,004059,"Guilford,William",001,16654,Engineering & Applied Science,3.00,41,4,10,6,3,3,2,4,3,1,5
2026 Spring,EDHS,2230,Drug Awareness,044847,"Pleszkoch,Elisabeth",001,15543,School of Education and HumanDev,3.89,55,0,43,8,2,1,1,0,0,0,0
2026 Spring,EDHS,7225,Assessment in Counseling,045489,"Walsh,Robyn",500,15628,School of Education and HumanDev,3.96,21,0,18,3,0,0,0,0,0,0,0
2026 Spring,PHS,7090,Health Care Economics,030370,"Wanchek,Tanya",001,18329,Medical School - BIMS/PHS,3.97,31,0,29,1,1,0,0,0,0,0,0
2026 Spring,NUIP,4420,Research in Healthcare,029458,"Logan,Jeongok",003,18705,School of Nursing,3.54,10,0,7,2,0,0,0,0,0,0,1
2026 Spring,NUIP,3430,Pharmacology II,043239,"Whitlow,Malinda",001,18731,School of Nursing,3.88,28,5,15,6,1,1,0,0,0,0,0
2026 Spring,NUCO,4440,Trends/Issues Clin Nrsg Pract,042286,"Wiersma,Gretchen",003,18729,School of Nursing,3.87,10,2,6,1,0,1,0,0,0,0,0
2026 Spring,EDLF,8387,Practical Evaluation,044855,"Spicer,David Eddy",502,15953,School of Education and HumanDev,3.90,16,0,12,3,1,0,0,0,0,0,0
2026 Spring,EDLF,3150,Intro Chld Growth & Developmnt,009660,"Sweeney,Beverly",001,16044,School of Education and HumanDev,3.81,40,1,31,3,3,0,0,0,0,2,0
2026 Spring,CE,2110,Environmental Engineering Lab,040525,"Culver,Teresa",001,16218,Engineering & Applied Science,3.69,21,7,4,7,2,0,0,0,0,0,1
2026 Spring,ENWR,2510,Advanced Writing Seminar,013441,"Seitz,James",004,14356,College & Graduate Arts & Sci,3.98,16,2,13,1,0,0,0,0,0,0,0
2026 Spring,CS,4750,Database Systems,006934,"Praphamontripong,Upsorn",001,16514,Engineering & Applied Science,3.53,141,12,62,20,17,13,4,4,5,0,4
2026 Spring,CHE,3318,Chemical Reaction Engineering,005447,"Davis,Robert",001,16147,Engineering & Applied Science,2.84,32,0,3,1,4,7,8,5,4,0,0
2026 Spring,CS,3240,Software Engineering,006903,"Sherriff,Mark",001,16449,Engineering & Applied Science,3.72,101,1,62,21,6,4,2,2,0,2,1
2026 Spring,ECE,3430,Intro Embedded Computer Systms,042681,"Delong,Todd",001,16462,Engineering & Applied Science,3.72,61,27,23,4,0,1,1,1,1,1,2
2026 Spring,SYS,6050,Risk Analysis,036967,"Lambert,James",001,16199,Engineering & Applied Science,3.49,14,0,4,4,2,2,2,0,0,0,0
2026 Spring,MDST,3811,American Broadcast News,046693,"Bodroghkozy,Aniko",001,13489,College & Graduate Arts & Sci,3.56,19,0,8,4,3,2,1,1,0,0,0
2026 Spring,KINE,2420,Intro to Personal Training,043639,"Davis,Jason",001,15488,School of Education and HumanDev,3.97,25,22,2,0,1,0,0,0,0,0,0
2026 Spring,CHTR,3840,Writing Women in Modern China,041872,"Laughlin,Charles",001,13543,College & Graduate Arts & Sci,3.65,26,0,18,4,0,2,0,0,1,0,1
2026 Spring,DS,6050,ML III: Deep Learning,046347,"Hartvigsen,Tom",001,15307,School of Data Science,4.00,46,28,18,0,0,0,0,0,0,0,0
2026 Spring,ENGL,8559,New Course: ENGL,039146,"Kirschenbaum,Matthew",001,20211,College & Graduate Arts & Sci,3.93,8,0,6,2,0,0,0,0,0,0,0
2026 Spring,LASE,3601,Critical Inquiry,047062,"Flood,David",001,13062,College & Graduate Arts & Sci,3.67,20,2,13,1,1,1,0,0,1,0,1
2026 Spring,SPAN,2020,Advanced Intermediate Spanish,035854,"Badang,Germain",018,13560,College & Graduate Arts & Sci,3.28,11,0,2,4,1,1,1,1,1,0,0
2026 Spring,EDIS,6800,Creativity and Problem Solving,045849,"Moran,Melinda",500,15820,School of Education and HumanDev,3.76,14,0,10,1,0,3,0,0,0,0,0
2026 Spring,CHE,3322,Transprt Proc II: Heat & Mass,005449,"Vecchiarello,Nick",001,16148,Engineering & Applied Science,3.20,32,1,9,4,5,4,4,2,1,1,1
2026 Spring,EDIS,6740,Diagnosis & Remediation II,009476,"Richmond,Cassidi",503,16036,School of Education and HumanDev,3.78,12,0,8,2,0,2,0,0,0,0,0
2026 Spring,FREN,3030,Phonetics,014365,"Rey,Cecile",001,13855,College & Graduate Arts & Sci,3.22,13,0,6,0,3,2,0,0,1,0,1
2026 Spring,ARTH,3591,Art History Colloquium,042072,"Ramirez-Weaver,Eric",002,13476,College & Graduate Arts & Sci,3.89,15,2,9,3,1,0,0,0,0,0,0
2026 Spring,ENTP,1010,Intro to Entrepreneurship,043881,"Ransler,Charles",001,14661,McIntire School of Commerce,3.67,40,2,13,14,8,1,2,0,0,0,0
2026 Spring,EDIS,2920,Debunking Classroom Myths,043990,"Maeng,Jennifer",001,15904,School of Education and HumanDev,3.90,28,1,21,4,1,1,0,0,0,0,0
2026 Spring,ANTH,2450,Language & Environment,047167,"Wendte,Nathan",100,13270,College & Graduate Arts & Sci,3.89,117,0,96,15,3,1,0,0,0,0,2
2026 Spring,COMM,4620,Strategic Leadership,045370,"Lovelace,Jeffrey",002,14690,McIntire School of Commerce,3.76,40,1,9,29,1,0,0,0,0,0,0
2026 Spring,COMM,4380,Consumer Behav & Mktg Strategy,006522,"Mittal,Chiraag",001,14689,McIntire School of Commerce,3.53,29,0,8,9,5,6,1,0,0,0,0
2026 Spring,CHEM,2420,Organic Chemistry II,005699,"Heyboer,Ethan",700,13827,College & Graduate Arts & Sci,2.94,91,2,11,15,13,21,10,3,4,5,7
2026 Spring,EDIS,7230,Curriculum Gifted & Talented,009710,"Adams,Cheryll",500,15827,School of Education and HumanDev,3.86,7,0,5,1,1,0,0,0,0,0,0
2026 Spring,GNUR,6020,Advanced Pharmacology,016900,"Yost,Terri",001,18583,School of Nursing,3.95,88,10,66,10,2,0,0,0,0,0,0
2026 Spring,ECE,4332,Introduction to VLSI Design,007693,"Calhoun,Benton",001,16606,Engineering & Applied Science,3.47,30,2,12,3,6,5,0,1,0,0,1
2026 Spring,STS,4600,Engr Ethcs Prof Responsibility,036750,"Davis,William",021,16560,Engineering & Applied Science,3.41,28,2,10,5,2,2,4,0,2,1,0
2026 Spring,COMM,3040,Strategic Value Creation,006456,"Allison,Kiera",004,14613,McIntire School of Commerce,3.51,36,0,9,6,17,4,0,0,0,0,0
2026 Spring,APMA,3100,Probability,001152,"Yang,Jing",005,16616,Engineering & Applied Science,2.29,38,5,1,2,4,8,0,2,1,2,13
2026 Spring,EDIS,3013,Positive Behavior in ECE,045468,"Shaffer,Autumn",500,15985,School of Education and HumanDev,3.94,23,13,8,0,2,0,0,0,0,0,0
2026 Spring,PHYS,5210,Discrete Group Theory,045329,"Lee,Seung-Hun",001,13223,College & Graduate Arts & Sci,3.87,7,1,3,3,0,0,0,0,0,0,0
2026 Spring,COMM,3230,Managing Innovation,045750,"Martin,Eric",001,14680,McIntire School of Commerce,3.89,31,0,24,5,0,2,0,0,0,0,0
2026 Spring,COMM,4881,Ldrship Practicum I,006748,"Seaborn,Paul",001,14686,McIntire School of Commerce,3.64,25,0,2,20,1,1,1,0,0,0,0
2026 Spring,HIUS,2051,War and the Making of America,019530,"Varon,Elizabeth",100,13621,College & Graduate Arts & Sci,3.56,40,0,10,15,7,7,1,0,0,0,0
2026 Spring,COMM,4522,Topics in BA,046287,"Kitchens,Brent",001,14687,McIntire School of Commerce,3.69,21,2,8,6,2,2,1,0,0,0,0
2026 Spring,GDS,3114,"Science, Tech & Development",043964,"Edmunds,David",001,14005,College & Graduate Arts & Sci,3.97,45,9,31,5,0,0,0,0,0,0,0
2026 Spring,COMM,2700,Basic Finance for Real Estate,046582,"Chapman,David",001,14693,McIntire School of Commerce,3.35,21,0,7,4,3,2,2,1,2,0,0
2026 Spring,EDHS,8240,Addictions Counseling,009270,"Pleszkoch,Elisabeth",001,15348,School of Education and HumanDev,3.94,21,0,17,4,0,0,0,0,0,0,0
2026 Spring,LAW,9070,Voice and Silence Law/Lit Sem,022209,"Woolard,Amy",1,19092,School of Law,3.56,17,0,3,6,8,0,0,0,0,0,0
2026 Spring,SYS,3060,Stochastic Decision Models,036906,"Leon,Daniel Otero",001,16821,Engineering & Applied Science,3.68,96,11,44,17,7,12,2,1,1,1,0
2026 Spring,HILA,3501,Introductory History Workshop,047173,"Sweeney,Lean",001,13263,College & Graduate Arts & Sci,3.87,17,9,3,4,0,1,0,0,0,0,0
2026 Spring,SPAN,2020,Advanced Intermediate Spanish,035854,"Fernandez,Jesus Jativa",022,19200,College & Graduate Arts & Sci,3.98,13,3,9,1,0,0,0,0,0,0,0
2026 Spring,COMM,3040,Strategic Value Creation,006456,"Yung,Christopher",007,14616,McIntire School of Commerce,3.48,34,0,9,8,9,6,1,1,0,0,0
2026 Spring,APMA,3080,Linear Algebra,001151,"Li,Meiqin",002,16124,Engineering & Applied Science,3.39,43,5,13,10,5,4,1,1,1,0,3
2026 Spring,EDLF,3491,Inequality in US Social Policy,046703,"Levy,Melissa",001,16047,School of Education and HumanDev,3.90,13,3,8,1,0,1,0,0,0,0,0
2026 Spring,NUCO,3610,Maternal/Child Nursing,043226,"Evans,Emily",001,18635,School of Nursing,3.91,69,0,54,12,1,2,0,0,0,0,0
2026 Spring,COMM,4821,Sustainable Commerce,006701,"White,Mark",001,14667,McIntire School of Commerce,3.68,25,0,12,5,6,1,1,0,0,0,0
2026 Spring,COMM,3050,Managerial Decision Making,006457,"Stewart,Virginia",005,14622,McIntire School of Commerce,3.54,33,2,6,10,12,2,0,1,0,0,0
2026 Spring,NUCO,4210,Public Health Nursing,043229,"Mitchell,Emma",001,18641,School of Nursing,3.98,54,8,43,3,0,0,0,0,0,0,0
2026 Spring,COMM,4350,Cust Analytics & Brand Strat,006519,"Maxham,James",001,14659,McIntire School of Commerce,3.97,18,0,16,2,0,0,0,0,0,0,0
2026 Spring,KINE,3620,Biomechanics/Motor Control,009106,"Kuenze,Christopher",001,15438,School of Education and HumanDev,3.26,65,0,8,29,9,6,3,2,4,0,4
2026 Spring,COMM,1800,Foundations of Commerce,006438,"Costa,Elaine",001,14608,McIntire School of Commerce,3.30,143,4,39,30,18,24,9,7,2,4,6
2026 Spring,ENWR,1510,Writing and Critical Inquiry,013432,"Stephens,Samantha",073,14007,College & Graduate Arts & Sci,3.81,17,2,8,5,1,1,0,0,0,0,0
2026 Spring,HIEU,2721,"Supernatural Europe, 1500-1800",043756,"Lambert,Erin",100,13625,College & Graduate Arts & Sci,3.45,53,0,18,17,4,5,6,0,1,1,1
2026 Spring,APMA,2120,Multivariable Calculus,001144,"Ryals,Megan",003,16116,Engineering & Applied Science,2.23,25,0,3,1,2,6,1,1,1,2,8
2026 Spring,COMM,3720,Intermediate Corporate Finance,006484,"Chen,Zhaohui",002,14635,McIntire School of Commerce,3.67,36,2,20,2,5,4,3,0,0,0,0
2026 Spring,COMM,3050,Managerial Decision Making,006457,"Maurer,Chris",003,14620,McIntire School of Commerce,3.34,34,0,6,8,8,8,2,0,2,0,0
2026 Spring,EDHS,9761,Child Therapy,039111,"Tuerk,Elena",001,15350,School of Education and HumanDev,3.71,8,0,3,3,2,0,0,0,0,0,0
2026 Spring,EDIS,5012,Mindfulness for Teachers,044537,"Nicholas-Stokes,Pamela",500,15773,School of Education and HumanDev,3.76,17,6,8,1,1,0,0,0,0,0,1
2026 Spring,COMM,3720,Intermediate Corporate Finance,006484,"Chen,Zhaohui",001,14634,McIntire School of Commerce,3.59,35,3,15,4,4,6,2,1,0,0,0
2026 Spring,LAW,7062,Legislation,021725,"Nelson,Caleb",1,19031,School of Law,3.74,75,1,22,43,7,2,0,0,0,0,0
2026 Spring,GCOM,7549,Commerce in the Global Context,045947,"Marcel,Jeremy J",004,14743,McIntire School of Commerce,3.74,22,2,6,10,4,0,0,0,0,0,0
2026 Spring,ENCW,2300,Poetry Writing,013450,"Yu-Jen,Noel",002,13938,College & Graduate Arts & Sci,3.92,15,2,9,4,0,0,0,0,0,0,0
2026 Spring,PHYS,2040,Princip of Physics 2 Workshop,030812,"Bychkov,Maksim",018,14244,College & Graduate Arts & Sci,4.00,26,21,5,0,0,0,0,0,0,0,0
2026 Spring,CS,1110,Introduction to Programming,006846,"Khargonkar,Arohi",001,16135,Engineering & Applied Science,3.51,129,0,67,26,11,9,6,2,0,2,6
2026 Spring,DS,2002,Data Science Systems,046059,"Williamson,Jason",002,15251,School of Data Science,4.00,66,25,41,0,0,0,0,0,0,0,0
2026 Spring,PLPT,3500,Special Topics in PT,040944,"Donahue-Ochoa,Tom",001,13252,College & Graduate Arts & Sci,3.94,30,12,12,6,0,0,0,0,0,0,0
2026 Spring,STS,4600,Engr Ethcs Prof Responsibility,036750,"Earle,Joshua",019,16558,Engineering & Applied Science,3.86,28,0,24,0,0,4,0,0,0,0,0
2026 Spring,COMM,3220,Data Mgmt for Decision Making,006500,"Gong,Jing",003,14698,McIntire School of Commerce,3.54,33,1,13,10,2,1,3,0,3,0,0
2026 Spring,NUIP,3311,"Quality, Safety, and EBP",045255,"Reid,Kathryn",002,18690,School of Nursing,3.97,63,0,59,3,1,0,0,0,0,0,0
2026 Spring,MAE,4620,ME Design II,037541,"Momot,Michael",001,16217,Engineering & Applied Science,3.87,73,40,21,3,6,2,0,0,0,1,0
2026 Spring,EDIS,5014,Trauma Sensitive Classroom,045539,"Nicholas-Stokes,Pamela",500,15823,School of Education and HumanDev,3.97,24,12,11,0,1,0,0,0,0,0,0
2026 Spring,GCOM,7216,Data Aggregation&Visualization,046795,"Maurer,Chris",001,14876,McIntire School of Commerce,3.64,32,0,9,14,7,1,1,0,0,0,0
2026 Spring,GCOM,7210,Founds. of ML/AI w/ Low-Code,043907,"Kitchens,Brent",001,14712,McIntire School of Commerce,3.44,39,0,8,6,20,2,3,0,0,0,0
2026 Spring,KINE,5760,Principles of Strength & Cond,044848,"Higgins,Michael",001,15544,School of Education and HumanDev,3.47,24,1,5,9,3,4,1,0,0,0,1
2026 Spring,ASTR,3420,Life Beyond the Earth,003082,"Garrod,Rob",001,19112,College & Graduate Arts & Sci,3.45,37,8,9,3,6,2,7,1,0,1,0
2026 Spring,EDIS,4350,Interaction with Intention,045392,"Turnbull,Khara",500,15695,School of Education and HumanDev,3.37,24,6,6,1,4,1,2,1,2,0,1
2026 Spring,ENWR,3900,Career-Based Writing/Rhetoric,040841,"Little,Dana",001,13318,College & Graduate Arts & Sci,4.00,16,7,9,0,0,0,0,0,0,0,0
2026 Spring,EDHS,4210,Speech Sound Devel & Disorders,046565,"Albaugh,Susan",001,15710,School of Education and HumanDev,3.76,21,0,10,8,1,2,0,0,0,0,0
2026 Spring,MATH,1140,Financial Mathematics,022937,"Cernekova,Kristina",003,13304,College & Graduate Arts & Sci,3.23,35,2,11,6,6,2,0,3,0,3,2
2026 Spring,EDLF,2050,What the Innovators Do,043697,"Kim,Chi",001,15637,School of Education and HumanDev,3.94,97,69,15,10,2,0,1,0,0,0,0
2026 Spring,SPAN,3410,Perspectives on Modern Spain,035909,"Moore,Kelly",001,14044,College & Graduate Arts & Sci,3.79,25,5,16,2,1,0,0,0,0,0,1
2026 Spring,EDIS,7250,Models&Strategies Tchg Gifted,009712,"Adams,Cheryll",500,15828,School of Education and HumanDev,3.87,10,0,7,2,1,0,0,0,0,0,0
2026 Spring,EDIS,3020,The Exceptional Learner,009391,"Allison,Dr. Rinyka",501,16008,School of Education and HumanDev,3.61,30,0,19,3,2,2,0,2,2,0,0
2026 Spring,EDLF,3240,Educ Across Cultrs&Communities,044021,"Rodriguez,Alexa",001,15492,School of Education and HumanDev,3.90,14,0,12,0,2,0,0,0,0,0,0
2026 Spring,PSYC,4500,Spec Tops: Psychology,032600,"Robertson,Zoe",003,14090,College & Graduate Arts & Sci,3.79,22,2,17,1,0,1,0,0,0,0,1
2026 Spring,EDHS,2460,Clinical Observation,045733,"Rehm,Rebecca",001,15638,School of Education and HumanDev,3.84,20,1,13,3,2,1,0,0,0,0,0
2026 Spring,PHYS,1010,The Physical Universe,030772,"Hirosky,Robert",001,13118,College & Graduate Arts & Sci,3.05,41,2,15,6,2,3,1,3,1,3,5
2026 Spring,BME,2315,Computational BME,004067,"Peirce-Cottler,Shayn",001,16655,Engineering & Applied Science,3.94,46,21,22,1,0,0,2,0,0,0,0
2026 Spring,COMM,4252,Open Source Innovation,047509,"Etienne,Bevin",001,14268,McIntire School of Commerce,3.94,25,0,20,5,0,0,0,0,0,0,0
2026 Spring,PHYS,2040,Princip of Physics 2 Workshop,030812,"Bychkov,Maksim",019,14245,College & Graduate Arts & Sci,3.96,26,16,9,0,0,1,0,0,0,0,0
2026 Spring,CELL,8301,Adv Topics in Cell Biology,042509,"Dwyer,Noelle",001,18257,Medical School - BIMS/PHS,3.95,14,11,2,0,1,0,0,0,0,0,0
2026 Spring,BIOL,4017,The Immortal Germ Line,047482,"McIntyre,Dan",001,14242,College & Graduate Arts & Sci,3.98,46,28,15,3,0,0,0,0,0,0,0
2026 Spring,COMM,3330,Mkt Research & Analytic Tech,006475,"Davis,Derick",001,14631,McIntire School of Commerce,3.43,36,2,9,9,6,5,2,0,3,0,0
2026 Spring,GCOM,7870,Foundations of Global Commerce,038183,"Burroughs,James",001,14722,McIntire School of Commerce,3.64,46,0,7,27,12,0,0,0,0,0,0
2026 Spring,GCOM,7260,Unstructured Data Analytics,043910,"Schuff,David",001,14875,McIntire School of Commerce,3.49,15,0,2,6,4,3,0,0,0,0,0
2026 Spring,GCOM,7160,Brand Management & Strategy,043912,"Memmi,Sarah",001,14710,McIntire School of Commerce,3.51,23,0,4,9,5,5,0,0,0,0,0
2026 Spring,GCOM,7870,Foundations of Global Commerce,038183,"Burroughs,James",003,14724,McIntire School of Commerce,3.76,43,0,12,28,3,0,0,0,0,0,0
2026 Spring,STS,4500,STS and Engineering Practice,036749,"Norton,Peter",001,16185,Engineering & Applied Science,3.54,29,0,12,5,5,4,2,1,0,0,0
2026 Spring,COMM,4221,Data Exp. & Visualization w/ R,047507,"Gong,Jing",001,14879,McIntire School of Commerce,3.74,14,0,7,4,2,1,0,0,0,0,0
2026 Spring,PHIL,3160,18th Century Philosophy,030117,"Secada,Jorge",001,14204,College & Graduate Arts & Sci,3.29,26,0,2,4,15,4,0,0,0,0,1
2026 Spring,EDIS,5871,Sem: Tch Intern: Elementary Ed,039325,"Reist,Kayla",001,15701,School of Education and HumanDev,4.00,13,6,7,0,0,0,0,0,0,0,0
2026 Spring,PHYS,2040,Princip of Physics 2 Workshop,030812,"Bychkov,Maksim",020,14246,College & Graduate Arts & Sci,4.00,24,20,4,0,0,0,0,0,0,0,0
2026 Spring,CHEM,2321,Org Lab II Non-Chem Maj/Min,043155,"Chruma,Jason",019,13848,College & Graduate Arts & Sci,3.68,36,2,14,12,3,4,0,1,0,0,0
2026 Spring,HIST,3861,Soccer Politics,047183,"Boyd,Cleo",001,13261,College & Graduate Arts & Sci,3.90,95,11,62,15,6,1,0,0,0,0,0
2026 Spring,CGBM,2210,Digital Skills for Workplace,047002,"Bennett,Andrew",004,14730,McIntire School of Commerce,3.68,54,0,10,35,7,2,0,0,0,0,0
2026 Spring,CHEM,1421,Intro College Chemistry II Lab,005994,"Morkowchuk,Lisa",037,13278,College & Graduate Arts & Sci,3.92,23,15,5,2,0,0,1,0,0,0,0
2026 Spring,MUSI,2340,Learn to Groove,039726,"Jospe,Robert",002,13244,College & Graduate Arts & Sci,3.97,21,7,13,0,1,0,0,0,0,0,0
2026 Spring,APMA,3120,Statistics,001154,"Lark,James",001,16130,Engineering & Applied Science,3.13,40,0,6,9,7,6,5,3,1,2,1
2026 Spring,CHE,3398,Chemical Engineering Lab I,005458,"Prpich,George",100,16432,Engineering & Applied Science,3.49,32,0,6,11,7,8,0,0,0,0,0
2026 Spring,CHEM,5770,Mass Spectrometry,047477,"Ma,Xin",001,14221,College & Graduate Arts & Sci,3.78,25,5,9,6,4,1,0,0,0,0,0
2026 Spring,ENWR,2520,Special Topics in Writing,013448,"Richardson,Sarah",006,13107,College & Graduate Arts & Sci,3.93,16,11,1,4,0,0,0,0,0,0,0
2026 Spring,GSGS,4200,Applied Rsrch in GlobalStudies,046972,"Edmunds,David",001,13999,College & Graduate Arts & Sci,4.00,30,3,27,0,0,0,0,0,0,0,0
2026 Spring,CS,1110,Introduction to Programming,006846,"Khargonkar,Arohi",002,16141,Engineering & Applied Science,3.53,125,0,57,24,17,12,8,1,2,1,3
2026 Spring,KINE,4601,Athletic Injuries Lab,040719,"Chapman,Kayla",001,15434,School of Education and HumanDev,3.78,16,12,2,0,0,0,1,0,0,1,0
2026 Spring,EVSC,4542,Topics in Landscape Evolution,046151,"Limaye,Ajay",001,13478,College & Graduate Arts & Sci,3.47,10,1,6,0,0,1,1,0,0,0,1
2026 Spring,GCOM,7549,Commerce in the Global Context,045947,"Jenkins,Nicole Thorne",002,14741,McIntire School of Commerce,3.60,24,3,3,9,7,2,0,0,0,0,0
2026 Spring,GCOM,7760,Real Estate Investments,015431,"Healy,Brian",001,14721,McIntire School of Commerce,3.79,36,0,13,21,2,0,0,0,0,0,0
2026 Spring,PHIL,3720,Contemporary Ethics,030137,"MacKenzie,Jordan",001,13768,College & Graduate Arts & Sci,3.60,31,5,10,9,2,3,1,0,0,0,1
2026 Spring,MDST,3113,Black Americans in Horror Film,047490,"Coleman,Robin Means",001,14241,College & Graduate Arts & Sci,3.53,16,1,8,1,1,3,1,0,0,1,0
2026 Spring,COMM,3050,Managerial Decision Making,006457,"Maurer,Chris",008,14625,McIntire School of Commerce,3.42,41,0,2,17,15,4,2,1,0,0,0
2026 Spring,ENCW,2300,Poetry Writing,013450,"Haugen,Ian",007,13942,College & Graduate Arts & Sci,3.90,15,1,9,5,0,0,0,0,0,0,0
2026 Spring,MDST,3404,Politics and New Media,023516,"Williams,Bruce",001,13484,College & Graduate Arts & Sci,3.70,24,1,13,4,4,1,0,0,0,1,0
2026 Spring,RELB,3180,Nondualism,047492,"Cohen,Tamara",001,14243,College & Graduate Arts & Sci,3.95,11,4,5,2,0,0,0,0,0,0,0
2026 Spring,DRAM,2310,Costume Technology,007220,"Linton,Marcy",001,13794,College & Graduate Arts & Sci,3.95,17,3,11,3,0,0,0,0,0,0,0
2026 Spring,GSGS,4200,Applied Rsrch in GlobalStudies,046972,"Edmunds,David",002,14223,College & Graduate Arts & Sci,3.99,27,6,20,1,0,0,0,0,0,0,0
2026 Spring,RELC,2401,Hist of American Catholicism,033966,"Henry,James",001,13664,College & Graduate Arts & Sci,3.92,30,0,22,8,0,0,0,0,0,0,0
2026 Spring,GREE,5559,New Course: GREE,038606,"Dillery,John",001,19907,College & Graduate Arts & Sci,3.71,8,0,4,2,1,1,0,0,0,0,0
2026 Spring,SPAN,1060,Accelerated Elementary Spanish,035820,"Street,Matthew",003,13590,College & Graduate Arts & Sci,3.61,16,2,4,4,4,1,1,0,0,0,0
2026 Spring,PHYS,2020,Principles of Physics 2,030810,"Sundararajan,Jency",006,13905,College & Graduate Arts & Sci,3.15,122,10,32,26,4,14,12,3,7,3,11
2026 Spring,SPAN,2020,Advanced Intermediate Spanish,035854,"Badang,Germain",016,13389,College & Graduate Arts & Sci,3.45,17,0,0,13,2,0,0,1,0,1,0
2026 Spring,CGBM,2210,Digital Skills for Workplace,047002,"Bennett,Andrew",001,14871,McIntire School of Commerce,3.79,54,0,27,21,3,3,0,0,0,0,0
2026 Spring,ENCW,3610,Intermediate Fiction Writing,013477,"Vallianatos,Corinna",001,13197,College & Graduate Arts & Sci,3.97,11,1,9,1,0,0,0,0,0,0,0
