ClassNumber,Mnemonic,Number,Section,Type,Units,Instructor1,Days1,Room1,MeetingDates1,Instructor2,Days2,Room2,MeetingDates2,Instructor3,Days3,Room3,MeetingDates3,Instructor4,Days4,Room4,MeetingDates4,Title,Topic,Status,Enrollment,EnrollmentLimit,Waitlist,WaitlistLimit,Description,Disciplines,Cost
16348,CS,1110,001,Lecture,3,Arohi Khargonkar,mowefr 11:00am - 11:50am,***,08/25/2026 - 12/08/2026,,,,,,,,,,,,,Introduction to Programming,,Open,194,200,0,199,"A first course in programming, software development, and computer science. Introduces computing fundamentals and an appreciation for computational thinking. No previous programming experience required. Note: CS 1110, 1111, 1112, 1113, and 1120 provide different approaches to teaching the same core material; students may only receive credit for one of these courses. Students may not enroll if CS 2100 or CS 3140 has been completed.",,No Cost Course Materials
16499,CS,1110,002,Lecture,3,Arohi Khargonkar,mowefr 9:00am - 9:50am,***,08/25/2026 - 12/08/2026,,,,,,,,,,,,,Introduction to Programming,,Open,137,148,0,199,"A first course in programming, software development, and computer science. Introduces computing fundamentals and an appreciation for computational thinking. No previous programming experience required. Note: CS 1110, 1111, 1112, 1113, and 1120 provide different approaches to teaching the same core material; students may only receive credit for one of these courses. Students may not enroll if CS 2100 or CS 3140 has been completed.",,No Cost Course Materials
16046,CS,1110,101,Laboratory,0,Arohi Khargonkar,th 9:30am - 10:45am,***,08/25/2026 - 12/08/2026,,,,,,,,,,,,,Introduction to Programming,,Open,82,85,0,199,"A first course in programming, software development, and computer science. Introduces computing fundamentals and an appreciation for computational thinking. No previous programming experience required. Note: CS 1110, 1111, 1112, 1113, and 1120 provide different approaches to teaching the same core material; students may only receive credit for one of these courses. Students may not enroll if CS 2100 or CS 3140 has been completed.",,
16048,CS,1110,102,Laboratory,0,Arohi Khargonkar,th 11:00am - 12:15pm,***,08/25/2026 - 12/08/2026,,,,,,,,,,,,,Introduction to Programming,,Open,84,85,0,199,"A first course in programming, software development, and computer science. Introduces computing fundamentals and an appreciation for computational thinking. No previous programming experience required. Note: CS 1110, 1111, 1112, 1113, and 1120 provide different approaches to teaching the same core material; students may only receive credit for one of these courses. Students may not enroll if CS 2100 or CS 3140 has been completed.",,
16049,CS,1110,103,Laboratory,0,Arohi Khargonkar,th 12:30pm - 1:45pm,***,08/25/2026 - 12/08/2026,,,,,,,,,,,,,Introduction to Programming,,Closed,85,85,0,199,"A first course in programming, software development, and computer science. Introduces computing fundamentals and an appreciation for computational thinking. No previous programming experience required. Note: CS 1110, 1111, 1112, 1113, and 1120 provide different approaches to teaching the same core material; students may only receive credit for one of these courses. Students may not enroll if CS 2100 or CS 3140 has been completed.",,
16047,CS,1110,104,Laboratory,0,Arohi Khargonkar,th 2:00pm - 3:15pm,***,08/25/2026 - 12/08/2026,,,,,,,,,,,,,Introduction to Programming,,Open,80,85,0,199,"A first course in programming, software development, and computer science. Introduces computing fundamentals and an appreciation for computational thinking. No previous programming experience required. Note: CS 1110, 1111, 1112, 1113, and 1120 provide different approaches to teaching the same core material; students may only receive credit for one of these courses. Students may not enroll if CS 2100 or CS 3140 has been completed.",,
16050,CS,1112,001,Lecture,3,Nada Basit,mowefr 12:30pm - 1:45pm,***,08/25/2026 - 12/08/2026,,,,,,,,,,,,,Introduction to Programming,,Closed,90,90,0,199,"A first course in programming, software development, and computer science. Introduces computing fundamentals and an appreciation for computational thinking. Prerequisite: Students must have no previous programming experience. Note: CS 1110, 1111, 1112, 1113, and 1120 provide different approaches to teaching the same core material; students may only receive credit for one of these courses. Students may not enroll if CS 2100 or CS 3140 has been completed.",,No Cost Course Materials
17122,CS,1112,002,Lecture,3,Nada Basit,mowefr 2:00pm - 3:15pm,***,08/25/2026 - 12/08/2026,,,,,,,,,,,,,Introduction to Programming,,Closed,89,90,0,199,"A first course in programming, software development, and computer science. Introduces computing fundamentals and an appreciation for computational thinking. Prerequisite: Students must have no previous programming experience. Note: CS 1110, 1111, 1112, 1113, and 1120 provide different approaches to teaching the same core material; students may only receive credit for one of these courses. Students may not enroll if CS 2100 or CS 3140 has been completed.",,No Cost Course Materials
21042,CS,1501,001,Lecture,1,Briana Morrison,we 5:00pm - 5:50pm,***,08/25/2026 - 12/08/2026,,,,,,,,,,,,,Special Topics in Computer Science,Cracking the Coding Interview,Open,27,30,0,0,Student led special topic courses which vary by semester.,,No Cost Course Materials
21041,CS,1501,002,Lecture,1,Bryn Seabrook,tu 3:30pm - 4:20pm,***,08/25/2026 - 12/08/2026,,,,,,,,,,,,,Special Topics in Computer Science,Building Software w/AI Systems,Open,16,25,0,0,Student led special topic courses which vary by semester.,,
17001,CS,2100,001,Lecture,4,Briana Morrison,mowefr 11:00am - 11:50am,***,08/25/2026 - 12/08/2026,,,,,,,,,,,,,Data Structures and Algorithms 1,,Open,118,150,0,199,"A second course in computing with an emphasis on foundational data structures and program analysis. The course provides a introduction to object oriented programming and the Java programming language, concurrency, and inheritance / polymorphism. Additionally, foundational data structures and related algorithms / analysis are studied. These include lists, stacks, queues, trees, hash tables, and priority queues. Prereq: CS 1110 or CS 1111 or CS 1112 or CS 1113 or place out test for CS 1110 or CS 2100  ",,No Cost Course Materials
17002,CS,2100,002,Lecture,4,Briana Morrison,mowefr 2:00pm - 2:50pm,***,08/25/2026 - 12/08/2026,,,,,,,,,,,,,Data Structures and Algorithms 1,,Open,80,150,0,199,"A second course in computing with an emphasis on foundational data structures and program analysis. The course provides a introduction to object oriented programming and the Java programming language, concurrency, and inheritance / polymorphism. Additionally, foundational data structures and related algorithms / analysis are studied. These include lists, stacks, queues, trees, hash tables, and priority queues. Prereq: CS 1110 or CS 1111 or CS 1112 or CS 1113 or place out test for CS 1110 or CS 2100  ",,No Cost Course Materials
17003,CS,2100,101,Laboratory,0,Briana Morrison,mo 3:30pm - 5:15pm,***,08/25/2026 - 12/08/2026,,,,,,,,,,,,,Data Structures and Algorithms 1,,Open,82,85,0,199,"A second course in computing with an emphasis on foundational data structures and program analysis. The course provides a introduction to object oriented programming and the Java programming language, concurrency, and inheritance / polymorphism. Additionally, foundational data structures and related algorithms / analysis are studied. These include lists, stacks, queues, trees, hash tables, and priority queues. Prereq: CS 1110 or CS 1111 or CS 1112 or CS 1113 or place out test for CS 1110 or CS 2100  ",,
17004,CS,2100,102,Laboratory,0,Briana Morrison,mo 5:30pm - 7:15pm,***,08/25/2026 - 12/08/2026,,,,,,,,,,,,,Data Structures and Algorithms 1,,Open,83,85,0,199,"A second course in computing with an emphasis on foundational data structures and program analysis. The course provides a introduction to object oriented programming and the Java programming language, concurrency, and inheritance / polymorphism. Additionally, foundational data structures and related algorithms / analysis are studied. These include lists, stacks, queues, trees, hash tables, and priority queues. Prereq: CS 1110 or CS 1111 or CS 1112 or CS 1113 or place out test for CS 1110 or CS 2100  ",,
17005,CS,2100,103,Laboratory,0,Briana Morrison,mo 7:30pm - 9:15pm,***,08/25/2026 - 12/08/2026,,,,,,,,,,,,,Data Structures and Algorithms 1,,Open,33,85,0,199,"A second course in computing with an emphasis on foundational data structures and program analysis. The course provides a introduction to object oriented programming and the Java programming language, concurrency, and inheritance / polymorphism. Additionally, foundational data structures and related algorithms / analysis are studied. These include lists, stacks, queues, trees, hash tables, and priority queues. Prereq: CS 1110 or CS 1111 or CS 1112 or CS 1113 or place out test for CS 1110 or CS 2100  ",,
16928,CS,2120,001,Lecture,3,Rohan Chandra,tuth 11:00am - 12:15pm,***,08/25/2026 - 12/08/2026,,,,,,,,,,,,,Discrete Mathematics and Theory 1,,Open,48,80,0,199,"Introduces discrete mathematics and proof techniques involving first order predicate logic and induction. Application areas include sets, tuples, functions, relations, and combinatorial problems. Prereq: Must have completed CS 1110 or CS 1111 or CS 1112 or CS 1113 with a grade of C- or better OR successfully completed the CS 1110 or CS 2100 place out test.",,
16930,CS,2120,002,Lecture,3,Sarah Elder,mowefr 1:00pm - 1:50pm,***,08/25/2026 - 12/08/2026,,,,,,,,,,,,,Discrete Mathematics and Theory 1,,Closed,100,100,0,199,"Introduces discrete mathematics and proof techniques involving first order predicate logic and induction. Application areas include sets, tuples, functions, relations, and combinatorial problems. Prereq: Must have completed CS 1110 or CS 1111 or CS 1112 or CS 1113 with a grade of C- or better OR successfully completed the CS 1110 or CS 2100 place out test.",,
17022,CS,2130,001,Lecture,4,Xinyao Yi,mowefr 1:00pm - 1:50pm,***,08/25/2026 - 12/08/2026,,,,,,,,,,,,,Computer Systems and Organization 1,,Open,119,150,0,199,"This course covers topics on the computer architecture abstraction hierarchy ranging from a step above silicon to a step below modern programming languages. Students in this course will learn to write low-level code in C and Assembly, how data is stored in memory, the basics of hardware design from gates and registers through general-purpose computers, and legal, ethical, and security issues related to these topics. CS 1100 - CS 1199 and either familiarity with Java, C++, or another C-like language, or concurrent enrollment in CS 2100",,
17023,CS,2130,002,Lecture,4,Xinyao Yi,mowefr 12:00pm - 12:50pm,***,08/25/2026 - 12/08/2026,,,,,,,,,,,,,Computer Systems and Organization 1,,Open,95,150,0,199,"This course covers topics on the computer architecture abstraction hierarchy ranging from a step above silicon to a step below modern programming languages. Students in this course will learn to write low-level code in C and Assembly, how data is stored in memory, the basics of hardware design from gates and registers through general-purpose computers, and legal, ethical, and security issues related to these topics. CS 1100 - CS 1199 and either familiarity with Java, C++, or another C-like language, or concurrent enrollment in CS 2100",,
17024,CS,2130,101,Laboratory,0,Xinyao Yi,tu 9:30am - 10:45am,***,08/25/2026 - 12/08/2026,,,,,,,,,,,,,Computer Systems and Organization 1,,Open,30,85,0,199,"This course covers topics on the computer architecture abstraction hierarchy ranging from a step above silicon to a step below modern programming languages. Students in this course will learn to write low-level code in C and Assembly, how data is stored in memory, the basics of hardware design from gates and registers through general-purpose computers, and legal, ethical, and security issues related to these topics. CS 1100 - CS 1199 and either familiarity with Java, C++, or another C-like language, or concurrent enrollment in CS 2100",,
17025,CS,2130,102,Laboratory,0,Xinyao Yi,tu 11:00am - 12:15pm,***,08/25/2026 - 12/08/2026,,,,,,,,,,,,,Computer Systems and Organization 1,,Open,61,85,0,199,"This course covers topics on the computer architecture abstraction hierarchy ranging from a step above silicon to a step below modern programming languages. Students in this course will learn to write low-level code in C and Assembly, how data is stored in memory, the basics of hardware design from gates and registers through general-purpose computers, and legal, ethical, and security issues related to these topics. CS 1100 - CS 1199 and either familiarity with Java, C++, or another C-like language, or concurrent enrollment in CS 2100",,
17026,CS,2130,103,Laboratory,0,Xinyao Yi,tu 12:30pm - 1:45pm,***,08/25/2026 - 12/08/2026,,,,,,,,,,,,,Computer Systems and Organization 1,,Open,75,85,0,199,"This course covers topics on the computer architecture abstraction hierarchy ranging from a step above silicon to a step below modern programming languages. Students in this course will learn to write low-level code in C and Assembly, how data is stored in memory, the basics of hardware design from gates and registers through general-purpose computers, and legal, ethical, and security issues related to these topics. CS 1100 - CS 1199 and either familiarity with Java, C++, or another C-like language, or concurrent enrollment in CS 2100",,
17027,CS,2130,104,Laboratory,0,Xinyao Yi,tu 2:00pm - 3:15pm,***,08/25/2026 - 12/08/2026,,,,,,,,,,,,,Computer Systems and Organization 1,,Open,48,85,0,199,"This course covers topics on the computer architecture abstraction hierarchy ranging from a step above silicon to a step below modern programming languages. Students in this course will learn to write low-level code in C and Assembly, how data is stored in memory, the basics of hardware design from gates and registers through general-purpose computers, and legal, ethical, and security issues related to these topics. CS 1100 - CS 1199 and either familiarity with Java, C++, or another C-like language, or concurrent enrollment in CS 2100",,
16536,CS,2910,001,PRA,1,"Nada Basit, Angela Orebaugh, Xinyao Yi",mo 3:30pm - 4:20pm,***,08/25/2026 - 12/08/2026,,,,,,,,,,,,,CS Education Practicum,,Open,12,35,0,0,"An overview of computer science education for undergraduate students. Topics include ethics, diversity, tutoring and teaching techniques, and classroom management. Students enrolled in this course serve as a teaching assistant for a computer science course as part of their coursework.",,No Cost Course Materials
17866,CS,2910,002,PRA,1,"Angela Orebaugh, Nada Basit, Xinyao Yi",we 1:00pm - 1:50pm,***,08/25/2026 - 12/08/2026,,,,,,,,,,,,,CS Education Practicum,,Open,18,40,0,0,"An overview of computer science education for undergraduate students. Topics include ethics, diversity, tutoring and teaching techniques, and classroom management. Students enrolled in this course serve as a teaching assistant for a computer science course as part of their coursework.",,No Cost Course Materials
17867,CS,2910,003,PRA,1,"Nada Basit, Angela Orebaugh, Xinyao Yi",tba,***,08/25/2026 - 12/08/2026,,,,,,,,,,,,,CS Education Practicum,,Open,37,85,0,0,"An overview of computer science education for undergraduate students. Topics include ethics, diversity, tutoring and teaching techniques, and classroom management. Students enrolled in this course serve as a teaching assistant for a computer science course as part of their coursework.",,No Cost Course Materials
21133,CS,2993,001,IND,1 - 3,Angela Orebaugh,tba,***,08/25/2026 - 12/08/2026,,,,,,,,,,,,,Independent Study,,Open,0,30,0,0,In-depth study of a computer science or computer engineering problem by an individual student in close consultation with departmental faculty.,,
21149,CS,2993,002,IND,1 - 3,Yen-Ling Kuo,tba,***,08/25/2026 - 12/08/2026,,,,,,,,,,,,,Independent Study,,Open,2,30,0,0,In-depth study of a computer science or computer engineering problem by an individual student in close consultation with departmental faculty.,,
21280,CS,2993,003,IND,1 - 3,Nicola Bezzo,tba,***,08/25/2026 - 12/08/2026,,,,,,,,,,,,,Independent Study,,Open,1,30,0,0,In-depth study of a computer science or computer engineering problem by an individual student in close consultation with departmental faculty.,,
17019,CS,3100,001,Lecture,3,Aaron Bloomfield,tuth 12:30pm - 1:45pm,***,08/25/2026 - 12/08/2026,,,,,,,,,,,,,Data Structures and Algorithms 2,,Open,153,160,0,199,"Builds upon previous analysis of algorithms and the effects of data structures on them. Algorithms selected from areas such as searching, shortest paths, greedy algorithms, backtracking, divide-and-conquer, dynamic programming, and machine learning. Analysis techniques include asymptotic worst case, expected time, amortized analysis, and reductions. Prerequisites: CS 2100 & CS 2120. Background in topics covered in a first course in Calculus is required. CS 3140 is recommended.",,No Cost Course Materials
17020,CS,3100,002,Lecture,3,Robbie Hott,tuth 9:30am - 10:45am,***,08/25/2026 - 12/08/2026,,,,,,,,,,,,,Data Structures and Algorithms 2,,Open,79,80,0,199,"Builds upon previous analysis of algorithms and the effects of data structures on them. Algorithms selected from areas such as searching, shortest paths, greedy algorithms, backtracking, divide-and-conquer, dynamic programming, and machine learning. Analysis techniques include asymptotic worst case, expected time, amortized analysis, and reductions. Prerequisites: CS 2100 & CS 2120. Background in topics covered in a first course in Calculus is required. CS 3140 is recommended.",,No Cost Course Materials
17156,CS,3120,001,Lecture,3,Mark Floryan,tuth 9:30am - 10:45am,***,08/25/2026 - 12/08/2026,,,,,,,,,,,,,Discrete Mathematics and Theory 2,,Closed,152,150,0,199,"The goal of this course is to understand the fundamental limits on what can be efficiently computed. These limits reveal properties about information, communication, and computing, as well as practical issues about how to solve problems. Introduces computation theory including grammars, automata, and Turing machines. Prereq: CS 3100 with a grade of C- or better",,
17334,CS,3120,002,Lecture,3,Mark Floryan,tuth 11:00am - 12:15pm,***,08/25/2026 - 12/08/2026,,,,,,,,,,,,,Discrete Mathematics and Theory 2,,Closed,84,80,0,199,"The goal of this course is to understand the fundamental limits on what can be efficiently computed. These limits reveal properties about information, communication, and computing, as well as practical issues about how to solve problems. Introduces computation theory including grammars, automata, and Turing machines. Prereq: CS 3100 with a grade of C- or better",,
17335,CS,3130,001,Lecture,4,Charles Reiss,tuth 2:00pm - 3:15pm,***,08/25/2026 - 12/08/2026,,,,,,,,,,,,,Computer Systems and Organization 2,,Open,160,163,0,199,"A second course in computer systems, this course will explore a more realistic model of processors and how they and the operating system work together to provide various functionality we depend on as application programmers. Course topics include permission models, system architecture, concurrency, virtual memory, cryptographic primitives, and TCP/IP networking. Prereq CS 2100 and CS 2130 with a grade of C- or better",,
17124,CS,3130,101,Laboratory,0,Charles Reiss,we 3:30pm - 4:45pm,***,08/25/2026 - 12/08/2026,,,,,,,,,,,,,Computer Systems and Organization 2,,Closed,85,85,0,199,"A second course in computer systems, this course will explore a more realistic model of processors and how they and the operating system work together to provide various functionality we depend on as application programmers. Course topics include permission models, system architecture, concurrency, virtual memory, cryptographic primitives, and TCP/IP networking. Prereq CS 2100 and CS 2130 with a grade of C- or better",,
17126,CS,3130,102,Laboratory,0,Charles Reiss,we 5:00pm - 6:15pm,***,08/25/2026 - 12/08/2026,,,,,,,,,,,,,Computer Systems and Organization 2,,Open,75,85,0,199,"A second course in computer systems, this course will explore a more realistic model of processors and how they and the operating system work together to provide various functionality we depend on as application programmers. Course topics include permission models, system architecture, concurrency, virtual memory, cryptographic primitives, and TCP/IP networking. Prereq CS 2100 and CS 2130 with a grade of C- or better",,
17007,CS,3140,001,Lecture,3,Derrick Stone,tuth 3:30pm - 4:45pm,***,08/25/2026 - 12/08/2026,,,,,,,,,,,,,Software Development Essentials,,Open,83,148,0,199,"A first course in software engineering and software construction, this course focuses on bringing the programming concepts learned in a first course in data structures and algorithms together to begin to teach students how to build more complex systems. The course covers introductory topics in testing, software design principles, design patterns, functional programming, and data storage and manipulation. Completed CS 2100 with a C- or better.",,No Cost Course Materials
17336,CS,3140,002,Lecture,3,Derrick Stone,tuth 2:00pm - 3:15pm,***,08/25/2026 - 12/08/2026,,,,,,,,,,,,,Software Development Essentials,,Open,141,148,0,199,"A first course in software engineering and software construction, this course focuses on bringing the programming concepts learned in a first course in data structures and algorithms together to begin to teach students how to build more complex systems. The course covers introductory topics in testing, software design principles, design patterns, functional programming, and data storage and manipulation. Completed CS 2100 with a C- or better.",,No Cost Course Materials
17476,CS,3205,001,Lecture,3,Panagiotis Apostolellis,tuth 3:30pm - 4:45pm,***,08/25/2026 - 12/08/2026,,,,,,,,,,,,,HCI in Software Development,,Open,12,60,0,199,"Human-computer interaction and user-centered design in the context of software engineering. Examines the fundamental principles of human-computer interaction. Includes evaluating a system's usability based on well-defined criteria; user and task analysis, as well as conceptual models and metaphors; the use of prototyping for evaluating design alternatives; and physical design of software user-interfaces, including windows, menus, and commands. Prerequisite: CS 2100 with a grade of C- or better OR successfully completed the CS 2100 place out test.",,
16341,CS,3240,001,Lecture,3,Sarah Elder,mowefr 12:00pm - 12:50pm,***,08/25/2026 - 12/08/2026,,,,,,,,,,,,,Software Engineering,,Open,112,155,0,199,"Analyzes modern software engineering practice for multi-person projects; methods for requirements specification, design, implementation, verification, and maintenance of large software systems; advanced software development techniques and large project management approaches; project planning, scheduling, resource management, configuration control, and documentation. Prerequisite: CS 3140 with a grade of C- or better",,
16363,CS,3240,101,Laboratory,0,Sarah Elder,tba,***,08/25/2026 - 12/08/2026,,,,,,,,,,,,,Software Engineering,,Open,112,155,0,199,"Analyzes modern software engineering practice for multi-person projects; methods for requirements specification, design, implementation, verification, and maintenance of large software systems; advanced software development techniques and large project management approaches; project planning, scheduling, resource management, configuration control, and documentation. Prerequisite: CS 3140 with a grade of C- or better",,
17571,CS,3250,001,Lecture,3,Upsorn Praphamontripong,mowefr 1:00pm - 1:50pm,***,08/25/2026 - 12/08/2026,,,,,,,,,,,,,Software Testing,,Open,58,60,0,199,"An introduction to testing for assuring software quality. Covers concepts and techniques for testing software, including testing at the unit, module, subsystem, and system levels; automatic and manual techniques for generating and validating test data; the testing process; static vs. dynamic analysis; functional testing; inspections; testing in specific application domains; and reliability assessment. Prerequisite: CS 2100 and CS 2120 (OR CS 2100 place out test and CS 2120) with a grade of C- or better",,No Cost Course Materials
20172,CS,3250,002,Lecture,3,Wenxi Wang,tuth 5:00pm - 6:15pm,***,08/25/2026 - 12/08/2026,,,,,,,,,,,,,Software Testing,,Open,33,60,0,199,"An introduction to testing for assuring software quality. Covers concepts and techniques for testing software, including testing at the unit, module, subsystem, and system levels; automatic and manual techniques for generating and validating test data; the testing process; static vs. dynamic analysis; functional testing; inspections; testing in specific application domains; and reliability assessment. Prerequisite: CS 2100 and CS 2120 (OR CS 2100 place out test and CS 2120) with a grade of C- or better",,
21661,CS,3501,001,Lecture,3,Jundong Li,mowe 11:00am - 12:15pm,***,08/25/2026 - 12/08/2026,,,,,,,,,,,,,Special Topics in Computer Science,Foundations of Data Analysis,Open,5,8,0,0,"Content varies, depending on instructor interests and the needs of the Department. Taught strictly at the undergraduate level. Prerequisite: Instructor permission; additional specific requirements vary with topics.",,
16726,CS,3710,001,Lecture,3,Angela Orebaugh,mowefr 10:00am - 10:50am,***,08/25/2026 - 12/08/2026,,,,,,,,,,,,,Introduction to Cybersecurity,,Open,76,100,0,199,"Introduces students to the fields of cybersecurity. Both non-technical issues, such as ethics and policy, and technical issues are covered. Students see and experiment with a wide range of areas within cybersecurity, including: binary exploitation, encryption, digital forensics, networks, and modern threats. Prerequisites: CS 2100 and CS 2130 or (CS 2100 place out test and CS 2130) with a grade of C- or better.",,No Cost Course Materials
16857,CS,3710,002,Lecture,3,Angela Orebaugh,mowefr 11:00am - 11:50am,***,08/25/2026 - 12/08/2026,,,,,,,,,,,,,Introduction to Cybersecurity,,Closed,101,100,0,199,"Introduces students to the fields of cybersecurity. Both non-technical issues, such as ethics and policy, and technical issues are covered. Students see and experiment with a wide range of areas within cybersecurity, including: binary exploitation, encryption, digital forensics, networks, and modern threats. Prerequisites: CS 2100 and CS 2130 or (CS 2100 place out test and CS 2130) with a grade of C- or better.",,No Cost Course Materials
17572,CS,4444,001,Lecture,3,Adwait Jog,tuth 12:30pm - 1:45pm,***,08/25/2026 - 12/08/2026,,,,,,,,,,,,,Introduction to Parallel Computing,,Open,34,60,0,199,"Introduces the student to the basics of high-performance parallel computing and application development for massively parallel processors (e.g., GPUs). The course will also introduce the internal architecture of these parallel processors and its impact on performance. Prerequisite: CS 3100 and CS 3130 with a grade of C- or better.",,
17337,CS,4457,001,Lecture,3,Charles Reiss,tuth 12:30pm - 1:45pm,***,08/25/2026 - 12/08/2026,,,,,,,,,,,,,Computer Networks,,Open,29,60,0,199,A first course in communication networks for upper-level undergraduate students. Topics include the design of modern communication networks; point-to-point and broadcast network solutions; advanced issues such as Gigabit networks; ATM networks; and real-time communications.  Prerequisite: CS 3130 with a grade of C- or better.,,
17636,CS,4501,001,Lecture,3,Sebastian Elbaum,tuth 11:00am - 12:15pm,***,08/25/2026 - 12/08/2026,,,,,,,,,,,,,Special Topics in Computer Science,LLMs and Software Engineering,Closed,61,60,0,199,"Content varies annually, depending on instructor interests and the needs of the department. Similar to CS 5501 and CS 7501, but taught strictly at the undergraduate level. Prerequisite: Must have completed CS 2100 with a grade of C- or better or successfully completed the CS 2100 place out test. Additional specific requirements vary with topics.",,
20272,CS,4501,002,Lecture,3,Panagiotis Apostolellis,tuth 2:00pm - 3:15pm,***,08/25/2026 - 12/08/2026,,,,,,,,,,,,,Special Topics in Computer Science,Usability Engineering,Open,10,48,0,199,"Content varies annually, depending on instructor interests and the needs of the department. Similar to CS 5501 and CS 7501, but taught strictly at the undergraduate level. Prerequisite: Must have completed CS 2100 with a grade of C- or better or successfully completed the CS 2100 place out test. Additional specific requirements vary with topics.",,
20273,CS,4501,003,Lecture,3,Tianhao Wang,tuth 2:00pm - 3:15pm,***,08/25/2026 - 12/08/2026,,,,,,,,,,,,,Special Topics in Computer Science,Data Privacy,Open,17,60,0,199,"Content varies annually, depending on instructor interests and the needs of the department. Similar to CS 5501 and CS 7501, but taught strictly at the undergraduate level. Prerequisite: Must have completed CS 2100 with a grade of C- or better or successfully completed the CS 2100 place out test. Additional specific requirements vary with topics.",,
20274,CS,4501,004,Lecture,3,Yixin Sun,mowe 2:00pm - 3:15pm,***,08/25/2026 - 12/08/2026,,,,,,,,,,,,,Special Topics in Computer Science,Privacy in the Internet Age,Open,15,60,0,199,"Content varies annually, depending on instructor interests and the needs of the department. Similar to CS 5501 and CS 7501, but taught strictly at the undergraduate level. Prerequisite: Must have completed CS 2100 with a grade of C- or better or successfully completed the CS 2100 place out test. Additional specific requirements vary with topics.",,
20275,CS,4501,005,Lecture,3,Jack Davidson,mowe 3:30pm - 4:45pm,***,08/25/2026 - 12/08/2026,,,,,,,,,,,,,Special Topics in Computer Science,AI-Powered Cybersecurity,Open,34,60,0,199,"Content varies annually, depending on instructor interests and the needs of the department. Similar to CS 5501 and CS 7501, but taught strictly at the undergraduate level. Prerequisite: Must have completed CS 2100 with a grade of C- or better or successfully completed the CS 2100 place out test. Additional specific requirements vary with topics.",,Low Cost Course Materials
17650,CS,4501,006,Lecture,3,Jing Yang,tuth 12:30pm - 1:45pm,***,08/25/2026 - 12/08/2026,,,,,,,,,,,,,Special Topics in Computer Science,Digital Signal Processing,Open,7,13,0,0,"Content varies annually, depending on instructor interests and the needs of the department. Similar to CS 5501 and CS 7501, but taught strictly at the undergraduate level. Prerequisite: Must have completed CS 2100 with a grade of C- or better or successfully completed the CS 2100 place out test. Additional specific requirements vary with topics.",,
17652,CS,4501,007,Lecture,3,Miaomiao Zhang,mowe 2:00pm - 3:15pm,***,08/25/2026 - 12/08/2026,,,,,,,,,,,,,Special Topics in Computer Science,Mach Learning - Image Analysis,Closed,19,0,0,0,"Content varies annually, depending on instructor interests and the needs of the department. Similar to CS 5501 and CS 7501, but taught strictly at the undergraduate level. Prerequisite: Must have completed CS 2100 with a grade of C- or better or successfully completed the CS 2100 place out test. Additional specific requirements vary with topics.",,
21057,CS,4501,008,Lecture,3,"David Evans, Thomas Nachbar",fr 9:00am - 11:30am,***,08/25/2026 - 12/08/2026,,,,,,,,,,,,,Special Topics in Computer Science,Law and AI,Open,16,30,0,199,"Content varies annually, depending on instructor interests and the needs of the department. Similar to CS 5501 and CS 7501, but taught strictly at the undergraduate level. Prerequisite: Must have completed CS 2100 with a grade of C- or better or successfully completed the CS 2100 place out test. Additional specific requirements vary with topics.",,
20180,CS,4620,001,Lecture,3,Matthew Dwyer,tuth 9:30am - 10:45am,***,08/25/2026 - 12/08/2026,,,,,,,,,,,,,Compilers,,Open,29,60,0,199,"Provides an introduction to the field of compilers, which translate programs written in high-level languages to a form that can be executed. The course covers the theories and mechanisms of compilation tools. Students will learn the core ideas behind compilation and how to use software tools such as lex/flex, yacc/bison to build a compiler for a non-trivial programming language. Prerequisite: CS 2120 and 3140 with a grade of C- or better",,
17016,CS,4630,001,Lecture,3,"Wajih Ul Hassan, Muhammad Shoaib",tuth 3:30pm - 4:45pm,***,08/25/2026 - 12/08/2026,,,,,,,,,,,,,Defense Against the Dark Arts,,Open,38,48,0,199,"Viruses, worms, and other malicious software are an ever-increasing threat to computer systems. There is an escalating battle between computer security specialists and the designers of malicious software. This course provides an essential understanding of the techniques used by both sides of the computer security battle. Prerequisite: CS 3710 with a grade of C- or better",,No Cost Course Materials
16453,CS,4710,001,Lecture,3,Lu Feng,tuth 2:00pm - 3:15pm,***,08/25/2026 - 12/08/2026,,,,,,,,,,,,,Artificial Intelligence,,Open,59,60,0,199,"Introduces artificial intelligence. Covers fundamental concepts and techniques and surveys selected application areas. Core material includes state space search, logic, and resolution theorem proving. Application areas may include expert systems, natural language understanding, planning, machine learning, or machine perception. Provides exposure to AI implementation methods, emphasizing programming in Common LISP. Prerequisite: CS 3100 with a grade of C- or better",,
17205,CS,4710,002,Lecture,3,Ferdinando Fioretto,mowe 3:30pm - 4:45pm,***,08/25/2026 - 12/08/2026,,,,,,,,,,,,,Artificial Intelligence,,Closed,62,60,0,199,"Introduces artificial intelligence. Covers fundamental concepts and techniques and surveys selected application areas. Core material includes state space search, logic, and resolution theorem proving. Application areas may include expert systems, natural language understanding, planning, machine learning, or machine perception. Provides exposure to AI implementation methods, emphasizing programming in Common LISP. Prerequisite: CS 3100 with a grade of C- or better",,
20181,CS,4720,001,Lecture,3,Subigya Nepal,tuth 3:30pm - 4:45pm,***,08/25/2026 - 12/08/2026,,,,,,,,,,,,,Mobile Application Development,,Open,36,60,0,199,"Mobile computing devices have become ubiquitous in our communities. In this course, we focus on the creation of mobile solutions for various modern platforms, including major mobile operating systems. Topics include mobile device architecture, programming languages, software engineering, user interface design, and app distribution. Prerequisite: CS 3140 with a grade of C- or better",,
20585,CS,4730,001,Lecture,3,Mark Sherriff,mowefr 11:00am - 11:50am,***,08/25/2026 - 12/08/2026,,,,,,,,,,,,,Computer Game Design,,Open,56,60,0,199,"This course will introduce students to the concepts and tools used in the development of modern 2-D and 3-D real-time interactive computer video games. Topics covered in this include graphics, parallel processing, human-computer interaction, networking, artificial intelligence, and software engineering. Prerequisite: CS 3140 with a grade of C- or better",,Low Cost Course Materials
17339,CS,4740,001,Lecture,3,Chang Lou,mowe 2:00pm - 3:15pm,***,08/25/2026 - 12/08/2026,,,,,,,,,,,,,Cloud Computing,,Closed,68,60,0,199,"Investigates the architectural foundations of the various cloud platforms, as well as examining both current cloud computing platforms and modern cloud research. Student assignments utilize the major cloud platforms. Prerequisite: CS 3140 with a grade of C- or better",,No Cost Course Materials
16480,CS,4750,001,Lecture,3,Upsorn Praphamontripong,mowefr 10:00am - 10:50am,***,08/25/2026 - 12/08/2026,,,,,,,,,,,,,Database Systems,,Closed,132,120,0,199,"Introduces the fundamental concepts for design and development of database systems. Emphasizes relational data model and conceptual schema design using ER model, practical issues in commercial database systems, database design using functional dependencies, and other data models. Develops a working relational database for a realistic application. Prerequisite: CS 2120 and 3140 with a grade of C- or better",,No Cost Course Materials
17669,CS,4771,001,Lecture,3,Shangtong Zhang,mowefr 2:00pm - 2:50pm,***,08/25/2026 - 12/08/2026,,,,,,,,,,,,,Reinforcement Learning,,Closed,70,60,0,199,This course aims to give an introduction to basic ideas and concepts of RL while avoiding deep dive in mathematical treatments. The course will help the student build an intuitive understanding of RL and give students hands-on experience on small-scale RL problems. Prerequisite: CS 2100 with a grade of C- or better or successfully complete the CS 2100 place out test.,,
16727,CS,4774,001,Lecture,3,Yanjun Qi,tuth 3:30pm - 4:45pm,***,08/25/2026 - 12/08/2026,,,,,,,,,,,,,Machine Learning,,Open,70,90,0,199,"An introduction to machine learning: the study of algorithms that improve their performance through experience. Covers both machine learning theory and algorithms. Introduces algorithms, theory, and applications related to both supervised and unsupervised learning, including regression, classification, and optimization and major algorithm families for each. Prerequisites: CS 3100 with a grade of C- or better. Background in topics covered in Probability and Linear Algebra is required.",,
17647,CS,4971,001,PRA,3,Mark Sherriff,mowefr 1:00pm - 1:50pm,***,08/25/2026 - 12/08/2026,,,,,,,,,,,,,Capstone Practicum,,Closed,90,90,0,199,"This course is one option for the BSCS capstone requirement. Under the practicum option, students work together on teams to build and evaluate a semester-long project. Practicum projects are intended to meet the needs of an actual customer, which could be either internal (the course instructor, other CS professors, etc.) or external (local companies, local non-profits, etc.). Prerequisites: CS 3240, BSCS major, and 4th year standing.",,No Cost Course Materials
17198,CS,4980,001,IND,1 - 3,Panagiotis Apostolellis,tba,***,08/25/2026 - 12/08/2026,,,,,,,,,,,,,Capstone Research,,Open,0,30,0,0,"This course is one option in the CS fourth-year thesis track. Students will seek out a faculty member as an advisor, and do an independent project with said advisor. Instructors can give the 3 credits across multiple semesters, if desired. This course is designed for students who are doing research, and want to use that research for their senior thesis. Note that this track could also be an implementation project, including a group-based project. Prerequisite: CS 3140 with a grade of C- or higher, and BSCS major.",,
17193,CS,4980,002,IND,1 - 3,Kevin Sullivan,tba,***,08/25/2026 - 12/08/2026,,,,,,,,,,,,,Capstone Research,,Open,0,30,0,0,"This course is one option in the CS fourth-year thesis track. Students will seek out a faculty member as an advisor, and do an independent project with said advisor. Instructors can give the 3 credits across multiple semesters, if desired. This course is designed for students who are doing research, and want to use that research for their senior thesis. Note that this track could also be an implementation project, including a group-based project. Prerequisite: CS 3140 with a grade of C- or higher, and BSCS major.",,
17887,CS,4980,003,IND,1 - 3,Matheus Xavier Ferreira,tba,***,08/25/2026 - 12/08/2026,,,,,,,,,,,,,Capstone Research,,Open,0,30,0,0,"This course is one option in the CS fourth-year thesis track. Students will seek out a faculty member as an advisor, and do an independent project with said advisor. Instructors can give the 3 credits across multiple semesters, if desired. This course is designed for students who are doing research, and want to use that research for their senior thesis. Note that this track could also be an implementation project, including a group-based project. Prerequisite: CS 3140 with a grade of C- or higher, and BSCS major.",,
17086,CS,4980,004,IND,1 - 3,Tianhao Wang,tba,***,08/25/2026 - 12/08/2026,,,,,,,,,,,,,Capstone Research,,Open,0,30,0,0,"This course is one option in the CS fourth-year thesis track. Students will seek out a faculty member as an advisor, and do an independent project with said advisor. Instructors can give the 3 credits across multiple semesters, if desired. This course is designed for students who are doing research, and want to use that research for their senior thesis. Note that this track could also be an implementation project, including a group-based project. Prerequisite: CS 3140 with a grade of C- or higher, and BSCS major.",,
16810,CS,4980,005,IND,1 - 3,Jack Davidson,tba,***,08/25/2026 - 12/08/2026,,,,,,,,,,,,,Capstone Research,,Open,1,30,0,0,"This course is one option in the CS fourth-year thesis track. Students will seek out a faculty member as an advisor, and do an independent project with said advisor. Instructors can give the 3 credits across multiple semesters, if desired. This course is designed for students who are doing research, and want to use that research for their senior thesis. Note that this track could also be an implementation project, including a group-based project. Prerequisite: CS 3140 with a grade of C- or higher, and BSCS major.",,No Cost Course Materials
16728,CS,4980,006,IND,1 - 3,Aidong Zhang,tba,***,08/25/2026 - 12/08/2026,,,,,,,,,,,,,Capstone Research,,Open,0,30,0,0,"This course is one option in the CS fourth-year thesis track. Students will seek out a faculty member as an advisor, and do an independent project with said advisor. Instructors can give the 3 credits across multiple semesters, if desired. This course is designed for students who are doing research, and want to use that research for their senior thesis. Note that this track could also be an implementation project, including a group-based project. Prerequisite: CS 3140 with a grade of C- or higher, and BSCS major.",,
17188,CS,4980,007,IND,1 - 3,Briana Morrison,tba,***,08/25/2026 - 12/08/2026,,,,,,,,,,,,,Capstone Research,,Open,0,30,0,0,"This course is one option in the CS fourth-year thesis track. Students will seek out a faculty member as an advisor, and do an independent project with said advisor. Instructors can give the 3 credits across multiple semesters, if desired. This course is designed for students who are doing research, and want to use that research for their senior thesis. Note that this track could also be an implementation project, including a group-based project. Prerequisite: CS 3140 with a grade of C- or higher, and BSCS major.",,Low Cost Course Materials
17045,CS,4980,008,IND,1 - 3,Yixin Sun,tba,***,08/25/2026 - 12/08/2026,,,,,,,,,,,,,Capstone Research,,Open,1,30,0,0,"This course is one option in the CS fourth-year thesis track. Students will seek out a faculty member as an advisor, and do an independent project with said advisor. Instructors can give the 3 credits across multiple semesters, if desired. This course is designed for students who are doing research, and want to use that research for their senior thesis. Note that this track could also be an implementation project, including a group-based project. Prerequisite: CS 3140 with a grade of C- or higher, and BSCS major.",,
16824,CS,4980,009,IND,1 - 3,Rich Nguyen,tba,***,08/25/2026 - 12/08/2026,,,,,,,,,,,,,Capstone Research,,Open,0,30,0,0,"This course is one option in the CS fourth-year thesis track. Students will seek out a faculty member as an advisor, and do an independent project with said advisor. Instructors can give the 3 credits across multiple semesters, if desired. This course is designed for students who are doing research, and want to use that research for their senior thesis. Note that this track could also be an implementation project, including a group-based project. Prerequisite: CS 3140 with a grade of C- or higher, and BSCS major.",,
16368,CS,4980,010,IND,1 - 3,David Evans,tba,***,08/25/2026 - 12/08/2026,,,,,,,,,,,,,Capstone Research,,Open,0,30,0,0,"This course is one option in the CS fourth-year thesis track. Students will seek out a faculty member as an advisor, and do an independent project with said advisor. Instructors can give the 3 credits across multiple semesters, if desired. This course is designed for students who are doing research, and want to use that research for their senior thesis. Note that this track could also be an implementation project, including a group-based project. Prerequisite: CS 3140 with a grade of C- or higher, and BSCS major.",,
16846,CS,4980,011,IND,1 - 3,Madhav Marathe,tba,***,08/25/2026 - 12/08/2026,,,,,,,,,,,,,Capstone Research,,Open,0,30,0,0,"This course is one option in the CS fourth-year thesis track. Students will seek out a faculty member as an advisor, and do an independent project with said advisor. Instructors can give the 3 credits across multiple semesters, if desired. This course is designed for students who are doing research, and want to use that research for their senior thesis. Note that this track could also be an implementation project, including a group-based project. Prerequisite: CS 3140 with a grade of C- or higher, and BSCS major.",,
16700,CS,4980,012,IND,1 - 3,Farzad Hassanzadeh,tba,***,08/25/2026 - 12/08/2026,,,,,,,,,,,,,Capstone Research,,Open,0,30,0,0,"This course is one option in the CS fourth-year thesis track. Students will seek out a faculty member as an advisor, and do an independent project with said advisor. Instructors can give the 3 credits across multiple semesters, if desired. This course is designed for students who are doing research, and want to use that research for their senior thesis. Note that this track could also be an implementation project, including a group-based project. Prerequisite: CS 3140 with a grade of C- or higher, and BSCS major.",,
16949,CS,4980,013,IND,1 - 3,Tariq Iqbal,tba,***,08/25/2026 - 12/08/2026,,,,,,,,,,,,,Capstone Research,,Open,3,30,0,0,"This course is one option in the CS fourth-year thesis track. Students will seek out a faculty member as an advisor, and do an independent project with said advisor. Instructors can give the 3 credits across multiple semesters, if desired. This course is designed for students who are doing research, and want to use that research for their senior thesis. Note that this track could also be an implementation project, including a group-based project. Prerequisite: CS 3140 with a grade of C- or higher, and BSCS major.",,
16987,CS,4980,014,IND,1 - 3,Felix Lin,tba,***,08/25/2026 - 12/08/2026,,,,,,,,,,,,,Capstone Research,,Open,0,30,0,0,"This course is one option in the CS fourth-year thesis track. Students will seek out a faculty member as an advisor, and do an independent project with said advisor. Instructors can give the 3 credits across multiple semesters, if desired. This course is designed for students who are doing research, and want to use that research for their senior thesis. Note that this track could also be an implementation project, including a group-based project. Prerequisite: CS 3140 with a grade of C- or higher, and BSCS major.",,
16695,CS,4980,015,IND,1 - 3,Yangfeng Ji,tba,***,08/25/2026 - 12/08/2026,,,,,,,,,,,,,Capstone Research,,Open,1,30,0,0,"This course is one option in the CS fourth-year thesis track. Students will seek out a faculty member as an advisor, and do an independent project with said advisor. Instructors can give the 3 credits across multiple semesters, if desired. This course is designed for students who are doing research, and want to use that research for their senior thesis. Note that this track could also be an implementation project, including a group-based project. Prerequisite: CS 3140 with a grade of C- or higher, and BSCS major.",,
16855,CS,4980,016,IND,1 - 3,Aaron Bloomfield,tba,***,08/25/2026 - 12/08/2026,,,,,,,,,,,,,Capstone Research,,Open,0,30,0,0,"This course is one option in the CS fourth-year thesis track. Students will seek out a faculty member as an advisor, and do an independent project with said advisor. Instructors can give the 3 credits across multiple semesters, if desired. This course is designed for students who are doing research, and want to use that research for their senior thesis. Note that this track could also be an implementation project, including a group-based project. Prerequisite: CS 3140 with a grade of C- or higher, and BSCS major.",,No Cost Course Materials
16994,CS,4980,017,IND,1 - 3,Raymond Pettit,tba,***,08/25/2026 - 12/08/2026,,,,,,,,,,,,,Capstone Research,,Open,0,30,0,0,"This course is one option in the CS fourth-year thesis track. Students will seek out a faculty member as an advisor, and do an independent project with said advisor. Instructors can give the 3 credits across multiple semesters, if desired. This course is designed for students who are doing research, and want to use that research for their senior thesis. Note that this track could also be an implementation project, including a group-based project. Prerequisite: CS 3140 with a grade of C- or higher, and BSCS major.",,
16901,CS,4980,018,IND,1 - 3,Sebastian Elbaum,tba,***,08/25/2026 - 12/08/2026,,,,,,,,,,,,,Capstone Research,,Open,0,30,0,0,"This course is one option in the CS fourth-year thesis track. Students will seek out a faculty member as an advisor, and do an independent project with said advisor. Instructors can give the 3 credits across multiple semesters, if desired. This course is designed for students who are doing research, and want to use that research for their senior thesis. Note that this track could also be an implementation project, including a group-based project. Prerequisite: CS 3140 with a grade of C- or higher, and BSCS major.",,
16632,CS,4980,019,IND,1 - 3,Madhur Behl,tba,***,08/25/2026 - 12/08/2026,,,,,,,,,,,,,Capstone Research,,Open,0,30,0,0,"This course is one option in the CS fourth-year thesis track. Students will seek out a faculty member as an advisor, and do an independent project with said advisor. Instructors can give the 3 credits across multiple semesters, if desired. This course is designed for students who are doing research, and want to use that research for their senior thesis. Note that this track could also be an implementation project, including a group-based project. Prerequisite: CS 3140 with a grade of C- or higher, and BSCS major.",,
16369,CS,4980,020,IND,1 - 3,Mark Sherriff,tba,***,08/25/2026 - 12/08/2026,,,,,,,,,,,,,Capstone Research,,Open,0,30,0,0,"This course is one option in the CS fourth-year thesis track. Students will seek out a faculty member as an advisor, and do an independent project with said advisor. Instructors can give the 3 credits across multiple semesters, if desired. This course is designed for students who are doing research, and want to use that research for their senior thesis. Note that this track could also be an implementation project, including a group-based project. Prerequisite: CS 3140 with a grade of C- or higher, and BSCS major.",,No Cost Course Materials
16398,CS,4980,021,IND,1 - 3,Mark Floryan,tba,***,08/25/2026 - 12/08/2026,,,,,,,,,,,,,Capstone Research,,Open,2,30,0,0,"This course is one option in the CS fourth-year thesis track. Students will seek out a faculty member as an advisor, and do an independent project with said advisor. Instructors can give the 3 credits across multiple semesters, if desired. This course is designed for students who are doing research, and want to use that research for their senior thesis. Note that this track could also be an implementation project, including a group-based project. Prerequisite: CS 3140 with a grade of C- or higher, and BSCS major.",,
16399,CS,4980,022,IND,1 - 3,Yanjun Qi,tba,***,08/25/2026 - 12/08/2026,,,,,,,,,,,,,Capstone Research,,Open,2,30,0,0,"This course is one option in the CS fourth-year thesis track. Students will seek out a faculty member as an advisor, and do an independent project with said advisor. Instructors can give the 3 credits across multiple semesters, if desired. This course is designed for students who are doing research, and want to use that research for their senior thesis. Note that this track could also be an implementation project, including a group-based project. Prerequisite: CS 3140 with a grade of C- or higher, and BSCS major.",,
16904,CS,4980,023,IND,1 - 3,Robbie Hott,tba,***,08/25/2026 - 12/08/2026,,,,,,,,,,,,,Capstone Research,,Open,0,30,0,0,"This course is one option in the CS fourth-year thesis track. Students will seek out a faculty member as an advisor, and do an independent project with said advisor. Instructors can give the 3 credits across multiple semesters, if desired. This course is designed for students who are doing research, and want to use that research for their senior thesis. Note that this track could also be an implementation project, including a group-based project. Prerequisite: CS 3140 with a grade of C- or higher, and BSCS major.",,
16666,CS,4980,024,IND,1 - 3,Homa Alemzadeh,tba,***,08/25/2026 - 12/08/2026,,,,,,,,,,,,,Capstone Research,,Open,2,30,0,0,"This course is one option in the CS fourth-year thesis track. Students will seek out a faculty member as an advisor, and do an independent project with said advisor. Instructors can give the 3 credits across multiple semesters, if desired. This course is designed for students who are doing research, and want to use that research for their senior thesis. Note that this track could also be an implementation project, including a group-based project. Prerequisite: CS 3140 with a grade of C- or higher, and BSCS major.",,
16491,CS,4980,025,IND,1 - 3,Nada Basit,tba,***,08/25/2026 - 12/08/2026,,,,,,,,,,,,,Capstone Research,,Open,3,30,0,0,"This course is one option in the CS fourth-year thesis track. Students will seek out a faculty member as an advisor, and do an independent project with said advisor. Instructors can give the 3 credits across multiple semesters, if desired. This course is designed for students who are doing research, and want to use that research for their senior thesis. Note that this track could also be an implementation project, including a group-based project. Prerequisite: CS 3140 with a grade of C- or higher, and BSCS major.",,No Cost Course Materials
16939,CS,4980,026,IND,1 - 3,Ashish Venkat,tba,***,08/25/2026 - 12/08/2026,,,,,,,,,,,,,Capstone Research,,Open,0,30,0,0,"This course is one option in the CS fourth-year thesis track. Students will seek out a faculty member as an advisor, and do an independent project with said advisor. Instructors can give the 3 credits across multiple semesters, if desired. This course is designed for students who are doing research, and want to use that research for their senior thesis. Note that this track could also be an implementation project, including a group-based project. Prerequisite: CS 3140 with a grade of C- or higher, and BSCS major.",,
17098,CS,4980,027,IND,1 - 3,Geoffrey Fox,tba,***,08/25/2026 - 12/08/2026,,,,,,,,,,,,,Capstone Research,,Open,0,30,0,0,"This course is one option in the CS fourth-year thesis track. Students will seek out a faculty member as an advisor, and do an independent project with said advisor. Instructors can give the 3 credits across multiple semesters, if desired. This course is designed for students who are doing research, and want to use that research for their senior thesis. Note that this track could also be an implementation project, including a group-based project. Prerequisite: CS 3140 with a grade of C- or higher, and BSCS major.",,
17463,CS,4980,028,IND,1 - 3,Anil Vullikanti,tba,***,08/25/2026 - 12/08/2026,,,,,,,,,,,,,Capstone Research,,Open,0,30,0,0,"This course is one option in the CS fourth-year thesis track. Students will seek out a faculty member as an advisor, and do an independent project with said advisor. Instructors can give the 3 credits across multiple semesters, if desired. This course is designed for students who are doing research, and want to use that research for their senior thesis. Note that this track could also be an implementation project, including a group-based project. Prerequisite: CS 3140 with a grade of C- or higher, and BSCS major.",,
17543,CS,4980,029,IND,1 - 3,Rohan Chandra,tba,***,08/25/2026 - 12/08/2026,,,,,,,,,,,,,Capstone Research,,Open,0,30,0,0,"This course is one option in the CS fourth-year thesis track. Students will seek out a faculty member as an advisor, and do an independent project with said advisor. Instructors can give the 3 credits across multiple semesters, if desired. This course is designed for students who are doing research, and want to use that research for their senior thesis. Note that this track could also be an implementation project, including a group-based project. Prerequisite: CS 3140 with a grade of C- or higher, and BSCS major.",,
17320,CS,4980,030,IND,1 - 3,Jundong Li,tba,***,08/25/2026 - 12/08/2026,,,,,,,,,,,,,Capstone Research,,Open,0,30,0,0,"This course is one option in the CS fourth-year thesis track. Students will seek out a faculty member as an advisor, and do an independent project with said advisor. Instructors can give the 3 credits across multiple semesters, if desired. This course is designed for students who are doing research, and want to use that research for their senior thesis. Note that this track could also be an implementation project, including a group-based project. Prerequisite: CS 3140 with a grade of C- or higher, and BSCS major.",,
16539,CS,4980,031,IND,1 - 3,Haiying Shen,tba,***,08/25/2026 - 12/08/2026,,,,,,,,,,,,,Capstone Research,,Open,2,30,0,0,"This course is one option in the CS fourth-year thesis track. Students will seek out a faculty member as an advisor, and do an independent project with said advisor. Instructors can give the 3 credits across multiple semesters, if desired. This course is designed for students who are doing research, and want to use that research for their senior thesis. Note that this track could also be an implementation project, including a group-based project. Prerequisite: CS 3140 with a grade of C- or higher, and BSCS major.",,
17435,CS,4980,032,IND,1 - 3,Yen-Ling Kuo,tba,***,08/25/2026 - 12/08/2026,,,,,,,,,,,,,Capstone Research,,Open,1,30,0,0,"This course is one option in the CS fourth-year thesis track. Students will seek out a faculty member as an advisor, and do an independent project with said advisor. Instructors can give the 3 credits across multiple semesters, if desired. This course is designed for students who are doing research, and want to use that research for their senior thesis. Note that this track could also be an implementation project, including a group-based project. Prerequisite: CS 3140 with a grade of C- or higher, and BSCS major.",,
16540,CS,4980,033,IND,1 - 3,Charles Reiss,tba,***,08/25/2026 - 12/08/2026,,,,,,,,,,,,,Capstone Research,,Open,2,30,0,0,"This course is one option in the CS fourth-year thesis track. Students will seek out a faculty member as an advisor, and do an independent project with said advisor. Instructors can give the 3 credits across multiple semesters, if desired. This course is designed for students who are doing research, and want to use that research for their senior thesis. Note that this track could also be an implementation project, including a group-based project. Prerequisite: CS 3140 with a grade of C- or higher, and BSCS major.",,
16950,CS,4980,034,IND,1 - 3,Afsaneh Doryab,tba,***,08/25/2026 - 12/08/2026,,,,,,,,,,,,,Capstone Research,,Open,0,30,0,0,"This course is one option in the CS fourth-year thesis track. Students will seek out a faculty member as an advisor, and do an independent project with said advisor. Instructors can give the 3 credits across multiple semesters, if desired. This course is designed for students who are doing research, and want to use that research for their senior thesis. Note that this track could also be an implementation project, including a group-based project. Prerequisite: CS 3140 with a grade of C- or higher, and BSCS major.",,
17425,CS,4980,035,IND,1 - 3,Kevin Skadron,tba,***,08/25/2026 - 12/08/2026,,,,,,,,,,,,,Capstone Research,,Open,3,30,0,0,"This course is one option in the CS fourth-year thesis track. Students will seek out a faculty member as an advisor, and do an independent project with said advisor. Instructors can give the 3 credits across multiple semesters, if desired. This course is designed for students who are doing research, and want to use that research for their senior thesis. Note that this track could also be an implementation project, including a group-based project. Prerequisite: CS 3140 with a grade of C- or higher, and BSCS major.",,
16582,CS,4980,036,IND,1 - 3,Lu Feng,tba,***,08/25/2026 - 12/08/2026,,,,,,,,,,,,,Capstone Research,,Open,2,30,0,0,"This course is one option in the CS fourth-year thesis track. Students will seek out a faculty member as an advisor, and do an independent project with said advisor. Instructors can give the 3 credits across multiple semesters, if desired. This course is designed for students who are doing research, and want to use that research for their senior thesis. Note that this track could also be an implementation project, including a group-based project. Prerequisite: CS 3140 with a grade of C- or higher, and BSCS major.",,
17686,CS,4980,037,IND,1 - 3,Ferdinando Fioretto,tba,***,08/25/2026 - 12/08/2026,,,,,,,,,,,,,Capstone Research,,Open,1,30,0,0,"This course is one option in the CS fourth-year thesis track. Students will seek out a faculty member as an advisor, and do an independent project with said advisor. Instructors can give the 3 credits across multiple semesters, if desired. This course is designed for students who are doing research, and want to use that research for their senior thesis. Note that this track could also be an implementation project, including a group-based project. Prerequisite: CS 3140 with a grade of C- or higher, and BSCS major.",,
17696,CS,4980,038,IND,1 - 3,Nicola Bezzo,tba,***,08/25/2026 - 12/08/2026,,,,,,,,,,,,,Capstone Research,,Open,0,30,0,0,"This course is one option in the CS fourth-year thesis track. Students will seek out a faculty member as an advisor, and do an independent project with said advisor. Instructors can give the 3 credits across multiple semesters, if desired. This course is designed for students who are doing research, and want to use that research for their senior thesis. Note that this track could also be an implementation project, including a group-based project. Prerequisite: CS 3140 with a grade of C- or higher, and BSCS major.",,
17700,CS,4980,039,IND,1 - 3,Kun Qian,tba,***,08/25/2026 - 12/08/2026,,,,,,,,,,,,,Capstone Research,,Open,0,30,0,0,"This course is one option in the CS fourth-year thesis track. Students will seek out a faculty member as an advisor, and do an independent project with said advisor. Instructors can give the 3 credits across multiple semesters, if desired. This course is designed for students who are doing research, and want to use that research for their senior thesis. Note that this track could also be an implementation project, including a group-based project. Prerequisite: CS 3140 with a grade of C- or higher, and BSCS major.",,
17825,CS,4980,040,IND,1 - 3,"Laura Barnes, Mark Sherriff",tba,***,08/25/2026 - 12/08/2026,,,,,,,,,,,,,Capstone Research,,Open,0,30,0,0,"This course is one option in the CS fourth-year thesis track. Students will seek out a faculty member as an advisor, and do an independent project with said advisor. Instructors can give the 3 credits across multiple semesters, if desired. This course is designed for students who are doing research, and want to use that research for their senior thesis. Note that this track could also be an implementation project, including a group-based project. Prerequisite: CS 3140 with a grade of C- or higher, and BSCS major.",,
17852,CS,4980,041,IND,1 - 3,Angela Orebaugh,tba,***,08/25/2026 - 12/08/2026,,,,,,,,,,,,,Capstone Research,,Open,1,30,0,0,"This course is one option in the CS fourth-year thesis track. Students will seek out a faculty member as an advisor, and do an independent project with said advisor. Instructors can give the 3 credits across multiple semesters, if desired. This course is designed for students who are doing research, and want to use that research for their senior thesis. Note that this track could also be an implementation project, including a group-based project. Prerequisite: CS 3140 with a grade of C- or higher, and BSCS major.",,No Cost Course Materials
17858,CS,4980,042,IND,1 - 3,Mathews Jacob,tba,***,08/25/2026 - 12/08/2026,,,,,,,,,,,,,Capstone Research,,Open,0,30,0,0,"This course is one option in the CS fourth-year thesis track. Students will seek out a faculty member as an advisor, and do an independent project with said advisor. Instructors can give the 3 credits across multiple semesters, if desired. This course is designed for students who are doing research, and want to use that research for their senior thesis. Note that this track could also be an implementation project, including a group-based project. Prerequisite: CS 3140 with a grade of C- or higher, and BSCS major.",,
17864,CS,4980,043,IND,1 - 3,Wajih Ul Hassan,tba,***,08/25/2026 - 12/08/2026,,,,,,,,,,,,,Capstone Research,,Open,1,30,0,0,"This course is one option in the CS fourth-year thesis track. Students will seek out a faculty member as an advisor, and do an independent project with said advisor. Instructors can give the 3 credits across multiple semesters, if desired. This course is designed for students who are doing research, and want to use that research for their senior thesis. Note that this track could also be an implementation project, including a group-based project. Prerequisite: CS 3140 with a grade of C- or higher, and BSCS major.",,No Cost Course Materials
22002,CS,4980,044,IND,1 - 3,"Robert Riggs, Hyojoon Kim",tba,***,08/25/2026 - 12/08/2026,,,,,,,,,,,,,Capstone Research,,Open,1,30,0,0,"This course is one option in the CS fourth-year thesis track. Students will seek out a faculty member as an advisor, and do an independent project with said advisor. Instructors can give the 3 credits across multiple semesters, if desired. This course is designed for students who are doing research, and want to use that research for their senior thesis. Note that this track could also be an implementation project, including a group-based project. Prerequisite: CS 3140 with a grade of C- or higher, and BSCS major.",,
22124,CS,4980,045,IND,1 - 3,Chang Lou,tba,***,08/25/2026 - 12/08/2026,,,,,,,,,,,,,Capstone Research,,Open,1,30,0,0,"This course is one option in the CS fourth-year thesis track. Students will seek out a faculty member as an advisor, and do an independent project with said advisor. Instructors can give the 3 credits across multiple semesters, if desired. This course is designed for students who are doing research, and want to use that research for their senior thesis. Note that this track could also be an implementation project, including a group-based project. Prerequisite: CS 3140 with a grade of C- or higher, and BSCS major.",,
22193,CS,4991,002,SEM,0,Panagiotis Apostolellis,tba,***,08/25/2026 - 12/08/2026,,,,,,,,,,,,,Capstone Technical Report,,Open,1,30,0,0,"Supports the writing of the technical report component of the fourth-year thesis, credit for which is given in STS 4600. Students will write the report assuming a non-technical audience. The course is part of the CS 4XXX elective option in the fourth-year CS thesis track. Student must be a 4th Year BS Computer Science (First or Second Major) and must have completed or be currently enrolled in STS 4500",,
16739,CS,4993,001,IND,1 - 3,Aaron Bloomfield,tba,***,08/25/2026 - 12/08/2026,,,,,,,,,,,,,Independent Study,,Open,0,30,0,0,"In-depth study of a computer science or computer engineering problem by an individual student in close consultation with departmental faculty. The study is often either a thorough analysis of an abstract computer science problem or the design, implementation, and analysis of a computer system (software or hardware). Prerequisite: Instructor permission.",,No Cost Course Materials
16119,CS,4993,002,IND,1 - 3,Mark Sherriff,tba,***,08/25/2026 - 12/08/2026,,,,,,,,,,,,,Independent Study,,Open,0,30,0,0,"In-depth study of a computer science or computer engineering problem by an individual student in close consultation with departmental faculty. The study is often either a thorough analysis of an abstract computer science problem or the design, implementation, and analysis of a computer system (software or hardware). Prerequisite: Instructor permission.",,No Cost Course Materials
17862,CS,4993,003,IND,1 - 3,Angela Orebaugh,tba,***,08/25/2026 - 12/08/2026,,,,,,,,,,,,,Independent Study,,Open,1,30,0,0,"In-depth study of a computer science or computer engineering problem by an individual student in close consultation with departmental faculty. The study is often either a thorough analysis of an abstract computer science problem or the design, implementation, and analysis of a computer system (software or hardware). Prerequisite: Instructor permission.",,No Cost Course Materials
16729,CS,4993,004,IND,1 - 3,Aidong Zhang,tba,***,08/25/2026 - 12/08/2026,,,,,,,,,,,,,Independent Study,,Open,0,30,0,0,"In-depth study of a computer science or computer engineering problem by an individual student in close consultation with departmental faculty. The study is often either a thorough analysis of an abstract computer science problem or the design, implementation, and analysis of a computer system (software or hardware). Prerequisite: Instructor permission.",,
16740,CS,4993,005,IND,1 - 3,Anil Vullikanti,tba,***,08/25/2026 - 12/08/2026,,,,,,,,,,,,,Independent Study,,Open,0,30,0,0,"In-depth study of a computer science or computer engineering problem by an individual student in close consultation with departmental faculty. The study is often either a thorough analysis of an abstract computer science problem or the design, implementation, and analysis of a computer system (software or hardware). Prerequisite: Instructor permission.",,
16741,CS,4993,006,IND,1 - 3,Madhav Marathe,tba,***,08/25/2026 - 12/08/2026,,,,,,,,,,,,,Independent Study,,Open,0,30,0,0,"In-depth study of a computer science or computer engineering problem by an individual student in close consultation with departmental faculty. The study is often either a thorough analysis of an abstract computer science problem or the design, implementation, and analysis of a computer system (software or hardware). Prerequisite: Instructor permission.",,
17541,CS,4993,007,IND,1 - 3,Chang Lou,tba,***,08/25/2026 - 12/08/2026,,,,,,,,,,,,,Independent Study,,Open,0,30,0,0,"In-depth study of a computer science or computer engineering problem by an individual student in close consultation with departmental faculty. The study is often either a thorough analysis of an abstract computer science problem or the design, implementation, and analysis of a computer system (software or hardware). Prerequisite: Instructor permission.",,No Cost Course Materials
17111,CS,4993,008,IND,1 - 3,Raymond Pettit,tba,***,08/25/2026 - 12/08/2026,,,,,,,,,,,,,Independent Study,,Open,0,30,0,0,"In-depth study of a computer science or computer engineering problem by an individual student in close consultation with departmental faculty. The study is often either a thorough analysis of an abstract computer science problem or the design, implementation, and analysis of a computer system (software or hardware). Prerequisite: Instructor permission.",,
16297,CS,4993,009,IND,1 - 3,David Evans,tba,***,08/25/2026 - 12/08/2026,,,,,,,,,,,,,Independent Study,,Open,1,30,0,0,"In-depth study of a computer science or computer engineering problem by an individual student in close consultation with departmental faculty. The study is often either a thorough analysis of an abstract computer science problem or the design, implementation, and analysis of a computer system (software or hardware). Prerequisite: Instructor permission.",,
16781,CS,4993,010,IND,1 - 3,Robbie Hott,tba,***,08/25/2026 - 12/08/2026,,,,,,,,,,,,,Independent Study,,Open,0,30,0,0,"In-depth study of a computer science or computer engineering problem by an individual student in close consultation with departmental faculty. The study is often either a thorough analysis of an abstract computer science problem or the design, implementation, and analysis of a computer system (software or hardware). Prerequisite: Instructor permission.",,
16782,CS,4993,011,IND,1 - 3,Panagiotis Apostolellis,tba,***,08/25/2026 - 12/08/2026,,,,,,,,,,,,,Independent Study,,Open,4,30,0,0,"In-depth study of a computer science or computer engineering problem by an individual student in close consultation with departmental faculty. The study is often either a thorough analysis of an abstract computer science problem or the design, implementation, and analysis of a computer system (software or hardware). Prerequisite: Instructor permission.",,
17120,CS,4993,012,IND,1 - 3,Rich Nguyen,tba,***,08/25/2026 - 12/08/2026,,,,,,,,,,,,,Independent Study,,Open,0,30,0,0,"In-depth study of a computer science or computer engineering problem by an individual student in close consultation with departmental faculty. The study is often either a thorough analysis of an abstract computer science problem or the design, implementation, and analysis of a computer system (software or hardware). Prerequisite: Instructor permission.",,
17542,CS,4993,013,IND,1 - 3,Rohan Chandra,tba,***,08/25/2026 - 12/08/2026,,,,,,,,,,,,,Independent Study,,Open,3,30,0,0,"In-depth study of a computer science or computer engineering problem by an individual student in close consultation with departmental faculty. The study is often either a thorough analysis of an abstract computer science problem or the design, implementation, and analysis of a computer system (software or hardware). Prerequisite: Instructor permission.",,
17865,CS,4993,014,IND,1 - 3,Wajih Ul Hassan,tba,***,08/25/2026 - 12/08/2026,,,,,,,,,,,,,Independent Study,,Open,0,30,0,0,"In-depth study of a computer science or computer engineering problem by an individual student in close consultation with departmental faculty. The study is often either a thorough analysis of an abstract computer science problem or the design, implementation, and analysis of a computer system (software or hardware). Prerequisite: Instructor permission.",,No Cost Course Materials
16784,CS,4993,015,IND,1 - 3,Ashish Venkat,tba,***,08/25/2026 - 12/08/2026,,,,,,,,,,,,,Independent Study,,Open,1,30,0,0,"In-depth study of a computer science or computer engineering problem by an individual student in close consultation with departmental faculty. The study is often either a thorough analysis of an abstract computer science problem or the design, implementation, and analysis of a computer system (software or hardware). Prerequisite: Instructor permission.",,
17520,CS,4993,016,IND,1 - 3,Shangtong Zhang,tba,***,08/25/2026 - 12/08/2026,,,,,,,,,,,,,Independent Study,,Open,0,30,0,0,"In-depth study of a computer science or computer engineering problem by an individual student in close consultation with departmental faculty. The study is often either a thorough analysis of an abstract computer science problem or the design, implementation, and analysis of a computer system (software or hardware). Prerequisite: Instructor permission.",,
16811,CS,4993,017,IND,1 - 3,Jack Davidson,tba,***,08/25/2026 - 12/08/2026,,,,,,,,,,,,,Independent Study,,Open,0,30,0,0,"In-depth study of a computer science or computer engineering problem by an individual student in close consultation with departmental faculty. The study is often either a thorough analysis of an abstract computer science problem or the design, implementation, and analysis of a computer system (software or hardware). Prerequisite: Instructor permission.",,No Cost Course Materials
16393,CS,4993,018,IND,1 - 3,Yanjun Qi,tba,***,08/25/2026 - 12/08/2026,,,,,,,,,,,,,Independent Study,,Open,2,30,0,0,"In-depth study of a computer science or computer engineering problem by an individual student in close consultation with departmental faculty. The study is often either a thorough analysis of an abstract computer science problem or the design, implementation, and analysis of a computer system (software or hardware). Prerequisite: Instructor permission.",,
16814,CS,4993,019,IND,1 - 3,Homa Alemzadeh,tba,***,08/25/2026 - 12/08/2026,,,,,,,,,,,,,Independent Study,,Open,0,30,0,0,"In-depth study of a computer science or computer engineering problem by an individual student in close consultation with departmental faculty. The study is often either a thorough analysis of an abstract computer science problem or the design, implementation, and analysis of a computer system (software or hardware). Prerequisite: Instructor permission.",,
16826,CS,4993,020,IND,1 - 3,Madhur Behl,tba,***,08/25/2026 - 12/08/2026,,,,,,,,,,,,,Independent Study,,Open,0,30,0,0,"In-depth study of a computer science or computer engineering problem by an individual student in close consultation with departmental faculty. The study is often either a thorough analysis of an abstract computer science problem or the design, implementation, and analysis of a computer system (software or hardware). Prerequisite: Instructor permission.",,
16827,CS,4993,021,IND,1 - 3,Brad Campbell,tba,***,08/25/2026 - 12/08/2026,,,,,,,,,,,,,Independent Study,,Open,0,30,0,0,"In-depth study of a computer science or computer engineering problem by an individual student in close consultation with departmental faculty. The study is often either a thorough analysis of an abstract computer science problem or the design, implementation, and analysis of a computer system (software or hardware). Prerequisite: Instructor permission.",,
16421,CS,4993,022,IND,1 - 3,Mark Floryan,tba,***,08/25/2026 - 12/08/2026,,,,,,,,,,,,,Independent Study,,Open,1,30,0,0,"In-depth study of a computer science or computer engineering problem by an individual student in close consultation with departmental faculty. The study is often either a thorough analysis of an abstract computer science problem or the design, implementation, and analysis of a computer system (software or hardware). Prerequisite: Instructor permission.",,
17110,CS,4993,023,IND,1 - 3,Briana Morrison,tba,***,08/25/2026 - 12/08/2026,,,,,,,,,,,,,Independent Study,,Open,1,30,0,0,"In-depth study of a computer science or computer engineering problem by an individual student in close consultation with departmental faculty. The study is often either a thorough analysis of an abstract computer science problem or the design, implementation, and analysis of a computer system (software or hardware). Prerequisite: Instructor permission.",,No Cost Course Materials
16461,CS,4993,024,IND,1 - 3,Nada Basit,tba,***,08/25/2026 - 12/08/2026,,,,,,,,,,,,,Independent Study,,Open,1,30,0,0,"In-depth study of a computer science or computer engineering problem by an individual student in close consultation with departmental faculty. The study is often either a thorough analysis of an abstract computer science problem or the design, implementation, and analysis of a computer system (software or hardware). Prerequisite: Instructor permission.",,No Cost Course Materials
17244,CS,4993,025,IND,1 - 3,Wei-Kai Lin,tba,***,08/25/2026 - 12/08/2026,,,,,,,,,,,,,Independent Study,,Open,0,30,0,0,"In-depth study of a computer science or computer engineering problem by an individual student in close consultation with departmental faculty. The study is often either a thorough analysis of an abstract computer science problem or the design, implementation, and analysis of a computer system (software or hardware). Prerequisite: Instructor permission.",,
17546,CS,4993,026,IND,1 - 3,Scott Acton,tba,***,08/25/2026 - 12/08/2026,,,,,,,,,,,,,Independent Study,,Open,0,30,0,0,"In-depth study of a computer science or computer engineering problem by an individual student in close consultation with departmental faculty. The study is often either a thorough analysis of an abstract computer science problem or the design, implementation, and analysis of a computer system (software or hardware). Prerequisite: Instructor permission.",,
17557,CS,4993,027,IND,1 - 3,"Kenneth Bilchick, Miaomiao Zhang",tba,***,08/25/2026 - 12/08/2026,,,,,,,,,,,,,Independent Study,,Open,0,30,0,0,"In-depth study of a computer science or computer engineering problem by an individual student in close consultation with departmental faculty. The study is often either a thorough analysis of an abstract computer science problem or the design, implementation, and analysis of a computer system (software or hardware). Prerequisite: Instructor permission.",,
16951,CS,4993,028,IND,1 - 3,Tariq Iqbal,tba,***,08/25/2026 - 12/08/2026,,,,,,,,,,,,,Independent Study,,Open,0,30,0,0,"In-depth study of a computer science or computer engineering problem by an individual student in close consultation with departmental faculty. The study is often either a thorough analysis of an abstract computer science problem or the design, implementation, and analysis of a computer system (software or hardware). Prerequisite: Instructor permission.",,
16952,CS,4993,029,IND,1 - 3,Afsaneh Doryab,tba,***,08/25/2026 - 12/08/2026,,,,,,,,,,,,,Independent Study,,Open,2,30,0,0,"In-depth study of a computer science or computer engineering problem by an individual student in close consultation with departmental faculty. The study is often either a thorough analysis of an abstract computer science problem or the design, implementation, and analysis of a computer system (software or hardware). Prerequisite: Instructor permission.",,
16970,CS,4993,030,IND,1 - 3,Yixin Sun,tba,***,08/25/2026 - 12/08/2026,,,,,,,,,,,,,Independent Study,,Open,0,30,0,0,"In-depth study of a computer science or computer engineering problem by an individual student in close consultation with departmental faculty. The study is often either a thorough analysis of an abstract computer science problem or the design, implementation, and analysis of a computer system (software or hardware). Prerequisite: Instructor permission.",,
16504,CS,4993,031,IND,1 - 3,Samira Khan,tba,***,08/25/2026 - 12/08/2026,,,,,,,,,,,,,Independent Study,,Open,0,30,0,0,"In-depth study of a computer science or computer engineering problem by an individual student in close consultation with departmental faculty. The study is often either a thorough analysis of an abstract computer science problem or the design, implementation, and analysis of a computer system (software or hardware). Prerequisite: Instructor permission.",,
16978,CS,4993,032,IND,1 - 3,Judy Fox,tba,***,08/25/2026 - 12/08/2026,,,,,,,,,,,,,Independent Study,,Open,0,30,0,0,"In-depth study of a computer science or computer engineering problem by an individual student in close consultation with departmental faculty. The study is often either a thorough analysis of an abstract computer science problem or the design, implementation, and analysis of a computer system (software or hardware). Prerequisite: Instructor permission.",,
16541,CS,4993,033,IND,1 - 3,Haiying Shen,tba,***,08/25/2026 - 12/08/2026,,,,,,,,,,,,,Independent Study,,Open,0,30,0,0,"In-depth study of a computer science or computer engineering problem by an individual student in close consultation with departmental faculty. The study is often either a thorough analysis of an abstract computer science problem or the design, implementation, and analysis of a computer system (software or hardware). Prerequisite: Instructor permission.",,
16995,CS,4993,034,IND,1 - 3,Yangfeng Ji,tba,***,08/25/2026 - 12/08/2026,,,,,,,,,,,,,Independent Study,,Open,0,30,0,0,"In-depth study of a computer science or computer engineering problem by an individual student in close consultation with departmental faculty. The study is often either a thorough analysis of an abstract computer science problem or the design, implementation, and analysis of a computer system (software or hardware). Prerequisite: Instructor permission.",,
16996,CS,4993,035,IND,1 - 3,Jundong Li,tba,***,08/25/2026 - 12/08/2026,,,,,,,,,,,,,Independent Study,,Open,0,30,0,0,"In-depth study of a computer science or computer engineering problem by an individual student in close consultation with departmental faculty. The study is often either a thorough analysis of an abstract computer science problem or the design, implementation, and analysis of a computer system (software or hardware). Prerequisite: Instructor permission.",,
17092,CS,4993,036,IND,1 - 3,Miaomiao Zhang,tba,***,08/25/2026 - 12/08/2026,,,,,,,,,,,,,Independent Study,,Open,3,30,0,0,"In-depth study of a computer science or computer engineering problem by an individual student in close consultation with departmental faculty. The study is often either a thorough analysis of an abstract computer science problem or the design, implementation, and analysis of a computer system (software or hardware). Prerequisite: Instructor permission.",,
17105,CS,4993,037,IND,1 - 3,Tianhao Wang,tba,***,08/25/2026 - 12/08/2026,,,,,,,,,,,,,Independent Study,,Open,0,30,0,0,"In-depth study of a computer science or computer engineering problem by an individual student in close consultation with departmental faculty. The study is often either a thorough analysis of an abstract computer science problem or the design, implementation, and analysis of a computer system (software or hardware). Prerequisite: Instructor permission.",,
16583,CS,4993,038,IND,1 - 3,Lu Feng,tba,***,08/25/2026 - 12/08/2026,,,,,,,,,,,,,Independent Study,,Open,1,30,0,0,"In-depth study of a computer science or computer engineering problem by an individual student in close consultation with departmental faculty. The study is often either a thorough analysis of an abstract computer science problem or the design, implementation, and analysis of a computer system (software or hardware). Prerequisite: Instructor permission.",,
17109,CS,4993,039,IND,1 - 3,Felix Lin,tba,***,08/25/2026 - 12/08/2026,,,,,,,,,,,,,Independent Study,,Open,0,30,0,0,"In-depth study of a computer science or computer engineering problem by an individual student in close consultation with departmental faculty. The study is often either a thorough analysis of an abstract computer science problem or the design, implementation, and analysis of a computer system (software or hardware). Prerequisite: Instructor permission.",,
16998,CS,4993,040,IND,1 - 3,Geoffrey Fox,tba,***,08/25/2026 - 12/08/2026,,,,,,,,,,,,,Independent Study,,Open,0,30,0,0,"In-depth study of a computer science or computer engineering problem by an individual student in close consultation with departmental faculty. The study is often either a thorough analysis of an abstract computer science problem or the design, implementation, and analysis of a computer system (software or hardware). Prerequisite: Instructor permission.",,
16669,CS,4993,041,IND,1 - 3,Sebastian Elbaum,tba,***,08/25/2026 - 12/08/2026,,,,,,,,,,,,,Independent Study,,Open,0,30,0,0,"In-depth study of a computer science or computer engineering problem by an individual student in close consultation with departmental faculty. The study is often either a thorough analysis of an abstract computer science problem or the design, implementation, and analysis of a computer system (software or hardware). Prerequisite: Instructor permission.",,
17041,CS,4993,042,IND,1 - 3,Mark Sherriff,tba,***,08/25/2026 - 12/08/2026,,,,,,,,,,,,,Independent Study,,Open,0,30,0,0,"In-depth study of a computer science or computer engineering problem by an individual student in close consultation with departmental faculty. The study is often either a thorough analysis of an abstract computer science problem or the design, implementation, and analysis of a computer system (software or hardware). Prerequisite: Instructor permission.",,No Cost Course Materials
17080,CS,4993,043,IND,1 - 3,Yue Cheng,tba,***,08/25/2026 - 12/08/2026,,,,,,,,,,,,,Independent Study,,Open,1,30,0,0,"In-depth study of a computer science or computer engineering problem by an individual student in close consultation with departmental faculty. The study is often either a thorough analysis of an abstract computer science problem or the design, implementation, and analysis of a computer system (software or hardware). Prerequisite: Instructor permission.",,
17567,CS,4993,044,IND,1 - 3,Kun Qian,tba,***,08/25/2026 - 12/08/2026,,,,,,,,,,,,,Independent Study,,Open,1,30,0,0,"In-depth study of a computer science or computer engineering problem by an individual student in close consultation with departmental faculty. The study is often either a thorough analysis of an abstract computer science problem or the design, implementation, and analysis of a computer system (software or hardware). Prerequisite: Instructor permission.",,
17090,CS,4993,045,IND,1 - 3,Kevin Sullivan,tba,***,08/25/2026 - 12/08/2026,,,,,,,,,,,,,Independent Study,,Open,0,30,0,0,"In-depth study of a computer science or computer engineering problem by an individual student in close consultation with departmental faculty. The study is often either a thorough analysis of an abstract computer science problem or the design, implementation, and analysis of a computer system (software or hardware). Prerequisite: Instructor permission.",,
17409,CS,4993,046,IND,1 - 3,Adwait Jog,tba,***,08/25/2026 - 12/08/2026,,,,,,,,,,,,,Independent Study,,Open,0,30,0,0,"In-depth study of a computer science or computer engineering problem by an individual student in close consultation with departmental faculty. The study is often either a thorough analysis of an abstract computer science problem or the design, implementation, and analysis of a computer system (software or hardware). Prerequisite: Instructor permission.",,
17431,CS,4993,047,IND,1 - 3,Kevin Skadron,tba,***,08/25/2026 - 12/08/2026,,,,,,,,,,,,,Independent Study,,Open,1,30,0,0,"In-depth study of a computer science or computer engineering problem by an individual student in close consultation with departmental faculty. The study is often either a thorough analysis of an abstract computer science problem or the design, implementation, and analysis of a computer system (software or hardware). Prerequisite: Instructor permission.",,
17475,CS,4993,048,IND,1 - 3,Hyojoon Kim,tba,***,08/25/2026 - 12/08/2026,,,,,,,,,,,,,Independent Study,,Open,0,30,0,0,"In-depth study of a computer science or computer engineering problem by an individual student in close consultation with departmental faculty. The study is often either a thorough analysis of an abstract computer science problem or the design, implementation, and analysis of a computer system (software or hardware). Prerequisite: Instructor permission.",,
17515,CS,4993,049,IND,1 - 3,Yen-Ling Kuo,tba,***,08/25/2026 - 12/08/2026,,,,,,,,,,,,,Independent Study,,Open,6,30,0,0,"In-depth study of a computer science or computer engineering problem by an individual student in close consultation with departmental faculty. The study is often either a thorough analysis of an abstract computer science problem or the design, implementation, and analysis of a computer system (software or hardware). Prerequisite: Instructor permission.",,
17687,CS,4993,050,IND,1 - 3,Tom Hartvigsen,tba,***,08/25/2026 - 12/08/2026,,,,,,,,,,,,,Independent Study,,Open,0,30,0,0,"In-depth study of a computer science or computer engineering problem by an individual student in close consultation with departmental faculty. The study is often either a thorough analysis of an abstract computer science problem or the design, implementation, and analysis of a computer system (software or hardware). Prerequisite: Instructor permission.",,
17797,CS,4993,051,IND,1 - 3,Ferdinando Fioretto,tba,***,08/25/2026 - 12/08/2026,,,,,,,,,,,,,Independent Study,,Open,0,30,0,0,"In-depth study of a computer science or computer engineering problem by an individual student in close consultation with departmental faculty. The study is often either a thorough analysis of an abstract computer science problem or the design, implementation, and analysis of a computer system (software or hardware). Prerequisite: Instructor permission.",,
17850,CS,4993,052,IND,1 - 3,Chirag Agarwal,tba,***,08/25/2026 - 12/08/2026,,,,,,,,,,,,,Independent Study,,Open,0,30,0,0,"In-depth study of a computer science or computer engineering problem by an individual student in close consultation with departmental faculty. The study is often either a thorough analysis of an abstract computer science problem or the design, implementation, and analysis of a computer system (software or hardware). Prerequisite: Instructor permission.",,
21134,CS,4993,053,IND,1 - 3,Hadi Daneshmand,tba,***,08/25/2026 - 12/08/2026,,,,,,,,,,,,,Independent Study,,Open,1,30,0,0,"In-depth study of a computer science or computer engineering problem by an individual student in close consultation with departmental faculty. The study is often either a thorough analysis of an abstract computer science problem or the design, implementation, and analysis of a computer system (software or hardware). Prerequisite: Instructor permission.",,
22086,CS,4993,054,IND,1 - 3,Zezhou Cheng,tba,***,08/25/2026 - 12/08/2026,,,,,,,,,,,,,Independent Study,,Open,0,30,0,0,"In-depth study of a computer science or computer engineering problem by an individual student in close consultation with departmental faculty. The study is often either a thorough analysis of an abstract computer science problem or the design, implementation, and analysis of a computer system (software or hardware). Prerequisite: Instructor permission.",,
22101,CS,4993,055,IND,1 - 3,Qizhe Cai,tba,***,08/25/2026 - 12/08/2026,,,,,,,,,,,,,Independent Study,,Open,0,30,0,0,"In-depth study of a computer science or computer engineering problem by an individual student in close consultation with departmental faculty. The study is often either a thorough analysis of an abstract computer science problem or the design, implementation, and analysis of a computer system (software or hardware). Prerequisite: Instructor permission.",,
22125,CS,4993,056,IND,1 - 3,Matthew Dwyer,tba,***,08/25/2026 - 12/08/2026,,,,,,,,,,,,,Independent Study,,Open,1,30,0,0,"In-depth study of a computer science or computer engineering problem by an individual student in close consultation with departmental faculty. The study is often either a thorough analysis of an abstract computer science problem or the design, implementation, and analysis of a computer system (software or hardware). Prerequisite: Instructor permission.",,
22164,CS,4993,057,IND,1 - 3,Chen-Yu Wei,tba,***,08/25/2026 - 12/08/2026,,,,,,,,,,,,,Independent Study,,Open,1,30,0,0,"In-depth study of a computer science or computer engineering problem by an individual student in close consultation with departmental faculty. The study is often either a thorough analysis of an abstract computer science problem or the design, implementation, and analysis of a computer system (software or hardware). Prerequisite: Instructor permission.",,
16750,CS,4998,001,IND,3,David Evans,tba,***,08/25/2026 - 12/08/2026,,,,,,,,,,,,,Distinguished BA Majors Research,,Open,0,30,0,0,"Required for Distinguished Majors completing the Bachelor of Arts degree in the College of Arts and Sciences. An introduction to computer science research and the writing of a Distinguished Majors thesis. Prerequisites: CS 3100 with a grade of C- or higher, and a BACS major",,
17048,CS,4998,002,IND,3,Panagiotis Apostolellis,tba,***,08/25/2026 - 12/08/2026,,,,,,,,,,,,,Distinguished BA Majors Research,,Open,0,30,0,0,"Required for Distinguished Majors completing the Bachelor of Arts degree in the College of Arts and Sciences. An introduction to computer science research and the writing of a Distinguished Majors thesis. Prerequisites: CS 3100 with a grade of C- or higher, and a BACS major",,
17038,CS,4998,003,IND,3,Rich Nguyen,tba,***,08/25/2026 - 12/08/2026,,,,,,,,,,,,,Distinguished BA Majors Research,,Open,1,30,0,0,"Required for Distinguished Majors completing the Bachelor of Arts degree in the College of Arts and Sciences. An introduction to computer science research and the writing of a Distinguished Majors thesis. Prerequisites: CS 3100 with a grade of C- or higher, and a BACS major",,
17325,CS,4998,004,IND,3,Brad Campbell,tba,***,08/25/2026 - 12/08/2026,,,,,,,,,,,,,Distinguished BA Majors Research,,Open,0,30,0,0,"Required for Distinguished Majors completing the Bachelor of Arts degree in the College of Arts and Sciences. An introduction to computer science research and the writing of a Distinguished Majors thesis. Prerequisites: CS 3100 with a grade of C- or higher, and a BACS major",,
16785,CS,4998,005,IND,3,Robbie Hott,tba,***,08/25/2026 - 12/08/2026,,,,,,,,,,,,,Distinguished BA Majors Research,,Open,0,30,0,0,"Required for Distinguished Majors completing the Bachelor of Arts degree in the College of Arts and Sciences. An introduction to computer science research and the writing of a Distinguished Majors thesis. Prerequisites: CS 3100 with a grade of C- or higher, and a BACS major",,
17561,CS,4998,006,IND,3,Zezhou Cheng,tba,***,08/25/2026 - 12/08/2026,,,,,,,,,,,,,Distinguished BA Majors Research,,Open,0,30,0,0,"Required for Distinguished Majors completing the Bachelor of Arts degree in the College of Arts and Sciences. An introduction to computer science research and the writing of a Distinguished Majors thesis. Prerequisites: CS 3100 with a grade of C- or higher, and a BACS major",,
17099,CS,4998,007,IND,3,Kevin Skadron,tba,***,08/25/2026 - 12/08/2026,,,,,,,,,,,,,Distinguished BA Majors Research,,Open,0,30,0,0,"Required for Distinguished Majors completing the Bachelor of Arts degree in the College of Arts and Sciences. An introduction to computer science research and the writing of a Distinguished Majors thesis. Prerequisites: CS 3100 with a grade of C- or higher, and a BACS major",,
17203,CS,4998,008,IND,3,Shangtong Zhang,tba,***,08/25/2026 - 12/08/2026,,,,,,,,,,,,,Distinguished BA Majors Research,,Open,0,30,0,0,"Required for Distinguished Majors completing the Bachelor of Arts degree in the College of Arts and Sciences. An introduction to computer science research and the writing of a Distinguished Majors thesis. Prerequisites: CS 3100 with a grade of C- or higher, and a BACS major",,
17886,CS,4998,009,IND,3,Yangfeng Ji,tba,***,08/25/2026 - 12/08/2026,,,,,,,,,,,,,Distinguished BA Majors Research,,Open,1,30,0,0,"Required for Distinguished Majors completing the Bachelor of Arts degree in the College of Arts and Sciences. An introduction to computer science research and the writing of a Distinguished Majors thesis. Prerequisites: CS 3100 with a grade of C- or higher, and a BACS major",,
16787,CS,4998,010,IND,3,Sebastian Elbaum,tba,***,08/25/2026 - 12/08/2026,,,,,,,,,,,,,Distinguished BA Majors Research,,Open,0,30,0,0,"Required for Distinguished Majors completing the Bachelor of Arts degree in the College of Arts and Sciences. An introduction to computer science research and the writing of a Distinguished Majors thesis. Prerequisites: CS 3100 with a grade of C- or higher, and a BACS major",,
16788,CS,4998,011,IND,3,Ashish Venkat,tba,***,08/25/2026 - 12/08/2026,,,,,,,,,,,,,Distinguished BA Majors Research,,Open,0,30,0,0,"Required for Distinguished Majors completing the Bachelor of Arts degree in the College of Arts and Sciences. An introduction to computer science research and the writing of a Distinguished Majors thesis. Prerequisites: CS 3100 with a grade of C- or higher, and a BACS major",,
16815,CS,4998,012,IND,3,Homa Alemzadeh,tba,***,08/25/2026 - 12/08/2026,,,,,,,,,,,,,Distinguished BA Majors Research,,Open,0,30,0,0,"Required for Distinguished Majors completing the Bachelor of Arts degree in the College of Arts and Sciences. An introduction to computer science research and the writing of a Distinguished Majors thesis. Prerequisites: CS 3100 with a grade of C- or higher, and a BACS major",,
16702,CS,4998,013,IND,3,Yanjun Qi,tba,***,08/25/2026 - 12/08/2026,,,,,,,,,,,,,Distinguished BA Majors Research,,Open,0,30,0,0,"Required for Distinguished Majors completing the Bachelor of Arts degree in the College of Arts and Sciences. An introduction to computer science research and the writing of a Distinguished Majors thesis. Prerequisites: CS 3100 with a grade of C- or higher, and a BACS major",,
16647,CS,4998,014,IND,3,Mark Sherriff,tba,***,08/25/2026 - 12/08/2026,,,,,,,,,,,,,Distinguished BA Majors Research,,Open,0,30,0,0,"Required for Distinguished Majors completing the Bachelor of Arts degree in the College of Arts and Sciences. An introduction to computer science research and the writing of a Distinguished Majors thesis. Prerequisites: CS 3100 with a grade of C- or higher, and a BACS major",,No Cost Course Materials
16876,CS,4998,015,IND,3,Madhav Marathe,tba,***,08/25/2026 - 12/08/2026,,,,,,,,,,,,,Distinguished BA Majors Research,,Open,1,30,0,0,"Required for Distinguished Majors completing the Bachelor of Arts degree in the College of Arts and Sciences. An introduction to computer science research and the writing of a Distinguished Majors thesis. Prerequisites: CS 3100 with a grade of C- or higher, and a BACS major",,
17516,CS,4998,016,IND,3,Ferdinando Fioretto,tba,***,08/25/2026 - 12/08/2026,,,,,,,,,,,,,Distinguished BA Majors Research,,Open,1,30,0,0,"Required for Distinguished Majors completing the Bachelor of Arts degree in the College of Arts and Sciences. An introduction to computer science research and the writing of a Distinguished Majors thesis. Prerequisites: CS 3100 with a grade of C- or higher, and a BACS major",,
17413,CS,4998,017,IND,3,Briana Morrison,tba,***,08/25/2026 - 12/08/2026,,,,,,,,,,,,,Distinguished BA Majors Research,,Open,0,30,0,0,"Required for Distinguished Majors completing the Bachelor of Arts degree in the College of Arts and Sciences. An introduction to computer science research and the writing of a Distinguished Majors thesis. Prerequisites: CS 3100 with a grade of C- or higher, and a BACS major",,Low Cost Course Materials
17420,CS,4998,018,IND,3,Aidong Zhang,tba,***,08/25/2026 - 12/08/2026,,,,,,,,,,,,,Distinguished BA Majors Research,,Open,0,30,0,0,"Required for Distinguished Majors completing the Bachelor of Arts degree in the College of Arts and Sciences. An introduction to computer science research and the writing of a Distinguished Majors thesis. Prerequisites: CS 3100 with a grade of C- or higher, and a BACS major",,
16931,CS,4998,019,IND,3,Tariq Iqbal,tba,***,08/25/2026 - 12/08/2026,,,,,,,,,,,,,Distinguished BA Majors Research,,Open,0,30,0,0,"Required for Distinguished Majors completing the Bachelor of Arts degree in the College of Arts and Sciences. An introduction to computer science research and the writing of a Distinguished Majors thesis. Prerequisites: CS 3100 with a grade of C- or higher, and a BACS major",,
17421,CS,4998,020,IND,3,Tom Fletcher,tba,***,08/25/2026 - 12/08/2026,,,,,,,,,,,,,Distinguished BA Majors Research,,Open,0,30,0,0,"Required for Distinguished Majors completing the Bachelor of Arts degree in the College of Arts and Sciences. An introduction to computer science research and the writing of a Distinguished Majors thesis. Prerequisites: CS 3100 with a grade of C- or higher, and a BACS major",,
17424,CS,4998,021,IND,3,Wei-Kai Lin,tba,***,08/25/2026 - 12/08/2026,,,,,,,,,,,,,Distinguished BA Majors Research,,Open,0,30,0,0,"Required for Distinguished Majors completing the Bachelor of Arts degree in the College of Arts and Sciences. An introduction to computer science research and the writing of a Distinguished Majors thesis. Prerequisites: CS 3100 with a grade of C- or higher, and a BACS major",,
17397,CS,4998,022,IND,3,Chen-Yu Wei,tba,***,08/25/2026 - 12/08/2026,,,,,,,,,,,,,Distinguished BA Majors Research,,Open,1,30,0,0,"Required for Distinguished Majors completing the Bachelor of Arts degree in the College of Arts and Sciences. An introduction to computer science research and the writing of a Distinguished Majors thesis. Prerequisites: CS 3100 with a grade of C- or higher, and a BACS major",,
17532,CS,4998,023,IND,3,Anil Vullikanti,tba,***,08/25/2026 - 12/08/2026,,,,,,,,,,,,,Distinguished BA Majors Research,,Open,1,30,0,0,"Required for Distinguished Majors completing the Bachelor of Arts degree in the College of Arts and Sciences. An introduction to computer science research and the writing of a Distinguished Majors thesis. Prerequisites: CS 3100 with a grade of C- or higher, and a BACS major",,
17556,CS,4998,024,IND,3,Yixin Sun,tba,***,08/25/2026 - 12/08/2026,,,,,,,,,,,,,Distinguished BA Majors Research,,Open,1,30,0,0,"Required for Distinguished Majors completing the Bachelor of Arts degree in the College of Arts and Sciences. An introduction to computer science research and the writing of a Distinguished Majors thesis. Prerequisites: CS 3100 with a grade of C- or higher, and a BACS major",,
16953,CS,4998,025,IND,3,Afsaneh Doryab,tba,***,08/25/2026 - 12/08/2026,,,,,,,,,,,,,Distinguished BA Majors Research,,Open,0,30,0,0,"Required for Distinguished Majors completing the Bachelor of Arts degree in the College of Arts and Sciences. An introduction to computer science research and the writing of a Distinguished Majors thesis. Prerequisites: CS 3100 with a grade of C- or higher, and a BACS major",,
16979,CS,4998,026,IND,3,Judy Fox,tba,***,08/25/2026 - 12/08/2026,,,,,,,,,,,,,Distinguished BA Majors Research,,Open,0,30,0,0,"Required for Distinguished Majors completing the Bachelor of Arts degree in the College of Arts and Sciences. An introduction to computer science research and the writing of a Distinguished Majors thesis. Prerequisites: CS 3100 with a grade of C- or higher, and a BACS major",,
17715,CS,4998,027,IND,3,Yu Meng,tba,***,08/25/2026 - 12/08/2026,,,,,,,,,,,,,Distinguished BA Majors Research,,Open,0,30,0,0,"Required for Distinguished Majors completing the Bachelor of Arts degree in the College of Arts and Sciences. An introduction to computer science research and the writing of a Distinguished Majors thesis. Prerequisites: CS 3100 with a grade of C- or higher, and a BACS major",,
17766,CS,4998,028,IND,3,Jundong Li,tba,***,08/25/2026 - 12/08/2026,,,,,,,,,,,,,Distinguished BA Majors Research,,Open,0,30,0,0,"Required for Distinguished Majors completing the Bachelor of Arts degree in the College of Arts and Sciences. An introduction to computer science research and the writing of a Distinguished Majors thesis. Prerequisites: CS 3100 with a grade of C- or higher, and a BACS major",,
17816,CS,4998,029,IND,3,Wenxi Wang,tba,***,08/25/2026 - 12/08/2026,,,,,,,,,,,,,Distinguished BA Majors Research,,Open,0,30,0,0,"Required for Distinguished Majors completing the Bachelor of Arts degree in the College of Arts and Sciences. An introduction to computer science research and the writing of a Distinguished Majors thesis. Prerequisites: CS 3100 with a grade of C- or higher, and a BACS major",,
17845,CS,4998,030,IND,3,Angela Orebaugh,tba,***,08/25/2026 - 12/08/2026,,,,,,,,,,,,,Distinguished BA Majors Research,,Open,0,30,0,0,"Required for Distinguished Majors completing the Bachelor of Arts degree in the College of Arts and Sciences. An introduction to computer science research and the writing of a Distinguished Majors thesis. Prerequisites: CS 3100 with a grade of C- or higher, and a BACS major",,No Cost Course Materials
22032,CS,4998,031,IND,3,Wajih Ul Hassan,tba,***,08/25/2026 - 12/08/2026,,,,,,,,,,,,,Distinguished BA Majors Research,,Open,2,30,0,0,"Required for Distinguished Majors completing the Bachelor of Arts degree in the College of Arts and Sciences. An introduction to computer science research and the writing of a Distinguished Majors thesis. Prerequisites: CS 3100 with a grade of C- or higher, and a BACS major",,
17574,CS,6111,001,Lecture,3,Haiying Shen,mowe 2:00pm - 3:15pm,***,08/25/2026 - 12/08/2026,,,,,,,,,,,,,Cloud Computing,,Open,17,35,0,199,"This course introduces a basic grounding in designing and implementing cloud systems. It aims to acquaint students with principles and technologies of server clusters, virtualized datacenters, Internet clouds, and applications. Students will gain hands-on experience on public cloud such as Amazon EC2. Prerequisites: CS2150 Program and Data Representation or CS 111x Introduction to Programming, CS 4457 Computer Networks or equivalent background.",,
20191,CS,6160,001,Lecture,3,Wei-Kai Lin,mowe 2:00pm - 3:15pm,***,08/25/2026 - 12/08/2026,,,,,,,,,,,,,Theory of Computation,,Open,7,35,0,199,"Analyzes formal languages, the Chomsky hierarchy, formal computation and machine models, finite automata, pushdown automata, Turing machines, Church's thesis, reductions, decidability and undecidability, and NP-completeness. Prerequisite: CS 3102 or equivalent.",,
16097,CS,6190,001,Lecture,1 - 3,Sandhya Dwarkadas,tuth 3:30pm - 4:45pm,***,08/25/2026 - 12/08/2026,,,,,,,,,,,,,Computer Science Perspectives,,Open,72,140,0,199,"This 'acclimation' seminar helps new graduate students become productive researchers. Faculty and visitors speak on a wide variety of research topics, as well as on tools available to researchers, including library resources, various operating systems, UNIX power tools, programming languages, software development and version control systems, debugging tools, user interface toolkits, word processors, publishing systems, HTML, JAVA, browsers, Web tools, and personal time management. Prerequisite: CS graduate student or instructor permission.",,
17206,CS,6222,001,Lecture,3,Jack Doerner,tuth 2:00pm - 3:15pm,***,08/25/2026 - 12/08/2026,,,,,,,,,,,,,Introduction to Cryptography,,Open,15,35,0,199,"This course will provide an introduction to modern cryptography and its applications to computer security. This course will cover the fundamentals of symmetric cryptography (i.e., encryption and message authentication) and public-key cryptography (i.e., key-exchange and signatures) as well as cryptographic protocols like zero-knowledge proof systems. Recommended prerequisites: CS 2102, 3102, and 4102 (or equivalent experience).",,
17147,CS,6316,001,Lecture,3,Aidong Zhang,mowe 2:00pm - 3:15pm,***,08/25/2026 - 12/08/2026,,,,,,,,,,,,,Machine Learning,,Open,31,35,0,199,"This is a graduate-level machine learning course. Machine Learning is concerned with computer programs that automatically improve their performance through experience. This course covers introductory topics about the theory and practical algorithms for machine learning from a variety of perspectives. Topics include supervised learning, unsupervised learning and learning theory. Prerequisite: Calculus, Basic linear algebra, Basic Probability and Basic Algorithm. Statistics is recommended. Students should already have good programming skills.",,
20290,CS,6354,001,Lecture,3,Kevin Skadron,tuth 2:00pm - 3:15pm,***,08/25/2026 - 12/08/2026,,,,,,,,,,,,,Computer Architecture,,Open,11,35,0,199,"Study of representative digital computer organization with emphasis on control unit logic, input/output processors and devices, asynchronous processing, concurrency, and parallelism. Memory hierarchies. Prerequisite: CS 3330 or proficiency in assembly language programming.",,
20192,CS,6457,001,Lecture,3,Hyojoon Kim,tuth 9:30am - 10:45am,***,08/25/2026 - 12/08/2026,,,,,,,,,,,,,Computer Networks,,Open,14,35,0,199,"This course examines modern networked systems through the lens of emerging technologies and architectures. Topics include, but are not limited to, congestion control, programmable networks, data center networks, wireless networks, satellite networks, real-time media streaming, AI/ML and networked systems, and quantum networking. The course highlights current research and practical challenges in building secure and efficient networked systems.",,
17342,CS,6501,001,Lecture,3,Zezhou Cheng,mowe 5:00pm - 6:15pm,***,08/25/2026 - 12/08/2026,,,,,,,,,,,,,Special Topics in Computer Science,3D Computer Vision,Open,31,35,0,199,Course content varies by section and is selected to fill timely and special interests and needs of students. See CS 7501 for example topics. May be repeated for credit when topic varies. Prerequisite: Instructor permission.,,
17340,CS,6501,002,Lecture,3,Matheus Xavier Ferreira,fr 2:00pm - 4:30pm,***,08/25/2026 - 12/08/2026,,,,,,,,,,,,,Special Topics in Computer Science,Economics of Distributed Syste,Open,14,35,0,199,Course content varies by section and is selected to fill timely and special interests and needs of students. See CS 7501 for example topics. May be repeated for credit when topic varies. Prerequisite: Instructor permission.,,
17341,CS,6501,003,Lecture,3,Qizhe Cai,tuth 12:30pm - 1:45pm,***,08/25/2026 - 12/08/2026,,,,,,,,,,,,,Special Topics in Computer Science,Networking Infrastructure,Open,33,35,0,199,Course content varies by section and is selected to fill timely and special interests and needs of students. See CS 7501 for example topics. May be repeated for credit when topic varies. Prerequisite: Instructor permission.,,
17575,CS,6501,004,Lecture,3,Yen-Ling Kuo,mowe 9:30am - 10:45am,***,08/25/2026 - 12/08/2026,,,,,,,,,,,,,Special Topics in Computer Science,Learning for Interactve Robots,Open,30,35,0,199,Course content varies by section and is selected to fill timely and special interests and needs of students. See CS 7501 for example topics. May be repeated for credit when topic varies. Prerequisite: Instructor permission.,,
17577,CS,6501,005,Lecture,3,Kun Qian,mowe 3:30pm - 4:45pm,***,08/25/2026 - 12/08/2026,,,,,,,,,,,,,Special Topics in Computer Science,Wireless Sensing for IoT,Open,21,35,0,199,Course content varies by section and is selected to fill timely and special interests and needs of students. See CS 7501 for example topics. May be repeated for credit when topic varies. Prerequisite: Instructor permission.,,
17130,CS,6501,006,Lecture,3,Zhe Zeng,mowe 3:30pm - 4:45pm,***,08/25/2026 - 12/08/2026,,,,,,,,,,,,,Special Topics in Computer Science,Probabilistic Machine Learning,Open,29,35,0,199,Course content varies by section and is selected to fill timely and special interests and needs of students. See CS 7501 for example topics. May be repeated for credit when topic varies. Prerequisite: Instructor permission.,,
20201,CS,6501,007,Lecture,3,Chen Chen,mowe 9:30am - 10:45am,***,08/25/2026 - 12/08/2026,,,,,,,,,,,,,Special Topics in Computer Science,Graph Machine Learning,Open,21,35,0,199,Course content varies by section and is selected to fill timely and special interests and needs of students. See CS 7501 for example topics. May be repeated for credit when topic varies. Prerequisite: Instructor permission.,,
20202,CS,6501,008,Lecture,3,Chen-Yu Wei,mowe 11:00am - 12:15pm,***,08/25/2026 - 12/08/2026,,,,,,,,,,,,,Special Topics in Computer Science,Online Opt & Learning in Games,Open,22,35,0,199,Course content varies by section and is selected to fill timely and special interests and needs of students. See CS 7501 for example topics. May be repeated for credit when topic varies. Prerequisite: Instructor permission.,,
20203,CS,6501,009,Lecture,3,Xi Peng,fr 2:00pm - 4:30pm,***,08/25/2026 - 12/08/2026,,,,,,,,,,,,,Special Topics in Computer Science,Trustworthy Machine Learning,Open,22,35,0,199,Course content varies by section and is selected to fill timely and special interests and needs of students. See CS 7501 for example topics. May be repeated for credit when topic varies. Prerequisite: Instructor permission.,,
20204,CS,6501,010,Lecture,3,Kevin Sullivan,mowe 11:00am - 12:15pm,***,08/25/2026 - 12/08/2026,,,,,,,,,,,,,Special Topics in Computer Science,Software Logic,Open,20,24,0,199,Course content varies by section and is selected to fill timely and special interests and needs of students. See CS 7501 for example topics. May be repeated for credit when topic varies. Prerequisite: Instructor permission.,,
17658,CS,6501,011,Lecture,3,Tom Fletcher,tuth 9:30am - 10:45am,***,08/25/2026 - 12/08/2026,,,,,,,,,,,,,Special Topics in Computer Science,Convex Optimization,Open,18,24,0,0,Course content varies by section and is selected to fill timely and special interests and needs of students. See CS 7501 for example topics. May be repeated for credit when topic varies. Prerequisite: Instructor permission.,,
17651,CS,6501,012,Lecture,3,Jing Yang,tuth 12:30pm - 1:45pm,***,08/25/2026 - 12/08/2026,,,,,,,,,,,,,Special Topics in Computer Science,Digital Signal Processing,Open,0,15,0,0,Course content varies by section and is selected to fill timely and special interests and needs of students. See CS 7501 for example topics. May be repeated for credit when topic varies. Prerequisite: Instructor permission.,,
17653,CS,6501,013,Lecture,3,Miaomiao Zhang,mowe 2:00pm - 3:15pm,***,08/25/2026 - 12/08/2026,,,,,,,,,,,,,Special Topics in Computer Science,Mach Learning - Image Analysis,Closed,23,0,0,0,Course content varies by section and is selected to fill timely and special interests and needs of students. See CS 7501 for example topics. May be repeated for credit when topic varies. Prerequisite: Instructor permission.,,
17694,CS,6501,014,Lecture,3,"Farzad Hassanzadeh, Sarvin Motamen",tuth 12:30pm - 1:45pm,***,08/25/2026 - 12/08/2026,,,,,,,,,,,,,Special Topics in Computer Science,Probabilistic Machine Learning,Open,9,23,0,0,Course content varies by section and is selected to fill timely and special interests and needs of students. See CS 7501 for example topics. May be repeated for credit when topic varies. Prerequisite: Instructor permission.,,
21525,CS,6501,015,Lecture,3,Yue Cheng,mowe 9:30am - 10:45am,***,08/25/2026 - 12/08/2026,,,,,,,,,,,,,Special Topics in Computer Science,AI Systems,Open,24,30,0,0,Course content varies by section and is selected to fill timely and special interests and needs of students. See CS 7501 for example topics. May be repeated for credit when topic varies. Prerequisite: Instructor permission.,,
20949,CS,6762,001,Lecture,3,Afsaneh Doryab,mowe 3:30pm - 4:45pm,***,08/25/2026 - 12/08/2026,,,,,,,,,,,,,"Signal Processing, Machine Learning and Control",,Open,9,28,0,0,"This is a core Cyber Physical Systems (CPS) class. It provides fundamental core material in signal processing, machine learning, and feedback control. However, the material is not presented in a traditional manner and does not replace deep domain expertise in these topics. Rather, the principles and skills taught in this class highlight the intersection of the cyber and the physical.",,
17664,CS,6770,001,Lecture,3,Yangfeng Ji,tuth 11:00am - 12:15pm,***,08/25/2026 - 12/08/2026,,,,,,,,,,,,,Natural Language Processing,,Open,33,35,0,199,"This course explores Natural Language Processing (NLP), examining how computers are trained to understand and process human language. Students will gain a thorough understanding of both core NLP concepts and advanced techniques, including text analysis, language modeling, machine translation, question answering, text generation, conversation modeling, and the latest advancements in large language models.",,
17578,CS,6780,001,Lecture,3,"Kun Qian, Rider Foley",mowe 12:30pm - 1:45pm,***,08/25/2026 - 12/08/2026,,,,,,,,,,,,,Cyber-Physical Systems Technology and Ethics,,Closed,13,12,0,0,"This course is designed to develop cross-competency in the technical, analytical, and professional capabilities necessary for the emerging field of Cyber-Physical Systems (CPS). It provides convergence learning activities based around the applications, technologies, and system designs of CPS as well as exploring the ethical, social, and policy dimensions of CPS work. The course also emphasizes the importance of communication as a necessary skill.",,
17253,CS,6890,001,IND,1,Yen-Ling Kuo,tba,***,08/25/2026 - 12/08/2026,,,,,,,,,,,,,Industrial Applications,,Open,0,30,0,0,"A graduate student returning from Curricular Practical Training can use this course to claim one credit hour of academic credit after successfully reporting, orally and in writing, a summary of the CPT experience to his/her academic advisor.",,
16757,CS,6890,002,IND,1,Farzad Hassanzadeh,tba,***,08/25/2026 - 12/08/2026,,,,,,,,,,,,,Industrial Applications,,Open,0,30,0,0,"A graduate student returning from Curricular Practical Training can use this course to claim one credit hour of academic credit after successfully reporting, orally and in writing, a summary of the CPT experience to his/her academic advisor.",,
16776,CS,6890,003,IND,1,Madhav Marathe,tba,***,08/25/2026 - 12/08/2026,,,,,,,,,,,,,Industrial Applications,,Open,0,30,0,0,"A graduate student returning from Curricular Practical Training can use this course to claim one credit hour of academic credit after successfully reporting, orally and in writing, a summary of the CPT experience to his/her academic advisor.",,
16604,CS,6890,004,IND,1,David Evans,tba,***,08/25/2026 - 12/08/2026,,,,,,,,,,,,,Industrial Applications,,Open,0,30,0,0,"A graduate student returning from Curricular Practical Training can use this course to claim one credit hour of academic credit after successfully reporting, orally and in writing, a summary of the CPT experience to his/her academic advisor.",,
17252,CS,6890,005,IND,1,Chen-Yu Wei,tba,***,08/25/2026 - 12/08/2026,,,,,,,,,,,,,Industrial Applications,,Open,0,30,0,0,"A graduate student returning from Curricular Practical Training can use this course to claim one credit hour of academic credit after successfully reporting, orally and in writing, a summary of the CPT experience to his/her academic advisor.",,
16605,CS,6890,006,IND,1,Miaomiao Zhang,tba,***,08/25/2026 - 12/08/2026,,,,,,,,,,,,,Industrial Applications,,Open,0,30,0,0,"A graduate student returning from Curricular Practical Training can use this course to claim one credit hour of academic credit after successfully reporting, orally and in writing, a summary of the CPT experience to his/her academic advisor.",,
17251,CS,6890,007,IND,1,Hyojoon Kim,tba,***,08/25/2026 - 12/08/2026,,,,,,,,,,,,,Industrial Applications,,Open,0,30,0,0,"A graduate student returning from Curricular Practical Training can use this course to claim one credit hour of academic credit after successfully reporting, orally and in writing, a summary of the CPT experience to his/her academic advisor.",,
16606,CS,6890,008,IND,1,Aidong Zhang,tba,***,08/25/2026 - 12/08/2026,,,,,,,,,,,,,Industrial Applications,,Open,0,30,0,0,"A graduate student returning from Curricular Practical Training can use this course to claim one credit hour of academic credit after successfully reporting, orally and in writing, a summary of the CPT experience to his/her academic advisor.",,
17250,CS,6890,009,IND,1,Wei-Kai Lin,tba,***,08/25/2026 - 12/08/2026,,,,,,,,,,,,,Industrial Applications,,Open,0,30,0,0,"A graduate student returning from Curricular Practical Training can use this course to claim one credit hour of academic credit after successfully reporting, orally and in writing, a summary of the CPT experience to his/her academic advisor.",,
17716,CS,6890,010,IND,1,Adwait Jog,tba,***,08/25/2026 - 12/08/2026,,,,,,,,,,,,,Industrial Applications,,Open,0,30,0,0,"A graduate student returning from Curricular Practical Training can use this course to claim one credit hour of academic credit after successfully reporting, orally and in writing, a summary of the CPT experience to his/her academic advisor.",,
16791,CS,6890,011,IND,1,Sebastian Elbaum,tba,***,08/25/2026 - 12/08/2026,,,,,,,,,,,,,Industrial Applications,,Open,0,30,0,0,"A graduate student returning from Curricular Practical Training can use this course to claim one credit hour of academic credit after successfully reporting, orally and in writing, a summary of the CPT experience to his/her academic advisor.",,
17249,CS,6890,012,IND,1,Ferdinando Fioretto,tba,***,08/25/2026 - 12/08/2026,,,,,,,,,,,,,Industrial Applications,,Open,0,30,0,0,"A graduate student returning from Curricular Practical Training can use this course to claim one credit hour of academic credit after successfully reporting, orally and in writing, a summary of the CPT experience to his/her academic advisor.",,
16792,CS,6890,013,IND,1,Ashish Venkat,tba,***,08/25/2026 - 12/08/2026,,,,,,,,,,,,,Industrial Applications,,Open,0,30,0,0,"A graduate student returning from Curricular Practical Training can use this course to claim one credit hour of academic credit after successfully reporting, orally and in writing, a summary of the CPT experience to his/her academic advisor.",,
17073,CS,6890,014,IND,1,Shangtong Zhang,tba,***,08/25/2026 - 12/08/2026,,,,,,,,,,,,,Industrial Applications,,Open,0,30,0,0,"A graduate student returning from Curricular Practical Training can use this course to claim one credit hour of academic credit after successfully reporting, orally and in writing, a summary of the CPT experience to his/her academic advisor.",,
16809,CS,6890,015,IND,1,Jack Davidson,tba,***,08/25/2026 - 12/08/2026,,,,,,,,,,,,,Industrial Applications,,Open,0,30,0,0,"A graduate student returning from Curricular Practical Training can use this course to claim one credit hour of academic credit after successfully reporting, orally and in writing, a summary of the CPT experience to his/her academic advisor.",,No Cost Course Materials
16607,CS,6890,016,IND,1,Haiying Shen,tba,***,08/25/2026 - 12/08/2026,,,,,,,,,,,,,Industrial Applications,,Open,0,30,0,0,"A graduate student returning from Curricular Practical Training can use this course to claim one credit hour of academic credit after successfully reporting, orally and in writing, a summary of the CPT experience to his/her academic advisor.",,
16608,CS,6890,017,IND,1,Kevin Skadron,tba,***,08/25/2026 - 12/08/2026,,,,,,,,,,,,,Industrial Applications,,Open,0,30,0,0,"A graduate student returning from Curricular Practical Training can use this course to claim one credit hour of academic credit after successfully reporting, orally and in writing, a summary of the CPT experience to his/her academic advisor.",,
16816,CS,6890,018,IND,1,Homa Alemzadeh,tba,***,08/25/2026 - 12/08/2026,,,,,,,,,,,,,Industrial Applications,,Open,0,30,0,0,"A graduate student returning from Curricular Practical Training can use this course to claim one credit hour of academic credit after successfully reporting, orally and in writing, a summary of the CPT experience to his/her academic advisor.",,
17039,CS,6890,019,IND,1,Felix Lin,tba,***,08/25/2026 - 12/08/2026,,,,,,,,,,,,,Industrial Applications,,Open,0,30,0,0,"A graduate student returning from Curricular Practical Training can use this course to claim one credit hour of academic credit after successfully reporting, orally and in writing, a summary of the CPT experience to his/her academic advisor.",,
16609,CS,6890,020,IND,1,Kevin Sullivan,tba,***,08/25/2026 - 12/08/2026,,,,,,,,,,,,,Industrial Applications,,Open,0,30,0,0,"A graduate student returning from Curricular Practical Training can use this course to claim one credit hour of academic credit after successfully reporting, orally and in writing, a summary of the CPT experience to his/her academic advisor.",,
16896,CS,6890,021,IND,1,Yixin Sun,tba,***,08/25/2026 - 12/08/2026,,,,,,,,,,,,,Industrial Applications,,Open,0,30,0,0,"A graduate student returning from Curricular Practical Training can use this course to claim one credit hour of academic credit after successfully reporting, orally and in writing, a summary of the CPT experience to his/her academic advisor.",,
17248,CS,6890,022,IND,1,Chang Lou,tba,***,08/25/2026 - 12/08/2026,,,,,,,,,,,,,Industrial Applications,,Open,0,30,0,0,"A graduate student returning from Curricular Practical Training can use this course to claim one credit hour of academic credit after successfully reporting, orally and in writing, a summary of the CPT experience to his/her academic advisor.",,No Cost Course Materials
16895,CS,6890,023,IND,1,Derrick Stone,tba,***,08/25/2026 - 12/08/2026,,,,,,,,,,,,,Industrial Applications,,Open,0,30,0,0,"A graduate student returning from Curricular Practical Training can use this course to claim one credit hour of academic credit after successfully reporting, orally and in writing, a summary of the CPT experience to his/her academic advisor.",,No Cost Course Materials
16835,CS,6890,024,IND,1,Lu Feng,tba,***,08/25/2026 - 12/08/2026,,,,,,,,,,,,,Industrial Applications,,Open,0,30,0,0,"A graduate student returning from Curricular Practical Training can use this course to claim one credit hour of academic credit after successfully reporting, orally and in writing, a summary of the CPT experience to his/her academic advisor.",,
16849,CS,6890,025,IND,1,Mohammad Mahmoody,tba,***,08/25/2026 - 12/08/2026,,,,,,,,,,,,,Industrial Applications,,Open,0,30,0,0,"A graduate student returning from Curricular Practical Training can use this course to claim one credit hour of academic credit after successfully reporting, orally and in writing, a summary of the CPT experience to his/her academic advisor.",,
16850,CS,6890,026,IND,1,Yanjun Qi,tba,***,08/25/2026 - 12/08/2026,,,,,,,,,,,,,Industrial Applications,,Open,0,30,0,0,"A graduate student returning from Curricular Practical Training can use this course to claim one credit hour of academic credit after successfully reporting, orally and in writing, a summary of the CPT experience to his/her academic advisor.",,
16854,CS,6890,027,IND,1,Madhur Behl,tba,***,08/25/2026 - 12/08/2026,,,,,,,,,,,,,Industrial Applications,,Open,0,30,0,0,"A graduate student returning from Curricular Practical Training can use this course to claim one credit hour of academic credit after successfully reporting, orally and in writing, a summary of the CPT experience to his/her academic advisor.",,
16878,CS,6890,028,IND,1,Charles Reiss,tba,***,08/25/2026 - 12/08/2026,,,,,,,,,,,,,Industrial Applications,,Open,0,30,0,0,"A graduate student returning from Curricular Practical Training can use this course to claim one credit hour of academic credit after successfully reporting, orally and in writing, a summary of the CPT experience to his/her academic advisor.",,
16893,CS,6890,029,IND,1,Raymond Pettit,tba,***,08/25/2026 - 12/08/2026,,,,,,,,,,,,,Industrial Applications,,Open,0,30,0,0,"A graduate student returning from Curricular Practical Training can use this course to claim one credit hour of academic credit after successfully reporting, orally and in writing, a summary of the CPT experience to his/her academic advisor.",,
16879,CS,6890,030,IND,1,Panagiotis Apostolellis,tba,***,08/25/2026 - 12/08/2026,,,,,,,,,,,,,Industrial Applications,,Open,0,30,0,0,"A graduate student returning from Curricular Practical Training can use this course to claim one credit hour of academic credit after successfully reporting, orally and in writing, a summary of the CPT experience to his/her academic advisor.",,
16880,CS,6890,031,IND,1,Nada Basit,tba,***,08/25/2026 - 12/08/2026,,,,,,,,,,,,,Industrial Applications,,Open,0,30,0,0,"A graduate student returning from Curricular Practical Training can use this course to claim one credit hour of academic credit after successfully reporting, orally and in writing, a summary of the CPT experience to his/her academic advisor.",,No Cost Course Materials
16881,CS,6890,032,IND,1,Aaron Bloomfield,tba,***,08/25/2026 - 12/08/2026,,,,,,,,,,,,,Industrial Applications,,Open,0,30,0,0,"A graduate student returning from Curricular Practical Training can use this course to claim one credit hour of academic credit after successfully reporting, orally and in writing, a summary of the CPT experience to his/her academic advisor.",,No Cost Course Materials
16882,CS,6890,033,IND,1,Nathan Brunelle,tba,***,08/25/2026 - 12/08/2026,,,,,,,,,,,,,Industrial Applications,,Open,0,30,0,0,"A graduate student returning from Curricular Practical Training can use this course to claim one credit hour of academic credit after successfully reporting, orally and in writing, a summary of the CPT experience to his/her academic advisor.",,
16883,CS,6890,034,IND,1,Brad Campbell,tba,***,08/25/2026 - 12/08/2026,,,,,,,,,,,,,Industrial Applications,,Open,0,30,0,0,"A graduate student returning from Curricular Practical Training can use this course to claim one credit hour of academic credit after successfully reporting, orally and in writing, a summary of the CPT experience to his/her academic advisor.",,
16897,CS,6890,035,IND,1,Anil Vullikanti,tba,***,08/25/2026 - 12/08/2026,,,,,,,,,,,,,Industrial Applications,,Open,0,30,0,0,"A graduate student returning from Curricular Practical Training can use this course to claim one credit hour of academic credit after successfully reporting, orally and in writing, a summary of the CPT experience to his/her academic advisor.",,
16884,CS,6890,036,IND,1,Matthew Dwyer,tba,***,08/25/2026 - 12/08/2026,,,,,,,,,,,,,Industrial Applications,,Open,0,30,0,0,"A graduate student returning from Curricular Practical Training can use this course to claim one credit hour of academic credit after successfully reporting, orally and in writing, a summary of the CPT experience to his/her academic advisor.",,
16885,CS,6890,037,IND,1,Tom Fletcher,tba,***,08/25/2026 - 12/08/2026,,,,,,,,,,,,,Industrial Applications,,Open,0,30,0,0,"A graduate student returning from Curricular Practical Training can use this course to claim one credit hour of academic credit after successfully reporting, orally and in writing, a summary of the CPT experience to his/her academic advisor.",,
16886,CS,6890,038,IND,1,Mark Floryan,tba,***,08/25/2026 - 12/08/2026,,,,,,,,,,,,,Industrial Applications,,Open,0,30,0,0,"A graduate student returning from Curricular Practical Training can use this course to claim one credit hour of academic credit after successfully reporting, orally and in writing, a summary of the CPT experience to his/her academic advisor.",,
16892,CS,6890,039,IND,1,Rich Nguyen,tba,***,08/25/2026 - 12/08/2026,,,,,,,,,,,,,Industrial Applications,,Open,0,30,0,0,"A graduate student returning from Curricular Practical Training can use this course to claim one credit hour of academic credit after successfully reporting, orally and in writing, a summary of the CPT experience to his/her academic advisor.",,
17721,CS,6890,040,IND,1,Geoffrey Fox,tba,***,08/25/2026 - 12/08/2026,,,,,,,,,,,,,Industrial Applications,,Open,0,30,0,0,"A graduate student returning from Curricular Practical Training can use this course to claim one credit hour of academic credit after successfully reporting, orally and in writing, a summary of the CPT experience to his/her academic advisor.",,
16888,CS,6890,041,IND,1,Robbie Hott,tba,***,08/25/2026 - 12/08/2026,,,,,,,,,,,,,Industrial Applications,,Open,0,30,0,0,"A graduate student returning from Curricular Practical Training can use this course to claim one credit hour of academic credit after successfully reporting, orally and in writing, a summary of the CPT experience to his/her academic advisor.",,
17332,CS,6890,042,IND,1,Yue Cheng,tba,***,08/25/2026 - 12/08/2026,,,,,,,,,,,,,Industrial Applications,,Open,0,30,0,0,"A graduate student returning from Curricular Practical Training can use this course to claim one credit hour of academic credit after successfully reporting, orally and in writing, a summary of the CPT experience to his/her academic advisor.",,
16889,CS,6890,043,IND,1,Yangfeng Ji,tba,***,08/25/2026 - 12/08/2026,,,,,,,,,,,,,Industrial Applications,,Open,0,30,0,0,"A graduate student returning from Curricular Practical Training can use this course to claim one credit hour of academic credit after successfully reporting, orally and in writing, a summary of the CPT experience to his/her academic advisor.",,
16890,CS,6890,044,IND,1,Samira Khan,tba,***,08/25/2026 - 12/08/2026,,,,,,,,,,,,,Industrial Applications,,Open,0,30,0,0,"A graduate student returning from Curricular Practical Training can use this course to claim one credit hour of academic credit after successfully reporting, orally and in writing, a summary of the CPT experience to his/her academic advisor.",,
16894,CS,6890,045,IND,1,Mark Sherriff,tba,***,08/25/2026 - 12/08/2026,,,,,,,,,,,,,Industrial Applications,,Open,0,30,0,0,"A graduate student returning from Curricular Practical Training can use this course to claim one credit hour of academic credit after successfully reporting, orally and in writing, a summary of the CPT experience to his/her academic advisor.",,No Cost Course Materials
16891,CS,6890,046,IND,1,Jundong Li,tba,***,08/25/2026 - 12/08/2026,,,,,,,,,,,,,Industrial Applications,,Open,1,30,0,0,"A graduate student returning from Curricular Practical Training can use this course to claim one credit hour of academic credit after successfully reporting, orally and in writing, a summary of the CPT experience to his/her academic advisor.",,
17433,CS,6890,047,IND,1,Wajih Ul Hassan,tba,***,08/25/2026 - 12/08/2026,,,,,,,,,,,,,Industrial Applications,,Open,0,30,0,0,"A graduate student returning from Curricular Practical Training can use this course to claim one credit hour of academic credit after successfully reporting, orally and in writing, a summary of the CPT experience to his/her academic advisor.",,No Cost Course Materials
17675,CS,6890,048,IND,1,Yu Meng,tba,***,08/25/2026 - 12/08/2026,,,,,,,,,,,,,Industrial Applications,,Open,0,30,0,0,"A graduate student returning from Curricular Practical Training can use this course to claim one credit hour of academic credit after successfully reporting, orally and in writing, a summary of the CPT experience to his/her academic advisor.",,
17693,CS,6890,049,IND,1,Hadi Daneshmand,tba,***,08/25/2026 - 12/08/2026,,,,,,,,,,,,,Industrial Applications,,Open,0,30,0,0,"A graduate student returning from Curricular Practical Training can use this course to claim one credit hour of academic credit after successfully reporting, orally and in writing, a summary of the CPT experience to his/her academic advisor.",,
17697,CS,6890,050,IND,1,Tianhao Wang,tba,***,08/25/2026 - 12/08/2026,,,,,,,,,,,,,Industrial Applications,,Open,0,30,0,0,"A graduate student returning from Curricular Practical Training can use this course to claim one credit hour of academic credit after successfully reporting, orally and in writing, a summary of the CPT experience to his/her academic advisor.",,
17705,CS,6890,051,IND,1,Zezhou Cheng,tba,***,08/25/2026 - 12/08/2026,,,,,,,,,,,,,Industrial Applications,,Open,0,30,0,0,"A graduate student returning from Curricular Practical Training can use this course to claim one credit hour of academic credit after successfully reporting, orally and in writing, a summary of the CPT experience to his/her academic advisor.",,
16817,CS,6993,001,IND,1 - 12,Homa Alemzadeh,tba,***,08/25/2026 - 12/08/2026,,,,,,,,,,,,,Independent Study,,Open,0,30,0,0,Detailed study of graduate course material on an independent basis under the guidance of a faculty member.,,
17083,CS,6993,002,IND,1 - 12,Yue Cheng,tba,***,08/25/2026 - 12/08/2026,,,,,,,,,,,,,Independent Study,,Open,1,30,0,0,Detailed study of graduate course material on an independent basis under the guidance of a faculty member.,,
17095,CS,6993,003,IND,1 - 12,Panagiotis Apostolellis,tba,***,08/25/2026 - 12/08/2026,,,,,,,,,,,,,Independent Study,,Open,0,30,0,0,Detailed study of graduate course material on an independent basis under the guidance of a faculty member.,,
17547,CS,6993,004,IND,1 - 12,Afsaneh Doryab,tba,***,08/25/2026 - 12/08/2026,,,,,,,,,,,,,Independent Study,,Open,0,30,0,0,Detailed study of graduate course material on an independent basis under the guidance of a faculty member.,,
17189,CS,6993,005,IND,1 - 12,Raymond Pettit,tba,***,08/25/2026 - 12/08/2026,,,,,,,,,,,,,Independent Study,,Open,0,30,0,0,Detailed study of graduate course material on an independent basis under the guidance of a faculty member.,,
17326,CS,6993,006,IND,1 - 12,Kevin Sullivan,tba,***,08/25/2026 - 12/08/2026,,,,,,,,,,,,,Independent Study,,Open,0,30,0,0,Detailed study of graduate course material on an independent basis under the guidance of a faculty member.,,
17708,CS,6993,007,IND,1 - 12,Wenxi Wang,tba,***,08/25/2026 - 12/08/2026,,,,,,,,,,,,,Independent Study,,Open,0,30,0,0,Detailed study of graduate course material on an independent basis under the guidance of a faculty member.,,
16777,CS,7993,001,IND,1 - 12,Aidong Zhang,tba,***,08/25/2026 - 12/08/2026,,,,,,,,,,,,,Independent Study,,Open,1,30,0,0,Detailed study of graduate course material on an independent basis under the guidance of a faculty member.,,
16742,CS,7993,002,IND,1 - 12,Anil Vullikanti,tba,***,08/25/2026 - 12/08/2026,,,,,,,,,,,,,Independent Study,,Open,0,30,0,0,Detailed study of graduate course material on an independent basis under the guidance of a faculty member.,,
16256,CS,7993,003,IND,1 - 12,Kevin Skadron,tba,***,08/25/2026 - 12/08/2026,,,,,,,,,,,,,Independent Study,,Open,1,30,0,0,Detailed study of graduate course material on an independent basis under the guidance of a faculty member.,,
16730,CS,7993,004,IND,1 - 12,Jack Davidson,tba,***,08/25/2026 - 12/08/2026,,,,,,,,,,,,,Independent Study,,Open,0,30,0,0,Detailed study of graduate course material on an independent basis under the guidance of a faculty member.,,No Cost Course Materials
16400,CS,7993,005,IND,1 - 12,Nada Basit,tba,***,08/25/2026 - 12/08/2026,,,,,,,,,,,,,Independent Study,,Open,0,30,0,0,Detailed study of graduate course material on an independent basis under the guidance of a faculty member.,,No Cost Course Materials
16743,CS,7993,006,IND,1 - 12,Madhav Marathe,tba,***,08/25/2026 - 12/08/2026,,,,,,,,,,,,,Independent Study,,Open,0,30,0,0,Detailed study of graduate course material on an independent basis under the guidance of a faculty member.,,
16793,CS,7993,007,IND,1 - 12,Robbie Hott,tba,***,08/25/2026 - 12/08/2026,,,,,,,,,,,,,Independent Study,,Open,0,30,0,0,Detailed study of graduate course material on an independent basis under the guidance of a faculty member.,,
16401,CS,7993,008,IND,1 - 12,Lu Feng,tba,***,08/25/2026 - 12/08/2026,,,,,,,,,,,,,Independent Study,,Open,0,30,0,0,Detailed study of graduate course material on an independent basis under the guidance of a faculty member.,,
17258,CS,7993,009,IND,1 - 12,Chen-Yu Wei,tba,***,08/25/2026 - 12/08/2026,,,,,,,,,,,,,Independent Study,,Open,0,30,0,0,Detailed study of graduate course material on an independent basis under the guidance of a faculty member.,,
17259,CS,7993,010,IND,1 - 12,Yen-Ling Kuo,tba,***,08/25/2026 - 12/08/2026,,,,,,,,,,,,,Independent Study,,Open,1,30,0,0,Detailed study of graduate course material on an independent basis under the guidance of a faculty member.,,
16509,CS,7993,011,IND,1 - 12,Samira Khan,tba,***,08/25/2026 - 12/08/2026,,,,,,,,,,,,,Independent Study,,Open,0,30,0,0,Detailed study of graduate course material on an independent basis under the guidance of a faculty member.,,
17882,CS,7993,012,IND,1 - 12,Yixin Sun,tba,***,08/25/2026 - 12/08/2026,,,,,,,,,,,,,Independent Study,,Open,0,30,0,0,Detailed study of graduate course material on an independent basis under the guidance of a faculty member.,,
16795,CS,7993,013,IND,1 - 12,Sebastian Elbaum,tba,***,08/25/2026 - 12/08/2026,,,,,,,,,,,,,Independent Study,,Open,0,30,0,0,Detailed study of graduate course material on an independent basis under the guidance of a faculty member.,,
16796,CS,7993,014,IND,1 - 12,Ashish Venkat,tba,***,08/25/2026 - 12/08/2026,,,,,,,,,,,,,Independent Study,,Open,0,30,0,0,Detailed study of graduate course material on an independent basis under the guidance of a faculty member.,,
16818,CS,7993,015,IND,1 - 12,Homa Alemzadeh,tba,***,08/25/2026 - 12/08/2026,,,,,,,,,,,,,Independent Study,,Open,0,30,0,0,Detailed study of graduate course material on an independent basis under the guidance of a faculty member.,,
16822,CS,7993,016,IND,1 - 12,Brad Campbell,tba,***,08/25/2026 - 12/08/2026,,,,,,,,,,,,,Independent Study,,Open,0,30,0,0,Detailed study of graduate course material on an independent basis under the guidance of a faculty member.,,
16836,CS,7993,017,IND,1 - 12,Jundong Li,tba,***,08/25/2026 - 12/08/2026,,,,,,,,,,,,,Independent Study,,Open,0,30,0,0,Detailed study of graduate course material on an independent basis under the guidance of a faculty member.,,
16954,CS,7993,018,IND,1 - 12,Afsaneh Doryab,tba,***,08/25/2026 - 12/08/2026,,,,,,,,,,,,,Independent Study,,Open,1,30,0,0,Detailed study of graduate course material on an independent basis under the guidance of a faculty member.,,
16593,CS,7993,019,IND,1 - 12,Madhur Behl,tba,***,08/25/2026 - 12/08/2026,,,,,,,,,,,,,Independent Study,,Open,0,30,0,0,Detailed study of graduate course material on an independent basis under the guidance of a faculty member.,,
16980,CS,7993,020,IND,1 - 12,Judy Fox,tba,***,08/25/2026 - 12/08/2026,,,,,,,,,,,,,Independent Study,,Open,0,30,0,0,Detailed study of graduate course material on an independent basis under the guidance of a faculty member.,,
17254,CS,7993,021,IND,1 - 12,Chang Lou,tba,***,08/25/2026 - 12/08/2026,,,,,,,,,,,,,Independent Study,,Open,0,30,0,0,Detailed study of graduate course material on an independent basis under the guidance of a faculty member.,,No Cost Course Materials
16402,CS,7993,022,IND,1 - 12,Yanjun Qi,tba,***,08/25/2026 - 12/08/2026,,,,,,,,,,,,,Independent Study,,Open,0,30,0,0,Detailed study of graduate course material on an independent basis under the guidance of a faculty member.,,
16542,CS,7993,023,IND,1 - 12,Haiying Shen,tba,***,08/25/2026 - 12/08/2026,,,,,,,,,,,,,Independent Study,,Open,0,30,0,0,Detailed study of graduate course material on an independent basis under the guidance of a faculty member.,,
17315,CS,7993,024,IND,1 - 12,Miaomiao Zhang,tba,***,08/25/2026 - 12/08/2026,,,,,,,,,,,,,Independent Study,,Open,0,30,0,0,Detailed study of graduate course material on an independent basis under the guidance of a faculty member.,,
16670,CS,7993,025,IND,1 - 12,Yangfeng Ji,tba,***,08/25/2026 - 12/08/2026,,,,,,,,,,,,,Independent Study,,Open,1,30,0,0,Detailed study of graduate course material on an independent basis under the guidance of a faculty member.,,
17327,CS,7993,026,IND,1 - 12,Kevin Sullivan,tba,***,08/25/2026 - 12/08/2026,,,,,,,,,,,,,Independent Study,,Open,0,30,0,0,Detailed study of graduate course material on an independent basis under the guidance of a faculty member.,,
16999,CS,7993,027,IND,1 - 12,Felix Lin,tba,***,08/25/2026 - 12/08/2026,,,,,,,,,,,,,Independent Study,,Open,0,30,0,0,Detailed study of graduate course material on an independent basis under the guidance of a faculty member.,,
17257,CS,7993,028,IND,1 - 12,Hyojoon Kim,tba,***,08/25/2026 - 12/08/2026,,,,,,,,,,,,,Independent Study,,Open,0,30,0,0,Detailed study of graduate course material on an independent basis under the guidance of a faculty member.,,
17066,CS,7993,029,IND,1 - 12,Tianhao Wang,tba,***,08/25/2026 - 12/08/2026,,,,,,,,,,,,,Independent Study,,Open,1,30,0,0,Detailed study of graduate course material on an independent basis under the guidance of a faculty member.,,
17084,CS,7993,030,IND,1 - 12,Yue Cheng,tba,***,08/25/2026 - 12/08/2026,,,,,,,,,,,,,Independent Study,,Open,0,30,0,0,Detailed study of graduate course material on an independent basis under the guidance of a faculty member.,,
17100,CS,7993,031,IND,1 - 12,Shangtong Zhang,tba,***,08/25/2026 - 12/08/2026,,,,,,,,,,,,,Independent Study,,Open,0,30,0,0,Detailed study of graduate course material on an independent basis under the guidance of a faculty member.,,
17190,CS,7993,032,IND,1 - 12,Raymond Pettit,tba,***,08/25/2026 - 12/08/2026,,,,,,,,,,,,,Independent Study,,Open,0,30,0,0,Detailed study of graduate course material on an independent basis under the guidance of a faculty member.,,
17196,CS,7993,033,IND,1 - 12,Matthew Dwyer,tba,***,08/25/2026 - 12/08/2026,,,,,,,,,,,,,Independent Study,,Open,2,30,0,0,Detailed study of graduate course material on an independent basis under the guidance of a faculty member.,,
17255,CS,7993,034,IND,1 - 12,Ferdinando Fioretto,tba,***,08/25/2026 - 12/08/2026,,,,,,,,,,,,,Independent Study,,Open,3,30,0,0,Detailed study of graduate course material on an independent basis under the guidance of a faculty member.,,
17256,CS,7993,035,IND,1 - 12,Wei-Kai Lin,tba,***,08/25/2026 - 12/08/2026,,,,,,,,,,,,,Independent Study,,Open,0,30,0,0,Detailed study of graduate course material on an independent basis under the guidance of a faculty member.,,
17703,CS,7993,036,IND,1 - 12,Hadi Daneshmand,tba,***,08/25/2026 - 12/08/2026,,,,,,,,,,,,,Independent Study,,Open,0,30,0,0,Detailed study of graduate course material on an independent basis under the guidance of a faculty member.,,
17725,CS,7993,037,IND,1 - 12,Geoffrey Fox,tba,***,08/25/2026 - 12/08/2026,,,,,,,,,,,,,Independent Study,,Open,0,30,0,0,Detailed study of graduate course material on an independent basis under the guidance of a faculty member.,,
21510,CS,7993,038,IND,1 - 12,Xi Peng,tba,***,08/25/2026 - 12/08/2026,,,,,,,,,,,,,Independent Study,,Open,0,30,0,0,Detailed study of graduate course material on an independent basis under the guidance of a faculty member.,,
22159,CS,7993,039,IND,1 - 12,Wajih Ul Hassan,tba,***,08/25/2026 - 12/08/2026,,,,,,,,,,,,,Independent Study,,Open,1,30,0,0,Detailed study of graduate course material on an independent basis under the guidance of a faculty member.,,
16797,CS,7995,001,IND,3,David Wu,tba,***,08/25/2026 - 12/08/2026,,,,,,,,,,,,,Supervised Project Research,,Open,0,30,0,0,Formal record of student commitment to project research for the Master of Computer Science degree under the guidance of a faculty advisor.,,
16230,CS,7995,002,IND,3,David Evans,tba,***,08/25/2026 - 12/08/2026,,,,,,,,,,,,,Supervised Project Research,,Open,0,30,0,0,Formal record of student commitment to project research for the Master of Computer Science degree under the guidance of a faculty advisor.,,
16744,CS,7995,003,IND,3,Anil Vullikanti,tba,***,08/25/2026 - 12/08/2026,,,,,,,,,,,,,Supervised Project Research,,Open,0,30,0,0,Formal record of student commitment to project research for the Master of Computer Science degree under the guidance of a faculty advisor.,,
16745,CS,7995,004,IND,3,Madhav Marathe,tba,***,08/25/2026 - 12/08/2026,,,,,,,,,,,,,Supervised Project Research,,Open,0,30,0,0,Formal record of student commitment to project research for the Master of Computer Science degree under the guidance of a faculty advisor.,,
16798,CS,7995,005,IND,3,Haifeng Xu,tba,***,08/25/2026 - 12/08/2026,,,,,,,,,,,,,Supervised Project Research,,Open,0,30,0,0,Formal record of student commitment to project research for the Master of Computer Science degree under the guidance of a faculty advisor.,,
17842,CS,7995,006,IND,3,Sandhya Dwarkadas,tba,***,08/25/2026 - 12/08/2026,,,,,,,,,,,,,Supervised Project Research,,Open,0,30,0,0,Formal record of student commitment to project research for the Master of Computer Science degree under the guidance of a faculty advisor.,,
16800,CS,7995,007,IND,3,Sebastian Elbaum,tba,***,08/25/2026 - 12/08/2026,,,,,,,,,,,,,Supervised Project Research,,Open,0,30,0,0,Formal record of student commitment to project research for the Master of Computer Science degree under the guidance of a faculty advisor.,,
16801,CS,7995,008,IND,3,Ashish Venkat,tba,***,08/25/2026 - 12/08/2026,,,,,,,,,,,,,Supervised Project Research,,Open,0,30,0,0,Formal record of student commitment to project research for the Master of Computer Science degree under the guidance of a faculty advisor.,,
16657,CS,7995,009,IND,3,Nada Basit,tba,***,08/25/2026 - 12/08/2026,,,,,,,,,,,,,Supervised Project Research,,Open,0,30,0,0,Formal record of student commitment to project research for the Master of Computer Science degree under the guidance of a faculty advisor.,,No Cost Course Materials
16731,CS,7995,010,IND,3,Aidong Zhang,tba,***,08/25/2026 - 12/08/2026,,,,,,,,,,,,,Supervised Project Research,,Open,0,30,0,0,Formal record of student commitment to project research for the Master of Computer Science degree under the guidance of a faculty advisor.,,
17263,CS,7995,011,IND,3,Hyojoon Kim,tba,***,08/25/2026 - 12/08/2026,,,,,,,,,,,,,Supervised Project Research,,Open,0,30,0,0,Formal record of student commitment to project research for the Master of Computer Science degree under the guidance of a faculty advisor.,,
16819,CS,7995,012,IND,3,Homa Alemzadeh,tba,***,08/25/2026 - 12/08/2026,,,,,,,,,,,,,Supervised Project Research,,Open,0,30,0,0,Formal record of student commitment to project research for the Master of Computer Science degree under the guidance of a faculty advisor.,,
17264,CS,7995,013,IND,3,Chen-Yu Wei,tba,***,08/25/2026 - 12/08/2026,,,,,,,,,,,,,Supervised Project Research,,Open,0,30,0,0,Formal record of student commitment to project research for the Master of Computer Science degree under the guidance of a faculty advisor.,,
17262,CS,7995,014,IND,3,Wei-Kai Lin,tba,***,08/25/2026 - 12/08/2026,,,,,,,,,,,,,Supervised Project Research,,Open,0,30,0,0,Formal record of student commitment to project research for the Master of Computer Science degree under the guidance of a faculty advisor.,,
16955,CS,7995,015,IND,3,Afsaneh Doryab,tba,***,08/25/2026 - 12/08/2026,,,,,,,,,,,,,Supervised Project Research,,Open,0,30,0,0,Formal record of student commitment to project research for the Master of Computer Science degree under the guidance of a faculty advisor.,,
17260,CS,7995,016,IND,3,Chang Lou,tba,***,08/25/2026 - 12/08/2026,,,,,,,,,,,,,Supervised Project Research,,Open,0,30,0,0,Formal record of student commitment to project research for the Master of Computer Science degree under the guidance of a faculty advisor.,,No Cost Course Materials
16314,CS,7995,017,IND,3,Mark Sherriff,tba,***,08/25/2026 - 12/08/2026,,,,,,,,,,,,,Supervised Project Research,,Open,0,30,0,0,Formal record of student commitment to project research for the Master of Computer Science degree under the guidance of a faculty advisor.,,No Cost Course Materials
16413,CS,7995,018,IND,3,Mohammad Mahmoody,tba,***,08/25/2026 - 12/08/2026,,,,,,,,,,,,,Supervised Project Research,,Open,0,30,0,0,Formal record of student commitment to project research for the Master of Computer Science degree under the guidance of a faculty advisor.,,
16594,CS,7995,019,IND,3,Madhur Behl,tba,***,08/25/2026 - 12/08/2026,,,,,,,,,,,,,Supervised Project Research,,Open,0,30,0,0,Formal record of student commitment to project research for the Master of Computer Science degree under the guidance of a faculty advisor.,,
17265,CS,7995,020,IND,3,Yen-Ling Kuo,tba,***,08/25/2026 - 12/08/2026,,,,,,,,,,,,,Supervised Project Research,,Open,0,30,0,0,Formal record of student commitment to project research for the Master of Computer Science degree under the guidance of a faculty advisor.,,
17057,CS,7995,021,IND,3,Kevin Skadron,tba,***,08/25/2026 - 12/08/2026,,,,,,,,,,,,,Supervised Project Research,,Open,0,30,0,0,Formal record of student commitment to project research for the Master of Computer Science degree under the guidance of a faculty advisor.,,
17106,CS,7995,022,IND,3,Miaomiao Zhang,tba,***,08/25/2026 - 12/08/2026,,,,,,,,,,,,,Supervised Project Research,,Open,0,30,0,0,Formal record of student commitment to project research for the Master of Computer Science degree under the guidance of a faculty advisor.,,
17261,CS,7995,023,IND,3,Ferdinando Fioretto,tba,***,08/25/2026 - 12/08/2026,,,,,,,,,,,,,Supervised Project Research,,Open,0,30,0,0,Formal record of student commitment to project research for the Master of Computer Science degree under the guidance of a faculty advisor.,,
17704,CS,7995,024,IND,3,Hadi Daneshmand,tba,***,08/25/2026 - 12/08/2026,,,,,,,,,,,,,Supervised Project Research,,Open,0,30,0,0,Formal record of student commitment to project research for the Master of Computer Science degree under the guidance of a faculty advisor.,,
17735,CS,7995,025,IND,3,Shangtong Zhang,tba,***,08/25/2026 - 12/08/2026,,,,,,,,,,,,,Supervised Project Research,,Open,0,30,0,0,Formal record of student commitment to project research for the Master of Computer Science degree under the guidance of a faculty advisor.,,
22175,CS,7995,026,IND,3,Lu Feng,tba,***,08/25/2026 - 12/08/2026,,,,,,,,,,,,,Supervised Project Research,,Open,1,30,0,0,Formal record of student commitment to project research for the Master of Computer Science degree under the guidance of a faculty advisor.,,
16231,CS,8897,001,IND,1 - 6,Jack Davidson,tba,***,08/25/2026 - 12/08/2026,,,,,,,,,,,,,Graduate Teaching Instruction,,Open,1,30,0,0,For master's students who are teaching assistants.,,
16232,CS,8897,002,IND,1 - 6,David Evans,tba,***,08/25/2026 - 12/08/2026,,,,,,,,,,,,,Graduate Teaching Instruction,,Open,0,30,0,0,For master's students who are teaching assistants.,,
17498,CS,8897,003,IND,1 - 6,Henry Kautz,tba,***,08/25/2026 - 12/08/2026,,,,,,,,,,,,,Graduate Teaching Instruction,,Open,0,30,0,0,For master's students who are teaching assistants.,,
16975,CS,8897,004,IND,1 - 6,Afsaneh Doryab,tba,***,08/25/2026 - 12/08/2026,,,,,,,,,,,,,Graduate Teaching Instruction,,Open,0,30,0,0,For master's students who are teaching assistants.,,
16820,CS,8897,005,IND,1 - 6,Homa Alemzadeh,tba,***,08/25/2026 - 12/08/2026,,,,,,,,,,,,,Graduate Teaching Instruction,,Open,0,30,0,0,For master's students who are teaching assistants.,,
16233,CS,8897,006,IND,1 - 6,Kevin Skadron,tba,***,08/25/2026 - 12/08/2026,,,,,,,,,,,,,Graduate Teaching Instruction,,Open,1,30,0,0,For master's students who are teaching assistants.,,
16732,CS,8897,007,IND,1 - 6,Aidong Zhang,tba,***,08/25/2026 - 12/08/2026,,,,,,,,,,,,,Graduate Teaching Instruction,,Open,0,30,0,0,For master's students who are teaching assistants.,,
16969,CS,8897,008,IND,1 - 6,Yixin Sun,tba,***,08/25/2026 - 12/08/2026,,,,,,,,,,,,,Graduate Teaching Instruction,,Open,1,30,0,0,For master's students who are teaching assistants.,,
16675,CS,8897,009,IND,1 - 6,Robbie Hott,tba,***,08/25/2026 - 12/08/2026,,,,,,,,,,,,,Graduate Teaching Instruction,,Open,0,30,0,0,For master's students who are teaching assistants.,,
16294,CS,8897,010,IND,1 - 6,Aaron Bloomfield,tba,***,08/25/2026 - 12/08/2026,,,,,,,,,,,,,Graduate Teaching Instruction,,Open,0,30,0,0,For master's students who are teaching assistants.,,
16676,CS,8897,011,IND,1 - 6,Rich Nguyen,tba,***,08/25/2026 - 12/08/2026,,,,,,,,,,,,,Graduate Teaching Instruction,,Open,0,30,0,0,For master's students who are teaching assistants.,,
16543,CS,8897,012,IND,1 - 6,Kai-wei Chang,tba,***,08/25/2026 - 12/08/2026,,,,,,,,,,,,,Graduate Teaching Instruction,,Open,0,30,0,0,For master's students who are teaching assistants.,,
17854,CS,8897,013,IND,1 - 6,Zhe Zeng,tba,***,08/25/2026 - 12/08/2026,,,,,,,,,,,,,Graduate Teaching Instruction,,Open,1,30,0,0,For master's students who are teaching assistants.,,
16505,CS,8897,014,IND,1 - 6,Samira Khan,tba,***,08/25/2026 - 12/08/2026,,,,,,,,,,,,,Graduate Teaching Instruction,,Open,0,30,0,0,For master's students who are teaching assistants.,,
16599,CS,8897,015,IND,1 - 6,Brad Campbell,tba,***,08/25/2026 - 12/08/2026,,,,,,,,,,,,,Graduate Teaching Instruction,,Open,0,30,0,0,For master's students who are teaching assistants.,,
17538,CS,8897,016,IND,1 - 6,Arohi Khargonkar,tba,***,08/25/2026 - 12/08/2026,,,,,,,,,,,,,Graduate Teaching Instruction,,Open,0,30,0,0,For master's students who are teaching assistants.,,
16395,CS,8897,017,IND,1 - 6,Nada Basit,tba,***,08/25/2026 - 12/08/2026,,,,,,,,,,,,,Graduate Teaching Instruction,,Open,0,30,0,0,For master's students who are teaching assistants.,,
16677,CS,8897,018,IND,1 - 6,Raymond Pettit,tba,***,08/25/2026 - 12/08/2026,,,,,,,,,,,,,Graduate Teaching Instruction,,Open,0,30,0,0,For master's students who are teaching assistants.,,
17065,CS,8897,019,IND,1 - 6,Tianhao Wang,tba,***,08/25/2026 - 12/08/2026,,,,,,,,,,,,,Graduate Teaching Instruction,,Open,1,30,0,0,For master's students who are teaching assistants.,,
16414,CS,8897,020,IND,1 - 6,Mohammad Mahmoody,tba,***,08/25/2026 - 12/08/2026,,,,,,,,,,,,,Graduate Teaching Instruction,,Open,0,30,0,0,For master's students who are teaching assistants.,,
16296,CS,8897,021,IND,1 - 6,Kevin Sullivan,tba,***,08/25/2026 - 12/08/2026,,,,,,,,,,,,,Graduate Teaching Instruction,,Open,0,30,0,0,For master's students who are teaching assistants.,,
17229,CS,8897,022,IND,1 - 6,Yen-Ling Kuo,tba,***,08/25/2026 - 12/08/2026,,,,,,,,,,,,,Graduate Teaching Instruction,,Open,0,30,0,0,For master's students who are teaching assistants.,,
16595,CS,8897,023,IND,1 - 6,Madhur Behl,tba,***,08/25/2026 - 12/08/2026,,,,,,,,,,,,,Graduate Teaching Instruction,,Open,0,30,0,0,For master's students who are teaching assistants.,,
17863,CS,8897,024,IND,1 - 6,Qizhe Cai,tba,***,08/25/2026 - 12/08/2026,,,,,,,,,,,,,Graduate Teaching Instruction,,Open,1,30,0,0,For master's students who are teaching assistants.,,
16298,CS,8897,025,IND,1 - 6,Mark Sherriff,tba,***,08/25/2026 - 12/08/2026,,,,,,,,,,,,,Graduate Teaching Instruction,,Open,0,30,0,0,For master's students who are teaching assistants.,,
17070,CS,8897,026,IND,1 - 6,Miaomiao Zhang,tba,***,08/25/2026 - 12/08/2026,,,,,,,,,,,,,Graduate Teaching Instruction,,Open,1,30,0,0,For master's students who are teaching assistants.,,
17072,CS,8897,027,IND,1 - 6,Shangtong Zhang,tba,***,08/25/2026 - 12/08/2026,,,,,,,,,,,,,Graduate Teaching Instruction,,Open,0,30,0,0,For master's students who are teaching assistants.,,
17076,CS,8897,028,IND,1 - 6,Felix Lin,tba,***,08/25/2026 - 12/08/2026,,,,,,,,,,,,,Graduate Teaching Instruction,,Open,0,30,0,0,For master's students who are teaching assistants.,,
17247,CS,8897,029,IND,1 - 6,Chang Lou,tba,***,08/25/2026 - 12/08/2026,,,,,,,,,,,,,Graduate Teaching Instruction,,Open,3,30,0,0,For master's students who are teaching assistants.,,
16396,CS,8897,030,IND,1 - 6,Mark Floryan,tba,***,08/25/2026 - 12/08/2026,,,,,,,,,,,,,Graduate Teaching Instruction,,Open,1,30,0,0,For master's students who are teaching assistants.,,
17085,CS,8897,031,IND,1 - 6,Sandhya Dwarkadas,tba,***,08/25/2026 - 12/08/2026,,,,,,,,,,,,,Graduate Teaching Instruction,,Open,0,30,0,0,For master's students who are teaching assistants.,,
16397,CS,8897,032,IND,1 - 6,Yanjun Qi,tba,***,08/25/2026 - 12/08/2026,,,,,,,,,,,,,Graduate Teaching Instruction,,Open,1,30,0,0,For master's students who are teaching assistants.,,
16544,CS,8897,033,IND,1 - 6,Haiying Shen,tba,***,08/25/2026 - 12/08/2026,,,,,,,,,,,,,Graduate Teaching Instruction,,Open,0,30,0,0,For master's students who are teaching assistants.,,
16985,CS,8897,034,IND,1 - 6,Tom Fletcher,tba,***,08/25/2026 - 12/08/2026,,,,,,,,,,,,,Graduate Teaching Instruction,,Open,0,30,0,0,For master's students who are teaching assistants.,,
16545,CS,8897,035,IND,1 - 6,Charles Reiss,tba,***,08/25/2026 - 12/08/2026,,,,,,,,,,,,,Graduate Teaching Instruction,,Open,1,30,0,0,For master's students who are teaching assistants.,,
17094,CS,8897,036,IND,1 - 6,Wajih Ul Hassan,tba,***,08/25/2026 - 12/08/2026,,,,,,,,,,,,,Graduate Teaching Instruction,,Open,0,30,0,0,For master's students who are teaching assistants.,,
17529,CS,8897,037,IND,1 - 6,Briana Morrison,tba,***,08/25/2026 - 12/08/2026,,,,,,,,,,,,,Graduate Teaching Instruction,,Open,1,30,0,0,For master's students who are teaching assistants.,,
17103,CS,8897,038,IND,1 - 6,Geoffrey Fox,tba,***,08/25/2026 - 12/08/2026,,,,,,,,,,,,,Graduate Teaching Instruction,,Open,0,30,0,0,For master's students who are teaching assistants.,,
17278,CS,8897,039,IND,1 - 6,Ferdinando Fioretto,tba,***,08/25/2026 - 12/08/2026,,,,,,,,,,,,,Graduate Teaching Instruction,,Open,1,30,0,0,For master's students who are teaching assistants.,,
16578,CS,8897,040,IND,1 - 6,Lu Feng,tba,***,08/25/2026 - 12/08/2026,,,,,,,,,,,,,Graduate Teaching Instruction,,Open,1,30,0,0,For master's students who are teaching assistants.,,
17279,CS,8897,041,IND,1 - 6,Wei-Kai Lin,tba,***,08/25/2026 - 12/08/2026,,,,,,,,,,,,,Graduate Teaching Instruction,,Open,0,30,0,0,For master's students who are teaching assistants.,,
16611,CS,8897,042,IND,1 - 6,Farzad Hassanzadeh,tba,***,08/25/2026 - 12/08/2026,,,,,,,,,,,,,Graduate Teaching Instruction,,Open,0,30,0,0,For master's students who are teaching assistants.,,
17280,CS,8897,043,IND,1 - 6,Hyojoon Kim,tba,***,08/25/2026 - 12/08/2026,,,,,,,,,,,,,Graduate Teaching Instruction,,Open,0,30,0,0,For master's students who are teaching assistants.,,
16671,CS,8897,044,IND,1 - 6,Matthew Dwyer,tba,***,08/25/2026 - 12/08/2026,,,,,,,,,,,,,Graduate Teaching Instruction,,Open,2,30,0,0,For master's students who are teaching assistants.,,
16672,CS,8897,045,IND,1 - 6,Sebastian Elbaum,tba,***,08/25/2026 - 12/08/2026,,,,,,,,,,,,,Graduate Teaching Instruction,,Open,1,30,0,0,For master's students who are teaching assistants.,,
16673,CS,8897,046,IND,1 - 6,Yangfeng Ji,tba,***,08/25/2026 - 12/08/2026,,,,,,,,,,,,,Graduate Teaching Instruction,,Open,0,30,0,0,For master's students who are teaching assistants.,,
17281,CS,8897,047,IND,1 - 6,Chen-Yu Wei,tba,***,08/25/2026 - 12/08/2026,,,,,,,,,,,,,Graduate Teaching Instruction,,Open,1,30,0,0,For master's students who are teaching assistants.,,
16674,CS,8897,048,IND,1 - 6,Ashish Venkat,tba,***,08/25/2026 - 12/08/2026,,,,,,,,,,,,,Graduate Teaching Instruction,,Open,0,30,0,0,For master's students who are teaching assistants.,,
17453,CS,8897,049,IND,1 - 6,Yu Meng,tba,***,08/25/2026 - 12/08/2026,,,,,,,,,,,,,Graduate Teaching Instruction,,Open,0,30,0,0,For master's students who are teaching assistants.,,
17482,CS,8897,050,IND,1 - 6,Yue Cheng,tba,***,08/25/2026 - 12/08/2026,,,,,,,,,,,,,Graduate Teaching Instruction,,Open,0,30,0,0,For master's students who are teaching assistants.,,
17487,CS,8897,051,IND,1 - 6,Kun Qian,tba,***,08/25/2026 - 12/08/2026,,,,,,,,,,,,,Graduate Teaching Instruction,,Open,1,30,0,0,For master's students who are teaching assistants.,,
17492,CS,8897,052,IND,1 - 6,Adwait Jog,tba,***,08/25/2026 - 12/08/2026,,,,,,,,,,,,,Graduate Teaching Instruction,,Open,0,30,0,0,For master's students who are teaching assistants.,,
17493,CS,8897,053,IND,1 - 6,Zezhou Cheng,tba,***,08/25/2026 - 12/08/2026,,,,,,,,,,,,,Graduate Teaching Instruction,,Open,0,30,0,0,For master's students who are teaching assistants.,,
17494,CS,8897,054,IND,1 - 6,Wenxi Wang,tba,***,08/25/2026 - 12/08/2026,,,,,,,,,,,,,Graduate Teaching Instruction,,Open,0,30,0,0,For master's students who are teaching assistants.,,
17495,CS,8897,055,IND,1 - 6,Rohan Chandra,tba,***,08/25/2026 - 12/08/2026,,,,,,,,,,,,,Graduate Teaching Instruction,,Open,1,30,0,0,For master's students who are teaching assistants.,,
17496,CS,8897,056,IND,1 - 6,Chen Chen,tba,***,08/25/2026 - 12/08/2026,,,,,,,,,,,,,Graduate Teaching Instruction,,Open,0,30,0,0,For master's students who are teaching assistants.,,
17497,CS,8897,057,IND,1 - 6,Matheus Xavier Ferreira,tba,***,08/25/2026 - 12/08/2026,,,,,,,,,,,,,Graduate Teaching Instruction,,Open,1,30,0,0,For master's students who are teaching assistants.,,
17789,CS,8897,058,IND,1 - 6,Jack Doerner,tba,***,08/25/2026 - 12/08/2026,,,,,,,,,,,,,Graduate Teaching Instruction,,Open,1,30,0,0,For master's students who are teaching assistants.,,
17819,CS,8897,059,IND,1 - 6,Sarah Elder,tba,***,08/25/2026 - 12/08/2026,,,,,,,,,,,,,Graduate Teaching Instruction,,Open,0,30,0,0,For master's students who are teaching assistants.,,
17826,CS,8897,060,IND,1 - 6,Upsorn Praphamontripong,tba,***,08/25/2026 - 12/08/2026,,,,,,,,,,,,,Graduate Teaching Instruction,,Open,1,30,0,0,For master's students who are teaching assistants.,,
21513,CS,8897,061,IND,1 - 6,Xi Peng,tba,***,08/25/2026 - 12/08/2026,,,,,,,,,,,,,Graduate Teaching Instruction,,Open,1,30,0,0,For master's students who are teaching assistants.,,
17077,CS,8999,001,IND,1 - 12,Tariq Iqbal,tba,***,08/25/2026 - 12/08/2026,,,,,,,,,,,,,Thesis,,Open,0,30,0,0,Formal record of student commitment to thesis research for the Master of Science degree under the guidance of a faculty advisor. May be repeated as necessary.,,
17081,CS,8999,002,IND,1 - 12,Yue Cheng,tba,***,08/25/2026 - 12/08/2026,,,,,,,,,,,,,Thesis,,Open,2,30,0,0,Formal record of student commitment to thesis research for the Master of Science degree under the guidance of a faculty advisor. May be repeated as necessary.,,
16220,CS,8999,003,IND,1 - 12,Jack Davidson,tba,***,08/25/2026 - 12/08/2026,,,,,,,,,,,,,Thesis,,Open,1,30,0,0,Formal record of student commitment to thesis research for the Master of Science degree under the guidance of a faculty advisor. May be repeated as necessary.,,
16221,CS,8999,004,IND,1 - 12,David Evans,tba,***,08/25/2026 - 12/08/2026,,,,,,,,,,,,,Thesis,,Open,1,30,0,0,Formal record of student commitment to thesis research for the Master of Science degree under the guidance of a faculty advisor. May be repeated as necessary.,,
17213,CS,8999,005,IND,1 - 12,Chen-Yu Wei,tba,***,08/25/2026 - 12/08/2026,,,,,,,,,,,,,Thesis,,Open,1,30,0,0,Formal record of student commitment to thesis research for the Master of Science degree under the guidance of a faculty advisor. May be repeated as necessary.,,
16961,CS,8999,006,IND,1 - 12,Afsaneh Doryab,tba,***,08/25/2026 - 12/08/2026,,,,,,,,,,,,,Thesis,,Open,0,30,0,0,Formal record of student commitment to thesis research for the Master of Science degree under the guidance of a faculty advisor. May be repeated as necessary.,,
17215,CS,8999,007,IND,1 - 12,Adwait Jog,tba,***,08/25/2026 - 12/08/2026,,,,,,,,,,,,,Thesis,,Open,1,30,0,0,Formal record of student commitment to thesis research for the Master of Science degree under the guidance of a faculty advisor. May be repeated as necessary.,,
16418,CS,8999,008,IND,1 - 12,Yanjun Qi,tba,***,08/25/2026 - 12/08/2026,,,,,,,,,,,,,Thesis,,Open,1,30,0,0,Formal record of student commitment to thesis research for the Master of Science degree under the guidance of a faculty advisor. May be repeated as necessary.,,
17785,CS,8999,009,IND,1 - 12,Zhe Zeng,tba,***,08/25/2026 - 12/08/2026,,,,,,,,,,,,,Thesis,,Open,3,30,0,0,Formal record of student commitment to thesis research for the Master of Science degree under the guidance of a faculty advisor. May be repeated as necessary.,,
16971,CS,8999,010,IND,1 - 12,Yixin Sun,tba,***,08/25/2026 - 12/08/2026,,,,,,,,,,,,,Thesis,,Open,2,30,0,0,Formal record of student commitment to thesis research for the Master of Science degree under the guidance of a faculty advisor. May be repeated as necessary.,,
16315,CS,8999,011,IND,1 - 12,Mark Sherriff,tba,***,08/25/2026 - 12/08/2026,,,,,,,,,,,,,Thesis,,Open,0,30,0,0,Formal record of student commitment to thesis research for the Master of Science degree under the guidance of a faculty advisor. May be repeated as necessary.,,
16600,CS,8999,012,IND,1 - 12,Brad Campbell,tba,***,08/25/2026 - 12/08/2026,,,,,,,,,,,,,Thesis,,Open,0,30,0,0,Formal record of student commitment to thesis research for the Master of Science degree under the guidance of a faculty advisor. May be repeated as necessary.,,
17216,CS,8999,013,IND,1 - 12,Tianhao Wang,tba,***,08/25/2026 - 12/08/2026,,,,,,,,,,,,,Thesis,,Open,2,30,0,0,Formal record of student commitment to thesis research for the Master of Science degree under the guidance of a faculty advisor. May be repeated as necessary.,,
17446,CS,8999,014,IND,1 - 12,Chen Chen,tba,***,08/25/2026 - 12/08/2026,,,,,,,,,,,,,Thesis,,Open,4,30,0,0,Formal record of student commitment to thesis research for the Master of Science degree under the guidance of a faculty advisor. May be repeated as necessary.,,
16415,CS,8999,015,IND,1 - 12,Mohammad Mahmoody,tba,***,08/25/2026 - 12/08/2026,,,,,,,,,,,,,Thesis,,Open,0,30,0,0,Formal record of student commitment to thesis research for the Master of Science degree under the guidance of a faculty advisor. May be repeated as necessary.,,
17217,CS,8999,016,IND,1 - 12,Ferdinando Fioretto,tba,***,08/25/2026 - 12/08/2026,,,,,,,,,,,,,Thesis,,Open,10,30,0,0,Formal record of student commitment to thesis research for the Master of Science degree under the guidance of a faculty advisor. May be repeated as necessary.,,
17218,CS,8999,017,IND,1 - 12,Hyojoon Kim,tba,***,08/25/2026 - 12/08/2026,,,,,,,,,,,,,Thesis,,Open,3,30,0,0,Formal record of student commitment to thesis research for the Master of Science degree under the guidance of a faculty advisor. May be repeated as necessary.,,
16223,CS,8999,018,IND,1 - 12,Kevin Skadron,tba,***,08/25/2026 - 12/08/2026,,,,,,,,,,,,,Thesis,,Open,2,30,0,0,Formal record of student commitment to thesis research for the Master of Science degree under the guidance of a faculty advisor. May be repeated as necessary.,,
16981,CS,8999,019,IND,1 - 12,Judy Fox,tba,***,08/25/2026 - 12/08/2026,,,,,,,,,,,,,Thesis,,Open,0,30,0,0,Formal record of student commitment to thesis research for the Master of Science degree under the guidance of a faculty advisor. May be repeated as necessary.,,
16902,CS,8999,020,IND,1 - 12,Miaomiao Zhang,tba,***,08/25/2026 - 12/08/2026,,,,,,,,,,,,,Thesis,,Open,2,30,0,0,Formal record of student commitment to thesis research for the Master of Science degree under the guidance of a faculty advisor. May be repeated as necessary.,,
16982,CS,8999,021,IND,1 - 12,Felix Lin,tba,***,08/25/2026 - 12/08/2026,,,,,,,,,,,,,Thesis,,Open,1,30,0,0,Formal record of student commitment to thesis research for the Master of Science degree under the guidance of a faculty advisor. May be repeated as necessary.,,
16224,CS,8999,022,IND,1 - 12,Kevin Sullivan,tba,***,08/25/2026 - 12/08/2026,,,,,,,,,,,,,Thesis,,Open,0,30,0,0,Formal record of student commitment to thesis research for the Master of Science degree under the guidance of a faculty advisor. May be repeated as necessary.,,
16983,CS,8999,023,IND,1 - 12,Tom Fletcher,tba,***,08/25/2026 - 12/08/2026,,,,,,,,,,,,,Thesis,,Open,1,30,0,0,Formal record of student commitment to thesis research for the Master of Science degree under the guidance of a faculty advisor. May be repeated as necessary.,,
16596,CS,8999,024,IND,1 - 12,Madhur Behl,tba,***,08/25/2026 - 12/08/2026,,,,,,,,,,,,,Thesis,,Open,0,30,0,0,Formal record of student commitment to thesis research for the Master of Science degree under the guidance of a faculty advisor. May be repeated as necessary.,,
16316,CS,8999,025,IND,1 - 12,Aaron Bloomfield,tba,***,08/25/2026 - 12/08/2026,,,,,,,,,,,,,Thesis,,Open,0,30,0,0,Formal record of student commitment to thesis research for the Master of Science degree under the guidance of a faculty advisor. May be repeated as necessary.,,
16506,CS,8999,026,IND,1 - 12,Samira Khan,tba,***,08/25/2026 - 12/08/2026,,,,,,,,,,,,,Thesis,,Open,0,30,0,0,Formal record of student commitment to thesis research for the Master of Science degree under the guidance of a faculty advisor. May be repeated as necessary.,,
16548,CS,8999,027,IND,1 - 12,Kai-wei Chang,tba,***,08/25/2026 - 12/08/2026,,,,,,,,,,,,,Thesis,,Open,0,30,0,0,Formal record of student commitment to thesis research for the Master of Science degree under the guidance of a faculty advisor. May be repeated as necessary.,,
16549,CS,8999,028,IND,1 - 12,Haiying Shen,tba,***,08/25/2026 - 12/08/2026,,,,,,,,,,,,,Thesis,,Open,1,30,0,0,Formal record of student commitment to thesis research for the Master of Science degree under the guidance of a faculty advisor. May be repeated as necessary.,,
16990,CS,8999,029,IND,1 - 12,Rich Nguyen,tba,***,08/25/2026 - 12/08/2026,,,,,,,,,,,,,Thesis,,Open,0,30,0,0,Formal record of student commitment to thesis research for the Master of Science degree under the guidance of a faculty advisor. May be repeated as necessary.,,
16550,CS,8999,030,IND,1 - 12,Charles Reiss,tba,***,08/25/2026 - 12/08/2026,,,,,,,,,,,,,Thesis,,Open,0,30,0,0,Formal record of student commitment to thesis research for the Master of Science degree under the guidance of a faculty advisor. May be repeated as necessary.,,
17219,CS,8999,031,IND,1 - 12,Wei-Kai Lin,tba,***,08/25/2026 - 12/08/2026,,,,,,,,,,,,,Thesis,,Open,3,30,0,0,Formal record of student commitment to thesis research for the Master of Science degree under the guidance of a faculty advisor. May be repeated as necessary.,,
16579,CS,8999,032,IND,1 - 12,Lu Feng,tba,***,08/25/2026 - 12/08/2026,,,,,,,,,,,,,Thesis,,Open,1,30,0,0,Formal record of student commitment to thesis research for the Master of Science degree under the guidance of a faculty advisor. May be repeated as necessary.,,
17220,CS,8999,033,IND,1 - 12,Chang Lou,tba,***,08/25/2026 - 12/08/2026,,,,,,,,,,,,,Thesis,,Open,3,30,0,0,Formal record of student commitment to thesis research for the Master of Science degree under the guidance of a faculty advisor. May be repeated as necessary.,,
16612,CS,8999,034,IND,1 - 12,Farzad Hassanzadeh,tba,***,08/25/2026 - 12/08/2026,,,,,,,,,,,,,Thesis,,Open,0,30,0,0,Formal record of student commitment to thesis research for the Master of Science degree under the guidance of a faculty advisor. May be repeated as necessary.,,
17221,CS,8999,035,IND,1 - 12,Yen-Ling Kuo,tba,***,08/25/2026 - 12/08/2026,,,,,,,,,,,,,Thesis,,Open,8,30,0,0,Formal record of student commitment to thesis research for the Master of Science degree under the guidance of a faculty advisor. May be repeated as necessary.,,
16667,CS,8999,036,IND,1 - 12,Homa Alemzadeh,tba,***,08/25/2026 - 12/08/2026,,,,,,,,,,,,,Thesis,,Open,0,30,0,0,Formal record of student commitment to thesis research for the Master of Science degree under the guidance of a faculty advisor. May be repeated as necessary.,,
17447,CS,8999,037,IND,1 - 12,Yu Meng,tba,***,08/25/2026 - 12/08/2026,,,,,,,,,,,,,Thesis,,Open,2,30,0,0,Formal record of student commitment to thesis research for the Master of Science degree under the guidance of a faculty advisor. May be repeated as necessary.,,
17490,CS,8999,038,IND,1 - 12,Zezhou Cheng,tba,***,08/25/2026 - 12/08/2026,,,,,,,,,,,,,Thesis,,Open,5,30,0,0,Formal record of student commitment to thesis research for the Master of Science degree under the guidance of a faculty advisor. May be repeated as necessary.,,
17505,CS,8999,039,IND,1 - 12,Wenxi Wang,tba,***,08/25/2026 - 12/08/2026,,,,,,,,,,,,,Thesis,,Open,4,30,0,0,Formal record of student commitment to thesis research for the Master of Science degree under the guidance of a faculty advisor. May be repeated as necessary.,,
16678,CS,8999,040,IND,1 - 12,Matthew Dwyer,tba,***,08/25/2026 - 12/08/2026,,,,,,,,,,,,,Thesis,,Open,3,30,0,0,Formal record of student commitment to thesis research for the Master of Science degree under the guidance of a faculty advisor. May be repeated as necessary.,,
16679,CS,8999,041,IND,1 - 12,Sebastian Elbaum,tba,***,08/25/2026 - 12/08/2026,,,,,,,,,,,,,Thesis,,Open,5,30,0,0,Formal record of student commitment to thesis research for the Master of Science degree under the guidance of a faculty advisor. May be repeated as necessary.,,
16680,CS,8999,042,IND,1 - 12,Yangfeng Ji,tba,***,08/25/2026 - 12/08/2026,,,,,,,,,,,,,Thesis,,Open,4,30,0,0,Formal record of student commitment to thesis research for the Master of Science degree under the guidance of a faculty advisor. May be repeated as necessary.,,
16681,CS,8999,043,IND,1 - 12,Yonghwi Kwon,tba,***,08/25/2026 - 12/08/2026,,,,,,,,,,,,,Thesis,,Open,0,30,0,0,Formal record of student commitment to thesis research for the Master of Science degree under the guidance of a faculty advisor. May be repeated as necessary.,,
16733,CS,8999,044,IND,1 - 12,Aidong Zhang,tba,***,08/25/2026 - 12/08/2026,,,,,,,,,,,,,Thesis,,Open,5,30,0,0,Formal record of student commitment to thesis research for the Master of Science degree under the guidance of a faculty advisor. May be repeated as necessary.,,
16746,CS,8999,045,IND,1 - 12,Anil Vullikanti,tba,***,08/25/2026 - 12/08/2026,,,,,,,,,,,,,Thesis,,Open,2,30,0,0,Formal record of student commitment to thesis research for the Master of Science degree under the guidance of a faculty advisor. May be repeated as necessary.,,
16747,CS,8999,046,IND,1 - 12,Madhav Marathe,tba,***,08/25/2026 - 12/08/2026,,,,,,,,,,,,,Thesis,,Open,1,30,0,0,Formal record of student commitment to thesis research for the Master of Science degree under the guidance of a faculty advisor. May be repeated as necessary.,,
17506,CS,8999,047,IND,1 - 12,Rohan Chandra,tba,***,08/25/2026 - 12/08/2026,,,,,,,,,,,,,Thesis,,Open,3,30,0,0,Formal record of student commitment to thesis research for the Master of Science degree under the guidance of a faculty advisor. May be repeated as necessary.,,
17507,CS,8999,048,IND,1 - 12,Henry Kautz,tba,***,08/25/2026 - 12/08/2026,,,,,,,,,,,,,Thesis,,Open,1,30,0,0,Formal record of student commitment to thesis research for the Master of Science degree under the guidance of a faculty advisor. May be repeated as necessary.,,
17508,CS,8999,049,IND,1 - 12,Matheus Xavier Ferreira,tba,***,08/25/2026 - 12/08/2026,,,,,,,,,,,,,Thesis,,Open,3,30,0,0,Formal record of student commitment to thesis research for the Master of Science degree under the guidance of a faculty advisor. May be repeated as necessary.,,
17787,CS,8999,050,IND,1 - 12,Qizhe Cai,tba,***,08/25/2026 - 12/08/2026,,,,,,,,,,,,,Thesis,,Open,3,30,0,0,Formal record of student commitment to thesis research for the Master of Science degree under the guidance of a faculty advisor. May be repeated as necessary.,,
16803,CS,8999,051,IND,1 - 12,Ashish Venkat,tba,***,08/25/2026 - 12/08/2026,,,,,,,,,,,,,Thesis,,Open,2,30,0,0,Formal record of student commitment to thesis research for the Master of Science degree under the guidance of a faculty advisor. May be repeated as necessary.,,
16844,CS,8999,052,IND,1 - 12,Jundong Li,tba,***,08/25/2026 - 12/08/2026,,,,,,,,,,,,,Thesis,,Open,2,30,0,0,Formal record of student commitment to thesis research for the Master of Science degree under the guidance of a faculty advisor. May be repeated as necessary.,,
17074,CS,8999,053,IND,1 - 12,Shangtong Zhang,tba,***,08/25/2026 - 12/08/2026,,,,,,,,,,,,,Thesis,,Open,3,30,0,0,Formal record of student commitment to thesis research for the Master of Science degree under the guidance of a faculty advisor. May be repeated as necessary.,,
17052,CS,8999,054,IND,1 - 12,Wajih Ul Hassan,tba,***,08/25/2026 - 12/08/2026,,,,,,,,,,,,,Thesis,,Open,5,30,0,0,Formal record of student commitment to thesis research for the Master of Science degree under the guidance of a faculty advisor. May be repeated as necessary.,,
17063,CS,8999,055,IND,1 - 12,Sandhya Dwarkadas,tba,***,08/25/2026 - 12/08/2026,,,,,,,,,,,,,Thesis,,Open,2,30,0,0,Formal record of student commitment to thesis research for the Master of Science degree under the guidance of a faculty advisor. May be repeated as necessary.,,
17069,CS,8999,056,IND,1 - 12,Geoffrey Fox,tba,***,08/25/2026 - 12/08/2026,,,,,,,,,,,,,Thesis,,Open,2,30,0,0,Formal record of student commitment to thesis research for the Master of Science degree under the guidance of a faculty advisor. May be repeated as necessary.,,
17701,CS,8999,057,IND,1 - 12,Hadi Daneshmand,tba,***,08/25/2026 - 12/08/2026,,,,,,,,,,,,,Thesis,,Open,2,30,0,0,Formal record of student commitment to thesis research for the Master of Science degree under the guidance of a faculty advisor. May be repeated as necessary.,,
17728,CS,8999,058,IND,1 - 12,Kun Qian,tba,***,08/25/2026 - 12/08/2026,,,,,,,,,,,,,Thesis,,Open,4,30,0,0,Formal record of student commitment to thesis research for the Master of Science degree under the guidance of a faculty advisor. May be repeated as necessary.,,
20976,CS,8999,059,IND,1 - 12,Subigya Nepal,tba,***,08/25/2026 - 12/08/2026,,,,,,,,,,,,,Thesis,,Open,3,30,0,0,Formal record of student commitment to thesis research for the Master of Science degree under the guidance of a faculty advisor. May be repeated as necessary.,,
21511,CS,8999,060,IND,1 - 12,Xi Peng,tba,***,08/25/2026 - 12/08/2026,,,,,,,,,,,,,Thesis,,Open,2,30,0,0,Formal record of student commitment to thesis research for the Master of Science degree under the guidance of a faculty advisor. May be repeated as necessary.,,
22093,CS,8999,061,IND,1 - 12,Nicola Bezzo,tba,***,08/25/2026 - 12/08/2026,,,,,,,,,,,,,Thesis,,Open,1,30,0,0,Formal record of student commitment to thesis research for the Master of Science degree under the guidance of a faculty advisor. May be repeated as necessary.,,
16332,CS,9897,001,IND,1 - 6,Aaron Bloomfield,tba,***,08/25/2026 - 12/08/2026,,,,,,,,,,,,,Graduate Teaching Instruction,,Open,0,30,0,0,For doctoral students who are teaching assistants.,,
17093,CS,9897,002,IND,1 - 6,Shangtong Zhang,tba,***,08/25/2026 - 12/08/2026,,,,,,,,,,,,,Graduate Teaching Instruction,,Open,2,30,0,0,For doctoral students who are teaching assistants.,,
16986,CS,9897,003,IND,1 - 6,Tom Fletcher,tba,***,08/25/2026 - 12/08/2026,,,,,,,,,,,,,Graduate Teaching Instruction,,Open,0,30,0,0,For doctoral students who are teaching assistants.,,
16333,CS,9897,004,IND,1 - 6,Jack Davidson,tba,***,08/25/2026 - 12/08/2026,,,,,,,,,,,,,Graduate Teaching Instruction,,Open,0,30,0,0,For doctoral students who are teaching assistants.,,
16334,CS,9897,005,IND,1 - 6,David Evans,tba,***,08/25/2026 - 12/08/2026,,,,,,,,,,,,,Graduate Teaching Instruction,,Open,0,30,0,0,For doctoral students who are teaching assistants.,,
17104,CS,9897,006,IND,1 - 6,Wajih Ul Hassan,tba,***,08/25/2026 - 12/08/2026,,,,,,,,,,,,,Graduate Teaching Instruction,,Open,1,30,0,0,For doctoral students who are teaching assistants.,,
17276,CS,9897,007,IND,1 - 6,Chen-Yu Wei,tba,***,08/25/2026 - 12/08/2026,,,,,,,,,,,,,Graduate Teaching Instruction,,Open,0,30,0,0,For doctoral students who are teaching assistants.,,
17843,CS,9897,008,IND,1 - 6,Subigya Nepal,tba,***,08/25/2026 - 12/08/2026,,,,,,,,,,,,,Graduate Teaching Instruction,,Open,1,30,0,0,For doctoral students who are teaching assistants.,,
17226,CS,9897,009,IND,1 - 6,Adwait Jog,tba,***,08/25/2026 - 12/08/2026,,,,,,,,,,,,,Graduate Teaching Instruction,,Open,2,30,0,0,For doctoral students who are teaching assistants.,,
16601,CS,9897,010,IND,1 - 6,Brad Campbell,tba,***,08/25/2026 - 12/08/2026,,,,,,,,,,,,,Graduate Teaching Instruction,,Open,0,30,0,0,For doctoral students who are teaching assistants.,,
16490,CS,9897,011,IND,1 - 6,Mark Floryan,tba,***,08/25/2026 - 12/08/2026,,,,,,,,,,,,,Graduate Teaching Instruction,,Open,0,30,0,0,For doctoral students who are teaching assistants.,,
17503,CS,9897,012,IND,1 - 6,Matheus Xavier Ferreira,tba,***,08/25/2026 - 12/08/2026,,,,,,,,,,,,,Graduate Teaching Instruction,,Open,0,30,0,0,For doctoral students who are teaching assistants.,,
16419,CS,9897,013,IND,1 - 6,Yanjun Qi,tba,***,08/25/2026 - 12/08/2026,,,,,,,,,,,,,Graduate Teaching Instruction,,Open,2,30,0,0,For doctoral students who are teaching assistants.,,
17277,CS,9897,014,IND,1 - 6,Yen-Ling Kuo,tba,***,08/25/2026 - 12/08/2026,,,,,,,,,,,,,Graduate Teaching Instruction,,Open,0,30,0,0,For doctoral students who are teaching assistants.,,
16336,CS,9897,015,IND,1 - 6,Mark Sherriff,tba,***,08/25/2026 - 12/08/2026,,,,,,,,,,,,,Graduate Teaching Instruction,,Open,2,30,0,0,For doctoral students who are teaching assistants.,,
16337,CS,9897,016,IND,1 - 6,Kevin Skadron,tba,***,08/25/2026 - 12/08/2026,,,,,,,,,,,,,Graduate Teaching Instruction,,Open,0,30,0,0,For doctoral students who are teaching assistants.,,
17230,CS,9897,017,IND,1 - 6,Yen-Ling Kuo,tba,***,08/25/2026 - 12/08/2026,,,,,,,,,,,,,Graduate Teaching Instruction,,Open,1,30,0,0,For doctoral students who are teaching assistants.,,
16416,CS,9897,018,IND,1 - 6,Mohammad Mahmoody,tba,***,08/25/2026 - 12/08/2026,,,,,,,,,,,,,Graduate Teaching Instruction,,Open,0,30,0,0,For doctoral students who are teaching assistants.,,
17272,CS,9897,019,IND,1 - 6,Chang Lou,tba,***,08/25/2026 - 12/08/2026,,,,,,,,,,,,,Graduate Teaching Instruction,,Open,0,30,0,0,For doctoral students who are teaching assistants.,,
16338,CS,9897,020,IND,1 - 6,Kevin Sullivan,tba,***,08/25/2026 - 12/08/2026,,,,,,,,,,,,,Graduate Teaching Instruction,,Open,0,30,0,0,For doctoral students who are teaching assistants.,,
17273,CS,9897,021,IND,1 - 6,Ferdinando Fioretto,tba,***,08/25/2026 - 12/08/2026,,,,,,,,,,,,,Graduate Teaching Instruction,,Open,1,30,0,0,For doctoral students who are teaching assistants.,,
16597,CS,9897,022,IND,1 - 6,Madhur Behl,tba,***,08/25/2026 - 12/08/2026,,,,,,,,,,,,,Graduate Teaching Instruction,,Open,0,30,0,0,For doctoral students who are teaching assistants.,,
17274,CS,9897,023,IND,1 - 6,Wei-Kai Lin,tba,***,08/25/2026 - 12/08/2026,,,,,,,,,,,,,Graduate Teaching Instruction,,Open,0,30,0,0,For doctoral students who are teaching assistants.,,
16734,CS,9897,024,IND,1 - 6,Aidong Zhang,tba,***,08/25/2026 - 12/08/2026,,,,,,,,,,,,,Graduate Teaching Instruction,,Open,1,30,0,0,For doctoral students who are teaching assistants.,,
16507,CS,9897,025,IND,1 - 6,Samira Khan,tba,***,08/25/2026 - 12/08/2026,,,,,,,,,,,,,Graduate Teaching Instruction,,Open,0,30,0,0,For doctoral students who are teaching assistants.,,
16551,CS,9897,026,IND,1 - 6,Kai-wei Chang,tba,***,08/25/2026 - 12/08/2026,,,,,,,,,,,,,Graduate Teaching Instruction,,Open,0,30,0,0,For doctoral students who are teaching assistants.,,
16552,CS,9897,027,IND,1 - 6,Haiying Shen,tba,***,08/25/2026 - 12/08/2026,,,,,,,,,,,,,Graduate Teaching Instruction,,Open,1,30,0,0,For doctoral students who are teaching assistants.,,
17275,CS,9897,028,IND,1 - 6,Hyojoon Kim,tba,***,08/25/2026 - 12/08/2026,,,,,,,,,,,,,Graduate Teaching Instruction,,Open,0,30,0,0,For doctoral students who are teaching assistants.,,
16553,CS,9897,029,IND,1 - 6,Charles Reiss,tba,***,08/25/2026 - 12/08/2026,,,,,,,,,,,,,Graduate Teaching Instruction,,Open,1,30,0,0,For doctoral students who are teaching assistants.,,
17849,CS,9897,030,IND,1 - 6,Felix Lin,tba,***,08/25/2026 - 12/08/2026,,,,,,,,,,,,,Graduate Teaching Instruction,,Open,0,30,0,0,For doctoral students who are teaching assistants.,,
17504,CS,9897,031,IND,1 - 6,Henry Kautz,tba,***,08/25/2026 - 12/08/2026,,,,,,,,,,,,,Graduate Teaching Instruction,,Open,0,30,0,0,For doctoral students who are teaching assistants.,,
16821,CS,9897,032,IND,1 - 6,Homa Alemzadeh,tba,***,08/25/2026 - 12/08/2026,,,,,,,,,,,,,Graduate Teaching Instruction,,Open,0,30,0,0,For doctoral students who are teaching assistants.,,
16976,CS,9897,033,IND,1 - 6,Afsaneh Doryab,tba,***,08/25/2026 - 12/08/2026,,,,,,,,,,,,,Graduate Teaching Instruction,,Open,0,30,0,0,For doctoral students who are teaching assistants.,,
16580,CS,9897,034,IND,1 - 6,Lu Feng,tba,***,08/25/2026 - 12/08/2026,,,,,,,,,,,,,Graduate Teaching Instruction,,Open,1,30,0,0,For doctoral students who are teaching assistants.,,
16687,CS,9897,035,IND,1 - 6,Rich Nguyen,tba,***,08/25/2026 - 12/08/2026,,,,,,,,,,,,,Graduate Teaching Instruction,,Open,0,30,0,0,For doctoral students who are teaching assistants.,,
16613,CS,9897,036,IND,1 - 6,Farzad Hassanzadeh,tba,***,08/25/2026 - 12/08/2026,,,,,,,,,,,,,Graduate Teaching Instruction,,Open,0,30,0,0,For doctoral students who are teaching assistants.,,
16688,CS,9897,037,IND,1 - 6,Raymond Pettit,tba,***,08/25/2026 - 12/08/2026,,,,,,,,,,,,,Graduate Teaching Instruction,,Open,0,30,0,0,For doctoral students who are teaching assistants.,,
16682,CS,9897,038,IND,1 - 6,Matthew Dwyer,tba,***,08/25/2026 - 12/08/2026,,,,,,,,,,,,,Graduate Teaching Instruction,,Open,0,30,0,0,For doctoral students who are teaching assistants.,,
16683,CS,9897,039,IND,1 - 6,Sebastian Elbaum,tba,***,08/25/2026 - 12/08/2026,,,,,,,,,,,,,Graduate Teaching Instruction,,Open,0,30,0,0,For doctoral students who are teaching assistants.,,
16684,CS,9897,040,IND,1 - 6,Yangfeng Ji,tba,***,08/25/2026 - 12/08/2026,,,,,,,,,,,,,Graduate Teaching Instruction,,Open,2,30,0,0,For doctoral students who are teaching assistants.,,
16686,CS,9897,041,IND,1 - 6,Robbie Hott,tba,***,08/25/2026 - 12/08/2026,,,,,,,,,,,,,Graduate Teaching Instruction,,Open,0,30,0,0,For doctoral students who are teaching assistants.,,
16685,CS,9897,042,IND,1 - 6,Ashish Venkat,tba,***,08/25/2026 - 12/08/2026,,,,,,,,,,,,,Graduate Teaching Instruction,,Open,0,30,0,0,For doctoral students who are teaching assistants.,,
17502,CS,9897,043,IND,1 - 6,Chen Chen,tba,***,08/25/2026 - 12/08/2026,,,,,,,,,,,,,Graduate Teaching Instruction,,Open,1,30,0,0,For doctoral students who are teaching assistants.,,
17452,CS,9897,044,IND,1 - 6,Yixin Sun,tba,***,08/25/2026 - 12/08/2026,,,,,,,,,,,,,Graduate Teaching Instruction,,Open,0,30,0,0,For doctoral students who are teaching assistants.,,
17454,CS,9897,045,IND,1 - 6,Yu Meng,tba,***,08/25/2026 - 12/08/2026,,,,,,,,,,,,,Graduate Teaching Instruction,,Open,0,30,0,0,For doctoral students who are teaching assistants.,,
17479,CS,9897,046,IND,1 - 6,Yue Cheng,tba,***,08/25/2026 - 12/08/2026,,,,,,,,,,,,,Graduate Teaching Instruction,,Open,1,30,0,0,For doctoral students who are teaching assistants.,,
17488,CS,9897,047,IND,1 - 6,Kun Qian,tba,***,08/25/2026 - 12/08/2026,,,,,,,,,,,,,Graduate Teaching Instruction,,Open,0,30,0,0,For doctoral students who are teaching assistants.,,
17499,CS,9897,048,IND,1 - 6,Zezhou Cheng,tba,***,08/25/2026 - 12/08/2026,,,,,,,,,,,,,Graduate Teaching Instruction,,Open,1,30,0,0,For doctoral students who are teaching assistants.,,
17500,CS,9897,049,IND,1 - 6,Wenxi Wang,tba,***,08/25/2026 - 12/08/2026,,,,,,,,,,,,,Graduate Teaching Instruction,,Open,2,30,0,0,For doctoral students who are teaching assistants.,,
17501,CS,9897,050,IND,1 - 6,Rohan Chandra,tba,***,08/25/2026 - 12/08/2026,,,,,,,,,,,,,Graduate Teaching Instruction,,Open,1,30,0,0,For doctoral students who are teaching assistants.,,
17747,CS,9897,051,IND,1 - 6,Hadi Daneshmand,tba,***,08/25/2026 - 12/08/2026,,,,,,,,,,,,,Graduate Teaching Instruction,,Open,0,30,0,0,For doctoral students who are teaching assistants.,,
17798,CS,9897,052,IND,1 - 6,Miaomiao Zhang,tba,***,08/25/2026 - 12/08/2026,,,,,,,,,,,,,Graduate Teaching Instruction,,Open,0,30,0,0,For doctoral students who are teaching assistants.,,
17807,CS,9897,053,IND,1 - 6,Briana Morrison,tba,***,08/25/2026 - 12/08/2026,,,,,,,,,,,,,Graduate Teaching Instruction,,Open,0,30,0,0,For doctoral students who are teaching assistants.,,
17820,CS,9897,054,IND,1 - 6,Sarah Elder,tba,***,08/25/2026 - 12/08/2026,,,,,,,,,,,,,Graduate Teaching Instruction,,Open,0,30,0,0,For doctoral students who are teaching assistants.,,
21514,CS,9897,055,IND,1 - 6,Xi Peng,tba,***,08/25/2026 - 12/08/2026,,,,,,,,,,,,,Graduate Teaching Instruction,,Open,0,30,0,0,For doctoral students who are teaching assistants.,,
21809,CS,9897,056,IND,1 - 6,Sandhya Dwarkadas,tba,***,08/25/2026 - 12/08/2026,,,,,,,,,,,,,Graduate Teaching Instruction,,Open,2,30,0,0,For doctoral students who are teaching assistants.,,
16210,CS,9999,001,IND,1 - 12,Kevin Skadron,tba,***,08/25/2026 - 12/08/2026,,,,,,,,,,,,,Dissertation,,Open,7,30,0,0,Formal record of student commitment to doctoral research under the guidance of a faculty advisor. May be repeated as necessary.,,
17075,CS,9999,002,IND,1 - 12,Shangtong Zhang,tba,***,08/25/2026 - 12/08/2026,,,,,,,,,,,,,Dissertation,,Open,1,30,0,0,Formal record of student commitment to doctoral research under the guidance of a faculty advisor. May be repeated as necessary.,,
16208,CS,9999,003,IND,1 - 12,Jack Davidson,tba,***,08/25/2026 - 12/08/2026,,,,,,,,,,,,,Dissertation,,Open,1,30,0,0,Formal record of student commitment to doctoral research under the guidance of a faculty advisor. May be repeated as necessary.,,
16317,CS,9999,004,IND,1 - 12,Aaron Bloomfield,tba,***,08/25/2026 - 12/08/2026,,,,,,,,,,,,,Dissertation,,Open,0,30,0,0,Formal record of student commitment to doctoral research under the guidance of a faculty advisor. May be repeated as necessary.,,
17082,CS,9999,005,IND,1 - 12,Yue Cheng,tba,***,08/25/2026 - 12/08/2026,,,,,,,,,,,,,Dissertation,,Open,0,30,0,0,Formal record of student commitment to doctoral research under the guidance of a faculty advisor. May be repeated as necessary.,,
16984,CS,9999,006,IND,1 - 12,Tom Fletcher,tba,***,08/25/2026 - 12/08/2026,,,,,,,,,,,,,Dissertation,,Open,0,30,0,0,Formal record of student commitment to doctoral research under the guidance of a faculty advisor. May be repeated as necessary.,,
16911,CS,9999,007,IND,1 - 12,Yixin Sun,tba,***,08/25/2026 - 12/08/2026,,,,,,,,,,,,,Dissertation,,Open,1,30,0,0,Formal record of student commitment to doctoral research under the guidance of a faculty advisor. May be repeated as necessary.,,
16209,CS,9999,008,IND,1 - 12,David Evans,tba,***,08/25/2026 - 12/08/2026,,,,,,,,,,,,,Dissertation,,Open,1,30,0,0,Formal record of student commitment to doctoral research under the guidance of a faculty advisor. May be repeated as necessary.,,
17062,CS,9999,009,IND,1 - 12,Tariq Iqbal,tba,***,08/25/2026 - 12/08/2026,,,,,,,,,,,,,Dissertation,,Open,2,30,0,0,Formal record of student commitment to doctoral research under the guidance of a faculty advisor. May be repeated as necessary.,,
16903,CS,9999,010,IND,1 - 12,Miaomiao Zhang,tba,***,08/25/2026 - 12/08/2026,,,,,,,,,,,,,Dissertation,,Open,0,30,0,0,Formal record of student commitment to doctoral research under the guidance of a faculty advisor. May be repeated as necessary.,,
17199,CS,9999,011,IND,1 - 12,Adwait Jog,tba,***,08/25/2026 - 12/08/2026,,,,,,,,,,,,,Dissertation,,Open,2,30,0,0,Formal record of student commitment to doctoral research under the guidance of a faculty advisor. May be repeated as necessary.,,
16420,CS,9999,012,IND,1 - 12,Yanjun Qi,tba,***,08/25/2026 - 12/08/2026,,,,,,,,,,,,,Dissertation,,Open,1,30,0,0,Formal record of student commitment to doctoral research under the guidance of a faculty advisor. May be repeated as necessary.,,
16899,CS,9999,013,IND,1 - 12,Jundong Li,tba,***,08/25/2026 - 12/08/2026,,,,,,,,,,,,,Dissertation,,Open,1,30,0,0,Formal record of student commitment to doctoral research under the guidance of a faculty advisor. May be repeated as necessary.,,
16508,CS,9999,014,IND,1 - 12,Samira Khan,tba,***,08/25/2026 - 12/08/2026,,,,,,,,,,,,,Dissertation,,Open,0,30,0,0,Formal record of student commitment to doctoral research under the guidance of a faculty advisor. May be repeated as necessary.,,
16602,CS,9999,015,IND,1 - 12,Brad Campbell,tba,***,08/25/2026 - 12/08/2026,,,,,,,,,,,,,Dissertation,,Open,3,30,0,0,Formal record of student commitment to doctoral research under the guidance of a faculty advisor. May be repeated as necessary.,,
17511,CS,9999,016,IND,1 - 12,Chen Chen,tba,***,08/25/2026 - 12/08/2026,,,,,,,,,,,,,Dissertation,,Open,1,30,0,0,Formal record of student commitment to doctoral research under the guidance of a faculty advisor. May be repeated as necessary.,,
16417,CS,9999,017,IND,1 - 12,Mohammad Mahmoody,tba,***,08/25/2026 - 12/08/2026,,,,,,,,,,,,,Dissertation,,Open,0,30,0,0,Formal record of student commitment to doctoral research under the guidance of a faculty advisor. May be repeated as necessary.,,
17239,CS,9999,018,IND,1 - 12,Geoffrey Fox,tba,***,08/25/2026 - 12/08/2026,,,,,,,,,,,,,Dissertation,,Open,5,30,0,0,Formal record of student commitment to doctoral research under the guidance of a faculty advisor. May be repeated as necessary.,,
16598,CS,9999,019,IND,1 - 12,Madhur Behl,tba,***,08/25/2026 - 12/08/2026,,,,,,,,,,,,,Dissertation,,Open,2,30,0,0,Formal record of student commitment to doctoral research under the guidance of a faculty advisor. May be repeated as necessary.,,
17788,CS,9999,020,IND,1 - 12,Qizhe Cai,tba,***,08/25/2026 - 12/08/2026,,,,,,,,,,,,,Dissertation,,Open,0,30,0,0,Formal record of student commitment to doctoral research under the guidance of a faculty advisor. May be repeated as necessary.,,
17512,CS,9999,021,IND,1 - 12,Matheus Xavier Ferreira,tba,***,08/25/2026 - 12/08/2026,,,,,,,,,,,,,Dissertation,,Open,0,30,0,0,Formal record of student commitment to doctoral research under the guidance of a faculty advisor. May be repeated as necessary.,,
16554,CS,9999,022,IND,1 - 12,Kai-wei Chang,tba,***,08/25/2026 - 12/08/2026,,,,,,,,,,,,,Dissertation,,Open,0,30,0,0,Formal record of student commitment to doctoral research under the guidance of a faculty advisor. May be repeated as necessary.,,
16211,CS,9999,023,IND,1 - 12,Kevin Sullivan,tba,***,08/25/2026 - 12/08/2026,,,,,,,,,,,,,Dissertation,,Open,1,30,0,0,Formal record of student commitment to doctoral research under the guidance of a faculty advisor. May be repeated as necessary.,,
17266,CS,9999,024,IND,1 - 12,Chang Lou,tba,***,08/25/2026 - 12/08/2026,,,,,,,,,,,,,Dissertation,,Open,1,30,0,0,Formal record of student commitment to doctoral research under the guidance of a faculty advisor. May be repeated as necessary.,,
17814,CS,9999,025,IND,1 - 12,Wajih Ul Hassan,tba,***,08/25/2026 - 12/08/2026,,,,,,,,,,,,,Dissertation,,Open,1,30,0,0,Formal record of student commitment to doctoral research under the guidance of a faculty advisor. May be repeated as necessary.,,
16555,CS,9999,026,IND,1 - 12,Haiying Shen,tba,***,08/25/2026 - 12/08/2026,,,,,,,,,,,,,Dissertation,,Open,3,30,0,0,Formal record of student commitment to doctoral research under the guidance of a faculty advisor. May be repeated as necessary.,,
16319,CS,9999,027,IND,1 - 12,Mark Sherriff,tba,***,08/25/2026 - 12/08/2026,,,,,,,,,,,,,Dissertation,,Open,0,30,0,0,Formal record of student commitment to doctoral research under the guidance of a faculty advisor. May be repeated as necessary.,,
17267,CS,9999,028,IND,1 - 12,Ferdinando Fioretto,tba,***,08/25/2026 - 12/08/2026,,,,,,,,,,,,,Dissertation,,Open,1,30,0,0,Formal record of student commitment to doctoral research under the guidance of a faculty advisor. May be repeated as necessary.,,
16556,CS,9999,029,IND,1 - 12,Charles Reiss,tba,***,08/25/2026 - 12/08/2026,,,,,,,,,,,,,Dissertation,,Open,0,30,0,0,Formal record of student commitment to doctoral research under the guidance of a faculty advisor. May be repeated as necessary.,,
17268,CS,9999,030,IND,1 - 12,Wei-Kai Lin,tba,***,08/25/2026 - 12/08/2026,,,,,,,,,,,,,Dissertation,,Open,0,30,0,0,Formal record of student commitment to doctoral research under the guidance of a faculty advisor. May be repeated as necessary.,,
16581,CS,9999,031,IND,1 - 12,Lu Feng,tba,***,08/25/2026 - 12/08/2026,,,,,,,,,,,,,Dissertation,,Open,1,30,0,0,Formal record of student commitment to doctoral research under the guidance of a faculty advisor. May be repeated as necessary.,,
17269,CS,9999,032,IND,1 - 12,Hyojoon Kim,tba,***,08/25/2026 - 12/08/2026,,,,,,,,,,,,,Dissertation,,Open,1,30,0,0,Formal record of student commitment to doctoral research under the guidance of a faculty advisor. May be repeated as necessary.,,
16614,CS,9999,033,IND,1 - 12,Farzad Hassanzadeh,tba,***,08/25/2026 - 12/08/2026,,,,,,,,,,,,,Dissertation,,Open,0,30,0,0,Formal record of student commitment to doctoral research under the guidance of a faculty advisor. May be repeated as necessary.,,
17270,CS,9999,034,IND,1 - 12,Chen-Yu Wei,tba,***,08/25/2026 - 12/08/2026,,,,,,,,,,,,,Dissertation,,Open,1,30,0,0,Formal record of student commitment to doctoral research under the guidance of a faculty advisor. May be repeated as necessary.,,
16689,CS,9999,035,IND,1 - 12,Matthew Dwyer,tba,***,08/25/2026 - 12/08/2026,,,,,,,,,,,,,Dissertation,,Open,0,30,0,0,Formal record of student commitment to doctoral research under the guidance of a faculty advisor. May be repeated as necessary.,,
16690,CS,9999,036,IND,1 - 12,Sebastian Elbaum,tba,***,08/25/2026 - 12/08/2026,,,,,,,,,,,,,Dissertation,,Open,0,30,0,0,Formal record of student commitment to doctoral research under the guidance of a faculty advisor. May be repeated as necessary.,,
16691,CS,9999,037,IND,1 - 12,Yangfeng Ji,tba,***,08/25/2026 - 12/08/2026,,,,,,,,,,,,,Dissertation,,Open,1,30,0,0,Formal record of student commitment to doctoral research under the guidance of a faculty advisor. May be repeated as necessary.,,
17513,CS,9999,038,IND,1 - 12,Henry Kautz,tba,***,08/25/2026 - 12/08/2026,,,,,,,,,,,,,Dissertation,,Open,0,30,0,0,Formal record of student commitment to doctoral research under the guidance of a faculty advisor. May be repeated as necessary.,,
16703,CS,9999,039,IND,1 - 12,Ashish Venkat,tba,***,08/25/2026 - 12/08/2026,,,,,,,,,,,,,Dissertation,,Open,1,30,0,0,Formal record of student commitment to doctoral research under the guidance of a faculty advisor. May be repeated as necessary.,,
16735,CS,9999,040,IND,1 - 12,Aidong Zhang,tba,***,08/25/2026 - 12/08/2026,,,,,,,,,,,,,Dissertation,,Open,4,30,0,0,Formal record of student commitment to doctoral research under the guidance of a faculty advisor. May be repeated as necessary.,,
16748,CS,9999,041,IND,1 - 12,Anil Vullikanti,tba,***,08/25/2026 - 12/08/2026,,,,,,,,,,,,,Dissertation,,Open,4,30,0,0,Formal record of student commitment to doctoral research under the guidance of a faculty advisor. May be repeated as necessary.,,
16749,CS,9999,042,IND,1 - 12,Madhav Marathe,tba,***,08/25/2026 - 12/08/2026,,,,,,,,,,,,,Dissertation,,Open,4,30,0,0,Formal record of student commitment to doctoral research under the guidance of a faculty advisor. May be repeated as necessary.,,
17514,CS,9999,043,IND,1 - 12,Jing Yang,tba,***,08/25/2026 - 12/08/2026,,,,,,,,,,,,,Dissertation,,Open,2,30,0,0,Formal record of student commitment to doctoral research under the guidance of a faculty advisor. May be repeated as necessary.,,
17054,CS,9999,044,IND,1 - 12,Sandhya Dwarkadas,tba,***,08/25/2026 - 12/08/2026,,,,,,,,,,,,,Dissertation,,Open,1,30,0,0,Formal record of student commitment to doctoral research under the guidance of a faculty advisor. May be repeated as necessary.,,
17271,CS,9999,045,IND,1 - 12,Yen-Ling Kuo,tba,***,08/25/2026 - 12/08/2026,,,,,,,,,,,,,Dissertation,,Open,2,30,0,0,Formal record of student commitment to doctoral research under the guidance of a faculty advisor. May be repeated as necessary.,,
17429,CS,9999,046,IND,1 - 12,Afsaneh Doryab,tba,***,08/25/2026 - 12/08/2026,,,,,,,,,,,,,Dissertation,,Open,2,30,0,0,Formal record of student commitment to doctoral research under the guidance of a faculty advisor. May be repeated as necessary.,,
17485,CS,9999,047,IND,1 - 12,Yu Meng,tba,***,08/25/2026 - 12/08/2026,,,,,,,,,,,,,Dissertation,,Open,1,30,0,0,Formal record of student commitment to doctoral research under the guidance of a faculty advisor. May be repeated as necessary.,,
17489,CS,9999,048,IND,1 - 12,Judy Fox,tba,***,08/25/2026 - 12/08/2026,,,,,,,,,,,,,Dissertation,,Open,1,30,0,0,Formal record of student commitment to doctoral research under the guidance of a faculty advisor. May be repeated as necessary.,,
17491,CS,9999,049,IND,1 - 12,Zezhou Cheng,tba,***,08/25/2026 - 12/08/2026,,,,,,,,,,,,,Dissertation,,Open,0,30,0,0,Formal record of student commitment to doctoral research under the guidance of a faculty advisor. May be repeated as necessary.,,
17509,CS,9999,050,IND,1 - 12,Wenxi Wang,tba,***,08/25/2026 - 12/08/2026,,,,,,,,,,,,,Dissertation,,Open,0,30,0,0,Formal record of student commitment to doctoral research under the guidance of a faculty advisor. May be repeated as necessary.,,
17510,CS,9999,051,IND,1 - 12,Rohan Chandra,tba,***,08/25/2026 - 12/08/2026,,,,,,,,,,,,,Dissertation,,Open,0,30,0,0,Formal record of student commitment to doctoral research under the guidance of a faculty advisor. May be repeated as necessary.,,
17702,CS,9999,052,IND,1 - 12,Hadi Daneshmand,tba,***,08/25/2026 - 12/08/2026,,,,,,,,,,,,,Dissertation,,Open,3,30,0,0,Formal record of student commitment to doctoral research under the guidance of a faculty advisor. May be repeated as necessary.,,
17765,CS,9999,053,IND,1 - 12,Felix Lin,tba,***,08/25/2026 - 12/08/2026,,,,,,,,,,,,,Dissertation,,Open,2,30,0,0,Formal record of student commitment to doctoral research under the guidance of a faculty advisor. May be repeated as necessary.,,
20977,CS,9999,054,IND,1 - 12,Subigya Nepal,tba,***,08/25/2026 - 12/08/2026,,,,,,,,,,,,,Dissertation,,Open,0,30,0,0,Formal record of student commitment to doctoral research under the guidance of a faculty advisor. May be repeated as necessary.,,
21512,CS,9999,055,IND,1 - 12,Xi Peng,tba,***,08/25/2026 - 12/08/2026,,,,,,,,,,,,,Dissertation,,Open,1,30,0,0,Formal record of student commitment to doctoral research under the guidance of a faculty advisor. May be repeated as necessary.,,
